solid OpenSCAD_Model
  facet normal -0.996917 -0.0784645 0
    outer loop
      vertex -71.9 0 0
      vertex -71.9197 0.250295 3
      vertex -71.9197 0.250295 0
    endloop
  endfacet
  facet normal -0.996917 -0.0784645 0
    outer loop
      vertex -71.9197 0.250295 3
      vertex -71.9 0 0
      vertex -71.9 0 3
    endloop
  endfacet
  facet normal 0.996917 -0.0784645 0
    outer loop
      vertex -75.1 0 3
      vertex -75.0803 0.250295 0
      vertex -75.0803 0.250295 3
    endloop
  endfacet
  facet normal 0.996917 -0.0784645 0
    outer loop
      vertex -75.0803 0.250295 0
      vertex -75.1 0 3
      vertex -75.1 0 0
    endloop
  endfacet
  facet normal 0.0784629 -0.996917 0
    outer loop
      vertex -73.7503 1.5803 0
      vertex -73.5 1.6 3
      vertex -73.7503 1.5803 3
    endloop
  endfacet
  facet normal 0.0784629 -0.996917 0
    outer loop
      vertex -73.5 1.6 3
      vertex -73.7503 1.5803 0
      vertex -73.5 1.6 0
    endloop
  endfacet
  facet normal -0.0784629 0.996917 0
    outer loop
      vertex -73.2497 -1.5803 0
      vertex -73.5 -1.6 3
      vertex -73.2497 -1.5803 3
    endloop
  endfacet
  facet normal -0.0784629 0.996917 0
    outer loop
      vertex -73.5 -1.6 3
      vertex -73.2497 -1.5803 0
      vertex -73.5 -1.6 0
    endloop
  endfacet
  facet normal -0.649485 -0.760374 0
    outer loop
      vertex -72.5595 1.29443 0
      vertex -72.3686 1.13137 3
      vertex -72.5595 1.29443 3
    endloop
  endfacet
  facet normal -0.649485 -0.760374 -0
    outer loop
      vertex -72.3686 1.13137 3
      vertex -72.5595 1.29443 0
      vertex -72.3686 1.13137 0
    endloop
  endfacet
  facet normal 0.760516 -0.649319 0
    outer loop
      vertex -74.7944 0.940456 3
      vertex -74.6314 1.13137 0
      vertex -74.6314 1.13137 3
    endloop
  endfacet
  facet normal 0.760516 -0.649319 0
    outer loop
      vertex -74.6314 1.13137 0
      vertex -74.7944 0.940456 3
      vertex -74.7944 0.940456 0
    endloop
  endfacet
  facet normal 0.522439 -0.852677 0
    outer loop
      vertex -74.4405 1.29443 0
      vertex -74.2264 1.42561 3
      vertex -74.4405 1.29443 3
    endloop
  endfacet
  facet normal 0.522439 -0.852677 0
    outer loop
      vertex -74.2264 1.42561 3
      vertex -74.4405 1.29443 0
      vertex -74.2264 1.42561 0
    endloop
  endfacet
  facet normal -0.852611 -0.522546 0
    outer loop
      vertex -72.0744 0.726384 0
      vertex -72.2056 0.940456 3
      vertex -72.2056 0.940456 0
    endloop
  endfacet
  facet normal -0.852611 -0.522546 0
    outer loop
      vertex -72.2056 0.940456 3
      vertex -72.0744 0.726384 0
      vertex -72.0744 0.726384 3
    endloop
  endfacet
  facet normal -0.97238 -0.233404 0
    outer loop
      vertex -71.9197 0.250295 0
      vertex -71.9783 0.494427 3
      vertex -71.9783 0.494427 0
    endloop
  endfacet
  facet normal -0.97238 -0.233404 0
    outer loop
      vertex -71.9783 0.494427 3
      vertex -71.9197 0.250295 0
      vertex -71.9197 0.250295 3
    endloop
  endfacet
  facet normal -0.760516 -0.649319 0
    outer loop
      vertex -72.2056 0.940456 0
      vertex -72.3686 1.13137 3
      vertex -72.3686 1.13137 0
    endloop
  endfacet
  facet normal -0.760516 -0.649319 0
    outer loop
      vertex -72.3686 1.13137 3
      vertex -72.2056 0.940456 0
      vertex -72.2056 0.940456 3
    endloop
  endfacet
  facet normal -0.382624 -0.923904 0
    outer loop
      vertex -73.0056 1.52169 0
      vertex -72.7736 1.42561 3
      vertex -73.0056 1.52169 3
    endloop
  endfacet
  facet normal -0.382624 -0.923904 -0
    outer loop
      vertex -72.7736 1.42561 3
      vertex -73.0056 1.52169 0
      vertex -72.7736 1.42561 0
    endloop
  endfacet
  facet normal -0.233471 -0.972364 0
    outer loop
      vertex -73.2497 1.5803 0
      vertex -73.0056 1.52169 3
      vertex -73.2497 1.5803 3
    endloop
  endfacet
  facet normal -0.233471 -0.972364 -0
    outer loop
      vertex -73.0056 1.52169 3
      vertex -73.2497 1.5803 0
      vertex -73.0056 1.52169 0
    endloop
  endfacet
  facet normal -0.522439 -0.852677 0
    outer loop
      vertex -72.7736 1.42561 0
      vertex -72.5595 1.29443 3
      vertex -72.7736 1.42561 3
    endloop
  endfacet
  facet normal -0.522439 -0.852677 -0
    outer loop
      vertex -72.5595 1.29443 3
      vertex -72.7736 1.42561 0
      vertex -72.5595 1.29443 0
    endloop
  endfacet
  facet normal 0.923851 -0.382752 0
    outer loop
      vertex -75.0217 0.494427 3
      vertex -74.9256 0.726384 0
      vertex -74.9256 0.726384 3
    endloop
  endfacet
  facet normal 0.923851 -0.382752 0
    outer loop
      vertex -74.9256 0.726384 0
      vertex -75.0217 0.494427 3
      vertex -75.0217 0.494427 0
    endloop
  endfacet
  facet normal 0.852611 -0.522546 0
    outer loop
      vertex -74.9256 0.726384 3
      vertex -74.7944 0.940456 0
      vertex -74.7944 0.940456 3
    endloop
  endfacet
  facet normal 0.852611 -0.522546 0
    outer loop
      vertex -74.7944 0.940456 0
      vertex -74.9256 0.726384 3
      vertex -74.9256 0.726384 0
    endloop
  endfacet
  facet normal 0.97238 -0.233404 0
    outer loop
      vertex -75.0803 0.250295 3
      vertex -75.0217 0.494427 0
      vertex -75.0217 0.494427 3
    endloop
  endfacet
  facet normal 0.97238 -0.233404 0
    outer loop
      vertex -75.0217 0.494427 0
      vertex -75.0803 0.250295 3
      vertex -75.0803 0.250295 0
    endloop
  endfacet
  facet normal 0.649485 -0.760374 0
    outer loop
      vertex -74.6314 1.13137 0
      vertex -74.4405 1.29443 3
      vertex -74.6314 1.13137 3
    endloop
  endfacet
  facet normal 0.649485 -0.760374 0
    outer loop
      vertex -74.4405 1.29443 3
      vertex -74.6314 1.13137 0
      vertex -74.4405 1.29443 0
    endloop
  endfacet
  facet normal 0.233471 -0.972364 0
    outer loop
      vertex -73.9944 1.52169 0
      vertex -73.7503 1.5803 3
      vertex -73.9944 1.52169 3
    endloop
  endfacet
  facet normal 0.233471 -0.972364 0
    outer loop
      vertex -73.7503 1.5803 3
      vertex -73.9944 1.52169 0
      vertex -73.7503 1.5803 0
    endloop
  endfacet
  facet normal 0.923851 0.382752 0
    outer loop
      vertex -74.9256 -0.726384 3
      vertex -75.0217 -0.494427 0
      vertex -75.0217 -0.494427 3
    endloop
  endfacet
  facet normal 0.923851 0.382752 0
    outer loop
      vertex -75.0217 -0.494427 0
      vertex -74.9256 -0.726384 3
      vertex -74.9256 -0.726384 0
    endloop
  endfacet
  facet normal -0.233471 0.972364 0
    outer loop
      vertex -73.0056 -1.52169 0
      vertex -73.2497 -1.5803 3
      vertex -73.0056 -1.52169 3
    endloop
  endfacet
  facet normal -0.233471 0.972364 0
    outer loop
      vertex -73.2497 -1.5803 3
      vertex -73.0056 -1.52169 0
      vertex -73.2497 -1.5803 0
    endloop
  endfacet
  facet normal -0.97238 0.233404 0
    outer loop
      vertex -71.9783 -0.494427 0
      vertex -71.9197 -0.250295 3
      vertex -71.9197 -0.250295 0
    endloop
  endfacet
  facet normal -0.97238 0.233404 0
    outer loop
      vertex -71.9197 -0.250295 3
      vertex -71.9783 -0.494427 0
      vertex -71.9783 -0.494427 3
    endloop
  endfacet
  facet normal -0.923851 -0.382752 0
    outer loop
      vertex -71.9783 0.494427 0
      vertex -72.0744 0.726384 3
      vertex -72.0744 0.726384 0
    endloop
  endfacet
  facet normal -0.923851 -0.382752 0
    outer loop
      vertex -72.0744 0.726384 3
      vertex -71.9783 0.494427 0
      vertex -71.9783 0.494427 3
    endloop
  endfacet
  facet normal -0.0784629 -0.996917 0
    outer loop
      vertex -73.5 1.6 0
      vertex -73.2497 1.5803 3
      vertex -73.5 1.6 3
    endloop
  endfacet
  facet normal -0.0784629 -0.996917 -0
    outer loop
      vertex -73.2497 1.5803 3
      vertex -73.5 1.6 0
      vertex -73.2497 1.5803 0
    endloop
  endfacet
  facet normal 0.382624 -0.923904 0
    outer loop
      vertex -74.2264 1.42561 0
      vertex -73.9944 1.52169 3
      vertex -74.2264 1.42561 3
    endloop
  endfacet
  facet normal 0.382624 -0.923904 0
    outer loop
      vertex -73.9944 1.52169 3
      vertex -74.2264 1.42561 0
      vertex -73.9944 1.52169 0
    endloop
  endfacet
  facet normal -0.996917 0.0784645 0
    outer loop
      vertex -71.9197 -0.250295 0
      vertex -71.9 0 3
      vertex -71.9 0 0
    endloop
  endfacet
  facet normal -0.996917 0.0784645 0
    outer loop
      vertex -71.9 0 3
      vertex -71.9197 -0.250295 0
      vertex -71.9197 -0.250295 3
    endloop
  endfacet
  facet normal 0.996917 0.0784645 0
    outer loop
      vertex -75.0803 -0.250295 3
      vertex -75.1 0 0
      vertex -75.1 0 3
    endloop
  endfacet
  facet normal 0.996917 0.0784645 0
    outer loop
      vertex -75.1 0 0
      vertex -75.0803 -0.250295 3
      vertex -75.0803 -0.250295 0
    endloop
  endfacet
  facet normal -0.649485 0.760374 0
    outer loop
      vertex -72.3686 -1.13137 0
      vertex -72.5595 -1.29443 3
      vertex -72.3686 -1.13137 3
    endloop
  endfacet
  facet normal -0.649485 0.760374 0
    outer loop
      vertex -72.5595 -1.29443 3
      vertex -72.3686 -1.13137 0
      vertex -72.5595 -1.29443 0
    endloop
  endfacet
  facet normal -0.923851 0.382752 0
    outer loop
      vertex -72.0744 -0.726384 0
      vertex -71.9783 -0.494427 3
      vertex -71.9783 -0.494427 0
    endloop
  endfacet
  facet normal -0.923851 0.382752 0
    outer loop
      vertex -71.9783 -0.494427 3
      vertex -72.0744 -0.726384 0
      vertex -72.0744 -0.726384 3
    endloop
  endfacet
  facet normal -0.852611 0.522546 0
    outer loop
      vertex -72.2056 -0.940456 0
      vertex -72.0744 -0.726384 3
      vertex -72.0744 -0.726384 0
    endloop
  endfacet
  facet normal -0.852611 0.522546 0
    outer loop
      vertex -72.0744 -0.726384 3
      vertex -72.2056 -0.940456 0
      vertex -72.2056 -0.940456 3
    endloop
  endfacet
  facet normal 0.233471 0.972364 -0
    outer loop
      vertex -73.7503 -1.5803 0
      vertex -73.9944 -1.52169 3
      vertex -73.7503 -1.5803 3
    endloop
  endfacet
  facet normal 0.233471 0.972364 0
    outer loop
      vertex -73.9944 -1.52169 3
      vertex -73.7503 -1.5803 0
      vertex -73.9944 -1.52169 0
    endloop
  endfacet
  facet normal -0.522439 0.852677 0
    outer loop
      vertex -72.5595 -1.29443 0
      vertex -72.7736 -1.42561 3
      vertex -72.5595 -1.29443 3
    endloop
  endfacet
  facet normal -0.522439 0.852677 0
    outer loop
      vertex -72.7736 -1.42561 3
      vertex -72.5595 -1.29443 0
      vertex -72.7736 -1.42561 0
    endloop
  endfacet
  facet normal -0.382624 0.923904 0
    outer loop
      vertex -72.7736 -1.42561 0
      vertex -73.0056 -1.52169 3
      vertex -72.7736 -1.42561 3
    endloop
  endfacet
  facet normal -0.382624 0.923904 0
    outer loop
      vertex -73.0056 -1.52169 3
      vertex -72.7736 -1.42561 0
      vertex -73.0056 -1.52169 0
    endloop
  endfacet
  facet normal -0.760516 0.649319 0
    outer loop
      vertex -72.3686 -1.13137 0
      vertex -72.2056 -0.940456 3
      vertex -72.2056 -0.940456 0
    endloop
  endfacet
  facet normal -0.760516 0.649319 0
    outer loop
      vertex -72.2056 -0.940456 3
      vertex -72.3686 -1.13137 0
      vertex -72.3686 -1.13137 3
    endloop
  endfacet
  facet normal 0.0784629 0.996917 -0
    outer loop
      vertex -73.5 -1.6 0
      vertex -73.7503 -1.5803 3
      vertex -73.5 -1.6 3
    endloop
  endfacet
  facet normal 0.0784629 0.996917 0
    outer loop
      vertex -73.7503 -1.5803 3
      vertex -73.5 -1.6 0
      vertex -73.7503 -1.5803 0
    endloop
  endfacet
  facet normal 0.522439 0.852677 -0
    outer loop
      vertex -74.2264 -1.42561 0
      vertex -74.4405 -1.29443 3
      vertex -74.2264 -1.42561 3
    endloop
  endfacet
  facet normal 0.522439 0.852677 0
    outer loop
      vertex -74.4405 -1.29443 3
      vertex -74.2264 -1.42561 0
      vertex -74.4405 -1.29443 0
    endloop
  endfacet
  facet normal 0.760516 0.649319 0
    outer loop
      vertex -74.6314 -1.13137 3
      vertex -74.7944 -0.940456 0
      vertex -74.7944 -0.940456 3
    endloop
  endfacet
  facet normal 0.760516 0.649319 0
    outer loop
      vertex -74.7944 -0.940456 0
      vertex -74.6314 -1.13137 3
      vertex -74.6314 -1.13137 0
    endloop
  endfacet
  facet normal 0.649485 0.760374 -0
    outer loop
      vertex -74.4405 -1.29443 0
      vertex -74.6314 -1.13137 3
      vertex -74.4405 -1.29443 3
    endloop
  endfacet
  facet normal 0.649485 0.760374 0
    outer loop
      vertex -74.6314 -1.13137 3
      vertex -74.4405 -1.29443 0
      vertex -74.6314 -1.13137 0
    endloop
  endfacet
  facet normal 0.97238 0.233404 0
    outer loop
      vertex -75.0217 -0.494427 3
      vertex -75.0803 -0.250295 0
      vertex -75.0803 -0.250295 3
    endloop
  endfacet
  facet normal 0.97238 0.233404 0
    outer loop
      vertex -75.0803 -0.250295 0
      vertex -75.0217 -0.494427 3
      vertex -75.0217 -0.494427 0
    endloop
  endfacet
  facet normal 0.382624 0.923904 -0
    outer loop
      vertex -73.9944 -1.52169 0
      vertex -74.2264 -1.42561 3
      vertex -73.9944 -1.52169 3
    endloop
  endfacet
  facet normal 0.382624 0.923904 0
    outer loop
      vertex -74.2264 -1.42561 3
      vertex -73.9944 -1.52169 0
      vertex -74.2264 -1.42561 0
    endloop
  endfacet
  facet normal 0.852611 0.522546 0
    outer loop
      vertex -74.7944 -0.940456 3
      vertex -74.9256 -0.726384 0
      vertex -74.9256 -0.726384 3
    endloop
  endfacet
  facet normal 0.852611 0.522546 0
    outer loop
      vertex -74.9256 -0.726384 0
      vertex -74.7944 -0.940456 3
      vertex -74.7944 -0.940456 0
    endloop
  endfacet
  facet normal 0.97238 -0.233404 0
    outer loop
      vertex 71.9197 0.250295 3
      vertex 71.9783 0.494427 0
      vertex 71.9783 0.494427 3
    endloop
  endfacet
  facet normal 0.97238 -0.233404 0
    outer loop
      vertex 71.9783 0.494427 0
      vertex 71.9197 0.250295 3
      vertex 71.9197 0.250295 0
    endloop
  endfacet
  facet normal -0.996917 0.0784645 0
    outer loop
      vertex 75.0803 -0.250295 0
      vertex 75.1 0 3
      vertex 75.1 0 0
    endloop
  endfacet
  facet normal -0.996917 0.0784645 0
    outer loop
      vertex 75.1 0 3
      vertex 75.0803 -0.250295 0
      vertex 75.0803 -0.250295 3
    endloop
  endfacet
  facet normal -0.760516 -0.649319 0
    outer loop
      vertex 74.7944 0.940456 0
      vertex 74.6314 1.13137 3
      vertex 74.6314 1.13137 0
    endloop
  endfacet
  facet normal -0.760516 -0.649319 0
    outer loop
      vertex 74.6314 1.13137 3
      vertex 74.7944 0.940456 0
      vertex 74.7944 0.940456 3
    endloop
  endfacet
  facet normal -0.233471 -0.972364 0
    outer loop
      vertex 73.7503 1.5803 0
      vertex 73.9944 1.52169 3
      vertex 73.7503 1.5803 3
    endloop
  endfacet
  facet normal -0.233471 -0.972364 -0
    outer loop
      vertex 73.9944 1.52169 3
      vertex 73.7503 1.5803 0
      vertex 73.9944 1.52169 0
    endloop
  endfacet
  facet normal -0.382624 -0.923904 0
    outer loop
      vertex 73.9944 1.52169 0
      vertex 74.2264 1.42561 3
      vertex 73.9944 1.52169 3
    endloop
  endfacet
  facet normal -0.382624 -0.923904 -0
    outer loop
      vertex 74.2264 1.42561 3
      vertex 73.9944 1.52169 0
      vertex 74.2264 1.42561 0
    endloop
  endfacet
  facet normal 0.522439 -0.852677 0
    outer loop
      vertex 72.5595 1.29443 0
      vertex 72.7736 1.42561 3
      vertex 72.5595 1.29443 3
    endloop
  endfacet
  facet normal 0.522439 -0.852677 0
    outer loop
      vertex 72.7736 1.42561 3
      vertex 72.5595 1.29443 0
      vertex 72.7736 1.42561 0
    endloop
  endfacet
  facet normal 0.923851 -0.382752 0
    outer loop
      vertex 71.9783 0.494427 3
      vertex 72.0744 0.726384 0
      vertex 72.0744 0.726384 3
    endloop
  endfacet
  facet normal 0.923851 -0.382752 0
    outer loop
      vertex 72.0744 0.726384 0
      vertex 71.9783 0.494427 3
      vertex 71.9783 0.494427 0
    endloop
  endfacet
  facet normal -0.649485 -0.760374 0
    outer loop
      vertex 74.4405 1.29443 0
      vertex 74.6314 1.13137 3
      vertex 74.4405 1.29443 3
    endloop
  endfacet
  facet normal -0.649485 -0.760374 -0
    outer loop
      vertex 74.6314 1.13137 3
      vertex 74.4405 1.29443 0
      vertex 74.6314 1.13137 0
    endloop
  endfacet
  facet normal -0.0784629 -0.996917 0
    outer loop
      vertex 73.5 1.6 0
      vertex 73.7503 1.5803 3
      vertex 73.5 1.6 3
    endloop
  endfacet
  facet normal -0.0784629 -0.996917 -0
    outer loop
      vertex 73.7503 1.5803 3
      vertex 73.5 1.6 0
      vertex 73.7503 1.5803 0
    endloop
  endfacet
  facet normal -0.522439 -0.852677 0
    outer loop
      vertex 74.2264 1.42561 0
      vertex 74.4405 1.29443 3
      vertex 74.2264 1.42561 3
    endloop
  endfacet
  facet normal -0.522439 -0.852677 -0
    outer loop
      vertex 74.4405 1.29443 3
      vertex 74.2264 1.42561 0
      vertex 74.4405 1.29443 0
    endloop
  endfacet
  facet normal 0.996917 -0.0784645 0
    outer loop
      vertex 71.9 0 3
      vertex 71.9197 0.250295 0
      vertex 71.9197 0.250295 3
    endloop
  endfacet
  facet normal 0.996917 -0.0784645 0
    outer loop
      vertex 71.9197 0.250295 0
      vertex 71.9 0 3
      vertex 71.9 0 0
    endloop
  endfacet
  facet normal 0.852611 -0.522546 0
    outer loop
      vertex 72.0744 0.726384 3
      vertex 72.2056 0.940456 0
      vertex 72.2056 0.940456 3
    endloop
  endfacet
  facet normal 0.852611 -0.522546 0
    outer loop
      vertex 72.2056 0.940456 0
      vertex 72.0744 0.726384 3
      vertex 72.0744 0.726384 0
    endloop
  endfacet
  facet normal 0.649485 -0.760374 0
    outer loop
      vertex 72.3686 1.13137 0
      vertex 72.5595 1.29443 3
      vertex 72.3686 1.13137 3
    endloop
  endfacet
  facet normal 0.649485 -0.760374 0
    outer loop
      vertex 72.5595 1.29443 3
      vertex 72.3686 1.13137 0
      vertex 72.5595 1.29443 0
    endloop
  endfacet
  facet normal 0.233471 -0.972364 0
    outer loop
      vertex 73.0056 1.52169 0
      vertex 73.2497 1.5803 3
      vertex 73.0056 1.52169 3
    endloop
  endfacet
  facet normal 0.233471 -0.972364 0
    outer loop
      vertex 73.2497 1.5803 3
      vertex 73.0056 1.52169 0
      vertex 73.2497 1.5803 0
    endloop
  endfacet
  facet normal 0.760516 -0.649319 0
    outer loop
      vertex 72.2056 0.940456 3
      vertex 72.3686 1.13137 0
      vertex 72.3686 1.13137 3
    endloop
  endfacet
  facet normal 0.760516 -0.649319 0
    outer loop
      vertex 72.3686 1.13137 0
      vertex 72.2056 0.940456 3
      vertex 72.2056 0.940456 0
    endloop
  endfacet
  facet normal -0.923851 0.382752 0
    outer loop
      vertex 74.9256 -0.726384 0
      vertex 75.0217 -0.494427 3
      vertex 75.0217 -0.494427 0
    endloop
  endfacet
  facet normal -0.923851 0.382752 0
    outer loop
      vertex 75.0217 -0.494427 3
      vertex 74.9256 -0.726384 0
      vertex 74.9256 -0.726384 3
    endloop
  endfacet
  facet normal -0.649485 0.760374 0
    outer loop
      vertex 74.6314 -1.13137 0
      vertex 74.4405 -1.29443 3
      vertex 74.6314 -1.13137 3
    endloop
  endfacet
  facet normal -0.649485 0.760374 0
    outer loop
      vertex 74.4405 -1.29443 3
      vertex 74.6314 -1.13137 0
      vertex 74.4405 -1.29443 0
    endloop
  endfacet
  facet normal 0.0784629 -0.996917 0
    outer loop
      vertex 73.2497 1.5803 0
      vertex 73.5 1.6 3
      vertex 73.2497 1.5803 3
    endloop
  endfacet
  facet normal 0.0784629 -0.996917 0
    outer loop
      vertex 73.5 1.6 3
      vertex 73.2497 1.5803 0
      vertex 73.5 1.6 0
    endloop
  endfacet
  facet normal 0.382624 -0.923904 0
    outer loop
      vertex 72.7736 1.42561 0
      vertex 73.0056 1.52169 3
      vertex 72.7736 1.42561 3
    endloop
  endfacet
  facet normal 0.382624 -0.923904 0
    outer loop
      vertex 73.0056 1.52169 3
      vertex 72.7736 1.42561 0
      vertex 73.0056 1.52169 0
    endloop
  endfacet
  facet normal -0.996917 -0.0784645 0
    outer loop
      vertex 75.1 0 0
      vertex 75.0803 0.250295 3
      vertex 75.0803 0.250295 0
    endloop
  endfacet
  facet normal -0.996917 -0.0784645 0
    outer loop
      vertex 75.0803 0.250295 3
      vertex 75.1 0 0
      vertex 75.1 0 3
    endloop
  endfacet
  facet normal -0.97238 0.233404 0
    outer loop
      vertex 75.0217 -0.494427 0
      vertex 75.0803 -0.250295 3
      vertex 75.0803 -0.250295 0
    endloop
  endfacet
  facet normal -0.97238 0.233404 0
    outer loop
      vertex 75.0803 -0.250295 3
      vertex 75.0217 -0.494427 0
      vertex 75.0217 -0.494427 3
    endloop
  endfacet
  facet normal 0.996917 0.0784645 0
    outer loop
      vertex 71.9197 -0.250295 3
      vertex 71.9 0 0
      vertex 71.9 0 3
    endloop
  endfacet
  facet normal 0.996917 0.0784645 0
    outer loop
      vertex 71.9 0 0
      vertex 71.9197 -0.250295 3
      vertex 71.9197 -0.250295 0
    endloop
  endfacet
  facet normal 0.97238 0.233404 0
    outer loop
      vertex 71.9783 -0.494427 3
      vertex 71.9197 -0.250295 0
      vertex 71.9197 -0.250295 3
    endloop
  endfacet
  facet normal 0.97238 0.233404 0
    outer loop
      vertex 71.9197 -0.250295 0
      vertex 71.9783 -0.494427 3
      vertex 71.9783 -0.494427 0
    endloop
  endfacet
  facet normal -0.852611 0.522546 0
    outer loop
      vertex 74.7944 -0.940456 0
      vertex 74.9256 -0.726384 3
      vertex 74.9256 -0.726384 0
    endloop
  endfacet
  facet normal -0.852611 0.522546 0
    outer loop
      vertex 74.9256 -0.726384 3
      vertex 74.7944 -0.940456 0
      vertex 74.7944 -0.940456 3
    endloop
  endfacet
  facet normal -0.233471 0.972364 0
    outer loop
      vertex 73.9944 -1.52169 0
      vertex 73.7503 -1.5803 3
      vertex 73.9944 -1.52169 3
    endloop
  endfacet
  facet normal -0.233471 0.972364 0
    outer loop
      vertex 73.7503 -1.5803 3
      vertex 73.9944 -1.52169 0
      vertex 73.7503 -1.5803 0
    endloop
  endfacet
  facet normal -0.852611 -0.522546 0
    outer loop
      vertex 74.9256 0.726384 0
      vertex 74.7944 0.940456 3
      vertex 74.7944 0.940456 0
    endloop
  endfacet
  facet normal -0.852611 -0.522546 0
    outer loop
      vertex 74.7944 0.940456 3
      vertex 74.9256 0.726384 0
      vertex 74.9256 0.726384 3
    endloop
  endfacet
  facet normal -0.923851 -0.382752 0
    outer loop
      vertex 75.0217 0.494427 0
      vertex 74.9256 0.726384 3
      vertex 74.9256 0.726384 0
    endloop
  endfacet
  facet normal -0.923851 -0.382752 0
    outer loop
      vertex 74.9256 0.726384 3
      vertex 75.0217 0.494427 0
      vertex 75.0217 0.494427 3
    endloop
  endfacet
  facet normal -0.97238 -0.233404 0
    outer loop
      vertex 75.0803 0.250295 0
      vertex 75.0217 0.494427 3
      vertex 75.0217 0.494427 0
    endloop
  endfacet
  facet normal -0.97238 -0.233404 0
    outer loop
      vertex 75.0217 0.494427 3
      vertex 75.0803 0.250295 0
      vertex 75.0803 0.250295 3
    endloop
  endfacet
  facet normal 0.233471 0.972364 -0
    outer loop
      vertex 73.2497 -1.5803 0
      vertex 73.0056 -1.52169 3
      vertex 73.2497 -1.5803 3
    endloop
  endfacet
  facet normal 0.233471 0.972364 0
    outer loop
      vertex 73.0056 -1.52169 3
      vertex 73.2497 -1.5803 0
      vertex 73.0056 -1.52169 0
    endloop
  endfacet
  facet normal 0.0784629 0.996917 -0
    outer loop
      vertex 73.5 -1.6 0
      vertex 73.2497 -1.5803 3
      vertex 73.5 -1.6 3
    endloop
  endfacet
  facet normal 0.0784629 0.996917 0
    outer loop
      vertex 73.2497 -1.5803 3
      vertex 73.5 -1.6 0
      vertex 73.2497 -1.5803 0
    endloop
  endfacet
  facet normal 0.760516 0.649319 0
    outer loop
      vertex 72.3686 -1.13137 3
      vertex 72.2056 -0.940456 0
      vertex 72.2056 -0.940456 3
    endloop
  endfacet
  facet normal 0.760516 0.649319 0
    outer loop
      vertex 72.2056 -0.940456 0
      vertex 72.3686 -1.13137 3
      vertex 72.3686 -1.13137 0
    endloop
  endfacet
  facet normal -0.522439 0.852677 0
    outer loop
      vertex 74.4405 -1.29443 0
      vertex 74.2264 -1.42561 3
      vertex 74.4405 -1.29443 3
    endloop
  endfacet
  facet normal -0.522439 0.852677 0
    outer loop
      vertex 74.2264 -1.42561 3
      vertex 74.4405 -1.29443 0
      vertex 74.2264 -1.42561 0
    endloop
  endfacet
  facet normal -0.382624 0.923904 0
    outer loop
      vertex 74.2264 -1.42561 0
      vertex 73.9944 -1.52169 3
      vertex 74.2264 -1.42561 3
    endloop
  endfacet
  facet normal -0.382624 0.923904 0
    outer loop
      vertex 73.9944 -1.52169 3
      vertex 74.2264 -1.42561 0
      vertex 73.9944 -1.52169 0
    endloop
  endfacet
  facet normal -0.760516 0.649319 0
    outer loop
      vertex 74.6314 -1.13137 0
      vertex 74.7944 -0.940456 3
      vertex 74.7944 -0.940456 0
    endloop
  endfacet
  facet normal -0.760516 0.649319 0
    outer loop
      vertex 74.7944 -0.940456 3
      vertex 74.6314 -1.13137 0
      vertex 74.6314 -1.13137 3
    endloop
  endfacet
  facet normal 0.522439 0.852677 -0
    outer loop
      vertex 72.7736 -1.42561 0
      vertex 72.5595 -1.29443 3
      vertex 72.7736 -1.42561 3
    endloop
  endfacet
  facet normal 0.522439 0.852677 0
    outer loop
      vertex 72.5595 -1.29443 3
      vertex 72.7736 -1.42561 0
      vertex 72.5595 -1.29443 0
    endloop
  endfacet
  facet normal 0.382624 0.923904 -0
    outer loop
      vertex 73.0056 -1.52169 0
      vertex 72.7736 -1.42561 3
      vertex 73.0056 -1.52169 3
    endloop
  endfacet
  facet normal 0.382624 0.923904 0
    outer loop
      vertex 72.7736 -1.42561 3
      vertex 73.0056 -1.52169 0
      vertex 72.7736 -1.42561 0
    endloop
  endfacet
  facet normal -0.0784629 0.996917 0
    outer loop
      vertex 73.7503 -1.5803 0
      vertex 73.5 -1.6 3
      vertex 73.7503 -1.5803 3
    endloop
  endfacet
  facet normal -0.0784629 0.996917 0
    outer loop
      vertex 73.5 -1.6 3
      vertex 73.7503 -1.5803 0
      vertex 73.5 -1.6 0
    endloop
  endfacet
  facet normal 0.923851 0.382752 0
    outer loop
      vertex 72.0744 -0.726384 3
      vertex 71.9783 -0.494427 0
      vertex 71.9783 -0.494427 3
    endloop
  endfacet
  facet normal 0.923851 0.382752 0
    outer loop
      vertex 71.9783 -0.494427 0
      vertex 72.0744 -0.726384 3
      vertex 72.0744 -0.726384 0
    endloop
  endfacet
  facet normal 0.852611 0.522546 0
    outer loop
      vertex 72.2056 -0.940456 3
      vertex 72.0744 -0.726384 0
      vertex 72.0744 -0.726384 3
    endloop
  endfacet
  facet normal 0.852611 0.522546 0
    outer loop
      vertex 72.0744 -0.726384 0
      vertex 72.2056 -0.940456 3
      vertex 72.2056 -0.940456 0
    endloop
  endfacet
  facet normal 0.649485 0.760374 -0
    outer loop
      vertex 72.5595 -1.29443 0
      vertex 72.3686 -1.13137 3
      vertex 72.5595 -1.29443 3
    endloop
  endfacet
  facet normal 0.649485 0.760374 0
    outer loop
      vertex 72.3686 -1.13137 3
      vertex 72.5595 -1.29443 0
      vertex 72.3686 -1.13137 0
    endloop
  endfacet
  facet normal -1 0 0
    outer loop
      vertex -81.5 -31 0
      vertex -81.5 31 3
      vertex -81.5 31 0
    endloop
  endfacet
  facet normal -1 -0 0
    outer loop
      vertex -81.5 31 3
      vertex -81.5 -31 0
      vertex -81.5 -31 3
    endloop
  endfacet
  facet normal -0 0 1
    outer loop
      vertex -43.9574 15.2 3
      vertex -31.9602 14.9988 3
      vertex -31.8369 15.2 3
    endloop
  endfacet
  facet normal 0 0 1
    outer loop
      vertex -43.9574 15.2 3
      vertex -32.0426 14.8 3
      vertex -31.9602 14.9988 3
    endloop
  endfacet
  facet normal -0 0 1
    outer loop
      vertex -44.0398 15.0012 3
      vertex -32.0426 14.8 3
      vertex -43.9574 15.2 3
    endloop
  endfacet
  facet normal 0 0 1
    outer loop
      vertex -32.0426 14.8 3
      vertex -44.0398 15.0012 3
      vertex -44.1631 14.8 3
    endloop
  endfacet
  facet normal 0 0 1
    outer loop
      vertex 33.0012 16.0398 3
      vertex 33.2 14.8 3
      vertex 33.2 15.9574 3
    endloop
  endfacet
  facet normal 0 0 1
    outer loop
      vertex 32.7069 16.2202 3
      vertex 33.2 14.8 3
      vertex 33.0012 16.0398 3
    endloop
  endfacet
  facet normal 0 0 1
    outer loop
      vertex 32.4444 16.4444 3
      vertex 33.2 14.8 3
      vertex 32.7069 16.2202 3
    endloop
  endfacet
  facet normal 0 0 1
    outer loop
      vertex 32.2202 16.7069 3
      vertex 33.2 14.8 3
      vertex 32.4444 16.4444 3
    endloop
  endfacet
  facet normal 0 0 1
    outer loop
      vertex 24.0426 14.8 3
      vertex 32.2202 16.7069 3
      vertex 32.0398 17.0012 3
    endloop
  endfacet
  facet normal 0 0 1
    outer loop
      vertex 32.2202 16.7069 3
      vertex 24.0426 14.8 3
      vertex 33.2 14.8 3
    endloop
  endfacet
  facet normal 0 0 1
    outer loop
      vertex 31.9574 17.2 3
      vertex 24.0426 14.8 3
      vertex 32.0398 17.0012 3
    endloop
  endfacet
  facet normal 0 0 1
    outer loop
      vertex 31.9574 17.2 3
      vertex 23.9602 14.9988 3
      vertex 24.0426 14.8 3
    endloop
  endfacet
  facet normal 0 0 1
    outer loop
      vertex 31.9574 17.2 3
      vertex 23.7798 15.2931 3
      vertex 23.9602 14.9988 3
    endloop
  endfacet
  facet normal 0 0 1
    outer loop
      vertex 31.9574 17.2 3
      vertex 23.5556 15.5556 3
      vertex 23.7798 15.2931 3
    endloop
  endfacet
  facet normal 0 0 1
    outer loop
      vertex 31.9574 17.2 3
      vertex 23.2931 15.7798 3
      vertex 23.5556 15.5556 3
    endloop
  endfacet
  facet normal 0 0 1
    outer loop
      vertex 31.9574 17.2 3
      vertex 22.9988 15.9602 3
      vertex 23.2931 15.7798 3
    endloop
  endfacet
  facet normal 0 0 1
    outer loop
      vertex 31.9574 17.2 3
      vertex 22.6798 16.0923 3
      vertex 22.9988 15.9602 3
    endloop
  endfacet
  facet normal 0 0 1
    outer loop
      vertex 31.9574 17.2 3
      vertex 22.3442 16.1729 3
      vertex 22.6798 16.0923 3
    endloop
  endfacet
  facet normal 0 0 1
    outer loop
      vertex 31.9574 17.2 3
      vertex 22 16.2 3
      vertex 22.3442 16.1729 3
    endloop
  endfacet
  facet normal -0 0 1
    outer loop
      vertex -5.95745 17.2 3
      vertex 22 16.2 3
      vertex 31.9574 17.2 3
    endloop
  endfacet
  facet normal 0 0 1
    outer loop
      vertex 11.2931 9.77984 3
      vertex 19.8 14 3
      vertex 19.8271 14.3442 3
    endloop
  endfacet
  facet normal 0 0 1
    outer loop
      vertex 10.9988 9.96021 3
      vertex 19.8271 14.3442 3
      vertex 19.9077 14.6798 3
    endloop
  endfacet
  facet normal 0 0 1
    outer loop
      vertex 10.6798 10.0923 3
      vertex 19.9077 14.6798 3
      vertex 20.0398 14.9988 3
    endloop
  endfacet
  facet normal 0 0 1
    outer loop
      vertex 4.70711 12.7071 3
      vertex 20.0398 14.9988 3
      vertex 20.2202 15.2931 3
    endloop
  endfacet
  facet normal 0 0 1
    outer loop
      vertex 4.58778 12.809 3
      vertex 20.2202 15.2931 3
      vertex 20.4444 15.5556 3
    endloop
  endfacet
  facet normal 0 0 1
    outer loop
      vertex 4.30902 12.9511 3
      vertex 20.4444 15.5556 3
      vertex 20.7069 15.7798 3
    endloop
  endfacet
  facet normal 0 0 1
    outer loop
      vertex 19.8 14 3
      vertex 11.9602 8.99878 3
      vertex 12.0426 8.8 3
    endloop
  endfacet
  facet normal 0 0 1
    outer loop
      vertex 19.8 14 3
      vertex 11.7798 9.29313 3
      vertex 11.9602 8.99878 3
    endloop
  endfacet
  facet normal 0 0 1
    outer loop
      vertex 19.8 14 3
      vertex 11.5556 9.55563 3
      vertex 11.7798 9.29313 3
    endloop
  endfacet
  facet normal 0 0 1
    outer loop
      vertex 19.8 14 3
      vertex 11.2931 9.77984 3
      vertex 11.5556 9.55563 3
    endloop
  endfacet
  facet normal 0 0 1
    outer loop
      vertex 19.8271 14.3442 3
      vertex 10.9988 9.96021 3
      vertex 11.2931 9.77984 3
    endloop
  endfacet
  facet normal 0 0 1
    outer loop
      vertex 4.15643 12.9877 3
      vertex 20.7069 15.7798 3
      vertex 21.0012 15.9602 3
    endloop
  endfacet
  facet normal 0 0 1
    outer loop
      vertex 19.9077 14.6798 3
      vertex 10.6798 10.0923 3
      vertex 10.9988 9.96021 3
    endloop
  endfacet
  facet normal 0 0 1
    outer loop
      vertex 20.0398 14.9988 3
      vertex 10.3442 10.1729 3
      vertex 10.6798 10.0923 3
    endloop
  endfacet
  facet normal 0 0 1
    outer loop
      vertex 20.0398 14.9988 3
      vertex 4.70711 12.7071 3
      vertex 10.3442 10.1729 3
    endloop
  endfacet
  facet normal 0 0 1
    outer loop
      vertex 10.3442 10.1729 3
      vertex 4.70711 12.7071 3
      vertex 10 10.2 3
    endloop
  endfacet
  facet normal -0 -0 1
    outer loop
      vertex 4.80902 12.5878 3
      vertex 10 10.2 3
      vertex 4.70711 12.7071 3
    endloop
  endfacet
  facet normal 0 0 1
    outer loop
      vertex 10 10.2 3
      vertex 4.80902 12.5878 3
      vertex 9.65584 10.1729 3
    endloop
  endfacet
  facet normal -0 0 1
    outer loop
      vertex 4.80902 11.4122 3
      vertex 8.22016 9.29313 3
      vertex 4.89101 11.546 3
    endloop
  endfacet
  facet normal 0 0 1
    outer loop
      vertex 8.44436 9.55563 3
      vertex 4.89101 11.546 3
      vertex 8.22016 9.29313 3
    endloop
  endfacet
  facet normal -0 0 1
    outer loop
      vertex 4.89101 11.546 3
      vertex 8.44436 9.55563 3
      vertex 4.95106 11.691 3
    endloop
  endfacet
  facet normal -0 0 1
    outer loop
      vertex 4.95106 11.691 3
      vertex 8.44436 9.55563 3
      vertex 4.98769 11.8436 3
    endloop
  endfacet
  facet normal 0 0 1
    outer loop
      vertex 8.70687 9.77984 3
      vertex 4.98769 11.8436 3
      vertex 8.44436 9.55563 3
    endloop
  endfacet
  facet normal -0 0 1
    outer loop
      vertex 4.98769 11.8436 3
      vertex 8.70687 9.77984 3
      vertex 5 12 3
    endloop
  endfacet
  facet normal 0 0 1
    outer loop
      vertex 9.00122 9.96021 3
      vertex 5 12 3
      vertex 8.70687 9.77984 3
    endloop
  endfacet
  facet normal -0 -0 1
    outer loop
      vertex 4.89101 12.454 3
      vertex 9.65584 10.1729 3
      vertex 4.80902 12.5878 3
    endloop
  endfacet
  facet normal 0 0 1
    outer loop
      vertex -5.95745 17.2 3
      vertex 21.0012 15.9602 3
      vertex 21.3202 16.0923 3
    endloop
  endfacet
  facet normal 0 0 1
    outer loop
      vertex 9.00122 9.96021 3
      vertex 4.98769 12.1564 3
      vertex 5 12 3
    endloop
  endfacet
  facet normal 0 0 1
    outer loop
      vertex 9.32016 10.0923 3
      vertex 4.98769 12.1564 3
      vertex 9.00122 9.96021 3
    endloop
  endfacet
  facet normal 0 0 1
    outer loop
      vertex -5.95745 17.2 3
      vertex 21.3202 16.0923 3
      vertex 21.6558 16.1729 3
    endloop
  endfacet
  facet normal -0 -0 1
    outer loop
      vertex 4.98769 12.1564 3
      vertex 9.32016 10.0923 3
      vertex 4.95106 12.309 3
    endloop
  endfacet
  facet normal -0 -0 1
    outer loop
      vertex 4.95106 12.309 3
      vertex 9.32016 10.0923 3
      vertex 4.89101 12.454 3
    endloop
  endfacet
  facet normal 0 0 1
    outer loop
      vertex 9.65584 10.1729 3
      vertex 4.89101 12.454 3
      vertex 9.32016 10.0923 3
    endloop
  endfacet
  facet normal 0 0 1
    outer loop
      vertex 20.2202 15.2931 3
      vertex 4.58778 12.809 3
      vertex 4.70711 12.7071 3
    endloop
  endfacet
  facet normal 0 0 1
    outer loop
      vertex 20.4444 15.5556 3
      vertex 4.45399 12.891 3
      vertex 4.58778 12.809 3
    endloop
  endfacet
  facet normal 0 0 1
    outer loop
      vertex 20.4444 15.5556 3
      vertex 4.30902 12.9511 3
      vertex 4.45399 12.891 3
    endloop
  endfacet
  facet normal 0 0 1
    outer loop
      vertex 20.7069 15.7798 3
      vertex 4.15643 12.9877 3
      vertex 4.30902 12.9511 3
    endloop
  endfacet
  facet normal 0 0 1
    outer loop
      vertex 21.0012 15.9602 3
      vertex -5.95745 17.2 3
      vertex 4.15643 12.9877 3
    endloop
  endfacet
  facet normal 0 0 1
    outer loop
      vertex 4.15643 12.9877 3
      vertex -5.95745 17.2 3
      vertex 4 13 3
    endloop
  endfacet
  facet normal 0 0 1
    outer loop
      vertex -6.44436 16.4444 3
      vertex 3 12 3
      vertex 3.01231 12.1564 3
    endloop
  endfacet
  facet normal 0 0 1
    outer loop
      vertex -6.22016 16.7069 3
      vertex 3.01231 12.1564 3
      vertex 3.04894 12.309 3
    endloop
  endfacet
  facet normal 0 0 1
    outer loop
      vertex -6.03979 17.0012 3
      vertex 3.04894 12.309 3
      vertex 3.10899 12.454 3
    endloop
  endfacet
  facet normal 0 0 1
    outer loop
      vertex -5.95745 17.2 3
      vertex 3.10899 12.454 3
      vertex 3.19098 12.5878 3
    endloop
  endfacet
  facet normal 0 0 1
    outer loop
      vertex 3 12 3
      vertex -5.82709 0.344155 3
      vertex -5.8 0 3
    endloop
  endfacet
  facet normal 0 0 1
    outer loop
      vertex 3 12 3
      vertex -5.90767 0.679837 3
      vertex -5.82709 0.344155 3
    endloop
  endfacet
  facet normal 0 0 1
    outer loop
      vertex 22 16.2 3
      vertex -5.95745 17.2 3
      vertex 21.6558 16.1729 3
    endloop
  endfacet
  facet normal 0 0 1
    outer loop
      vertex 4 13 3
      vertex -5.95745 17.2 3
      vertex 3.84356 12.9877 3
    endloop
  endfacet
  facet normal 0 0 1
    outer loop
      vertex -5.95745 17.2 3
      vertex 3.69098 12.9511 3
      vertex 3.84356 12.9877 3
    endloop
  endfacet
  facet normal 0 0 1
    outer loop
      vertex -5.95745 17.2 3
      vertex 3.54601 12.891 3
      vertex 3.69098 12.9511 3
    endloop
  endfacet
  facet normal 0 0 1
    outer loop
      vertex -5.95745 17.2 3
      vertex 3.41221 12.809 3
      vertex 3.54601 12.891 3
    endloop
  endfacet
  facet normal 0 0 1
    outer loop
      vertex -5.95745 17.2 3
      vertex 3.29289 12.7071 3
      vertex 3.41221 12.809 3
    endloop
  endfacet
  facet normal 0 0 1
    outer loop
      vertex -5.95745 17.2 3
      vertex 3.19098 12.5878 3
      vertex 3.29289 12.7071 3
    endloop
  endfacet
  facet normal 0 0 1
    outer loop
      vertex 3.10899 12.454 3
      vertex -5.95745 17.2 3
      vertex -6.03979 17.0012 3
    endloop
  endfacet
  facet normal 0 0 1
    outer loop
      vertex 3.04894 12.309 3
      vertex -6.03979 17.0012 3
      vertex -6.22016 16.7069 3
    endloop
  endfacet
  facet normal 0 0 1
    outer loop
      vertex 3 12 3
      vertex -6.03979 0.998778 3
      vertex -5.90767 0.679837 3
    endloop
  endfacet
  facet normal 0 0 1
    outer loop
      vertex 3.01231 12.1564 3
      vertex -6.22016 16.7069 3
      vertex -6.44436 16.4444 3
    endloop
  endfacet
  facet normal 0 0 1
    outer loop
      vertex 3 12 3
      vertex -6.22016 1.29313 3
      vertex -6.03979 0.998778 3
    endloop
  endfacet
  facet normal 0 0 1
    outer loop
      vertex 3 12 3
      vertex -6.44436 16.4444 3
      vertex -6.70687 16.2202 3
    endloop
  endfacet
  facet normal 0 0 1
    outer loop
      vertex 3 12 3
      vertex -6.44436 1.55563 3
      vertex -6.22016 1.29313 3
    endloop
  endfacet
  facet normal 0 0 1
    outer loop
      vertex 3 12 3
      vertex -6.70687 16.2202 3
      vertex -7.00122 16.0398 3
    endloop
  endfacet
  facet normal 0 0 1
    outer loop
      vertex 3 12 3
      vertex -6.70687 1.77984 3
      vertex -6.44436 1.55563 3
    endloop
  endfacet
  facet normal 0 0 1
    outer loop
      vertex 3 12 3
      vertex -7.00122 16.0398 3
      vertex -7.00122 1.96021 3
    endloop
  endfacet
  facet normal 0 0 1
    outer loop
      vertex 3 12 3
      vertex -7.00122 1.96021 3
      vertex -6.70687 1.77984 3
    endloop
  endfacet
  facet normal -0 0 1
    outer loop
      vertex -7.2 15.9574 3
      vertex -7.00122 1.96021 3
      vertex -7.00122 16.0398 3
    endloop
  endfacet
  facet normal 0 0 1
    outer loop
      vertex -7.00122 1.96021 3
      vertex -7.2 15.9574 3
      vertex -7.2 2.04255 3
    endloop
  endfacet
  facet normal 0 0 1
    outer loop
      vertex 21.0012 12.0398 3
      vertex 21.2 8.8 3
      vertex 21.2 11.9574 3
    endloop
  endfacet
  facet normal 0 0 1
    outer loop
      vertex 20.7069 12.2202 3
      vertex 21.2 8.8 3
      vertex 21.0012 12.0398 3
    endloop
  endfacet
  facet normal 0 0 1
    outer loop
      vertex 20.4444 12.4444 3
      vertex 21.2 8.8 3
      vertex 20.7069 12.2202 3
    endloop
  endfacet
  facet normal 0 0 1
    outer loop
      vertex 20.2202 12.7069 3
      vertex 21.2 8.8 3
      vertex 20.4444 12.4444 3
    endloop
  endfacet
  facet normal 0 0 1
    outer loop
      vertex 12.0426 8.8 3
      vertex 20.2202 12.7069 3
      vertex 20.0398 13.0012 3
    endloop
  endfacet
  facet normal 0 0 1
    outer loop
      vertex 12.0426 8.8 3
      vertex 20.0398 13.0012 3
      vertex 19.9077 13.3202 3
    endloop
  endfacet
  facet normal 0 0 1
    outer loop
      vertex 20.2202 12.7069 3
      vertex 12.0426 8.8 3
      vertex 21.2 8.8 3
    endloop
  endfacet
  facet normal 0 0 1
    outer loop
      vertex 19.8271 13.6558 3
      vertex 12.0426 8.8 3
      vertex 19.9077 13.3202 3
    endloop
  endfacet
  facet normal 0 0 1
    outer loop
      vertex 12.0426 8.8 3
      vertex 19.8271 13.6558 3
      vertex 19.8 14 3
    endloop
  endfacet
  facet normal 0 0 1
    outer loop
      vertex 9.00122 6.03979 3
      vertex 9.2 -7.95745 3
      vertex 9.2 5.95745 3
    endloop
  endfacet
  facet normal 0 0 1
    outer loop
      vertex 9.00122 6.03979 3
      vertex 9.00122 -8.03979 3
      vertex 9.2 -7.95745 3
    endloop
  endfacet
  facet normal 0 0 1
    outer loop
      vertex 8.70687 6.22016 3
      vertex 9.00122 -8.03979 3
      vertex 9.00122 6.03979 3
    endloop
  endfacet
  facet normal 0 0 1
    outer loop
      vertex 8.70687 6.22016 3
      vertex 8.70687 -8.22016 3
      vertex 9.00122 -8.03979 3
    endloop
  endfacet
  facet normal 0 0 1
    outer loop
      vertex -5.8 0 3
      vertex 8.70687 6.22016 3
      vertex 8.44436 6.44436 3
    endloop
  endfacet
  facet normal 0 0 1
    outer loop
      vertex 8.70687 6.22016 3
      vertex -5.82709 -0.344155 3
      vertex 8.70687 -8.22016 3
    endloop
  endfacet
  facet normal 0 0 1
    outer loop
      vertex -5.8 0 3
      vertex 8.44436 6.44436 3
      vertex 8.22016 6.70687 3
    endloop
  endfacet
  facet normal 0 0 1
    outer loop
      vertex 8.70687 -8.22016 3
      vertex -5.82709 -0.344155 3
      vertex 8.44436 -8.44436 3
    endloop
  endfacet
  facet normal 0 0 1
    outer loop
      vertex -5.8 0 3
      vertex 8.22016 6.70687 3
      vertex 8.03979 7.00122 3
    endloop
  endfacet
  facet normal -0 0 1
    outer loop
      vertex -5.90767 -0.679837 3
      vertex 8.44436 -8.44436 3
      vertex -5.82709 -0.344155 3
    endloop
  endfacet
  facet normal 0 0 1
    outer loop
      vertex 8.44436 -8.44436 3
      vertex -5.90767 -0.679837 3
      vertex 8.22016 -8.70687 3
    endloop
  endfacet
  facet normal 0 0 1
    outer loop
      vertex 3.69098 11.0489 3
      vertex 8.03979 7.00122 3
      vertex 7.90767 7.32016 3
    endloop
  endfacet
  facet normal 0 0 1
    outer loop
      vertex 3.84356 11.0123 3
      vertex 7.90767 7.32016 3
      vertex 7.82709 7.65584 3
    endloop
  endfacet
  facet normal 0 0 1
    outer loop
      vertex 4 11 3
      vertex 7.82709 7.65584 3
      vertex 7.8 8 3
    endloop
  endfacet
  facet normal 0 0 1
    outer loop
      vertex 8.22016 9.29313 3
      vertex 4.80902 11.4122 3
      vertex 8.03979 8.99878 3
    endloop
  endfacet
  facet normal -0 0 1
    outer loop
      vertex 4.70711 11.2929 3
      vertex 8.03979 8.99878 3
      vertex 4.80902 11.4122 3
    endloop
  endfacet
  facet normal 0 0 1
    outer loop
      vertex 8.03979 8.99878 3
      vertex 4.70711 11.2929 3
      vertex 7.90767 8.67984 3
    endloop
  endfacet
  facet normal -0 0 1
    outer loop
      vertex 4.58778 11.191 3
      vertex 7.90767 8.67984 3
      vertex 4.70711 11.2929 3
    endloop
  endfacet
  facet normal -0 0 1
    outer loop
      vertex 4.45399 11.109 3
      vertex 7.90767 8.67984 3
      vertex 4.58778 11.191 3
    endloop
  endfacet
  facet normal 0 0 1
    outer loop
      vertex 7.90767 8.67984 3
      vertex 4.45399 11.109 3
      vertex 7.82709 8.34416 3
    endloop
  endfacet
  facet normal -0 0 1
    outer loop
      vertex 4.30902 11.0489 3
      vertex 7.82709 8.34416 3
      vertex 4.45399 11.109 3
    endloop
  endfacet
  facet normal 0 0 1
    outer loop
      vertex 7.82709 8.34416 3
      vertex 4.30902 11.0489 3
      vertex 7.8 8 3
    endloop
  endfacet
  facet normal -0 0 1
    outer loop
      vertex 4.15643 11.0123 3
      vertex 7.8 8 3
      vertex 4.30902 11.0489 3
    endloop
  endfacet
  facet normal -0 0 1
    outer loop
      vertex 4 11 3
      vertex 7.8 8 3
      vertex 4.15643 11.0123 3
    endloop
  endfacet
  facet normal 0 0 1
    outer loop
      vertex 7.82709 7.65584 3
      vertex 4 11 3
      vertex 3.84356 11.0123 3
    endloop
  endfacet
  facet normal 0 0 1
    outer loop
      vertex 7.90767 7.32016 3
      vertex 3.84356 11.0123 3
      vertex 3.69098 11.0489 3
    endloop
  endfacet
  facet normal 0 0 1
    outer loop
      vertex 8.03979 7.00122 3
      vertex 3.69098 11.0489 3
      vertex -5.8 0 3
    endloop
  endfacet
  facet normal 0 0 1
    outer loop
      vertex -5.8 0 3
      vertex 3.69098 11.0489 3
      vertex 3.54601 11.109 3
    endloop
  endfacet
  facet normal 0 0 1
    outer loop
      vertex -5.8 0 3
      vertex 3.54601 11.109 3
      vertex 3.41221 11.191 3
    endloop
  endfacet
  facet normal 0 0 1
    outer loop
      vertex -5.8 0 3
      vertex 3.41221 11.191 3
      vertex 3.29289 11.2929 3
    endloop
  endfacet
  facet normal 0 0 1
    outer loop
      vertex -5.8 0 3
      vertex 3.29289 11.2929 3
      vertex 3.19098 11.4122 3
    endloop
  endfacet
  facet normal 0 0 1
    outer loop
      vertex -5.8 0 3
      vertex 3.19098 11.4122 3
      vertex 3.10899 11.546 3
    endloop
  endfacet
  facet normal 0 0 1
    outer loop
      vertex -5.8 0 3
      vertex 3.10899 11.546 3
      vertex 3.04894 11.691 3
    endloop
  endfacet
  facet normal 0 0 1
    outer loop
      vertex -5.8 0 3
      vertex 3.04894 11.691 3
      vertex 3.01231 11.8436 3
    endloop
  endfacet
  facet normal 0 0 1
    outer loop
      vertex -5.8 0 3
      vertex 3.01231 11.8436 3
      vertex 3 12 3
    endloop
  endfacet
  facet normal 0 0 1
    outer loop
      vertex 8.70687 6.22016 3
      vertex -5.8 0 3
      vertex -5.82709 -0.344155 3
    endloop
  endfacet
  facet normal -0 0 1
    outer loop
      vertex -6.03979 -0.998778 3
      vertex 8.22016 -8.70687 3
      vertex -5.90767 -0.679837 3
    endloop
  endfacet
  facet normal 0 0 1
    outer loop
      vertex 8.22016 -8.70687 3
      vertex -6.03979 -0.998778 3
      vertex 8.03979 -9.00122 3
    endloop
  endfacet
  facet normal -0 0 1
    outer loop
      vertex -6.22016 -1.29313 3
      vertex 8.03979 -9.00122 3
      vertex -6.03979 -0.998778 3
    endloop
  endfacet
  facet normal 0 0 1
    outer loop
      vertex 8.03979 -9.00122 3
      vertex -6.22016 -1.29313 3
      vertex 7.95745 -9.2 3
    endloop
  endfacet
  facet normal -0 0 1
    outer loop
      vertex -6.44436 -1.55563 3
      vertex 7.95745 -9.2 3
      vertex -6.22016 -1.29313 3
    endloop
  endfacet
  facet normal -0 0 1
    outer loop
      vertex -6.70687 -1.77984 3
      vertex 7.95745 -9.2 3
      vertex -6.44436 -1.55563 3
    endloop
  endfacet
  facet normal 0 0 1
    outer loop
      vertex -11.2 -9.2 3
      vertex -6.70687 -1.77984 3
      vertex -7.00122 -1.96021 3
    endloop
  endfacet
  facet normal 0 0 1
    outer loop
      vertex -11.2 -9.2 3
      vertex -7.00122 -1.96021 3
      vertex -7.32016 -2.09232 3
    endloop
  endfacet
  facet normal 0 0 1
    outer loop
      vertex -11.2 -9.2 3
      vertex -7.32016 -2.09232 3
      vertex -7.65584 -2.17291 3
    endloop
  endfacet
  facet normal 0 0 1
    outer loop
      vertex -11.2 -9.2 3
      vertex -7.65584 -2.17291 3
      vertex -8 -2.2 3
    endloop
  endfacet
  facet normal 0 0 1
    outer loop
      vertex -11.2 -9.2 3
      vertex -8 -2.2 3
      vertex -8.34416 -2.17291 3
    endloop
  endfacet
  facet normal 0 0 1
    outer loop
      vertex -11.2 -9.2 3
      vertex -8.34416 -2.17291 3
      vertex -8.67984 -2.09232 3
    endloop
  endfacet
  facet normal 0 0 1
    outer loop
      vertex -11.2 -9.2 3
      vertex -8.67984 -2.09232 3
      vertex -8.99878 -1.96021 3
    endloop
  endfacet
  facet normal -0 0 1
    outer loop
      vertex -11.2 -0.799999 3
      vertex -9.96021 -0.998778 3
      vertex -10.0426 -0.799999 3
    endloop
  endfacet
  facet normal 0 0 1
    outer loop
      vertex -11.2 -0.799999 3
      vertex -9.77984 -1.29313 3
      vertex -9.96021 -0.998778 3
    endloop
  endfacet
  facet normal 0 0 1
    outer loop
      vertex -11.2 -0.799999 3
      vertex -9.55563 -1.55563 3
      vertex -9.77984 -1.29313 3
    endloop
  endfacet
  facet normal 0 0 1
    outer loop
      vertex -11.2 -0.799999 3
      vertex -9.29313 -1.77984 3
      vertex -9.55563 -1.55563 3
    endloop
  endfacet
  facet normal 0 0 1
    outer loop
      vertex -11.2 -9.2 3
      vertex -9.29313 -1.77984 3
      vertex -11.2 -0.799999 3
    endloop
  endfacet
  facet normal 0 0 1
    outer loop
      vertex -6.70687 -1.77984 3
      vertex -11.2 -9.2 3
      vertex 7.95745 -9.2 3
    endloop
  endfacet
  facet normal 0 0 1
    outer loop
      vertex -9.29313 -1.77984 3
      vertex -11.2 -9.2 3
      vertex -8.99878 -1.96021 3
    endloop
  endfacet
  facet normal 0 0 1
    outer loop
      vertex 23.9602 13.0012 3
      vertex 33.2 13.2 3
      vertex 24.0426 13.2 3
    endloop
  endfacet
  facet normal 0 0 1
    outer loop
      vertex 33.2 13.2 3
      vertex 23.9602 13.0012 3
      vertex 33.2 8.8 3
    endloop
  endfacet
  facet normal -0 0 1
    outer loop
      vertex 23.7798 12.7069 3
      vertex 33.2 8.8 3
      vertex 23.9602 13.0012 3
    endloop
  endfacet
  facet normal 0 0 1
    outer loop
      vertex 22.8 8.8 3
      vertex 23.7798 12.7069 3
      vertex 23.5556 12.4444 3
    endloop
  endfacet
  facet normal 0 0 1
    outer loop
      vertex 22.8 8.8 3
      vertex 23.5556 12.4444 3
      vertex 23.2931 12.2202 3
    endloop
  endfacet
  facet normal 0 0 1
    outer loop
      vertex 22.8 8.8 3
      vertex 23.2931 12.2202 3
      vertex 22.9988 12.0398 3
    endloop
  endfacet
  facet normal 0 0 1
    outer loop
      vertex 22.8 8.8 3
      vertex 22.9988 12.0398 3
      vertex 22.8 11.9574 3
    endloop
  endfacet
  facet normal 0 0 1
    outer loop
      vertex 23.7798 12.7069 3
      vertex 22.8 8.8 3
      vertex 33.2 8.8 3
    endloop
  endfacet
  facet normal -0 0 1
    outer loop
      vertex 11.9602 -9.00122 3
      vertex 21.2 -13.9574 3
      vertex 21.2 7.2 3
    endloop
  endfacet
  facet normal -0 -0 1
    outer loop
      vertex 12.0923 -9.32016 3
      vertex 21.2 -13.9574 3
      vertex 11.9602 -9.00122 3
    endloop
  endfacet
  facet normal 0 0 1
    outer loop
      vertex 21.2 -13.9574 3
      vertex 12.0923 -9.32016 3
      vertex 21.0012 -14.0398 3
    endloop
  endfacet
  facet normal -0 -0 1
    outer loop
      vertex 12.1729 -9.65584 3
      vertex 21.0012 -14.0398 3
      vertex 12.0923 -9.32016 3
    endloop
  endfacet
  facet normal 0 0 1
    outer loop
      vertex 21.0012 -14.0398 3
      vertex 12.1729 -9.65584 3
      vertex 20.7069 -14.2202 3
    endloop
  endfacet
  facet normal -0 -0 1
    outer loop
      vertex 12.2 -10 3
      vertex 20.7069 -14.2202 3
      vertex 12.1729 -9.65584 3
    endloop
  endfacet
  facet normal 0 0 1
    outer loop
      vertex 20.7069 -14.2202 3
      vertex 12.2 -10 3
      vertex 20.4444 -14.4444 3
    endloop
  endfacet
  facet normal -0 0 1
    outer loop
      vertex 12.0923 -10.6798 3
      vertex 20.2202 -14.7069 3
      vertex 12.1729 -10.3442 3
    endloop
  endfacet
  facet normal 0 0 1
    outer loop
      vertex 20.4444 -14.4444 3
      vertex 12.1729 -10.3442 3
      vertex 20.2202 -14.7069 3
    endloop
  endfacet
  facet normal 0 0 1
    outer loop
      vertex 11.9602 7.00122 3
      vertex 21.2 7.2 3
      vertex 12.0426 7.2 3
    endloop
  endfacet
  facet normal 0 0 1
    outer loop
      vertex 11.7798 6.70687 3
      vertex 21.2 7.2 3
      vertex 11.9602 7.00122 3
    endloop
  endfacet
  facet normal -0 0 1
    outer loop
      vertex 12.1729 -10.3442 3
      vertex 20.4444 -14.4444 3
      vertex 12.2 -10 3
    endloop
  endfacet
  facet normal 0 0 1
    outer loop
      vertex 11.5556 6.44436 3
      vertex 21.2 7.2 3
      vertex 11.7798 6.70687 3
    endloop
  endfacet
  facet normal 0 0 1
    outer loop
      vertex 21.2 7.2 3
      vertex 11.7798 -8.70687 3
      vertex 11.9602 -9.00122 3
    endloop
  endfacet
  facet normal 0 0 1
    outer loop
      vertex 11.2931 6.22016 3
      vertex 21.2 7.2 3
      vertex 11.5556 6.44436 3
    endloop
  endfacet
  facet normal 0 0 1
    outer loop
      vertex 21.2 7.2 3
      vertex 11.5556 -8.44436 3
      vertex 11.7798 -8.70687 3
    endloop
  endfacet
  facet normal 0 0 1
    outer loop
      vertex 11.2931 -8.22016 3
      vertex 21.2 7.2 3
      vertex 11.2931 6.22016 3
    endloop
  endfacet
  facet normal 0 0 1
    outer loop
      vertex 21.2 7.2 3
      vertex 11.2931 -8.22016 3
      vertex 11.5556 -8.44436 3
    endloop
  endfacet
  facet normal -0 0 1
    outer loop
      vertex 10.9988 6.03979 3
      vertex 11.2931 -8.22016 3
      vertex 11.2931 6.22016 3
    endloop
  endfacet
  facet normal 0 0 1
    outer loop
      vertex 10.9988 6.03979 3
      vertex 10.9988 -8.03979 3
      vertex 11.2931 -8.22016 3
    endloop
  endfacet
  facet normal -0 0 1
    outer loop
      vertex 10.8 5.95745 3
      vertex 10.9988 -8.03979 3
      vertex 10.9988 6.03979 3
    endloop
  endfacet
  facet normal 0 0 1
    outer loop
      vertex 10.9988 -8.03979 3
      vertex 10.8 5.95745 3
      vertex 10.8 -7.95745 3
    endloop
  endfacet
  facet normal 0 0 1
    outer loop
      vertex 20.2202 -14.7069 3
      vertex 12.0923 -10.6798 3
      vertex 20.0398 -15.0012 3
    endloop
  endfacet
  facet normal -0 0 1
    outer loop
      vertex 11.9602 -10.9988 3
      vertex 20.0398 -15.0012 3
      vertex 12.0923 -10.6798 3
    endloop
  endfacet
  facet normal 0 0 1
    outer loop
      vertex 20.0398 -15.0012 3
      vertex 11.9602 -10.9988 3
      vertex 19.9574 -15.2 3
    endloop
  endfacet
  facet normal -0 0 1
    outer loop
      vertex 11.7798 -11.2931 3
      vertex 19.9574 -15.2 3
      vertex 11.9602 -10.9988 3
    endloop
  endfacet
  facet normal -0 0 1
    outer loop
      vertex 11.5556 -11.5556 3
      vertex 19.9574 -15.2 3
      vertex 11.7798 -11.2931 3
    endloop
  endfacet
  facet normal -0 0 1
    outer loop
      vertex 11.2931 -11.7798 3
      vertex 19.9574 -15.2 3
      vertex 11.5556 -11.5556 3
    endloop
  endfacet
  facet normal -0 0 1
    outer loop
      vertex 10.9988 -11.9602 3
      vertex 19.9574 -15.2 3
      vertex 11.2931 -11.7798 3
    endloop
  endfacet
  facet normal -0 0 1
    outer loop
      vertex 10.6798 -12.0923 3
      vertex 19.9574 -15.2 3
      vertex 10.9988 -11.9602 3
    endloop
  endfacet
  facet normal -0 0 1
    outer loop
      vertex 10.3442 -12.1729 3
      vertex 19.9574 -15.2 3
      vertex 10.6798 -12.0923 3
    endloop
  endfacet
  facet normal -0 0 1
    outer loop
      vertex 10 -12.2 3
      vertex 19.9574 -15.2 3
      vertex 10.3442 -12.1729 3
    endloop
  endfacet
  facet normal 0 0 1
    outer loop
      vertex 9.65584 -12.1729 3
      vertex 19.9574 -15.2 3
      vertex 10 -12.2 3
    endloop
  endfacet
  facet normal 0 0 1
    outer loop
      vertex -9.95745 -15.2 3
      vertex 9.65584 -12.1729 3
      vertex 9.32016 -12.0923 3
    endloop
  endfacet
  facet normal 0 0 1
    outer loop
      vertex 9.65584 -12.1729 3
      vertex -9.95745 -15.2 3
      vertex 19.9574 -15.2 3
    endloop
  endfacet
  facet normal 0 0 1
    outer loop
      vertex 9.00122 -11.9602 3
      vertex -9.95745 -15.2 3
      vertex 9.32016 -12.0923 3
    endloop
  endfacet
  facet normal 0 0 1
    outer loop
      vertex 8.70687 -11.7798 3
      vertex -9.95745 -15.2 3
      vertex 9.00122 -11.9602 3
    endloop
  endfacet
  facet normal 0 0 1
    outer loop
      vertex 8.44436 -11.5556 3
      vertex -9.95745 -15.2 3
      vertex 8.70687 -11.7798 3
    endloop
  endfacet
  facet normal 0 0 1
    outer loop
      vertex 8.22016 -11.2931 3
      vertex -9.95745 -15.2 3
      vertex 8.44436 -11.5556 3
    endloop
  endfacet
  facet normal 0 0 1
    outer loop
      vertex 8.03979 -10.9988 3
      vertex -9.95745 -15.2 3
      vertex 8.22016 -11.2931 3
    endloop
  endfacet
  facet normal 0 0 1
    outer loop
      vertex 7.95745 -10.8 3
      vertex -9.95745 -15.2 3
      vertex 8.03979 -10.9988 3
    endloop
  endfacet
  facet normal 0 0 1
    outer loop
      vertex 7.95745 -10.8 3
      vertex -10.0398 -15.0012 3
      vertex -9.95745 -15.2 3
    endloop
  endfacet
  facet normal -0 0 1
    outer loop
      vertex -11.2 -10.8 3
      vertex -10.0398 -15.0012 3
      vertex 7.95745 -10.8 3
    endloop
  endfacet
  facet normal 0 0 1
    outer loop
      vertex -10.0398 -15.0012 3
      vertex -11.2 -10.8 3
      vertex -10.2202 -14.7069 3
    endloop
  endfacet
  facet normal 0 0 1
    outer loop
      vertex -10.2202 -14.7069 3
      vertex -11.2 -10.8 3
      vertex -10.4444 -14.4444 3
    endloop
  endfacet
  facet normal 0 0 1
    outer loop
      vertex -10.4444 -14.4444 3
      vertex -11.2 -10.8 3
      vertex -10.7069 -14.2202 3
    endloop
  endfacet
  facet normal 0 0 1
    outer loop
      vertex -10.7069 -14.2202 3
      vertex -11.2 -10.8 3
      vertex -11.0012 -14.0398 3
    endloop
  endfacet
  facet normal 0 0 1
    outer loop
      vertex -11.0012 -14.0398 3
      vertex -11.2 -10.8 3
      vertex -11.2 -13.9574 3
    endloop
  endfacet
  facet normal 0 0 1
    outer loop
      vertex -14.0426 15.2 3
      vertex -27.8271 14.3442 3
      vertex -27.8 14 3
    endloop
  endfacet
  facet normal 0 0 1
    outer loop
      vertex -14.0426 15.2 3
      vertex -27.9077 14.6798 3
      vertex -27.8271 14.3442 3
    endloop
  endfacet
  facet normal 0 0 1
    outer loop
      vertex -14.0426 15.2 3
      vertex -28.0398 14.9988 3
      vertex -27.9077 14.6798 3
    endloop
  endfacet
  facet normal 0 -0 1
    outer loop
      vertex -28.0398 14.9988 3
      vertex -14.0426 15.2 3
      vertex -28.1631 15.2 3
    endloop
  endfacet
  facet normal 0 0 1
    outer loop
      vertex -12.9988 14.0398 3
      vertex -12.8 0.799999 3
      vertex -12.8 13.9574 3
    endloop
  endfacet
  facet normal 0 0 1
    outer loop
      vertex -13.2931 14.2202 3
      vertex -12.8 0.799999 3
      vertex -12.9988 14.0398 3
    endloop
  endfacet
  facet normal 0 0 1
    outer loop
      vertex -13.5556 14.4444 3
      vertex -12.8 0.799999 3
      vertex -13.2931 14.2202 3
    endloop
  endfacet
  facet normal 0 0 1
    outer loop
      vertex -28.0398 13.0012 3
      vertex -13.5556 14.4444 3
      vertex -13.7798 14.7069 3
    endloop
  endfacet
  facet normal 0 0 1
    outer loop
      vertex -27.9077 13.3202 3
      vertex -13.7798 14.7069 3
      vertex -13.9602 15.0012 3
    endloop
  endfacet
  facet normal 0 0 1
    outer loop
      vertex -27.8271 13.6558 3
      vertex -13.9602 15.0012 3
      vertex -14.0426 15.2 3
    endloop
  endfacet
  facet normal 0 0 1
    outer loop
      vertex -27.8271 13.6558 3
      vertex -14.0426 15.2 3
      vertex -27.8 14 3
    endloop
  endfacet
  facet normal 0 0 1
    outer loop
      vertex -13.9602 15.0012 3
      vertex -27.8271 13.6558 3
      vertex -27.9077 13.3202 3
    endloop
  endfacet
  facet normal 0 0 1
    outer loop
      vertex -13.7798 14.7069 3
      vertex -27.9077 13.3202 3
      vertex -28.0398 13.0012 3
    endloop
  endfacet
  facet normal 0 0 1
    outer loop
      vertex -13.5556 14.4444 3
      vertex -28.0398 13.0012 3
      vertex -28.2202 12.7069 3
    endloop
  endfacet
  facet normal 0 0 1
    outer loop
      vertex -13.5556 14.4444 3
      vertex -28.2202 12.7069 3
      vertex -12.8 0.799999 3
    endloop
  endfacet
  facet normal -0 0 1
    outer loop
      vertex -28.4444 12.4444 3
      vertex -12.8 0.799999 3
      vertex -28.2202 12.7069 3
    endloop
  endfacet
  facet normal 0 0 1
    outer loop
      vertex -29.2 0.799999 3
      vertex -28.4444 12.4444 3
      vertex -28.7069 12.2202 3
    endloop
  endfacet
  facet normal 0 0 1
    outer loop
      vertex -29.2 0.799999 3
      vertex -28.7069 12.2202 3
      vertex -29.0012 12.0398 3
    endloop
  endfacet
  facet normal 0 0 1
    outer loop
      vertex -29.2 0.799999 3
      vertex -29.0012 12.0398 3
      vertex -29.2 11.9574 3
    endloop
  endfacet
  facet normal 0 0 1
    outer loop
      vertex -28.4444 12.4444 3
      vertex -29.2 0.799999 3
      vertex -12.8 0.799999 3
    endloop
  endfacet
  facet normal -0 0 1
    outer loop
      vertex -28.0398 -9.00122 3
      vertex -12.8 -9.2 3
      vertex -12.8 -0.799999 3
    endloop
  endfacet
  facet normal 0 0 1
    outer loop
      vertex -12.8 -9.2 3
      vertex -28.0398 -9.00122 3
      vertex -27.9574 -9.2 3
    endloop
  endfacet
  facet normal 0 0 1
    outer loop
      vertex -12.8 -0.799999 3
      vertex -28.2202 -8.70687 3
      vertex -28.0398 -9.00122 3
    endloop
  endfacet
  facet normal -0 0 1
    outer loop
      vertex -29.2 -0.799999 3
      vertex -28.2202 -8.70687 3
      vertex -12.8 -0.799999 3
    endloop
  endfacet
  facet normal 0 0 1
    outer loop
      vertex -28.2202 -8.70687 3
      vertex -29.2 -0.799999 3
      vertex -28.4444 -8.44436 3
    endloop
  endfacet
  facet normal 0 0 1
    outer loop
      vertex -28.4444 -8.44436 3
      vertex -29.2 -0.799999 3
      vertex -28.7069 -8.22016 3
    endloop
  endfacet
  facet normal 0 0 1
    outer loop
      vertex -28.7069 -8.22016 3
      vertex -29.2 -0.799999 3
      vertex -29.0012 -8.03979 3
    endloop
  endfacet
  facet normal 0 0 1
    outer loop
      vertex -29.0012 -8.03979 3
      vertex -29.2 -0.799999 3
      vertex -29.2 -7.95745 3
    endloop
  endfacet
  facet normal 0 0 1
    outer loop
      vertex -30.9988 12.0398 3
      vertex -30.8 0.799999 3
      vertex -30.8 11.9574 3
    endloop
  endfacet
  facet normal 0 0 1
    outer loop
      vertex -31.2931 12.2202 3
      vertex -30.8 0.799999 3
      vertex -30.9988 12.0398 3
    endloop
  endfacet
  facet normal 0 0 1
    outer loop
      vertex -31.5556 12.4444 3
      vertex -30.8 0.799999 3
      vertex -31.2931 12.2202 3
    endloop
  endfacet
  facet normal 0 0 1
    outer loop
      vertex -45.2 0.799999 3
      vertex -31.5556 12.4444 3
      vertex -31.7798 12.7069 3
    endloop
  endfacet
  facet normal 0 0 1
    outer loop
      vertex -45.2 13.2 3
      vertex -31.7798 12.7069 3
      vertex -31.9602 13.0012 3
    endloop
  endfacet
  facet normal -0 0 1
    outer loop
      vertex -45.2 13.2 3
      vertex -31.9602 13.0012 3
      vertex -32.0426 13.2 3
    endloop
  endfacet
  facet normal 0 0 1
    outer loop
      vertex -31.7798 12.7069 3
      vertex -45.2 13.2 3
      vertex -45.2 0.799999 3
    endloop
  endfacet
  facet normal 0 0 1
    outer loop
      vertex -31.5556 12.4444 3
      vertex -45.2 0.799999 3
      vertex -30.8 0.799999 3
    endloop
  endfacet
  facet normal 0 0 1
    outer loop
      vertex 35.2931 -0.220162 3
      vertex 39.2 5.95745 3
      vertex 39.0012 6.03979 3
    endloop
  endfacet
  facet normal 0 0 1
    outer loop
      vertex 34.9988 -0.0397854 3
      vertex 39.0012 6.03979 3
      vertex 38.7069 6.22016 3
    endloop
  endfacet
  facet normal 0 0 1
    outer loop
      vertex 34.8 0.0425516 3
      vertex 38.7069 6.22016 3
      vertex 38.4444 6.44436 3
    endloop
  endfacet
  facet normal 0 0 1
    outer loop
      vertex 34.8 7.2 3
      vertex 38.4444 6.44436 3
      vertex 38.2202 6.70687 3
    endloop
  endfacet
  facet normal 0 0 1
    outer loop
      vertex 34.8 7.2 3
      vertex 38.2202 6.70687 3
      vertex 38.0398 7.00122 3
    endloop
  endfacet
  facet normal -0 0 1
    outer loop
      vertex 34.8 7.2 3
      vertex 38.0398 7.00122 3
      vertex 37.9574 7.2 3
    endloop
  endfacet
  facet normal 0 0 1
    outer loop
      vertex 39.2 5.95745 3
      vertex 35.2931 -0.220162 3
      vertex 35.5556 -0.444365 3
    endloop
  endfacet
  facet normal 0 0 1
    outer loop
      vertex 39.2 -1.2 3
      vertex 35.9602 -1.00122 3
      vertex 36.0426 -1.2 3
    endloop
  endfacet
  facet normal 0 0 1
    outer loop
      vertex 39.2 -1.2 3
      vertex 35.7798 -0.706872 3
      vertex 35.9602 -1.00122 3
    endloop
  endfacet
  facet normal 0 0 1
    outer loop
      vertex 39.2 -1.2 3
      vertex 35.5556 -0.444365 3
      vertex 35.7798 -0.706872 3
    endloop
  endfacet
  facet normal 0 0 1
    outer loop
      vertex 39.2 5.95745 3
      vertex 35.5556 -0.444365 3
      vertex 39.2 -1.2 3
    endloop
  endfacet
  facet normal 0 0 1
    outer loop
      vertex 39.0012 6.03979 3
      vertex 34.9988 -0.0397854 3
      vertex 35.2931 -0.220162 3
    endloop
  endfacet
  facet normal 0 0 1
    outer loop
      vertex 38.4444 6.44436 3
      vertex 34.8 7.2 3
      vertex 34.8 0.0425516 3
    endloop
  endfacet
  facet normal 0 0 1
    outer loop
      vertex 38.7069 6.22016 3
      vertex 34.8 0.0425516 3
      vertex 34.9988 -0.0397854 3
    endloop
  endfacet
  facet normal 0 0 1
    outer loop
      vertex -30.8 -0.799999 3
      vertex -30.9988 -8.03979 3
      vertex -30.8 -7.95745 3
    endloop
  endfacet
  facet normal 0 0 1
    outer loop
      vertex -30.8 -0.799999 3
      vertex -31.2931 -8.22016 3
      vertex -30.9988 -8.03979 3
    endloop
  endfacet
  facet normal 0 0 1
    outer loop
      vertex -30.8 -0.799999 3
      vertex -31.5556 -8.44436 3
      vertex -31.2931 -8.22016 3
    endloop
  endfacet
  facet normal 0 0 1
    outer loop
      vertex -30.8 -0.799999 3
      vertex -31.7798 -8.70687 3
      vertex -31.5556 -8.44436 3
    endloop
  endfacet
  facet normal -0 0 1
    outer loop
      vertex -45.2 -0.799999 3
      vertex -31.7798 -8.70687 3
      vertex -30.8 -0.799999 3
    endloop
  endfacet
  facet normal 0 0 1
    outer loop
      vertex -31.7798 -8.70687 3
      vertex -45.2 -0.799999 3
      vertex -31.9602 -9.00122 3
    endloop
  endfacet
  facet normal 0 0 1
    outer loop
      vertex -31.9602 -9.00122 3
      vertex -45.2 -0.799999 3
      vertex -32.0923 -9.32016 3
    endloop
  endfacet
  facet normal 0 0 1
    outer loop
      vertex -44.4444 -14.4444 3
      vertex -32.2 -10 3
      vertex -32.1729 -9.65584 3
    endloop
  endfacet
  facet normal 0 -0 1
    outer loop
      vertex -44.7069 -14.2202 3
      vertex -32.0923 -9.32016 3
      vertex -45.2 -0.799999 3
    endloop
  endfacet
  facet normal 0 0 1
    outer loop
      vertex -32.2 -10 3
      vertex -43.8271 -15.6558 3
      vertex -43.8 -16 3
    endloop
  endfacet
  facet normal 0 0 1
    outer loop
      vertex -32.2 -10 3
      vertex -43.9077 -15.3202 3
      vertex -43.8271 -15.6558 3
    endloop
  endfacet
  facet normal 0 0 1
    outer loop
      vertex -32.2 -10 3
      vertex -44.0398 -15.0012 3
      vertex -43.9077 -15.3202 3
    endloop
  endfacet
  facet normal 0 0 1
    outer loop
      vertex -32.2 -10 3
      vertex -44.2202 -14.7069 3
      vertex -44.0398 -15.0012 3
    endloop
  endfacet
  facet normal 0 0 1
    outer loop
      vertex -32.2 -10 3
      vertex -44.4444 -14.4444 3
      vertex -44.2202 -14.7069 3
    endloop
  endfacet
  facet normal 0 0 1
    outer loop
      vertex -32.0923 -9.32016 3
      vertex -44.7069 -14.2202 3
      vertex -32.1729 -9.65584 3
    endloop
  endfacet
  facet normal 0 0 1
    outer loop
      vertex -32.1729 -9.65584 3
      vertex -44.7069 -14.2202 3
      vertex -44.4444 -14.4444 3
    endloop
  endfacet
  facet normal 0 0 1
    outer loop
      vertex -44.7069 -14.2202 3
      vertex -45.2 -0.799999 3
      vertex -45.0012 -14.0398 3
    endloop
  endfacet
  facet normal 0 0 1
    outer loop
      vertex -45.0012 -14.0398 3
      vertex -45.2 -0.799999 3
      vertex -45.2 -13.9574 3
    endloop
  endfacet
  facet normal 0 0 1
    outer loop
      vertex -47.9602 15.0012 3
      vertex -57.9574 14.8 3
      vertex -47.8369 14.8 3
    endloop
  endfacet
  facet normal 0 0 1
    outer loop
      vertex -48.0923 15.3202 3
      vertex -57.9574 14.8 3
      vertex -47.9602 15.0012 3
    endloop
  endfacet
  facet normal 0 0 1
    outer loop
      vertex -48.1729 15.6558 3
      vertex -57.9574 14.8 3
      vertex -48.0923 15.3202 3
    endloop
  endfacet
  facet normal 0 0 1
    outer loop
      vertex -57.9574 14.8 3
      vertex -48.1729 15.6558 3
      vertex -48.2 16 3
    endloop
  endfacet
  facet normal 0 0 1
    outer loop
      vertex -51.0123 7.84356 3
      vertex -46.8 13.2 3
      vertex -51 8 3
    endloop
  endfacet
  facet normal 0 0 1
    outer loop
      vertex -46.8 13.2 3
      vertex -51.0123 8.15643 3
      vertex -51 8 3
    endloop
  endfacet
  facet normal 0 0 1
    outer loop
      vertex -46.8 13.2 3
      vertex -51.0489 8.30902 3
      vertex -51.0123 8.15643 3
    endloop
  endfacet
  facet normal 0 0 1
    outer loop
      vertex -46.8 13.2 3
      vertex -51.109 8.45399 3
      vertex -51.0489 8.30902 3
    endloop
  endfacet
  facet normal 0 0 1
    outer loop
      vertex -46.8 13.2 3
      vertex -51.191 8.58778 3
      vertex -51.109 8.45399 3
    endloop
  endfacet
  facet normal 0 0 1
    outer loop
      vertex -46.8 13.2 3
      vertex -51.2929 8.70711 3
      vertex -51.191 8.58778 3
    endloop
  endfacet
  facet normal 0 0 1
    outer loop
      vertex -46.8 13.2 3
      vertex -51.4122 8.80902 3
      vertex -51.2929 8.70711 3
    endloop
  endfacet
  facet normal 0 0 1
    outer loop
      vertex -46.8 13.2 3
      vertex -51.546 8.89101 3
      vertex -51.4122 8.80902 3
    endloop
  endfacet
  facet normal 0 0 1
    outer loop
      vertex -46.8 13.2 3
      vertex -51.691 8.95106 3
      vertex -51.546 8.89101 3
    endloop
  endfacet
  facet normal 0 0 1
    outer loop
      vertex -46.8 13.2 3
      vertex -51.8436 8.98769 3
      vertex -51.691 8.95106 3
    endloop
  endfacet
  facet normal 0 0 1
    outer loop
      vertex -46.8 13.2 3
      vertex -52 9 3
      vertex -51.8436 8.98769 3
    endloop
  endfacet
  facet normal -0 0 1
    outer loop
      vertex -57.9574 13.2 3
      vertex -52 9 3
      vertex -46.8 13.2 3
    endloop
  endfacet
  facet normal 0 0 1
    outer loop
      vertex -52 9 3
      vertex -57.9574 13.2 3
      vertex -52.1564 8.98769 3
    endloop
  endfacet
  facet normal 0 0 1
    outer loop
      vertex -52.1564 8.98769 3
      vertex -57.9574 13.2 3
      vertex -52.309 8.95106 3
    endloop
  endfacet
  facet normal 0 0 1
    outer loop
      vertex -52.309 8.95106 3
      vertex -57.9574 13.2 3
      vertex -52.454 8.89101 3
    endloop
  endfacet
  facet normal 0 0 1
    outer loop
      vertex -59.0012 12.0398 3
      vertex -53 8 3
      vertex -52.9877 8.15643 3
    endloop
  endfacet
  facet normal 0 0 1
    outer loop
      vertex -58.7069 12.2202 3
      vertex -52.9877 8.15643 3
      vertex -52.9511 8.30902 3
    endloop
  endfacet
  facet normal 0 0 1
    outer loop
      vertex -53 8 3
      vertex -56.0398 0.998778 3
      vertex -55.9574 0.799999 3
    endloop
  endfacet
  facet normal 0 0 1
    outer loop
      vertex -58.4444 12.4444 3
      vertex -52.9511 8.30902 3
      vertex -52.891 8.45399 3
    endloop
  endfacet
  facet normal 0 0 1
    outer loop
      vertex -53 8 3
      vertex -56.2202 1.29313 3
      vertex -56.0398 0.998778 3
    endloop
  endfacet
  facet normal 0 0 1
    outer loop
      vertex -53 8 3
      vertex -56.4444 1.55563 3
      vertex -56.2202 1.29313 3
    endloop
  endfacet
  facet normal 0 0 1
    outer loop
      vertex -53 8 3
      vertex -56.7069 1.77984 3
      vertex -56.4444 1.55563 3
    endloop
  endfacet
  facet normal 0 0 1
    outer loop
      vertex -53 8 3
      vertex -57.0012 1.96021 3
      vertex -56.7069 1.77984 3
    endloop
  endfacet
  facet normal 0 0 1
    outer loop
      vertex -58.4444 12.4444 3
      vertex -52.891 8.45399 3
      vertex -52.809 8.58778 3
    endloop
  endfacet
  facet normal 0 0 1
    outer loop
      vertex -53 8 3
      vertex -57.3202 2.09232 3
      vertex -57.0012 1.96021 3
    endloop
  endfacet
  facet normal 0 0 1
    outer loop
      vertex -53 8 3
      vertex -57.6558 2.17291 3
      vertex -57.3202 2.09232 3
    endloop
  endfacet
  facet normal 0 0 1
    outer loop
      vertex -52.454 8.89101 3
      vertex -57.9574 13.2 3
      vertex -52.5878 8.80902 3
    endloop
  endfacet
  facet normal -0 0 1
    outer loop
      vertex -58.0398 13.0012 3
      vertex -52.5878 8.80902 3
      vertex -57.9574 13.2 3
    endloop
  endfacet
  facet normal 0 0 1
    outer loop
      vertex -52.5878 8.80902 3
      vertex -58.0398 13.0012 3
      vertex -52.7071 8.70711 3
    endloop
  endfacet
  facet normal -0 0 1
    outer loop
      vertex -58.2202 12.7069 3
      vertex -52.7071 8.70711 3
      vertex -58.0398 13.0012 3
    endloop
  endfacet
  facet normal 0 0 1
    outer loop
      vertex -52.7071 8.70711 3
      vertex -58.2202 12.7069 3
      vertex -52.809 8.58778 3
    endloop
  endfacet
  facet normal -0 0 1
    outer loop
      vertex -58.4444 12.4444 3
      vertex -52.809 8.58778 3
      vertex -58.2202 12.7069 3
    endloop
  endfacet
  facet normal 0 0 1
    outer loop
      vertex -52.9511 8.30902 3
      vertex -58.4444 12.4444 3
      vertex -58.7069 12.2202 3
    endloop
  endfacet
  facet normal 0 0 1
    outer loop
      vertex -52.9877 8.15643 3
      vertex -58.7069 12.2202 3
      vertex -59.0012 12.0398 3
    endloop
  endfacet
  facet normal 0 0 1
    outer loop
      vertex -53 8 3
      vertex -59.0012 12.0398 3
      vertex -59.3202 11.9077 3
    endloop
  endfacet
  facet normal 0 0 1
    outer loop
      vertex -53 8 3
      vertex -59.3202 11.9077 3
      vertex -58 2.2 3
    endloop
  endfacet
  facet normal 0 0 1
    outer loop
      vertex -53 8 3
      vertex -58 2.2 3
      vertex -57.6558 2.17291 3
    endloop
  endfacet
  facet normal -0 0 1
    outer loop
      vertex -59.6558 11.8271 3
      vertex -58 2.2 3
      vertex -59.3202 11.9077 3
    endloop
  endfacet
  facet normal 0 0 1
    outer loop
      vertex -58 2.2 3
      vertex -59.6558 11.8271 3
      vertex -58.3442 2.17291 3
    endloop
  endfacet
  facet normal -0 0 1
    outer loop
      vertex -60 11.8 3
      vertex -58.3442 2.17291 3
      vertex -59.6558 11.8271 3
    endloop
  endfacet
  facet normal 0 0 1
    outer loop
      vertex -58.3442 2.17291 3
      vertex -60 11.8 3
      vertex -58.6798 2.09232 3
    endloop
  endfacet
  facet normal 0 0 1
    outer loop
      vertex -60.3442 11.8271 3
      vertex -58.6798 2.09232 3
      vertex -60 11.8 3
    endloop
  endfacet
  facet normal 0 0 1
    outer loop
      vertex -58.6798 2.09232 3
      vertex -60.3442 11.8271 3
      vertex -58.9988 1.96021 3
    endloop
  endfacet
  facet normal 0 0 1
    outer loop
      vertex -60.6798 11.9077 3
      vertex -58.9988 1.96021 3
      vertex -60.3442 11.8271 3
    endloop
  endfacet
  facet normal 0 0 1
    outer loop
      vertex -58.9988 1.96021 3
      vertex -60.6798 11.9077 3
      vertex -59.2931 1.77984 3
    endloop
  endfacet
  facet normal 0 0 1
    outer loop
      vertex -60.9988 12.0398 3
      vertex -59.2931 1.77984 3
      vertex -60.6798 11.9077 3
    endloop
  endfacet
  facet normal 0 0 1
    outer loop
      vertex -59.2931 1.77984 3
      vertex -60.9988 12.0398 3
      vertex -59.5556 1.55563 3
    endloop
  endfacet
  facet normal 0 0 1
    outer loop
      vertex -61.2931 12.2202 3
      vertex -59.5556 1.55563 3
      vertex -60.9988 12.0398 3
    endloop
  endfacet
  facet normal 0 0 1
    outer loop
      vertex -59.5556 1.55563 3
      vertex -61.2931 12.2202 3
      vertex -59.7798 1.29313 3
    endloop
  endfacet
  facet normal 0 0 1
    outer loop
      vertex -72.2056 0.940456 3
      vertex -59.7798 1.29313 3
      vertex -61.2931 12.2202 3
    endloop
  endfacet
  facet normal 0 0 1
    outer loop
      vertex -59.7798 1.29313 3
      vertex -72.2056 0.940456 3
      vertex -59.9602 0.998778 3
    endloop
  endfacet
  facet normal 0 0 1
    outer loop
      vertex -60.2 0 3
      vertex -60.4444 -14.4444 3
      vertex -60.2202 -14.7069 3
    endloop
  endfacet
  facet normal 0 -0 1
    outer loop
      vertex -72.0744 0.726384 3
      vertex -59.9602 0.998778 3
      vertex -72.2056 0.940456 3
    endloop
  endfacet
  facet normal 0 0 1
    outer loop
      vertex -60.2 0 3
      vertex -60.7069 -14.2202 3
      vertex -60.4444 -14.4444 3
    endloop
  endfacet
  facet normal 0 0 1
    outer loop
      vertex -59.9602 0.998778 3
      vertex -72.0744 0.726384 3
      vertex -60.0923 0.679837 3
    endloop
  endfacet
  facet normal 0 0 1
    outer loop
      vertex -60.2 0 3
      vertex -61.0012 -14.0398 3
      vertex -60.7069 -14.2202 3
    endloop
  endfacet
  facet normal 0 -0 1
    outer loop
      vertex -71.9783 0.494427 3
      vertex -60.0923 0.679837 3
      vertex -72.0744 0.726384 3
    endloop
  endfacet
  facet normal 0 0 1
    outer loop
      vertex -60.2 0 3
      vertex -61.3202 -13.9077 3
      vertex -61.0012 -14.0398 3
    endloop
  endfacet
  facet normal 0 0 1
    outer loop
      vertex -72.3686 1.13137 3
      vertex -61.2931 12.2202 3
      vertex -61.5556 12.4444 3
    endloop
  endfacet
  facet normal 0 0 1
    outer loop
      vertex -60.2 0 3
      vertex -61.6558 -13.8271 3
      vertex -61.3202 -13.9077 3
    endloop
  endfacet
  facet normal 0 0 1
    outer loop
      vertex -72.5595 1.29443 3
      vertex -61.5556 12.4444 3
      vertex -61.7798 12.7069 3
    endloop
  endfacet
  facet normal 0 0 1
    outer loop
      vertex -72.7736 1.42561 3
      vertex -61.7798 12.7069 3
      vertex -61.9602 13.0012 3
    endloop
  endfacet
  facet normal 0 0 1
    outer loop
      vertex -71.9197 -0.250295 3
      vertex -60.2 0 3
      vertex -71.9 0 3
    endloop
  endfacet
  facet normal 0 0 1
    outer loop
      vertex -73.0056 1.52169 3
      vertex -61.9602 13.0012 3
      vertex -62.0923 13.3202 3
    endloop
  endfacet
  facet normal 0 0 1
    outer loop
      vertex -73.2497 1.5803 3
      vertex -62.0923 13.3202 3
      vertex -62.1729 13.6558 3
    endloop
  endfacet
  facet normal 0 0 1
    outer loop
      vertex -73.5 1.6 3
      vertex -62.1729 13.6558 3
      vertex -62.2 14 3
    endloop
  endfacet
  facet normal 0 0 1
    outer loop
      vertex -71.9783 -0.494427 3
      vertex -60.2 0 3
      vertex -71.9197 -0.250295 3
    endloop
  endfacet
  facet normal 0 0 1
    outer loop
      vertex -46.8 13.2 3
      vertex -51.0123 7.84356 3
      vertex -46.8 0.799999 3
    endloop
  endfacet
  facet normal -0 0 1
    outer loop
      vertex -51.0489 7.69098 3
      vertex -46.8 0.799999 3
      vertex -51.0123 7.84356 3
    endloop
  endfacet
  facet normal -0 0 1
    outer loop
      vertex -51.109 7.54601 3
      vertex -46.8 0.799999 3
      vertex -51.0489 7.69098 3
    endloop
  endfacet
  facet normal -0 0 1
    outer loop
      vertex -51.191 7.41221 3
      vertex -46.8 0.799999 3
      vertex -51.109 7.54601 3
    endloop
  endfacet
  facet normal -0 0 1
    outer loop
      vertex -51.2929 7.29289 3
      vertex -46.8 0.799999 3
      vertex -51.191 7.41221 3
    endloop
  endfacet
  facet normal -0 0 1
    outer loop
      vertex -51.4122 7.19098 3
      vertex -46.8 0.799999 3
      vertex -51.2929 7.29289 3
    endloop
  endfacet
  facet normal -0 0 1
    outer loop
      vertex -51.546 7.10899 3
      vertex -46.8 0.799999 3
      vertex -51.4122 7.19098 3
    endloop
  endfacet
  facet normal -0 0 1
    outer loop
      vertex -51.691 7.04894 3
      vertex -46.8 0.799999 3
      vertex -51.546 7.10899 3
    endloop
  endfacet
  facet normal -0 0 1
    outer loop
      vertex -51.8436 7.01231 3
      vertex -46.8 0.799999 3
      vertex -51.691 7.04894 3
    endloop
  endfacet
  facet normal 0 0 1
    outer loop
      vertex -55.9574 0.799999 3
      vertex -51.8436 7.01231 3
      vertex -52 7 3
    endloop
  endfacet
  facet normal 0 0 1
    outer loop
      vertex -55.9574 0.799999 3
      vertex -52 7 3
      vertex -52.1564 7.01231 3
    endloop
  endfacet
  facet normal 0 0 1
    outer loop
      vertex -55.9574 0.799999 3
      vertex -52.1564 7.01231 3
      vertex -52.309 7.04894 3
    endloop
  endfacet
  facet normal 0 0 1
    outer loop
      vertex -55.9574 0.799999 3
      vertex -52.309 7.04894 3
      vertex -52.454 7.10899 3
    endloop
  endfacet
  facet normal 0 0 1
    outer loop
      vertex -55.9574 0.799999 3
      vertex -52.454 7.10899 3
      vertex -52.5878 7.19098 3
    endloop
  endfacet
  facet normal 0 0 1
    outer loop
      vertex -55.9574 0.799999 3
      vertex -52.5878 7.19098 3
      vertex -52.7071 7.29289 3
    endloop
  endfacet
  facet normal 0 0 1
    outer loop
      vertex -51.8436 7.01231 3
      vertex -55.9574 0.799999 3
      vertex -46.8 0.799999 3
    endloop
  endfacet
  facet normal 0 0 1
    outer loop
      vertex -52.809 7.41221 3
      vertex -55.9574 0.799999 3
      vertex -52.7071 7.29289 3
    endloop
  endfacet
  facet normal 0 0 1
    outer loop
      vertex -52.891 7.54601 3
      vertex -55.9574 0.799999 3
      vertex -52.809 7.41221 3
    endloop
  endfacet
  facet normal 0 0 1
    outer loop
      vertex -52.9511 7.69098 3
      vertex -55.9574 0.799999 3
      vertex -52.891 7.54601 3
    endloop
  endfacet
  facet normal 0 0 1
    outer loop
      vertex -52.9877 7.84356 3
      vertex -55.9574 0.799999 3
      vertex -52.9511 7.69098 3
    endloop
  endfacet
  facet normal 0 0 1
    outer loop
      vertex -55.9574 0.799999 3
      vertex -52.9877 7.84356 3
      vertex -53 8 3
    endloop
  endfacet
  facet normal 0 0 1
    outer loop
      vertex -46.8 -0.799999 3
      vertex -46.9988 -14.0398 3
      vertex -46.8 -13.9574 3
    endloop
  endfacet
  facet normal -0 0 1
    outer loop
      vertex -56.4444 -1.55563 3
      vertex -46.9988 -14.0398 3
      vertex -46.8 -0.799999 3
    endloop
  endfacet
  facet normal 0 0 1
    outer loop
      vertex -46.9988 -14.0398 3
      vertex -56.4444 -1.55563 3
      vertex -47.2931 -14.2202 3
    endloop
  endfacet
  facet normal -0 0 1
    outer loop
      vertex -56.7069 -1.77984 3
      vertex -47.2931 -14.2202 3
      vertex -56.4444 -1.55563 3
    endloop
  endfacet
  facet normal 0 0 1
    outer loop
      vertex -47.2931 -14.2202 3
      vertex -56.7069 -1.77984 3
      vertex -47.5556 -14.4444 3
    endloop
  endfacet
  facet normal -0 0 1
    outer loop
      vertex -57.0012 -1.96021 3
      vertex -47.5556 -14.4444 3
      vertex -56.7069 -1.77984 3
    endloop
  endfacet
  facet normal 0 0 1
    outer loop
      vertex -56.0398 -0.998778 3
      vertex -46.8 -0.799999 3
      vertex -55.9574 -0.799999 3
    endloop
  endfacet
  facet normal 0 0 1
    outer loop
      vertex -56.2202 -1.29313 3
      vertex -46.8 -0.799999 3
      vertex -56.0398 -0.998778 3
    endloop
  endfacet
  facet normal 0 0 1
    outer loop
      vertex -56.4444 -1.55563 3
      vertex -46.8 -0.799999 3
      vertex -56.2202 -1.29313 3
    endloop
  endfacet
  facet normal 0 0 1
    outer loop
      vertex -47.5556 -14.4444 3
      vertex -57.0012 -1.96021 3
      vertex -47.7798 -14.7069 3
    endloop
  endfacet
  facet normal 0 0 1
    outer loop
      vertex -60.2202 -14.7069 3
      vertex -47.7798 -14.7069 3
      vertex -57.0012 -1.96021 3
    endloop
  endfacet
  facet normal 0 0 1
    outer loop
      vertex -47.7798 -14.7069 3
      vertex -60.2202 -14.7069 3
      vertex -47.9602 -15.0012 3
    endloop
  endfacet
  facet normal 0 0 1
    outer loop
      vertex -60.2202 -14.7069 3
      vertex -57.0012 -1.96021 3
      vertex -57.3202 -2.09232 3
    endloop
  endfacet
  facet normal 0 0 1
    outer loop
      vertex -60.2202 -14.7069 3
      vertex -57.3202 -2.09232 3
      vertex -57.6558 -2.17291 3
    endloop
  endfacet
  facet normal 0 0 1
    outer loop
      vertex -60.2202 -14.7069 3
      vertex -57.6558 -2.17291 3
      vertex -58 -2.2 3
    endloop
  endfacet
  facet normal 0 0 1
    outer loop
      vertex -60.2202 -14.7069 3
      vertex -58 -2.2 3
      vertex -58.3442 -2.17291 3
    endloop
  endfacet
  facet normal 0 0 1
    outer loop
      vertex -60.2202 -14.7069 3
      vertex -58.3442 -2.17291 3
      vertex -58.6798 -2.09232 3
    endloop
  endfacet
  facet normal 0 0 1
    outer loop
      vertex -60.2202 -14.7069 3
      vertex -58.6798 -2.09232 3
      vertex -58.9988 -1.96021 3
    endloop
  endfacet
  facet normal 0 0 1
    outer loop
      vertex -60.2202 -14.7069 3
      vertex -58.9988 -1.96021 3
      vertex -59.2931 -1.77984 3
    endloop
  endfacet
  facet normal 0 0 1
    outer loop
      vertex -60.2202 -14.7069 3
      vertex -59.2931 -1.77984 3
      vertex -59.5556 -1.55563 3
    endloop
  endfacet
  facet normal 0 0 1
    outer loop
      vertex -60.2202 -14.7069 3
      vertex -59.5556 -1.55563 3
      vertex -59.7798 -1.29313 3
    endloop
  endfacet
  facet normal 0 -0 1
    outer loop
      vertex -60.0398 -15.0012 3
      vertex -47.9602 -15.0012 3
      vertex -60.2202 -14.7069 3
    endloop
  endfacet
  facet normal 0 0 1
    outer loop
      vertex -60.2202 -14.7069 3
      vertex -59.7798 -1.29313 3
      vertex -59.9602 -0.998778 3
    endloop
  endfacet
  facet normal 0 0 1
    outer loop
      vertex -48.0426 -15.2 3
      vertex -60.0398 -15.0012 3
      vertex -59.9574 -15.2 3
    endloop
  endfacet
  facet normal 0 0 1
    outer loop
      vertex -60.2202 -14.7069 3
      vertex -59.9602 -0.998778 3
      vertex -60.0923 -0.679837 3
    endloop
  endfacet
  facet normal 0 0 1
    outer loop
      vertex -60.2202 -14.7069 3
      vertex -60.0923 -0.679837 3
      vertex -60.1729 -0.344155 3
    endloop
  endfacet
  facet normal 0 0 1
    outer loop
      vertex -60.2202 -14.7069 3
      vertex -60.1729 -0.344155 3
      vertex -60.2 0 3
    endloop
  endfacet
  facet normal 0 0 1
    outer loop
      vertex -47.9602 -15.0012 3
      vertex -60.0398 -15.0012 3
      vertex -48.0426 -15.2 3
    endloop
  endfacet
  facet normal 0 0 1
    outer loop
      vertex -12.8 -10.8 3
      vertex -12.9988 -14.0398 3
      vertex -12.8 -13.9574 3
    endloop
  endfacet
  facet normal 0 0 1
    outer loop
      vertex -12.8 -10.8 3
      vertex -13.2931 -14.2202 3
      vertex -12.9988 -14.0398 3
    endloop
  endfacet
  facet normal 0 0 1
    outer loop
      vertex -12.8 -10.8 3
      vertex -13.5556 -14.4444 3
      vertex -13.2931 -14.2202 3
    endloop
  endfacet
  facet normal -0 0 1
    outer loop
      vertex -19.109 -13.546 3
      vertex -13.5556 -14.4444 3
      vertex -12.8 -10.8 3
    endloop
  endfacet
  facet normal -0 -0 1
    outer loop
      vertex -19.0489 -13.691 3
      vertex -13.5556 -14.4444 3
      vertex -19.109 -13.546 3
    endloop
  endfacet
  facet normal 0 0 1
    outer loop
      vertex -13.5556 -14.4444 3
      vertex -19.0489 -13.691 3
      vertex -13.7798 -14.7069 3
    endloop
  endfacet
  facet normal -0 0 1
    outer loop
      vertex -19.0489 -14.309 3
      vertex -14.0923 -15.3202 3
      vertex -19.0123 -14.1564 3
    endloop
  endfacet
  facet normal -0 0 1
    outer loop
      vertex -19.0123 -14.1564 3
      vertex -14.0923 -15.3202 3
      vertex -19 -14 3
    endloop
  endfacet
  facet normal 0 0 1
    outer loop
      vertex -13.7798 -14.7069 3
      vertex -19.0123 -13.8436 3
      vertex -13.9602 -15.0012 3
    endloop
  endfacet
  facet normal 0 0 1
    outer loop
      vertex -13.9602 -15.0012 3
      vertex -19 -14 3
      vertex -14.0923 -15.3202 3
    endloop
  endfacet
  facet normal -0 -0 1
    outer loop
      vertex -19 -14 3
      vertex -13.9602 -15.0012 3
      vertex -19.0123 -13.8436 3
    endloop
  endfacet
  facet normal -0 -0 1
    outer loop
      vertex -19.0123 -13.8436 3
      vertex -13.7798 -14.7069 3
      vertex -19.0489 -13.691 3
    endloop
  endfacet
  facet normal 0 0 1
    outer loop
      vertex -12.8 -10.8 3
      vertex -19.191 -13.4122 3
      vertex -19.109 -13.546 3
    endloop
  endfacet
  facet normal 0 0 1
    outer loop
      vertex -12.8 -10.8 3
      vertex -19.2929 -13.2929 3
      vertex -19.191 -13.4122 3
    endloop
  endfacet
  facet normal 0 0 1
    outer loop
      vertex -12.8 -10.8 3
      vertex -19.4122 -13.191 3
      vertex -19.2929 -13.2929 3
    endloop
  endfacet
  facet normal 0 0 1
    outer loop
      vertex -12.8 -10.8 3
      vertex -19.546 -13.109 3
      vertex -19.4122 -13.191 3
    endloop
  endfacet
  facet normal 0 0 1
    outer loop
      vertex -12.8 -10.8 3
      vertex -19.691 -13.0489 3
      vertex -19.546 -13.109 3
    endloop
  endfacet
  facet normal 0 0 1
    outer loop
      vertex -12.8 -10.8 3
      vertex -19.8436 -13.0123 3
      vertex -19.691 -13.0489 3
    endloop
  endfacet
  facet normal 0 0 1
    outer loop
      vertex -12.8 -10.8 3
      vertex -20 -13 3
      vertex -19.8436 -13.0123 3
    endloop
  endfacet
  facet normal -0 0 1
    outer loop
      vertex -27.9574 -10.8 3
      vertex -20 -13 3
      vertex -12.8 -10.8 3
    endloop
  endfacet
  facet normal 0 0 1
    outer loop
      vertex -20 -13 3
      vertex -27.9574 -10.8 3
      vertex -20.1564 -13.0123 3
    endloop
  endfacet
  facet normal 0 0 1
    outer loop
      vertex -20.9511 -13.691 3
      vertex -28.0398 -10.9988 3
      vertex -20.9877 -13.8436 3
    endloop
  endfacet
  facet normal -0 0 1
    outer loop
      vertex -28.0398 -10.9988 3
      vertex -20.9511 -13.691 3
      vertex -27.9574 -10.8 3
    endloop
  endfacet
  facet normal 0 0 1
    outer loop
      vertex -20.891 -13.546 3
      vertex -27.9574 -10.8 3
      vertex -20.9511 -13.691 3
    endloop
  endfacet
  facet normal 0 0 1
    outer loop
      vertex -20.809 -13.4122 3
      vertex -27.9574 -10.8 3
      vertex -20.891 -13.546 3
    endloop
  endfacet
  facet normal 0 0 1
    outer loop
      vertex -20.7071 -13.2929 3
      vertex -27.9574 -10.8 3
      vertex -20.809 -13.4122 3
    endloop
  endfacet
  facet normal 0 0 1
    outer loop
      vertex -20.5878 -13.191 3
      vertex -27.9574 -10.8 3
      vertex -20.7071 -13.2929 3
    endloop
  endfacet
  facet normal 0 0 1
    outer loop
      vertex -20.454 -13.109 3
      vertex -27.9574 -10.8 3
      vertex -20.5878 -13.191 3
    endloop
  endfacet
  facet normal 0 0 1
    outer loop
      vertex -20.309 -13.0489 3
      vertex -27.9574 -10.8 3
      vertex -20.454 -13.109 3
    endloop
  endfacet
  facet normal 0 0 1
    outer loop
      vertex -20.1564 -13.0123 3
      vertex -27.9574 -10.8 3
      vertex -20.309 -13.0489 3
    endloop
  endfacet
  facet normal 0 0 1
    outer loop
      vertex -9.82709 15.6558 3
      vertex -8.8 15.9574 3
      vertex -8.99878 16.0398 3
    endloop
  endfacet
  facet normal 0 0 1
    outer loop
      vertex -10.4444 14.4444 3
      vertex -8.8 15.9574 3
      vertex -10.2202 14.7069 3
    endloop
  endfacet
  facet normal 0 0 1
    outer loop
      vertex -9.82709 15.6558 3
      vertex -8.99878 16.0398 3
      vertex -9.29313 16.2202 3
    endloop
  endfacet
  facet normal 0 0 1
    outer loop
      vertex -8.8 15.9574 3
      vertex -10.0398 15.0012 3
      vertex -10.2202 14.7069 3
    endloop
  endfacet
  facet normal 0 0 1
    outer loop
      vertex -9.8 16 3
      vertex -9.29313 16.2202 3
      vertex -9.55563 16.4444 3
    endloop
  endfacet
  facet normal 0 0 1
    outer loop
      vertex -8.8 15.9574 3
      vertex -9.90767 15.3202 3
      vertex -10.0398 15.0012 3
    endloop
  endfacet
  facet normal 0 0 1
    outer loop
      vertex -9.82709 16.3442 3
      vertex -9.55563 16.4444 3
      vertex -9.77984 16.7069 3
    endloop
  endfacet
  facet normal 0 0 1
    outer loop
      vertex -9.29313 16.2202 3
      vertex -9.8 16 3
      vertex -9.82709 15.6558 3
    endloop
  endfacet
  facet normal 0 0 1
    outer loop
      vertex -8.8 15.9574 3
      vertex -9.82709 15.6558 3
      vertex -9.90767 15.3202 3
    endloop
  endfacet
  facet normal 0 0 1
    outer loop
      vertex -9.55563 16.4444 3
      vertex -9.82709 16.3442 3
      vertex -9.8 16 3
    endloop
  endfacet
  facet normal 0 0 1
    outer loop
      vertex -9.77984 16.7069 3
      vertex -9.90767 16.6798 3
      vertex -9.82709 16.3442 3
    endloop
  endfacet
  facet normal 0 0 1
    outer loop
      vertex -9.96021 17.0012 3
      vertex -9.90767 16.6798 3
      vertex -9.77984 16.7069 3
    endloop
  endfacet
  facet normal 0 0 1
    outer loop
      vertex -9.96021 17.0012 3
      vertex -10.0398 16.9988 3
      vertex -9.90767 16.6798 3
    endloop
  endfacet
  facet normal 0 0 1
    outer loop
      vertex -10.0923 17.3202 3
      vertex -10.0398 16.9988 3
      vertex -9.96021 17.0012 3
    endloop
  endfacet
  facet normal 0 0 1
    outer loop
      vertex -10.2202 17.2931 3
      vertex -10.0923 17.3202 3
      vertex -10.1729 17.6558 3
    endloop
  endfacet
  facet normal 0 0 1
    outer loop
      vertex -10.0923 17.3202 3
      vertex -10.2202 17.2931 3
      vertex -10.0398 16.9988 3
    endloop
  endfacet
  facet normal 0 0 1
    outer loop
      vertex -10.4444 17.5556 3
      vertex -10.1729 17.6558 3
      vertex -10.2 18 3
    endloop
  endfacet
  facet normal 0 0 1
    outer loop
      vertex -8.8 15.9574 3
      vertex -10.4444 14.4444 3
      vertex -8.8 2.04255 3
    endloop
  endfacet
  facet normal -0 0 1
    outer loop
      vertex -10.7069 14.2202 3
      vertex -8.8 2.04255 3
      vertex -10.4444 14.4444 3
    endloop
  endfacet
  facet normal -0 0 1
    outer loop
      vertex -11.0012 14.0398 3
      vertex -8.8 2.04255 3
      vertex -10.7069 14.2202 3
    endloop
  endfacet
  facet normal -0 0 1
    outer loop
      vertex -11.2 13.9574 3
      vertex -8.8 2.04255 3
      vertex -11.0012 14.0398 3
    endloop
  endfacet
  facet normal 0 0 1
    outer loop
      vertex -8.8 2.04255 3
      vertex -11.2 13.9574 3
      vertex -8.99878 1.96021 3
    endloop
  endfacet
  facet normal 0 0 1
    outer loop
      vertex -8.99878 1.96021 3
      vertex -11.2 13.9574 3
      vertex -9.29313 1.77984 3
    endloop
  endfacet
  facet normal 0 0 1
    outer loop
      vertex -11.2 0.799999 3
      vertex -9.29313 1.77984 3
      vertex -11.2 13.9574 3
    endloop
  endfacet
  facet normal 0 0 1
    outer loop
      vertex -9.29313 1.77984 3
      vertex -11.2 0.799999 3
      vertex -9.55563 1.55563 3
    endloop
  endfacet
  facet normal 0 0 1
    outer loop
      vertex -9.55563 1.55563 3
      vertex -11.2 0.799999 3
      vertex -9.77984 1.29313 3
    endloop
  endfacet
  facet normal 0 0 1
    outer loop
      vertex -9.77984 1.29313 3
      vertex -11.2 0.799999 3
      vertex -9.96021 0.998778 3
    endloop
  endfacet
  facet normal 0 0 1
    outer loop
      vertex -9.96021 0.998778 3
      vertex -11.2 0.799999 3
      vertex -10.0426 0.799999 3
    endloop
  endfacet
  facet normal 0 0 1
    outer loop
      vertex 20.2202 -17.2931 3
      vertex 8.04669 -21.0002 3
      vertex 8.05698 -21.1859 3
    endloop
  endfacet
  facet normal 0 0 1
    outer loop
      vertex 20.0398 -16.9988 3
      vertex 8.01584 -20.8254 3
      vertex 8.04669 -21.0002 3
    endloop
  endfacet
  facet normal 0 0 1
    outer loop
      vertex 19.9574 -16.8 3
      vertex 7.96442 -20.6616 3
      vertex 8.01584 -20.8254 3
    endloop
  endfacet
  facet normal -0 0 1
    outer loop
      vertex 7.71547 -18.6249 3
      vertex 7.96442 -20.6616 3
      vertex 19.9574 -16.8 3
    endloop
  endfacet
  facet normal -0 0 1
    outer loop
      vertex 7.69173 -18.7809 3
      vertex 7.96442 -20.6616 3
      vertex 7.71547 -18.6249 3
    endloop
  endfacet
  facet normal 0 0 1
    outer loop
      vertex 7.71547 -18.6249 3
      vertex 19.9574 -16.8 3
      vertex 7.72337 -18.4599 3
    endloop
  endfacet
  facet normal 0 0 1
    outer loop
      vertex 19.9574 -16.8 3
      vertex 7.66731 -18.0347 3
      vertex 7.72337 -18.4599 3
    endloop
  endfacet
  facet normal 0 0 1
    outer loop
      vertex 19.9574 -16.8 3
      vertex 7.49915 -17.6868 3
      vertex 7.66731 -18.0347 3
    endloop
  endfacet
  facet normal 0 0 1
    outer loop
      vertex 19.9574 -16.8 3
      vertex 7.21886 -17.4163 3
      vertex 7.49915 -17.6868 3
    endloop
  endfacet
  facet normal 0 0 1
    outer loop
      vertex 19.9574 -16.8 3
      vertex 6.82645 -17.223 3
      vertex 7.21886 -17.4163 3
    endloop
  endfacet
  facet normal 0 0 1
    outer loop
      vertex 19.9574 -16.8 3
      vertex 6.32191 -17.107 3
      vertex 6.82645 -17.223 3
    endloop
  endfacet
  facet normal 0 0 1
    outer loop
      vertex 19.9574 -16.8 3
      vertex 5.70528 -17.0684 3
      vertex 6.32191 -17.107 3
    endloop
  endfacet
  facet normal -0 0 1
    outer loop
      vertex 0.572601 -16.9929 3
      vertex 5.70528 -17.0684 3
      vertex 19.9574 -16.8 3
    endloop
  endfacet
  facet normal 0 0 1
    outer loop
      vertex 3.62209 -17.0684 3
      vertex 2.76178 -21.369 3
      vertex 3.62209 -22.8012 3
    endloop
  endfacet
  facet normal 0 0 1
    outer loop
      vertex 3.62209 -17.0684 3
      vertex 2.70892 -18.403 3
      vertex 2.76178 -21.369 3
    endloop
  endfacet
  facet normal 0 0 1
    outer loop
      vertex 3.62209 -17.0684 3
      vertex 2.60359 -18.1779 3
      vertex 2.70892 -18.403 3
    endloop
  endfacet
  facet normal 0 0 1
    outer loop
      vertex 3.62209 -17.0684 3
      vertex 2.48016 -17.9721 3
      vertex 2.60359 -18.1779 3
    endloop
  endfacet
  facet normal 0 0 1
    outer loop
      vertex 3.62209 -17.0684 3
      vertex 2.33865 -17.7855 3
      vertex 2.48016 -17.9721 3
    endloop
  endfacet
  facet normal 0 0 1
    outer loop
      vertex 3.62209 -17.0684 3
      vertex 2.17906 -17.6181 3
      vertex 2.33865 -17.7855 3
    endloop
  endfacet
  facet normal 0 0 1
    outer loop
      vertex 3.62209 -17.0684 3
      vertex 2.00139 -17.47 3
      vertex 2.17906 -17.6181 3
    endloop
  endfacet
  facet normal 0 0 1
    outer loop
      vertex 3.62209 -17.0684 3
      vertex 1.80563 -17.341 3
      vertex 2.00139 -17.47 3
    endloop
  endfacet
  facet normal 0 0 1
    outer loop
      vertex 3.62209 -17.0684 3
      vertex 1.59248 -17.2316 3
      vertex 1.80563 -17.341 3
    endloop
  endfacet
  facet normal 0 0 1
    outer loop
      vertex 3.62209 -17.0684 3
      vertex 1.36261 -17.1421 3
      vertex 1.59248 -17.2316 3
    endloop
  endfacet
  facet normal 0 0 1
    outer loop
      vertex 3.62209 -17.0684 3
      vertex 1.116 -17.0725 3
      vertex 1.36261 -17.1421 3
    endloop
  endfacet
  facet normal 0 0 1
    outer loop
      vertex 5.70528 -17.0684 3
      vertex 0.572601 -16.9929 3
      vertex 3.62209 -17.0684 3
    endloop
  endfacet
  facet normal 0 0 1
    outer loop
      vertex 3.62209 -17.0684 3
      vertex 0.852661 -17.0227 3
      vertex 1.116 -17.0725 3
    endloop
  endfacet
  facet normal 0 0 1
    outer loop
      vertex 3.62209 -17.0684 3
      vertex 0.572601 -16.9929 3
      vertex 0.852661 -17.0227 3
    endloop
  endfacet
  facet normal 0 0 1
    outer loop
      vertex 19.9574 -16.8 3
      vertex 0.275803 -16.9829 3
      vertex 0.572601 -16.9929 3
    endloop
  endfacet
  facet normal 0 0 1
    outer loop
      vertex -2.43304 -19.0602 3
      vertex -3.26277 -19.0555 3
      vertex -2.49475 -19.4678 3
    endloop
  endfacet
  facet normal -0 0 1
    outer loop
      vertex -3.26277 -19.0555 3
      vertex -2.43304 -19.0602 3
      vertex -3.24803 -18.7936 3
    endloop
  endfacet
  facet normal 0 0 1
    outer loop
      vertex -2.3302 -18.6857 3
      vertex -3.24803 -18.7936 3
      vertex -2.43304 -19.0602 3
    endloop
  endfacet
  facet normal -0 0 1
    outer loop
      vertex -3.26273 -18.5299 3
      vertex -2.3302 -18.6857 3
      vertex -2.18622 -18.3441 3
    endloop
  endfacet
  facet normal -0 0 1
    outer loop
      vertex -3.38026 -18.0642 3
      vertex -2.18622 -18.3441 3
      vertex -2.00111 -18.0356 3
    endloop
  endfacet
  facet normal -0 0 1
    outer loop
      vertex -3.48312 -17.8623 3
      vertex -2.00111 -18.0356 3
      vertex -1.77486 -17.7601 3
    endloop
  endfacet
  facet normal -0 0 1
    outer loop
      vertex -3.61536 -17.6809 3
      vertex -1.77486 -17.7601 3
      vertex -1.51219 -17.5226 3
    endloop
  endfacet
  facet normal 0 0 1
    outer loop
      vertex -2.3302 -18.6857 3
      vertex -3.26273 -18.5299 3
      vertex -3.24803 -18.7936 3
    endloop
  endfacet
  facet normal -0 0 1
    outer loop
      vertex -3.96538 -17.382 3
      vertex -1.51219 -17.5226 3
      vertex -1.21788 -17.3283 3
    endloop
  endfacet
  facet normal 0 0 1
    outer loop
      vertex -2.18622 -18.3441 3
      vertex -3.30679 -18.2868 3
      vertex -3.26273 -18.5299 3
    endloop
  endfacet
  facet normal -0 0 1
    outer loop
      vertex -4.17796 -17.2691 3
      vertex -1.21788 -17.3283 3
      vertex -0.891922 -17.1772 3
    endloop
  endfacet
  facet normal 0 0 1
    outer loop
      vertex -2.18622 -18.3441 3
      vertex -3.38026 -18.0642 3
      vertex -3.30679 -18.2868 3
    endloop
  endfacet
  facet normal 0 0 1
    outer loop
      vertex -2.00111 -18.0356 3
      vertex -3.48312 -17.8623 3
      vertex -3.38026 -18.0642 3
    endloop
  endfacet
  facet normal 0 0 1
    outer loop
      vertex -4.41473 -17.1813 3
      vertex -0.891922 -17.1772 3
      vertex -0.534332 -17.0693 3
    endloop
  endfacet
  facet normal 0 0 1
    outer loop
      vertex -1.77486 -17.7601 3
      vertex -3.61536 -17.6809 3
      vertex -3.48312 -17.8623 3
    endloop
  endfacet
  facet normal 0 0 1
    outer loop
      vertex -1.51219 -17.5226 3
      vertex -3.77699 -17.5201 3
      vertex -3.61536 -17.6809 3
    endloop
  endfacet
  facet normal 0 0 1
    outer loop
      vertex -4.6757 -17.1186 3
      vertex -0.534332 -17.0693 3
      vertex -0.145081 -17.0045 3
    endloop
  endfacet
  facet normal 0 0 1
    outer loop
      vertex -1.51219 -17.5226 3
      vertex -3.96538 -17.382 3
      vertex -3.77699 -17.5201 3
    endloop
  endfacet
  facet normal 0 0 1
    outer loop
      vertex -1.21788 -17.3283 3
      vertex -4.17796 -17.2691 3
      vertex -3.96538 -17.382 3
    endloop
  endfacet
  facet normal 0 0 1
    outer loop
      vertex -0.891922 -17.1772 3
      vertex -4.41473 -17.1813 3
      vertex -4.17796 -17.2691 3
    endloop
  endfacet
  facet normal 0 0 1
    outer loop
      vertex -5.2702 -17.0684 3
      vertex -0.145081 -17.0045 3
      vertex 0.275803 -16.9829 3
    endloop
  endfacet
  facet normal 0 0 1
    outer loop
      vertex -0.534332 -17.0693 3
      vertex -4.6757 -17.1186 3
      vertex -4.41473 -17.1813 3
    endloop
  endfacet
  facet normal 0 0 1
    outer loop
      vertex -0.145081 -17.0045 3
      vertex -4.96086 -17.0809 3
      vertex -4.6757 -17.1186 3
    endloop
  endfacet
  facet normal 0 0 1
    outer loop
      vertex -0.145081 -17.0045 3
      vertex -5.2702 -17.0684 3
      vertex -4.96086 -17.0809 3
    endloop
  endfacet
  facet normal 0 0 1
    outer loop
      vertex -9.95745 -16.8 3
      vertex -5.2702 -17.0684 3
      vertex 0.275803 -16.9829 3
    endloop
  endfacet
  facet normal -0 0 1
    outer loop
      vertex -10.0398 -16.9988 3
      vertex -7.68292 -17.0684 3
      vertex -9.95745 -16.8 3
    endloop
  endfacet
  facet normal 0 0 1
    outer loop
      vertex -5.2702 -17.0684 3
      vertex -9.95745 -16.8 3
      vertex -7.68292 -17.0684 3
    endloop
  endfacet
  facet normal -0 0 1
    outer loop
      vertex -9.95745 -16.8 3
      vertex 0.275803 -16.9829 3
      vertex 19.9574 -16.8 3
    endloop
  endfacet
  facet normal 0 0 1
    outer loop
      vertex 33.2 7.2 3
      vertex 33.0012 -0.0397854 3
      vertex 33.2 0.0425516 3
    endloop
  endfacet
  facet normal 0 0 1
    outer loop
      vertex 33.2 7.2 3
      vertex 32.7069 -0.220162 3
      vertex 33.0012 -0.0397854 3
    endloop
  endfacet
  facet normal 0 0 1
    outer loop
      vertex 33.2 7.2 3
      vertex 32.4444 -0.444365 3
      vertex 32.7069 -0.220162 3
    endloop
  endfacet
  facet normal -0 0 1
    outer loop
      vertex 22.8 7.2 3
      vertex 32.4444 -0.444365 3
      vertex 33.2 7.2 3
    endloop
  endfacet
  facet normal 0 0 1
    outer loop
      vertex 32.4444 -0.444365 3
      vertex 22.8 7.2 3
      vertex 32.2202 -0.706872 3
    endloop
  endfacet
  facet normal 0 0 1
    outer loop
      vertex 32.2202 -0.706872 3
      vertex 22.8 7.2 3
      vertex 32.0398 -1.00122 3
    endloop
  endfacet
  facet normal 0 0 1
    outer loop
      vertex 32.0398 -1.00122 3
      vertex 22.8 7.2 3
      vertex 31.9077 -1.32016 3
    endloop
  endfacet
  facet normal 0 0 1
    outer loop
      vertex 27.691 -7.04894 3
      vertex 31.8 -2 3
      vertex 31.8271 -1.65584 3
    endloop
  endfacet
  facet normal 0 0 1
    outer loop
      vertex 31.9077 -1.32016 3
      vertex 22.8 7.2 3
      vertex 31.8271 -1.65584 3
    endloop
  endfacet
  facet normal 0 0 1
    outer loop
      vertex 31.8 -2 3
      vertex 28.9877 -7.84356 3
      vertex 29 -8 3
    endloop
  endfacet
  facet normal 0 0 1
    outer loop
      vertex 31.8 -2 3
      vertex 28.9511 -7.69098 3
      vertex 28.9877 -7.84356 3
    endloop
  endfacet
  facet normal 0 0 1
    outer loop
      vertex 31.8 -2 3
      vertex 28.891 -7.54601 3
      vertex 28.9511 -7.69098 3
    endloop
  endfacet
  facet normal 0 0 1
    outer loop
      vertex 31.8 -2 3
      vertex 28.809 -7.41221 3
      vertex 28.891 -7.54601 3
    endloop
  endfacet
  facet normal 0 0 1
    outer loop
      vertex 31.8 -2 3
      vertex 28.7071 -7.29289 3
      vertex 28.809 -7.41221 3
    endloop
  endfacet
  facet normal 0 0 1
    outer loop
      vertex 31.8 -2 3
      vertex 28.5878 -7.19098 3
      vertex 28.7071 -7.29289 3
    endloop
  endfacet
  facet normal 0 0 1
    outer loop
      vertex 31.8 -2 3
      vertex 28.454 -7.10899 3
      vertex 28.5878 -7.19098 3
    endloop
  endfacet
  facet normal 0 0 1
    outer loop
      vertex 31.8 -2 3
      vertex 28.309 -7.04894 3
      vertex 28.454 -7.10899 3
    endloop
  endfacet
  facet normal 0 0 1
    outer loop
      vertex 31.8 -2 3
      vertex 28.1564 -7.01231 3
      vertex 28.309 -7.04894 3
    endloop
  endfacet
  facet normal 0 0 1
    outer loop
      vertex 31.8 -2 3
      vertex 28 -7 3
      vertex 28.1564 -7.01231 3
    endloop
  endfacet
  facet normal 0 -0 1
    outer loop
      vertex 27.546 -7.10899 3
      vertex 31.8271 -1.65584 3
      vertex 22.8 7.2 3
    endloop
  endfacet
  facet normal 0 0 1
    outer loop
      vertex 31.8 -2 3
      vertex 27.8436 -7.01231 3
      vertex 28 -7 3
    endloop
  endfacet
  facet normal 0 0 1
    outer loop
      vertex 31.8 -2 3
      vertex 27.691 -7.04894 3
      vertex 27.8436 -7.01231 3
    endloop
  endfacet
  facet normal 0 0 1
    outer loop
      vertex 31.8271 -1.65584 3
      vertex 27.546 -7.10899 3
      vertex 27.691 -7.04894 3
    endloop
  endfacet
  facet normal 0 0 1
    outer loop
      vertex 27.546 -7.10899 3
      vertex 22.8 7.2 3
      vertex 27.4122 -7.19098 3
    endloop
  endfacet
  facet normal 0 0 1
    outer loop
      vertex 27.4122 -7.19098 3
      vertex 22.8 7.2 3
      vertex 27.2929 -7.29289 3
    endloop
  endfacet
  facet normal 0 0 1
    outer loop
      vertex 27.2929 -7.29289 3
      vertex 22.8 7.2 3
      vertex 27.191 -7.41221 3
    endloop
  endfacet
  facet normal 0 0 1
    outer loop
      vertex 27.191 -7.41221 3
      vertex 22.8 7.2 3
      vertex 27.109 -7.54601 3
    endloop
  endfacet
  facet normal 0 0 1
    outer loop
      vertex 22.8 -13.9574 3
      vertex 27 -8 3
      vertex 27.0123 -7.84356 3
    endloop
  endfacet
  facet normal 0 0 1
    outer loop
      vertex 22.8 -13.9574 3
      vertex 27.0123 -7.84356 3
      vertex 27.0489 -7.69098 3
    endloop
  endfacet
  facet normal 0 0 1
    outer loop
      vertex 27 -8 3
      vertex 24.1729 -15.6558 3
      vertex 24.2 -16 3
    endloop
  endfacet
  facet normal 0 0 1
    outer loop
      vertex 27 -8 3
      vertex 24.0923 -15.3202 3
      vertex 24.1729 -15.6558 3
    endloop
  endfacet
  facet normal 0 0 1
    outer loop
      vertex 27 -8 3
      vertex 23.9602 -15.0012 3
      vertex 24.0923 -15.3202 3
    endloop
  endfacet
  facet normal 0 0 1
    outer loop
      vertex 27.109 -7.54601 3
      vertex 22.8 7.2 3
      vertex 27.0489 -7.69098 3
    endloop
  endfacet
  facet normal 0 0 1
    outer loop
      vertex 27 -8 3
      vertex 23.7798 -14.7069 3
      vertex 23.9602 -15.0012 3
    endloop
  endfacet
  facet normal 0 0 1
    outer loop
      vertex 27 -8 3
      vertex 23.5556 -14.4444 3
      vertex 23.7798 -14.7069 3
    endloop
  endfacet
  facet normal 0 0 1
    outer loop
      vertex 27 -8 3
      vertex 23.2931 -14.2202 3
      vertex 23.5556 -14.4444 3
    endloop
  endfacet
  facet normal 0 0 1
    outer loop
      vertex 27 -8 3
      vertex 22.9988 -14.0398 3
      vertex 23.2931 -14.2202 3
    endloop
  endfacet
  facet normal 0 0 1
    outer loop
      vertex 22.8 -13.9574 3
      vertex 27.0489 -7.69098 3
      vertex 22.8 7.2 3
    endloop
  endfacet
  facet normal 0 0 1
    outer loop
      vertex 27 -8 3
      vertex 22.8 -13.9574 3
      vertex 22.9988 -14.0398 3
    endloop
  endfacet
  facet normal -0 0 1
    outer loop
      vertex 35.2931 -3.77984 3
      vertex 39.2 -11.9574 3
      vertex 39.2 -2.8 3
    endloop
  endfacet
  facet normal -0 0 1
    outer loop
      vertex 34.9988 -3.96021 3
      vertex 39.2 -11.9574 3
      vertex 35.2931 -3.77984 3
    endloop
  endfacet
  facet normal 0 0 1
    outer loop
      vertex 39.2 -11.9574 3
      vertex 34.9988 -3.96021 3
      vertex 39.0012 -12.0398 3
    endloop
  endfacet
  facet normal -0 0 1
    outer loop
      vertex 34.6798 -4.09232 3
      vertex 39.0012 -12.0398 3
      vertex 34.9988 -3.96021 3
    endloop
  endfacet
  facet normal 0 0 1
    outer loop
      vertex 39.0012 -12.0398 3
      vertex 34.6798 -4.09232 3
      vertex 38.7069 -12.2202 3
    endloop
  endfacet
  facet normal -0 0 1
    outer loop
      vertex 34.3442 -4.17291 3
      vertex 38.7069 -12.2202 3
      vertex 34.6798 -4.09232 3
    endloop
  endfacet
  facet normal 0 0 1
    outer loop
      vertex 38.7069 -12.2202 3
      vertex 34.3442 -4.17291 3
      vertex 38.4444 -12.4444 3
    endloop
  endfacet
  facet normal 0 0 1
    outer loop
      vertex 35.7798 -3.29313 3
      vertex 39.2 -2.8 3
      vertex 35.9602 -2.99878 3
    endloop
  endfacet
  facet normal 0 0 1
    outer loop
      vertex 35.9602 -2.99878 3
      vertex 39.2 -2.8 3
      vertex 36.0426 -2.8 3
    endloop
  endfacet
  facet normal 0 0 1
    outer loop
      vertex 58.2202 -0.706872 3
      vertex 48.9877 2.15643 3
      vertex 49 2 3
    endloop
  endfacet
  facet normal 0 0 1
    outer loop
      vertex 56.0398 13.0012 3
      vertex 48.9511 2.30902 3
      vertex 48.9877 2.15643 3
    endloop
  endfacet
  facet normal 0 0 1
    outer loop
      vertex 56.0398 13.0012 3
      vertex 48.891 2.45399 3
      vertex 48.9511 2.30902 3
    endloop
  endfacet
  facet normal 0 0 1
    outer loop
      vertex 56.0398 13.0012 3
      vertex 48.809 2.58778 3
      vertex 48.891 2.45399 3
    endloop
  endfacet
  facet normal 0 0 1
    outer loop
      vertex 56.0398 13.0012 3
      vertex 48.7071 2.70711 3
      vertex 48.809 2.58778 3
    endloop
  endfacet
  facet normal 0 0 1
    outer loop
      vertex 56.0398 13.0012 3
      vertex 48.5878 2.80902 3
      vertex 48.7071 2.70711 3
    endloop
  endfacet
  facet normal 0 0 1
    outer loop
      vertex 56.0398 13.0012 3
      vertex 48.454 2.89101 3
      vertex 48.5878 2.80902 3
    endloop
  endfacet
  facet normal 0 0 1
    outer loop
      vertex 56.0398 13.0012 3
      vertex 48.309 2.95106 3
      vertex 48.454 2.89101 3
    endloop
  endfacet
  facet normal 0 0 1
    outer loop
      vertex 56.0398 13.0012 3
      vertex 48.1564 2.98769 3
      vertex 48.309 2.95106 3
    endloop
  endfacet
  facet normal -0 0 1
    outer loop
      vertex 42.1729 8.34416 3
      vertex 48.1564 2.98769 3
      vertex 55.9574 13.2 3
    endloop
  endfacet
  facet normal 0 0 1
    outer loop
      vertex 48.1564 2.98769 3
      vertex 42.1729 8.34416 3
      vertex 48 3 3
    endloop
  endfacet
  facet normal -0 -0 1
    outer loop
      vertex 42.2 8 3
      vertex 48 3 3
      vertex 42.1729 8.34416 3
    endloop
  endfacet
  facet normal 0 0 1
    outer loop
      vertex 48 3 3
      vertex 42.2 8 3
      vertex 47.8436 2.98769 3
    endloop
  endfacet
  facet normal -0 0 1
    outer loop
      vertex 42.1729 7.65584 3
      vertex 47.8436 2.98769 3
      vertex 42.2 8 3
    endloop
  endfacet
  facet normal 0 0 1
    outer loop
      vertex 47.8436 2.98769 3
      vertex 42.1729 7.65584 3
      vertex 47.691 2.95106 3
    endloop
  endfacet
  facet normal 0 0 1
    outer loop
      vertex 47.691 2.95106 3
      vertex 42.1729 7.65584 3
      vertex 47.546 2.89101 3
    endloop
  endfacet
  facet normal 0 0 1
    outer loop
      vertex 47.2929 2.70711 3
      vertex 41.7798 6.70687 3
      vertex 47.191 2.58778 3
    endloop
  endfacet
  facet normal -0 0 1
    outer loop
      vertex 41.7798 6.70687 3
      vertex 47.2929 2.70711 3
      vertex 41.9602 7.00122 3
    endloop
  endfacet
  facet normal 0 0 1
    outer loop
      vertex 47.4122 2.80902 3
      vertex 41.9602 7.00122 3
      vertex 47.2929 2.70711 3
    endloop
  endfacet
  facet normal -0 0 1
    outer loop
      vertex 41.9602 7.00122 3
      vertex 47.4122 2.80902 3
      vertex 42.0923 7.32016 3
    endloop
  endfacet
  facet normal -0 0 1
    outer loop
      vertex 42.0923 7.32016 3
      vertex 47.546 2.89101 3
      vertex 42.1729 7.65584 3
    endloop
  endfacet
  facet normal 0 0 1
    outer loop
      vertex 47.546 2.89101 3
      vertex 42.0923 7.32016 3
      vertex 47.4122 2.80902 3
    endloop
  endfacet
  facet normal 0 0 1
    outer loop
      vertex 55.9574 13.2 3
      vertex 42.0923 8.67984 3
      vertex 42.1729 8.34416 3
    endloop
  endfacet
  facet normal 0 0 1
    outer loop
      vertex 55.9574 13.2 3
      vertex 41.9602 8.99878 3
      vertex 42.0923 8.67984 3
    endloop
  endfacet
  facet normal 0 0 1
    outer loop
      vertex 55.9574 13.2 3
      vertex 41.7798 9.29313 3
      vertex 41.9602 8.99878 3
    endloop
  endfacet
  facet normal 0 0 1
    outer loop
      vertex 55.9574 13.2 3
      vertex 41.5556 9.55563 3
      vertex 41.7798 9.29313 3
    endloop
  endfacet
  facet normal 0 0 1
    outer loop
      vertex 55.9574 13.2 3
      vertex 41.2931 9.77984 3
      vertex 41.5556 9.55563 3
    endloop
  endfacet
  facet normal 0 0 1
    outer loop
      vertex 55.9574 13.2 3
      vertex 40.9988 9.96021 3
      vertex 41.2931 9.77984 3
    endloop
  endfacet
  facet normal 0 0 1
    outer loop
      vertex 55.9574 13.2 3
      vertex 40.6798 10.0923 3
      vertex 40.9988 9.96021 3
    endloop
  endfacet
  facet normal -0 0 1
    outer loop
      vertex 34.8 13.2 3
      vertex 40.6798 10.0923 3
      vertex 55.9574 13.2 3
    endloop
  endfacet
  facet normal 0 0 1
    outer loop
      vertex 40.6798 10.0923 3
      vertex 34.8 13.2 3
      vertex 40.3442 10.1729 3
    endloop
  endfacet
  facet normal 0 0 1
    outer loop
      vertex 40.3442 10.1729 3
      vertex 34.8 13.2 3
      vertex 40 10.2 3
    endloop
  endfacet
  facet normal 0 0 1
    outer loop
      vertex 40 10.2 3
      vertex 34.8 13.2 3
      vertex 39.6558 10.1729 3
    endloop
  endfacet
  facet normal 0 0 1
    outer loop
      vertex 34.8 13.2 3
      vertex 39.3202 10.0923 3
      vertex 39.6558 10.1729 3
    endloop
  endfacet
  facet normal 0 0 1
    outer loop
      vertex 34.8 13.2 3
      vertex 39.0012 9.96021 3
      vertex 39.3202 10.0923 3
    endloop
  endfacet
  facet normal 0 0 1
    outer loop
      vertex 34.8 13.2 3
      vertex 38.7069 9.77984 3
      vertex 39.0012 9.96021 3
    endloop
  endfacet
  facet normal 0 0 1
    outer loop
      vertex 34.8 13.2 3
      vertex 38.4444 9.55563 3
      vertex 38.7069 9.77984 3
    endloop
  endfacet
  facet normal 0 0 1
    outer loop
      vertex 34.8 13.2 3
      vertex 38.2202 9.29313 3
      vertex 38.4444 9.55563 3
    endloop
  endfacet
  facet normal 0 0 1
    outer loop
      vertex 34.8 8.8 3
      vertex 38.2202 9.29313 3
      vertex 34.8 13.2 3
    endloop
  endfacet
  facet normal 0 0 1
    outer loop
      vertex 38.2202 9.29313 3
      vertex 34.8 8.8 3
      vertex 38.0398 8.99878 3
    endloop
  endfacet
  facet normal 0 0 1
    outer loop
      vertex 38.0398 8.99878 3
      vertex 34.8 8.8 3
      vertex 37.9574 8.8 3
    endloop
  endfacet
  facet normal -0 0 1
    outer loop
      vertex 36.1729 17.6558 3
      vertex 55.9574 14.8 3
      vertex 36.2 18 3
    endloop
  endfacet
  facet normal -0 0 1
    outer loop
      vertex 36.0923 17.3202 3
      vertex 55.9574 14.8 3
      vertex 36.1729 17.6558 3
    endloop
  endfacet
  facet normal -0 0 1
    outer loop
      vertex 35.9602 17.0012 3
      vertex 55.9574 14.8 3
      vertex 36.0923 17.3202 3
    endloop
  endfacet
  facet normal -0 0 1
    outer loop
      vertex 35.7798 16.7069 3
      vertex 55.9574 14.8 3
      vertex 35.9602 17.0012 3
    endloop
  endfacet
  facet normal 0 0 1
    outer loop
      vertex 34.8 14.8 3
      vertex 35.7798 16.7069 3
      vertex 35.5556 16.4444 3
    endloop
  endfacet
  facet normal 0 0 1
    outer loop
      vertex 34.8 14.8 3
      vertex 35.5556 16.4444 3
      vertex 35.2931 16.2202 3
    endloop
  endfacet
  facet normal 0 0 1
    outer loop
      vertex 34.8 14.8 3
      vertex 35.2931 16.2202 3
      vertex 34.9988 16.0398 3
    endloop
  endfacet
  facet normal 0 0 1
    outer loop
      vertex 34.8 14.8 3
      vertex 34.9988 16.0398 3
      vertex 34.8 15.9574 3
    endloop
  endfacet
  facet normal 0 0 1
    outer loop
      vertex 35.7798 16.7069 3
      vertex 34.8 14.8 3
      vertex 55.9574 14.8 3
    endloop
  endfacet
  facet normal 0 0 1
    outer loop
      vertex 7.96442 -20.6616 3
      vertex 7.69173 -18.7809 3
      vertex 7.89243 -20.5087 3
    endloop
  endfacet
  facet normal -0 0 1
    outer loop
      vertex 7.65218 -18.9278 3
      vertex 7.89243 -20.5087 3
      vertex 7.69173 -18.7809 3
    endloop
  endfacet
  facet normal 0 0 1
    outer loop
      vertex 7.89243 -20.5087 3
      vertex 7.65218 -18.9278 3
      vertex 7.79985 -20.3669 3
    endloop
  endfacet
  facet normal -0 0 1
    outer loop
      vertex 7.59679 -19.0657 3
      vertex 7.79985 -20.3669 3
      vertex 7.65218 -18.9278 3
    endloop
  endfacet
  facet normal 0 0 1
    outer loop
      vertex 7.79985 -20.3669 3
      vertex 7.59679 -19.0657 3
      vertex 7.68672 -20.2359 3
    endloop
  endfacet
  facet normal -0 0 1
    outer loop
      vertex 7.52559 -19.1945 3
      vertex 7.68672 -20.2359 3
      vertex 7.59679 -19.0657 3
    endloop
  endfacet
  facet normal 0 0 1
    outer loop
      vertex 7.68672 -20.2359 3
      vertex 7.52559 -19.1945 3
      vertex 7.5546 -20.1187 3
    endloop
  endfacet
  facet normal -0 0 1
    outer loop
      vertex 7.43855 -19.3144 3
      vertex 7.5546 -20.1187 3
      vertex 7.52559 -19.1945 3
    endloop
  endfacet
  facet normal 0 0 1
    outer loop
      vertex 7.43855 -19.3144 3
      vertex 7.40508 -20.0178 3
      vertex 7.5546 -20.1187 3
    endloop
  endfacet
  facet normal -0 0 1
    outer loop
      vertex 7.33707 -19.4233 3
      vertex 7.40508 -20.0178 3
      vertex 7.43855 -19.3144 3
    endloop
  endfacet
  facet normal -0 0 1
    outer loop
      vertex 7.22246 -19.5196 3
      vertex 7.40508 -20.0178 3
      vertex 7.33707 -19.4233 3
    endloop
  endfacet
  facet normal 0 0 1
    outer loop
      vertex 7.40508 -20.0178 3
      vertex 7.22246 -19.5196 3
      vertex 7.23814 -19.9333 3
    endloop
  endfacet
  facet normal -0 0 1
    outer loop
      vertex 7.09474 -19.6032 3
      vertex 7.23814 -19.9333 3
      vertex 7.22246 -19.5196 3
    endloop
  endfacet
  facet normal 0 0 1
    outer loop
      vertex 7.09474 -19.6032 3
      vertex 7.05382 -19.8652 3
      vertex 7.23814 -19.9333 3
    endloop
  endfacet
  facet normal -0 0 1
    outer loop
      vertex 6.95392 -19.6742 3
      vertex 7.05382 -19.8652 3
      vertex 7.09474 -19.6032 3
    endloop
  endfacet
  facet normal 0 0 1
    outer loop
      vertex 6.95392 -19.6742 3
      vertex 6.85208 -19.8135 3
      vertex 7.05382 -19.8652 3
    endloop
  endfacet
  facet normal -0 0 1
    outer loop
      vertex 6.79999 -19.7325 3
      vertex 6.85208 -19.8135 3
      vertex 6.95392 -19.6742 3
    endloop
  endfacet
  facet normal 0 0 1
    outer loop
      vertex 6.85208 -19.8135 3
      vertex 6.79999 -19.7325 3
      vertex 6.63293 -19.7782 3
    endloop
  endfacet
  facet normal 0 0 1
    outer loop
      vertex 2.70892 -18.403 3
      vertex 2.12711 -21.0517 3
      vertex 2.76178 -21.369 3
    endloop
  endfacet
  facet normal -0 0 1
    outer loop
      vertex 1.97249 -18.647 3
      vertex 2.12711 -21.0517 3
      vertex 2.70892 -18.403 3
    endloop
  endfacet
  facet normal -0 0 1
    outer loop
      vertex -1.72601 -19.9084 3
      vertex 2.12711 -21.0517 3
      vertex 1.97249 -18.647 3
    endloop
  endfacet
  facet normal 0 0 1
    outer loop
      vertex 0.848999 -17.6838 3
      vertex 1.97249 -18.647 3
      vertex 1.89931 -18.4868 3
    endloop
  endfacet
  facet normal 0 0 1
    outer loop
      vertex 0.848999 -17.6838 3
      vertex 1.89931 -18.4868 3
      vertex 1.81267 -18.3396 3
    endloop
  endfacet
  facet normal 0 0 1
    outer loop
      vertex 0.848999 -17.6838 3
      vertex 1.81267 -18.3396 3
      vertex 1.71259 -18.2056 3
    endloop
  endfacet
  facet normal -0 -0 1
    outer loop
      vertex -1.71071 -20.2482 3
      vertex 2.12711 -21.0517 3
      vertex -1.72601 -19.9084 3
    endloop
  endfacet
  facet normal 0 0 1
    outer loop
      vertex 0.848999 -17.6838 3
      vertex 1.71259 -18.2056 3
      vertex 1.59904 -18.0847 3
    endloop
  endfacet
  facet normal 0 0 1
    outer loop
      vertex 0.848999 -17.6838 3
      vertex 1.59904 -18.0847 3
      vertex 1.47206 -17.9769 3
    endloop
  endfacet
  facet normal -0 -0 1
    outer loop
      vertex -1.66476 -20.565 3
      vertex 2.12711 -21.0517 3
      vertex -1.71071 -20.2482 3
    endloop
  endfacet
  facet normal 0 0 1
    outer loop
      vertex 0.848999 -17.6838 3
      vertex 1.47206 -17.9769 3
      vertex 1.33162 -17.8822 3
    endloop
  endfacet
  facet normal 0 0 1
    outer loop
      vertex 0.848999 -17.6838 3
      vertex 1.33162 -17.8822 3
      vertex 1.1799 -17.8013 3
    endloop
  endfacet
  facet normal 0 0 1
    outer loop
      vertex 2.12711 -21.0517 3
      vertex -1.66476 -20.565 3
      vertex 1.90842 -21.416 3
    endloop
  endfacet
  facet normal 0 0 1
    outer loop
      vertex 0.848999 -17.6838 3
      vertex 1.1799 -17.8013 3
      vertex 1.01903 -17.7352 3
    endloop
  endfacet
  facet normal 0 0 1
    outer loop
      vertex 1.97249 -18.647 3
      vertex 0.848999 -17.6838 3
      vertex 0.669815 -17.6471 3
    endloop
  endfacet
  facet normal -0 -0 1
    outer loop
      vertex -1.5882 -20.8589 3
      vertex 1.90842 -21.416 3
      vertex -1.66476 -20.565 3
    endloop
  endfacet
  facet normal 0 0 1
    outer loop
      vertex 1.97249 -18.647 3
      vertex 0.669815 -17.6471 3
      vertex 0.481461 -17.625 3
    endloop
  endfacet
  facet normal 0 0 1
    outer loop
      vertex 1.97249 -18.647 3
      vertex 0.481461 -17.625 3
      vertex 0.283966 -17.6177 3
    endloop
  endfacet
  facet normal 0 -0 1
    outer loop
      vertex 0.316483 -22.2438 3
      vertex 1.90842 -21.416 3
      vertex -1.5882 -20.8589 3
    endloop
  endfacet
  facet normal 0 0 1
    outer loop
      vertex 1.97249 -18.647 3
      vertex 0.283966 -17.6177 3
      vertex -1.66725 -19.2481 3
    endloop
  endfacet
  facet normal 0 0 1
    outer loop
      vertex 1.90842 -21.416 3
      vertex 0.316483 -22.2438 3
      vertex 1.65648 -21.714 3
    endloop
  endfacet
  facet normal 0 0 1
    outer loop
      vertex -1.5938 -18.9558 3
      vertex 0.283966 -17.6177 3
      vertex -0.021637 -17.6347 3
    endloop
  endfacet
  facet normal 0 0 1
    outer loop
      vertex 1.37134 -21.9458 3
      vertex 0.701324 -22.2107 3
      vertex 1.05295 -22.1114 3
    endloop
  endfacet
  facet normal 0 0 1
    outer loop
      vertex -1.49095 -18.6886 3
      vertex -0.021637 -17.6347 3
      vertex -0.303757 -17.6857 3
    endloop
  endfacet
  facet normal 0 0 1
    outer loop
      vertex 1.65648 -21.714 3
      vertex 0.701324 -22.2107 3
      vertex 1.37134 -21.9458 3
    endloop
  endfacet
  facet normal 0 0 1
    outer loop
      vertex -1.35873 -18.4467 3
      vertex -0.303757 -17.6857 3
      vertex -0.562363 -17.7708 3
    endloop
  endfacet
  facet normal 0 -0 1
    outer loop
      vertex 0.701324 -22.2107 3
      vertex 1.65648 -21.714 3
      vertex 0.316483 -22.2438 3
    endloop
  endfacet
  facet normal 0 0 1
    outer loop
      vertex -1.35873 -18.4467 3
      vertex -0.562363 -17.7708 3
      vertex -0.797455 -17.8898 3
    endloop
  endfacet
  facet normal 0 0 1
    outer loop
      vertex 0.316483 -22.2438 3
      vertex -1.5882 -20.8589 3
      vertex 0.0139771 -22.226 3
    endloop
  endfacet
  facet normal 0 0 1
    outer loop
      vertex -1.35873 -18.4467 3
      vertex -0.797455 -17.8898 3
      vertex -1.00905 -18.0429 3
    endloop
  endfacet
  facet normal -0 -0 1
    outer loop
      vertex -1.481 -21.1299 3
      vertex 0.0139771 -22.226 3
      vertex -1.5882 -20.8589 3
    endloop
  endfacet
  facet normal 0 0 1
    outer loop
      vertex -1.35873 -18.4467 3
      vertex -1.00905 -18.0429 3
      vertex -1.19711 -18.23 3
    endloop
  endfacet
  facet normal -0 -0 1
    outer loop
      vertex -1.34319 -21.3779 3
      vertex 0.0139771 -22.226 3
      vertex -1.481 -21.1299 3
    endloop
  endfacet
  facet normal 0 0 1
    outer loop
      vertex -0.303757 -17.6857 3
      vertex -1.35873 -18.4467 3
      vertex -1.49095 -18.6886 3
    endloop
  endfacet
  facet normal 0 0 1
    outer loop
      vertex 0.0139771 -22.226 3
      vertex -1.34319 -21.3779 3
      vertex -0.266922 -22.1726 3
    endloop
  endfacet
  facet normal 0 0 1
    outer loop
      vertex -0.021637 -17.6347 3
      vertex -1.49095 -18.6886 3
      vertex -1.5938 -18.9558 3
    endloop
  endfacet
  facet normal 0 0 1
    outer loop
      vertex -0.764008 -21.959 3
      vertex -1.17474 -21.603 3
      vertex -0.980164 -21.7988 3
    endloop
  endfacet
  facet normal 0 0 1
    outer loop
      vertex 0.283966 -17.6177 3
      vertex -1.5938 -18.9558 3
      vertex -1.66725 -19.2481 3
    endloop
  endfacet
  facet normal 0 0 1
    outer loop
      vertex -0.52626 -22.0836 3
      vertex -1.17474 -21.603 3
      vertex -0.764008 -21.959 3
    endloop
  endfacet
  facet normal 0 0 1
    outer loop
      vertex 1.97249 -18.647 3
      vertex -1.66725 -19.2481 3
      vertex -1.71132 -19.5656 3
    endloop
  endfacet
  facet normal -0 -0 1
    outer loop
      vertex -1.17474 -21.603 3
      vertex -0.266922 -22.1726 3
      vertex -1.34319 -21.3779 3
    endloop
  endfacet
  facet normal 0 0 1
    outer loop
      vertex 1.97249 -18.647 3
      vertex -1.71132 -19.5656 3
      vertex -1.72601 -19.9084 3
    endloop
  endfacet
  facet normal 0 0 1
    outer loop
      vertex -0.266922 -22.1726 3
      vertex -1.17474 -21.603 3
      vertex -0.52626 -22.0836 3
    endloop
  endfacet
  facet normal 0 0 1
    outer loop
      vertex 59.9574 -14.8 3
      vertex 54.9877 -15.8436 3
      vertex 55 -16 3
    endloop
  endfacet
  facet normal 0 0 1
    outer loop
      vertex 59.9574 -14.8 3
      vertex 54.9511 -15.691 3
      vertex 54.9877 -15.8436 3
    endloop
  endfacet
  facet normal 0 0 1
    outer loop
      vertex 59.9574 -14.8 3
      vertex 54.891 -15.546 3
      vertex 54.9511 -15.691 3
    endloop
  endfacet
  facet normal 0 0 1
    outer loop
      vertex 59.9574 -14.8 3
      vertex 54.809 -15.4122 3
      vertex 54.891 -15.546 3
    endloop
  endfacet
  facet normal 0 0 1
    outer loop
      vertex 59.9574 -14.8 3
      vertex 54.7071 -15.2929 3
      vertex 54.809 -15.4122 3
    endloop
  endfacet
  facet normal 0 0 1
    outer loop
      vertex 59.9574 -14.8 3
      vertex 54.5878 -15.191 3
      vertex 54.7071 -15.2929 3
    endloop
  endfacet
  facet normal 0 0 1
    outer loop
      vertex 59.9574 -14.8 3
      vertex 54.454 -15.109 3
      vertex 54.5878 -15.191 3
    endloop
  endfacet
  facet normal 0 0 1
    outer loop
      vertex 59.9574 -14.8 3
      vertex 54.309 -15.0489 3
      vertex 54.454 -15.109 3
    endloop
  endfacet
  facet normal 0 0 1
    outer loop
      vertex 59.9574 -14.8 3
      vertex 54.1564 -15.0123 3
      vertex 54.309 -15.0489 3
    endloop
  endfacet
  facet normal 0 0 1
    outer loop
      vertex 59.9574 -14.8 3
      vertex 54 -15 3
      vertex 54.1564 -15.0123 3
    endloop
  endfacet
  facet normal 0 0 1
    outer loop
      vertex 53.0123 -15.8436 3
      vertex 42.0426 -14.8 3
      vertex 53 -16 3
    endloop
  endfacet
  facet normal 0 0 1
    outer loop
      vertex 53.0489 -15.691 3
      vertex 42.0426 -14.8 3
      vertex 53.0123 -15.8436 3
    endloop
  endfacet
  facet normal 0 0 1
    outer loop
      vertex 53.109 -15.546 3
      vertex 42.0426 -14.8 3
      vertex 53.0489 -15.691 3
    endloop
  endfacet
  facet normal 0 0 1
    outer loop
      vertex 53.191 -15.4122 3
      vertex 42.0426 -14.8 3
      vertex 53.109 -15.546 3
    endloop
  endfacet
  facet normal 0 0 1
    outer loop
      vertex 53.2929 -15.2929 3
      vertex 42.0426 -14.8 3
      vertex 53.191 -15.4122 3
    endloop
  endfacet
  facet normal 0 0 1
    outer loop
      vertex 53.4122 -15.191 3
      vertex 42.0426 -14.8 3
      vertex 53.2929 -15.2929 3
    endloop
  endfacet
  facet normal 0 0 1
    outer loop
      vertex 53.546 -15.109 3
      vertex 42.0426 -14.8 3
      vertex 53.4122 -15.191 3
    endloop
  endfacet
  facet normal 0 0 1
    outer loop
      vertex 53.691 -15.0489 3
      vertex 42.0426 -14.8 3
      vertex 53.546 -15.109 3
    endloop
  endfacet
  facet normal 0 0 1
    outer loop
      vertex 53.8436 -15.0123 3
      vertex 42.0426 -14.8 3
      vertex 53.691 -15.0489 3
    endloop
  endfacet
  facet normal 0 0 1
    outer loop
      vertex 54 -15 3
      vertex 42.0426 -14.8 3
      vertex 53.8436 -15.0123 3
    endloop
  endfacet
  facet normal -0 0 1
    outer loop
      vertex 42.0426 -14.8 3
      vertex 54 -15 3
      vertex 59.9574 -14.8 3
    endloop
  endfacet
  facet normal 0 0 1
    outer loop
      vertex 81.5 31 3
      vertex 75.1 0 3
      vertex 81.5 -31 3
    endloop
  endfacet
  facet normal 0 0 1
    outer loop
      vertex 81.5 31 3
      vertex 75.0803 0.250295 3
      vertex 75.1 0 3
    endloop
  endfacet
  facet normal 0 0 1
    outer loop
      vertex 81.5 31 3
      vertex 75.0217 0.494427 3
      vertex 75.0803 0.250295 3
    endloop
  endfacet
  facet normal 0 0 1
    outer loop
      vertex 81.5 31 3
      vertex 74.9256 0.726384 3
      vertex 75.0217 0.494427 3
    endloop
  endfacet
  facet normal 0 0 1
    outer loop
      vertex 81.5 31 3
      vertex 74.7944 0.940456 3
      vertex 74.9256 0.726384 3
    endloop
  endfacet
  facet normal 0 0 1
    outer loop
      vertex 81.5 31 3
      vertex 74.6314 1.13137 3
      vertex 74.7944 0.940456 3
    endloop
  endfacet
  facet normal 0 0 1
    outer loop
      vertex 81.5 31 3
      vertex 74.4405 1.29443 3
      vertex 74.6314 1.13137 3
    endloop
  endfacet
  facet normal 0 0 1
    outer loop
      vertex 81.5 31 3
      vertex 74.2264 1.42561 3
      vertex 74.4405 1.29443 3
    endloop
  endfacet
  facet normal 0 0 1
    outer loop
      vertex 81.5 31 3
      vertex 73.9944 1.52169 3
      vertex 74.2264 1.42561 3
    endloop
  endfacet
  facet normal 0 0 1
    outer loop
      vertex 81.5 31 3
      vertex 73.7503 1.5803 3
      vertex 73.9944 1.52169 3
    endloop
  endfacet
  facet normal -0 0 1
    outer loop
      vertex 60.1729 14.3442 3
      vertex 73.7503 1.5803 3
      vertex 81.5 31 3
    endloop
  endfacet
  facet normal 0 0 1
    outer loop
      vertex 73.7503 1.5803 3
      vertex 60.1729 14.3442 3
      vertex 73.5 1.6 3
    endloop
  endfacet
  facet normal -0 -0 1
    outer loop
      vertex 60.2 14 3
      vertex 73.5 1.6 3
      vertex 60.1729 14.3442 3
    endloop
  endfacet
  facet normal 0 0 1
    outer loop
      vertex 73.5 1.6 3
      vertex 60.2 14 3
      vertex 73.2497 1.5803 3
    endloop
  endfacet
  facet normal -0 0 1
    outer loop
      vertex 60.1729 13.6558 3
      vertex 73.2497 1.5803 3
      vertex 60.2 14 3
    endloop
  endfacet
  facet normal 0 0 1
    outer loop
      vertex 73.2497 1.5803 3
      vertex 60.1729 13.6558 3
      vertex 73.0056 1.52169 3
    endloop
  endfacet
  facet normal -0 0 1
    outer loop
      vertex 60.0923 13.3202 3
      vertex 73.0056 1.52169 3
      vertex 60.1729 13.6558 3
    endloop
  endfacet
  facet normal 0 0 1
    outer loop
      vertex 73.0056 1.52169 3
      vertex 60.0923 13.3202 3
      vertex 72.7736 1.42561 3
    endloop
  endfacet
  facet normal -0 0 1
    outer loop
      vertex 59.9602 13.0012 3
      vertex 72.7736 1.42561 3
      vertex 60.0923 13.3202 3
    endloop
  endfacet
  facet normal 0 0 1
    outer loop
      vertex 62.0923 -1.32016 3
      vertex 71.9 0 3
      vertex 71.9197 0.250295 3
    endloop
  endfacet
  facet normal 0 0 1
    outer loop
      vertex 61.9602 -1.00122 3
      vertex 71.9197 0.250295 3
      vertex 71.9783 0.494427 3
    endloop
  endfacet
  facet normal 0 0 1
    outer loop
      vertex 72.7736 1.42561 3
      vertex 59.9602 13.0012 3
      vertex 72.5595 1.29443 3
    endloop
  endfacet
  facet normal 0 0 1
    outer loop
      vertex 71.9 0 3
      vertex 64.1729 -13.6558 3
      vertex 64.2 -14 3
    endloop
  endfacet
  facet normal 0 0 1
    outer loop
      vertex 71.9 0 3
      vertex 64.0923 -13.3202 3
      vertex 64.1729 -13.6558 3
    endloop
  endfacet
  facet normal 0 0 1
    outer loop
      vertex 71.9 0 3
      vertex 62.2 -2 3
      vertex 62.1729 -2.34416 3
    endloop
  endfacet
  facet normal 0 0 1
    outer loop
      vertex 71.9 0 3
      vertex 63.9602 -13.0012 3
      vertex 64.0923 -13.3202 3
    endloop
  endfacet
  facet normal 0 0 1
    outer loop
      vertex 71.9 0 3
      vertex 62.1729 -2.34416 3
      vertex 62.0923 -2.67984 3
    endloop
  endfacet
  facet normal 0 0 1
    outer loop
      vertex 71.9 0 3
      vertex 63.7798 -12.7069 3
      vertex 63.9602 -13.0012 3
    endloop
  endfacet
  facet normal 0 0 1
    outer loop
      vertex 71.9 0 3
      vertex 62.0923 -2.67984 3
      vertex 61.9602 -2.99878 3
    endloop
  endfacet
  facet normal 0 0 1
    outer loop
      vertex 71.9 0 3
      vertex 63.5556 -12.4444 3
      vertex 63.7798 -12.7069 3
    endloop
  endfacet
  facet normal 0 0 1
    outer loop
      vertex 71.9 0 3
      vertex 61.9602 -2.99878 3
      vertex 63.5556 -12.4444 3
    endloop
  endfacet
  facet normal 0 0 1
    outer loop
      vertex 63.5556 -12.4444 3
      vertex 61.9602 -2.99878 3
      vertex 63.2931 -12.2202 3
    endloop
  endfacet
  facet normal 0 0 1
    outer loop
      vertex 71.9 0 3
      vertex 62.1729 -1.65584 3
      vertex 62.2 -2 3
    endloop
  endfacet
  facet normal 0 0 1
    outer loop
      vertex 71.9 0 3
      vertex 62.0923 -1.32016 3
      vertex 62.1729 -1.65584 3
    endloop
  endfacet
  facet normal 0 0 1
    outer loop
      vertex 71.9197 0.250295 3
      vertex 61.9602 -1.00122 3
      vertex 62.0923 -1.32016 3
    endloop
  endfacet
  facet normal -0 0 1
    outer loop
      vertex 59.5556 12.4444 3
      vertex 72.3686 1.13137 3
      vertex 59.7798 12.7069 3
    endloop
  endfacet
  facet normal 0 -0 1
    outer loop
      vertex 61.2931 -0.220162 3
      vertex 72.3686 1.13137 3
      vertex 59.5556 12.4444 3
    endloop
  endfacet
  facet normal 0 0 1
    outer loop
      vertex 71.9783 0.494427 3
      vertex 61.7798 -0.706872 3
      vertex 61.9602 -1.00122 3
    endloop
  endfacet
  facet normal 0 0 1
    outer loop
      vertex 72.3686 1.13137 3
      vertex 61.2931 -0.220162 3
      vertex 72.2056 0.940456 3
    endloop
  endfacet
  facet normal 0 0 1
    outer loop
      vertex 72.2056 0.940456 3
      vertex 61.5556 -0.444365 3
      vertex 72.0744 0.726384 3
    endloop
  endfacet
  facet normal 0 -0 1
    outer loop
      vertex 61.7798 -0.706872 3
      vertex 72.0744 0.726384 3
      vertex 61.5556 -0.444365 3
    endloop
  endfacet
  facet normal 0 0 1
    outer loop
      vertex 72.5595 1.29443 3
      vertex 59.7798 12.7069 3
      vertex 72.3686 1.13137 3
    endloop
  endfacet
  facet normal -0 0 1
    outer loop
      vertex 59.7798 12.7069 3
      vertex 72.5595 1.29443 3
      vertex 59.9602 13.0012 3
    endloop
  endfacet
  facet normal 0 0 1
    outer loop
      vertex 81.5 31 3
      vertex 60.0923 14.6798 3
      vertex 60.1729 14.3442 3
    endloop
  endfacet
  facet normal 0 0 1
    outer loop
      vertex 81.5 31 3
      vertex 59.9602 14.9988 3
      vertex 60.0923 14.6798 3
    endloop
  endfacet
  facet normal 0 0 1
    outer loop
      vertex 81.5 31 3
      vertex 59.7798 15.2931 3
      vertex 59.9602 14.9988 3
    endloop
  endfacet
  facet normal 0 0 1
    outer loop
      vertex 81.5 31 3
      vertex 59.5556 15.5556 3
      vertex 59.7798 15.2931 3
    endloop
  endfacet
  facet normal 0 0 1
    outer loop
      vertex 81.5 31 3
      vertex 59.2931 15.7798 3
      vertex 59.5556 15.5556 3
    endloop
  endfacet
  facet normal 0 0 1
    outer loop
      vertex 81.5 31 3
      vertex 58.9988 15.9602 3
      vertex 59.2931 15.7798 3
    endloop
  endfacet
  facet normal 0 0 1
    outer loop
      vertex 81.5 31 3
      vertex 58.6798 16.0923 3
      vertex 58.9988 15.9602 3
    endloop
  endfacet
  facet normal 0 0 1
    outer loop
      vertex 81.5 31 3
      vertex 58.3442 16.1729 3
      vertex 58.6798 16.0923 3
    endloop
  endfacet
  facet normal 0 0 1
    outer loop
      vertex 81.5 31 3
      vertex 58 16.2 3
      vertex 58.3442 16.1729 3
    endloop
  endfacet
  facet normal 0 0 1
    outer loop
      vertex 81.5 31 3
      vertex 57.6558 16.1729 3
      vertex 58 16.2 3
    endloop
  endfacet
  facet normal -0 0 1
    outer loop
      vertex 34.9988 19.9602 3
      vertex 57.6558 16.1729 3
      vertex 81.5 31 3
    endloop
  endfacet
  facet normal -0 -0 1
    outer loop
      vertex 35.2931 19.7798 3
      vertex 57.6558 16.1729 3
      vertex 34.9988 19.9602 3
    endloop
  endfacet
  facet normal 0 0 1
    outer loop
      vertex 57.6558 16.1729 3
      vertex 35.2931 19.7798 3
      vertex 57.3202 16.0923 3
    endloop
  endfacet
  facet normal 0 0 1
    outer loop
      vertex 56.0398 14.9988 3
      vertex 36.2 18 3
      vertex 55.9574 14.8 3
    endloop
  endfacet
  facet normal 0 0 1
    outer loop
      vertex 36.1729 18.3442 3
      vertex 56.0398 14.9988 3
      vertex 56.2202 15.2931 3
    endloop
  endfacet
  facet normal 0 0 1
    outer loop
      vertex 36.0923 18.6798 3
      vertex 56.2202 15.2931 3
      vertex 56.4444 15.5556 3
    endloop
  endfacet
  facet normal 0 0 1
    outer loop
      vertex 35.9602 18.9988 3
      vertex 56.4444 15.5556 3
      vertex 56.7069 15.7798 3
    endloop
  endfacet
  facet normal -0 -0 1
    outer loop
      vertex 35.5556 19.5556 3
      vertex 57.3202 16.0923 3
      vertex 35.2931 19.7798 3
    endloop
  endfacet
  facet normal 0 0 1
    outer loop
      vertex 56.0398 14.9988 3
      vertex 36.1729 18.3442 3
      vertex 36.2 18 3
    endloop
  endfacet
  facet normal 0 0 1
    outer loop
      vertex 56.2202 15.2931 3
      vertex 36.0923 18.6798 3
      vertex 36.1729 18.3442 3
    endloop
  endfacet
  facet normal 0 0 1
    outer loop
      vertex 56.4444 15.5556 3
      vertex 35.9602 18.9988 3
      vertex 36.0923 18.6798 3
    endloop
  endfacet
  facet normal 0 0 1
    outer loop
      vertex 56.7069 15.7798 3
      vertex 35.7798 19.2931 3
      vertex 35.9602 18.9988 3
    endloop
  endfacet
  facet normal 0 0 1
    outer loop
      vertex 57.0012 15.9602 3
      vertex 35.7798 19.2931 3
      vertex 56.7069 15.7798 3
    endloop
  endfacet
  facet normal -0 -0 1
    outer loop
      vertex 35.7798 19.2931 3
      vertex 57.0012 15.9602 3
      vertex 35.5556 19.5556 3
    endloop
  endfacet
  facet normal 0 0 1
    outer loop
      vertex 57.3202 16.0923 3
      vertex 35.5556 19.5556 3
      vertex 57.0012 15.9602 3
    endloop
  endfacet
  facet normal 0 0 1
    outer loop
      vertex 81.5 31 3
      vertex 34.6798 20.0923 3
      vertex 34.9988 19.9602 3
    endloop
  endfacet
  facet normal 0 0 1
    outer loop
      vertex 81.5 31 3
      vertex 34.3442 20.1729 3
      vertex 34.6798 20.0923 3
    endloop
  endfacet
  facet normal 0 0 1
    outer loop
      vertex 81.5 31 3
      vertex 34 20.2 3
      vertex 34.3442 20.1729 3
    endloop
  endfacet
  facet normal 0 0 1
    outer loop
      vertex 81.5 31 3
      vertex 33.6558 20.1729 3
      vertex 34 20.2 3
    endloop
  endfacet
  facet normal 0 0 1
    outer loop
      vertex 32.0398 18.9988 3
      vertex -5.95745 18.8 3
      vertex 31.9574 18.8 3
    endloop
  endfacet
  facet normal 0 0 1
    outer loop
      vertex -6.03979 18.9988 3
      vertex 32.0398 18.9988 3
      vertex 32.2202 19.2931 3
    endloop
  endfacet
  facet normal 0 0 1
    outer loop
      vertex -6.22016 19.2931 3
      vertex 32.2202 19.2931 3
      vertex 32.4444 19.5556 3
    endloop
  endfacet
  facet normal 0 0 1
    outer loop
      vertex -6.44436 19.5556 3
      vertex 32.4444 19.5556 3
      vertex 32.7069 19.7798 3
    endloop
  endfacet
  facet normal 0 0 1
    outer loop
      vertex -6.70687 19.7798 3
      vertex 32.7069 19.7798 3
      vertex 33.0012 19.9602 3
    endloop
  endfacet
  facet normal 0 0 1
    outer loop
      vertex -7.00122 19.9602 3
      vertex 33.0012 19.9602 3
      vertex 33.3202 20.0923 3
    endloop
  endfacet
  facet normal 0 0 1
    outer loop
      vertex -7.32016 20.0923 3
      vertex 33.3202 20.0923 3
      vertex 33.6558 20.1729 3
    endloop
  endfacet
  facet normal 0 0 1
    outer loop
      vertex -7.65584 20.1729 3
      vertex 33.6558 20.1729 3
      vertex 81.5 31 3
    endloop
  endfacet
  facet normal 0 0 1
    outer loop
      vertex 32.0398 18.9988 3
      vertex -6.03979 18.9988 3
      vertex -5.95745 18.8 3
    endloop
  endfacet
  facet normal 0 0 1
    outer loop
      vertex 32.2202 19.2931 3
      vertex -6.22016 19.2931 3
      vertex -6.03979 18.9988 3
    endloop
  endfacet
  facet normal 0 0 1
    outer loop
      vertex 32.4444 19.5556 3
      vertex -6.44436 19.5556 3
      vertex -6.22016 19.2931 3
    endloop
  endfacet
  facet normal 0 0 1
    outer loop
      vertex 32.7069 19.7798 3
      vertex -6.70687 19.7798 3
      vertex -6.44436 19.5556 3
    endloop
  endfacet
  facet normal 0 0 1
    outer loop
      vertex 33.0012 19.9602 3
      vertex -7.00122 19.9602 3
      vertex -6.70687 19.7798 3
    endloop
  endfacet
  facet normal 0 0 1
    outer loop
      vertex 33.3202 20.0923 3
      vertex -7.32016 20.0923 3
      vertex -7.00122 19.9602 3
    endloop
  endfacet
  facet normal 0 0 1
    outer loop
      vertex 33.6558 20.1729 3
      vertex -7.65584 20.1729 3
      vertex -7.32016 20.0923 3
    endloop
  endfacet
  facet normal 0 0 1
    outer loop
      vertex 81.5 31 3
      vertex -8 20.2 3
      vertex -7.65584 20.1729 3
    endloop
  endfacet
  facet normal -0 0 1
    outer loop
      vertex -81.5 31 3
      vertex -8 20.2 3
      vertex 81.5 31 3
    endloop
  endfacet
  facet normal 0 0 1
    outer loop
      vertex -10.1729 17.6558 3
      vertex -10.4444 17.5556 3
      vertex -10.2202 17.2931 3
    endloop
  endfacet
  facet normal 0 0 1
    outer loop
      vertex -10.7069 17.7798 3
      vertex -10.2 18 3
      vertex -10.1729 18.3442 3
    endloop
  endfacet
  facet normal 0 0 1
    outer loop
      vertex -11.0012 17.9602 3
      vertex -10.1729 18.3442 3
      vertex -10.0923 18.6798 3
    endloop
  endfacet
  facet normal 0 0 1
    outer loop
      vertex -10.2 18 3
      vertex -10.7069 17.7798 3
      vertex -10.4444 17.5556 3
    endloop
  endfacet
  facet normal 0 0 1
    outer loop
      vertex -11.3202 18.0923 3
      vertex -10.0923 18.6798 3
      vertex -9.96021 18.9988 3
    endloop
  endfacet
  facet normal 0 0 1
    outer loop
      vertex -10.1729 18.3442 3
      vertex -11.0012 17.9602 3
      vertex -10.7069 17.7798 3
    endloop
  endfacet
  facet normal 0 0 1
    outer loop
      vertex -11.6558 18.1729 3
      vertex -9.96021 18.9988 3
      vertex -9.77984 19.2931 3
    endloop
  endfacet
  facet normal 0 0 1
    outer loop
      vertex -12 18.2 3
      vertex -9.77984 19.2931 3
      vertex -9.55563 19.5556 3
    endloop
  endfacet
  facet normal 0 0 1
    outer loop
      vertex -10.0923 18.6798 3
      vertex -11.3202 18.0923 3
      vertex -11.0012 17.9602 3
    endloop
  endfacet
  facet normal 0 0 1
    outer loop
      vertex -12.3442 18.1729 3
      vertex -9.55563 19.5556 3
      vertex -9.29313 19.7798 3
    endloop
  endfacet
  facet normal 0 0 1
    outer loop
      vertex -9.96021 18.9988 3
      vertex -11.6558 18.1729 3
      vertex -11.3202 18.0923 3
    endloop
  endfacet
  facet normal 0 0 1
    outer loop
      vertex -9.77984 19.2931 3
      vertex -12 18.2 3
      vertex -11.6558 18.1729 3
    endloop
  endfacet
  facet normal 0 0 1
    outer loop
      vertex -12.6798 18.0923 3
      vertex -9.29313 19.7798 3
      vertex -8.99878 19.9602 3
    endloop
  endfacet
  facet normal 0 0 1
    outer loop
      vertex -9.55563 19.5556 3
      vertex -12.3442 18.1729 3
      vertex -12 18.2 3
    endloop
  endfacet
  facet normal 0 0 1
    outer loop
      vertex -9.29313 19.7798 3
      vertex -12.6798 18.0923 3
      vertex -12.3442 18.1729 3
    endloop
  endfacet
  facet normal 0 0 1
    outer loop
      vertex -8.99878 19.9602 3
      vertex -12.9988 17.9602 3
      vertex -12.6798 18.0923 3
    endloop
  endfacet
  facet normal 0 0 1
    outer loop
      vertex -13.9602 16.9988 3
      vertex -43.9574 16.8 3
      vertex -14.0426 16.8 3
    endloop
  endfacet
  facet normal 0 0 1
    outer loop
      vertex -44.0398 16.9988 3
      vertex -13.9602 16.9988 3
      vertex -13.7798 17.2931 3
    endloop
  endfacet
  facet normal 0 0 1
    outer loop
      vertex -44.2202 17.2931 3
      vertex -13.7798 17.2931 3
      vertex -13.5556 17.5556 3
    endloop
  endfacet
  facet normal 0 0 1
    outer loop
      vertex -44.4444 17.5556 3
      vertex -13.5556 17.5556 3
      vertex -13.2931 17.7798 3
    endloop
  endfacet
  facet normal 0 0 1
    outer loop
      vertex -44.7069 17.7798 3
      vertex -13.2931 17.7798 3
      vertex -12.9988 17.9602 3
    endloop
  endfacet
  facet normal 0 0 1
    outer loop
      vertex -45.0012 17.9602 3
      vertex -12.9988 17.9602 3
      vertex -8.99878 19.9602 3
    endloop
  endfacet
  facet normal 0 0 1
    outer loop
      vertex -45.3202 18.0923 3
      vertex -8.99878 19.9602 3
      vertex -8.67984 20.0923 3
    endloop
  endfacet
  facet normal 0 0 1
    outer loop
      vertex -81.5 31 3
      vertex -8.67984 20.0923 3
      vertex -8.34416 20.1729 3
    endloop
  endfacet
  facet normal 0 0 1
    outer loop
      vertex -8 20.2 3
      vertex -81.5 31 3
      vertex -8.34416 20.1729 3
    endloop
  endfacet
  facet normal 0 0 1
    outer loop
      vertex -13.9602 16.9988 3
      vertex -44.0398 16.9988 3
      vertex -43.9574 16.8 3
    endloop
  endfacet
  facet normal 0 0 1
    outer loop
      vertex -13.7798 17.2931 3
      vertex -44.2202 17.2931 3
      vertex -44.0398 16.9988 3
    endloop
  endfacet
  facet normal 0 0 1
    outer loop
      vertex -13.5556 17.5556 3
      vertex -44.4444 17.5556 3
      vertex -44.2202 17.2931 3
    endloop
  endfacet
  facet normal 0 0 1
    outer loop
      vertex -13.2931 17.7798 3
      vertex -44.7069 17.7798 3
      vertex -44.4444 17.5556 3
    endloop
  endfacet
  facet normal 0 0 1
    outer loop
      vertex -12.9988 17.9602 3
      vertex -45.0012 17.9602 3
      vertex -44.7069 17.7798 3
    endloop
  endfacet
  facet normal 0 0 1
    outer loop
      vertex -8.99878 19.9602 3
      vertex -45.3202 18.0923 3
      vertex -45.0012 17.9602 3
    endloop
  endfacet
  facet normal 0 0 1
    outer loop
      vertex -8.67984 20.0923 3
      vertex -45.6558 18.1729 3
      vertex -45.3202 18.0923 3
    endloop
  endfacet
  facet normal 0 0 1
    outer loop
      vertex -8.67984 20.0923 3
      vertex -81.5 31 3
      vertex -45.6558 18.1729 3
    endloop
  endfacet
  facet normal 0 0 1
    outer loop
      vertex -45.6558 18.1729 3
      vertex -81.5 31 3
      vertex -46 18.2 3
    endloop
  endfacet
  facet normal 0 0 1
    outer loop
      vertex -48.1729 16.3442 3
      vertex -57.9574 14.8 3
      vertex -48.2 16 3
    endloop
  endfacet
  facet normal 0 0 1
    outer loop
      vertex -58.0398 14.9988 3
      vertex -48.1729 16.3442 3
      vertex -48.0923 16.6798 3
    endloop
  endfacet
  facet normal 0 0 1
    outer loop
      vertex -58.2202 15.2931 3
      vertex -48.0923 16.6798 3
      vertex -47.9602 16.9988 3
    endloop
  endfacet
  facet normal 0 0 1
    outer loop
      vertex -58.4444 15.5556 3
      vertex -47.9602 16.9988 3
      vertex -47.7798 17.2931 3
    endloop
  endfacet
  facet normal 0 0 1
    outer loop
      vertex -58.7069 15.7798 3
      vertex -47.7798 17.2931 3
      vertex -47.5556 17.5556 3
    endloop
  endfacet
  facet normal 0 0 1
    outer loop
      vertex -59.0012 15.9602 3
      vertex -47.5556 17.5556 3
      vertex -47.2931 17.7798 3
    endloop
  endfacet
  facet normal 0 0 1
    outer loop
      vertex -59.3202 16.0923 3
      vertex -47.2931 17.7798 3
      vertex -46.9988 17.9602 3
    endloop
  endfacet
  facet normal 0 0 1
    outer loop
      vertex -59.6558 16.1729 3
      vertex -46.9988 17.9602 3
      vertex -46.6798 18.0923 3
    endloop
  endfacet
  facet normal 0 0 1
    outer loop
      vertex -48.1729 16.3442 3
      vertex -58.0398 14.9988 3
      vertex -57.9574 14.8 3
    endloop
  endfacet
  facet normal 0 0 1
    outer loop
      vertex -48.0923 16.6798 3
      vertex -58.2202 15.2931 3
      vertex -58.0398 14.9988 3
    endloop
  endfacet
  facet normal 0 0 1
    outer loop
      vertex -47.9602 16.9988 3
      vertex -58.4444 15.5556 3
      vertex -58.2202 15.2931 3
    endloop
  endfacet
  facet normal 0 0 1
    outer loop
      vertex -81.5 31 3
      vertex -46.6798 18.0923 3
      vertex -46.3442 18.1729 3
    endloop
  endfacet
  facet normal 0 0 1
    outer loop
      vertex -47.7798 17.2931 3
      vertex -58.7069 15.7798 3
      vertex -58.4444 15.5556 3
    endloop
  endfacet
  facet normal 0 0 1
    outer loop
      vertex -47.5556 17.5556 3
      vertex -59.0012 15.9602 3
      vertex -58.7069 15.7798 3
    endloop
  endfacet
  facet normal 0 0 1
    outer loop
      vertex -47.2931 17.7798 3
      vertex -59.3202 16.0923 3
      vertex -59.0012 15.9602 3
    endloop
  endfacet
  facet normal 0 0 1
    outer loop
      vertex -46.9988 17.9602 3
      vertex -59.6558 16.1729 3
      vertex -59.3202 16.0923 3
    endloop
  endfacet
  facet normal 0 0 1
    outer loop
      vertex -46.6798 18.0923 3
      vertex -81.5 31 3
      vertex -59.6558 16.1729 3
    endloop
  endfacet
  facet normal 0 0 1
    outer loop
      vertex -59.6558 16.1729 3
      vertex -81.5 31 3
      vertex -60 16.2 3
    endloop
  endfacet
  facet normal 0 0 1
    outer loop
      vertex -60.2 0 3
      vertex -62 -13.8 3
      vertex -61.6558 -13.8271 3
    endloop
  endfacet
  facet normal 0 0 1
    outer loop
      vertex -72.0744 -0.726384 3
      vertex -60.2 0 3
      vertex -71.9783 -0.494427 3
    endloop
  endfacet
  facet normal 0 0 1
    outer loop
      vertex -60.2 0 3
      vertex -62.3442 -13.8271 3
      vertex -62 -13.8 3
    endloop
  endfacet
  facet normal 0 0 1
    outer loop
      vertex -72.2056 -0.940456 3
      vertex -60.2 0 3
      vertex -72.0744 -0.726384 3
    endloop
  endfacet
  facet normal 0 0 1
    outer loop
      vertex -60.2 0 3
      vertex -62.6798 -13.9077 3
      vertex -62.3442 -13.8271 3
    endloop
  endfacet
  facet normal 0 0 1
    outer loop
      vertex -60.2 0 3
      vertex -72.2056 -0.940456 3
      vertex -62.6798 -13.9077 3
    endloop
  endfacet
  facet normal 0 0 1
    outer loop
      vertex -62.6798 -13.9077 3
      vertex -72.2056 -0.940456 3
      vertex -62.9988 -14.0398 3
    endloop
  endfacet
  facet normal -0 0 1
    outer loop
      vertex -72.3686 -1.13137 3
      vertex -62.9988 -14.0398 3
      vertex -72.2056 -0.940456 3
    endloop
  endfacet
  facet normal 0 0 1
    outer loop
      vertex -62.9988 -14.0398 3
      vertex -72.3686 -1.13137 3
      vertex -63.2931 -14.2202 3
    endloop
  endfacet
  facet normal -0 0 1
    outer loop
      vertex -72.5595 -1.29443 3
      vertex -63.2931 -14.2202 3
      vertex -72.3686 -1.13137 3
    endloop
  endfacet
  facet normal 0 0 1
    outer loop
      vertex -73.7503 1.5803 3
      vertex -62.2 14 3
      vertex -62.1729 14.3442 3
    endloop
  endfacet
  facet normal 0 0 1
    outer loop
      vertex -81.5 31 3
      vertex -62.1729 14.3442 3
      vertex -62.0923 14.6798 3
    endloop
  endfacet
  facet normal 0 0 1
    outer loop
      vertex -81.5 31 3
      vertex -62.0923 14.6798 3
      vertex -61.9602 14.9988 3
    endloop
  endfacet
  facet normal 0 0 1
    outer loop
      vertex -81.5 31 3
      vertex -61.9602 14.9988 3
      vertex -61.7798 15.2931 3
    endloop
  endfacet
  facet normal 0 0 1
    outer loop
      vertex -60.2 0 3
      vertex -71.9197 0.250295 3
      vertex -71.9 0 3
    endloop
  endfacet
  facet normal 0 0 1
    outer loop
      vertex -60.1729 0.344155 3
      vertex -71.9197 0.250295 3
      vertex -60.2 0 3
    endloop
  endfacet
  facet normal 0 -0 1
    outer loop
      vertex -71.9197 0.250295 3
      vertex -60.1729 0.344155 3
      vertex -71.9783 0.494427 3
    endloop
  endfacet
  facet normal 0 0 1
    outer loop
      vertex -60.0923 0.679837 3
      vertex -71.9783 0.494427 3
      vertex -60.1729 0.344155 3
    endloop
  endfacet
  facet normal 0 0 1
    outer loop
      vertex -61.2931 12.2202 3
      vertex -72.3686 1.13137 3
      vertex -72.2056 0.940456 3
    endloop
  endfacet
  facet normal 0 0 1
    outer loop
      vertex -61.5556 12.4444 3
      vertex -72.5595 1.29443 3
      vertex -72.3686 1.13137 3
    endloop
  endfacet
  facet normal 0 0 1
    outer loop
      vertex -61.7798 12.7069 3
      vertex -72.7736 1.42561 3
      vertex -72.5595 1.29443 3
    endloop
  endfacet
  facet normal 0 0 1
    outer loop
      vertex -61.9602 13.0012 3
      vertex -73.0056 1.52169 3
      vertex -72.7736 1.42561 3
    endloop
  endfacet
  facet normal 0 0 1
    outer loop
      vertex -62.0923 13.3202 3
      vertex -73.2497 1.5803 3
      vertex -73.0056 1.52169 3
    endloop
  endfacet
  facet normal 0 0 1
    outer loop
      vertex -62.1729 13.6558 3
      vertex -73.5 1.6 3
      vertex -73.2497 1.5803 3
    endloop
  endfacet
  facet normal 0 0 1
    outer loop
      vertex -81.5 31 3
      vertex -61.7798 15.2931 3
      vertex -61.5556 15.5556 3
    endloop
  endfacet
  facet normal 0 0 1
    outer loop
      vertex -62.2 14 3
      vertex -73.7503 1.5803 3
      vertex -73.5 1.6 3
    endloop
  endfacet
  facet normal 0 0 1
    outer loop
      vertex -62.1729 14.3442 3
      vertex -81.5 31 3
      vertex -73.7503 1.5803 3
    endloop
  endfacet
  facet normal 0 0 1
    outer loop
      vertex -73.7503 1.5803 3
      vertex -81.5 31 3
      vertex -73.9944 1.52169 3
    endloop
  endfacet
  facet normal 0 0 1
    outer loop
      vertex -73.9944 1.52169 3
      vertex -81.5 31 3
      vertex -74.2264 1.42561 3
    endloop
  endfacet
  facet normal 0 0 1
    outer loop
      vertex -74.2264 1.42561 3
      vertex -81.5 31 3
      vertex -74.4405 1.29443 3
    endloop
  endfacet
  facet normal 0 0 1
    outer loop
      vertex -75.0803 0.250295 3
      vertex -81.5 31 3
      vertex -75.1 0 3
    endloop
  endfacet
  facet normal 0 0 1
    outer loop
      vertex -75.0217 0.494427 3
      vertex -81.5 31 3
      vertex -75.0803 0.250295 3
    endloop
  endfacet
  facet normal 0 0 1
    outer loop
      vertex -74.9256 0.726384 3
      vertex -81.5 31 3
      vertex -75.0217 0.494427 3
    endloop
  endfacet
  facet normal 0 0 1
    outer loop
      vertex -74.7944 0.940456 3
      vertex -81.5 31 3
      vertex -74.9256 0.726384 3
    endloop
  endfacet
  facet normal 0 0 1
    outer loop
      vertex -74.6314 1.13137 3
      vertex -81.5 31 3
      vertex -74.7944 0.940456 3
    endloop
  endfacet
  facet normal 0 0 1
    outer loop
      vertex -74.4405 1.29443 3
      vertex -81.5 31 3
      vertex -74.6314 1.13137 3
    endloop
  endfacet
  facet normal 0 0 1
    outer loop
      vertex -61.2931 15.7798 3
      vertex -81.5 31 3
      vertex -61.5556 15.5556 3
    endloop
  endfacet
  facet normal 0 0 1
    outer loop
      vertex -60.9988 15.9602 3
      vertex -81.5 31 3
      vertex -61.2931 15.7798 3
    endloop
  endfacet
  facet normal 0 0 1
    outer loop
      vertex -60.6798 16.0923 3
      vertex -81.5 31 3
      vertex -60.9988 15.9602 3
    endloop
  endfacet
  facet normal 0 0 1
    outer loop
      vertex -60.3442 16.1729 3
      vertex -81.5 31 3
      vertex -60.6798 16.0923 3
    endloop
  endfacet
  facet normal 0 0 1
    outer loop
      vertex -60 16.2 3
      vertex -81.5 31 3
      vertex -60.3442 16.1729 3
    endloop
  endfacet
  facet normal 0 0 1
    outer loop
      vertex -46 18.2 3
      vertex -81.5 31 3
      vertex -46.3442 18.1729 3
    endloop
  endfacet
  facet normal -0 0 1
    outer loop
      vertex 75.0803 -0.250295 3
      vertex 81.5 -31 3
      vertex 75.1 0 3
    endloop
  endfacet
  facet normal -0 0 1
    outer loop
      vertex 75.0217 -0.494427 3
      vertex 81.5 -31 3
      vertex 75.0803 -0.250295 3
    endloop
  endfacet
  facet normal -0 0 1
    outer loop
      vertex 74.9256 -0.726384 3
      vertex 81.5 -31 3
      vertex 75.0217 -0.494427 3
    endloop
  endfacet
  facet normal -0 0 1
    outer loop
      vertex 74.7944 -0.940456 3
      vertex 81.5 -31 3
      vertex 74.9256 -0.726384 3
    endloop
  endfacet
  facet normal -0 0 1
    outer loop
      vertex 74.6314 -1.13137 3
      vertex 81.5 -31 3
      vertex 74.7944 -0.940456 3
    endloop
  endfacet
  facet normal -0 0 1
    outer loop
      vertex 74.4405 -1.29443 3
      vertex 81.5 -31 3
      vertex 74.6314 -1.13137 3
    endloop
  endfacet
  facet normal -0 0 1
    outer loop
      vertex 74.2264 -1.42561 3
      vertex 81.5 -31 3
      vertex 74.4405 -1.29443 3
    endloop
  endfacet
  facet normal -0 0 1
    outer loop
      vertex 73.9944 -1.52169 3
      vertex 81.5 -31 3
      vertex 74.2264 -1.42561 3
    endloop
  endfacet
  facet normal 0 0 1
    outer loop
      vertex 64.2 -14 3
      vertex 73.9944 -1.52169 3
      vertex 73.7503 -1.5803 3
    endloop
  endfacet
  facet normal 0 0 1
    outer loop
      vertex 64.2 -14 3
      vertex 73.7503 -1.5803 3
      vertex 73.5 -1.6 3
    endloop
  endfacet
  facet normal 0 0 1
    outer loop
      vertex 64.2 -14 3
      vertex 73.5 -1.6 3
      vertex 73.2497 -1.5803 3
    endloop
  endfacet
  facet normal 0 0 1
    outer loop
      vertex 64.2 -14 3
      vertex 73.2497 -1.5803 3
      vertex 73.0056 -1.52169 3
    endloop
  endfacet
  facet normal 0 0 1
    outer loop
      vertex 64.2 -14 3
      vertex 73.0056 -1.52169 3
      vertex 72.7736 -1.42561 3
    endloop
  endfacet
  facet normal 0 0 1
    outer loop
      vertex 64.2 -14 3
      vertex 72.7736 -1.42561 3
      vertex 72.5595 -1.29443 3
    endloop
  endfacet
  facet normal 0 0 1
    outer loop
      vertex 64.2 -14 3
      vertex 72.5595 -1.29443 3
      vertex 72.3686 -1.13137 3
    endloop
  endfacet
  facet normal 0 0 1
    outer loop
      vertex 64.2 -14 3
      vertex 72.3686 -1.13137 3
      vertex 72.2056 -0.940456 3
    endloop
  endfacet
  facet normal 0 0 1
    outer loop
      vertex 64.2 -14 3
      vertex 72.2056 -0.940456 3
      vertex 72.0744 -0.726384 3
    endloop
  endfacet
  facet normal 0 0 1
    outer loop
      vertex 64.2 -14 3
      vertex 72.0744 -0.726384 3
      vertex 71.9783 -0.494427 3
    endloop
  endfacet
  facet normal 0 0 1
    outer loop
      vertex 64.2 -14 3
      vertex 71.9197 -0.250295 3
      vertex 71.9 0 3
    endloop
  endfacet
  facet normal 0 0 1
    outer loop
      vertex 64.2 -14 3
      vertex 71.9783 -0.494427 3
      vertex 71.9197 -0.250295 3
    endloop
  endfacet
  facet normal 0 0 1
    outer loop
      vertex 73.9944 -1.52169 3
      vertex 64.2 -14 3
      vertex 64.1729 -14.3442 3
    endloop
  endfacet
  facet normal 0 0 1
    outer loop
      vertex 73.9944 -1.52169 3
      vertex 64.1729 -14.3442 3
      vertex 81.5 -31 3
    endloop
  endfacet
  facet normal -0 0 1
    outer loop
      vertex 64.0923 -14.6798 3
      vertex 81.5 -31 3
      vertex 64.1729 -14.3442 3
    endloop
  endfacet
  facet normal -0 0 1
    outer loop
      vertex 63.9602 -14.9988 3
      vertex 81.5 -31 3
      vertex 64.0923 -14.6798 3
    endloop
  endfacet
  facet normal -0 0 1
    outer loop
      vertex 63.7798 -15.2931 3
      vertex 81.5 -31 3
      vertex 63.9602 -14.9988 3
    endloop
  endfacet
  facet normal -0 0 1
    outer loop
      vertex 63.5556 -15.5556 3
      vertex 81.5 -31 3
      vertex 63.7798 -15.2931 3
    endloop
  endfacet
  facet normal -0 0 1
    outer loop
      vertex 63.2931 -15.7798 3
      vertex 81.5 -31 3
      vertex 63.5556 -15.5556 3
    endloop
  endfacet
  facet normal -0 0 1
    outer loop
      vertex 62.9988 -15.9602 3
      vertex 81.5 -31 3
      vertex 63.2931 -15.7798 3
    endloop
  endfacet
  facet normal -0 0 1
    outer loop
      vertex 62.6798 -16.0923 3
      vertex 81.5 -31 3
      vertex 62.9988 -15.9602 3
    endloop
  endfacet
  facet normal -0 0 1
    outer loop
      vertex 62.3442 -16.1729 3
      vertex 81.5 -31 3
      vertex 62.6798 -16.0923 3
    endloop
  endfacet
  facet normal -0 0 1
    outer loop
      vertex 62 -16.2 3
      vertex 81.5 -31 3
      vertex 62.3442 -16.1729 3
    endloop
  endfacet
  facet normal 0 0 1
    outer loop
      vertex 54.309 -16.9511 3
      vertex 62 -16.2 3
      vertex 61.6558 -16.1729 3
    endloop
  endfacet
  facet normal 0 0 1
    outer loop
      vertex 54.454 -16.891 3
      vertex 61.6558 -16.1729 3
      vertex 61.3202 -16.0923 3
    endloop
  endfacet
  facet normal 0 0 1
    outer loop
      vertex 54.5878 -16.809 3
      vertex 61.3202 -16.0923 3
      vertex 61.0012 -15.9602 3
    endloop
  endfacet
  facet normal 0 0 1
    outer loop
      vertex 54.7071 -16.7071 3
      vertex 61.0012 -15.9602 3
      vertex 60.7069 -15.7798 3
    endloop
  endfacet
  facet normal 0 0 1
    outer loop
      vertex 55 -16 3
      vertex 60.0398 -14.9988 3
      vertex 59.9574 -14.8 3
    endloop
  endfacet
  facet normal 0 0 1
    outer loop
      vertex 54.9877 -16.1564 3
      vertex 60.0398 -14.9988 3
      vertex 55 -16 3
    endloop
  endfacet
  facet normal 0 0 1
    outer loop
      vertex 60.0398 -14.9988 3
      vertex 54.9877 -16.1564 3
      vertex 60.2202 -15.2931 3
    endloop
  endfacet
  facet normal 0 0 1
    outer loop
      vertex 54.9511 -16.309 3
      vertex 60.2202 -15.2931 3
      vertex 54.9877 -16.1564 3
    endloop
  endfacet
  facet normal 0 0 1
    outer loop
      vertex 60.2202 -15.2931 3
      vertex 54.9511 -16.309 3
      vertex 60.4444 -15.5556 3
    endloop
  endfacet
  facet normal 0 0 1
    outer loop
      vertex 54.891 -16.454 3
      vertex 60.4444 -15.5556 3
      vertex 54.9511 -16.309 3
    endloop
  endfacet
  facet normal 0 0 1
    outer loop
      vertex 54.809 -16.5878 3
      vertex 60.4444 -15.5556 3
      vertex 54.891 -16.454 3
    endloop
  endfacet
  facet normal 0 0 1
    outer loop
      vertex 60.4444 -15.5556 3
      vertex 54.809 -16.5878 3
      vertex 60.7069 -15.7798 3
    endloop
  endfacet
  facet normal 0 0 1
    outer loop
      vertex 54.7071 -16.7071 3
      vertex 60.7069 -15.7798 3
      vertex 54.809 -16.5878 3
    endloop
  endfacet
  facet normal 0 0 1
    outer loop
      vertex 61.0012 -15.9602 3
      vertex 54.7071 -16.7071 3
      vertex 54.5878 -16.809 3
    endloop
  endfacet
  facet normal 0 0 1
    outer loop
      vertex 61.3202 -16.0923 3
      vertex 54.5878 -16.809 3
      vertex 54.454 -16.891 3
    endloop
  endfacet
  facet normal 0 0 1
    outer loop
      vertex 61.6558 -16.1729 3
      vertex 54.454 -16.891 3
      vertex 54.309 -16.9511 3
    endloop
  endfacet
  facet normal 0 0 1
    outer loop
      vertex 62 -16.2 3
      vertex 54.309 -16.9511 3
      vertex 81.5 -31 3
    endloop
  endfacet
  facet normal -0 0 1
    outer loop
      vertex 54.1564 -16.9877 3
      vertex 81.5 -31 3
      vertex 54.309 -16.9511 3
    endloop
  endfacet
  facet normal -0 0 1
    outer loop
      vertex 54 -17 3
      vertex 81.5 -31 3
      vertex 54.1564 -16.9877 3
    endloop
  endfacet
  facet normal 0 0 1
    outer loop
      vertex 53.8436 -16.9877 3
      vertex 81.5 -31 3
      vertex 54 -17 3
    endloop
  endfacet
  facet normal 0 0 1
    outer loop
      vertex 40.3442 -16.1729 3
      vertex 53.8436 -16.9877 3
      vertex 53.691 -16.9511 3
    endloop
  endfacet
  facet normal 0 0 1
    outer loop
      vertex 40.6798 -16.0923 3
      vertex 53.691 -16.9511 3
      vertex 53.546 -16.891 3
    endloop
  endfacet
  facet normal 0 0 1
    outer loop
      vertex 42.0426 -14.8 3
      vertex 53.0123 -16.1564 3
      vertex 53 -16 3
    endloop
  endfacet
  facet normal -0 0 1
    outer loop
      vertex 41.9602 -14.9988 3
      vertex 53.0123 -16.1564 3
      vertex 42.0426 -14.8 3
    endloop
  endfacet
  facet normal 0 0 1
    outer loop
      vertex 53.0123 -16.1564 3
      vertex 41.9602 -14.9988 3
      vertex 53.0489 -16.309 3
    endloop
  endfacet
  facet normal -0 0 1
    outer loop
      vertex 41.7798 -15.2931 3
      vertex 53.0489 -16.309 3
      vertex 41.9602 -14.9988 3
    endloop
  endfacet
  facet normal 0 0 1
    outer loop
      vertex 53.0489 -16.309 3
      vertex 41.7798 -15.2931 3
      vertex 53.109 -16.454 3
    endloop
  endfacet
  facet normal -0 0 1
    outer loop
      vertex 41.5556 -15.5556 3
      vertex 53.109 -16.454 3
      vertex 41.7798 -15.2931 3
    endloop
  endfacet
  facet normal 0 0 1
    outer loop
      vertex 53.109 -16.454 3
      vertex 41.5556 -15.5556 3
      vertex 53.191 -16.5878 3
    endloop
  endfacet
  facet normal 0 0 1
    outer loop
      vertex 53.191 -16.5878 3
      vertex 41.5556 -15.5556 3
      vertex 53.2929 -16.7071 3
    endloop
  endfacet
  facet normal -0 0 1
    outer loop
      vertex 41.2931 -15.7798 3
      vertex 53.2929 -16.7071 3
      vertex 41.5556 -15.5556 3
    endloop
  endfacet
  facet normal 0 0 1
    outer loop
      vertex 53.2929 -16.7071 3
      vertex 41.2931 -15.7798 3
      vertex 53.4122 -16.809 3
    endloop
  endfacet
  facet normal -0 0 1
    outer loop
      vertex 40.9988 -15.9602 3
      vertex 53.4122 -16.809 3
      vertex 41.2931 -15.7798 3
    endloop
  endfacet
  facet normal 0 0 1
    outer loop
      vertex 53.4122 -16.809 3
      vertex 40.9988 -15.9602 3
      vertex 53.546 -16.891 3
    endloop
  endfacet
  facet normal -0 0 1
    outer loop
      vertex 40.6798 -16.0923 3
      vertex 53.546 -16.891 3
      vertex 40.9988 -15.9602 3
    endloop
  endfacet
  facet normal 0 0 1
    outer loop
      vertex 53.691 -16.9511 3
      vertex 40.6798 -16.0923 3
      vertex 40.3442 -16.1729 3
    endloop
  endfacet
  facet normal 0 0 1
    outer loop
      vertex 53.8436 -16.9877 3
      vertex 40.3442 -16.1729 3
      vertex 40 -16.2 3
    endloop
  endfacet
  facet normal 0 0 1
    outer loop
      vertex 53.8436 -16.9877 3
      vertex 40 -16.2 3
      vertex 81.5 -31 3
    endloop
  endfacet
  facet normal 0 0 1
    outer loop
      vertex 22.6798 -18.0923 3
      vertex 40 -16.2 3
      vertex 39.6558 -16.1729 3
    endloop
  endfacet
  facet normal 0 0 1
    outer loop
      vertex 22.9988 -17.9602 3
      vertex 39.6558 -16.1729 3
      vertex 39.3202 -16.0923 3
    endloop
  endfacet
  facet normal 0 0 1
    outer loop
      vertex 35.5556 -3.55563 3
      vertex 39.2 -2.8 3
      vertex 35.7798 -3.29313 3
    endloop
  endfacet
  facet normal 0 0 1
    outer loop
      vertex 35.2931 -3.77984 3
      vertex 39.2 -2.8 3
      vertex 35.5556 -3.55563 3
    endloop
  endfacet
  facet normal -0 0 1
    outer loop
      vertex 34 -4.2 3
      vertex 38.4444 -12.4444 3
      vertex 34.3442 -4.17291 3
    endloop
  endfacet
  facet normal 0 0 1
    outer loop
      vertex 38.4444 -12.4444 3
      vertex 34 -4.2 3
      vertex 38.2202 -12.7069 3
    endloop
  endfacet
  facet normal -0 0 1
    outer loop
      vertex 28.9511 -8.30902 3
      vertex 38.2202 -12.7069 3
      vertex 34 -4.2 3
    endloop
  endfacet
  facet normal 0 0 1
    outer loop
      vertex 38.2202 -12.7069 3
      vertex 28.9511 -8.30902 3
      vertex 38.0398 -13.0012 3
    endloop
  endfacet
  facet normal -0 0 1
    outer loop
      vertex 28.891 -8.45399 3
      vertex 38.0398 -13.0012 3
      vertex 28.9511 -8.30902 3
    endloop
  endfacet
  facet normal 0 0 1
    outer loop
      vertex 38.0398 -13.0012 3
      vertex 28.891 -8.45399 3
      vertex 37.9077 -13.3202 3
    endloop
  endfacet
  facet normal -0 0 1
    outer loop
      vertex 28.809 -8.58778 3
      vertex 37.9077 -13.3202 3
      vertex 28.891 -8.45399 3
    endloop
  endfacet
  facet normal -0 0 1
    outer loop
      vertex 28.7071 -8.70711 3
      vertex 37.9077 -13.3202 3
      vertex 28.809 -8.58778 3
    endloop
  endfacet
  facet normal 0 0 1
    outer loop
      vertex 28.9877 -8.15643 3
      vertex 34 -4.2 3
      vertex 33.6558 -4.17291 3
    endloop
  endfacet
  facet normal 0 0 1
    outer loop
      vertex 29 -8 3
      vertex 33.6558 -4.17291 3
      vertex 33.3202 -4.09232 3
    endloop
  endfacet
  facet normal 0 0 1
    outer loop
      vertex 37.9077 -13.3202 3
      vertex 28.7071 -8.70711 3
      vertex 37.8271 -13.6558 3
    endloop
  endfacet
  facet normal 0 0 1
    outer loop
      vertex 29 -8 3
      vertex 33.3202 -4.09232 3
      vertex 33.0012 -3.96021 3
    endloop
  endfacet
  facet normal 0 0 1
    outer loop
      vertex 29 -8 3
      vertex 33.0012 -3.96021 3
      vertex 32.7069 -3.77984 3
    endloop
  endfacet
  facet normal 0 0 1
    outer loop
      vertex 29 -8 3
      vertex 32.7069 -3.77984 3
      vertex 32.4444 -3.55563 3
    endloop
  endfacet
  facet normal 0 0 1
    outer loop
      vertex 29 -8 3
      vertex 32.4444 -3.55563 3
      vertex 32.2202 -3.29313 3
    endloop
  endfacet
  facet normal 0 0 1
    outer loop
      vertex 29 -8 3
      vertex 32.2202 -3.29313 3
      vertex 32.0398 -2.99878 3
    endloop
  endfacet
  facet normal 0 0 1
    outer loop
      vertex 29 -8 3
      vertex 31.8271 -2.34416 3
      vertex 31.8 -2 3
    endloop
  endfacet
  facet normal 0 0 1
    outer loop
      vertex 29 -8 3
      vertex 31.9077 -2.67984 3
      vertex 31.8271 -2.34416 3
    endloop
  endfacet
  facet normal 0 0 1
    outer loop
      vertex 29 -8 3
      vertex 32.0398 -2.99878 3
      vertex 31.9077 -2.67984 3
    endloop
  endfacet
  facet normal 0 0 1
    outer loop
      vertex 33.6558 -4.17291 3
      vertex 29 -8 3
      vertex 28.9877 -8.15643 3
    endloop
  endfacet
  facet normal 0 0 1
    outer loop
      vertex 34 -4.2 3
      vertex 28.9877 -8.15643 3
      vertex 28.9511 -8.30902 3
    endloop
  endfacet
  facet normal -0 0 1
    outer loop
      vertex 28.5878 -8.80902 3
      vertex 37.8271 -13.6558 3
      vertex 28.7071 -8.70711 3
    endloop
  endfacet
  facet normal 0 0 1
    outer loop
      vertex 37.8271 -13.6558 3
      vertex 28.5878 -8.80902 3
      vertex 37.8 -14 3
    endloop
  endfacet
  facet normal -0 0 1
    outer loop
      vertex 28.454 -8.89101 3
      vertex 37.8 -14 3
      vertex 28.5878 -8.80902 3
    endloop
  endfacet
  facet normal 0 0 1
    outer loop
      vertex 37.8 -14 3
      vertex 28.454 -8.89101 3
      vertex 37.8271 -14.3442 3
    endloop
  endfacet
  facet normal 0 0 1
    outer loop
      vertex 24.2 -16 3
      vertex 37.8271 -14.3442 3
      vertex 28.454 -8.89101 3
    endloop
  endfacet
  facet normal 0 0 1
    outer loop
      vertex 37.8271 -14.3442 3
      vertex 24.2 -16 3
      vertex 37.9077 -14.6798 3
    endloop
  endfacet
  facet normal 0 0 1
    outer loop
      vertex 24.1729 -16.3442 3
      vertex 37.9077 -14.6798 3
      vertex 24.2 -16 3
    endloop
  endfacet
  facet normal 0 0 1
    outer loop
      vertex 37.9077 -14.6798 3
      vertex 24.1729 -16.3442 3
      vertex 38.0398 -14.9988 3
    endloop
  endfacet
  facet normal 0 0 1
    outer loop
      vertex 24.0923 -16.6798 3
      vertex 38.0398 -14.9988 3
      vertex 24.1729 -16.3442 3
    endloop
  endfacet
  facet normal 0 0 1
    outer loop
      vertex 24.2 -16 3
      vertex 28.454 -8.89101 3
      vertex 28.309 -8.95106 3
    endloop
  endfacet
  facet normal 0 0 1
    outer loop
      vertex 24.2 -16 3
      vertex 28.309 -8.95106 3
      vertex 28.1564 -8.98769 3
    endloop
  endfacet
  facet normal 0 0 1
    outer loop
      vertex 24.2 -16 3
      vertex 28.1564 -8.98769 3
      vertex 28 -9 3
    endloop
  endfacet
  facet normal 0 0 1
    outer loop
      vertex 24.2 -16 3
      vertex 28 -9 3
      vertex 27.8436 -8.98769 3
    endloop
  endfacet
  facet normal 0 0 1
    outer loop
      vertex 24.2 -16 3
      vertex 27.8436 -8.98769 3
      vertex 27.691 -8.95106 3
    endloop
  endfacet
  facet normal 0 0 1
    outer loop
      vertex 24.2 -16 3
      vertex 27.691 -8.95106 3
      vertex 27.546 -8.89101 3
    endloop
  endfacet
  facet normal 0 0 1
    outer loop
      vertex 24.2 -16 3
      vertex 27.546 -8.89101 3
      vertex 27.4122 -8.80902 3
    endloop
  endfacet
  facet normal 0 0 1
    outer loop
      vertex 24.2 -16 3
      vertex 27.0123 -8.15643 3
      vertex 27 -8 3
    endloop
  endfacet
  facet normal 0 0 1
    outer loop
      vertex 24.2 -16 3
      vertex 27.0489 -8.30902 3
      vertex 27.0123 -8.15643 3
    endloop
  endfacet
  facet normal 0 0 1
    outer loop
      vertex 24.2 -16 3
      vertex 27.109 -8.45399 3
      vertex 27.0489 -8.30902 3
    endloop
  endfacet
  facet normal 0 0 1
    outer loop
      vertex 24.2 -16 3
      vertex 27.191 -8.58778 3
      vertex 27.109 -8.45399 3
    endloop
  endfacet
  facet normal 0 0 1
    outer loop
      vertex 24.2 -16 3
      vertex 27.2929 -8.70711 3
      vertex 27.191 -8.58778 3
    endloop
  endfacet
  facet normal 0 0 1
    outer loop
      vertex 24.2 -16 3
      vertex 27.4122 -8.80902 3
      vertex 27.2929 -8.70711 3
    endloop
  endfacet
  facet normal 0 0 1
    outer loop
      vertex 38.0398 -14.9988 3
      vertex 24.0923 -16.6798 3
      vertex 38.2202 -15.2931 3
    endloop
  endfacet
  facet normal 0 0 1
    outer loop
      vertex 23.9602 -16.9988 3
      vertex 38.2202 -15.2931 3
      vertex 24.0923 -16.6798 3
    endloop
  endfacet
  facet normal 0 0 1
    outer loop
      vertex 38.2202 -15.2931 3
      vertex 23.9602 -16.9988 3
      vertex 38.4444 -15.5556 3
    endloop
  endfacet
  facet normal 0 0 1
    outer loop
      vertex 23.7798 -17.2931 3
      vertex 38.4444 -15.5556 3
      vertex 23.9602 -16.9988 3
    endloop
  endfacet
  facet normal 0 0 1
    outer loop
      vertex 38.4444 -15.5556 3
      vertex 23.7798 -17.2931 3
      vertex 38.7069 -15.7798 3
    endloop
  endfacet
  facet normal 0 0 1
    outer loop
      vertex 23.5556 -17.5556 3
      vertex 38.7069 -15.7798 3
      vertex 23.7798 -17.2931 3
    endloop
  endfacet
  facet normal 0 0 1
    outer loop
      vertex 38.7069 -15.7798 3
      vertex 23.5556 -17.5556 3
      vertex 39.0012 -15.9602 3
    endloop
  endfacet
  facet normal 0 0 1
    outer loop
      vertex 23.2931 -17.7798 3
      vertex 39.0012 -15.9602 3
      vertex 23.5556 -17.5556 3
    endloop
  endfacet
  facet normal 0 0 1
    outer loop
      vertex 39.0012 -15.9602 3
      vertex 23.2931 -17.7798 3
      vertex 39.3202 -16.0923 3
    endloop
  endfacet
  facet normal 0 0 1
    outer loop
      vertex 22.9988 -17.9602 3
      vertex 39.3202 -16.0923 3
      vertex 23.2931 -17.7798 3
    endloop
  endfacet
  facet normal 0 0 1
    outer loop
      vertex 39.6558 -16.1729 3
      vertex 22.9988 -17.9602 3
      vertex 22.6798 -18.0923 3
    endloop
  endfacet
  facet normal 0 0 1
    outer loop
      vertex 40 -16.2 3
      vertex 22.6798 -18.0923 3
      vertex 81.5 -31 3
    endloop
  endfacet
  facet normal -0 0 1
    outer loop
      vertex 22.3442 -18.1729 3
      vertex 81.5 -31 3
      vertex 22.6798 -18.0923 3
    endloop
  endfacet
  facet normal 0 0 1
    outer loop
      vertex 7.30168 -22.506 3
      vertex 22.3442 -18.1729 3
      vertex 22 -18.2 3
    endloop
  endfacet
  facet normal 0 0 1
    outer loop
      vertex 7.49957 -22.3761 3
      vertex 22 -18.2 3
      vertex 21.6558 -18.1729 3
    endloop
  endfacet
  facet normal 0 0 1
    outer loop
      vertex 8.01584 -20.8254 3
      vertex 20.0398 -16.9988 3
      vertex 19.9574 -16.8 3
    endloop
  endfacet
  facet normal 0 0 1
    outer loop
      vertex 8.04669 -21.0002 3
      vertex 20.2202 -17.2931 3
      vertex 20.0398 -16.9988 3
    endloop
  endfacet
  facet normal 0 0 1
    outer loop
      vertex 8.04149 -21.4315 3
      vertex 20.2202 -17.2931 3
      vertex 8.05698 -21.1859 3
    endloop
  endfacet
  facet normal 0 0 1
    outer loop
      vertex 20.2202 -17.2931 3
      vertex 8.04149 -21.4315 3
      vertex 20.4444 -17.5556 3
    endloop
  endfacet
  facet normal 0 0 1
    outer loop
      vertex 7.99504 -21.6581 3
      vertex 20.4444 -17.5556 3
      vertex 8.04149 -21.4315 3
    endloop
  endfacet
  facet normal 0 0 1
    outer loop
      vertex 20.4444 -17.5556 3
      vertex 7.99504 -21.6581 3
      vertex 20.7069 -17.7798 3
    endloop
  endfacet
  facet normal 0 0 1
    outer loop
      vertex 7.91763 -21.8659 3
      vertex 20.7069 -17.7798 3
      vertex 7.99504 -21.6581 3
    endloop
  endfacet
  facet normal 0 0 1
    outer loop
      vertex 20.7069 -17.7798 3
      vertex 7.91763 -21.8659 3
      vertex 21.0012 -17.9602 3
    endloop
  endfacet
  facet normal 0 0 1
    outer loop
      vertex 7.80925 -22.0549 3
      vertex 21.0012 -17.9602 3
      vertex 7.91763 -21.8659 3
    endloop
  endfacet
  facet normal 0 0 1
    outer loop
      vertex 21.0012 -17.9602 3
      vertex 7.80925 -22.0549 3
      vertex 21.3202 -18.0923 3
    endloop
  endfacet
  facet normal 0 0 1
    outer loop
      vertex 7.66989 -22.2249 3
      vertex 21.3202 -18.0923 3
      vertex 7.80925 -22.0549 3
    endloop
  endfacet
  facet normal 0 0 1
    outer loop
      vertex 21.3202 -18.0923 3
      vertex 7.66989 -22.2249 3
      vertex 21.6558 -18.1729 3
    endloop
  endfacet
  facet normal 0 0 1
    outer loop
      vertex 7.49957 -22.3761 3
      vertex 21.6558 -18.1729 3
      vertex 7.66989 -22.2249 3
    endloop
  endfacet
  facet normal 0 0 1
    outer loop
      vertex 22 -18.2 3
      vertex 7.49957 -22.3761 3
      vertex 7.30168 -22.506 3
    endloop
  endfacet
  facet normal 0 0 1
    outer loop
      vertex 22.3442 -18.1729 3
      vertex 7.30168 -22.506 3
      vertex 7.07961 -22.6123 3
    endloop
  endfacet
  facet normal 0 0 1
    outer loop
      vertex 22.3442 -18.1729 3
      vertex 7.07961 -22.6123 3
      vertex 81.5 -31 3
    endloop
  endfacet
  facet normal -0 0 1
    outer loop
      vertex 6.83333 -22.6949 3
      vertex 81.5 -31 3
      vertex 7.07961 -22.6123 3
    endloop
  endfacet
  facet normal -0 0 1
    outer loop
      vertex 6.56285 -22.754 3
      vertex 81.5 -31 3
      vertex 6.83333 -22.6949 3
    endloop
  endfacet
  facet normal -0 0 1
    outer loop
      vertex 6.2682 -22.7894 3
      vertex 81.5 -31 3
      vertex 6.56285 -22.754 3
    endloop
  endfacet
  facet normal -0 0 1
    outer loop
      vertex 5.94936 -22.8012 3
      vertex 81.5 -31 3
      vertex 6.2682 -22.7894 3
    endloop
  endfacet
  facet normal 0 0 1
    outer loop
      vertex 0.279892 -22.8826 3
      vertex 5.94936 -22.8012 3
      vertex 3.62209 -22.8012 3
    endloop
  endfacet
  facet normal -0 0 1
    outer loop
      vertex 2.63583 -21.606 3
      vertex 3.62209 -22.8012 3
      vertex 2.76178 -21.369 3
    endloop
  endfacet
  facet normal -0 0 1
    outer loop
      vertex 2.49394 -21.8234 3
      vertex 3.62209 -22.8012 3
      vertex 2.63583 -21.606 3
    endloop
  endfacet
  facet normal -0 0 1
    outer loop
      vertex 2.33612 -22.0211 3
      vertex 3.62209 -22.8012 3
      vertex 2.49394 -21.8234 3
    endloop
  endfacet
  facet normal -0 0 1
    outer loop
      vertex 2.16235 -22.1991 3
      vertex 3.62209 -22.8012 3
      vertex 2.33612 -22.0211 3
    endloop
  endfacet
  facet normal -0 0 1
    outer loop
      vertex 1.97264 -22.3574 3
      vertex 3.62209 -22.8012 3
      vertex 2.16235 -22.1991 3
    endloop
  endfacet
  facet normal -0 0 1
    outer loop
      vertex 1.76698 -22.4961 3
      vertex 3.62209 -22.8012 3
      vertex 1.97264 -22.3574 3
    endloop
  endfacet
  facet normal -0 0 1
    outer loop
      vertex 1.54768 -22.6142 3
      vertex 3.62209 -22.8012 3
      vertex 1.76698 -22.4961 3
    endloop
  endfacet
  facet normal -0 0 1
    outer loop
      vertex 1.31696 -22.7108 3
      vertex 3.62209 -22.8012 3
      vertex 1.54768 -22.6142 3
    endloop
  endfacet
  facet normal -0 0 1
    outer loop
      vertex 1.07481 -22.786 3
      vertex 3.62209 -22.8012 3
      vertex 1.31696 -22.7108 3
    endloop
  endfacet
  facet normal 0 0 1
    outer loop
      vertex 0.821259 -22.8397 3
      vertex 3.62209 -22.8012 3
      vertex 1.07481 -22.786 3
    endloop
  endfacet
  facet normal 0 0 1
    outer loop
      vertex 0.556274 -22.8719 3
      vertex 3.62209 -22.8012 3
      vertex 0.821259 -22.8397 3
    endloop
  endfacet
  facet normal 0 0 1
    outer loop
      vertex 0.279892 -22.8826 3
      vertex 3.62209 -22.8012 3
      vertex 0.556274 -22.8719 3
    endloop
  endfacet
  facet normal 0 0 1
    outer loop
      vertex 5.94936 -22.8012 3
      vertex 0.279892 -22.8826 3
      vertex 81.5 -31 3
    endloop
  endfacet
  facet normal 0 0 1
    outer loop
      vertex -6.90581 -22.8012 3
      vertex 0.279892 -22.8826 3
      vertex -0.00248718 -22.8726 3
    endloop
  endfacet
  facet normal -0 0 1
    outer loop
      vertex -3.30702 -19.299 3
      vertex -2.49475 -19.4678 3
      vertex -3.26277 -19.0555 3
    endloop
  endfacet
  facet normal 0 0 1
    outer loop
      vertex -3.38078 -19.5239 3
      vertex -2.49475 -19.4678 3
      vertex -3.30702 -19.299 3
    endloop
  endfacet
  facet normal 0 0 1
    outer loop
      vertex -2.49475 -19.4678 3
      vertex -3.38078 -19.5239 3
      vertex -2.51532 -19.9084 3
    endloop
  endfacet
  facet normal -0 0 1
    outer loop
      vertex -3.48402 -19.7303 3
      vertex -2.51532 -19.9084 3
      vertex -3.38078 -19.5239 3
    endloop
  endfacet
  facet normal 0 0 1
    outer loop
      vertex -2.51532 -19.9084 3
      vertex -3.48402 -19.7303 3
      vertex -2.5061 -20.2067 3
    endloop
  endfacet
  facet normal -0 0 1
    outer loop
      vertex -3.61678 -19.9181 3
      vertex -2.5061 -20.2067 3
      vertex -3.48402 -19.7303 3
    endloop
  endfacet
  facet normal 0 0 1
    outer loop
      vertex -2.5061 -20.2067 3
      vertex -3.61678 -19.9181 3
      vertex -2.47849 -20.4913 3
    endloop
  endfacet
  facet normal -0 0 1
    outer loop
      vertex -3.77902 -20.0874 3
      vertex -2.47849 -20.4913 3
      vertex -3.61678 -19.9181 3
    endloop
  endfacet
  facet normal 0 0 1
    outer loop
      vertex -2.47849 -20.4913 3
      vertex -3.77902 -20.0874 3
      vertex -2.43243 -20.7623 3
    endloop
  endfacet
  facet normal -0 0 1
    outer loop
      vertex -3.96657 -20.2341 3
      vertex -2.43243 -20.7623 3
      vertex -3.77902 -20.0874 3
    endloop
  endfacet
  facet normal 0 0 1
    outer loop
      vertex -2.43243 -20.7623 3
      vertex -3.96657 -20.2341 3
      vertex -2.36797 -21.0196 3
    endloop
  endfacet
  facet normal -0 0 1
    outer loop
      vertex -4.17526 -20.3541 3
      vertex -2.36797 -21.0196 3
      vertex -3.96657 -20.2341 3
    endloop
  endfacet
  facet normal 0 0 1
    outer loop
      vertex -2.36797 -21.0196 3
      vertex -4.17526 -20.3541 3
      vertex -2.28506 -21.2632 3
    endloop
  endfacet
  facet normal -0 0 1
    outer loop
      vertex -4.40508 -20.4475 3
      vertex -2.28506 -21.2632 3
      vertex -4.17526 -20.3541 3
    endloop
  endfacet
  facet normal 0 0 1
    outer loop
      vertex -2.28506 -21.2632 3
      vertex -4.40508 -20.4475 3
      vertex -2.18376 -21.4931 3
    endloop
  endfacet
  facet normal -0 0 1
    outer loop
      vertex -4.65604 -20.5142 3
      vertex -2.18376 -21.4931 3
      vertex -4.40508 -20.4475 3
    endloop
  endfacet
  facet normal 0 0 1
    outer loop
      vertex -2.18376 -21.4931 3
      vertex -4.65604 -20.5142 3
      vertex -2.06485 -21.7076 3
    endloop
  endfacet
  facet normal 0 0 1
    outer loop
      vertex -6.90581 -22.8012 3
      vertex -2.06485 -21.7076 3
      vertex -4.65604 -20.5142 3
    endloop
  endfacet
  facet normal 0 0 1
    outer loop
      vertex -2.06485 -21.7076 3
      vertex -6.90581 -22.8012 3
      vertex -1.92923 -21.905 3
    endloop
  endfacet
  facet normal 0 0 1
    outer loop
      vertex -1.92923 -21.905 3
      vertex -6.90581 -22.8012 3
      vertex -1.77687 -22.0851 3
    endloop
  endfacet
  facet normal 0 0 1
    outer loop
      vertex -1.77687 -22.0851 3
      vertex -6.90581 -22.8012 3
      vertex -1.60779 -22.2481 3
    endloop
  endfacet
  facet normal 0 0 1
    outer loop
      vertex -1.60779 -22.2481 3
      vertex -6.90581 -22.8012 3
      vertex -1.42198 -22.3939 3
    endloop
  endfacet
  facet normal 0 0 1
    outer loop
      vertex -6.90581 -22.8012 3
      vertex -4.65604 -20.5142 3
      vertex -4.92813 -20.5542 3
    endloop
  endfacet
  facet normal 0 0 1
    outer loop
      vertex -6.90581 -22.8012 3
      vertex -4.92813 -20.5542 3
      vertex -5.22136 -20.5675 3
    endloop
  endfacet
  facet normal 0 0 1
    outer loop
      vertex -1.42198 -22.3939 3
      vertex -6.90581 -22.8012 3
      vertex -1.21944 -22.5225 3
    endloop
  endfacet
  facet normal 0 0 1
    outer loop
      vertex -6.90581 -22.8012 3
      vertex -5.22136 -20.5675 3
      vertex -6.90581 -20.5675 3
    endloop
  endfacet
  facet normal 0 0 1
    outer loop
      vertex -1.21944 -22.5225 3
      vertex -6.90581 -22.8012 3
      vertex -1.00204 -22.6326 3
    endloop
  endfacet
  facet normal 0 0 1
    outer loop
      vertex -1.00204 -22.6326 3
      vertex -6.90581 -22.8012 3
      vertex -0.771652 -22.7226 3
    endloop
  endfacet
  facet normal 0 0 1
    outer loop
      vertex -6.90581 -22.8012 3
      vertex -0.528259 -22.7926 3
      vertex -0.771652 -22.7226 3
    endloop
  endfacet
  facet normal -0 0 1
    outer loop
      vertex -6.90581 -22.8012 3
      vertex -0.271866 -22.8426 3
      vertex -0.528259 -22.7926 3
    endloop
  endfacet
  facet normal 0 0 1
    outer loop
      vertex -6.90581 -22.8012 3
      vertex -0.00248718 -22.8726 3
      vertex -0.271866 -22.8426 3
    endloop
  endfacet
  facet normal 0 0 1
    outer loop
      vertex 0.279892 -22.8826 3
      vertex -6.90581 -22.8012 3
      vertex -81.5 -31 3
    endloop
  endfacet
  facet normal 0 0 1
    outer loop
      vertex -81.5 -31 3
      vertex -6.90581 -22.8012 3
      vertex -7.68292 -22.8012 3
    endloop
  endfacet
  facet normal 0 0 1
    outer loop
      vertex -10.2202 -17.2931 3
      vertex -7.68292 -17.0684 3
      vertex -10.0398 -16.9988 3
    endloop
  endfacet
  facet normal 0 0 1
    outer loop
      vertex -10.4444 -17.5556 3
      vertex -7.68292 -17.0684 3
      vertex -10.2202 -17.2931 3
    endloop
  endfacet
  facet normal 0 0 1
    outer loop
      vertex -7.68292 -17.0684 3
      vertex -10.4444 -17.5556 3
      vertex -7.68292 -22.8012 3
    endloop
  endfacet
  facet normal -0 0 1
    outer loop
      vertex -10.7069 -17.7798 3
      vertex -7.68292 -22.8012 3
      vertex -10.4444 -17.5556 3
    endloop
  endfacet
  facet normal -0 0 1
    outer loop
      vertex -11.0012 -17.9602 3
      vertex -7.68292 -22.8012 3
      vertex -10.7069 -17.7798 3
    endloop
  endfacet
  facet normal -0 0 1
    outer loop
      vertex -11.3202 -18.0923 3
      vertex -7.68292 -22.8012 3
      vertex -11.0012 -17.9602 3
    endloop
  endfacet
  facet normal -0 0 1
    outer loop
      vertex -11.6558 -18.1729 3
      vertex -7.68292 -22.8012 3
      vertex -11.3202 -18.0923 3
    endloop
  endfacet
  facet normal -0 0 1
    outer loop
      vertex -12 -18.2 3
      vertex -7.68292 -22.8012 3
      vertex -11.6558 -18.1729 3
    endloop
  endfacet
  facet normal 0 0 1
    outer loop
      vertex -12.3442 -18.1729 3
      vertex -7.68292 -22.8012 3
      vertex -12 -18.2 3
    endloop
  endfacet
  facet normal 0 0 1
    outer loop
      vertex -12.6798 -18.0923 3
      vertex -7.68292 -22.8012 3
      vertex -12.3442 -18.1729 3
    endloop
  endfacet
  facet normal 0 0 1
    outer loop
      vertex -12.9988 -17.9602 3
      vertex -7.68292 -22.8012 3
      vertex -12.6798 -18.0923 3
    endloop
  endfacet
  facet normal 0 0 1
    outer loop
      vertex -13.2931 -17.7798 3
      vertex -7.68292 -22.8012 3
      vertex -12.9988 -17.9602 3
    endloop
  endfacet
  facet normal 0 0 1
    outer loop
      vertex -20 -15 3
      vertex -13.2931 -17.7798 3
      vertex -13.5556 -17.5556 3
    endloop
  endfacet
  facet normal 0 0 1
    outer loop
      vertex -14.0923 -15.3202 3
      vertex -19.0489 -14.309 3
      vertex -14.1729 -15.6558 3
    endloop
  endfacet
  facet normal -0 0 1
    outer loop
      vertex -19.109 -14.454 3
      vertex -14.1729 -15.6558 3
      vertex -19.0489 -14.309 3
    endloop
  endfacet
  facet normal 0 0 1
    outer loop
      vertex -14.1729 -15.6558 3
      vertex -19.109 -14.454 3
      vertex -14.2 -16 3
    endloop
  endfacet
  facet normal -0 0 1
    outer loop
      vertex -19.191 -14.5878 3
      vertex -14.2 -16 3
      vertex -19.109 -14.454 3
    endloop
  endfacet
  facet normal 0 0 1
    outer loop
      vertex -14.2 -16 3
      vertex -19.191 -14.5878 3
      vertex -14.1729 -16.3442 3
    endloop
  endfacet
  facet normal -0 0 1
    outer loop
      vertex -19.2929 -14.7071 3
      vertex -14.1729 -16.3442 3
      vertex -19.191 -14.5878 3
    endloop
  endfacet
  facet normal -0 0 1
    outer loop
      vertex -19.4122 -14.809 3
      vertex -14.1729 -16.3442 3
      vertex -19.2929 -14.7071 3
    endloop
  endfacet
  facet normal 0 0 1
    outer loop
      vertex -14.1729 -16.3442 3
      vertex -19.4122 -14.809 3
      vertex -14.0923 -16.6798 3
    endloop
  endfacet
  facet normal -0 0 1
    outer loop
      vertex -19.546 -14.891 3
      vertex -14.0923 -16.6798 3
      vertex -19.4122 -14.809 3
    endloop
  endfacet
  facet normal 0 0 1
    outer loop
      vertex -14.0923 -16.6798 3
      vertex -19.546 -14.891 3
      vertex -13.9602 -16.9988 3
    endloop
  endfacet
  facet normal -0 0 1
    outer loop
      vertex -19.691 -14.9511 3
      vertex -13.9602 -16.9988 3
      vertex -19.546 -14.891 3
    endloop
  endfacet
  facet normal 0 0 1
    outer loop
      vertex -13.9602 -16.9988 3
      vertex -19.691 -14.9511 3
      vertex -13.7798 -17.2931 3
    endloop
  endfacet
  facet normal -0 0 1
    outer loop
      vertex -19.8436 -14.9877 3
      vertex -13.7798 -17.2931 3
      vertex -19.691 -14.9511 3
    endloop
  endfacet
  facet normal 0 0 1
    outer loop
      vertex -13.7798 -17.2931 3
      vertex -19.8436 -14.9877 3
      vertex -13.5556 -17.5556 3
    endloop
  endfacet
  facet normal -0 0 1
    outer loop
      vertex -20 -15 3
      vertex -13.5556 -17.5556 3
      vertex -19.8436 -14.9877 3
    endloop
  endfacet
  facet normal 0 0 1
    outer loop
      vertex -13.2931 -17.7798 3
      vertex -20 -15 3
      vertex -20.1564 -14.9877 3
    endloop
  endfacet
  facet normal 0 0 1
    outer loop
      vertex -13.2931 -17.7798 3
      vertex -20.1564 -14.9877 3
      vertex -7.68292 -22.8012 3
    endloop
  endfacet
  facet normal 0 0 1
    outer loop
      vertex -20.309 -14.9511 3
      vertex -7.68292 -22.8012 3
      vertex -20.1564 -14.9877 3
    endloop
  endfacet
  facet normal 0 0 1
    outer loop
      vertex -44.7069 -17.7798 3
      vertex -20.309 -14.9511 3
      vertex -20.454 -14.891 3
    endloop
  endfacet
  facet normal 0 0 1
    outer loop
      vertex -30 -12.2 3
      vertex -20.454 -14.891 3
      vertex -20.5878 -14.809 3
    endloop
  endfacet
  facet normal -0 0 1
    outer loop
      vertex -28.2202 -11.2931 3
      vertex -20.9877 -13.8436 3
      vertex -28.0398 -10.9988 3
    endloop
  endfacet
  facet normal 0 0 1
    outer loop
      vertex -20.9877 -13.8436 3
      vertex -28.2202 -11.2931 3
      vertex -21 -14 3
    endloop
  endfacet
  facet normal -0 0 1
    outer loop
      vertex -28.4444 -11.5556 3
      vertex -21 -14 3
      vertex -28.2202 -11.2931 3
    endloop
  endfacet
  facet normal 0 0 1
    outer loop
      vertex -21 -14 3
      vertex -28.4444 -11.5556 3
      vertex -20.9877 -14.1564 3
    endloop
  endfacet
  facet normal -0 0 1
    outer loop
      vertex -28.7069 -11.7798 3
      vertex -20.9877 -14.1564 3
      vertex -28.4444 -11.5556 3
    endloop
  endfacet
  facet normal 0 0 1
    outer loop
      vertex -20.9877 -14.1564 3
      vertex -28.7069 -11.7798 3
      vertex -20.9511 -14.309 3
    endloop
  endfacet
  facet normal 0 0 1
    outer loop
      vertex -20.9511 -14.309 3
      vertex -28.7069 -11.7798 3
      vertex -20.891 -14.454 3
    endloop
  endfacet
  facet normal -0 0 1
    outer loop
      vertex -29.0012 -11.9602 3
      vertex -20.891 -14.454 3
      vertex -28.7069 -11.7798 3
    endloop
  endfacet
  facet normal 0 0 1
    outer loop
      vertex -20.891 -14.454 3
      vertex -29.0012 -11.9602 3
      vertex -20.809 -14.5878 3
    endloop
  endfacet
  facet normal -0 0 1
    outer loop
      vertex -29.3202 -12.0923 3
      vertex -20.809 -14.5878 3
      vertex -29.0012 -11.9602 3
    endloop
  endfacet
  facet normal 0 0 1
    outer loop
      vertex -20.809 -14.5878 3
      vertex -29.3202 -12.0923 3
      vertex -20.7071 -14.7071 3
    endloop
  endfacet
  facet normal -0 0 1
    outer loop
      vertex -29.6558 -12.1729 3
      vertex -20.7071 -14.7071 3
      vertex -29.3202 -12.0923 3
    endloop
  endfacet
  facet normal 0 0 1
    outer loop
      vertex -20.7071 -14.7071 3
      vertex -29.6558 -12.1729 3
      vertex -20.5878 -14.809 3
    endloop
  endfacet
  facet normal -0 0 1
    outer loop
      vertex -30 -12.2 3
      vertex -20.5878 -14.809 3
      vertex -29.6558 -12.1729 3
    endloop
  endfacet
  facet normal 0 0 1
    outer loop
      vertex -20.454 -14.891 3
      vertex -30 -12.2 3
      vertex -44.4444 -17.5556 3
    endloop
  endfacet
  facet normal 0 0 1
    outer loop
      vertex -44.4444 -17.5556 3
      vertex -30 -12.2 3
      vertex -30.3442 -12.1729 3
    endloop
  endfacet
  facet normal 0 0 1
    outer loop
      vertex -44.2202 -17.2931 3
      vertex -30.3442 -12.1729 3
      vertex -30.6798 -12.0923 3
    endloop
  endfacet
  facet normal 0 0 1
    outer loop
      vertex -44.0398 -16.9988 3
      vertex -30.6798 -12.0923 3
      vertex -30.9988 -11.9602 3
    endloop
  endfacet
  facet normal 0 0 1
    outer loop
      vertex -43.8 -16 3
      vertex -32.1729 -10.3442 3
      vertex -32.2 -10 3
    endloop
  endfacet
  facet normal 0 0 1
    outer loop
      vertex -43.8 -16 3
      vertex -32.0923 -10.6798 3
      vertex -32.1729 -10.3442 3
    endloop
  endfacet
  facet normal 0 0 1
    outer loop
      vertex -43.8 -16 3
      vertex -31.9602 -10.9988 3
      vertex -32.0923 -10.6798 3
    endloop
  endfacet
  facet normal 0 0 1
    outer loop
      vertex -43.8 -16 3
      vertex -31.7798 -11.2931 3
      vertex -31.9602 -10.9988 3
    endloop
  endfacet
  facet normal 0 0 1
    outer loop
      vertex -43.8 -16 3
      vertex -31.5556 -11.5556 3
      vertex -31.7798 -11.2931 3
    endloop
  endfacet
  facet normal 0 0 1
    outer loop
      vertex -43.8271 -16.3442 3
      vertex -31.5556 -11.5556 3
      vertex -43.8 -16 3
    endloop
  endfacet
  facet normal 0 0 1
    outer loop
      vertex -31.5556 -11.5556 3
      vertex -43.8271 -16.3442 3
      vertex -31.2931 -11.7798 3
    endloop
  endfacet
  facet normal 0 0 1
    outer loop
      vertex -43.9077 -16.6798 3
      vertex -31.2931 -11.7798 3
      vertex -43.8271 -16.3442 3
    endloop
  endfacet
  facet normal 0 0 1
    outer loop
      vertex -31.2931 -11.7798 3
      vertex -43.9077 -16.6798 3
      vertex -30.9988 -11.9602 3
    endloop
  endfacet
  facet normal 0 0 1
    outer loop
      vertex -44.0398 -16.9988 3
      vertex -30.9988 -11.9602 3
      vertex -43.9077 -16.6798 3
    endloop
  endfacet
  facet normal 0 0 1
    outer loop
      vertex -30.6798 -12.0923 3
      vertex -44.0398 -16.9988 3
      vertex -44.2202 -17.2931 3
    endloop
  endfacet
  facet normal 0 0 1
    outer loop
      vertex -30.3442 -12.1729 3
      vertex -44.2202 -17.2931 3
      vertex -44.4444 -17.5556 3
    endloop
  endfacet
  facet normal 0 0 1
    outer loop
      vertex -20.454 -14.891 3
      vertex -44.4444 -17.5556 3
      vertex -44.7069 -17.7798 3
    endloop
  endfacet
  facet normal 0 0 1
    outer loop
      vertex -20.309 -14.9511 3
      vertex -44.7069 -17.7798 3
      vertex -7.68292 -22.8012 3
    endloop
  endfacet
  facet normal -0 0 1
    outer loop
      vertex -45.0012 -17.9602 3
      vertex -7.68292 -22.8012 3
      vertex -44.7069 -17.7798 3
    endloop
  endfacet
  facet normal -0 0 1
    outer loop
      vertex -45.3202 -18.0923 3
      vertex -7.68292 -22.8012 3
      vertex -45.0012 -17.9602 3
    endloop
  endfacet
  facet normal -0 0 1
    outer loop
      vertex -45.6558 -18.1729 3
      vertex -7.68292 -22.8012 3
      vertex -45.3202 -18.0923 3
    endloop
  endfacet
  facet normal 0 0 1
    outer loop
      vertex -81.5 -31 3
      vertex -45.6558 -18.1729 3
      vertex -46 -18.2 3
    endloop
  endfacet
  facet normal 0 0 1
    outer loop
      vertex -81.5 -31 3
      vertex -46 -18.2 3
      vertex -46.3442 -18.1729 3
    endloop
  endfacet
  facet normal -0 0 1
    outer loop
      vertex -59.9574 -16.8 3
      vertex -47.9602 -16.9988 3
      vertex -48.0426 -16.8 3
    endloop
  endfacet
  facet normal 0 0 1
    outer loop
      vertex -60.0398 -16.9988 3
      vertex -47.9602 -16.9988 3
      vertex -59.9574 -16.8 3
    endloop
  endfacet
  facet normal 0 0 1
    outer loop
      vertex -47.9602 -16.9988 3
      vertex -60.0398 -16.9988 3
      vertex -47.7798 -17.2931 3
    endloop
  endfacet
  facet normal 0 0 1
    outer loop
      vertex -60.2202 -17.2931 3
      vertex -47.7798 -17.2931 3
      vertex -60.0398 -16.9988 3
    endloop
  endfacet
  facet normal 0 0 1
    outer loop
      vertex -47.7798 -17.2931 3
      vertex -60.2202 -17.2931 3
      vertex -47.5556 -17.5556 3
    endloop
  endfacet
  facet normal 0 0 1
    outer loop
      vertex -60.4444 -17.5556 3
      vertex -47.5556 -17.5556 3
      vertex -60.2202 -17.2931 3
    endloop
  endfacet
  facet normal 0 0 1
    outer loop
      vertex -47.5556 -17.5556 3
      vertex -60.4444 -17.5556 3
      vertex -47.2931 -17.7798 3
    endloop
  endfacet
  facet normal 0 0 1
    outer loop
      vertex -60.7069 -17.7798 3
      vertex -47.2931 -17.7798 3
      vertex -60.4444 -17.5556 3
    endloop
  endfacet
  facet normal 0 0 1
    outer loop
      vertex -47.2931 -17.7798 3
      vertex -60.7069 -17.7798 3
      vertex -46.9988 -17.9602 3
    endloop
  endfacet
  facet normal 0 0 1
    outer loop
      vertex -61.0012 -17.9602 3
      vertex -46.9988 -17.9602 3
      vertex -60.7069 -17.7798 3
    endloop
  endfacet
  facet normal 0 0 1
    outer loop
      vertex -46.9988 -17.9602 3
      vertex -61.0012 -17.9602 3
      vertex -46.6798 -18.0923 3
    endloop
  endfacet
  facet normal 0 0 1
    outer loop
      vertex -61.3202 -18.0923 3
      vertex -46.6798 -18.0923 3
      vertex -61.0012 -17.9602 3
    endloop
  endfacet
  facet normal 0 0 1
    outer loop
      vertex -46.6798 -18.0923 3
      vertex -61.3202 -18.0923 3
      vertex -46.3442 -18.1729 3
    endloop
  endfacet
  facet normal 0 0 1
    outer loop
      vertex -61.6558 -18.1729 3
      vertex -46.3442 -18.1729 3
      vertex -61.3202 -18.0923 3
    endloop
  endfacet
  facet normal 0 0 1
    outer loop
      vertex -45.6558 -18.1729 3
      vertex -81.5 -31 3
      vertex -7.68292 -22.8012 3
    endloop
  endfacet
  facet normal 0 0 1
    outer loop
      vertex -46.3442 -18.1729 3
      vertex -61.6558 -18.1729 3
      vertex -81.5 -31 3
    endloop
  endfacet
  facet normal 0 0 1
    outer loop
      vertex -81.5 -31 3
      vertex -61.6558 -18.1729 3
      vertex -62 -18.2 3
    endloop
  endfacet
  facet normal 0 0 1
    outer loop
      vertex -81.5 -31 3
      vertex -62 -18.2 3
      vertex -62.3442 -18.1729 3
    endloop
  endfacet
  facet normal -0 0 1
    outer loop
      vertex -72.7736 -1.42561 3
      vertex -63.2931 -14.2202 3
      vertex -72.5595 -1.29443 3
    endloop
  endfacet
  facet normal 0 0 1
    outer loop
      vertex -63.2931 -14.2202 3
      vertex -72.7736 -1.42561 3
      vertex -63.5556 -14.4444 3
    endloop
  endfacet
  facet normal -0 0 1
    outer loop
      vertex -73.0056 -1.52169 3
      vertex -63.5556 -14.4444 3
      vertex -72.7736 -1.42561 3
    endloop
  endfacet
  facet normal 0 0 1
    outer loop
      vertex -63.5556 -14.4444 3
      vertex -73.0056 -1.52169 3
      vertex -63.7798 -14.7069 3
    endloop
  endfacet
  facet normal -0 0 1
    outer loop
      vertex -73.2497 -1.5803 3
      vertex -63.7798 -14.7069 3
      vertex -73.0056 -1.52169 3
    endloop
  endfacet
  facet normal 0 0 1
    outer loop
      vertex -63.7798 -14.7069 3
      vertex -73.2497 -1.5803 3
      vertex -63.9602 -15.0012 3
    endloop
  endfacet
  facet normal -0 0 1
    outer loop
      vertex -73.5 -1.6 3
      vertex -63.9602 -15.0012 3
      vertex -73.2497 -1.5803 3
    endloop
  endfacet
  facet normal 0 0 1
    outer loop
      vertex -63.9602 -15.0012 3
      vertex -73.5 -1.6 3
      vertex -64.0923 -15.3202 3
    endloop
  endfacet
  facet normal 0 0 1
    outer loop
      vertex -73.7503 -1.5803 3
      vertex -64.0923 -15.3202 3
      vertex -73.5 -1.6 3
    endloop
  endfacet
  facet normal 0 0 1
    outer loop
      vertex -64.0923 -15.3202 3
      vertex -73.7503 -1.5803 3
      vertex -64.1729 -15.6558 3
    endloop
  endfacet
  facet normal 0 0 1
    outer loop
      vertex -73.9944 -1.52169 3
      vertex -64.1729 -15.6558 3
      vertex -73.7503 -1.5803 3
    endloop
  endfacet
  facet normal 0 0 1
    outer loop
      vertex -64.1729 -15.6558 3
      vertex -73.9944 -1.52169 3
      vertex -64.2 -16 3
    endloop
  endfacet
  facet normal 0 0 1
    outer loop
      vertex -81.5 -31 3
      vertex -64.2 -16 3
      vertex -73.9944 -1.52169 3
    endloop
  endfacet
  facet normal 0 0 1
    outer loop
      vertex -64.2 -16 3
      vertex -81.5 -31 3
      vertex -64.1729 -16.3442 3
    endloop
  endfacet
  facet normal 0 0 1
    outer loop
      vertex -64.1729 -16.3442 3
      vertex -81.5 -31 3
      vertex -64.0923 -16.6798 3
    endloop
  endfacet
  facet normal 0 0 1
    outer loop
      vertex -64.0923 -16.6798 3
      vertex -81.5 -31 3
      vertex -63.9602 -16.9988 3
    endloop
  endfacet
  facet normal 0 0 1
    outer loop
      vertex -81.5 -31 3
      vertex -73.9944 -1.52169 3
      vertex -74.2264 -1.42561 3
    endloop
  endfacet
  facet normal 0 0 1
    outer loop
      vertex -81.5 -31 3
      vertex -74.2264 -1.42561 3
      vertex -74.4405 -1.29443 3
    endloop
  endfacet
  facet normal 0 0 1
    outer loop
      vertex -81.5 -31 3
      vertex -74.4405 -1.29443 3
      vertex -74.6314 -1.13137 3
    endloop
  endfacet
  facet normal 0 0 1
    outer loop
      vertex -81.5 -31 3
      vertex -74.6314 -1.13137 3
      vertex -74.7944 -0.940456 3
    endloop
  endfacet
  facet normal 0 0 1
    outer loop
      vertex -81.5 -31 3
      vertex -75.1 0 3
      vertex -81.5 31 3
    endloop
  endfacet
  facet normal 0 0 1
    outer loop
      vertex 0.279892 -22.8826 3
      vertex -81.5 -31 3
      vertex 81.5 -31 3
    endloop
  endfacet
  facet normal 0 0 1
    outer loop
      vertex -62.6798 -18.0923 3
      vertex -81.5 -31 3
      vertex -62.3442 -18.1729 3
    endloop
  endfacet
  facet normal 0 0 1
    outer loop
      vertex -62.9988 -17.9602 3
      vertex -81.5 -31 3
      vertex -62.6798 -18.0923 3
    endloop
  endfacet
  facet normal 0 0 1
    outer loop
      vertex -63.2931 -17.7798 3
      vertex -81.5 -31 3
      vertex -62.9988 -17.9602 3
    endloop
  endfacet
  facet normal 0 0 1
    outer loop
      vertex -63.5556 -17.5556 3
      vertex -81.5 -31 3
      vertex -63.2931 -17.7798 3
    endloop
  endfacet
  facet normal 0 0 1
    outer loop
      vertex -63.7798 -17.2931 3
      vertex -81.5 -31 3
      vertex -63.5556 -17.5556 3
    endloop
  endfacet
  facet normal 0 0 1
    outer loop
      vertex -63.9602 -16.9988 3
      vertex -81.5 -31 3
      vertex -63.7798 -17.2931 3
    endloop
  endfacet
  facet normal 0 0 1
    outer loop
      vertex -74.9256 -0.726384 3
      vertex -81.5 -31 3
      vertex -74.7944 -0.940456 3
    endloop
  endfacet
  facet normal 0 0 1
    outer loop
      vertex -75.0217 -0.494427 3
      vertex -81.5 -31 3
      vertex -74.9256 -0.726384 3
    endloop
  endfacet
  facet normal 0 0 1
    outer loop
      vertex -75.0803 -0.250295 3
      vertex -81.5 -31 3
      vertex -75.0217 -0.494427 3
    endloop
  endfacet
  facet normal 0 0 1
    outer loop
      vertex -75.1 0 3
      vertex -81.5 -31 3
      vertex -75.0803 -0.250295 3
    endloop
  endfacet
  facet normal -0 0 1
    outer loop
      vertex 61.7798 -3.29313 3
      vertex 63.2931 -12.2202 3
      vertex 61.9602 -2.99878 3
    endloop
  endfacet
  facet normal 0 0 1
    outer loop
      vertex 63.2931 -12.2202 3
      vertex 61.7798 -3.29313 3
      vertex 62.9988 -12.0398 3
    endloop
  endfacet
  facet normal -0 0 1
    outer loop
      vertex 61.5556 -3.55563 3
      vertex 62.9988 -12.0398 3
      vertex 61.7798 -3.29313 3
    endloop
  endfacet
  facet normal 0 0 1
    outer loop
      vertex 62.9988 -12.0398 3
      vertex 61.5556 -3.55563 3
      vertex 62.6798 -11.9077 3
    endloop
  endfacet
  facet normal -0 0 1
    outer loop
      vertex 61.2931 -3.77984 3
      vertex 62.6798 -11.9077 3
      vertex 61.5556 -3.55563 3
    endloop
  endfacet
  facet normal 0 0 1
    outer loop
      vertex 62.6798 -11.9077 3
      vertex 61.2931 -3.77984 3
      vertex 62.3442 -11.8271 3
    endloop
  endfacet
  facet normal -0 0 1
    outer loop
      vertex 60.9988 -3.96021 3
      vertex 62.3442 -11.8271 3
      vertex 61.2931 -3.77984 3
    endloop
  endfacet
  facet normal 0 0 1
    outer loop
      vertex 62.3442 -11.8271 3
      vertex 60.9988 -3.96021 3
      vertex 62 -11.8 3
    endloop
  endfacet
  facet normal -0 0 1
    outer loop
      vertex 60.6798 -4.09232 3
      vertex 62 -11.8 3
      vertex 60.9988 -3.96021 3
    endloop
  endfacet
  facet normal 0 0 1
    outer loop
      vertex 62 -11.8 3
      vertex 60.6798 -4.09232 3
      vertex 61.6558 -11.8271 3
    endloop
  endfacet
  facet normal -0 0 1
    outer loop
      vertex 60.3442 -4.17291 3
      vertex 61.6558 -11.8271 3
      vertex 60.6798 -4.09232 3
    endloop
  endfacet
  facet normal 0 0 1
    outer loop
      vertex 61.6558 -11.8271 3
      vertex 60.3442 -4.17291 3
      vertex 61.3202 -11.9077 3
    endloop
  endfacet
  facet normal -0 0 1
    outer loop
      vertex 60 -4.2 3
      vertex 61.3202 -11.9077 3
      vertex 60.3442 -4.17291 3
    endloop
  endfacet
  facet normal 0 0 1
    outer loop
      vertex 61.3202 -11.9077 3
      vertex 60 -4.2 3
      vertex 61.0012 -12.0398 3
    endloop
  endfacet
  facet normal 0 0 1
    outer loop
      vertex 59.6558 -4.17291 3
      vertex 61.0012 -12.0398 3
      vertex 60 -4.2 3
    endloop
  endfacet
  facet normal 0 0 1
    outer loop
      vertex 61.0012 -12.0398 3
      vertex 59.6558 -4.17291 3
      vertex 60.7069 -12.2202 3
    endloop
  endfacet
  facet normal 0 0 1
    outer loop
      vertex 59.3202 -4.09232 3
      vertex 60.7069 -12.2202 3
      vertex 59.6558 -4.17291 3
    endloop
  endfacet
  facet normal 0 0 1
    outer loop
      vertex 60.7069 -12.2202 3
      vertex 59.3202 -4.09232 3
      vertex 60.4444 -12.4444 3
    endloop
  endfacet
  facet normal 0 0 1
    outer loop
      vertex 59.0012 -3.96021 3
      vertex 60.4444 -12.4444 3
      vertex 59.3202 -4.09232 3
    endloop
  endfacet
  facet normal 0 0 1
    outer loop
      vertex 60.4444 -12.4444 3
      vertex 59.0012 -3.96021 3
      vertex 60.2202 -12.7069 3
    endloop
  endfacet
  facet normal 0 0 1
    outer loop
      vertex 58.7069 -3.77984 3
      vertex 60.2202 -12.7069 3
      vertex 59.0012 -3.96021 3
    endloop
  endfacet
  facet normal 0 0 1
    outer loop
      vertex 60.2202 -12.7069 3
      vertex 58.7069 -3.77984 3
      vertex 60.0398 -13.0012 3
    endloop
  endfacet
  facet normal 0 0 1
    outer loop
      vertex 58.4444 -3.55563 3
      vertex 60.0398 -13.0012 3
      vertex 58.7069 -3.77984 3
    endloop
  endfacet
  facet normal 0 0 1
    outer loop
      vertex 60.0398 -13.0012 3
      vertex 58.4444 -3.55563 3
      vertex 59.9574 -13.2 3
    endloop
  endfacet
  facet normal 0 0 1
    outer loop
      vertex 58.2202 -3.29313 3
      vertex 59.9574 -13.2 3
      vertex 58.4444 -3.55563 3
    endloop
  endfacet
  facet normal 0 0 1
    outer loop
      vertex 41.9602 -13.0012 3
      vertex 58.2202 -3.29313 3
      vertex 58.0398 -2.99878 3
    endloop
  endfacet
  facet normal -0 0 1
    outer loop
      vertex 40.8 -2.8 3
      vertex 58.0398 -2.99878 3
      vertex 57.9574 -2.8 3
    endloop
  endfacet
  facet normal 0 0 1
    outer loop
      vertex 58.2202 -3.29313 3
      vertex 42.0426 -13.2 3
      vertex 59.9574 -13.2 3
    endloop
  endfacet
  facet normal 0 0 1
    outer loop
      vertex 58.2202 -3.29313 3
      vertex 41.9602 -13.0012 3
      vertex 42.0426 -13.2 3
    endloop
  endfacet
  facet normal 0 0 1
    outer loop
      vertex 58.0398 -2.99878 3
      vertex 41.7798 -12.7069 3
      vertex 41.9602 -13.0012 3
    endloop
  endfacet
  facet normal 0 0 1
    outer loop
      vertex 58.0398 -2.99878 3
      vertex 40.8 -2.8 3
      vertex 41.7798 -12.7069 3
    endloop
  endfacet
  facet normal 0 0 1
    outer loop
      vertex 41.7798 -12.7069 3
      vertex 40.8 -2.8 3
      vertex 41.5556 -12.4444 3
    endloop
  endfacet
  facet normal 0 0 1
    outer loop
      vertex 41.5556 -12.4444 3
      vertex 40.8 -2.8 3
      vertex 41.2931 -12.2202 3
    endloop
  endfacet
  facet normal 0 0 1
    outer loop
      vertex 41.2931 -12.2202 3
      vertex 40.8 -2.8 3
      vertex 40.9988 -12.0398 3
    endloop
  endfacet
  facet normal 0 0 1
    outer loop
      vertex 40.9988 -12.0398 3
      vertex 40.8 -2.8 3
      vertex 40.8 -11.9574 3
    endloop
  endfacet
  facet normal 0 0 1
    outer loop
      vertex 72.0744 0.726384 3
      vertex 61.7798 -0.706872 3
      vertex 71.9783 0.494427 3
    endloop
  endfacet
  facet normal 0 -0 1
    outer loop
      vertex 61.5556 -0.444365 3
      vertex 72.2056 0.940456 3
      vertex 61.2931 -0.220162 3
    endloop
  endfacet
  facet normal 0 0 1
    outer loop
      vertex 61.2931 -0.220162 3
      vertex 59.5556 12.4444 3
      vertex 60.9988 -0.0397854 3
    endloop
  endfacet
  facet normal -0 0 1
    outer loop
      vertex 59.2931 12.2202 3
      vertex 60.9988 -0.0397854 3
      vertex 59.5556 12.4444 3
    endloop
  endfacet
  facet normal 0 0 1
    outer loop
      vertex 60.9988 -0.0397854 3
      vertex 59.2931 12.2202 3
      vertex 60.6798 0.0923243 3
    endloop
  endfacet
  facet normal -0 0 1
    outer loop
      vertex 58.9988 12.0398 3
      vertex 60.6798 0.0923243 3
      vertex 59.2931 12.2202 3
    endloop
  endfacet
  facet normal 0 0 1
    outer loop
      vertex 60.6798 0.0923243 3
      vertex 58.9988 12.0398 3
      vertex 60.3442 0.172914 3
    endloop
  endfacet
  facet normal -0 0 1
    outer loop
      vertex 58.6798 11.9077 3
      vertex 60.3442 0.172914 3
      vertex 58.9988 12.0398 3
    endloop
  endfacet
  facet normal 0 0 1
    outer loop
      vertex 60.3442 0.172914 3
      vertex 58.6798 11.9077 3
      vertex 60 0.2 3
    endloop
  endfacet
  facet normal -0 0 1
    outer loop
      vertex 58.3442 11.8271 3
      vertex 60 0.2 3
      vertex 58.6798 11.9077 3
    endloop
  endfacet
  facet normal 0 0 1
    outer loop
      vertex 60 0.2 3
      vertex 58.3442 11.8271 3
      vertex 59.6558 0.172914 3
    endloop
  endfacet
  facet normal -0 0 1
    outer loop
      vertex 58 11.8 3
      vertex 59.6558 0.172914 3
      vertex 58.3442 11.8271 3
    endloop
  endfacet
  facet normal 0 0 1
    outer loop
      vertex 59.6558 0.172914 3
      vertex 58 11.8 3
      vertex 59.3202 0.0923243 3
    endloop
  endfacet
  facet normal 0 0 1
    outer loop
      vertex 57.6558 11.8271 3
      vertex 59.3202 0.0923243 3
      vertex 58 11.8 3
    endloop
  endfacet
  facet normal 0 0 1
    outer loop
      vertex 59.3202 0.0923243 3
      vertex 57.6558 11.8271 3
      vertex 59.0012 -0.0397854 3
    endloop
  endfacet
  facet normal 0 0 1
    outer loop
      vertex 57.3202 11.9077 3
      vertex 59.0012 -0.0397854 3
      vertex 57.6558 11.8271 3
    endloop
  endfacet
  facet normal 0 0 1
    outer loop
      vertex 59.0012 -0.0397854 3
      vertex 57.3202 11.9077 3
      vertex 58.7069 -0.220162 3
    endloop
  endfacet
  facet normal -0 0 1
    outer loop
      vertex 48.9877 2.15643 3
      vertex 58.7069 -0.220162 3
      vertex 57.3202 11.9077 3
    endloop
  endfacet
  facet normal 0 0 1
    outer loop
      vertex 48.9877 2.15643 3
      vertex 58.4444 -0.444365 3
      vertex 58.7069 -0.220162 3
    endloop
  endfacet
  facet normal 0 0 1
    outer loop
      vertex 48.9877 2.15643 3
      vertex 58.2202 -0.706872 3
      vertex 58.4444 -0.444365 3
    endloop
  endfacet
  facet normal 0 0 1
    outer loop
      vertex 58.2202 -0.706872 3
      vertex 49 2 3
      vertex 58.0398 -1.00122 3
    endloop
  endfacet
  facet normal 0 0 1
    outer loop
      vertex 48.9877 2.15643 3
      vertex 57.3202 11.9077 3
      vertex 57.0012 12.0398 3
    endloop
  endfacet
  facet normal 0 0 1
    outer loop
      vertex 48.9877 2.15643 3
      vertex 57.0012 12.0398 3
      vertex 56.7069 12.2202 3
    endloop
  endfacet
  facet normal 0 0 1
    outer loop
      vertex 48.9877 2.15643 3
      vertex 56.7069 12.2202 3
      vertex 56.4444 12.4444 3
    endloop
  endfacet
  facet normal 0 0 1
    outer loop
      vertex 48.9877 2.15643 3
      vertex 56.4444 12.4444 3
      vertex 56.2202 12.7069 3
    endloop
  endfacet
  facet normal 0 0 1
    outer loop
      vertex 48.9877 2.15643 3
      vertex 56.2202 12.7069 3
      vertex 56.0398 13.0012 3
    endloop
  endfacet
  facet normal 0 0 1
    outer loop
      vertex 48.1564 2.98769 3
      vertex 56.0398 13.0012 3
      vertex 55.9574 13.2 3
    endloop
  endfacet
  facet normal -0 0 1
    outer loop
      vertex 48.9877 1.84356 3
      vertex 58.0398 -1.00122 3
      vertex 49 2 3
    endloop
  endfacet
  facet normal 0 0 1
    outer loop
      vertex 58.0398 -1.00122 3
      vertex 48.9877 1.84356 3
      vertex 57.9574 -1.2 3
    endloop
  endfacet
  facet normal -0 0 1
    outer loop
      vertex 48.9511 1.69098 3
      vertex 57.9574 -1.2 3
      vertex 48.9877 1.84356 3
    endloop
  endfacet
  facet normal -0 0 1
    outer loop
      vertex 48.891 1.54601 3
      vertex 57.9574 -1.2 3
      vertex 48.9511 1.69098 3
    endloop
  endfacet
  facet normal -0 0 1
    outer loop
      vertex 48.809 1.41221 3
      vertex 57.9574 -1.2 3
      vertex 48.891 1.54601 3
    endloop
  endfacet
  facet normal -0 0 1
    outer loop
      vertex 48.7071 1.29289 3
      vertex 57.9574 -1.2 3
      vertex 48.809 1.41221 3
    endloop
  endfacet
  facet normal -0 0 1
    outer loop
      vertex 48.5878 1.19098 3
      vertex 57.9574 -1.2 3
      vertex 48.7071 1.29289 3
    endloop
  endfacet
  facet normal -0 0 1
    outer loop
      vertex 48.454 1.10899 3
      vertex 57.9574 -1.2 3
      vertex 48.5878 1.19098 3
    endloop
  endfacet
  facet normal -0 0 1
    outer loop
      vertex 48.309 1.04894 3
      vertex 57.9574 -1.2 3
      vertex 48.454 1.10899 3
    endloop
  endfacet
  facet normal -0 0 1
    outer loop
      vertex 48.1564 1.01231 3
      vertex 57.9574 -1.2 3
      vertex 48.309 1.04894 3
    endloop
  endfacet
  facet normal -0 0 1
    outer loop
      vertex 48 1 3
      vertex 57.9574 -1.2 3
      vertex 48.1564 1.01231 3
    endloop
  endfacet
  facet normal 0 0 1
    outer loop
      vertex 40.8 -1.2 3
      vertex 48 1 3
      vertex 47.8436 1.01231 3
    endloop
  endfacet
  facet normal -0 0 1
    outer loop
      vertex 41.5556 6.44436 3
      vertex 47.191 2.58778 3
      vertex 41.7798 6.70687 3
    endloop
  endfacet
  facet normal 0 0 1
    outer loop
      vertex 47.191 2.58778 3
      vertex 41.5556 6.44436 3
      vertex 47.109 2.45399 3
    endloop
  endfacet
  facet normal 0 0 1
    outer loop
      vertex 47.109 2.45399 3
      vertex 41.5556 6.44436 3
      vertex 47.0489 2.30902 3
    endloop
  endfacet
  facet normal -0 0 1
    outer loop
      vertex 41.2931 6.22016 3
      vertex 47.0489 2.30902 3
      vertex 41.5556 6.44436 3
    endloop
  endfacet
  facet normal 0 0 1
    outer loop
      vertex 47.0489 2.30902 3
      vertex 41.2931 6.22016 3
      vertex 47.0123 2.15643 3
    endloop
  endfacet
  facet normal -0 0 1
    outer loop
      vertex 40.9988 6.03979 3
      vertex 47.0123 2.15643 3
      vertex 41.2931 6.22016 3
    endloop
  endfacet
  facet normal 0 0 1
    outer loop
      vertex 47.0123 2.15643 3
      vertex 40.9988 6.03979 3
      vertex 47 2 3
    endloop
  endfacet
  facet normal 0 0 1
    outer loop
      vertex 40.8 -1.2 3
      vertex 47 2 3
      vertex 40.9988 6.03979 3
    endloop
  endfacet
  facet normal 0 0 1
    outer loop
      vertex 47 2 3
      vertex 40.8 -1.2 3
      vertex 47.0123 1.84356 3
    endloop
  endfacet
  facet normal 0 0 1
    outer loop
      vertex 47.0123 1.84356 3
      vertex 40.8 -1.2 3
      vertex 47.0489 1.69098 3
    endloop
  endfacet
  facet normal 0 0 1
    outer loop
      vertex 47.0489 1.69098 3
      vertex 40.8 -1.2 3
      vertex 47.109 1.54601 3
    endloop
  endfacet
  facet normal 0 0 1
    outer loop
      vertex 47.109 1.54601 3
      vertex 40.8 -1.2 3
      vertex 47.191 1.41221 3
    endloop
  endfacet
  facet normal 0 0 1
    outer loop
      vertex 47.191 1.41221 3
      vertex 40.8 -1.2 3
      vertex 47.2929 1.29289 3
    endloop
  endfacet
  facet normal 0 0 1
    outer loop
      vertex 40.8 -1.2 3
      vertex 40.9988 6.03979 3
      vertex 40.8 5.95745 3
    endloop
  endfacet
  facet normal 0 0 1
    outer loop
      vertex 48 1 3
      vertex 40.8 -1.2 3
      vertex 57.9574 -1.2 3
    endloop
  endfacet
  facet normal 0 0 1
    outer loop
      vertex 47.691 1.04894 3
      vertex 40.8 -1.2 3
      vertex 47.8436 1.01231 3
    endloop
  endfacet
  facet normal 0 0 1
    outer loop
      vertex 47.546 1.10899 3
      vertex 40.8 -1.2 3
      vertex 47.691 1.04894 3
    endloop
  endfacet
  facet normal 0 0 1
    outer loop
      vertex 47.4122 1.19098 3
      vertex 40.8 -1.2 3
      vertex 47.546 1.10899 3
    endloop
  endfacet
  facet normal 0 0 1
    outer loop
      vertex 47.2929 1.29289 3
      vertex 40.8 -1.2 3
      vertex 47.4122 1.19098 3
    endloop
  endfacet
  facet normal 0 0 1
    outer loop
      vertex 6.38158 -17.7795 3
      vertex 6.94218 -18.5535 3
      vertex 6.93336 -18.4062 3
    endloop
  endfacet
  facet normal 0 0 1
    outer loop
      vertex 6.94218 -18.5535 3
      vertex 6.38158 -17.7795 3
      vertex 6.93364 -18.7079 3
    endloop
  endfacet
  facet normal 0 0 1
    outer loop
      vertex 6.51109 -17.8293 3
      vertex 6.93336 -18.4062 3
      vertex 6.90691 -18.2737 3
    endloop
  endfacet
  facet normal 0 0 1
    outer loop
      vertex 6.23624 -17.7407 3
      vertex 6.93364 -18.7079 3
      vertex 6.38158 -17.7795 3
    endloop
  endfacet
  facet normal 0 0 1
    outer loop
      vertex 6.62477 -17.8903 3
      vertex 6.90691 -18.2737 3
      vertex 6.86282 -18.1558 3
    endloop
  endfacet
  facet normal 0 0 1
    outer loop
      vertex 6.93336 -18.4062 3
      vertex 6.51109 -17.8293 3
      vertex 6.38158 -17.7795 3
    endloop
  endfacet
  facet normal 0 0 1
    outer loop
      vertex 6.62477 -17.8903 3
      vertex 6.86282 -18.1558 3
      vertex 6.80112 -18.0526 3
    endloop
  endfacet
  facet normal 0 0 1
    outer loop
      vertex 6.93364 -18.7079 3
      vertex 6.39514 -19.4016 3
      vertex 6.90805 -18.8485 3
    endloop
  endfacet
  facet normal 0 0 1
    outer loop
      vertex 6.62477 -17.8903 3
      vertex 6.80112 -18.0526 3
      vertex 6.72176 -17.9641 3
    endloop
  endfacet
  facet normal 0 0 1
    outer loop
      vertex 6.90691 -18.2737 3
      vertex 6.62477 -17.8903 3
      vertex 6.51109 -17.8293 3
    endloop
  endfacet
  facet normal 0 -0 1
    outer loop
      vertex 6.52382 -19.3431 3
      vertex 6.90805 -18.8485 3
      vertex 6.39514 -19.4016 3
    endloop
  endfacet
  facet normal 0 -0 1
    outer loop
      vertex 6.63498 -19.2716 3
      vertex 6.86537 -18.9751 3
      vertex 6.52382 -19.3431 3
    endloop
  endfacet
  facet normal 0 0 1
    outer loop
      vertex 6.86537 -18.9751 3
      vertex 6.63498 -19.2716 3
      vertex 6.80565 -19.0878 3
    endloop
  endfacet
  facet normal 0 0 1
    outer loop
      vertex 6.80565 -19.0878 3
      vertex 6.63498 -19.2716 3
      vertex 6.72885 -19.1867 3
    endloop
  endfacet
  facet normal 0 0 1
    outer loop
      vertex 6.90805 -18.8485 3
      vertex 6.52382 -19.3431 3
      vertex 6.86537 -18.9751 3
    endloop
  endfacet
  facet normal 0 0 1
    outer loop
      vertex 6.93364 -18.7079 3
      vertex 6.23624 -17.7407 3
      vertex 6.39514 -19.4016 3
    endloop
  endfacet
  facet normal 0 0 1
    outer loop
      vertex 6.39514 -19.4016 3
      vertex 6.23624 -17.7407 3
      vertex 6.24895 -19.4471 3
    endloop
  endfacet
  facet normal 0 0 1
    outer loop
      vertex 6.07507 -17.713 3
      vertex 6.24895 -19.4471 3
      vertex 6.23624 -17.7407 3
    endloop
  endfacet
  facet normal 0 0 1
    outer loop
      vertex 6.24895 -19.4471 3
      vertex 6.07507 -17.713 3
      vertex 6.08525 -19.4796 3
    endloop
  endfacet
  facet normal 0 0 1
    outer loop
      vertex 6.07507 -17.713 3
      vertex 5.90402 -19.4991 3
      vertex 6.08525 -19.4796 3
    endloop
  endfacet
  facet normal 0 0 1
    outer loop
      vertex 5.89809 -17.6964 3
      vertex 5.90402 -19.4991 3
      vertex 6.07507 -17.713 3
    endloop
  endfacet
  facet normal 0 0 1
    outer loop
      vertex 5.70528 -17.6909 3
      vertex 5.90402 -19.4991 3
      vertex 5.89809 -17.6964 3
    endloop
  endfacet
  facet normal 0 0 1
    outer loop
      vertex 5.70528 -17.6909 3
      vertex 5.70528 -19.5056 3
      vertex 5.90402 -19.4991 3
    endloop
  endfacet
  facet normal -0 0 1
    outer loop
      vertex 4.3992 -17.6909 3
      vertex 5.70528 -19.5056 3
      vertex 5.70528 -17.6909 3
    endloop
  endfacet
  facet normal 0 0 1
    outer loop
      vertex 5.70528 -19.5056 3
      vertex 4.3992 -17.6909 3
      vertex 4.3992 -19.5056 3
    endloop
  endfacet
  facet normal 0 0 1
    outer loop
      vertex 6.52406 -22.1126 3
      vertex 7.26265 -21.2926 3
      vertex 7.2717 -21.1249 3
    endloop
  endfacet
  facet normal 0 0 1
    outer loop
      vertex 6.63879 -20.2244 3
      vertex 7.2717 -21.1249 3
      vertex 7.23215 -20.8153 3
    endloop
  endfacet
  facet normal 0 0 1
    outer loop
      vertex 6.52406 -22.1126 3
      vertex 7.2717 -21.1249 3
      vertex 6.63879 -20.2244 3
    endloop
  endfacet
  facet normal 0 0 1
    outer loop
      vertex 7.23553 -21.4459 3
      vertex 6.68625 -22.0612 3
      vertex 7.19032 -21.5847 3
    endloop
  endfacet
  facet normal 0 0 1
    outer loop
      vertex 6.9157 -20.3651 3
      vertex 7.23215 -20.8153 3
      vertex 7.11346 -20.5621 3
    endloop
  endfacet
  facet normal 0 0 1
    outer loop
      vertex 6.63879 -20.2244 3
      vertex 7.23215 -20.8153 3
      vertex 6.9157 -20.3651 3
    endloop
  endfacet
  facet normal 0 0 1
    outer loop
      vertex 7.19032 -21.5847 3
      vertex 6.82697 -21.9951 3
      vertex 7.12703 -21.709 3
    endloop
  endfacet
  facet normal 0 -0 1
    outer loop
      vertex 6.68625 -22.0612 3
      vertex 7.26265 -21.2926 3
      vertex 6.52406 -22.1126 3
    endloop
  endfacet
  facet normal 0 0 1
    outer loop
      vertex 7.04565 -21.8189 3
      vertex 6.82697 -21.9951 3
      vertex 6.9462 -21.9143 3
    endloop
  endfacet
  facet normal 0 0 1
    outer loop
      vertex 7.12703 -21.709 3
      vertex 6.82697 -21.9951 3
      vertex 7.04565 -21.8189 3
    endloop
  endfacet
  facet normal 0 -0 1
    outer loop
      vertex 6.82697 -21.9951 3
      vertex 7.19032 -21.5847 3
      vertex 6.68625 -22.0612 3
    endloop
  endfacet
  facet normal 0 0 1
    outer loop
      vertex 7.26265 -21.2926 3
      vertex 6.68625 -22.0612 3
      vertex 7.23553 -21.4459 3
    endloop
  endfacet
  facet normal 0 0 1
    outer loop
      vertex 6.63879 -20.2244 3
      vertex 6.34041 -22.1494 3
      vertex 6.52406 -22.1126 3
    endloop
  endfacet
  facet normal 0 0 1
    outer loop
      vertex 6.28278 -20.1399 3
      vertex 6.34041 -22.1494 3
      vertex 6.63879 -20.2244 3
    endloop
  endfacet
  facet normal 0 0 1
    outer loop
      vertex 6.28278 -20.1399 3
      vertex 6.13528 -22.1714 3
      vertex 6.34041 -22.1494 3
    endloop
  endfacet
  facet normal 0 0 1
    outer loop
      vertex 5.84766 -20.1118 3
      vertex 6.13528 -22.1714 3
      vertex 6.28278 -20.1399 3
    endloop
  endfacet
  facet normal 0 0 1
    outer loop
      vertex 6.13528 -22.1714 3
      vertex 5.84766 -20.1118 3
      vertex 5.90868 -22.1787 3
    endloop
  endfacet
  facet normal 0 0 1
    outer loop
      vertex 4.3992 -22.1787 3
      vertex 5.84766 -20.1118 3
      vertex 4.3992 -20.1118 3
    endloop
  endfacet
  facet normal 0 0 1
    outer loop
      vertex 5.84766 -20.1118 3
      vertex 4.3992 -22.1787 3
      vertex 5.90868 -22.1787 3
    endloop
  endfacet
  facet normal 0 0 1
    outer loop
      vertex -4.95598 -17.7217 3
      vertex -4.02922 -18.8017 3
      vertex -4.0663 -18.4622 3
    endloop
  endfacet
  facet normal 0 -0 1
    outer loop
      vertex -4.9334 -19.9211 3
      vertex -4.02922 -18.8017 3
      vertex -4.95598 -17.7217 3
    endloop
  endfacet
  facet normal 0 0 1
    outer loop
      vertex -4.62234 -17.8143 3
      vertex -4.0663 -18.4622 3
      vertex -4.17751 -18.1846 3
    endloop
  endfacet
  facet normal 0 0 1
    outer loop
      vertex -4.95598 -17.7217 3
      vertex -4.0663 -18.4622 3
      vertex -4.62234 -17.8143 3
    endloop
  endfacet
  facet normal 0 0 1
    outer loop
      vertex -4.62234 -17.8143 3
      vertex -4.17751 -18.1846 3
      vertex -4.36285 -17.9686 3
    endloop
  endfacet
  facet normal 0 0 1
    outer loop
      vertex -4.02922 -18.8017 3
      vertex -4.9334 -19.9211 3
      vertex -4.0654 -19.1535 3
    endloop
  endfacet
  facet normal 0 0 1
    outer loop
      vertex -4.17389 -19.4414 3
      vertex -4.60789 -19.8252 3
      vertex -4.35472 -19.6653 3
    endloop
  endfacet
  facet normal 0 0 1
    outer loop
      vertex -4.0654 -19.1535 3
      vertex -4.60789 -19.8252 3
      vertex -4.17389 -19.4414 3
    endloop
  endfacet
  facet normal 0 -0 1
    outer loop
      vertex -4.60789 -19.8252 3
      vertex -4.0654 -19.1535 3
      vertex -4.9334 -19.9211 3
    endloop
  endfacet
  facet normal 0 0 1
    outer loop
      vertex -4.95598 -17.7217 3
      vertex -5.33122 -19.9531 3
      vertex -4.9334 -19.9211 3
    endloop
  endfacet
  facet normal 0 0 1
    outer loop
      vertex -5.36374 -17.6909 3
      vertex -5.33122 -19.9531 3
      vertex -4.95598 -17.7217 3
    endloop
  endfacet
  facet normal 0 0 1
    outer loop
      vertex -6.90581 -19.9531 3
      vertex -5.36374 -17.6909 3
      vertex -6.90581 -17.6909 3
    endloop
  endfacet
  facet normal 0 0 1
    outer loop
      vertex -5.36374 -17.6909 3
      vertex -6.90581 -19.9531 3
      vertex -5.33122 -19.9531 3
    endloop
  endfacet
  facet normal 1 -0 0
    outer loop
      vertex 81.5 -31 3
      vertex 81.5 31 0
      vertex 81.5 31 3
    endloop
  endfacet
  facet normal 1 0 0
    outer loop
      vertex 81.5 31 0
      vertex 81.5 -31 3
      vertex 81.5 -31 0
    endloop
  endfacet
  facet normal 0 0 -1
    outer loop
      vertex 81.5 -31 0
      vertex 75.1 0 0
      vertex 81.5 31 0
    endloop
  endfacet
  facet normal 0 0 -1
    outer loop
      vertex 81.5 -31 0
      vertex 75.0803 -0.250295 0
      vertex 75.1 0 0
    endloop
  endfacet
  facet normal 0 0 -1
    outer loop
      vertex 81.5 -31 0
      vertex 75.0217 -0.494427 0
      vertex 75.0803 -0.250295 0
    endloop
  endfacet
  facet normal 0 0 -1
    outer loop
      vertex 81.5 -31 0
      vertex 74.9256 -0.726384 0
      vertex 75.0217 -0.494427 0
    endloop
  endfacet
  facet normal 0 0 -1
    outer loop
      vertex 81.5 -31 0
      vertex 74.7944 -0.940456 0
      vertex 74.9256 -0.726384 0
    endloop
  endfacet
  facet normal 0 0 -1
    outer loop
      vertex 81.5 -31 0
      vertex 74.6314 -1.13137 0
      vertex 74.7944 -0.940456 0
    endloop
  endfacet
  facet normal 0 0 -1
    outer loop
      vertex 81.5 -31 0
      vertex 74.4405 -1.29443 0
      vertex 74.6314 -1.13137 0
    endloop
  endfacet
  facet normal 0 0 -1
    outer loop
      vertex 81.5 -31 0
      vertex 74.2264 -1.42561 0
      vertex 74.4405 -1.29443 0
    endloop
  endfacet
  facet normal 0 0 -1
    outer loop
      vertex 81.5 -31 0
      vertex 73.9944 -1.52169 0
      vertex 74.2264 -1.42561 0
    endloop
  endfacet
  facet normal 0 0 -1
    outer loop
      vertex 81.5 -31 0
      vertex 73.7503 -1.5803 0
      vertex 73.9944 -1.52169 0
    endloop
  endfacet
  facet normal 0 0 -1
    outer loop
      vertex 81.5 -31 0
      vertex 73.5 -1.6 0
      vertex 73.7503 -1.5803 0
    endloop
  endfacet
  facet normal 0 0 -1
    outer loop
      vertex 81.5 -31 0
      vertex 73.2497 -1.5803 0
      vertex 73.5 -1.6 0
    endloop
  endfacet
  facet normal 0 0 -1
    outer loop
      vertex 54.9877 -16.1564 0
      vertex 73.2497 -1.5803 0
      vertex 81.5 -31 0
    endloop
  endfacet
  facet normal 0 -0 -1
    outer loop
      vertex 55 -16 0
      vertex 73.2497 -1.5803 0
      vertex 54.9877 -16.1564 0
    endloop
  endfacet
  facet normal -0 0 -1
    outer loop
      vertex 73.2497 -1.5803 0
      vertex 55 -16 0
      vertex 73.0056 -1.52169 0
    endloop
  endfacet
  facet normal 0 0 -1
    outer loop
      vertex 54.9877 -15.8436 0
      vertex 73.0056 -1.52169 0
      vertex 55 -16 0
    endloop
  endfacet
  facet normal -0 0 -1
    outer loop
      vertex 73.0056 -1.52169 0
      vertex 54.9877 -15.8436 0
      vertex 72.7736 -1.42561 0
    endloop
  endfacet
  facet normal 0 0 -1
    outer loop
      vertex 54.9511 -15.691 0
      vertex 72.7736 -1.42561 0
      vertex 54.9877 -15.8436 0
    endloop
  endfacet
  facet normal 0 0 -1
    outer loop
      vertex 54.891 -15.546 0
      vertex 72.5595 -1.29443 0
      vertex 54.9511 -15.691 0
    endloop
  endfacet
  facet normal -0 0 -1
    outer loop
      vertex 72.3686 -1.13137 0
      vertex 54.809 -15.4122 0
      vertex 72.2056 -0.940456 0
    endloop
  endfacet
  facet normal 0 0 -1
    outer loop
      vertex 54.809 -15.4122 0
      vertex 72.3686 -1.13137 0
      vertex 54.891 -15.546 0
    endloop
  endfacet
  facet normal -0 0 -1
    outer loop
      vertex 72.5595 -1.29443 0
      vertex 54.891 -15.546 0
      vertex 72.3686 -1.13137 0
    endloop
  endfacet
  facet normal -0 0 -1
    outer loop
      vertex 72.7736 -1.42561 0
      vertex 54.9511 -15.691 0
      vertex 72.5595 -1.29443 0
    endloop
  endfacet
  facet normal 0 0 -1
    outer loop
      vertex 81.5 -31 0
      vertex 54.9511 -16.309 0
      vertex 54.9877 -16.1564 0
    endloop
  endfacet
  facet normal 0 0 -1
    outer loop
      vertex 81.5 -31 0
      vertex 54.891 -16.454 0
      vertex 54.9511 -16.309 0
    endloop
  endfacet
  facet normal 0 0 -1
    outer loop
      vertex 81.5 -31 0
      vertex 54.809 -16.5878 0
      vertex 54.891 -16.454 0
    endloop
  endfacet
  facet normal 0 0 -1
    outer loop
      vertex 81.5 -31 0
      vertex 54.7071 -16.7071 0
      vertex 54.809 -16.5878 0
    endloop
  endfacet
  facet normal 0 0 -1
    outer loop
      vertex 81.5 -31 0
      vertex 54.5878 -16.809 0
      vertex 54.7071 -16.7071 0
    endloop
  endfacet
  facet normal 0 0 -1
    outer loop
      vertex 81.5 -31 0
      vertex 54.454 -16.891 0
      vertex 54.5878 -16.809 0
    endloop
  endfacet
  facet normal 0 0 -1
    outer loop
      vertex 81.5 -31 0
      vertex 54.309 -16.9511 0
      vertex 54.454 -16.891 0
    endloop
  endfacet
  facet normal 0 0 -1
    outer loop
      vertex 81.5 -31 0
      vertex 54.1564 -16.9877 0
      vertex 54.309 -16.9511 0
    endloop
  endfacet
  facet normal 0 0 -1
    outer loop
      vertex 81.5 -31 0
      vertex 54 -17 0
      vertex 54.1564 -16.9877 0
    endloop
  endfacet
  facet normal 0 0 -1
    outer loop
      vertex 81.5 -31 0
      vertex 53.8436 -16.9877 0
      vertex 54 -17 0
    endloop
  endfacet
  facet normal 0 0 -1
    outer loop
      vertex 81.5 -31 0
      vertex 53.691 -16.9511 0
      vertex 53.8436 -16.9877 0
    endloop
  endfacet
  facet normal 0 0 -1
    outer loop
      vertex -19.691 -14.9511 0
      vertex 53.691 -16.9511 0
      vertex 81.5 -31 0
    endloop
  endfacet
  facet normal 0 0 -1
    outer loop
      vertex 28.809 -8.58778 0
      vertex 53 -16 0
      vertex 53.0123 -16.1564 0
    endloop
  endfacet
  facet normal 0 0 -1
    outer loop
      vertex 53 -16 0
      vertex 48.9877 1.84356 0
      vertex 49 2 0
    endloop
  endfacet
  facet normal 0 0 -1
    outer loop
      vertex 53 -16 0
      vertex 48.9511 1.69098 0
      vertex 48.9877 1.84356 0
    endloop
  endfacet
  facet normal 0 0 -1
    outer loop
      vertex 53 -16 0
      vertex 48.891 1.54601 0
      vertex 48.9511 1.69098 0
    endloop
  endfacet
  facet normal 0 0 -1
    outer loop
      vertex 53 -16 0
      vertex 48.809 1.41221 0
      vertex 48.891 1.54601 0
    endloop
  endfacet
  facet normal 0 0 -1
    outer loop
      vertex 53 -16 0
      vertex 48.7071 1.29289 0
      vertex 48.809 1.41221 0
    endloop
  endfacet
  facet normal 0 0 -1
    outer loop
      vertex 28.7071 -8.70711 0
      vertex 53.0123 -16.1564 0
      vertex 53.0489 -16.309 0
    endloop
  endfacet
  facet normal 0 0 -1
    outer loop
      vertex 53 -16 0
      vertex 48.5878 1.19098 0
      vertex 48.7071 1.29289 0
    endloop
  endfacet
  facet normal 0 0 -1
    outer loop
      vertex 53 -16 0
      vertex 48.454 1.10899 0
      vertex 48.5878 1.19098 0
    endloop
  endfacet
  facet normal 0 0 -1
    outer loop
      vertex 53 -16 0
      vertex 48.309 1.04894 0
      vertex 48.454 1.10899 0
    endloop
  endfacet
  facet normal 0 0 -1
    outer loop
      vertex 53 -16 0
      vertex 48.1564 1.01231 0
      vertex 48.309 1.04894 0
    endloop
  endfacet
  facet normal 0 0 -1
    outer loop
      vertex 53 -16 0
      vertex 48 1 0
      vertex 48.1564 1.01231 0
    endloop
  endfacet
  facet normal 0 0 -1
    outer loop
      vertex 53 -16 0
      vertex 47.8436 1.01231 0
      vertex 48 1 0
    endloop
  endfacet
  facet normal 0 0 -1
    outer loop
      vertex 53 -16 0
      vertex 47.691 1.04894 0
      vertex 47.8436 1.01231 0
    endloop
  endfacet
  facet normal 0 0 -1
    outer loop
      vertex 53 -16 0
      vertex 47.546 1.10899 0
      vertex 47.691 1.04894 0
    endloop
  endfacet
  facet normal 0 0 -1
    outer loop
      vertex 53 -16 0
      vertex 28.9877 -8.15643 0
      vertex 47.546 1.10899 0
    endloop
  endfacet
  facet normal -0 0 -1
    outer loop
      vertex 47.546 1.10899 0
      vertex 28.9877 -8.15643 0
      vertex 47.4122 1.19098 0
    endloop
  endfacet
  facet normal 0 -0 -1
    outer loop
      vertex 29 -8 0
      vertex 47.4122 1.19098 0
      vertex 28.9877 -8.15643 0
    endloop
  endfacet
  facet normal -0 0 -1
    outer loop
      vertex 47.4122 1.19098 0
      vertex 29 -8 0
      vertex 47.2929 1.29289 0
    endloop
  endfacet
  facet normal 0 0 -1
    outer loop
      vertex 28.9877 -7.84356 0
      vertex 47.2929 1.29289 0
      vertex 29 -8 0
    endloop
  endfacet
  facet normal 0 0 -1
    outer loop
      vertex 28.891 -7.54601 0
      vertex 47.109 1.54601 0
      vertex 28.9511 -7.69098 0
    endloop
  endfacet
  facet normal -0 0 -1
    outer loop
      vertex 47.191 1.41221 0
      vertex 28.9511 -7.69098 0
      vertex 47.109 1.54601 0
    endloop
  endfacet
  facet normal -0 0 -1
    outer loop
      vertex 47.2929 1.29289 0
      vertex 28.9877 -7.84356 0
      vertex 47.191 1.41221 0
    endloop
  endfacet
  facet normal 0 0 -1
    outer loop
      vertex 28.5878 -8.80902 0
      vertex 53.0489 -16.309 0
      vertex 53.109 -16.454 0
    endloop
  endfacet
  facet normal 0 0 -1
    outer loop
      vertex 28.454 -8.89101 0
      vertex 53.109 -16.454 0
      vertex 53.191 -16.5878 0
    endloop
  endfacet
  facet normal 0 0 -1
    outer loop
      vertex 28.309 -8.95106 0
      vertex 53.191 -16.5878 0
      vertex 53.2929 -16.7071 0
    endloop
  endfacet
  facet normal 0 0 -1
    outer loop
      vertex 28.1564 -8.98769 0
      vertex 53.2929 -16.7071 0
      vertex 53.4122 -16.809 0
    endloop
  endfacet
  facet normal 0 0 -1
    outer loop
      vertex 28 -9 0
      vertex 53.4122 -16.809 0
      vertex 53.546 -16.891 0
    endloop
  endfacet
  facet normal 0 0 -1
    outer loop
      vertex 53.691 -16.9511 0
      vertex -19.691 -14.9511 0
      vertex 53.546 -16.891 0
    endloop
  endfacet
  facet normal 0 0 -1
    outer loop
      vertex 28.9511 -7.69098 0
      vertex 47.191 1.41221 0
      vertex 28.9877 -7.84356 0
    endloop
  endfacet
  facet normal 0 0 -1
    outer loop
      vertex 53 -16 0
      vertex 28.9511 -8.30902 0
      vertex 28.9877 -8.15643 0
    endloop
  endfacet
  facet normal 0 0 -1
    outer loop
      vertex 53 -16 0
      vertex 28.891 -8.45399 0
      vertex 28.9511 -8.30902 0
    endloop
  endfacet
  facet normal 0 0 -1
    outer loop
      vertex 53 -16 0
      vertex 28.809 -8.58778 0
      vertex 28.891 -8.45399 0
    endloop
  endfacet
  facet normal 0 0 -1
    outer loop
      vertex 53.0123 -16.1564 0
      vertex 28.7071 -8.70711 0
      vertex 28.809 -8.58778 0
    endloop
  endfacet
  facet normal 0 0 -1
    outer loop
      vertex 53.0489 -16.309 0
      vertex 28.5878 -8.80902 0
      vertex 28.7071 -8.70711 0
    endloop
  endfacet
  facet normal 0 0 -1
    outer loop
      vertex 53.109 -16.454 0
      vertex 28.454 -8.89101 0
      vertex 28.5878 -8.80902 0
    endloop
  endfacet
  facet normal 0 0 -1
    outer loop
      vertex 53.191 -16.5878 0
      vertex 28.309 -8.95106 0
      vertex 28.454 -8.89101 0
    endloop
  endfacet
  facet normal 0 0 -1
    outer loop
      vertex 53.2929 -16.7071 0
      vertex 28.1564 -8.98769 0
      vertex 28.309 -8.95106 0
    endloop
  endfacet
  facet normal 0 0 -1
    outer loop
      vertex 53.4122 -16.809 0
      vertex 28 -9 0
      vertex 28.1564 -8.98769 0
    endloop
  endfacet
  facet normal 0 0 -1
    outer loop
      vertex 53.546 -16.891 0
      vertex 27.8436 -8.98769 0
      vertex 28 -9 0
    endloop
  endfacet
  facet normal 0 0 -1
    outer loop
      vertex 53.546 -16.891 0
      vertex -19.691 -14.9511 0
      vertex 27.8436 -8.98769 0
    endloop
  endfacet
  facet normal 0 0 -1
    outer loop
      vertex 4.15643 11.0123 0
      vertex 27 -8 0
      vertex 27.0123 -8.15643 0
    endloop
  endfacet
  facet normal 0 0 -1
    outer loop
      vertex -19 -14 0
      vertex 27.0123 -8.15643 0
      vertex 27.0489 -8.30902 0
    endloop
  endfacet
  facet normal 0 0 -1
    outer loop
      vertex -19.0123 -14.1564 0
      vertex 27.0489 -8.30902 0
      vertex 27.109 -8.45399 0
    endloop
  endfacet
  facet normal 0 0 -1
    outer loop
      vertex -19.0489 -14.309 0
      vertex 27.109 -8.45399 0
      vertex 27.191 -8.58778 0
    endloop
  endfacet
  facet normal 0 0 -1
    outer loop
      vertex -19.109 -14.454 0
      vertex 27.191 -8.58778 0
      vertex 27.2929 -8.70711 0
    endloop
  endfacet
  facet normal 0 0 -1
    outer loop
      vertex 27 -8 0
      vertex 4.98769 11.8436 0
      vertex 5 12 0
    endloop
  endfacet
  facet normal 0 0 -1
    outer loop
      vertex 27 -8 0
      vertex 4.95106 11.691 0
      vertex 4.98769 11.8436 0
    endloop
  endfacet
  facet normal 0 0 -1
    outer loop
      vertex 27 -8 0
      vertex 4.89101 11.546 0
      vertex 4.95106 11.691 0
    endloop
  endfacet
  facet normal 0 0 -1
    outer loop
      vertex 27 -8 0
      vertex 4.80902 11.4122 0
      vertex 4.89101 11.546 0
    endloop
  endfacet
  facet normal 0 0 -1
    outer loop
      vertex 27 -8 0
      vertex 4.70711 11.2929 0
      vertex 4.80902 11.4122 0
    endloop
  endfacet
  facet normal 0 0 -1
    outer loop
      vertex 27 -8 0
      vertex 4.58778 11.191 0
      vertex 4.70711 11.2929 0
    endloop
  endfacet
  facet normal 0 0 -1
    outer loop
      vertex 27 -8 0
      vertex 4.45399 11.109 0
      vertex 4.58778 11.191 0
    endloop
  endfacet
  facet normal 0 0 -1
    outer loop
      vertex 27 -8 0
      vertex 4.30902 11.0489 0
      vertex 4.45399 11.109 0
    endloop
  endfacet
  facet normal 0 0 -1
    outer loop
      vertex 27 -8 0
      vertex 4.15643 11.0123 0
      vertex 4.30902 11.0489 0
    endloop
  endfacet
  facet normal 0 0 -1
    outer loop
      vertex -19.191 -14.5878 0
      vertex 27.2929 -8.70711 0
      vertex 27.4122 -8.80902 0
    endloop
  endfacet
  facet normal 0 0 -1
    outer loop
      vertex 27.0123 -8.15643 0
      vertex 4 11 0
      vertex 4.15643 11.0123 0
    endloop
  endfacet
  facet normal -0 0 -1
    outer loop
      vertex 27.0123 -8.15643 0
      vertex -19 -14 0
      vertex 4 11 0
    endloop
  endfacet
  facet normal 0 0 -1
    outer loop
      vertex -19.0123 -13.8436 0
      vertex 4 11 0
      vertex -19 -14 0
    endloop
  endfacet
  facet normal -0 0 -1
    outer loop
      vertex 4 11 0
      vertex -19.0123 -13.8436 0
      vertex 3.84356 11.0123 0
    endloop
  endfacet
  facet normal 0 0 -1
    outer loop
      vertex -19.0489 -13.691 0
      vertex 3.84356 11.0123 0
      vertex -19.0123 -13.8436 0
    endloop
  endfacet
  facet normal -0 0 -1
    outer loop
      vertex 3.41221 11.191 0
      vertex -19.2929 -13.2929 0
      vertex 3.29289 11.2929 0
    endloop
  endfacet
  facet normal 0 0 -1
    outer loop
      vertex -19.2929 -13.2929 0
      vertex 3.41221 11.191 0
      vertex -19.191 -13.4122 0
    endloop
  endfacet
  facet normal -0 0 -1
    outer loop
      vertex 3.54601 11.109 0
      vertex -19.191 -13.4122 0
      vertex 3.41221 11.191 0
    endloop
  endfacet
  facet normal 0 0 -1
    outer loop
      vertex -19.191 -13.4122 0
      vertex 3.54601 11.109 0
      vertex -19.109 -13.546 0
    endloop
  endfacet
  facet normal -0 0 -1
    outer loop
      vertex 3.69098 11.0489 0
      vertex -19.109 -13.546 0
      vertex 3.54601 11.109 0
    endloop
  endfacet
  facet normal 0 0 -1
    outer loop
      vertex -19.109 -13.546 0
      vertex 3.69098 11.0489 0
      vertex -19.0489 -13.691 0
    endloop
  endfacet
  facet normal -0 0 -1
    outer loop
      vertex 3.84356 11.0123 0
      vertex -19.0489 -13.691 0
      vertex 3.69098 11.0489 0
    endloop
  endfacet
  facet normal 0 0 -1
    outer loop
      vertex -19.2929 -14.7071 0
      vertex 27.4122 -8.80902 0
      vertex 27.546 -8.89101 0
    endloop
  endfacet
  facet normal 0 0 -1
    outer loop
      vertex -19.4122 -14.809 0
      vertex 27.546 -8.89101 0
      vertex 27.691 -8.95106 0
    endloop
  endfacet
  facet normal 0 -0 -1
    outer loop
      vertex -19.546 -14.891 0
      vertex 27.8436 -8.98769 0
      vertex -19.691 -14.9511 0
    endloop
  endfacet
  facet normal 0 0 -1
    outer loop
      vertex 27.0489 -8.30902 0
      vertex -19.0123 -14.1564 0
      vertex -19 -14 0
    endloop
  endfacet
  facet normal 0 0 -1
    outer loop
      vertex 27.109 -8.45399 0
      vertex -19.0489 -14.309 0
      vertex -19.0123 -14.1564 0
    endloop
  endfacet
  facet normal 0 0 -1
    outer loop
      vertex 27.191 -8.58778 0
      vertex -19.109 -14.454 0
      vertex -19.0489 -14.309 0
    endloop
  endfacet
  facet normal 0 0 -1
    outer loop
      vertex 27.2929 -8.70711 0
      vertex -19.191 -14.5878 0
      vertex -19.109 -14.454 0
    endloop
  endfacet
  facet normal 0 0 -1
    outer loop
      vertex 27.4122 -8.80902 0
      vertex -19.2929 -14.7071 0
      vertex -19.191 -14.5878 0
    endloop
  endfacet
  facet normal 0 0 -1
    outer loop
      vertex 27.546 -8.89101 0
      vertex -19.4122 -14.809 0
      vertex -19.2929 -14.7071 0
    endloop
  endfacet
  facet normal 0 0 -1
    outer loop
      vertex 27.691 -8.95106 0
      vertex -19.546 -14.891 0
      vertex -19.4122 -14.809 0
    endloop
  endfacet
  facet normal -0 0 -1
    outer loop
      vertex 27.8436 -8.98769 0
      vertex -19.546 -14.891 0
      vertex 27.691 -8.95106 0
    endloop
  endfacet
  facet normal 0 0 -1
    outer loop
      vertex 81.5 -31 0
      vertex -19.8436 -14.9877 0
      vertex -19.691 -14.9511 0
    endloop
  endfacet
  facet normal 0 0 -1
    outer loop
      vertex -81.5 -31 0
      vertex -19.8436 -14.9877 0
      vertex 81.5 -31 0
    endloop
  endfacet
  facet normal 0 0 -1
    outer loop
      vertex -19.8436 -14.9877 0
      vertex -81.5 -31 0
      vertex -20 -15 0
    endloop
  endfacet
  facet normal 0 0 -1
    outer loop
      vertex -51.691 7.04894 0
      vertex -21 -14 0
      vertex -20.9877 -14.1564 0
    endloop
  endfacet
  facet normal 0 0 -1
    outer loop
      vertex -51.8436 7.01231 0
      vertex -20.9877 -14.1564 0
      vertex -20.9511 -14.309 0
    endloop
  endfacet
  facet normal 0 0 -1
    outer loop
      vertex -81.5 -31 0
      vertex -20.9511 -14.309 0
      vertex -20.891 -14.454 0
    endloop
  endfacet
  facet normal 0 0 -1
    outer loop
      vertex -81.5 -31 0
      vertex -20.891 -14.454 0
      vertex -20.809 -14.5878 0
    endloop
  endfacet
  facet normal 0 0 -1
    outer loop
      vertex -81.5 -31 0
      vertex -20.809 -14.5878 0
      vertex -20.7071 -14.7071 0
    endloop
  endfacet
  facet normal 0 0 -1
    outer loop
      vertex -81.5 -31 0
      vertex -20.7071 -14.7071 0
      vertex -20.5878 -14.809 0
    endloop
  endfacet
  facet normal 0 0 -1
    outer loop
      vertex -21 -14 0
      vertex -51.0123 7.84356 0
      vertex -51 8 0
    endloop
  endfacet
  facet normal 0 0 -1
    outer loop
      vertex -21 -14 0
      vertex -51.0489 7.69098 0
      vertex -51.0123 7.84356 0
    endloop
  endfacet
  facet normal 0 0 -1
    outer loop
      vertex -21 -14 0
      vertex -51.109 7.54601 0
      vertex -51.0489 7.69098 0
    endloop
  endfacet
  facet normal 0 0 -1
    outer loop
      vertex -21 -14 0
      vertex -51.191 7.41221 0
      vertex -51.109 7.54601 0
    endloop
  endfacet
  facet normal 0 0 -1
    outer loop
      vertex -21 -14 0
      vertex -51.2929 7.29289 0
      vertex -51.191 7.41221 0
    endloop
  endfacet
  facet normal 0 0 -1
    outer loop
      vertex -21 -14 0
      vertex -51.4122 7.19098 0
      vertex -51.2929 7.29289 0
    endloop
  endfacet
  facet normal 0 0 -1
    outer loop
      vertex -21 -14 0
      vertex -51.546 7.10899 0
      vertex -51.4122 7.19098 0
    endloop
  endfacet
  facet normal 0 0 -1
    outer loop
      vertex -21 -14 0
      vertex -51.691 7.04894 0
      vertex -51.546 7.10899 0
    endloop
  endfacet
  facet normal 0 0 -1
    outer loop
      vertex -20.9877 -14.1564 0
      vertex -51.8436 7.01231 0
      vertex -51.691 7.04894 0
    endloop
  endfacet
  facet normal 0 0 -1
    outer loop
      vertex -20.9511 -14.309 0
      vertex -52 7 0
      vertex -51.8436 7.01231 0
    endloop
  endfacet
  facet normal -0 0 -1
    outer loop
      vertex -20.9511 -14.309 0
      vertex -81.5 -31 0
      vertex -52 7 0
    endloop
  endfacet
  facet normal 0 -0 -1
    outer loop
      vertex -72.3686 -1.13137 0
      vertex -52 7 0
      vertex -81.5 -31 0
    endloop
  endfacet
  facet normal -0 0 -1
    outer loop
      vertex -52 7 0
      vertex -72.3686 -1.13137 0
      vertex -52.1564 7.01231 0
    endloop
  endfacet
  facet normal 0 -0 -1
    outer loop
      vertex -72.2056 -0.940456 0
      vertex -52.1564 7.01231 0
      vertex -72.3686 -1.13137 0
    endloop
  endfacet
  facet normal -0 0 -1
    outer loop
      vertex -52.891 7.54601 0
      vertex -71.9783 0.494427 0
      vertex -52.9511 7.69098 0
    endloop
  endfacet
  facet normal 0 0 -1
    outer loop
      vertex -71.9783 0.494427 0
      vertex -52.891 7.54601 0
      vertex -71.9197 0.250295 0
    endloop
  endfacet
  facet normal -0 0 -1
    outer loop
      vertex -52.809 7.41221 0
      vertex -71.9197 0.250295 0
      vertex -52.891 7.54601 0
    endloop
  endfacet
  facet normal 0 0 -1
    outer loop
      vertex -71.9197 0.250295 0
      vertex -52.809 7.41221 0
      vertex -71.9 0 0
    endloop
  endfacet
  facet normal -0 0 -1
    outer loop
      vertex -52.7071 7.29289 0
      vertex -71.9 0 0
      vertex -52.809 7.41221 0
    endloop
  endfacet
  facet normal 0 0 -1
    outer loop
      vertex -71.9197 -0.250295 0
      vertex -52.7071 7.29289 0
      vertex -52.5878 7.19098 0
    endloop
  endfacet
  facet normal -0 0 -1
    outer loop
      vertex -52.1564 7.01231 0
      vertex -72.2056 -0.940456 0
      vertex -52.309 7.04894 0
    endloop
  endfacet
  facet normal 0 0 -1
    outer loop
      vertex -81.5 -31 0
      vertex -20.5878 -14.809 0
      vertex -20.454 -14.891 0
    endloop
  endfacet
  facet normal 0 0 -1
    outer loop
      vertex -81.5 -31 0
      vertex -20.454 -14.891 0
      vertex -20.309 -14.9511 0
    endloop
  endfacet
  facet normal 0 0 -1
    outer loop
      vertex -52.7071 7.29289 0
      vertex -71.9197 -0.250295 0
      vertex -71.9 0 0
    endloop
  endfacet
  facet normal 0 0 -1
    outer loop
      vertex -52.5878 7.19098 0
      vertex -71.9783 -0.494427 0
      vertex -71.9197 -0.250295 0
    endloop
  endfacet
  facet normal -0 0 -1
    outer loop
      vertex -52.454 7.10899 0
      vertex -71.9783 -0.494427 0
      vertex -52.5878 7.19098 0
    endloop
  endfacet
  facet normal 0 -0 -1
    outer loop
      vertex -71.9783 -0.494427 0
      vertex -52.454 7.10899 0
      vertex -72.0744 -0.726384 0
    endloop
  endfacet
  facet normal -0 0 -1
    outer loop
      vertex -52.309 7.04894 0
      vertex -72.0744 -0.726384 0
      vertex -52.454 7.10899 0
    endloop
  endfacet
  facet normal 0 -0 -1
    outer loop
      vertex -72.0744 -0.726384 0
      vertex -52.309 7.04894 0
      vertex -72.2056 -0.940456 0
    endloop
  endfacet
  facet normal 0 0 -1
    outer loop
      vertex -72.3686 -1.13137 0
      vertex -81.5 -31 0
      vertex -72.5595 -1.29443 0
    endloop
  endfacet
  facet normal 0 0 -1
    outer loop
      vertex -72.5595 -1.29443 0
      vertex -81.5 -31 0
      vertex -72.7736 -1.42561 0
    endloop
  endfacet
  facet normal 0 0 -1
    outer loop
      vertex -72.7736 -1.42561 0
      vertex -81.5 -31 0
      vertex -73.0056 -1.52169 0
    endloop
  endfacet
  facet normal 0 0 -1
    outer loop
      vertex -73.0056 -1.52169 0
      vertex -81.5 -31 0
      vertex -73.2497 -1.5803 0
    endloop
  endfacet
  facet normal 0 0 -1
    outer loop
      vertex -73.2497 -1.5803 0
      vertex -81.5 -31 0
      vertex -73.5 -1.6 0
    endloop
  endfacet
  facet normal -0 0 -1
    outer loop
      vertex -73.5 -1.6 0
      vertex -81.5 -31 0
      vertex -73.7503 -1.5803 0
    endloop
  endfacet
  facet normal -0 0 -1
    outer loop
      vertex -75.0803 -0.250295 0
      vertex -81.5 -31 0
      vertex -75.1 0 0
    endloop
  endfacet
  facet normal -0 0 -1
    outer loop
      vertex -75.0217 -0.494427 0
      vertex -81.5 -31 0
      vertex -75.0803 -0.250295 0
    endloop
  endfacet
  facet normal -0 0 -1
    outer loop
      vertex -74.9256 -0.726384 0
      vertex -81.5 -31 0
      vertex -75.0217 -0.494427 0
    endloop
  endfacet
  facet normal -0 0 -1
    outer loop
      vertex -74.7944 -0.940456 0
      vertex -81.5 -31 0
      vertex -74.9256 -0.726384 0
    endloop
  endfacet
  facet normal -0 0 -1
    outer loop
      vertex -74.6314 -1.13137 0
      vertex -81.5 -31 0
      vertex -74.7944 -0.940456 0
    endloop
  endfacet
  facet normal -0 0 -1
    outer loop
      vertex -74.4405 -1.29443 0
      vertex -81.5 -31 0
      vertex -74.6314 -1.13137 0
    endloop
  endfacet
  facet normal -0 0 -1
    outer loop
      vertex -74.2264 -1.42561 0
      vertex -81.5 -31 0
      vertex -74.4405 -1.29443 0
    endloop
  endfacet
  facet normal -0 0 -1
    outer loop
      vertex -73.9944 -1.52169 0
      vertex -81.5 -31 0
      vertex -74.2264 -1.42561 0
    endloop
  endfacet
  facet normal -0 0 -1
    outer loop
      vertex -73.7503 -1.5803 0
      vertex -81.5 -31 0
      vertex -73.9944 -1.52169 0
    endloop
  endfacet
  facet normal -0 0 -1
    outer loop
      vertex -20.1564 -14.9877 0
      vertex -81.5 -31 0
      vertex -20.309 -14.9511 0
    endloop
  endfacet
  facet normal -0 0 -1
    outer loop
      vertex -20 -15 0
      vertex -81.5 -31 0
      vertex -20.1564 -14.9877 0
    endloop
  endfacet
  facet normal 0 0 -1
    outer loop
      vertex 75.0803 0.250295 0
      vertex 81.5 31 0
      vertex 75.1 0 0
    endloop
  endfacet
  facet normal 0 0 -1
    outer loop
      vertex 75.0217 0.494427 0
      vertex 81.5 31 0
      vertex 75.0803 0.250295 0
    endloop
  endfacet
  facet normal 0 0 -1
    outer loop
      vertex 74.9256 0.726384 0
      vertex 81.5 31 0
      vertex 75.0217 0.494427 0
    endloop
  endfacet
  facet normal 0 0 -1
    outer loop
      vertex 74.7944 0.940456 0
      vertex 81.5 31 0
      vertex 74.9256 0.726384 0
    endloop
  endfacet
  facet normal 0 0 -1
    outer loop
      vertex 74.6314 1.13137 0
      vertex 81.5 31 0
      vertex 74.7944 0.940456 0
    endloop
  endfacet
  facet normal 0 0 -1
    outer loop
      vertex 74.4405 1.29443 0
      vertex 81.5 31 0
      vertex 74.6314 1.13137 0
    endloop
  endfacet
  facet normal 0 0 -1
    outer loop
      vertex 74.2264 1.42561 0
      vertex 81.5 31 0
      vertex 74.4405 1.29443 0
    endloop
  endfacet
  facet normal 0 0 -1
    outer loop
      vertex 73.9944 1.52169 0
      vertex 81.5 31 0
      vertex 74.2264 1.42561 0
    endloop
  endfacet
  facet normal 0 0 -1
    outer loop
      vertex 73.7503 1.5803 0
      vertex 81.5 31 0
      vertex 73.9944 1.52169 0
    endloop
  endfacet
  facet normal 0 0 -1
    outer loop
      vertex 73.5 1.6 0
      vertex 81.5 31 0
      vertex 73.7503 1.5803 0
    endloop
  endfacet
  facet normal 0 0 -1
    outer loop
      vertex 73.2497 1.5803 0
      vertex 81.5 31 0
      vertex 73.5 1.6 0
    endloop
  endfacet
  facet normal 0 0 -1
    outer loop
      vertex 73.0056 1.52169 0
      vertex 81.5 31 0
      vertex 73.2497 1.5803 0
    endloop
  endfacet
  facet normal 0 0 -1
    outer loop
      vertex 72.7736 1.42561 0
      vertex 81.5 31 0
      vertex 73.0056 1.52169 0
    endloop
  endfacet
  facet normal 0 0 -1
    outer loop
      vertex 48.5878 2.80902 0
      vertex 72.7736 1.42561 0
      vertex 72.5595 1.29443 0
    endloop
  endfacet
  facet normal 0 0 -1
    outer loop
      vertex 48.7071 2.70711 0
      vertex 72.5595 1.29443 0
      vertex 72.3686 1.13137 0
    endloop
  endfacet
  facet normal 0 0 -1
    outer loop
      vertex 48.809 2.58778 0
      vertex 72.3686 1.13137 0
      vertex 72.2056 0.940456 0
    endloop
  endfacet
  facet normal 0 0 -1
    outer loop
      vertex 48.891 2.45399 0
      vertex 72.2056 0.940456 0
      vertex 72.0744 0.726384 0
    endloop
  endfacet
  facet normal 0 0 -1
    outer loop
      vertex 48.9511 2.30902 0
      vertex 72.0744 0.726384 0
      vertex 71.9783 0.494427 0
    endloop
  endfacet
  facet normal 0 0 -1
    outer loop
      vertex 54.7071 -15.2929 0
      vertex 72.2056 -0.940456 0
      vertex 54.809 -15.4122 0
    endloop
  endfacet
  facet normal -0 0 -1
    outer loop
      vertex 72.2056 -0.940456 0
      vertex 54.7071 -15.2929 0
      vertex 72.0744 -0.726384 0
    endloop
  endfacet
  facet normal 0 0 -1
    outer loop
      vertex 54.5878 -15.191 0
      vertex 72.0744 -0.726384 0
      vertex 54.7071 -15.2929 0
    endloop
  endfacet
  facet normal -0 0 -1
    outer loop
      vertex 72.0744 -0.726384 0
      vertex 54.5878 -15.191 0
      vertex 71.9783 -0.494427 0
    endloop
  endfacet
  facet normal 0 0 -1
    outer loop
      vertex 54.454 -15.109 0
      vertex 71.9783 -0.494427 0
      vertex 54.5878 -15.191 0
    endloop
  endfacet
  facet normal 0 0 -1
    outer loop
      vertex 49 2 0
      vertex 71.9783 -0.494427 0
      vertex 54.454 -15.109 0
    endloop
  endfacet
  facet normal 0 0 -1
    outer loop
      vertex 71.9783 -0.494427 0
      vertex 49 2 0
      vertex 71.9197 -0.250295 0
    endloop
  endfacet
  facet normal 0 0 -1
    outer loop
      vertex 71.9197 -0.250295 0
      vertex 49 2 0
      vertex 71.9 0 0
    endloop
  endfacet
  facet normal 0 0 -1
    outer loop
      vertex 71.9 0 0
      vertex 49 2 0
      vertex 71.9197 0.250295 0
    endloop
  endfacet
  facet normal 0 0 -1
    outer loop
      vertex 71.9197 0.250295 0
      vertex 49 2 0
      vertex 71.9783 0.494427 0
    endloop
  endfacet
  facet normal 0 0 -1
    outer loop
      vertex 49 2 0
      vertex 54.454 -15.109 0
      vertex 54.309 -15.0489 0
    endloop
  endfacet
  facet normal 0 0 -1
    outer loop
      vertex 49 2 0
      vertex 54.309 -15.0489 0
      vertex 54.1564 -15.0123 0
    endloop
  endfacet
  facet normal 0 0 -1
    outer loop
      vertex 49 2 0
      vertex 54.1564 -15.0123 0
      vertex 54 -15 0
    endloop
  endfacet
  facet normal 0 0 -1
    outer loop
      vertex 49 2 0
      vertex 54 -15 0
      vertex 53.8436 -15.0123 0
    endloop
  endfacet
  facet normal 0 0 -1
    outer loop
      vertex 49 2 0
      vertex 53.8436 -15.0123 0
      vertex 53.691 -15.0489 0
    endloop
  endfacet
  facet normal 0 0 -1
    outer loop
      vertex 49 2 0
      vertex 53.691 -15.0489 0
      vertex 53.546 -15.109 0
    endloop
  endfacet
  facet normal 0 0 -1
    outer loop
      vertex 49 2 0
      vertex 53.546 -15.109 0
      vertex 53.4122 -15.191 0
    endloop
  endfacet
  facet normal 0 0 -1
    outer loop
      vertex 49 2 0
      vertex 53.4122 -15.191 0
      vertex 53.2929 -15.2929 0
    endloop
  endfacet
  facet normal 0 0 -1
    outer loop
      vertex 49 2 0
      vertex 53.2929 -15.2929 0
      vertex 53.191 -15.4122 0
    endloop
  endfacet
  facet normal 0 0 -1
    outer loop
      vertex 49 2 0
      vertex 53.191 -15.4122 0
      vertex 53.109 -15.546 0
    endloop
  endfacet
  facet normal 0 0 -1
    outer loop
      vertex 49 2 0
      vertex 53.0123 -15.8436 0
      vertex 53 -16 0
    endloop
  endfacet
  facet normal 0 0 -1
    outer loop
      vertex 49 2 0
      vertex 53.0489 -15.691 0
      vertex 53.0123 -15.8436 0
    endloop
  endfacet
  facet normal 0 0 -1
    outer loop
      vertex 49 2 0
      vertex 53.109 -15.546 0
      vertex 53.0489 -15.691 0
    endloop
  endfacet
  facet normal 0 0 -1
    outer loop
      vertex 48.9877 2.15643 0
      vertex 71.9783 0.494427 0
      vertex 49 2 0
    endloop
  endfacet
  facet normal 0 0 -1
    outer loop
      vertex 48.9511 2.30902 0
      vertex 71.9783 0.494427 0
      vertex 48.9877 2.15643 0
    endloop
  endfacet
  facet normal 0 0 -1
    outer loop
      vertex 72.0744 0.726384 0
      vertex 48.9511 2.30902 0
      vertex 48.891 2.45399 0
    endloop
  endfacet
  facet normal 0 0 -1
    outer loop
      vertex 72.2056 0.940456 0
      vertex 48.891 2.45399 0
      vertex 48.809 2.58778 0
    endloop
  endfacet
  facet normal 0 0 -1
    outer loop
      vertex 72.3686 1.13137 0
      vertex 48.809 2.58778 0
      vertex 48.7071 2.70711 0
    endloop
  endfacet
  facet normal 0 0 -1
    outer loop
      vertex 72.5595 1.29443 0
      vertex 48.7071 2.70711 0
      vertex 48.5878 2.80902 0
    endloop
  endfacet
  facet normal 0 0 -1
    outer loop
      vertex 72.7736 1.42561 0
      vertex 48.5878 2.80902 0
      vertex 81.5 31 0
    endloop
  endfacet
  facet normal 0 0 -1
    outer loop
      vertex 48.454 2.89101 0
      vertex 81.5 31 0
      vertex 48.5878 2.80902 0
    endloop
  endfacet
  facet normal 0 0 -1
    outer loop
      vertex 48.309 2.95106 0
      vertex 81.5 31 0
      vertex 48.454 2.89101 0
    endloop
  endfacet
  facet normal 0 0 -1
    outer loop
      vertex 48.1564 2.98769 0
      vertex 81.5 31 0
      vertex 48.309 2.95106 0
    endloop
  endfacet
  facet normal 0 0 -1
    outer loop
      vertex 48 3 0
      vertex 81.5 31 0
      vertex 48.1564 2.98769 0
    endloop
  endfacet
  facet normal 0 0 -1
    outer loop
      vertex 47.8436 2.98769 0
      vertex 81.5 31 0
      vertex 48 3 0
    endloop
  endfacet
  facet normal 0 0 -1
    outer loop
      vertex 47.691 2.95106 0
      vertex 81.5 31 0
      vertex 47.8436 2.98769 0
    endloop
  endfacet
  facet normal 0 0 -1
    outer loop
      vertex 4.70711 12.7071 0
      vertex 47.691 2.95106 0
      vertex 47.546 2.89101 0
    endloop
  endfacet
  facet normal 0 0 -1
    outer loop
      vertex 4.80902 12.5878 0
      vertex 47.546 2.89101 0
      vertex 47.4122 2.80902 0
    endloop
  endfacet
  facet normal -0 0 -1
    outer loop
      vertex 47.109 1.54601 0
      vertex 28.891 -7.54601 0
      vertex 47.0489 1.69098 0
    endloop
  endfacet
  facet normal 0 0 -1
    outer loop
      vertex 28.809 -7.41221 0
      vertex 47.0489 1.69098 0
      vertex 28.891 -7.54601 0
    endloop
  endfacet
  facet normal -0 0 -1
    outer loop
      vertex 47.0489 1.69098 0
      vertex 28.809 -7.41221 0
      vertex 47.0123 1.84356 0
    endloop
  endfacet
  facet normal 0 0 -1
    outer loop
      vertex 28.7071 -7.29289 0
      vertex 47.0123 1.84356 0
      vertex 28.809 -7.41221 0
    endloop
  endfacet
  facet normal -0 0 -1
    outer loop
      vertex 47.0123 1.84356 0
      vertex 28.7071 -7.29289 0
      vertex 47 2 0
    endloop
  endfacet
  facet normal 0 0 -1
    outer loop
      vertex 28.5878 -7.19098 0
      vertex 47 2 0
      vertex 28.7071 -7.29289 0
    endloop
  endfacet
  facet normal -0 0 -1
    outer loop
      vertex 47 2 0
      vertex 28.5878 -7.19098 0
      vertex 47.0123 2.15643 0
    endloop
  endfacet
  facet normal 0 0 -1
    outer loop
      vertex 28.454 -7.10899 0
      vertex 47.0123 2.15643 0
      vertex 28.5878 -7.19098 0
    endloop
  endfacet
  facet normal -0 0 -1
    outer loop
      vertex 47.0123 2.15643 0
      vertex 28.454 -7.10899 0
      vertex 47.0489 2.30902 0
    endloop
  endfacet
  facet normal 0 0 -1
    outer loop
      vertex 28.309 -7.04894 0
      vertex 47.0489 2.30902 0
      vertex 28.454 -7.10899 0
    endloop
  endfacet
  facet normal -0 0 -1
    outer loop
      vertex 47.0489 2.30902 0
      vertex 28.309 -7.04894 0
      vertex 47.109 2.45399 0
    endloop
  endfacet
  facet normal 0 0 -1
    outer loop
      vertex 28.1564 -7.01231 0
      vertex 47.109 2.45399 0
      vertex 28.309 -7.04894 0
    endloop
  endfacet
  facet normal -0 0 -1
    outer loop
      vertex 47.109 2.45399 0
      vertex 28.1564 -7.01231 0
      vertex 47.191 2.58778 0
    endloop
  endfacet
  facet normal 0 0 -1
    outer loop
      vertex 28 -7 0
      vertex 47.191 2.58778 0
      vertex 28.1564 -7.01231 0
    endloop
  endfacet
  facet normal 0 0 -1
    outer loop
      vertex 4.98769 12.1564 0
      vertex 47.191 2.58778 0
      vertex 28 -7 0
    endloop
  endfacet
  facet normal 0 0 -1
    outer loop
      vertex 4.95106 12.309 0
      vertex 47.191 2.58778 0
      vertex 4.98769 12.1564 0
    endloop
  endfacet
  facet normal 0 0 -1
    outer loop
      vertex 47.191 2.58778 0
      vertex 4.95106 12.309 0
      vertex 47.2929 2.70711 0
    endloop
  endfacet
  facet normal 0 0 -1
    outer loop
      vertex 4.98769 12.1564 0
      vertex 28 -7 0
      vertex 27.8436 -7.01231 0
    endloop
  endfacet
  facet normal 0 0 -1
    outer loop
      vertex 5 12 0
      vertex 27.8436 -7.01231 0
      vertex 27.691 -7.04894 0
    endloop
  endfacet
  facet normal 0 0 -1
    outer loop
      vertex 5 12 0
      vertex 27.691 -7.04894 0
      vertex 27.546 -7.10899 0
    endloop
  endfacet
  facet normal 0 0 -1
    outer loop
      vertex 5 12 0
      vertex 27.546 -7.10899 0
      vertex 27.4122 -7.19098 0
    endloop
  endfacet
  facet normal 0 0 -1
    outer loop
      vertex 5 12 0
      vertex 27.0123 -7.84356 0
      vertex 27 -8 0
    endloop
  endfacet
  facet normal 0 0 -1
    outer loop
      vertex 5 12 0
      vertex 27.0489 -7.69098 0
      vertex 27.0123 -7.84356 0
    endloop
  endfacet
  facet normal 0 0 -1
    outer loop
      vertex 5 12 0
      vertex 27.109 -7.54601 0
      vertex 27.0489 -7.69098 0
    endloop
  endfacet
  facet normal 0 0 -1
    outer loop
      vertex 5 12 0
      vertex 27.191 -7.41221 0
      vertex 27.109 -7.54601 0
    endloop
  endfacet
  facet normal 0 0 -1
    outer loop
      vertex 5 12 0
      vertex 27.2929 -7.29289 0
      vertex 27.191 -7.41221 0
    endloop
  endfacet
  facet normal 0 0 -1
    outer loop
      vertex 5 12 0
      vertex 27.4122 -7.19098 0
      vertex 27.2929 -7.29289 0
    endloop
  endfacet
  facet normal 0 0 -1
    outer loop
      vertex 27.8436 -7.01231 0
      vertex 5 12 0
      vertex 4.98769 12.1564 0
    endloop
  endfacet
  facet normal 0 0 -1
    outer loop
      vertex 4.89101 12.454 0
      vertex 47.2929 2.70711 0
      vertex 4.95106 12.309 0
    endloop
  endfacet
  facet normal 0 0 -1
    outer loop
      vertex 47.2929 2.70711 0
      vertex 4.89101 12.454 0
      vertex 47.4122 2.80902 0
    endloop
  endfacet
  facet normal 0 0 -1
    outer loop
      vertex 4.80902 12.5878 0
      vertex 47.4122 2.80902 0
      vertex 4.89101 12.454 0
    endloop
  endfacet
  facet normal 0 0 -1
    outer loop
      vertex 47.546 2.89101 0
      vertex 4.80902 12.5878 0
      vertex 4.70711 12.7071 0
    endloop
  endfacet
  facet normal 0 0 -1
    outer loop
      vertex 47.691 2.95106 0
      vertex 4.70711 12.7071 0
      vertex 4.58778 12.809 0
    endloop
  endfacet
  facet normal 0 0 -1
    outer loop
      vertex 47.691 2.95106 0
      vertex 4.58778 12.809 0
      vertex 81.5 31 0
    endloop
  endfacet
  facet normal 0 0 -1
    outer loop
      vertex 4.45399 12.891 0
      vertex 81.5 31 0
      vertex 4.58778 12.809 0
    endloop
  endfacet
  facet normal 0 0 -1
    outer loop
      vertex 4.30902 12.9511 0
      vertex 81.5 31 0
      vertex 4.45399 12.891 0
    endloop
  endfacet
  facet normal 0 0 -1
    outer loop
      vertex 4.15643 12.9877 0
      vertex 81.5 31 0
      vertex 4.30902 12.9511 0
    endloop
  endfacet
  facet normal 0 0 -1
    outer loop
      vertex 4 13 0
      vertex 81.5 31 0
      vertex 4.15643 12.9877 0
    endloop
  endfacet
  facet normal 0 0 -1
    outer loop
      vertex -81.5 31 0
      vertex 4 13 0
      vertex 3.84356 12.9877 0
    endloop
  endfacet
  facet normal 0 0 -1
    outer loop
      vertex -19.4122 -13.191 0
      vertex 3.29289 11.2929 0
      vertex -19.2929 -13.2929 0
    endloop
  endfacet
  facet normal -0 0 -1
    outer loop
      vertex 3.29289 11.2929 0
      vertex -19.4122 -13.191 0
      vertex 3.19098 11.4122 0
    endloop
  endfacet
  facet normal 0 0 -1
    outer loop
      vertex -19.546 -13.109 0
      vertex 3.19098 11.4122 0
      vertex -19.4122 -13.191 0
    endloop
  endfacet
  facet normal -0 0 -1
    outer loop
      vertex 3.19098 11.4122 0
      vertex -19.546 -13.109 0
      vertex 3.10899 11.546 0
    endloop
  endfacet
  facet normal 0 0 -1
    outer loop
      vertex -19.691 -13.0489 0
      vertex 3.10899 11.546 0
      vertex -19.546 -13.109 0
    endloop
  endfacet
  facet normal -0 0 -1
    outer loop
      vertex 3.10899 11.546 0
      vertex -19.691 -13.0489 0
      vertex 3.04894 11.691 0
    endloop
  endfacet
  facet normal 0 0 -1
    outer loop
      vertex -19.8436 -13.0123 0
      vertex 3.04894 11.691 0
      vertex -19.691 -13.0489 0
    endloop
  endfacet
  facet normal -0 0 -1
    outer loop
      vertex 3.04894 11.691 0
      vertex -19.8436 -13.0123 0
      vertex 3.01231 11.8436 0
    endloop
  endfacet
  facet normal 0 0 -1
    outer loop
      vertex -20 -13 0
      vertex 3.01231 11.8436 0
      vertex -19.8436 -13.0123 0
    endloop
  endfacet
  facet normal -0 0 -1
    outer loop
      vertex 3.01231 11.8436 0
      vertex -20 -13 0
      vertex 3 12 0
    endloop
  endfacet
  facet normal 0 0 -1
    outer loop
      vertex -20.1564 -13.0123 0
      vertex 3 12 0
      vertex -20 -13 0
    endloop
  endfacet
  facet normal -0 0 -1
    outer loop
      vertex 3 12 0
      vertex -20.1564 -13.0123 0
      vertex 3.01231 12.1564 0
    endloop
  endfacet
  facet normal 0 0 -1
    outer loop
      vertex -51.0123 8.15643 0
      vertex 3.01231 12.1564 0
      vertex -20.1564 -13.0123 0
    endloop
  endfacet
  facet normal 0 0 -1
    outer loop
      vertex -51.0489 8.30902 0
      vertex 3.01231 12.1564 0
      vertex -51.0123 8.15643 0
    endloop
  endfacet
  facet normal -0 0 -1
    outer loop
      vertex 3.01231 12.1564 0
      vertex -51.0489 8.30902 0
      vertex 3.04894 12.309 0
    endloop
  endfacet
  facet normal 0 0 -1
    outer loop
      vertex -51.109 8.45399 0
      vertex 3.04894 12.309 0
      vertex -51.0489 8.30902 0
    endloop
  endfacet
  facet normal 0 0 -1
    outer loop
      vertex -51.0123 8.15643 0
      vertex -20.1564 -13.0123 0
      vertex -20.309 -13.0489 0
    endloop
  endfacet
  facet normal 0 0 -1
    outer loop
      vertex -51 8 0
      vertex -20.309 -13.0489 0
      vertex -20.454 -13.109 0
    endloop
  endfacet
  facet normal 0 0 -1
    outer loop
      vertex -51 8 0
      vertex -20.454 -13.109 0
      vertex -20.5878 -13.191 0
    endloop
  endfacet
  facet normal 0 0 -1
    outer loop
      vertex -51 8 0
      vertex -20.5878 -13.191 0
      vertex -20.7071 -13.2929 0
    endloop
  endfacet
  facet normal 0 0 -1
    outer loop
      vertex -51 8 0
      vertex -20.9877 -13.8436 0
      vertex -21 -14 0
    endloop
  endfacet
  facet normal 0 0 -1
    outer loop
      vertex -51 8 0
      vertex -20.9511 -13.691 0
      vertex -20.9877 -13.8436 0
    endloop
  endfacet
  facet normal 0 0 -1
    outer loop
      vertex -51 8 0
      vertex -20.891 -13.546 0
      vertex -20.9511 -13.691 0
    endloop
  endfacet
  facet normal 0 0 -1
    outer loop
      vertex -51 8 0
      vertex -20.809 -13.4122 0
      vertex -20.891 -13.546 0
    endloop
  endfacet
  facet normal 0 0 -1
    outer loop
      vertex -51 8 0
      vertex -20.7071 -13.2929 0
      vertex -20.809 -13.4122 0
    endloop
  endfacet
  facet normal 0 0 -1
    outer loop
      vertex -20.309 -13.0489 0
      vertex -51 8 0
      vertex -51.0123 8.15643 0
    endloop
  endfacet
  facet normal -0 0 -1
    outer loop
      vertex 3.04894 12.309 0
      vertex -51.109 8.45399 0
      vertex 3.10899 12.454 0
    endloop
  endfacet
  facet normal 0 0 -1
    outer loop
      vertex -51.191 8.58778 0
      vertex 3.10899 12.454 0
      vertex -51.109 8.45399 0
    endloop
  endfacet
  facet normal -0 0 -1
    outer loop
      vertex 3.10899 12.454 0
      vertex -51.191 8.58778 0
      vertex 3.19098 12.5878 0
    endloop
  endfacet
  facet normal 0 0 -1
    outer loop
      vertex -51.2929 8.70711 0
      vertex 3.19098 12.5878 0
      vertex -51.191 8.58778 0
    endloop
  endfacet
  facet normal -0 0 -1
    outer loop
      vertex 3.19098 12.5878 0
      vertex -51.2929 8.70711 0
      vertex 3.29289 12.7071 0
    endloop
  endfacet
  facet normal 0 0 -1
    outer loop
      vertex -51.4122 8.80902 0
      vertex 3.29289 12.7071 0
      vertex -51.2929 8.70711 0
    endloop
  endfacet
  facet normal -0 0 -1
    outer loop
      vertex 3.29289 12.7071 0
      vertex -51.4122 8.80902 0
      vertex 3.41221 12.809 0
    endloop
  endfacet
  facet normal 0 0 -1
    outer loop
      vertex -51.546 8.89101 0
      vertex 3.41221 12.809 0
      vertex -51.4122 8.80902 0
    endloop
  endfacet
  facet normal -0 0 -1
    outer loop
      vertex 3.41221 12.809 0
      vertex -51.546 8.89101 0
      vertex 3.54601 12.891 0
    endloop
  endfacet
  facet normal 0 0 -1
    outer loop
      vertex -51.691 8.95106 0
      vertex 3.54601 12.891 0
      vertex -51.546 8.89101 0
    endloop
  endfacet
  facet normal 0 0 -1
    outer loop
      vertex -81.5 31 0
      vertex 3.54601 12.891 0
      vertex -51.691 8.95106 0
    endloop
  endfacet
  facet normal 0 0 -1
    outer loop
      vertex 3.54601 12.891 0
      vertex -81.5 31 0
      vertex 3.69098 12.9511 0
    endloop
  endfacet
  facet normal 0 0 -1
    outer loop
      vertex 3.69098 12.9511 0
      vertex -81.5 31 0
      vertex 3.84356 12.9877 0
    endloop
  endfacet
  facet normal 0 0 -1
    outer loop
      vertex -81.5 31 0
      vertex -51.691 8.95106 0
      vertex -51.8436 8.98769 0
    endloop
  endfacet
  facet normal 0 0 -1
    outer loop
      vertex -81.5 31 0
      vertex -51.8436 8.98769 0
      vertex -52 9 0
    endloop
  endfacet
  facet normal 0 0 -1
    outer loop
      vertex -81.5 31 0
      vertex -52 9 0
      vertex -52.1564 8.98769 0
    endloop
  endfacet
  facet normal 0 0 -1
    outer loop
      vertex -72.0744 0.726384 0
      vertex -52.9511 7.69098 0
      vertex -71.9783 0.494427 0
    endloop
  endfacet
  facet normal -0 0 -1
    outer loop
      vertex -52.9511 7.69098 0
      vertex -72.0744 0.726384 0
      vertex -52.9877 7.84356 0
    endloop
  endfacet
  facet normal 0 0 -1
    outer loop
      vertex -72.2056 0.940456 0
      vertex -52.9877 7.84356 0
      vertex -72.0744 0.726384 0
    endloop
  endfacet
  facet normal -0 0 -1
    outer loop
      vertex -52.9877 7.84356 0
      vertex -72.2056 0.940456 0
      vertex -53 8 0
    endloop
  endfacet
  facet normal 0 0 -1
    outer loop
      vertex -72.3686 1.13137 0
      vertex -53 8 0
      vertex -72.2056 0.940456 0
    endloop
  endfacet
  facet normal -0 0 -1
    outer loop
      vertex -53 8 0
      vertex -72.3686 1.13137 0
      vertex -52.9877 8.15643 0
    endloop
  endfacet
  facet normal 0 0 -1
    outer loop
      vertex -72.5595 1.29443 0
      vertex -52.9877 8.15643 0
      vertex -72.3686 1.13137 0
    endloop
  endfacet
  facet normal -0 0 -1
    outer loop
      vertex -52.9877 8.15643 0
      vertex -72.5595 1.29443 0
      vertex -52.9511 8.30902 0
    endloop
  endfacet
  facet normal 0 0 -1
    outer loop
      vertex -72.7736 1.42561 0
      vertex -52.9511 8.30902 0
      vertex -72.5595 1.29443 0
    endloop
  endfacet
  facet normal -0 0 -1
    outer loop
      vertex -52.9511 8.30902 0
      vertex -72.7736 1.42561 0
      vertex -52.891 8.45399 0
    endloop
  endfacet
  facet normal 0 0 -1
    outer loop
      vertex -73.0056 1.52169 0
      vertex -52.891 8.45399 0
      vertex -72.7736 1.42561 0
    endloop
  endfacet
  facet normal -0 0 -1
    outer loop
      vertex -52.891 8.45399 0
      vertex -73.0056 1.52169 0
      vertex -52.809 8.58778 0
    endloop
  endfacet
  facet normal 0 0 -1
    outer loop
      vertex -81.5 31 0
      vertex -52.809 8.58778 0
      vertex -73.0056 1.52169 0
    endloop
  endfacet
  facet normal 0 0 -1
    outer loop
      vertex -52.809 8.58778 0
      vertex -81.5 31 0
      vertex -52.7071 8.70711 0
    endloop
  endfacet
  facet normal 0 0 -1
    outer loop
      vertex -52.7071 8.70711 0
      vertex -81.5 31 0
      vertex -52.5878 8.80902 0
    endloop
  endfacet
  facet normal 0 0 -1
    outer loop
      vertex -52.5878 8.80902 0
      vertex -81.5 31 0
      vertex -52.454 8.89101 0
    endloop
  endfacet
  facet normal 0 0 -1
    outer loop
      vertex -81.5 31 0
      vertex -73.0056 1.52169 0
      vertex -73.2497 1.5803 0
    endloop
  endfacet
  facet normal 0 0 -1
    outer loop
      vertex -81.5 31 0
      vertex -73.2497 1.5803 0
      vertex -73.5 1.6 0
    endloop
  endfacet
  facet normal 0 0 -1
    outer loop
      vertex -81.5 31 0
      vertex -73.5 1.6 0
      vertex -73.7503 1.5803 0
    endloop
  endfacet
  facet normal 0 0 -1
    outer loop
      vertex -81.5 31 0
      vertex -73.7503 1.5803 0
      vertex -73.9944 1.52169 0
    endloop
  endfacet
  facet normal 0 0 -1
    outer loop
      vertex -81.5 31 0
      vertex -75.1 0 0
      vertex -81.5 -31 0
    endloop
  endfacet
  facet normal 0 0 -1
    outer loop
      vertex 4 13 0
      vertex -81.5 31 0
      vertex 81.5 31 0
    endloop
  endfacet
  facet normal 0 0 -1
    outer loop
      vertex -52.309 8.95106 0
      vertex -81.5 31 0
      vertex -52.1564 8.98769 0
    endloop
  endfacet
  facet normal 0 0 -1
    outer loop
      vertex -52.454 8.89101 0
      vertex -81.5 31 0
      vertex -52.309 8.95106 0
    endloop
  endfacet
  facet normal 0 0 -1
    outer loop
      vertex -74.2264 1.42561 0
      vertex -81.5 31 0
      vertex -73.9944 1.52169 0
    endloop
  endfacet
  facet normal 0 0 -1
    outer loop
      vertex -74.4405 1.29443 0
      vertex -81.5 31 0
      vertex -74.2264 1.42561 0
    endloop
  endfacet
  facet normal 0 0 -1
    outer loop
      vertex -74.6314 1.13137 0
      vertex -81.5 31 0
      vertex -74.4405 1.29443 0
    endloop
  endfacet
  facet normal 0 0 -1
    outer loop
      vertex -74.7944 0.940456 0
      vertex -81.5 31 0
      vertex -74.6314 1.13137 0
    endloop
  endfacet
  facet normal 0 0 -1
    outer loop
      vertex -74.9256 0.726384 0
      vertex -81.5 31 0
      vertex -74.7944 0.940456 0
    endloop
  endfacet
  facet normal 0 0 -1
    outer loop
      vertex -75.0217 0.494427 0
      vertex -81.5 31 0
      vertex -74.9256 0.726384 0
    endloop
  endfacet
  facet normal 0 0 -1
    outer loop
      vertex -75.0803 0.250295 0
      vertex -81.5 31 0
      vertex -75.0217 0.494427 0
    endloop
  endfacet
  facet normal 0 0 -1
    outer loop
      vertex -75.1 0 0
      vertex -81.5 31 0
      vertex -75.0803 0.250295 0
    endloop
  endfacet
  facet normal 0 -1 0
    outer loop
      vertex -81.5 -31 0
      vertex 81.5 -31 3
      vertex -81.5 -31 3
    endloop
  endfacet
  facet normal 0 -1 -0
    outer loop
      vertex 81.5 -31 3
      vertex -81.5 -31 0
      vertex 81.5 -31 0
    endloop
  endfacet
  facet normal 0 1 -0
    outer loop
      vertex 81.5 31 0
      vertex -81.5 31 3
      vertex 81.5 31 3
    endloop
  endfacet
  facet normal 0 1 0
    outer loop
      vertex -81.5 31 3
      vertex 81.5 31 0
      vertex -81.5 31 0
    endloop
  endfacet
  facet normal -0.996923 -0.0783875 0
    outer loop
      vertex -51 8 0
      vertex -51.0123 8.15643 3
      vertex -51.0123 8.15643 0
    endloop
  endfacet
  facet normal -0.996923 -0.0783875 0
    outer loop
      vertex -51.0123 8.15643 3
      vertex -51 8 0
      vertex -51 8 3
    endloop
  endfacet
  facet normal 0.996923 -0.0783875 0
    outer loop
      vertex -53 8 3
      vertex -52.9877 8.15643 0
      vertex -52.9877 8.15643 3
    endloop
  endfacet
  facet normal 0.996923 -0.0783875 0
    outer loop
      vertex -52.9877 8.15643 0
      vertex -53 8 3
      vertex -53 8 0
    endloop
  endfacet
  facet normal -0.0784658 -0.996917 0
    outer loop
      vertex -52 9 0
      vertex -51.8436 8.98769 3
      vertex -52 9 3
    endloop
  endfacet
  facet normal -0.0784658 -0.996917 -0
    outer loop
      vertex -51.8436 8.98769 3
      vertex -52 9 0
      vertex -51.8436 8.98769 0
    endloop
  endfacet
  facet normal -0.0784658 0.996917 0
    outer loop
      vertex -51.8436 7.01231 0
      vertex -52 7 3
      vertex -51.8436 7.01231 3
    endloop
  endfacet
  facet normal -0.0784658 0.996917 0
    outer loop
      vertex -52 7 3
      vertex -51.8436 7.01231 0
      vertex -52 7 0
    endloop
  endfacet
  facet normal -0.760461 -0.649384 0
    outer loop
      vertex -51.191 8.58778 0
      vertex -51.2929 8.70711 3
      vertex -51.2929 8.70711 0
    endloop
  endfacet
  facet normal -0.760461 -0.649384 0
    outer loop
      vertex -51.2929 8.70711 3
      vertex -51.191 8.58778 0
      vertex -51.191 8.58778 3
    endloop
  endfacet
  facet normal 0.649515 -0.760349 0
    outer loop
      vertex -52.7071 8.70711 0
      vertex -52.5878 8.80902 3
      vertex -52.7071 8.70711 3
    endloop
  endfacet
  facet normal 0.649515 -0.760349 0
    outer loop
      vertex -52.5878 8.80902 3
      vertex -52.7071 8.70711 0
      vertex -52.5878 8.80902 0
    endloop
  endfacet
  facet normal 0.382624 -0.923904 0
    outer loop
      vertex -52.454 8.89101 0
      vertex -52.309 8.95106 3
      vertex -52.454 8.89101 3
    endloop
  endfacet
  facet normal 0.382624 -0.923904 0
    outer loop
      vertex -52.309 8.95106 3
      vertex -52.454 8.89101 0
      vertex -52.309 8.95106 0
    endloop
  endfacet
  facet normal -0.923764 -0.382963 0
    outer loop
      vertex -51.0489 8.30902 0
      vertex -51.109 8.45399 3
      vertex -51.109 8.45399 0
    endloop
  endfacet
  facet normal -0.923764 -0.382963 0
    outer loop
      vertex -51.109 8.45399 3
      vertex -51.0489 8.30902 0
      vertex -51.0489 8.30902 3
    endloop
  endfacet
  facet normal -0.972419 -0.233243 0
    outer loop
      vertex -51.0123 8.15643 0
      vertex -51.0489 8.30902 3
      vertex -51.0489 8.30902 0
    endloop
  endfacet
  facet normal -0.972419 -0.233243 0
    outer loop
      vertex -51.0489 8.30902 3
      vertex -51.0123 8.15643 0
      vertex -51.0123 8.15643 3
    endloop
  endfacet
  facet normal -0.852602 -0.522561 0
    outer loop
      vertex -51.109 8.45399 0
      vertex -51.191 8.58778 3
      vertex -51.191 8.58778 0
    endloop
  endfacet
  facet normal -0.852602 -0.522561 0
    outer loop
      vertex -51.191 8.58778 3
      vertex -51.109 8.45399 0
      vertex -51.109 8.45399 3
    endloop
  endfacet
  facet normal -0.522486 -0.852648 0
    outer loop
      vertex -51.546 8.89101 0
      vertex -51.4122 8.80902 3
      vertex -51.546 8.89101 3
    endloop
  endfacet
  facet normal -0.522486 -0.852648 -0
    outer loop
      vertex -51.4122 8.80902 3
      vertex -51.546 8.89101 0
      vertex -51.4122 8.80902 0
    endloop
  endfacet
  facet normal -0.382624 -0.923904 0
    outer loop
      vertex -51.691 8.95106 0
      vertex -51.546 8.89101 3
      vertex -51.691 8.95106 3
    endloop
  endfacet
  facet normal -0.382624 -0.923904 -0
    outer loop
      vertex -51.546 8.89101 3
      vertex -51.691 8.95106 0
      vertex -51.546 8.89101 0
    endloop
  endfacet
  facet normal -0.649515 -0.760349 0
    outer loop
      vertex -51.4122 8.80902 0
      vertex -51.2929 8.70711 3
      vertex -51.4122 8.80902 3
    endloop
  endfacet
  facet normal -0.649515 -0.760349 -0
    outer loop
      vertex -51.2929 8.70711 3
      vertex -51.4122 8.80902 0
      vertex -51.2929 8.70711 0
    endloop
  endfacet
  facet normal 0.852602 -0.522561 0
    outer loop
      vertex -52.891 8.45399 3
      vertex -52.809 8.58778 0
      vertex -52.809 8.58778 3
    endloop
  endfacet
  facet normal 0.852602 -0.522561 0
    outer loop
      vertex -52.809 8.58778 0
      vertex -52.891 8.45399 3
      vertex -52.891 8.45399 0
    endloop
  endfacet
  facet normal 0.760461 -0.649384 0
    outer loop
      vertex -52.809 8.58778 3
      vertex -52.7071 8.70711 0
      vertex -52.7071 8.70711 3
    endloop
  endfacet
  facet normal 0.760461 -0.649384 0
    outer loop
      vertex -52.7071 8.70711 0
      vertex -52.809 8.58778 3
      vertex -52.809 8.58778 0
    endloop
  endfacet
  facet normal 0.923764 -0.382963 0
    outer loop
      vertex -52.9511 8.30902 3
      vertex -52.891 8.45399 0
      vertex -52.891 8.45399 3
    endloop
  endfacet
  facet normal 0.923764 -0.382963 0
    outer loop
      vertex -52.891 8.45399 0
      vertex -52.9511 8.30902 3
      vertex -52.9511 8.30902 0
    endloop
  endfacet
  facet normal 0.522486 -0.852648 0
    outer loop
      vertex -52.5878 8.80902 0
      vertex -52.454 8.89101 3
      vertex -52.5878 8.80902 3
    endloop
  endfacet
  facet normal 0.522486 -0.852648 0
    outer loop
      vertex -52.454 8.89101 3
      vertex -52.5878 8.80902 0
      vertex -52.454 8.89101 0
    endloop
  endfacet
  facet normal 0.233409 -0.972379 0
    outer loop
      vertex -52.309 8.95106 0
      vertex -52.1564 8.98769 3
      vertex -52.309 8.95106 3
    endloop
  endfacet
  facet normal 0.233409 -0.972379 0
    outer loop
      vertex -52.1564 8.98769 3
      vertex -52.309 8.95106 0
      vertex -52.1564 8.98769 0
    endloop
  endfacet
  facet normal -0.85262 0.522532 0
    outer loop
      vertex -51.191 7.41221 0
      vertex -51.109 7.54601 3
      vertex -51.109 7.54601 0
    endloop
  endfacet
  facet normal -0.85262 0.522532 0
    outer loop
      vertex -51.109 7.54601 3
      vertex -51.191 7.41221 0
      vertex -51.191 7.41221 3
    endloop
  endfacet
  facet normal -0.233409 -0.972379 0
    outer loop
      vertex -51.8436 8.98769 0
      vertex -51.691 8.95106 3
      vertex -51.8436 8.98769 3
    endloop
  endfacet
  facet normal -0.233409 -0.972379 -0
    outer loop
      vertex -51.691 8.95106 3
      vertex -51.8436 8.98769 0
      vertex -51.691 8.95106 0
    endloop
  endfacet
  facet normal 0.972419 -0.233243 0
    outer loop
      vertex -52.9877 8.15643 3
      vertex -52.9511 8.30902 0
      vertex -52.9511 8.30902 3
    endloop
  endfacet
  facet normal 0.972419 -0.233243 0
    outer loop
      vertex -52.9511 8.30902 0
      vertex -52.9877 8.15643 3
      vertex -52.9877 8.15643 0
    endloop
  endfacet
  facet normal 0.0784658 -0.996917 0
    outer loop
      vertex -52.1564 8.98769 0
      vertex -52 9 3
      vertex -52.1564 8.98769 3
    endloop
  endfacet
  facet normal 0.0784658 -0.996917 0
    outer loop
      vertex -52 9 3
      vertex -52.1564 8.98769 0
      vertex -52 9 0
    endloop
  endfacet
  facet normal -0.760434 0.649415 0
    outer loop
      vertex -51.2929 7.29289 0
      vertex -51.191 7.41221 3
      vertex -51.191 7.41221 0
    endloop
  endfacet
  facet normal -0.760434 0.649415 0
    outer loop
      vertex -51.191 7.41221 3
      vertex -51.2929 7.29289 0
      vertex -51.2929 7.29289 3
    endloop
  endfacet
  facet normal -0.923764 0.382963 0
    outer loop
      vertex -51.109 7.54601 0
      vertex -51.0489 7.69098 3
      vertex -51.0489 7.69098 0
    endloop
  endfacet
  facet normal -0.923764 0.382963 0
    outer loop
      vertex -51.0489 7.69098 3
      vertex -51.109 7.54601 0
      vertex -51.109 7.54601 3
    endloop
  endfacet
  facet normal -0.972415 0.233257 0
    outer loop
      vertex -51.0489 7.69098 0
      vertex -51.0123 7.84356 3
      vertex -51.0123 7.84356 0
    endloop
  endfacet
  facet normal -0.972415 0.233257 0
    outer loop
      vertex -51.0123 7.84356 3
      vertex -51.0489 7.69098 0
      vertex -51.0489 7.69098 3
    endloop
  endfacet
  facet normal 0.382624 0.923904 -0
    outer loop
      vertex -52.309 7.04894 0
      vertex -52.454 7.10899 3
      vertex -52.309 7.04894 3
    endloop
  endfacet
  facet normal 0.382624 0.923904 0
    outer loop
      vertex -52.454 7.10899 3
      vertex -52.309 7.04894 0
      vertex -52.454 7.10899 0
    endloop
  endfacet
  facet normal 0.85262 0.522532 0
    outer loop
      vertex -52.809 7.41221 3
      vertex -52.891 7.54601 0
      vertex -52.891 7.54601 3
    endloop
  endfacet
  facet normal 0.85262 0.522532 0
    outer loop
      vertex -52.891 7.54601 0
      vertex -52.809 7.41221 3
      vertex -52.809 7.41221 0
    endloop
  endfacet
  facet normal -0.233409 0.972379 0
    outer loop
      vertex -51.691 7.04894 0
      vertex -51.8436 7.01231 3
      vertex -51.691 7.04894 3
    endloop
  endfacet
  facet normal -0.233409 0.972379 0
    outer loop
      vertex -51.8436 7.01231 3
      vertex -51.691 7.04894 0
      vertex -51.8436 7.01231 0
    endloop
  endfacet
  facet normal -0.522486 0.852648 0
    outer loop
      vertex -51.4122 7.19098 0
      vertex -51.546 7.10899 3
      vertex -51.4122 7.19098 3
    endloop
  endfacet
  facet normal -0.522486 0.852648 0
    outer loop
      vertex -51.546 7.10899 3
      vertex -51.4122 7.19098 0
      vertex -51.546 7.10899 0
    endloop
  endfacet
  facet normal -0.996923 0.0783825 0
    outer loop
      vertex -51.0123 7.84356 0
      vertex -51 8 3
      vertex -51 8 0
    endloop
  endfacet
  facet normal -0.996923 0.0783825 0
    outer loop
      vertex -51 8 3
      vertex -51.0123 7.84356 0
      vertex -51.0123 7.84356 3
    endloop
  endfacet
  facet normal 0.233409 0.972379 -0
    outer loop
      vertex -52.1564 7.01231 0
      vertex -52.309 7.04894 3
      vertex -52.1564 7.01231 3
    endloop
  endfacet
  facet normal 0.233409 0.972379 0
    outer loop
      vertex -52.309 7.04894 3
      vertex -52.1564 7.01231 0
      vertex -52.309 7.04894 0
    endloop
  endfacet
  facet normal 0.760434 0.649415 0
    outer loop
      vertex -52.7071 7.29289 3
      vertex -52.809 7.41221 0
      vertex -52.809 7.41221 3
    endloop
  endfacet
  facet normal 0.760434 0.649415 0
    outer loop
      vertex -52.809 7.41221 0
      vertex -52.7071 7.29289 3
      vertex -52.7071 7.29289 0
    endloop
  endfacet
  facet normal 0.923764 0.382963 0
    outer loop
      vertex -52.891 7.54601 3
      vertex -52.9511 7.69098 0
      vertex -52.9511 7.69098 3
    endloop
  endfacet
  facet normal 0.923764 0.382963 0
    outer loop
      vertex -52.9511 7.69098 0
      vertex -52.891 7.54601 3
      vertex -52.891 7.54601 0
    endloop
  endfacet
  facet normal -0.382624 0.923904 0
    outer loop
      vertex -51.546 7.10899 0
      vertex -51.691 7.04894 3
      vertex -51.546 7.10899 3
    endloop
  endfacet
  facet normal -0.382624 0.923904 0
    outer loop
      vertex -51.691 7.04894 3
      vertex -51.546 7.10899 0
      vertex -51.691 7.04894 0
    endloop
  endfacet
  facet normal -0.649515 0.760349 0
    outer loop
      vertex -51.2929 7.29289 0
      vertex -51.4122 7.19098 3
      vertex -51.2929 7.29289 3
    endloop
  endfacet
  facet normal -0.649515 0.760349 0
    outer loop
      vertex -51.4122 7.19098 3
      vertex -51.2929 7.29289 0
      vertex -51.4122 7.19098 0
    endloop
  endfacet
  facet normal 0.0784658 0.996917 -0
    outer loop
      vertex -52 7 0
      vertex -52.1564 7.01231 3
      vertex -52 7 3
    endloop
  endfacet
  facet normal 0.0784658 0.996917 0
    outer loop
      vertex -52.1564 7.01231 3
      vertex -52 7 0
      vertex -52.1564 7.01231 0
    endloop
  endfacet
  facet normal 0.649515 0.760349 -0
    outer loop
      vertex -52.5878 7.19098 0
      vertex -52.7071 7.29289 3
      vertex -52.5878 7.19098 3
    endloop
  endfacet
  facet normal 0.649515 0.760349 0
    outer loop
      vertex -52.7071 7.29289 3
      vertex -52.5878 7.19098 0
      vertex -52.7071 7.29289 0
    endloop
  endfacet
  facet normal 0.972415 0.233257 0
    outer loop
      vertex -52.9511 7.69098 3
      vertex -52.9877 7.84356 0
      vertex -52.9877 7.84356 3
    endloop
  endfacet
  facet normal 0.972415 0.233257 0
    outer loop
      vertex -52.9877 7.84356 0
      vertex -52.9511 7.69098 3
      vertex -52.9511 7.69098 0
    endloop
  endfacet
  facet normal 0.996923 0.0783825 0
    outer loop
      vertex -52.9877 7.84356 3
      vertex -53 8 0
      vertex -53 8 3
    endloop
  endfacet
  facet normal 0.996923 0.0783825 0
    outer loop
      vertex -53 8 0
      vertex -52.9877 7.84356 3
      vertex -52.9877 7.84356 0
    endloop
  endfacet
  facet normal 0.522486 0.852648 -0
    outer loop
      vertex -52.454 7.10899 0
      vertex -52.5878 7.19098 3
      vertex -52.454 7.10899 3
    endloop
  endfacet
  facet normal 0.522486 0.852648 0
    outer loop
      vertex -52.5878 7.19098 3
      vertex -52.454 7.10899 0
      vertex -52.5878 7.19098 0
    endloop
  endfacet
  facet normal -0.996917 -0.0784658 0
    outer loop
      vertex 5 12 0
      vertex 4.98769 12.1564 3
      vertex 4.98769 12.1564 0
    endloop
  endfacet
  facet normal -0.996917 -0.0784658 0
    outer loop
      vertex 4.98769 12.1564 3
      vertex 5 12 0
      vertex 5 12 3
    endloop
  endfacet
  facet normal 0.0783825 -0.996923 0
    outer loop
      vertex 3.84356 12.9877 0
      vertex 4 13 3
      vertex 3.84356 12.9877 3
    endloop
  endfacet
  facet normal 0.0783825 -0.996923 0
    outer loop
      vertex 4 13 3
      vertex 3.84356 12.9877 0
      vertex 4 13 0
    endloop
  endfacet
  facet normal -0.649384 -0.760461 0
    outer loop
      vertex 4.58778 12.809 0
      vertex 4.70711 12.7071 3
      vertex 4.58778 12.809 3
    endloop
  endfacet
  facet normal -0.649384 -0.760461 -0
    outer loop
      vertex 4.70711 12.7071 3
      vertex 4.58778 12.809 0
      vertex 4.70711 12.7071 0
    endloop
  endfacet
  facet normal 0.760349 -0.649515 0
    outer loop
      vertex 3.19098 12.5878 3
      vertex 3.29289 12.7071 0
      vertex 3.29289 12.7071 3
    endloop
  endfacet
  facet normal 0.760349 -0.649515 0
    outer loop
      vertex 3.29289 12.7071 0
      vertex 3.19098 12.5878 3
      vertex 3.19098 12.5878 0
    endloop
  endfacet
  facet normal 0.382963 -0.923764 0
    outer loop
      vertex 3.54601 12.891 0
      vertex 3.69098 12.9511 3
      vertex 3.54601 12.891 3
    endloop
  endfacet
  facet normal 0.382963 -0.923764 0
    outer loop
      vertex 3.69098 12.9511 3
      vertex 3.54601 12.891 0
      vertex 3.69098 12.9511 0
    endloop
  endfacet
  facet normal 0.649415 0.760434 -0
    outer loop
      vertex 3.41221 11.191 0
      vertex 3.29289 11.2929 3
      vertex 3.41221 11.191 3
    endloop
  endfacet
  facet normal 0.649415 0.760434 0
    outer loop
      vertex 3.29289 11.2929 3
      vertex 3.41221 11.191 0
      vertex 3.29289 11.2929 0
    endloop
  endfacet
  facet normal -0.923904 -0.382624 0
    outer loop
      vertex 4.95106 12.309 0
      vertex 4.89101 12.454 3
      vertex 4.89101 12.454 0
    endloop
  endfacet
  facet normal -0.923904 -0.382624 0
    outer loop
      vertex 4.89101 12.454 3
      vertex 4.95106 12.309 0
      vertex 4.95106 12.309 3
    endloop
  endfacet
  facet normal -0.972379 -0.233409 0
    outer loop
      vertex 4.98769 12.1564 0
      vertex 4.95106 12.309 3
      vertex 4.95106 12.309 0
    endloop
  endfacet
  facet normal -0.972379 -0.233409 0
    outer loop
      vertex 4.95106 12.309 3
      vertex 4.98769 12.1564 0
      vertex 4.98769 12.1564 3
    endloop
  endfacet
  facet normal -0.382963 -0.923764 0
    outer loop
      vertex 4.30902 12.9511 0
      vertex 4.45399 12.891 3
      vertex 4.30902 12.9511 3
    endloop
  endfacet
  facet normal -0.382963 -0.923764 -0
    outer loop
      vertex 4.45399 12.891 3
      vertex 4.30902 12.9511 0
      vertex 4.45399 12.891 0
    endloop
  endfacet
  facet normal -0.0783875 -0.996923 0
    outer loop
      vertex 4 13 0
      vertex 4.15643 12.9877 3
      vertex 4 13 3
    endloop
  endfacet
  facet normal -0.0783875 -0.996923 -0
    outer loop
      vertex 4.15643 12.9877 3
      vertex 4 13 0
      vertex 4.15643 12.9877 0
    endloop
  endfacet
  facet normal -0.522561 -0.852602 0
    outer loop
      vertex 4.45399 12.891 0
      vertex 4.58778 12.809 3
      vertex 4.45399 12.891 3
    endloop
  endfacet
  facet normal -0.522561 -0.852602 -0
    outer loop
      vertex 4.58778 12.809 3
      vertex 4.45399 12.891 0
      vertex 4.58778 12.809 0
    endloop
  endfacet
  facet normal 0.923904 -0.382624 0
    outer loop
      vertex 3.04894 12.309 3
      vertex 3.10899 12.454 0
      vertex 3.10899 12.454 3
    endloop
  endfacet
  facet normal 0.923904 -0.382624 0
    outer loop
      vertex 3.10899 12.454 0
      vertex 3.04894 12.309 3
      vertex 3.04894 12.309 0
    endloop
  endfacet
  facet normal 0.852648 -0.522486 0
    outer loop
      vertex 3.10899 12.454 3
      vertex 3.19098 12.5878 0
      vertex 3.19098 12.5878 3
    endloop
  endfacet
  facet normal 0.852648 -0.522486 0
    outer loop
      vertex 3.19098 12.5878 0
      vertex 3.10899 12.454 3
      vertex 3.10899 12.454 0
    endloop
  endfacet
  facet normal 0.972379 -0.233409 0
    outer loop
      vertex 3.01231 12.1564 3
      vertex 3.04894 12.309 0
      vertex 3.04894 12.309 3
    endloop
  endfacet
  facet normal 0.972379 -0.233409 0
    outer loop
      vertex 3.04894 12.309 0
      vertex 3.01231 12.1564 3
      vertex 3.01231 12.1564 0
    endloop
  endfacet
  facet normal 0.996917 0.0784658 0
    outer loop
      vertex 3.01231 11.8436 3
      vertex 3 12 0
      vertex 3 12 3
    endloop
  endfacet
  facet normal 0.996917 0.0784658 0
    outer loop
      vertex 3 12 0
      vertex 3.01231 11.8436 3
      vertex 3.01231 11.8436 0
    endloop
  endfacet
  facet normal 0.649415 -0.760434 0
    outer loop
      vertex 3.29289 12.7071 0
      vertex 3.41221 12.809 3
      vertex 3.29289 12.7071 3
    endloop
  endfacet
  facet normal 0.649415 -0.760434 0
    outer loop
      vertex 3.41221 12.809 3
      vertex 3.29289 12.7071 0
      vertex 3.41221 12.809 0
    endloop
  endfacet
  facet normal 0.233257 -0.972415 0
    outer loop
      vertex 3.69098 12.9511 0
      vertex 3.84356 12.9877 3
      vertex 3.69098 12.9511 3
    endloop
  endfacet
  facet normal 0.233257 -0.972415 0
    outer loop
      vertex 3.84356 12.9877 3
      vertex 3.69098 12.9511 0
      vertex 3.84356 12.9877 0
    endloop
  endfacet
  facet normal -0.996917 0.0784658 0
    outer loop
      vertex 4.98769 11.8436 0
      vertex 5 12 3
      vertex 5 12 0
    endloop
  endfacet
  facet normal -0.996917 0.0784658 0
    outer loop
      vertex 5 12 3
      vertex 4.98769 11.8436 0
      vertex 4.98769 11.8436 3
    endloop
  endfacet
  facet normal -0.233243 0.972419 0
    outer loop
      vertex 4.30902 11.0489 0
      vertex 4.15643 11.0123 3
      vertex 4.30902 11.0489 3
    endloop
  endfacet
  facet normal -0.233243 0.972419 0
    outer loop
      vertex 4.15643 11.0123 3
      vertex 4.30902 11.0489 0
      vertex 4.15643 11.0123 0
    endloop
  endfacet
  facet normal -0.852648 0.522486 0
    outer loop
      vertex 4.80902 11.4122 0
      vertex 4.89101 11.546 3
      vertex 4.89101 11.546 0
    endloop
  endfacet
  facet normal -0.852648 0.522486 0
    outer loop
      vertex 4.89101 11.546 3
      vertex 4.80902 11.4122 0
      vertex 4.80902 11.4122 3
    endloop
  endfacet
  facet normal -0.972379 0.233409 0
    outer loop
      vertex 4.95106 11.691 0
      vertex 4.98769 11.8436 3
      vertex 4.98769 11.8436 0
    endloop
  endfacet
  facet normal -0.972379 0.233409 0
    outer loop
      vertex 4.98769 11.8436 3
      vertex 4.95106 11.691 0
      vertex 4.95106 11.691 3
    endloop
  endfacet
  facet normal 0.233257 0.972415 -0
    outer loop
      vertex 3.84356 11.0123 0
      vertex 3.69098 11.0489 3
      vertex 3.84356 11.0123 3
    endloop
  endfacet
  facet normal 0.233257 0.972415 0
    outer loop
      vertex 3.69098 11.0489 3
      vertex 3.84356 11.0123 0
      vertex 3.69098 11.0489 0
    endloop
  endfacet
  facet normal 0.522532 0.85262 -0
    outer loop
      vertex 3.54601 11.109 0
      vertex 3.41221 11.191 3
      vertex 3.54601 11.109 3
    endloop
  endfacet
  facet normal 0.522532 0.85262 0
    outer loop
      vertex 3.41221 11.191 3
      vertex 3.54601 11.109 0
      vertex 3.41221 11.191 0
    endloop
  endfacet
  facet normal 0.382963 0.923764 -0
    outer loop
      vertex 3.69098 11.0489 0
      vertex 3.54601 11.109 3
      vertex 3.69098 11.0489 3
    endloop
  endfacet
  facet normal 0.382963 0.923764 0
    outer loop
      vertex 3.54601 11.109 3
      vertex 3.69098 11.0489 0
      vertex 3.54601 11.109 0
    endloop
  endfacet
  facet normal 0.972379 0.233409 0
    outer loop
      vertex 3.04894 11.691 3
      vertex 3.01231 11.8436 0
      vertex 3.01231 11.8436 3
    endloop
  endfacet
  facet normal 0.972379 0.233409 0
    outer loop
      vertex 3.01231 11.8436 0
      vertex 3.04894 11.691 3
      vertex 3.04894 11.691 0
    endloop
  endfacet
  facet normal -0.852648 -0.522486 0
    outer loop
      vertex 4.89101 12.454 0
      vertex 4.80902 12.5878 3
      vertex 4.80902 12.5878 0
    endloop
  endfacet
  facet normal -0.852648 -0.522486 0
    outer loop
      vertex 4.80902 12.5878 3
      vertex 4.89101 12.454 0
      vertex 4.89101 12.454 3
    endloop
  endfacet
  facet normal -0.760349 -0.649515 0
    outer loop
      vertex 4.80902 12.5878 0
      vertex 4.70711 12.7071 3
      vertex 4.70711 12.7071 0
    endloop
  endfacet
  facet normal -0.760349 -0.649515 0
    outer loop
      vertex 4.70711 12.7071 3
      vertex 4.80902 12.5878 0
      vertex 4.80902 12.5878 3
    endloop
  endfacet
  facet normal -0.233243 -0.972419 0
    outer loop
      vertex 4.15643 12.9877 0
      vertex 4.30902 12.9511 3
      vertex 4.15643 12.9877 3
    endloop
  endfacet
  facet normal -0.233243 -0.972419 -0
    outer loop
      vertex 4.30902 12.9511 3
      vertex 4.15643 12.9877 0
      vertex 4.30902 12.9511 0
    endloop
  endfacet
  facet normal 0.996917 -0.0784658 0
    outer loop
      vertex 3 12 3
      vertex 3.01231 12.1564 0
      vertex 3.01231 12.1564 3
    endloop
  endfacet
  facet normal 0.996917 -0.0784658 0
    outer loop
      vertex 3.01231 12.1564 0
      vertex 3 12 3
      vertex 3 12 0
    endloop
  endfacet
  facet normal 0.522532 -0.85262 0
    outer loop
      vertex 3.41221 12.809 0
      vertex 3.54601 12.891 3
      vertex 3.41221 12.809 3
    endloop
  endfacet
  facet normal 0.522532 -0.85262 0
    outer loop
      vertex 3.54601 12.891 3
      vertex 3.41221 12.809 0
      vertex 3.54601 12.891 0
    endloop
  endfacet
  facet normal -0.382963 0.923764 0
    outer loop
      vertex 4.45399 11.109 0
      vertex 4.30902 11.0489 3
      vertex 4.45399 11.109 3
    endloop
  endfacet
  facet normal -0.382963 0.923764 0
    outer loop
      vertex 4.30902 11.0489 3
      vertex 4.45399 11.109 0
      vertex 4.30902 11.0489 0
    endloop
  endfacet
  facet normal -0.522561 0.852602 0
    outer loop
      vertex 4.58778 11.191 0
      vertex 4.45399 11.109 3
      vertex 4.58778 11.191 3
    endloop
  endfacet
  facet normal -0.522561 0.852602 0
    outer loop
      vertex 4.45399 11.109 3
      vertex 4.58778 11.191 0
      vertex 4.45399 11.109 0
    endloop
  endfacet
  facet normal -0.760349 0.649515 0
    outer loop
      vertex 4.70711 11.2929 0
      vertex 4.80902 11.4122 3
      vertex 4.80902 11.4122 0
    endloop
  endfacet
  facet normal -0.760349 0.649515 0
    outer loop
      vertex 4.80902 11.4122 3
      vertex 4.70711 11.2929 0
      vertex 4.70711 11.2929 3
    endloop
  endfacet
  facet normal -0.923904 0.382624 0
    outer loop
      vertex 4.89101 11.546 0
      vertex 4.95106 11.691 3
      vertex 4.95106 11.691 0
    endloop
  endfacet
  facet normal -0.923904 0.382624 0
    outer loop
      vertex 4.95106 11.691 3
      vertex 4.89101 11.546 0
      vertex 4.89101 11.546 3
    endloop
  endfacet
  facet normal 0.0783825 0.996923 -0
    outer loop
      vertex 4 11 0
      vertex 3.84356 11.0123 3
      vertex 4 11 3
    endloop
  endfacet
  facet normal 0.0783825 0.996923 0
    outer loop
      vertex 3.84356 11.0123 3
      vertex 4 11 0
      vertex 3.84356 11.0123 0
    endloop
  endfacet
  facet normal -0.0783875 0.996923 0
    outer loop
      vertex 4.15643 11.0123 0
      vertex 4 11 3
      vertex 4.15643 11.0123 3
    endloop
  endfacet
  facet normal -0.0783875 0.996923 0
    outer loop
      vertex 4 11 3
      vertex 4.15643 11.0123 0
      vertex 4 11 0
    endloop
  endfacet
  facet normal 0.852648 0.522486 0
    outer loop
      vertex 3.19098 11.4122 3
      vertex 3.10899 11.546 0
      vertex 3.10899 11.546 3
    endloop
  endfacet
  facet normal 0.852648 0.522486 0
    outer loop
      vertex 3.10899 11.546 0
      vertex 3.19098 11.4122 3
      vertex 3.19098 11.4122 0
    endloop
  endfacet
  facet normal 0.923904 0.382624 0
    outer loop
      vertex 3.10899 11.546 3
      vertex 3.04894 11.691 0
      vertex 3.04894 11.691 3
    endloop
  endfacet
  facet normal 0.923904 0.382624 0
    outer loop
      vertex 3.04894 11.691 0
      vertex 3.10899 11.546 3
      vertex 3.10899 11.546 0
    endloop
  endfacet
  facet normal -0.649384 0.760461 0
    outer loop
      vertex 4.70711 11.2929 0
      vertex 4.58778 11.191 3
      vertex 4.70711 11.2929 3
    endloop
  endfacet
  facet normal -0.649384 0.760461 0
    outer loop
      vertex 4.58778 11.191 3
      vertex 4.70711 11.2929 0
      vertex 4.58778 11.191 0
    endloop
  endfacet
  facet normal 0.760349 0.649515 0
    outer loop
      vertex 3.29289 11.2929 3
      vertex 3.19098 11.4122 0
      vertex 3.19098 11.4122 3
    endloop
  endfacet
  facet normal 0.760349 0.649515 0
    outer loop
      vertex 3.19098 11.4122 0
      vertex 3.29289 11.2929 3
      vertex 3.29289 11.2929 0
    endloop
  endfacet
  facet normal -0.522486 -0.852648 0
    outer loop
      vertex 48.454 2.89101 0
      vertex 48.5878 2.80902 3
      vertex 48.454 2.89101 3
    endloop
  endfacet
  facet normal -0.522486 -0.852648 -0
    outer loop
      vertex 48.5878 2.80902 3
      vertex 48.454 2.89101 0
      vertex 48.5878 2.80902 0
    endloop
  endfacet
  facet normal 0.972419 -0.233243 0
    outer loop
      vertex 47.0123 2.15643 3
      vertex 47.0489 2.30902 0
      vertex 47.0489 2.30902 3
    endloop
  endfacet
  facet normal 0.972419 -0.233243 0
    outer loop
      vertex 47.0489 2.30902 0
      vertex 47.0123 2.15643 3
      vertex 47.0123 2.15643 0
    endloop
  endfacet
  facet normal 0.233409 0.972379 -0
    outer loop
      vertex 47.8436 1.01231 0
      vertex 47.691 1.04894 3
      vertex 47.8436 1.01231 3
    endloop
  endfacet
  facet normal 0.233409 0.972379 0
    outer loop
      vertex 47.691 1.04894 3
      vertex 47.8436 1.01231 0
      vertex 47.691 1.04894 0
    endloop
  endfacet
  facet normal 0.382624 -0.923904 0
    outer loop
      vertex 47.546 2.89101 0
      vertex 47.691 2.95106 3
      vertex 47.546 2.89101 3
    endloop
  endfacet
  facet normal 0.382624 -0.923904 0
    outer loop
      vertex 47.691 2.95106 3
      vertex 47.546 2.89101 0
      vertex 47.691 2.95106 0
    endloop
  endfacet
  facet normal 0.923764 -0.382963 0
    outer loop
      vertex 47.0489 2.30902 3
      vertex 47.109 2.45399 0
      vertex 47.109 2.45399 3
    endloop
  endfacet
  facet normal 0.923764 -0.382963 0
    outer loop
      vertex 47.109 2.45399 0
      vertex 47.0489 2.30902 3
      vertex 47.0489 2.30902 0
    endloop
  endfacet
  facet normal 0.85262 0.522532 0
    outer loop
      vertex 47.191 1.41221 3
      vertex 47.109 1.54601 0
      vertex 47.109 1.54601 3
    endloop
  endfacet
  facet normal 0.85262 0.522532 0
    outer loop
      vertex 47.109 1.54601 0
      vertex 47.191 1.41221 3
      vertex 47.191 1.41221 0
    endloop
  endfacet
  facet normal -0.923764 -0.382963 0
    outer loop
      vertex 48.9511 2.30902 0
      vertex 48.891 2.45399 3
      vertex 48.891 2.45399 0
    endloop
  endfacet
  facet normal -0.923764 -0.382963 0
    outer loop
      vertex 48.891 2.45399 3
      vertex 48.9511 2.30902 0
      vertex 48.9511 2.30902 3
    endloop
  endfacet
  facet normal -0.649515 -0.760349 0
    outer loop
      vertex 48.5878 2.80902 0
      vertex 48.7071 2.70711 3
      vertex 48.5878 2.80902 3
    endloop
  endfacet
  facet normal -0.649515 -0.760349 -0
    outer loop
      vertex 48.7071 2.70711 3
      vertex 48.5878 2.80902 0
      vertex 48.7071 2.70711 0
    endloop
  endfacet
  facet normal -0.382624 -0.923904 0
    outer loop
      vertex 48.309 2.95106 0
      vertex 48.454 2.89101 3
      vertex 48.309 2.95106 3
    endloop
  endfacet
  facet normal -0.382624 -0.923904 -0
    outer loop
      vertex 48.454 2.89101 3
      vertex 48.309 2.95106 0
      vertex 48.454 2.89101 0
    endloop
  endfacet
  facet normal 0.0784658 -0.996917 0
    outer loop
      vertex 47.8436 2.98769 0
      vertex 48 3 3
      vertex 47.8436 2.98769 3
    endloop
  endfacet
  facet normal 0.0784658 -0.996917 0
    outer loop
      vertex 48 3 3
      vertex 47.8436 2.98769 0
      vertex 48 3 0
    endloop
  endfacet
  facet normal -0.0784658 -0.996917 0
    outer loop
      vertex 48 3 0
      vertex 48.1564 2.98769 3
      vertex 48 3 3
    endloop
  endfacet
  facet normal -0.0784658 -0.996917 -0
    outer loop
      vertex 48.1564 2.98769 3
      vertex 48 3 0
      vertex 48.1564 2.98769 0
    endloop
  endfacet
  facet normal 0.996923 0.0783825 0
    outer loop
      vertex 47.0123 1.84356 3
      vertex 47 2 0
      vertex 47 2 3
    endloop
  endfacet
  facet normal 0.996923 0.0783825 0
    outer loop
      vertex 47 2 0
      vertex 47.0123 1.84356 3
      vertex 47.0123 1.84356 0
    endloop
  endfacet
  facet normal 0.852602 -0.522561 0
    outer loop
      vertex 47.109 2.45399 3
      vertex 47.191 2.58778 0
      vertex 47.191 2.58778 3
    endloop
  endfacet
  facet normal 0.852602 -0.522561 0
    outer loop
      vertex 47.191 2.58778 0
      vertex 47.109 2.45399 3
      vertex 47.109 2.45399 0
    endloop
  endfacet
  facet normal 0.233409 -0.972379 0
    outer loop
      vertex 47.691 2.95106 0
      vertex 47.8436 2.98769 3
      vertex 47.691 2.95106 3
    endloop
  endfacet
  facet normal 0.233409 -0.972379 0
    outer loop
      vertex 47.8436 2.98769 3
      vertex 47.691 2.95106 0
      vertex 47.8436 2.98769 0
    endloop
  endfacet
  facet normal 0.760461 -0.649384 0
    outer loop
      vertex 47.191 2.58778 3
      vertex 47.2929 2.70711 0
      vertex 47.2929 2.70711 3
    endloop
  endfacet
  facet normal 0.760461 -0.649384 0
    outer loop
      vertex 47.2929 2.70711 0
      vertex 47.191 2.58778 3
      vertex 47.191 2.58778 0
    endloop
  endfacet
  facet normal -0.996923 -0.0783875 0
    outer loop
      vertex 49 2 0
      vertex 48.9877 2.15643 3
      vertex 48.9877 2.15643 0
    endloop
  endfacet
  facet normal -0.996923 -0.0783875 0
    outer loop
      vertex 48.9877 2.15643 3
      vertex 49 2 0
      vertex 49 2 3
    endloop
  endfacet
  facet normal -0.233409 0.972379 0
    outer loop
      vertex 48.309 1.04894 0
      vertex 48.1564 1.01231 3
      vertex 48.309 1.04894 3
    endloop
  endfacet
  facet normal -0.233409 0.972379 0
    outer loop
      vertex 48.1564 1.01231 3
      vertex 48.309 1.04894 0
      vertex 48.1564 1.01231 0
    endloop
  endfacet
  facet normal -0.382624 0.923904 0
    outer loop
      vertex 48.454 1.10899 0
      vertex 48.309 1.04894 3
      vertex 48.454 1.10899 3
    endloop
  endfacet
  facet normal -0.382624 0.923904 0
    outer loop
      vertex 48.309 1.04894 3
      vertex 48.454 1.10899 0
      vertex 48.309 1.04894 0
    endloop
  endfacet
  facet normal -0.85262 0.522532 0
    outer loop
      vertex 48.809 1.41221 0
      vertex 48.891 1.54601 3
      vertex 48.891 1.54601 0
    endloop
  endfacet
  facet normal -0.85262 0.522532 0
    outer loop
      vertex 48.891 1.54601 3
      vertex 48.809 1.41221 0
      vertex 48.809 1.41221 3
    endloop
  endfacet
  facet normal 0.522486 0.852648 -0
    outer loop
      vertex 47.546 1.10899 0
      vertex 47.4122 1.19098 3
      vertex 47.546 1.10899 3
    endloop
  endfacet
  facet normal 0.522486 0.852648 0
    outer loop
      vertex 47.4122 1.19098 3
      vertex 47.546 1.10899 0
      vertex 47.4122 1.19098 0
    endloop
  endfacet
  facet normal 0.382624 0.923904 -0
    outer loop
      vertex 47.691 1.04894 0
      vertex 47.546 1.10899 3
      vertex 47.691 1.04894 3
    endloop
  endfacet
  facet normal 0.382624 0.923904 0
    outer loop
      vertex 47.546 1.10899 3
      vertex 47.691 1.04894 0
      vertex 47.546 1.10899 0
    endloop
  endfacet
  facet normal 0.972415 0.233257 0
    outer loop
      vertex 47.0489 1.69098 3
      vertex 47.0123 1.84356 0
      vertex 47.0123 1.84356 3
    endloop
  endfacet
  facet normal 0.972415 0.233257 0
    outer loop
      vertex 47.0123 1.84356 0
      vertex 47.0489 1.69098 3
      vertex 47.0489 1.69098 0
    endloop
  endfacet
  facet normal -0.972419 -0.233243 0
    outer loop
      vertex 48.9877 2.15643 0
      vertex 48.9511 2.30902 3
      vertex 48.9511 2.30902 0
    endloop
  endfacet
  facet normal -0.972419 -0.233243 0
    outer loop
      vertex 48.9511 2.30902 3
      vertex 48.9877 2.15643 0
      vertex 48.9877 2.15643 3
    endloop
  endfacet
  facet normal -0.852602 -0.522561 0
    outer loop
      vertex 48.891 2.45399 0
      vertex 48.809 2.58778 3
      vertex 48.809 2.58778 0
    endloop
  endfacet
  facet normal -0.852602 -0.522561 0
    outer loop
      vertex 48.809 2.58778 3
      vertex 48.891 2.45399 0
      vertex 48.891 2.45399 3
    endloop
  endfacet
  facet normal -0.760461 -0.649384 0
    outer loop
      vertex 48.809 2.58778 0
      vertex 48.7071 2.70711 3
      vertex 48.7071 2.70711 0
    endloop
  endfacet
  facet normal -0.760461 -0.649384 0
    outer loop
      vertex 48.7071 2.70711 3
      vertex 48.809 2.58778 0
      vertex 48.809 2.58778 3
    endloop
  endfacet
  facet normal 0.996923 -0.0783875 0
    outer loop
      vertex 47 2 3
      vertex 47.0123 2.15643 0
      vertex 47.0123 2.15643 3
    endloop
  endfacet
  facet normal 0.996923 -0.0783875 0
    outer loop
      vertex 47.0123 2.15643 0
      vertex 47 2 3
      vertex 47 2 0
    endloop
  endfacet
  facet normal 0.522486 -0.852648 0
    outer loop
      vertex 47.4122 2.80902 0
      vertex 47.546 2.89101 3
      vertex 47.4122 2.80902 3
    endloop
  endfacet
  facet normal 0.522486 -0.852648 0
    outer loop
      vertex 47.546 2.89101 3
      vertex 47.4122 2.80902 0
      vertex 47.546 2.89101 0
    endloop
  endfacet
  facet normal 0.649515 -0.760349 0
    outer loop
      vertex 47.2929 2.70711 0
      vertex 47.4122 2.80902 3
      vertex 47.2929 2.70711 3
    endloop
  endfacet
  facet normal 0.649515 -0.760349 0
    outer loop
      vertex 47.4122 2.80902 3
      vertex 47.2929 2.70711 0
      vertex 47.4122 2.80902 0
    endloop
  endfacet
  facet normal -0.996923 0.0783825 0
    outer loop
      vertex 48.9877 1.84356 0
      vertex 49 2 3
      vertex 49 2 0
    endloop
  endfacet
  facet normal -0.996923 0.0783825 0
    outer loop
      vertex 49 2 3
      vertex 48.9877 1.84356 0
      vertex 48.9877 1.84356 3
    endloop
  endfacet
  facet normal -0.972415 0.233257 0
    outer loop
      vertex 48.9511 1.69098 0
      vertex 48.9877 1.84356 3
      vertex 48.9877 1.84356 0
    endloop
  endfacet
  facet normal -0.972415 0.233257 0
    outer loop
      vertex 48.9877 1.84356 3
      vertex 48.9511 1.69098 0
      vertex 48.9511 1.69098 3
    endloop
  endfacet
  facet normal -0.522486 0.852648 0
    outer loop
      vertex 48.5878 1.19098 0
      vertex 48.454 1.10899 3
      vertex 48.5878 1.19098 3
    endloop
  endfacet
  facet normal -0.522486 0.852648 0
    outer loop
      vertex 48.454 1.10899 3
      vertex 48.5878 1.19098 0
      vertex 48.454 1.10899 0
    endloop
  endfacet
  facet normal -0.760434 0.649415 0
    outer loop
      vertex 48.7071 1.29289 0
      vertex 48.809 1.41221 3
      vertex 48.809 1.41221 0
    endloop
  endfacet
  facet normal -0.760434 0.649415 0
    outer loop
      vertex 48.809 1.41221 3
      vertex 48.7071 1.29289 0
      vertex 48.7071 1.29289 3
    endloop
  endfacet
  facet normal -0.923764 0.382963 0
    outer loop
      vertex 48.891 1.54601 0
      vertex 48.9511 1.69098 3
      vertex 48.9511 1.69098 0
    endloop
  endfacet
  facet normal -0.923764 0.382963 0
    outer loop
      vertex 48.9511 1.69098 3
      vertex 48.891 1.54601 0
      vertex 48.891 1.54601 3
    endloop
  endfacet
  facet normal 0.0784658 0.996917 -0
    outer loop
      vertex 48 1 0
      vertex 47.8436 1.01231 3
      vertex 48 1 3
    endloop
  endfacet
  facet normal 0.0784658 0.996917 0
    outer loop
      vertex 47.8436 1.01231 3
      vertex 48 1 0
      vertex 47.8436 1.01231 0
    endloop
  endfacet
  facet normal -0.0784658 0.996917 0
    outer loop
      vertex 48.1564 1.01231 0
      vertex 48 1 3
      vertex 48.1564 1.01231 3
    endloop
  endfacet
  facet normal -0.0784658 0.996917 0
    outer loop
      vertex 48 1 3
      vertex 48.1564 1.01231 0
      vertex 48 1 0
    endloop
  endfacet
  facet normal 0.923764 0.382963 0
    outer loop
      vertex 47.109 1.54601 3
      vertex 47.0489 1.69098 0
      vertex 47.0489 1.69098 3
    endloop
  endfacet
  facet normal 0.923764 0.382963 0
    outer loop
      vertex 47.0489 1.69098 0
      vertex 47.109 1.54601 3
      vertex 47.109 1.54601 0
    endloop
  endfacet
  facet normal 0.649515 0.760349 -0
    outer loop
      vertex 47.4122 1.19098 0
      vertex 47.2929 1.29289 3
      vertex 47.4122 1.19098 3
    endloop
  endfacet
  facet normal 0.649515 0.760349 0
    outer loop
      vertex 47.2929 1.29289 3
      vertex 47.4122 1.19098 0
      vertex 47.2929 1.29289 0
    endloop
  endfacet
  facet normal -0.233409 -0.972379 0
    outer loop
      vertex 48.1564 2.98769 0
      vertex 48.309 2.95106 3
      vertex 48.1564 2.98769 3
    endloop
  endfacet
  facet normal -0.233409 -0.972379 -0
    outer loop
      vertex 48.309 2.95106 3
      vertex 48.1564 2.98769 0
      vertex 48.309 2.95106 0
    endloop
  endfacet
  facet normal -0.649515 0.760349 0
    outer loop
      vertex 48.7071 1.29289 0
      vertex 48.5878 1.19098 3
      vertex 48.7071 1.29289 3
    endloop
  endfacet
  facet normal -0.649515 0.760349 0
    outer loop
      vertex 48.5878 1.19098 3
      vertex 48.7071 1.29289 0
      vertex 48.5878 1.19098 0
    endloop
  endfacet
  facet normal 0.760434 0.649415 0
    outer loop
      vertex 47.2929 1.29289 3
      vertex 47.191 1.41221 0
      vertex 47.191 1.41221 3
    endloop
  endfacet
  facet normal 0.760434 0.649415 0
    outer loop
      vertex 47.191 1.41221 0
      vertex 47.2929 1.29289 3
      vertex 47.2929 1.29289 0
    endloop
  endfacet
  facet normal -0.996922 -0.0784024 0
    outer loop
      vertex -19 -14 0
      vertex -19.0123 -13.8436 3
      vertex -19.0123 -13.8436 0
    endloop
  endfacet
  facet normal -0.996922 -0.0784024 0
    outer loop
      vertex -19.0123 -13.8436 3
      vertex -19 -14 0
      vertex -19 -14 3
    endloop
  endfacet
  facet normal 0.996922 -0.0784024 0
    outer loop
      vertex -21 -14 3
      vertex -20.9877 -13.8436 0
      vertex -20.9877 -13.8436 3
    endloop
  endfacet
  facet normal 0.996922 -0.0784024 0
    outer loop
      vertex -20.9877 -13.8436 0
      vertex -21 -14 3
      vertex -21 -14 0
    endloop
  endfacet
  facet normal 0.0784024 -0.996922 0
    outer loop
      vertex -20.1564 -13.0123 0
      vertex -20 -13 3
      vertex -20.1564 -13.0123 3
    endloop
  endfacet
  facet normal 0.0784024 -0.996922 0
    outer loop
      vertex -20 -13 3
      vertex -20.1564 -13.0123 0
      vertex -20 -13 0
    endloop
  endfacet
  facet normal 0.76038 0.649478 0
    outer loop
      vertex -20.7071 -14.7071 3
      vertex -20.809 -14.5878 0
      vertex -20.809 -14.5878 3
    endloop
  endfacet
  facet normal 0.76038 0.649478 0
    outer loop
      vertex -20.809 -14.5878 0
      vertex -20.7071 -14.7071 3
      vertex -20.7071 -14.7071 0
    endloop
  endfacet
  facet normal -0.649478 -0.76038 0
    outer loop
      vertex -19.4122 -13.191 0
      vertex -19.2929 -13.2929 3
      vertex -19.4122 -13.191 3
    endloop
  endfacet
  facet normal -0.649478 -0.76038 -0
    outer loop
      vertex -19.2929 -13.2929 3
      vertex -19.4122 -13.191 0
      vertex -19.2929 -13.2929 0
    endloop
  endfacet
  facet normal 0.649478 -0.76038 0
    outer loop
      vertex -20.7071 -13.2929 0
      vertex -20.5878 -13.191 3
      vertex -20.7071 -13.2929 3
    endloop
  endfacet
  facet normal 0.649478 -0.76038 0
    outer loop
      vertex -20.5878 -13.191 3
      vertex -20.7071 -13.2929 0
      vertex -20.5878 -13.191 0
    endloop
  endfacet
  facet normal 0.382896 -0.923792 0
    outer loop
      vertex -20.454 -13.109 0
      vertex -20.309 -13.0489 3
      vertex -20.454 -13.109 3
    endloop
  endfacet
  facet normal 0.382896 -0.923792 0
    outer loop
      vertex -20.309 -13.0489 3
      vertex -20.454 -13.109 0
      vertex -20.309 -13.0489 0
    endloop
  endfacet
  facet normal -0.923792 -0.382896 0
    outer loop
      vertex -19.0489 -13.691 0
      vertex -19.109 -13.546 3
      vertex -19.109 -13.546 0
    endloop
  endfacet
  facet normal -0.923792 -0.382896 0
    outer loop
      vertex -19.109 -13.546 3
      vertex -19.0489 -13.691 0
      vertex -19.0489 -13.691 3
    endloop
  endfacet
  facet normal -0.972422 -0.233228 0
    outer loop
      vertex -19.0123 -13.8436 0
      vertex -19.0489 -13.691 3
      vertex -19.0489 -13.691 0
    endloop
  endfacet
  facet normal -0.972422 -0.233228 0
    outer loop
      vertex -19.0489 -13.691 3
      vertex -19.0123 -13.8436 0
      vertex -19.0123 -13.8436 3
    endloop
  endfacet
  facet normal -0.382896 -0.923792 0
    outer loop
      vertex -19.691 -13.0489 0
      vertex -19.546 -13.109 3
      vertex -19.691 -13.0489 3
    endloop
  endfacet
  facet normal -0.382896 -0.923792 -0
    outer loop
      vertex -19.546 -13.109 3
      vertex -19.691 -13.0489 0
      vertex -19.546 -13.109 0
    endloop
  endfacet
  facet normal -0.233228 -0.972422 0
    outer loop
      vertex -19.8436 -13.0123 0
      vertex -19.691 -13.0489 3
      vertex -19.8436 -13.0123 3
    endloop
  endfacet
  facet normal -0.233228 -0.972422 -0
    outer loop
      vertex -19.691 -13.0489 3
      vertex -19.8436 -13.0123 0
      vertex -19.691 -13.0489 0
    endloop
  endfacet
  facet normal -0.522532 -0.85262 0
    outer loop
      vertex -19.546 -13.109 0
      vertex -19.4122 -13.191 3
      vertex -19.546 -13.109 3
    endloop
  endfacet
  facet normal -0.522532 -0.85262 -0
    outer loop
      vertex -19.4122 -13.191 3
      vertex -19.546 -13.109 0
      vertex -19.4122 -13.191 0
    endloop
  endfacet
  facet normal 0.85262 -0.522532 0
    outer loop
      vertex -20.891 -13.546 3
      vertex -20.809 -13.4122 0
      vertex -20.809 -13.4122 3
    endloop
  endfacet
  facet normal 0.85262 -0.522532 0
    outer loop
      vertex -20.809 -13.4122 0
      vertex -20.891 -13.546 3
      vertex -20.891 -13.546 0
    endloop
  endfacet
  facet normal 0.76038 -0.649478 0
    outer loop
      vertex -20.809 -13.4122 3
      vertex -20.7071 -13.2929 0
      vertex -20.7071 -13.2929 3
    endloop
  endfacet
  facet normal 0.76038 -0.649478 0
    outer loop
      vertex -20.7071 -13.2929 0
      vertex -20.809 -13.4122 3
      vertex -20.809 -13.4122 0
    endloop
  endfacet
  facet normal 0.923792 -0.382896 0
    outer loop
      vertex -20.9511 -13.691 3
      vertex -20.891 -13.546 0
      vertex -20.891 -13.546 3
    endloop
  endfacet
  facet normal 0.923792 -0.382896 0
    outer loop
      vertex -20.891 -13.546 0
      vertex -20.9511 -13.691 3
      vertex -20.9511 -13.691 0
    endloop
  endfacet
  facet normal 0.522532 -0.85262 0
    outer loop
      vertex -20.5878 -13.191 0
      vertex -20.454 -13.109 3
      vertex -20.5878 -13.191 3
    endloop
  endfacet
  facet normal 0.522532 -0.85262 0
    outer loop
      vertex -20.454 -13.109 3
      vertex -20.5878 -13.191 0
      vertex -20.454 -13.109 0
    endloop
  endfacet
  facet normal 0.233228 -0.972422 0
    outer loop
      vertex -20.309 -13.0489 0
      vertex -20.1564 -13.0123 3
      vertex -20.309 -13.0489 3
    endloop
  endfacet
  facet normal 0.233228 -0.972422 0
    outer loop
      vertex -20.1564 -13.0123 3
      vertex -20.309 -13.0489 0
      vertex -20.1564 -13.0123 0
    endloop
  endfacet
  facet normal -0.522532 0.85262 0
    outer loop
      vertex -19.4122 -14.809 0
      vertex -19.546 -14.891 3
      vertex -19.4122 -14.809 3
    endloop
  endfacet
  facet normal -0.522532 0.85262 0
    outer loop
      vertex -19.546 -14.891 3
      vertex -19.4122 -14.809 0
      vertex -19.546 -14.891 0
    endloop
  endfacet
  facet normal -0.972422 0.233228 0
    outer loop
      vertex -19.0489 -14.309 0
      vertex -19.0123 -14.1564 3
      vertex -19.0123 -14.1564 0
    endloop
  endfacet
  facet normal -0.972422 0.233228 0
    outer loop
      vertex -19.0123 -14.1564 3
      vertex -19.0489 -14.309 0
      vertex -19.0489 -14.309 3
    endloop
  endfacet
  facet normal 0.649478 0.76038 -0
    outer loop
      vertex -20.5878 -14.809 0
      vertex -20.7071 -14.7071 3
      vertex -20.5878 -14.809 3
    endloop
  endfacet
  facet normal 0.649478 0.76038 0
    outer loop
      vertex -20.7071 -14.7071 3
      vertex -20.5878 -14.809 0
      vertex -20.7071 -14.7071 0
    endloop
  endfacet
  facet normal 0.382896 0.923792 -0
    outer loop
      vertex -20.309 -14.9511 0
      vertex -20.454 -14.891 3
      vertex -20.309 -14.9511 3
    endloop
  endfacet
  facet normal 0.382896 0.923792 0
    outer loop
      vertex -20.454 -14.891 3
      vertex -20.309 -14.9511 0
      vertex -20.454 -14.891 0
    endloop
  endfacet
  facet normal 0.85262 0.522532 0
    outer loop
      vertex -20.809 -14.5878 3
      vertex -20.891 -14.454 0
      vertex -20.891 -14.454 3
    endloop
  endfacet
  facet normal 0.85262 0.522532 0
    outer loop
      vertex -20.891 -14.454 0
      vertex -20.809 -14.5878 3
      vertex -20.809 -14.5878 0
    endloop
  endfacet
  facet normal -0.76038 -0.649478 0
    outer loop
      vertex -19.191 -13.4122 0
      vertex -19.2929 -13.2929 3
      vertex -19.2929 -13.2929 0
    endloop
  endfacet
  facet normal -0.76038 -0.649478 0
    outer loop
      vertex -19.2929 -13.2929 3
      vertex -19.191 -13.4122 0
      vertex -19.191 -13.4122 3
    endloop
  endfacet
  facet normal -0.85262 -0.522532 0
    outer loop
      vertex -19.109 -13.546 0
      vertex -19.191 -13.4122 3
      vertex -19.191 -13.4122 0
    endloop
  endfacet
  facet normal -0.85262 -0.522532 0
    outer loop
      vertex -19.191 -13.4122 3
      vertex -19.109 -13.546 0
      vertex -19.109 -13.546 3
    endloop
  endfacet
  facet normal -0.0784024 -0.996922 0
    outer loop
      vertex -20 -13 0
      vertex -19.8436 -13.0123 3
      vertex -20 -13 3
    endloop
  endfacet
  facet normal -0.0784024 -0.996922 -0
    outer loop
      vertex -19.8436 -13.0123 3
      vertex -20 -13 0
      vertex -19.8436 -13.0123 0
    endloop
  endfacet
  facet normal 0.972422 -0.233228 0
    outer loop
      vertex -20.9877 -13.8436 3
      vertex -20.9511 -13.691 0
      vertex -20.9511 -13.691 3
    endloop
  endfacet
  facet normal 0.972422 -0.233228 0
    outer loop
      vertex -20.9511 -13.691 0
      vertex -20.9877 -13.8436 3
      vertex -20.9877 -13.8436 0
    endloop
  endfacet
  facet normal -0.0784024 0.996922 0
    outer loop
      vertex -19.8436 -14.9877 0
      vertex -20 -15 3
      vertex -19.8436 -14.9877 3
    endloop
  endfacet
  facet normal -0.0784024 0.996922 0
    outer loop
      vertex -20 -15 3
      vertex -19.8436 -14.9877 0
      vertex -20 -15 0
    endloop
  endfacet
  facet normal -0.382896 0.923792 0
    outer loop
      vertex -19.546 -14.891 0
      vertex -19.691 -14.9511 3
      vertex -19.546 -14.891 3
    endloop
  endfacet
  facet normal -0.382896 0.923792 0
    outer loop
      vertex -19.691 -14.9511 3
      vertex -19.546 -14.891 0
      vertex -19.691 -14.9511 0
    endloop
  endfacet
  facet normal -0.649478 0.76038 0
    outer loop
      vertex -19.2929 -14.7071 0
      vertex -19.4122 -14.809 3
      vertex -19.2929 -14.7071 3
    endloop
  endfacet
  facet normal -0.649478 0.76038 0
    outer loop
      vertex -19.4122 -14.809 3
      vertex -19.2929 -14.7071 0
      vertex -19.4122 -14.809 0
    endloop
  endfacet
  facet normal -0.76038 0.649478 0
    outer loop
      vertex -19.2929 -14.7071 0
      vertex -19.191 -14.5878 3
      vertex -19.191 -14.5878 0
    endloop
  endfacet
  facet normal -0.76038 0.649478 0
    outer loop
      vertex -19.191 -14.5878 3
      vertex -19.2929 -14.7071 0
      vertex -19.2929 -14.7071 3
    endloop
  endfacet
  facet normal -0.923792 0.382896 0
    outer loop
      vertex -19.109 -14.454 0
      vertex -19.0489 -14.309 3
      vertex -19.0489 -14.309 0
    endloop
  endfacet
  facet normal -0.923792 0.382896 0
    outer loop
      vertex -19.0489 -14.309 3
      vertex -19.109 -14.454 0
      vertex -19.109 -14.454 3
    endloop
  endfacet
  facet normal -0.996922 0.0784024 0
    outer loop
      vertex -19.0123 -14.1564 0
      vertex -19 -14 3
      vertex -19 -14 0
    endloop
  endfacet
  facet normal -0.996922 0.0784024 0
    outer loop
      vertex -19 -14 3
      vertex -19.0123 -14.1564 0
      vertex -19.0123 -14.1564 3
    endloop
  endfacet
  facet normal 0.522532 0.85262 -0
    outer loop
      vertex -20.454 -14.891 0
      vertex -20.5878 -14.809 3
      vertex -20.454 -14.891 3
    endloop
  endfacet
  facet normal 0.522532 0.85262 0
    outer loop
      vertex -20.5878 -14.809 3
      vertex -20.454 -14.891 0
      vertex -20.5878 -14.809 0
    endloop
  endfacet
  facet normal 0.233228 0.972422 -0
    outer loop
      vertex -20.1564 -14.9877 0
      vertex -20.309 -14.9511 3
      vertex -20.1564 -14.9877 3
    endloop
  endfacet
  facet normal 0.233228 0.972422 0
    outer loop
      vertex -20.309 -14.9511 3
      vertex -20.1564 -14.9877 0
      vertex -20.309 -14.9511 0
    endloop
  endfacet
  facet normal 0.923792 0.382896 0
    outer loop
      vertex -20.891 -14.454 3
      vertex -20.9511 -14.309 0
      vertex -20.9511 -14.309 3
    endloop
  endfacet
  facet normal 0.923792 0.382896 0
    outer loop
      vertex -20.9511 -14.309 0
      vertex -20.891 -14.454 3
      vertex -20.891 -14.454 0
    endloop
  endfacet
  facet normal 0.996922 0.0784024 0
    outer loop
      vertex -20.9877 -14.1564 3
      vertex -21 -14 0
      vertex -21 -14 3
    endloop
  endfacet
  facet normal 0.996922 0.0784024 0
    outer loop
      vertex -21 -14 0
      vertex -20.9877 -14.1564 3
      vertex -20.9877 -14.1564 0
    endloop
  endfacet
  facet normal -0.233228 0.972422 0
    outer loop
      vertex -19.691 -14.9511 0
      vertex -19.8436 -14.9877 3
      vertex -19.691 -14.9511 3
    endloop
  endfacet
  facet normal -0.233228 0.972422 0
    outer loop
      vertex -19.8436 -14.9877 3
      vertex -19.691 -14.9511 0
      vertex -19.8436 -14.9877 0
    endloop
  endfacet
  facet normal -0.85262 0.522532 0
    outer loop
      vertex -19.191 -14.5878 0
      vertex -19.109 -14.454 3
      vertex -19.109 -14.454 0
    endloop
  endfacet
  facet normal -0.85262 0.522532 0
    outer loop
      vertex -19.109 -14.454 3
      vertex -19.191 -14.5878 0
      vertex -19.191 -14.5878 3
    endloop
  endfacet
  facet normal 0.0784024 0.996922 -0
    outer loop
      vertex -20 -15 0
      vertex -20.1564 -14.9877 3
      vertex -20 -15 3
    endloop
  endfacet
  facet normal 0.0784024 0.996922 0
    outer loop
      vertex -20.1564 -14.9877 3
      vertex -20 -15 0
      vertex -20.1564 -14.9877 0
    endloop
  endfacet
  facet normal 0.972422 0.233228 0
    outer loop
      vertex -20.9511 -14.309 3
      vertex -20.9877 -14.1564 0
      vertex -20.9877 -14.1564 3
    endloop
  endfacet
  facet normal 0.972422 0.233228 0
    outer loop
      vertex -20.9877 -14.1564 0
      vertex -20.9511 -14.309 3
      vertex -20.9511 -14.309 0
    endloop
  endfacet
  facet normal -0.923764 -0.382963 0
    outer loop
      vertex 28.9511 -7.69098 0
      vertex 28.891 -7.54601 3
      vertex 28.891 -7.54601 0
    endloop
  endfacet
  facet normal -0.923764 -0.382963 0
    outer loop
      vertex 28.891 -7.54601 3
      vertex 28.9511 -7.69098 0
      vertex 28.9511 -7.69098 3
    endloop
  endfacet
  facet normal 0.972415 -0.233257 0
    outer loop
      vertex 27.0123 -7.84356 3
      vertex 27.0489 -7.69098 0
      vertex 27.0489 -7.69098 3
    endloop
  endfacet
  facet normal 0.972415 -0.233257 0
    outer loop
      vertex 27.0489 -7.69098 0
      vertex 27.0123 -7.84356 3
      vertex 27.0123 -7.84356 0
    endloop
  endfacet
  facet normal -0.85262 -0.522532 0
    outer loop
      vertex 28.891 -7.54601 0
      vertex 28.809 -7.41221 3
      vertex 28.809 -7.41221 0
    endloop
  endfacet
  facet normal -0.85262 -0.522532 0
    outer loop
      vertex 28.809 -7.41221 3
      vertex 28.891 -7.54601 0
      vertex 28.891 -7.54601 3
    endloop
  endfacet
  facet normal -0.233409 -0.972379 0
    outer loop
      vertex 28.1564 -7.01231 0
      vertex 28.309 -7.04894 3
      vertex 28.1564 -7.01231 3
    endloop
  endfacet
  facet normal -0.233409 -0.972379 -0
    outer loop
      vertex 28.309 -7.04894 3
      vertex 28.1564 -7.01231 0
      vertex 28.309 -7.04894 0
    endloop
  endfacet
  facet normal -0.382624 -0.923904 0
    outer loop
      vertex 28.309 -7.04894 0
      vertex 28.454 -7.10899 3
      vertex 28.309 -7.04894 3
    endloop
  endfacet
  facet normal -0.382624 -0.923904 -0
    outer loop
      vertex 28.454 -7.10899 3
      vertex 28.309 -7.04894 0
      vertex 28.454 -7.10899 0
    endloop
  endfacet
  facet normal 0.382624 -0.923904 0
    outer loop
      vertex 27.546 -7.10899 0
      vertex 27.691 -7.04894 3
      vertex 27.546 -7.10899 3
    endloop
  endfacet
  facet normal 0.382624 -0.923904 0
    outer loop
      vertex 27.691 -7.04894 3
      vertex 27.546 -7.10899 0
      vertex 27.691 -7.04894 0
    endloop
  endfacet
  facet normal 0.923764 -0.382963 0
    outer loop
      vertex 27.0489 -7.69098 3
      vertex 27.109 -7.54601 0
      vertex 27.109 -7.54601 3
    endloop
  endfacet
  facet normal 0.923764 -0.382963 0
    outer loop
      vertex 27.109 -7.54601 0
      vertex 27.0489 -7.69098 3
      vertex 27.0489 -7.69098 0
    endloop
  endfacet
  facet normal -0.996923 0.0783875 0
    outer loop
      vertex 28.9877 -8.15643 0
      vertex 29 -8 3
      vertex 29 -8 0
    endloop
  endfacet
  facet normal -0.996923 0.0783875 0
    outer loop
      vertex 29 -8 3
      vertex 28.9877 -8.15643 0
      vertex 28.9877 -8.15643 3
    endloop
  endfacet
  facet normal -0.972415 -0.233257 0
    outer loop
      vertex 28.9877 -7.84356 0
      vertex 28.9511 -7.69098 3
      vertex 28.9511 -7.69098 0
    endloop
  endfacet
  facet normal -0.972415 -0.233257 0
    outer loop
      vertex 28.9511 -7.69098 3
      vertex 28.9877 -7.84356 0
      vertex 28.9877 -7.84356 3
    endloop
  endfacet
  facet normal -0.649515 -0.760349 0
    outer loop
      vertex 28.5878 -7.19098 0
      vertex 28.7071 -7.29289 3
      vertex 28.5878 -7.19098 3
    endloop
  endfacet
  facet normal -0.649515 -0.760349 -0
    outer loop
      vertex 28.7071 -7.29289 3
      vertex 28.5878 -7.19098 0
      vertex 28.7071 -7.29289 0
    endloop
  endfacet
  facet normal -0.0784658 -0.996917 0
    outer loop
      vertex 28 -7 0
      vertex 28.1564 -7.01231 3
      vertex 28 -7 3
    endloop
  endfacet
  facet normal -0.0784658 -0.996917 -0
    outer loop
      vertex 28.1564 -7.01231 3
      vertex 28 -7 0
      vertex 28.1564 -7.01231 0
    endloop
  endfacet
  facet normal -0.522486 -0.852648 0
    outer loop
      vertex 28.454 -7.10899 0
      vertex 28.5878 -7.19098 3
      vertex 28.454 -7.10899 3
    endloop
  endfacet
  facet normal -0.522486 -0.852648 -0
    outer loop
      vertex 28.5878 -7.19098 3
      vertex 28.454 -7.10899 0
      vertex 28.5878 -7.19098 0
    endloop
  endfacet
  facet normal 0.996923 0.0783875 0
    outer loop
      vertex 27.0123 -8.15643 3
      vertex 27 -8 0
      vertex 27 -8 3
    endloop
  endfacet
  facet normal 0.996923 0.0783875 0
    outer loop
      vertex 27 -8 0
      vertex 27.0123 -8.15643 3
      vertex 27.0123 -8.15643 0
    endloop
  endfacet
  facet normal 0.85262 -0.522532 0
    outer loop
      vertex 27.109 -7.54601 3
      vertex 27.191 -7.41221 0
      vertex 27.191 -7.41221 3
    endloop
  endfacet
  facet normal 0.85262 -0.522532 0
    outer loop
      vertex 27.191 -7.41221 0
      vertex 27.109 -7.54601 3
      vertex 27.109 -7.54601 0
    endloop
  endfacet
  facet normal 0.233409 -0.972379 0
    outer loop
      vertex 27.691 -7.04894 0
      vertex 27.8436 -7.01231 3
      vertex 27.691 -7.04894 3
    endloop
  endfacet
  facet normal 0.233409 -0.972379 0
    outer loop
      vertex 27.8436 -7.01231 3
      vertex 27.691 -7.04894 0
      vertex 27.8436 -7.01231 0
    endloop
  endfacet
  facet normal 0.760434 -0.649415 0
    outer loop
      vertex 27.191 -7.41221 3
      vertex 27.2929 -7.29289 0
      vertex 27.2929 -7.29289 3
    endloop
  endfacet
  facet normal 0.760434 -0.649415 0
    outer loop
      vertex 27.2929 -7.29289 0
      vertex 27.191 -7.41221 3
      vertex 27.191 -7.41221 0
    endloop
  endfacet
  facet normal -0.996923 -0.0783825 0
    outer loop
      vertex 29 -8 0
      vertex 28.9877 -7.84356 3
      vertex 28.9877 -7.84356 0
    endloop
  endfacet
  facet normal -0.996923 -0.0783825 0
    outer loop
      vertex 28.9877 -7.84356 3
      vertex 29 -8 0
      vertex 29 -8 3
    endloop
  endfacet
  facet normal -0.923764 0.382963 0
    outer loop
      vertex 28.891 -8.45399 0
      vertex 28.9511 -8.30902 3
      vertex 28.9511 -8.30902 0
    endloop
  endfacet
  facet normal -0.923764 0.382963 0
    outer loop
      vertex 28.9511 -8.30902 3
      vertex 28.891 -8.45399 0
      vertex 28.891 -8.45399 3
    endloop
  endfacet
  facet normal -0.760434 -0.649415 0
    outer loop
      vertex 28.809 -7.41221 0
      vertex 28.7071 -7.29289 3
      vertex 28.7071 -7.29289 0
    endloop
  endfacet
  facet normal -0.760434 -0.649415 0
    outer loop
      vertex 28.7071 -7.29289 3
      vertex 28.809 -7.41221 0
      vertex 28.809 -7.41221 3
    endloop
  endfacet
  facet normal 0.0784658 -0.996917 0
    outer loop
      vertex 27.8436 -7.01231 0
      vertex 28 -7 3
      vertex 27.8436 -7.01231 3
    endloop
  endfacet
  facet normal 0.0784658 -0.996917 0
    outer loop
      vertex 28 -7 3
      vertex 27.8436 -7.01231 0
      vertex 28 -7 0
    endloop
  endfacet
  facet normal 0.996923 -0.0783825 0
    outer loop
      vertex 27 -8 3
      vertex 27.0123 -7.84356 0
      vertex 27.0123 -7.84356 3
    endloop
  endfacet
  facet normal 0.996923 -0.0783825 0
    outer loop
      vertex 27.0123 -7.84356 0
      vertex 27 -8 3
      vertex 27 -8 0
    endloop
  endfacet
  facet normal 0.522486 -0.852648 0
    outer loop
      vertex 27.4122 -7.19098 0
      vertex 27.546 -7.10899 3
      vertex 27.4122 -7.19098 3
    endloop
  endfacet
  facet normal 0.522486 -0.852648 0
    outer loop
      vertex 27.546 -7.10899 3
      vertex 27.4122 -7.19098 0
      vertex 27.546 -7.10899 0
    endloop
  endfacet
  facet normal 0.649515 -0.760349 0
    outer loop
      vertex 27.2929 -7.29289 0
      vertex 27.4122 -7.19098 3
      vertex 27.2929 -7.29289 3
    endloop
  endfacet
  facet normal 0.649515 -0.760349 0
    outer loop
      vertex 27.4122 -7.19098 3
      vertex 27.2929 -7.29289 0
      vertex 27.4122 -7.19098 0
    endloop
  endfacet
  facet normal -0.972419 0.233243 0
    outer loop
      vertex 28.9511 -8.30902 0
      vertex 28.9877 -8.15643 3
      vertex 28.9877 -8.15643 0
    endloop
  endfacet
  facet normal -0.972419 0.233243 0
    outer loop
      vertex 28.9877 -8.15643 3
      vertex 28.9511 -8.30902 0
      vertex 28.9511 -8.30902 3
    endloop
  endfacet
  facet normal 0.972419 0.233243 0
    outer loop
      vertex 27.0489 -8.30902 3
      vertex 27.0123 -8.15643 0
      vertex 27.0123 -8.15643 3
    endloop
  endfacet
  facet normal 0.972419 0.233243 0
    outer loop
      vertex 27.0123 -8.15643 0
      vertex 27.0489 -8.30902 3
      vertex 27.0489 -8.30902 0
    endloop
  endfacet
  facet normal -0.233409 0.972379 0
    outer loop
      vertex 28.309 -8.95106 0
      vertex 28.1564 -8.98769 3
      vertex 28.309 -8.95106 3
    endloop
  endfacet
  facet normal -0.233409 0.972379 0
    outer loop
      vertex 28.1564 -8.98769 3
      vertex 28.309 -8.95106 0
      vertex 28.1564 -8.98769 0
    endloop
  endfacet
  facet normal -0.382624 0.923904 0
    outer loop
      vertex 28.454 -8.89101 0
      vertex 28.309 -8.95106 3
      vertex 28.454 -8.89101 3
    endloop
  endfacet
  facet normal -0.382624 0.923904 0
    outer loop
      vertex 28.309 -8.95106 3
      vertex 28.454 -8.89101 0
      vertex 28.309 -8.95106 0
    endloop
  endfacet
  facet normal -0.522486 0.852648 0
    outer loop
      vertex 28.5878 -8.80902 0
      vertex 28.454 -8.89101 3
      vertex 28.5878 -8.80902 3
    endloop
  endfacet
  facet normal -0.522486 0.852648 0
    outer loop
      vertex 28.454 -8.89101 3
      vertex 28.5878 -8.80902 0
      vertex 28.454 -8.89101 0
    endloop
  endfacet
  facet normal -0.760461 0.649384 0
    outer loop
      vertex 28.7071 -8.70711 0
      vertex 28.809 -8.58778 3
      vertex 28.809 -8.58778 0
    endloop
  endfacet
  facet normal -0.760461 0.649384 0
    outer loop
      vertex 28.809 -8.58778 3
      vertex 28.7071 -8.70711 0
      vertex 28.7071 -8.70711 3
    endloop
  endfacet
  facet normal -0.852602 0.522561 0
    outer loop
      vertex 28.809 -8.58778 0
      vertex 28.891 -8.45399 3
      vertex 28.891 -8.45399 0
    endloop
  endfacet
  facet normal -0.852602 0.522561 0
    outer loop
      vertex 28.891 -8.45399 3
      vertex 28.809 -8.58778 0
      vertex 28.809 -8.58778 3
    endloop
  endfacet
  facet normal 0.382624 0.923904 -0
    outer loop
      vertex 27.691 -8.95106 0
      vertex 27.546 -8.89101 3
      vertex 27.691 -8.95106 3
    endloop
  endfacet
  facet normal 0.382624 0.923904 0
    outer loop
      vertex 27.546 -8.89101 3
      vertex 27.691 -8.95106 0
      vertex 27.546 -8.89101 0
    endloop
  endfacet
  facet normal -0.0784658 0.996917 0
    outer loop
      vertex 28.1564 -8.98769 0
      vertex 28 -9 3
      vertex 28.1564 -8.98769 3
    endloop
  endfacet
  facet normal -0.0784658 0.996917 0
    outer loop
      vertex 28 -9 3
      vertex 28.1564 -8.98769 0
      vertex 28 -9 0
    endloop
  endfacet
  facet normal 0.923764 0.382963 0
    outer loop
      vertex 27.109 -8.45399 3
      vertex 27.0489 -8.30902 0
      vertex 27.0489 -8.30902 3
    endloop
  endfacet
  facet normal 0.923764 0.382963 0
    outer loop
      vertex 27.0489 -8.30902 0
      vertex 27.109 -8.45399 3
      vertex 27.109 -8.45399 0
    endloop
  endfacet
  facet normal 0.649515 0.760349 -0
    outer loop
      vertex 27.4122 -8.80902 0
      vertex 27.2929 -8.70711 3
      vertex 27.4122 -8.80902 3
    endloop
  endfacet
  facet normal 0.649515 0.760349 0
    outer loop
      vertex 27.2929 -8.70711 3
      vertex 27.4122 -8.80902 0
      vertex 27.2929 -8.70711 0
    endloop
  endfacet
  facet normal 0.852602 0.522561 0
    outer loop
      vertex 27.191 -8.58778 3
      vertex 27.109 -8.45399 0
      vertex 27.109 -8.45399 3
    endloop
  endfacet
  facet normal 0.852602 0.522561 0
    outer loop
      vertex 27.109 -8.45399 0
      vertex 27.191 -8.58778 3
      vertex 27.191 -8.58778 0
    endloop
  endfacet
  facet normal -0.649515 0.760349 0
    outer loop
      vertex 28.7071 -8.70711 0
      vertex 28.5878 -8.80902 3
      vertex 28.7071 -8.70711 3
    endloop
  endfacet
  facet normal -0.649515 0.760349 0
    outer loop
      vertex 28.5878 -8.80902 3
      vertex 28.7071 -8.70711 0
      vertex 28.5878 -8.80902 0
    endloop
  endfacet
  facet normal 0.522486 0.852648 -0
    outer loop
      vertex 27.546 -8.89101 0
      vertex 27.4122 -8.80902 3
      vertex 27.546 -8.89101 3
    endloop
  endfacet
  facet normal 0.522486 0.852648 0
    outer loop
      vertex 27.4122 -8.80902 3
      vertex 27.546 -8.89101 0
      vertex 27.4122 -8.80902 0
    endloop
  endfacet
  facet normal 0.233409 0.972379 -0
    outer loop
      vertex 27.8436 -8.98769 0
      vertex 27.691 -8.95106 3
      vertex 27.8436 -8.98769 3
    endloop
  endfacet
  facet normal 0.233409 0.972379 0
    outer loop
      vertex 27.691 -8.95106 3
      vertex 27.8436 -8.98769 0
      vertex 27.691 -8.95106 0
    endloop
  endfacet
  facet normal 0.760461 0.649384 0
    outer loop
      vertex 27.2929 -8.70711 3
      vertex 27.191 -8.58778 0
      vertex 27.191 -8.58778 3
    endloop
  endfacet
  facet normal 0.760461 0.649384 0
    outer loop
      vertex 27.191 -8.58778 0
      vertex 27.2929 -8.70711 3
      vertex 27.2929 -8.70711 0
    endloop
  endfacet
  facet normal 0.0784658 0.996917 -0
    outer loop
      vertex 28 -9 0
      vertex 27.8436 -8.98769 3
      vertex 28 -9 3
    endloop
  endfacet
  facet normal 0.0784658 0.996917 0
    outer loop
      vertex 27.8436 -8.98769 3
      vertex 28 -9 0
      vertex 27.8436 -8.98769 0
    endloop
  endfacet
  facet normal -0.923792 -0.382896 0
    outer loop
      vertex 54.9511 -15.691 0
      vertex 54.891 -15.546 3
      vertex 54.891 -15.546 0
    endloop
  endfacet
  facet normal -0.923792 -0.382896 0
    outer loop
      vertex 54.891 -15.546 3
      vertex 54.9511 -15.691 0
      vertex 54.9511 -15.691 3
    endloop
  endfacet
  facet normal 0.972422 -0.233228 0
    outer loop
      vertex 53.0123 -15.8436 3
      vertex 53.0489 -15.691 0
      vertex 53.0489 -15.691 3
    endloop
  endfacet
  facet normal 0.972422 -0.233228 0
    outer loop
      vertex 53.0489 -15.691 0
      vertex 53.0123 -15.8436 3
      vertex 53.0123 -15.8436 0
    endloop
  endfacet
  facet normal -0.85262 -0.522532 0
    outer loop
      vertex 54.891 -15.546 0
      vertex 54.809 -15.4122 3
      vertex 54.809 -15.4122 0
    endloop
  endfacet
  facet normal -0.85262 -0.522532 0
    outer loop
      vertex 54.809 -15.4122 3
      vertex 54.891 -15.546 0
      vertex 54.891 -15.546 3
    endloop
  endfacet
  facet normal -0.382896 -0.923792 0
    outer loop
      vertex 54.309 -15.0489 0
      vertex 54.454 -15.109 3
      vertex 54.309 -15.0489 3
    endloop
  endfacet
  facet normal -0.382896 -0.923792 -0
    outer loop
      vertex 54.454 -15.109 3
      vertex 54.309 -15.0489 0
      vertex 54.454 -15.109 0
    endloop
  endfacet
  facet normal 0.382896 -0.923792 0
    outer loop
      vertex 53.546 -15.109 0
      vertex 53.691 -15.0489 3
      vertex 53.546 -15.109 3
    endloop
  endfacet
  facet normal 0.382896 -0.923792 0
    outer loop
      vertex 53.691 -15.0489 3
      vertex 53.546 -15.109 0
      vertex 53.691 -15.0489 0
    endloop
  endfacet
  facet normal 0.923792 -0.382896 0
    outer loop
      vertex 53.0489 -15.691 3
      vertex 53.109 -15.546 0
      vertex 53.109 -15.546 3
    endloop
  endfacet
  facet normal 0.923792 -0.382896 0
    outer loop
      vertex 53.109 -15.546 0
      vertex 53.0489 -15.691 3
      vertex 53.0489 -15.691 0
    endloop
  endfacet
  facet normal -0.972422 0.233228 0
    outer loop
      vertex 54.9511 -16.309 0
      vertex 54.9877 -16.1564 3
      vertex 54.9877 -16.1564 0
    endloop
  endfacet
  facet normal -0.972422 0.233228 0
    outer loop
      vertex 54.9877 -16.1564 3
      vertex 54.9511 -16.309 0
      vertex 54.9511 -16.309 3
    endloop
  endfacet
  facet normal -0.972422 -0.233228 0
    outer loop
      vertex 54.9877 -15.8436 0
      vertex 54.9511 -15.691 3
      vertex 54.9511 -15.691 0
    endloop
  endfacet
  facet normal -0.972422 -0.233228 0
    outer loop
      vertex 54.9511 -15.691 3
      vertex 54.9877 -15.8436 0
      vertex 54.9877 -15.8436 3
    endloop
  endfacet
  facet normal -0.649478 -0.76038 0
    outer loop
      vertex 54.5878 -15.191 0
      vertex 54.7071 -15.2929 3
      vertex 54.5878 -15.191 3
    endloop
  endfacet
  facet normal -0.649478 -0.76038 -0
    outer loop
      vertex 54.7071 -15.2929 3
      vertex 54.5878 -15.191 0
      vertex 54.7071 -15.2929 0
    endloop
  endfacet
  facet normal -0.522532 -0.85262 0
    outer loop
      vertex 54.454 -15.109 0
      vertex 54.5878 -15.191 3
      vertex 54.454 -15.109 3
    endloop
  endfacet
  facet normal -0.522532 -0.85262 -0
    outer loop
      vertex 54.5878 -15.191 3
      vertex 54.454 -15.109 0
      vertex 54.5878 -15.191 0
    endloop
  endfacet
  facet normal 0.996922 -0.0784024 0
    outer loop
      vertex 53 -16 3
      vertex 53.0123 -15.8436 0
      vertex 53.0123 -15.8436 3
    endloop
  endfacet
  facet normal 0.996922 -0.0784024 0
    outer loop
      vertex 53.0123 -15.8436 0
      vertex 53 -16 3
      vertex 53 -16 0
    endloop
  endfacet
  facet normal 0.85262 -0.522532 0
    outer loop
      vertex 53.109 -15.546 3
      vertex 53.191 -15.4122 0
      vertex 53.191 -15.4122 3
    endloop
  endfacet
  facet normal 0.85262 -0.522532 0
    outer loop
      vertex 53.191 -15.4122 0
      vertex 53.109 -15.546 3
      vertex 53.109 -15.546 0
    endloop
  endfacet
  facet normal 0.233228 -0.972422 0
    outer loop
      vertex 53.691 -15.0489 0
      vertex 53.8436 -15.0123 3
      vertex 53.691 -15.0489 3
    endloop
  endfacet
  facet normal 0.233228 -0.972422 0
    outer loop
      vertex 53.8436 -15.0123 3
      vertex 53.691 -15.0489 0
      vertex 53.8436 -15.0123 0
    endloop
  endfacet
  facet normal 0.76038 -0.649478 0
    outer loop
      vertex 53.191 -15.4122 3
      vertex 53.2929 -15.2929 0
      vertex 53.2929 -15.2929 3
    endloop
  endfacet
  facet normal 0.76038 -0.649478 0
    outer loop
      vertex 53.2929 -15.2929 0
      vertex 53.191 -15.4122 3
      vertex 53.191 -15.4122 0
    endloop
  endfacet
  facet normal -0.996922 -0.0784024 0
    outer loop
      vertex 55 -16 0
      vertex 54.9877 -15.8436 3
      vertex 54.9877 -15.8436 0
    endloop
  endfacet
  facet normal -0.996922 -0.0784024 0
    outer loop
      vertex 54.9877 -15.8436 3
      vertex 55 -16 0
      vertex 55 -16 3
    endloop
  endfacet
  facet normal -0.923792 0.382896 0
    outer loop
      vertex 54.891 -16.454 0
      vertex 54.9511 -16.309 3
      vertex 54.9511 -16.309 0
    endloop
  endfacet
  facet normal -0.923792 0.382896 0
    outer loop
      vertex 54.9511 -16.309 3
      vertex 54.891 -16.454 0
      vertex 54.891 -16.454 3
    endloop
  endfacet
  facet normal -0.76038 -0.649478 0
    outer loop
      vertex 54.809 -15.4122 0
      vertex 54.7071 -15.2929 3
      vertex 54.7071 -15.2929 0
    endloop
  endfacet
  facet normal -0.76038 -0.649478 0
    outer loop
      vertex 54.7071 -15.2929 3
      vertex 54.809 -15.4122 0
      vertex 54.809 -15.4122 3
    endloop
  endfacet
  facet normal 0.0784024 -0.996922 0
    outer loop
      vertex 53.8436 -15.0123 0
      vertex 54 -15 3
      vertex 53.8436 -15.0123 3
    endloop
  endfacet
  facet normal 0.0784024 -0.996922 0
    outer loop
      vertex 54 -15 3
      vertex 53.8436 -15.0123 0
      vertex 54 -15 0
    endloop
  endfacet
  facet normal -0.233228 -0.972422 0
    outer loop
      vertex 54.1564 -15.0123 0
      vertex 54.309 -15.0489 3
      vertex 54.1564 -15.0123 3
    endloop
  endfacet
  facet normal -0.233228 -0.972422 -0
    outer loop
      vertex 54.309 -15.0489 3
      vertex 54.1564 -15.0123 0
      vertex 54.309 -15.0489 0
    endloop
  endfacet
  facet normal 0.996922 0.0784024 0
    outer loop
      vertex 53.0123 -16.1564 3
      vertex 53 -16 0
      vertex 53 -16 3
    endloop
  endfacet
  facet normal 0.996922 0.0784024 0
    outer loop
      vertex 53 -16 0
      vertex 53.0123 -16.1564 3
      vertex 53.0123 -16.1564 0
    endloop
  endfacet
  facet normal 0.649478 -0.76038 0
    outer loop
      vertex 53.2929 -15.2929 0
      vertex 53.4122 -15.191 3
      vertex 53.2929 -15.2929 3
    endloop
  endfacet
  facet normal 0.649478 -0.76038 0
    outer loop
      vertex 53.4122 -15.191 3
      vertex 53.2929 -15.2929 0
      vertex 53.4122 -15.191 0
    endloop
  endfacet
  facet normal 0.522532 -0.85262 0
    outer loop
      vertex 53.4122 -15.191 0
      vertex 53.546 -15.109 3
      vertex 53.4122 -15.191 3
    endloop
  endfacet
  facet normal 0.522532 -0.85262 0
    outer loop
      vertex 53.546 -15.109 3
      vertex 53.4122 -15.191 0
      vertex 53.546 -15.109 0
    endloop
  endfacet
  facet normal -0.996922 0.0784024 0
    outer loop
      vertex 54.9877 -16.1564 0
      vertex 55 -16 3
      vertex 55 -16 0
    endloop
  endfacet
  facet normal -0.996922 0.0784024 0
    outer loop
      vertex 55 -16 3
      vertex 54.9877 -16.1564 0
      vertex 54.9877 -16.1564 3
    endloop
  endfacet
  facet normal -0.85262 0.522532 0
    outer loop
      vertex 54.809 -16.5878 0
      vertex 54.891 -16.454 3
      vertex 54.891 -16.454 0
    endloop
  endfacet
  facet normal -0.85262 0.522532 0
    outer loop
      vertex 54.891 -16.454 3
      vertex 54.809 -16.5878 0
      vertex 54.809 -16.5878 3
    endloop
  endfacet
  facet normal -0.0784024 0.996922 0
    outer loop
      vertex 54.1564 -16.9877 0
      vertex 54 -17 3
      vertex 54.1564 -16.9877 3
    endloop
  endfacet
  facet normal -0.0784024 0.996922 0
    outer loop
      vertex 54 -17 3
      vertex 54.1564 -16.9877 0
      vertex 54 -17 0
    endloop
  endfacet
  facet normal 0.85262 0.522532 0
    outer loop
      vertex 53.191 -16.5878 3
      vertex 53.109 -16.454 0
      vertex 53.109 -16.454 3
    endloop
  endfacet
  facet normal 0.85262 0.522532 0
    outer loop
      vertex 53.109 -16.454 0
      vertex 53.191 -16.5878 3
      vertex 53.191 -16.5878 0
    endloop
  endfacet
  facet normal -0.233228 0.972422 0
    outer loop
      vertex 54.309 -16.9511 0
      vertex 54.1564 -16.9877 3
      vertex 54.309 -16.9511 3
    endloop
  endfacet
  facet normal -0.233228 0.972422 0
    outer loop
      vertex 54.1564 -16.9877 3
      vertex 54.309 -16.9511 0
      vertex 54.1564 -16.9877 0
    endloop
  endfacet
  facet normal -0.382896 0.923792 0
    outer loop
      vertex 54.454 -16.891 0
      vertex 54.309 -16.9511 3
      vertex 54.454 -16.891 3
    endloop
  endfacet
  facet normal -0.382896 0.923792 0
    outer loop
      vertex 54.309 -16.9511 3
      vertex 54.454 -16.891 0
      vertex 54.309 -16.9511 0
    endloop
  endfacet
  facet normal -0.0784024 -0.996922 0
    outer loop
      vertex 54 -15 0
      vertex 54.1564 -15.0123 3
      vertex 54 -15 3
    endloop
  endfacet
  facet normal -0.0784024 -0.996922 -0
    outer loop
      vertex 54.1564 -15.0123 3
      vertex 54 -15 0
      vertex 54.1564 -15.0123 0
    endloop
  endfacet
  facet normal -0.76038 0.649478 0
    outer loop
      vertex 54.7071 -16.7071 0
      vertex 54.809 -16.5878 3
      vertex 54.809 -16.5878 0
    endloop
  endfacet
  facet normal -0.76038 0.649478 0
    outer loop
      vertex 54.809 -16.5878 3
      vertex 54.7071 -16.7071 0
      vertex 54.7071 -16.7071 3
    endloop
  endfacet
  facet normal 0.923792 0.382896 0
    outer loop
      vertex 53.109 -16.454 3
      vertex 53.0489 -16.309 0
      vertex 53.0489 -16.309 3
    endloop
  endfacet
  facet normal 0.923792 0.382896 0
    outer loop
      vertex 53.0489 -16.309 0
      vertex 53.109 -16.454 3
      vertex 53.109 -16.454 0
    endloop
  endfacet
  facet normal 0.972422 0.233228 0
    outer loop
      vertex 53.0489 -16.309 3
      vertex 53.0123 -16.1564 0
      vertex 53.0123 -16.1564 3
    endloop
  endfacet
  facet normal 0.972422 0.233228 0
    outer loop
      vertex 53.0123 -16.1564 0
      vertex 53.0489 -16.309 3
      vertex 53.0489 -16.309 0
    endloop
  endfacet
  facet normal -0.649478 0.76038 0
    outer loop
      vertex 54.7071 -16.7071 0
      vertex 54.5878 -16.809 3
      vertex 54.7071 -16.7071 3
    endloop
  endfacet
  facet normal -0.649478 0.76038 0
    outer loop
      vertex 54.5878 -16.809 3
      vertex 54.7071 -16.7071 0
      vertex 54.5878 -16.809 0
    endloop
  endfacet
  facet normal -0.522532 0.85262 0
    outer loop
      vertex 54.5878 -16.809 0
      vertex 54.454 -16.891 3
      vertex 54.5878 -16.809 3
    endloop
  endfacet
  facet normal -0.522532 0.85262 0
    outer loop
      vertex 54.454 -16.891 3
      vertex 54.5878 -16.809 0
      vertex 54.454 -16.891 0
    endloop
  endfacet
  facet normal 0.522532 0.85262 -0
    outer loop
      vertex 53.546 -16.891 0
      vertex 53.4122 -16.809 3
      vertex 53.546 -16.891 3
    endloop
  endfacet
  facet normal 0.522532 0.85262 0
    outer loop
      vertex 53.4122 -16.809 3
      vertex 53.546 -16.891 0
      vertex 53.4122 -16.809 0
    endloop
  endfacet
  facet normal 0.382896 0.923792 -0
    outer loop
      vertex 53.691 -16.9511 0
      vertex 53.546 -16.891 3
      vertex 53.691 -16.9511 3
    endloop
  endfacet
  facet normal 0.382896 0.923792 0
    outer loop
      vertex 53.546 -16.891 3
      vertex 53.691 -16.9511 0
      vertex 53.546 -16.891 0
    endloop
  endfacet
  facet normal 0.233228 0.972422 -0
    outer loop
      vertex 53.8436 -16.9877 0
      vertex 53.691 -16.9511 3
      vertex 53.8436 -16.9877 3
    endloop
  endfacet
  facet normal 0.233228 0.972422 0
    outer loop
      vertex 53.691 -16.9511 3
      vertex 53.8436 -16.9877 0
      vertex 53.691 -16.9511 0
    endloop
  endfacet
  facet normal 0.0784024 0.996922 -0
    outer loop
      vertex 54 -17 0
      vertex 53.8436 -16.9877 3
      vertex 54 -17 3
    endloop
  endfacet
  facet normal 0.0784024 0.996922 0
    outer loop
      vertex 53.8436 -16.9877 3
      vertex 54 -17 0
      vertex 53.8436 -16.9877 0
    endloop
  endfacet
  facet normal 0.76038 0.649478 0
    outer loop
      vertex 53.2929 -16.7071 3
      vertex 53.191 -16.5878 0
      vertex 53.191 -16.5878 3
    endloop
  endfacet
  facet normal 0.76038 0.649478 0
    outer loop
      vertex 53.191 -16.5878 0
      vertex 53.2929 -16.7071 3
      vertex 53.2929 -16.7071 0
    endloop
  endfacet
  facet normal 0.649478 0.76038 -0
    outer loop
      vertex 53.4122 -16.809 0
      vertex 53.2929 -16.7071 3
      vertex 53.4122 -16.809 3
    endloop
  endfacet
  facet normal 0.649478 0.76038 0
    outer loop
      vertex 53.2929 -16.7071 3
      vertex 53.4122 -16.809 0
      vertex 53.2929 -16.7071 0
    endloop
  endfacet
  facet normal -0 0 1
    outer loop
      vertex 22.8 8.8 4.3
      vertex 33.2 7.2 4.3
      vertex 33.2 8.8 4.3
    endloop
  endfacet
  facet normal 0 0 1
    outer loop
      vertex 33.2 7.2 4.3
      vertex 22.8 8.8 4.3
      vertex 22.8 7.2 4.3
    endloop
  endfacet
  facet normal -0 0 1
    outer loop
      vertex 24.0426 14.8 4.3
      vertex 33.2 13.2 4.3
      vertex 33.2 14.8 4.3
    endloop
  endfacet
  facet normal 0 0 1
    outer loop
      vertex 24.0426 14.8 4.3
      vertex 24.0426 13.2 4.3
      vertex 33.2 13.2 4.3
    endloop
  endfacet
  facet normal 0 0 1
    outer loop
      vertex 23.7798 15.2931 4.3
      vertex 24.0426 14.8 4.3
      vertex 23.9602 14.9988 4.3
    endloop
  endfacet
  facet normal 0 0 1
    outer loop
      vertex 23.5556 15.5556 4.3
      vertex 24.0426 14.8 4.3
      vertex 23.7798 15.2931 4.3
    endloop
  endfacet
  facet normal 0 0 1
    outer loop
      vertex 24.0426 14.8 4.3
      vertex 23.5556 15.5556 4.3
      vertex 24.0426 13.2 4.3
    endloop
  endfacet
  facet normal 0 0 1
    outer loop
      vertex 24.0426 13.2 4.3
      vertex 23.7798 12.7069 4.3
      vertex 23.9602 13.0012 4.3
    endloop
  endfacet
  facet normal 0 0 1
    outer loop
      vertex 23.5556 12.4444 4.3
      vertex 24.0426 13.2 4.3
      vertex 23.5556 15.5556 4.3
    endloop
  endfacet
  facet normal 0 0 1
    outer loop
      vertex 24.0426 13.2 4.3
      vertex 23.5556 12.4444 4.3
      vertex 23.7798 12.7069 4.3
    endloop
  endfacet
  facet normal 0 0 1
    outer loop
      vertex 23.2931 15.7798 4.3
      vertex 23.5556 12.4444 4.3
      vertex 23.5556 15.5556 4.3
    endloop
  endfacet
  facet normal 0 0 1
    outer loop
      vertex 22.8 11.9574 4.3
      vertex 23.5556 12.4444 4.3
      vertex 23.2931 15.7798 4.3
    endloop
  endfacet
  facet normal 0 0 1
    outer loop
      vertex 22.8 11.9574 4.3
      vertex 23.2931 15.7798 4.3
      vertex 22.9988 15.9602 4.3
    endloop
  endfacet
  facet normal 0 0 1
    outer loop
      vertex 23.5556 12.4444 4.3
      vertex 22.8 11.9574 4.3
      vertex 23.2931 12.2202 4.3
    endloop
  endfacet
  facet normal 0 0 1
    outer loop
      vertex 23.2931 12.2202 4.3
      vertex 22.8 11.9574 4.3
      vertex 22.9988 12.0398 4.3
    endloop
  endfacet
  facet normal 0 0 1
    outer loop
      vertex 21.2 8.8 4.3
      vertex 22.8 8.8 4.3
      vertex 22.8 11.9574 4.3
    endloop
  endfacet
  facet normal 0 0 1
    outer loop
      vertex 22.8 8.8 4.3
      vertex 21.2 8.8 4.3
      vertex 22.8 7.2 4.3
    endloop
  endfacet
  facet normal 0 0 1
    outer loop
      vertex 21.2 11.9574 4.3
      vertex 22.8 11.9574 4.3
      vertex 22.6798 16.0923 4.3
    endloop
  endfacet
  facet normal 0 0 1
    outer loop
      vertex 22.6798 16.0923 4.3
      vertex 22.8 11.9574 4.3
      vertex 22.9988 15.9602 4.3
    endloop
  endfacet
  facet normal 0 0 1
    outer loop
      vertex 33.2 8.8 4.3
      vertex 34.8 8.8 4.3
      vertex 33.2 13.2 4.3
    endloop
  endfacet
  facet normal 0 0 1
    outer loop
      vertex 34.8 8.8 4.3
      vertex 33.2 8.8 4.3
      vertex 34.8 7.2 4.3
    endloop
  endfacet
  facet normal 0 0 1
    outer loop
      vertex 33.2 7.2 4.3
      vertex 34.8 7.2 4.3
      vertex 33.2 8.8 4.3
    endloop
  endfacet
  facet normal 0 0 1
    outer loop
      vertex 33.2 0.0425516 4.3
      vertex 34.8 7.2 4.3
      vertex 33.2 7.2 4.3
    endloop
  endfacet
  facet normal 0 0 1
    outer loop
      vertex 34.8 7.2 4.3
      vertex 33.2 0.0425516 4.3
      vertex 33.3202 -4.09232 4.3
    endloop
  endfacet
  facet normal 0 0 1
    outer loop
      vertex 32.7069 -0.220162 4.3
      vertex 33.2 0.0425516 4.3
      vertex 33.0012 -0.0397854 4.3
    endloop
  endfacet
  facet normal 0 0 1
    outer loop
      vertex 33.2 0.0425516 4.3
      vertex 33.0012 -3.96021 4.3
      vertex 33.3202 -4.09232 4.3
    endloop
  endfacet
  facet normal 0 0 1
    outer loop
      vertex 32.4444 -0.444365 4.3
      vertex 33.2 0.0425516 4.3
      vertex 32.7069 -0.220162 4.3
    endloop
  endfacet
  facet normal 0 0 1
    outer loop
      vertex 33.2 0.0425516 4.3
      vertex 32.7069 -3.77984 4.3
      vertex 33.0012 -3.96021 4.3
    endloop
  endfacet
  facet normal 0 0 1
    outer loop
      vertex 33.2 0.0425516 4.3
      vertex 32.4444 -0.444365 4.3
      vertex 32.7069 -3.77984 4.3
    endloop
  endfacet
  facet normal 0 0 1
    outer loop
      vertex 32.4444 -0.444365 4.3
      vertex 32.4444 -3.55563 4.3
      vertex 32.7069 -3.77984 4.3
    endloop
  endfacet
  facet normal -0 0 1
    outer loop
      vertex 32.2202 -0.706872 4.3
      vertex 32.4444 -3.55563 4.3
      vertex 32.4444 -0.444365 4.3
    endloop
  endfacet
  facet normal 0 0 1
    outer loop
      vertex 32.2202 -0.706872 4.3
      vertex 32.2202 -3.29313 4.3
      vertex 32.4444 -3.55563 4.3
    endloop
  endfacet
  facet normal -0 0 1
    outer loop
      vertex 32.0398 -1.00122 4.3
      vertex 32.2202 -3.29313 4.3
      vertex 32.2202 -0.706872 4.3
    endloop
  endfacet
  facet normal 0 0 1
    outer loop
      vertex 32.0398 -1.00122 4.3
      vertex 32.0398 -2.99878 4.3
      vertex 32.2202 -3.29313 4.3
    endloop
  endfacet
  facet normal -0 0 1
    outer loop
      vertex 31.9077 -1.32016 4.3
      vertex 32.0398 -2.99878 4.3
      vertex 32.0398 -1.00122 4.3
    endloop
  endfacet
  facet normal 0 0 1
    outer loop
      vertex 31.9077 -1.32016 4.3
      vertex 31.9077 -2.67984 4.3
      vertex 32.0398 -2.99878 4.3
    endloop
  endfacet
  facet normal -0 0 1
    outer loop
      vertex 31.8271 -1.65584 4.3
      vertex 31.9077 -2.67984 4.3
      vertex 31.9077 -1.32016 4.3
    endloop
  endfacet
  facet normal 0 0 1
    outer loop
      vertex 31.8271 -1.65584 4.3
      vertex 31.8271 -2.34416 4.3
      vertex 31.9077 -2.67984 4.3
    endloop
  endfacet
  facet normal 0 -0 1
    outer loop
      vertex 31.8271 -2.34416 4.3
      vertex 31.8271 -1.65584 4.3
      vertex 31.8 -2 4.3
    endloop
  endfacet
  facet normal 0 0 1
    outer loop
      vertex 42.1729 8.34416 4.3
      vertex 42.1729 7.65584 4.3
      vertex 42.2 8 4.3
    endloop
  endfacet
  facet normal 0 0 1
    outer loop
      vertex 42.0923 8.67984 4.3
      vertex 42.1729 7.65584 4.3
      vertex 42.1729 8.34416 4.3
    endloop
  endfacet
  facet normal 0 0 1
    outer loop
      vertex 42.0923 8.67984 4.3
      vertex 42.0923 7.32016 4.3
      vertex 42.1729 7.65584 4.3
    endloop
  endfacet
  facet normal 0 0 1
    outer loop
      vertex 41.9602 8.99878 4.3
      vertex 42.0923 7.32016 4.3
      vertex 42.0923 8.67984 4.3
    endloop
  endfacet
  facet normal 0 0 1
    outer loop
      vertex 41.9602 8.99878 4.3
      vertex 41.9602 7.00122 4.3
      vertex 42.0923 7.32016 4.3
    endloop
  endfacet
  facet normal 0 0 1
    outer loop
      vertex 41.7798 9.29313 4.3
      vertex 41.9602 7.00122 4.3
      vertex 41.9602 8.99878 4.3
    endloop
  endfacet
  facet normal 0 0 1
    outer loop
      vertex 41.7798 9.29313 4.3
      vertex 41.7798 6.70687 4.3
      vertex 41.9602 7.00122 4.3
    endloop
  endfacet
  facet normal 0 0 1
    outer loop
      vertex 41.5556 9.55563 4.3
      vertex 41.7798 6.70687 4.3
      vertex 41.7798 9.29313 4.3
    endloop
  endfacet
  facet normal 0 0 1
    outer loop
      vertex 41.5556 9.55563 4.3
      vertex 41.5556 6.44436 4.3
      vertex 41.7798 6.70687 4.3
    endloop
  endfacet
  facet normal 0 0 1
    outer loop
      vertex 41.2931 9.77984 4.3
      vertex 41.5556 6.44436 4.3
      vertex 41.5556 9.55563 4.3
    endloop
  endfacet
  facet normal 0 0 1
    outer loop
      vertex 40.8 5.95745 4.3
      vertex 41.5556 6.44436 4.3
      vertex 41.2931 9.77984 4.3
    endloop
  endfacet
  facet normal 0 0 1
    outer loop
      vertex 40.8 5.95745 4.3
      vertex 41.2931 9.77984 4.3
      vertex 40.9988 9.96021 4.3
    endloop
  endfacet
  facet normal 0 0 1
    outer loop
      vertex 41.5556 6.44436 4.3
      vertex 40.8 5.95745 4.3
      vertex 41.2931 6.22016 4.3
    endloop
  endfacet
  facet normal 0 0 1
    outer loop
      vertex 41.2931 6.22016 4.3
      vertex 40.8 5.95745 4.3
      vertex 40.9988 6.03979 4.3
    endloop
  endfacet
  facet normal 0 0 1
    outer loop
      vertex 39.2 -1.2 4.3
      vertex 40.8 -1.2 4.3
      vertex 40.8 5.95745 4.3
    endloop
  endfacet
  facet normal 0 0 1
    outer loop
      vertex 40.8 -1.2 4.3
      vertex 39.2 -1.2 4.3
      vertex 40.8 -2.8 4.3
    endloop
  endfacet
  facet normal 0 0 1
    outer loop
      vertex 39.2 5.95745 4.3
      vertex 40.8 5.95745 4.3
      vertex 40.6798 10.0923 4.3
    endloop
  endfacet
  facet normal 0 0 1
    outer loop
      vertex 40.6798 10.0923 4.3
      vertex 40.8 5.95745 4.3
      vertex 40.9988 9.96021 4.3
    endloop
  endfacet
  facet normal 0 0 1
    outer loop
      vertex 62.1729 -1.65584 4.3
      vertex 62.1729 -2.34416 4.3
      vertex 62.2 -2 4.3
    endloop
  endfacet
  facet normal 0 0 1
    outer loop
      vertex 62.0923 -1.32016 4.3
      vertex 62.1729 -2.34416 4.3
      vertex 62.1729 -1.65584 4.3
    endloop
  endfacet
  facet normal 0 0 1
    outer loop
      vertex 62.0923 -1.32016 4.3
      vertex 62.0923 -2.67984 4.3
      vertex 62.1729 -2.34416 4.3
    endloop
  endfacet
  facet normal 0 0 1
    outer loop
      vertex 61.9602 -1.00122 4.3
      vertex 62.0923 -2.67984 4.3
      vertex 62.0923 -1.32016 4.3
    endloop
  endfacet
  facet normal 0 0 1
    outer loop
      vertex 61.9602 -1.00122 4.3
      vertex 61.9602 -2.99878 4.3
      vertex 62.0923 -2.67984 4.3
    endloop
  endfacet
  facet normal 0 0 1
    outer loop
      vertex 61.7798 -0.706872 4.3
      vertex 61.9602 -2.99878 4.3
      vertex 61.9602 -1.00122 4.3
    endloop
  endfacet
  facet normal 0 0 1
    outer loop
      vertex 61.7798 -0.706872 4.3
      vertex 61.7798 -3.29313 4.3
      vertex 61.9602 -2.99878 4.3
    endloop
  endfacet
  facet normal 0 0 1
    outer loop
      vertex 61.5556 -0.444365 4.3
      vertex 61.7798 -3.29313 4.3
      vertex 61.7798 -0.706872 4.3
    endloop
  endfacet
  facet normal 0 0 1
    outer loop
      vertex 61.5556 -0.444365 4.3
      vertex 61.5556 -3.55563 4.3
      vertex 61.7798 -3.29313 4.3
    endloop
  endfacet
  facet normal 0 0 1
    outer loop
      vertex 61.2931 -0.220162 4.3
      vertex 61.5556 -3.55563 4.3
      vertex 61.5556 -0.444365 4.3
    endloop
  endfacet
  facet normal 0 0 1
    outer loop
      vertex 61.2931 -0.220162 4.3
      vertex 61.2931 -3.77984 4.3
      vertex 61.5556 -3.55563 4.3
    endloop
  endfacet
  facet normal 0 0 1
    outer loop
      vertex 60.9988 -0.0397854 4.3
      vertex 61.2931 -3.77984 4.3
      vertex 61.2931 -0.220162 4.3
    endloop
  endfacet
  facet normal 0 0 1
    outer loop
      vertex 60.9988 -0.0397854 4.3
      vertex 60.9988 -3.96021 4.3
      vertex 61.2931 -3.77984 4.3
    endloop
  endfacet
  facet normal 0 0 1
    outer loop
      vertex 60.6798 0.0923243 4.3
      vertex 60.9988 -3.96021 4.3
      vertex 60.9988 -0.0397854 4.3
    endloop
  endfacet
  facet normal 0 0 1
    outer loop
      vertex 60.6798 0.0923243 4.3
      vertex 60.6798 -4.09232 4.3
      vertex 60.9988 -3.96021 4.3
    endloop
  endfacet
  facet normal 0 0 1
    outer loop
      vertex 60.3442 0.172914 4.3
      vertex 60.6798 -4.09232 4.3
      vertex 60.6798 0.0923243 4.3
    endloop
  endfacet
  facet normal 0 0 1
    outer loop
      vertex 60.3442 0.172914 4.3
      vertex 60.3442 -4.17291 4.3
      vertex 60.6798 -4.09232 4.3
    endloop
  endfacet
  facet normal 0 0 1
    outer loop
      vertex 60 0.2 4.3
      vertex 60.3442 -4.17291 4.3
      vertex 60.3442 0.172914 4.3
    endloop
  endfacet
  facet normal 0 0 1
    outer loop
      vertex 60 0.2 4.3
      vertex 60 -4.2 4.3
      vertex 60.3442 -4.17291 4.3
    endloop
  endfacet
  facet normal -0 0 1
    outer loop
      vertex 59.6558 0.172914 4.3
      vertex 60 -4.2 4.3
      vertex 60 0.2 4.3
    endloop
  endfacet
  facet normal 0 0 1
    outer loop
      vertex 59.6558 0.172914 4.3
      vertex 59.6558 -4.17291 4.3
      vertex 60 -4.2 4.3
    endloop
  endfacet
  facet normal -0 0 1
    outer loop
      vertex 59.3202 0.0923243 4.3
      vertex 59.6558 -4.17291 4.3
      vertex 59.6558 0.172914 4.3
    endloop
  endfacet
  facet normal 0 0 1
    outer loop
      vertex 59.3202 0.0923243 4.3
      vertex 59.3202 -4.09232 4.3
      vertex 59.6558 -4.17291 4.3
    endloop
  endfacet
  facet normal -0 0 1
    outer loop
      vertex 59.0012 -0.0397854 4.3
      vertex 59.3202 -4.09232 4.3
      vertex 59.3202 0.0923243 4.3
    endloop
  endfacet
  facet normal 0 0 1
    outer loop
      vertex 59.0012 -0.0397854 4.3
      vertex 59.0012 -3.96021 4.3
      vertex 59.3202 -4.09232 4.3
    endloop
  endfacet
  facet normal -0 0 1
    outer loop
      vertex 58.7069 -0.220162 4.3
      vertex 59.0012 -3.96021 4.3
      vertex 59.0012 -0.0397854 4.3
    endloop
  endfacet
  facet normal 0 0 1
    outer loop
      vertex 58.7069 -0.220162 4.3
      vertex 58.7069 -3.77984 4.3
      vertex 59.0012 -3.96021 4.3
    endloop
  endfacet
  facet normal -0 0 1
    outer loop
      vertex 58.4444 -0.444365 4.3
      vertex 58.7069 -3.77984 4.3
      vertex 58.7069 -0.220162 4.3
    endloop
  endfacet
  facet normal 0 0 1
    outer loop
      vertex 58.4444 -0.444365 4.3
      vertex 58.4444 -3.55563 4.3
      vertex 58.7069 -3.77984 4.3
    endloop
  endfacet
  facet normal 0 0 1
    outer loop
      vertex 57.9574 -1.2 4.3
      vertex 58.4444 -0.444365 4.3
      vertex 58.2202 -0.706872 4.3
    endloop
  endfacet
  facet normal 0 0 1
    outer loop
      vertex 58.4444 -0.444365 4.3
      vertex 57.9574 -1.2 4.3
      vertex 58.4444 -3.55563 4.3
    endloop
  endfacet
  facet normal 0 0 1
    outer loop
      vertex 57.9574 -1.2 4.3
      vertex 58.2202 -0.706872 4.3
      vertex 58.0398 -1.00122 4.3
    endloop
  endfacet
  facet normal -0 0 1
    outer loop
      vertex 57.9574 -2.8 4.3
      vertex 58.4444 -3.55563 4.3
      vertex 57.9574 -1.2 4.3
    endloop
  endfacet
  facet normal 0 0 1
    outer loop
      vertex 58.4444 -3.55563 4.3
      vertex 57.9574 -2.8 4.3
      vertex 58.2202 -3.29313 4.3
    endloop
  endfacet
  facet normal 0 0 1
    outer loop
      vertex 58.2202 -3.29313 4.3
      vertex 57.9574 -2.8 4.3
      vertex 58.0398 -2.99878 4.3
    endloop
  endfacet
  facet normal -0 0 1
    outer loop
      vertex 40.8 -1.2 4.3
      vertex 57.9574 -2.8 4.3
      vertex 57.9574 -1.2 4.3
    endloop
  endfacet
  facet normal 0 0 1
    outer loop
      vertex 57.9574 -2.8 4.3
      vertex 40.8 -1.2 4.3
      vertex 40.8 -2.8 4.3
    endloop
  endfacet
  facet normal 0 0 1
    outer loop
      vertex 64.1729 -13.6558 4.3
      vertex 64.1729 -14.3442 4.3
      vertex 64.2 -14 4.3
    endloop
  endfacet
  facet normal 0 0 1
    outer loop
      vertex 64.0923 -13.3202 4.3
      vertex 64.1729 -14.3442 4.3
      vertex 64.1729 -13.6558 4.3
    endloop
  endfacet
  facet normal 0 0 1
    outer loop
      vertex 64.0923 -13.3202 4.3
      vertex 64.0923 -14.6798 4.3
      vertex 64.1729 -14.3442 4.3
    endloop
  endfacet
  facet normal 0 0 1
    outer loop
      vertex 63.9602 -13.0012 4.3
      vertex 64.0923 -14.6798 4.3
      vertex 64.0923 -13.3202 4.3
    endloop
  endfacet
  facet normal 0 0 1
    outer loop
      vertex 63.9602 -13.0012 4.3
      vertex 63.9602 -14.9988 4.3
      vertex 64.0923 -14.6798 4.3
    endloop
  endfacet
  facet normal 0 0 1
    outer loop
      vertex 63.7798 -12.7069 4.3
      vertex 63.9602 -14.9988 4.3
      vertex 63.9602 -13.0012 4.3
    endloop
  endfacet
  facet normal 0 0 1
    outer loop
      vertex 63.7798 -12.7069 4.3
      vertex 63.7798 -15.2931 4.3
      vertex 63.9602 -14.9988 4.3
    endloop
  endfacet
  facet normal 0 0 1
    outer loop
      vertex 63.5556 -12.4444 4.3
      vertex 63.7798 -15.2931 4.3
      vertex 63.7798 -12.7069 4.3
    endloop
  endfacet
  facet normal 0 0 1
    outer loop
      vertex 63.5556 -12.4444 4.3
      vertex 63.5556 -15.5556 4.3
      vertex 63.7798 -15.2931 4.3
    endloop
  endfacet
  facet normal 0 0 1
    outer loop
      vertex 63.2931 -12.2202 4.3
      vertex 63.5556 -15.5556 4.3
      vertex 63.5556 -12.4444 4.3
    endloop
  endfacet
  facet normal 0 0 1
    outer loop
      vertex 63.2931 -12.2202 4.3
      vertex 63.2931 -15.7798 4.3
      vertex 63.5556 -15.5556 4.3
    endloop
  endfacet
  facet normal 0 0 1
    outer loop
      vertex 62.9988 -12.0398 4.3
      vertex 63.2931 -15.7798 4.3
      vertex 63.2931 -12.2202 4.3
    endloop
  endfacet
  facet normal 0 0 1
    outer loop
      vertex 62.9988 -12.0398 4.3
      vertex 62.9988 -15.9602 4.3
      vertex 63.2931 -15.7798 4.3
    endloop
  endfacet
  facet normal 0 0 1
    outer loop
      vertex 62.6798 -11.9077 4.3
      vertex 62.9988 -15.9602 4.3
      vertex 62.9988 -12.0398 4.3
    endloop
  endfacet
  facet normal 0 0 1
    outer loop
      vertex 62.6798 -11.9077 4.3
      vertex 62.6798 -16.0923 4.3
      vertex 62.9988 -15.9602 4.3
    endloop
  endfacet
  facet normal 0 0 1
    outer loop
      vertex 62.3442 -11.8271 4.3
      vertex 62.6798 -16.0923 4.3
      vertex 62.6798 -11.9077 4.3
    endloop
  endfacet
  facet normal 0 0 1
    outer loop
      vertex 62.3442 -11.8271 4.3
      vertex 62.3442 -16.1729 4.3
      vertex 62.6798 -16.0923 4.3
    endloop
  endfacet
  facet normal 0 0 1
    outer loop
      vertex 62 -11.8 4.3
      vertex 62.3442 -16.1729 4.3
      vertex 62.3442 -11.8271 4.3
    endloop
  endfacet
  facet normal 0 0 1
    outer loop
      vertex 62 -11.8 4.3
      vertex 62 -16.2 4.3
      vertex 62.3442 -16.1729 4.3
    endloop
  endfacet
  facet normal -0 0 1
    outer loop
      vertex 61.6558 -11.8271 4.3
      vertex 62 -16.2 4.3
      vertex 62 -11.8 4.3
    endloop
  endfacet
  facet normal 0 0 1
    outer loop
      vertex 61.6558 -11.8271 4.3
      vertex 61.6558 -16.1729 4.3
      vertex 62 -16.2 4.3
    endloop
  endfacet
  facet normal -0 0 1
    outer loop
      vertex 61.3202 -11.9077 4.3
      vertex 61.6558 -16.1729 4.3
      vertex 61.6558 -11.8271 4.3
    endloop
  endfacet
  facet normal 0 0 1
    outer loop
      vertex 61.3202 -11.9077 4.3
      vertex 61.3202 -16.0923 4.3
      vertex 61.6558 -16.1729 4.3
    endloop
  endfacet
  facet normal -0 0 1
    outer loop
      vertex 61.0012 -12.0398 4.3
      vertex 61.3202 -16.0923 4.3
      vertex 61.3202 -11.9077 4.3
    endloop
  endfacet
  facet normal 0 0 1
    outer loop
      vertex 61.0012 -12.0398 4.3
      vertex 61.0012 -15.9602 4.3
      vertex 61.3202 -16.0923 4.3
    endloop
  endfacet
  facet normal -0 0 1
    outer loop
      vertex 60.7069 -12.2202 4.3
      vertex 61.0012 -15.9602 4.3
      vertex 61.0012 -12.0398 4.3
    endloop
  endfacet
  facet normal 0 0 1
    outer loop
      vertex 60.7069 -12.2202 4.3
      vertex 60.7069 -15.7798 4.3
      vertex 61.0012 -15.9602 4.3
    endloop
  endfacet
  facet normal -0 0 1
    outer loop
      vertex 60.4444 -12.4444 4.3
      vertex 60.7069 -15.7798 4.3
      vertex 60.7069 -12.2202 4.3
    endloop
  endfacet
  facet normal 0 0 1
    outer loop
      vertex 60.4444 -12.4444 4.3
      vertex 60.4444 -15.5556 4.3
      vertex 60.7069 -15.7798 4.3
    endloop
  endfacet
  facet normal 0 0 1
    outer loop
      vertex 59.9574 -13.2 4.3
      vertex 60.4444 -12.4444 4.3
      vertex 60.2202 -12.7069 4.3
    endloop
  endfacet
  facet normal 0 0 1
    outer loop
      vertex 60.4444 -12.4444 4.3
      vertex 59.9574 -13.2 4.3
      vertex 60.4444 -15.5556 4.3
    endloop
  endfacet
  facet normal 0 0 1
    outer loop
      vertex 59.9574 -13.2 4.3
      vertex 60.2202 -12.7069 4.3
      vertex 60.0398 -13.0012 4.3
    endloop
  endfacet
  facet normal -0 0 1
    outer loop
      vertex 59.9574 -14.8 4.3
      vertex 60.4444 -15.5556 4.3
      vertex 59.9574 -13.2 4.3
    endloop
  endfacet
  facet normal 0 0 1
    outer loop
      vertex 60.4444 -15.5556 4.3
      vertex 59.9574 -14.8 4.3
      vertex 60.2202 -15.2931 4.3
    endloop
  endfacet
  facet normal 0 0 1
    outer loop
      vertex 60.2202 -15.2931 4.3
      vertex 59.9574 -14.8 4.3
      vertex 60.0398 -14.9988 4.3
    endloop
  endfacet
  facet normal -0 0 1
    outer loop
      vertex 42.0426 -13.2 4.3
      vertex 59.9574 -14.8 4.3
      vertex 59.9574 -13.2 4.3
    endloop
  endfacet
  facet normal 0 0 1
    outer loop
      vertex 42.0426 -13.2 4.3
      vertex 42.0426 -14.8 4.3
      vertex 59.9574 -14.8 4.3
    endloop
  endfacet
  facet normal 0 0 1
    outer loop
      vertex 41.7798 -12.7069 4.3
      vertex 42.0426 -13.2 4.3
      vertex 41.9602 -13.0012 4.3
    endloop
  endfacet
  facet normal 0 0 1
    outer loop
      vertex 41.5556 -12.4444 4.3
      vertex 42.0426 -13.2 4.3
      vertex 41.7798 -12.7069 4.3
    endloop
  endfacet
  facet normal 0 0 1
    outer loop
      vertex 40.8 -11.9574 4.3
      vertex 42.0426 -13.2 4.3
      vertex 41.5556 -12.4444 4.3
    endloop
  endfacet
  facet normal 0 0 1
    outer loop
      vertex 42.0426 -14.8 4.3
      vertex 41.7798 -15.2931 4.3
      vertex 41.9602 -14.9988 4.3
    endloop
  endfacet
  facet normal 0 0 1
    outer loop
      vertex 42.0426 -13.2 4.3
      vertex 40.8 -11.9574 4.3
      vertex 42.0426 -14.8 4.3
    endloop
  endfacet
  facet normal 0 0 1
    outer loop
      vertex 42.0426 -14.8 4.3
      vertex 41.5556 -15.5556 4.3
      vertex 41.7798 -15.2931 4.3
    endloop
  endfacet
  facet normal 0 0 1
    outer loop
      vertex 40.8 -11.9574 4.3
      vertex 41.5556 -12.4444 4.3
      vertex 41.2931 -12.2202 4.3
    endloop
  endfacet
  facet normal 0 0 1
    outer loop
      vertex 42.0426 -14.8 4.3
      vertex 40.8 -11.9574 4.3
      vertex 41.5556 -15.5556 4.3
    endloop
  endfacet
  facet normal 0 0 1
    outer loop
      vertex 40.8 -11.9574 4.3
      vertex 41.2931 -12.2202 4.3
      vertex 40.9988 -12.0398 4.3
    endloop
  endfacet
  facet normal 0 0 1
    outer loop
      vertex 41.5556 -15.5556 4.3
      vertex 40.8 -11.9574 4.3
      vertex 41.2931 -15.7798 4.3
    endloop
  endfacet
  facet normal 0 0 1
    outer loop
      vertex 41.2931 -15.7798 4.3
      vertex 40.8 -11.9574 4.3
      vertex 40.9988 -15.9602 4.3
    endloop
  endfacet
  facet normal 0 0 1
    outer loop
      vertex 40.8 -11.9574 4.3
      vertex 40.6798 -16.0923 4.3
      vertex 40.9988 -15.9602 4.3
    endloop
  endfacet
  facet normal 0 0 1
    outer loop
      vertex 40.8 -2.8 4.3
      vertex 39.2 -1.2 4.3
      vertex 39.2 -2.8 4.3
    endloop
  endfacet
  facet normal 0 0 1
    outer loop
      vertex 39.2 5.95745 4.3
      vertex 40.6798 10.0923 4.3
      vertex 40.3442 10.1729 4.3
    endloop
  endfacet
  facet normal 0 0 1
    outer loop
      vertex 39.2 -11.9574 4.3
      vertex 40.8 -11.9574 4.3
      vertex 39.2 -2.8 4.3
    endloop
  endfacet
  facet normal 0 0 1
    outer loop
      vertex 39.2 5.95745 4.3
      vertex 40.3442 10.1729 4.3
      vertex 40 10.2 4.3
    endloop
  endfacet
  facet normal 0 0 1
    outer loop
      vertex 40.8 -11.9574 4.3
      vertex 39.2 -11.9574 4.3
      vertex 40.6798 -16.0923 4.3
    endloop
  endfacet
  facet normal 0 0 1
    outer loop
      vertex 39.2 5.95745 4.3
      vertex 40 10.2 4.3
      vertex 39.6558 10.1729 4.3
    endloop
  endfacet
  facet normal 0 0 1
    outer loop
      vertex 40.8 -2.8 4.3
      vertex 39.2 -2.8 4.3
      vertex 40.8 -11.9574 4.3
    endloop
  endfacet
  facet normal 0 0 1
    outer loop
      vertex 39.2 5.95745 4.3
      vertex 39.6558 10.1729 4.3
      vertex 39.3202 10.0923 4.3
    endloop
  endfacet
  facet normal 0 0 1
    outer loop
      vertex 40.6798 -16.0923 4.3
      vertex 39.2 -11.9574 4.3
      vertex 40.3442 -16.1729 4.3
    endloop
  endfacet
  facet normal 0 0 1
    outer loop
      vertex 40.8 5.95745 4.3
      vertex 39.2 5.95745 4.3
      vertex 39.2 -1.2 4.3
    endloop
  endfacet
  facet normal -0 0 1
    outer loop
      vertex 39.0012 9.96021 4.3
      vertex 39.2 5.95745 4.3
      vertex 39.3202 10.0923 4.3
    endloop
  endfacet
  facet normal -0 0 1
    outer loop
      vertex 38.7069 9.77984 4.3
      vertex 39.2 5.95745 4.3
      vertex 39.0012 9.96021 4.3
    endloop
  endfacet
  facet normal -0 0 1
    outer loop
      vertex 38.4444 9.55563 4.3
      vertex 39.2 5.95745 4.3
      vertex 38.7069 9.77984 4.3
    endloop
  endfacet
  facet normal 0 0 1
    outer loop
      vertex 39.2 5.95745 4.3
      vertex 38.7069 6.22016 4.3
      vertex 39.0012 6.03979 4.3
    endloop
  endfacet
  facet normal -0 0 1
    outer loop
      vertex 37.9574 8.8 4.3
      vertex 39.2 5.95745 4.3
      vertex 38.4444 9.55563 4.3
    endloop
  endfacet
  facet normal 0 0 1
    outer loop
      vertex 39.2 5.95745 4.3
      vertex 38.4444 6.44436 4.3
      vertex 38.7069 6.22016 4.3
    endloop
  endfacet
  facet normal 0 0 1
    outer loop
      vertex 37.9574 8.8 4.3
      vertex 38.4444 9.55563 4.3
      vertex 38.2202 9.29313 4.3
    endloop
  endfacet
  facet normal -0 0 1
    outer loop
      vertex 37.9574 7.2 4.3
      vertex 39.2 5.95745 4.3
      vertex 37.9574 8.8 4.3
    endloop
  endfacet
  facet normal 0 0 1
    outer loop
      vertex 37.9574 8.8 4.3
      vertex 38.2202 9.29313 4.3
      vertex 38.0398 8.99878 4.3
    endloop
  endfacet
  facet normal 0 0 1
    outer loop
      vertex 39.2 5.95745 4.3
      vertex 37.9574 7.2 4.3
      vertex 38.4444 6.44436 4.3
    endloop
  endfacet
  facet normal 0 0 1
    outer loop
      vertex 38.4444 6.44436 4.3
      vertex 37.9574 7.2 4.3
      vertex 38.2202 6.70687 4.3
    endloop
  endfacet
  facet normal 0 0 1
    outer loop
      vertex 38.2202 6.70687 4.3
      vertex 37.9574 7.2 4.3
      vertex 38.0398 7.00122 4.3
    endloop
  endfacet
  facet normal -0 0 1
    outer loop
      vertex 34.8 8.8 4.3
      vertex 37.9574 7.2 4.3
      vertex 37.9574 8.8 4.3
    endloop
  endfacet
  facet normal 0 0 1
    outer loop
      vertex 37.9574 7.2 4.3
      vertex 34.8 8.8 4.3
      vertex 34.8 7.2 4.3
    endloop
  endfacet
  facet normal 0 0 1
    outer loop
      vertex 24.1729 -15.6558 4.3
      vertex 24.1729 -16.3442 4.3
      vertex 24.2 -16 4.3
    endloop
  endfacet
  facet normal 0 0 1
    outer loop
      vertex 24.0923 -15.3202 4.3
      vertex 24.1729 -16.3442 4.3
      vertex 24.1729 -15.6558 4.3
    endloop
  endfacet
  facet normal 0 0 1
    outer loop
      vertex 24.0923 -15.3202 4.3
      vertex 24.0923 -16.6798 4.3
      vertex 24.1729 -16.3442 4.3
    endloop
  endfacet
  facet normal 0 0 1
    outer loop
      vertex 23.9602 -15.0012 4.3
      vertex 24.0923 -16.6798 4.3
      vertex 24.0923 -15.3202 4.3
    endloop
  endfacet
  facet normal 0 0 1
    outer loop
      vertex 23.9602 -15.0012 4.3
      vertex 23.9602 -16.9988 4.3
      vertex 24.0923 -16.6798 4.3
    endloop
  endfacet
  facet normal 0 0 1
    outer loop
      vertex 23.7798 -14.7069 4.3
      vertex 23.9602 -16.9988 4.3
      vertex 23.9602 -15.0012 4.3
    endloop
  endfacet
  facet normal 0 0 1
    outer loop
      vertex 23.7798 -14.7069 4.3
      vertex 23.7798 -17.2931 4.3
      vertex 23.9602 -16.9988 4.3
    endloop
  endfacet
  facet normal 0 0 1
    outer loop
      vertex 23.5556 -14.4444 4.3
      vertex 23.7798 -17.2931 4.3
      vertex 23.7798 -14.7069 4.3
    endloop
  endfacet
  facet normal 0 0 1
    outer loop
      vertex 23.5556 -14.4444 4.3
      vertex 23.5556 -17.5556 4.3
      vertex 23.7798 -17.2931 4.3
    endloop
  endfacet
  facet normal 0 0 1
    outer loop
      vertex 22.8 -13.9574 4.3
      vertex 23.5556 -14.4444 4.3
      vertex 23.2931 -14.2202 4.3
    endloop
  endfacet
  facet normal 0 0 1
    outer loop
      vertex 23.5556 -14.4444 4.3
      vertex 22.8 -13.9574 4.3
      vertex 23.5556 -17.5556 4.3
    endloop
  endfacet
  facet normal 0 0 1
    outer loop
      vertex 22.8 -13.9574 4.3
      vertex 23.2931 -14.2202 4.3
      vertex 22.9988 -14.0398 4.3
    endloop
  endfacet
  facet normal 0 0 1
    outer loop
      vertex 23.5556 -17.5556 4.3
      vertex 22.8 -13.9574 4.3
      vertex 23.2931 -17.7798 4.3
    endloop
  endfacet
  facet normal 0 0 1
    outer loop
      vertex 23.2931 -17.7798 4.3
      vertex 22.8 -13.9574 4.3
      vertex 22.9988 -17.9602 4.3
    endloop
  endfacet
  facet normal 0 0 1
    outer loop
      vertex 22.8 -13.9574 4.3
      vertex 22.6798 -18.0923 4.3
      vertex 22.9988 -17.9602 4.3
    endloop
  endfacet
  facet normal 0 0 1
    outer loop
      vertex 22.8 7.2 4.3
      vertex 21.2 7.2 4.3
      vertex 22.8 -13.9574 4.3
    endloop
  endfacet
  facet normal 0 0 1
    outer loop
      vertex 21.2 11.9574 4.3
      vertex 22.6798 16.0923 4.3
      vertex 22.3442 16.1729 4.3
    endloop
  endfacet
  facet normal 0 0 1
    outer loop
      vertex 21.2 -13.9574 4.3
      vertex 22.8 -13.9574 4.3
      vertex 21.2 7.2 4.3
    endloop
  endfacet
  facet normal 0 0 1
    outer loop
      vertex 21.2 11.9574 4.3
      vertex 22.3442 16.1729 4.3
      vertex 22 16.2 4.3
    endloop
  endfacet
  facet normal 0 0 1
    outer loop
      vertex 22.8 -13.9574 4.3
      vertex 21.2 -13.9574 4.3
      vertex 22.6798 -18.0923 4.3
    endloop
  endfacet
  facet normal 0 0 1
    outer loop
      vertex 21.2 11.9574 4.3
      vertex 22 16.2 4.3
      vertex 21.6558 16.1729 4.3
    endloop
  endfacet
  facet normal 0 0 1
    outer loop
      vertex 22.6798 -18.0923 4.3
      vertex 21.2 -13.9574 4.3
      vertex 22.3442 -18.1729 4.3
    endloop
  endfacet
  facet normal 0 0 1
    outer loop
      vertex 21.2 11.9574 4.3
      vertex 21.6558 16.1729 4.3
      vertex 21.3202 16.0923 4.3
    endloop
  endfacet
  facet normal 0 0 1
    outer loop
      vertex 22.3442 -18.1729 4.3
      vertex 21.2 -13.9574 4.3
      vertex 22 -18.2 4.3
    endloop
  endfacet
  facet normal 0 0 1
    outer loop
      vertex 22.8 11.9574 4.3
      vertex 21.2 11.9574 4.3
      vertex 21.2 8.8 4.3
    endloop
  endfacet
  facet normal -0 0 1
    outer loop
      vertex 21.0012 15.9602 4.3
      vertex 21.2 11.9574 4.3
      vertex 21.3202 16.0923 4.3
    endloop
  endfacet
  facet normal -0 0 1
    outer loop
      vertex 20.7069 15.7798 4.3
      vertex 21.2 11.9574 4.3
      vertex 21.0012 15.9602 4.3
    endloop
  endfacet
  facet normal -0 0 1
    outer loop
      vertex 20.4444 15.5556 4.3
      vertex 21.2 11.9574 4.3
      vertex 20.7069 15.7798 4.3
    endloop
  endfacet
  facet normal 0 0 1
    outer loop
      vertex 21.2 11.9574 4.3
      vertex 20.7069 12.2202 4.3
      vertex 21.0012 12.0398 4.3
    endloop
  endfacet
  facet normal -0 0 1
    outer loop
      vertex 20.4444 12.4444 4.3
      vertex 21.2 11.9574 4.3
      vertex 20.4444 15.5556 4.3
    endloop
  endfacet
  facet normal 0 0 1
    outer loop
      vertex 21.2 11.9574 4.3
      vertex 20.4444 12.4444 4.3
      vertex 20.7069 12.2202 4.3
    endloop
  endfacet
  facet normal -0 0 1
    outer loop
      vertex 20.2202 15.2931 4.3
      vertex 20.4444 12.4444 4.3
      vertex 20.4444 15.5556 4.3
    endloop
  endfacet
  facet normal 0 0 1
    outer loop
      vertex 20.2202 15.2931 4.3
      vertex 20.2202 12.7069 4.3
      vertex 20.4444 12.4444 4.3
    endloop
  endfacet
  facet normal -0 0 1
    outer loop
      vertex 20.0398 14.9988 4.3
      vertex 20.2202 12.7069 4.3
      vertex 20.2202 15.2931 4.3
    endloop
  endfacet
  facet normal 0 0 1
    outer loop
      vertex 20.0398 14.9988 4.3
      vertex 20.0398 13.0012 4.3
      vertex 20.2202 12.7069 4.3
    endloop
  endfacet
  facet normal -0 0 1
    outer loop
      vertex 19.9077 14.6798 4.3
      vertex 20.0398 13.0012 4.3
      vertex 20.0398 14.9988 4.3
    endloop
  endfacet
  facet normal 0 0 1
    outer loop
      vertex 19.9077 14.6798 4.3
      vertex 19.9077 13.3202 4.3
      vertex 20.0398 13.0012 4.3
    endloop
  endfacet
  facet normal -0 0 1
    outer loop
      vertex 19.8271 14.3442 4.3
      vertex 19.9077 13.3202 4.3
      vertex 19.9077 14.6798 4.3
    endloop
  endfacet
  facet normal 0 0 1
    outer loop
      vertex 19.8271 14.3442 4.3
      vertex 19.8271 13.6558 4.3
      vertex 19.9077 13.3202 4.3
    endloop
  endfacet
  facet normal 0 -0 1
    outer loop
      vertex 19.8271 13.6558 4.3
      vertex 19.8271 14.3442 4.3
      vertex 19.8 14 4.3
    endloop
  endfacet
  facet normal 0 0 1
    outer loop
      vertex -43.8271 -15.6558 4.3
      vertex -43.8271 -16.3442 4.3
      vertex -43.8 -16 4.3
    endloop
  endfacet
  facet normal 0 0 1
    outer loop
      vertex -43.9077 -15.3202 4.3
      vertex -43.8271 -16.3442 4.3
      vertex -43.8271 -15.6558 4.3
    endloop
  endfacet
  facet normal 0 0 1
    outer loop
      vertex -43.9077 -15.3202 4.3
      vertex -43.9077 -16.6798 4.3
      vertex -43.8271 -16.3442 4.3
    endloop
  endfacet
  facet normal 0 0 1
    outer loop
      vertex -44.0398 -15.0012 4.3
      vertex -43.9077 -16.6798 4.3
      vertex -43.9077 -15.3202 4.3
    endloop
  endfacet
  facet normal 0 0 1
    outer loop
      vertex -44.0398 -15.0012 4.3
      vertex -44.0398 -16.9988 4.3
      vertex -43.9077 -16.6798 4.3
    endloop
  endfacet
  facet normal 0 0 1
    outer loop
      vertex -44.2202 -14.7069 4.3
      vertex -44.0398 -16.9988 4.3
      vertex -44.0398 -15.0012 4.3
    endloop
  endfacet
  facet normal 0 0 1
    outer loop
      vertex -44.2202 -14.7069 4.3
      vertex -44.2202 -17.2931 4.3
      vertex -44.0398 -16.9988 4.3
    endloop
  endfacet
  facet normal 0 0 1
    outer loop
      vertex -44.4444 -14.4444 4.3
      vertex -44.2202 -17.2931 4.3
      vertex -44.2202 -14.7069 4.3
    endloop
  endfacet
  facet normal 0 0 1
    outer loop
      vertex -44.4444 -14.4444 4.3
      vertex -44.4444 -17.5556 4.3
      vertex -44.2202 -17.2931 4.3
    endloop
  endfacet
  facet normal 0 0 1
    outer loop
      vertex -45.2 -13.9574 4.3
      vertex -44.4444 -14.4444 4.3
      vertex -44.7069 -14.2202 4.3
    endloop
  endfacet
  facet normal 0 0 1
    outer loop
      vertex -44.4444 -14.4444 4.3
      vertex -45.2 -13.9574 4.3
      vertex -44.4444 -17.5556 4.3
    endloop
  endfacet
  facet normal 0 0 1
    outer loop
      vertex -45.2 -13.9574 4.3
      vertex -44.7069 -14.2202 4.3
      vertex -45.0012 -14.0398 4.3
    endloop
  endfacet
  facet normal 0 0 1
    outer loop
      vertex -44.4444 -17.5556 4.3
      vertex -45.2 -13.9574 4.3
      vertex -44.7069 -17.7798 4.3
    endloop
  endfacet
  facet normal 0 0 1
    outer loop
      vertex -44.7069 -17.7798 4.3
      vertex -45.2 -13.9574 4.3
      vertex -45.0012 -17.9602 4.3
    endloop
  endfacet
  facet normal 0 0 1
    outer loop
      vertex -45.2 -13.9574 4.3
      vertex -45.3202 -18.0923 4.3
      vertex -45.0012 -17.9602 4.3
    endloop
  endfacet
  facet normal 0 0 1
    outer loop
      vertex -45.2 -0.799999 4.3
      vertex -45.3202 -18.0923 4.3
      vertex -45.2 -13.9574 4.3
    endloop
  endfacet
  facet normal 0 0 1
    outer loop
      vertex -47.8369 14.8 4.3
      vertex -45.3202 18.0923 4.3
      vertex -45.6558 18.1729 4.3
    endloop
  endfacet
  facet normal 0 0 1
    outer loop
      vertex -46.8 -0.799999 4.3
      vertex -45.2 -0.799999 4.3
      vertex -46.8 0.799999 4.3
    endloop
  endfacet
  facet normal 0 0 1
    outer loop
      vertex -47.8369 14.8 4.3
      vertex -45.6558 18.1729 4.3
      vertex -46 18.2 4.3
    endloop
  endfacet
  facet normal 0 0 1
    outer loop
      vertex -46.8 -13.9574 4.3
      vertex -45.2 -0.799999 4.3
      vertex -46.8 -0.799999 4.3
    endloop
  endfacet
  facet normal 0 0 1
    outer loop
      vertex -47.8369 14.8 4.3
      vertex -46 18.2 4.3
      vertex -46.3442 18.1729 4.3
    endloop
  endfacet
  facet normal 0 0 1
    outer loop
      vertex -45.2 -0.799999 4.3
      vertex -46.8 -13.9574 4.3
      vertex -45.3202 -18.0923 4.3
    endloop
  endfacet
  facet normal 0 0 1
    outer loop
      vertex -47.8369 14.8 4.3
      vertex -46.3442 18.1729 4.3
      vertex -46.6798 18.0923 4.3
    endloop
  endfacet
  facet normal 0 0 1
    outer loop
      vertex -45.3202 -18.0923 4.3
      vertex -46.8 -13.9574 4.3
      vertex -45.6558 -18.1729 4.3
    endloop
  endfacet
  facet normal 0 0 1
    outer loop
      vertex -45.2 0.799999 4.3
      vertex -46.8 0.799999 4.3
      vertex -45.2 -0.799999 4.3
    endloop
  endfacet
  facet normal 0 0 1
    outer loop
      vertex -47.8369 14.8 4.3
      vertex -46.6798 18.0923 4.3
      vertex -46.9988 17.9602 4.3
    endloop
  endfacet
  facet normal 0 0 1
    outer loop
      vertex -47.8369 14.8 4.3
      vertex -46.9988 17.9602 4.3
      vertex -47.2931 17.7798 4.3
    endloop
  endfacet
  facet normal 0 0 1
    outer loop
      vertex -47.8369 14.8 4.3
      vertex -47.2931 17.7798 4.3
      vertex -47.5556 17.5556 4.3
    endloop
  endfacet
  facet normal 0 0 1
    outer loop
      vertex -47.8369 14.8 4.3
      vertex -47.5556 17.5556 4.3
      vertex -47.7798 17.2931 4.3
    endloop
  endfacet
  facet normal 0 0 1
    outer loop
      vertex -45.3202 18.0923 4.3
      vertex -47.8369 14.8 4.3
      vertex -46.8 13.2 4.3
    endloop
  endfacet
  facet normal 0 0 1
    outer loop
      vertex -57.9574 13.2 4.3
      vertex -47.8369 14.8 4.3
      vertex -57.9574 14.8 4.3
    endloop
  endfacet
  facet normal 0 0 1
    outer loop
      vertex -47.8369 14.8 4.3
      vertex -57.9574 13.2 4.3
      vertex -46.8 13.2 4.3
    endloop
  endfacet
  facet normal 0 0 1
    outer loop
      vertex -58.2202 15.2931 4.3
      vertex -57.9574 14.8 4.3
      vertex -58.0398 14.9988 4.3
    endloop
  endfacet
  facet normal 0 0 1
    outer loop
      vertex -58.4444 15.5556 4.3
      vertex -57.9574 14.8 4.3
      vertex -58.2202 15.2931 4.3
    endloop
  endfacet
  facet normal 0 0 1
    outer loop
      vertex -57.9574 14.8 4.3
      vertex -58.4444 15.5556 4.3
      vertex -57.9574 13.2 4.3
    endloop
  endfacet
  facet normal 0 0 1
    outer loop
      vertex -57.9574 13.2 4.3
      vertex -58.2202 12.7069 4.3
      vertex -58.0398 13.0012 4.3
    endloop
  endfacet
  facet normal 0 0 1
    outer loop
      vertex -58.4444 12.4444 4.3
      vertex -57.9574 13.2 4.3
      vertex -58.4444 15.5556 4.3
    endloop
  endfacet
  facet normal 0 0 1
    outer loop
      vertex -57.9574 13.2 4.3
      vertex -58.4444 12.4444 4.3
      vertex -58.2202 12.7069 4.3
    endloop
  endfacet
  facet normal 0 0 1
    outer loop
      vertex -58.7069 15.7798 4.3
      vertex -58.4444 12.4444 4.3
      vertex -58.4444 15.5556 4.3
    endloop
  endfacet
  facet normal 0 0 1
    outer loop
      vertex -58.7069 15.7798 4.3
      vertex -58.7069 12.2202 4.3
      vertex -58.4444 12.4444 4.3
    endloop
  endfacet
  facet normal 0 0 1
    outer loop
      vertex -59.0012 15.9602 4.3
      vertex -58.7069 12.2202 4.3
      vertex -58.7069 15.7798 4.3
    endloop
  endfacet
  facet normal 0 0 1
    outer loop
      vertex -59.0012 15.9602 4.3
      vertex -59.0012 12.0398 4.3
      vertex -58.7069 12.2202 4.3
    endloop
  endfacet
  facet normal 0 0 1
    outer loop
      vertex -59.3202 16.0923 4.3
      vertex -59.0012 12.0398 4.3
      vertex -59.0012 15.9602 4.3
    endloop
  endfacet
  facet normal 0 0 1
    outer loop
      vertex -59.3202 16.0923 4.3
      vertex -59.3202 11.9077 4.3
      vertex -59.0012 12.0398 4.3
    endloop
  endfacet
  facet normal 0 0 1
    outer loop
      vertex -59.6558 16.1729 4.3
      vertex -59.3202 11.9077 4.3
      vertex -59.3202 16.0923 4.3
    endloop
  endfacet
  facet normal 0 0 1
    outer loop
      vertex -59.6558 16.1729 4.3
      vertex -59.6558 11.8271 4.3
      vertex -59.3202 11.9077 4.3
    endloop
  endfacet
  facet normal 0 0 1
    outer loop
      vertex -60 16.2 4.3
      vertex -59.6558 11.8271 4.3
      vertex -59.6558 16.1729 4.3
    endloop
  endfacet
  facet normal 0 0 1
    outer loop
      vertex -60 16.2 4.3
      vertex -60 11.8 4.3
      vertex -59.6558 11.8271 4.3
    endloop
  endfacet
  facet normal -0 0 1
    outer loop
      vertex -60.3442 16.1729 4.3
      vertex -60 11.8 4.3
      vertex -60 16.2 4.3
    endloop
  endfacet
  facet normal 0 0 1
    outer loop
      vertex -60.3442 16.1729 4.3
      vertex -60.3442 11.8271 4.3
      vertex -60 11.8 4.3
    endloop
  endfacet
  facet normal -0 0 1
    outer loop
      vertex -60.6798 16.0923 4.3
      vertex -60.3442 11.8271 4.3
      vertex -60.3442 16.1729 4.3
    endloop
  endfacet
  facet normal 0 0 1
    outer loop
      vertex -60.6798 16.0923 4.3
      vertex -60.6798 11.9077 4.3
      vertex -60.3442 11.8271 4.3
    endloop
  endfacet
  facet normal -0 0 1
    outer loop
      vertex -60.9988 15.9602 4.3
      vertex -60.6798 11.9077 4.3
      vertex -60.6798 16.0923 4.3
    endloop
  endfacet
  facet normal 0 0 1
    outer loop
      vertex -60.9988 15.9602 4.3
      vertex -60.9988 12.0398 4.3
      vertex -60.6798 11.9077 4.3
    endloop
  endfacet
  facet normal -0 0 1
    outer loop
      vertex -61.2931 15.7798 4.3
      vertex -60.9988 12.0398 4.3
      vertex -60.9988 15.9602 4.3
    endloop
  endfacet
  facet normal 0 0 1
    outer loop
      vertex -61.2931 15.7798 4.3
      vertex -61.2931 12.2202 4.3
      vertex -60.9988 12.0398 4.3
    endloop
  endfacet
  facet normal -0 0 1
    outer loop
      vertex -61.5556 15.5556 4.3
      vertex -61.2931 12.2202 4.3
      vertex -61.2931 15.7798 4.3
    endloop
  endfacet
  facet normal 0 0 1
    outer loop
      vertex -61.5556 15.5556 4.3
      vertex -61.5556 12.4444 4.3
      vertex -61.2931 12.2202 4.3
    endloop
  endfacet
  facet normal -0 0 1
    outer loop
      vertex -61.7798 15.2931 4.3
      vertex -61.5556 12.4444 4.3
      vertex -61.5556 15.5556 4.3
    endloop
  endfacet
  facet normal 0 0 1
    outer loop
      vertex -61.7798 15.2931 4.3
      vertex -61.7798 12.7069 4.3
      vertex -61.5556 12.4444 4.3
    endloop
  endfacet
  facet normal -0 0 1
    outer loop
      vertex -61.9602 14.9988 4.3
      vertex -61.7798 12.7069 4.3
      vertex -61.7798 15.2931 4.3
    endloop
  endfacet
  facet normal 0 0 1
    outer loop
      vertex -61.9602 14.9988 4.3
      vertex -61.9602 13.0012 4.3
      vertex -61.7798 12.7069 4.3
    endloop
  endfacet
  facet normal -0 0 1
    outer loop
      vertex -62.0923 14.6798 4.3
      vertex -61.9602 13.0012 4.3
      vertex -61.9602 14.9988 4.3
    endloop
  endfacet
  facet normal 0 0 1
    outer loop
      vertex -62.0923 14.6798 4.3
      vertex -62.0923 13.3202 4.3
      vertex -61.9602 13.0012 4.3
    endloop
  endfacet
  facet normal -0 0 1
    outer loop
      vertex -62.1729 14.3442 4.3
      vertex -62.0923 13.3202 4.3
      vertex -62.0923 14.6798 4.3
    endloop
  endfacet
  facet normal 0 0 1
    outer loop
      vertex -62.1729 14.3442 4.3
      vertex -62.1729 13.6558 4.3
      vertex -62.0923 13.3202 4.3
    endloop
  endfacet
  facet normal 0 -0 1
    outer loop
      vertex -62.1729 13.6558 4.3
      vertex -62.1729 14.3442 4.3
      vertex -62.2 14 4.3
    endloop
  endfacet
  facet normal -0 0 1
    outer loop
      vertex -47.9602 16.9988 4.3
      vertex -47.8369 14.8 4.3
      vertex -47.7798 17.2931 4.3
    endloop
  endfacet
  facet normal -0 0 1
    outer loop
      vertex -48.0923 16.6798 4.3
      vertex -47.8369 14.8 4.3
      vertex -47.9602 16.9988 4.3
    endloop
  endfacet
  facet normal -0 0 1
    outer loop
      vertex -48.0923 15.3202 4.3
      vertex -47.8369 14.8 4.3
      vertex -48.0923 16.6798 4.3
    endloop
  endfacet
  facet normal 0 0 1
    outer loop
      vertex -47.8369 14.8 4.3
      vertex -48.0923 15.3202 4.3
      vertex -47.9602 15.0012 4.3
    endloop
  endfacet
  facet normal -0 0 1
    outer loop
      vertex -48.1729 16.3442 4.3
      vertex -48.0923 15.3202 4.3
      vertex -48.0923 16.6798 4.3
    endloop
  endfacet
  facet normal 0 0 1
    outer loop
      vertex -48.1729 16.3442 4.3
      vertex -48.1729 15.6558 4.3
      vertex -48.0923 15.3202 4.3
    endloop
  endfacet
  facet normal 0 -0 1
    outer loop
      vertex -48.1729 15.6558 4.3
      vertex -48.1729 16.3442 4.3
      vertex -48.2 16 4.3
    endloop
  endfacet
  facet normal -0 0 1
    outer loop
      vertex -55.9574 0.799999 4.3
      vertex -46.8 -0.799999 4.3
      vertex -46.8 0.799999 4.3
    endloop
  endfacet
  facet normal 0 0 1
    outer loop
      vertex -55.9574 0.799999 4.3
      vertex -55.9574 -0.799999 4.3
      vertex -46.8 -0.799999 4.3
    endloop
  endfacet
  facet normal 0 0 1
    outer loop
      vertex -56.2202 1.29313 4.3
      vertex -55.9574 0.799999 4.3
      vertex -56.0398 0.998778 4.3
    endloop
  endfacet
  facet normal 0 0 1
    outer loop
      vertex -56.4444 1.55563 4.3
      vertex -55.9574 0.799999 4.3
      vertex -56.2202 1.29313 4.3
    endloop
  endfacet
  facet normal 0 0 1
    outer loop
      vertex -55.9574 0.799999 4.3
      vertex -56.4444 1.55563 4.3
      vertex -55.9574 -0.799999 4.3
    endloop
  endfacet
  facet normal 0 0 1
    outer loop
      vertex -55.9574 -0.799999 4.3
      vertex -56.2202 -1.29313 4.3
      vertex -56.0398 -0.998778 4.3
    endloop
  endfacet
  facet normal 0 0 1
    outer loop
      vertex -56.4444 -1.55563 4.3
      vertex -55.9574 -0.799999 4.3
      vertex -56.4444 1.55563 4.3
    endloop
  endfacet
  facet normal 0 0 1
    outer loop
      vertex -55.9574 -0.799999 4.3
      vertex -56.4444 -1.55563 4.3
      vertex -56.2202 -1.29313 4.3
    endloop
  endfacet
  facet normal 0 0 1
    outer loop
      vertex -56.7069 1.77984 4.3
      vertex -56.4444 -1.55563 4.3
      vertex -56.4444 1.55563 4.3
    endloop
  endfacet
  facet normal 0 0 1
    outer loop
      vertex -56.7069 1.77984 4.3
      vertex -56.7069 -1.77984 4.3
      vertex -56.4444 -1.55563 4.3
    endloop
  endfacet
  facet normal 0 0 1
    outer loop
      vertex -57.0012 1.96021 4.3
      vertex -56.7069 -1.77984 4.3
      vertex -56.7069 1.77984 4.3
    endloop
  endfacet
  facet normal 0 0 1
    outer loop
      vertex -57.0012 1.96021 4.3
      vertex -57.0012 -1.96021 4.3
      vertex -56.7069 -1.77984 4.3
    endloop
  endfacet
  facet normal 0 0 1
    outer loop
      vertex -57.3202 2.09232 4.3
      vertex -57.0012 -1.96021 4.3
      vertex -57.0012 1.96021 4.3
    endloop
  endfacet
  facet normal 0 0 1
    outer loop
      vertex -57.3202 2.09232 4.3
      vertex -57.3202 -2.09232 4.3
      vertex -57.0012 -1.96021 4.3
    endloop
  endfacet
  facet normal 0 0 1
    outer loop
      vertex -57.6558 2.17291 4.3
      vertex -57.3202 -2.09232 4.3
      vertex -57.3202 2.09232 4.3
    endloop
  endfacet
  facet normal 0 0 1
    outer loop
      vertex -57.6558 2.17291 4.3
      vertex -57.6558 -2.17291 4.3
      vertex -57.3202 -2.09232 4.3
    endloop
  endfacet
  facet normal 0 0 1
    outer loop
      vertex -58 2.2 4.3
      vertex -57.6558 -2.17291 4.3
      vertex -57.6558 2.17291 4.3
    endloop
  endfacet
  facet normal 0 0 1
    outer loop
      vertex -58 2.2 4.3
      vertex -58 -2.2 4.3
      vertex -57.6558 -2.17291 4.3
    endloop
  endfacet
  facet normal -0 0 1
    outer loop
      vertex -58.3442 2.17291 4.3
      vertex -58 -2.2 4.3
      vertex -58 2.2 4.3
    endloop
  endfacet
  facet normal 0 0 1
    outer loop
      vertex -58.3442 2.17291 4.3
      vertex -58.3442 -2.17291 4.3
      vertex -58 -2.2 4.3
    endloop
  endfacet
  facet normal -0 0 1
    outer loop
      vertex -58.6798 2.09232 4.3
      vertex -58.3442 -2.17291 4.3
      vertex -58.3442 2.17291 4.3
    endloop
  endfacet
  facet normal 0 0 1
    outer loop
      vertex -58.6798 2.09232 4.3
      vertex -58.6798 -2.09232 4.3
      vertex -58.3442 -2.17291 4.3
    endloop
  endfacet
  facet normal -0 0 1
    outer loop
      vertex -58.9988 1.96021 4.3
      vertex -58.6798 -2.09232 4.3
      vertex -58.6798 2.09232 4.3
    endloop
  endfacet
  facet normal 0 0 1
    outer loop
      vertex -58.9988 1.96021 4.3
      vertex -58.9988 -1.96021 4.3
      vertex -58.6798 -2.09232 4.3
    endloop
  endfacet
  facet normal -0 0 1
    outer loop
      vertex -59.2931 1.77984 4.3
      vertex -58.9988 -1.96021 4.3
      vertex -58.9988 1.96021 4.3
    endloop
  endfacet
  facet normal 0 0 1
    outer loop
      vertex -59.2931 1.77984 4.3
      vertex -59.2931 -1.77984 4.3
      vertex -58.9988 -1.96021 4.3
    endloop
  endfacet
  facet normal -0 0 1
    outer loop
      vertex -59.5556 1.55563 4.3
      vertex -59.2931 -1.77984 4.3
      vertex -59.2931 1.77984 4.3
    endloop
  endfacet
  facet normal 0 0 1
    outer loop
      vertex -59.5556 1.55563 4.3
      vertex -59.5556 -1.55563 4.3
      vertex -59.2931 -1.77984 4.3
    endloop
  endfacet
  facet normal -0 0 1
    outer loop
      vertex -59.7798 1.29313 4.3
      vertex -59.5556 -1.55563 4.3
      vertex -59.5556 1.55563 4.3
    endloop
  endfacet
  facet normal 0 0 1
    outer loop
      vertex -59.7798 1.29313 4.3
      vertex -59.7798 -1.29313 4.3
      vertex -59.5556 -1.55563 4.3
    endloop
  endfacet
  facet normal -0 0 1
    outer loop
      vertex -59.9602 0.998778 4.3
      vertex -59.7798 -1.29313 4.3
      vertex -59.7798 1.29313 4.3
    endloop
  endfacet
  facet normal 0 0 1
    outer loop
      vertex -59.9602 0.998778 4.3
      vertex -59.9602 -0.998778 4.3
      vertex -59.7798 -1.29313 4.3
    endloop
  endfacet
  facet normal -0 0 1
    outer loop
      vertex -60.0923 0.679837 4.3
      vertex -59.9602 -0.998778 4.3
      vertex -59.9602 0.998778 4.3
    endloop
  endfacet
  facet normal 0 0 1
    outer loop
      vertex -60.0923 0.679837 4.3
      vertex -60.0923 -0.679837 4.3
      vertex -59.9602 -0.998778 4.3
    endloop
  endfacet
  facet normal -0 0 1
    outer loop
      vertex -60.1729 0.344155 4.3
      vertex -60.0923 -0.679837 4.3
      vertex -60.0923 0.679837 4.3
    endloop
  endfacet
  facet normal 0 0 1
    outer loop
      vertex -60.1729 0.344155 4.3
      vertex -60.1729 -0.344155 4.3
      vertex -60.0923 -0.679837 4.3
    endloop
  endfacet
  facet normal 0 -0 1
    outer loop
      vertex -60.1729 -0.344155 4.3
      vertex -60.1729 0.344155 4.3
      vertex -60.2 0 4.3
    endloop
  endfacet
  facet normal 0 0 1
    outer loop
      vertex -45.6558 -18.1729 4.3
      vertex -46.8 -13.9574 4.3
      vertex -46 -18.2 4.3
    endloop
  endfacet
  facet normal 0 0 1
    outer loop
      vertex -46 -18.2 4.3
      vertex -46.8 -13.9574 4.3
      vertex -46.3442 -18.1729 4.3
    endloop
  endfacet
  facet normal 0 0 1
    outer loop
      vertex -46.3442 -18.1729 4.3
      vertex -46.8 -13.9574 4.3
      vertex -46.6798 -18.0923 4.3
    endloop
  endfacet
  facet normal 0 0 1
    outer loop
      vertex -47.2931 -14.2202 4.3
      vertex -46.8 -13.9574 4.3
      vertex -46.9988 -14.0398 4.3
    endloop
  endfacet
  facet normal 0 0 1
    outer loop
      vertex -46.8 -13.9574 4.3
      vertex -46.9988 -17.9602 4.3
      vertex -46.6798 -18.0923 4.3
    endloop
  endfacet
  facet normal 0 0 1
    outer loop
      vertex -47.5556 -14.4444 4.3
      vertex -46.8 -13.9574 4.3
      vertex -47.2931 -14.2202 4.3
    endloop
  endfacet
  facet normal 0 0 1
    outer loop
      vertex -46.8 -13.9574 4.3
      vertex -47.2931 -17.7798 4.3
      vertex -46.9988 -17.9602 4.3
    endloop
  endfacet
  facet normal 0 0 1
    outer loop
      vertex -46.8 -13.9574 4.3
      vertex -47.5556 -14.4444 4.3
      vertex -47.2931 -17.7798 4.3
    endloop
  endfacet
  facet normal 0 0 1
    outer loop
      vertex -47.5556 -14.4444 4.3
      vertex -47.5556 -17.5556 4.3
      vertex -47.2931 -17.7798 4.3
    endloop
  endfacet
  facet normal 0 0 1
    outer loop
      vertex -48.0426 -15.2 4.3
      vertex -47.5556 -14.4444 4.3
      vertex -47.7798 -14.7069 4.3
    endloop
  endfacet
  facet normal 0 0 1
    outer loop
      vertex -47.5556 -14.4444 4.3
      vertex -48.0426 -15.2 4.3
      vertex -47.5556 -17.5556 4.3
    endloop
  endfacet
  facet normal 0 0 1
    outer loop
      vertex -48.0426 -15.2 4.3
      vertex -47.7798 -14.7069 4.3
      vertex -47.9602 -15.0012 4.3
    endloop
  endfacet
  facet normal -0 0 1
    outer loop
      vertex -48.0426 -16.8 4.3
      vertex -47.5556 -17.5556 4.3
      vertex -48.0426 -15.2 4.3
    endloop
  endfacet
  facet normal 0 0 1
    outer loop
      vertex -47.5556 -17.5556 4.3
      vertex -48.0426 -16.8 4.3
      vertex -47.7798 -17.2931 4.3
    endloop
  endfacet
  facet normal 0 0 1
    outer loop
      vertex -47.7798 -17.2931 4.3
      vertex -48.0426 -16.8 4.3
      vertex -47.9602 -16.9988 4.3
    endloop
  endfacet
  facet normal -0 0 1
    outer loop
      vertex -59.9574 -15.2 4.3
      vertex -48.0426 -16.8 4.3
      vertex -48.0426 -15.2 4.3
    endloop
  endfacet
  facet normal 0 0 1
    outer loop
      vertex -59.9574 -15.2 4.3
      vertex -59.9574 -16.8 4.3
      vertex -48.0426 -16.8 4.3
    endloop
  endfacet
  facet normal 0 0 1
    outer loop
      vertex -60.2202 -14.7069 4.3
      vertex -59.9574 -15.2 4.3
      vertex -60.0398 -15.0012 4.3
    endloop
  endfacet
  facet normal 0 0 1
    outer loop
      vertex -60.4444 -14.4444 4.3
      vertex -59.9574 -15.2 4.3
      vertex -60.2202 -14.7069 4.3
    endloop
  endfacet
  facet normal 0 0 1
    outer loop
      vertex -59.9574 -15.2 4.3
      vertex -60.4444 -14.4444 4.3
      vertex -59.9574 -16.8 4.3
    endloop
  endfacet
  facet normal 0 0 1
    outer loop
      vertex -59.9574 -16.8 4.3
      vertex -60.2202 -17.2931 4.3
      vertex -60.0398 -16.9988 4.3
    endloop
  endfacet
  facet normal 0 0 1
    outer loop
      vertex -60.4444 -17.5556 4.3
      vertex -59.9574 -16.8 4.3
      vertex -60.4444 -14.4444 4.3
    endloop
  endfacet
  facet normal 0 0 1
    outer loop
      vertex -59.9574 -16.8 4.3
      vertex -60.4444 -17.5556 4.3
      vertex -60.2202 -17.2931 4.3
    endloop
  endfacet
  facet normal 0 0 1
    outer loop
      vertex -60.7069 -14.2202 4.3
      vertex -60.4444 -17.5556 4.3
      vertex -60.4444 -14.4444 4.3
    endloop
  endfacet
  facet normal 0 0 1
    outer loop
      vertex -60.7069 -14.2202 4.3
      vertex -60.7069 -17.7798 4.3
      vertex -60.4444 -17.5556 4.3
    endloop
  endfacet
  facet normal 0 0 1
    outer loop
      vertex -61.0012 -14.0398 4.3
      vertex -60.7069 -17.7798 4.3
      vertex -60.7069 -14.2202 4.3
    endloop
  endfacet
  facet normal 0 0 1
    outer loop
      vertex -61.0012 -14.0398 4.3
      vertex -61.0012 -17.9602 4.3
      vertex -60.7069 -17.7798 4.3
    endloop
  endfacet
  facet normal 0 0 1
    outer loop
      vertex -61.3202 -13.9077 4.3
      vertex -61.0012 -17.9602 4.3
      vertex -61.0012 -14.0398 4.3
    endloop
  endfacet
  facet normal 0 0 1
    outer loop
      vertex -61.3202 -13.9077 4.3
      vertex -61.3202 -18.0923 4.3
      vertex -61.0012 -17.9602 4.3
    endloop
  endfacet
  facet normal 0 0 1
    outer loop
      vertex -61.6558 -13.8271 4.3
      vertex -61.3202 -18.0923 4.3
      vertex -61.3202 -13.9077 4.3
    endloop
  endfacet
  facet normal 0 0 1
    outer loop
      vertex -61.6558 -13.8271 4.3
      vertex -61.6558 -18.1729 4.3
      vertex -61.3202 -18.0923 4.3
    endloop
  endfacet
  facet normal 0 0 1
    outer loop
      vertex -62 -13.8 4.3
      vertex -61.6558 -18.1729 4.3
      vertex -61.6558 -13.8271 4.3
    endloop
  endfacet
  facet normal 0 0 1
    outer loop
      vertex -62 -13.8 4.3
      vertex -62 -18.2 4.3
      vertex -61.6558 -18.1729 4.3
    endloop
  endfacet
  facet normal -0 0 1
    outer loop
      vertex -62.3442 -13.8271 4.3
      vertex -62 -18.2 4.3
      vertex -62 -13.8 4.3
    endloop
  endfacet
  facet normal 0 0 1
    outer loop
      vertex -62.3442 -13.8271 4.3
      vertex -62.3442 -18.1729 4.3
      vertex -62 -18.2 4.3
    endloop
  endfacet
  facet normal -0 0 1
    outer loop
      vertex -62.6798 -13.9077 4.3
      vertex -62.3442 -18.1729 4.3
      vertex -62.3442 -13.8271 4.3
    endloop
  endfacet
  facet normal 0 0 1
    outer loop
      vertex -62.6798 -13.9077 4.3
      vertex -62.6798 -18.0923 4.3
      vertex -62.3442 -18.1729 4.3
    endloop
  endfacet
  facet normal -0 0 1
    outer loop
      vertex -62.9988 -14.0398 4.3
      vertex -62.6798 -18.0923 4.3
      vertex -62.6798 -13.9077 4.3
    endloop
  endfacet
  facet normal 0 0 1
    outer loop
      vertex -62.9988 -14.0398 4.3
      vertex -62.9988 -17.9602 4.3
      vertex -62.6798 -18.0923 4.3
    endloop
  endfacet
  facet normal -0 0 1
    outer loop
      vertex -63.2931 -14.2202 4.3
      vertex -62.9988 -17.9602 4.3
      vertex -62.9988 -14.0398 4.3
    endloop
  endfacet
  facet normal 0 0 1
    outer loop
      vertex -63.2931 -14.2202 4.3
      vertex -63.2931 -17.7798 4.3
      vertex -62.9988 -17.9602 4.3
    endloop
  endfacet
  facet normal -0 0 1
    outer loop
      vertex -63.5556 -14.4444 4.3
      vertex -63.2931 -17.7798 4.3
      vertex -63.2931 -14.2202 4.3
    endloop
  endfacet
  facet normal 0 0 1
    outer loop
      vertex -63.5556 -14.4444 4.3
      vertex -63.5556 -17.5556 4.3
      vertex -63.2931 -17.7798 4.3
    endloop
  endfacet
  facet normal -0 0 1
    outer loop
      vertex -63.7798 -14.7069 4.3
      vertex -63.5556 -17.5556 4.3
      vertex -63.5556 -14.4444 4.3
    endloop
  endfacet
  facet normal 0 0 1
    outer loop
      vertex -63.7798 -14.7069 4.3
      vertex -63.7798 -17.2931 4.3
      vertex -63.5556 -17.5556 4.3
    endloop
  endfacet
  facet normal -0 0 1
    outer loop
      vertex -63.9602 -15.0012 4.3
      vertex -63.7798 -17.2931 4.3
      vertex -63.7798 -14.7069 4.3
    endloop
  endfacet
  facet normal 0 0 1
    outer loop
      vertex -63.9602 -15.0012 4.3
      vertex -63.9602 -16.9988 4.3
      vertex -63.7798 -17.2931 4.3
    endloop
  endfacet
  facet normal -0 0 1
    outer loop
      vertex -64.0923 -15.3202 4.3
      vertex -63.9602 -16.9988 4.3
      vertex -63.9602 -15.0012 4.3
    endloop
  endfacet
  facet normal 0 0 1
    outer loop
      vertex -64.0923 -15.3202 4.3
      vertex -64.0923 -16.6798 4.3
      vertex -63.9602 -16.9988 4.3
    endloop
  endfacet
  facet normal -0 0 1
    outer loop
      vertex -64.1729 -15.6558 4.3
      vertex -64.0923 -16.6798 4.3
      vertex -64.0923 -15.3202 4.3
    endloop
  endfacet
  facet normal 0 0 1
    outer loop
      vertex -64.1729 -15.6558 4.3
      vertex -64.1729 -16.3442 4.3
      vertex -64.0923 -16.6798 4.3
    endloop
  endfacet
  facet normal 0 -0 1
    outer loop
      vertex -64.1729 -16.3442 4.3
      vertex -64.1729 -15.6558 4.3
      vertex -64.2 -16 4.3
    endloop
  endfacet
  facet normal -0 0 1
    outer loop
      vertex -45.2 0.799999 4.3
      vertex -30.8 -0.799999 4.3
      vertex -30.8 0.799999 4.3
    endloop
  endfacet
  facet normal 0 0 1
    outer loop
      vertex -30.8 -0.799999 4.3
      vertex -45.2 0.799999 4.3
      vertex -45.2 -0.799999 4.3
    endloop
  endfacet
  facet normal -0 0 1
    outer loop
      vertex -27.9574 -9.2 4.3
      vertex -12.8 -10.8 4.3
      vertex -12.8 -9.2 4.3
    endloop
  endfacet
  facet normal 0 0 1
    outer loop
      vertex -27.9574 -9.2 4.3
      vertex -27.9574 -10.8 4.3
      vertex -12.8 -10.8 4.3
    endloop
  endfacet
  facet normal 0 0 1
    outer loop
      vertex -28.2202 -8.70687 4.3
      vertex -27.9574 -9.2 4.3
      vertex -28.0398 -9.00122 4.3
    endloop
  endfacet
  facet normal 0 0 1
    outer loop
      vertex -28.4444 -8.44436 4.3
      vertex -27.9574 -9.2 4.3
      vertex -28.2202 -8.70687 4.3
    endloop
  endfacet
  facet normal 0 0 1
    outer loop
      vertex -29.2 -7.95745 4.3
      vertex -27.9574 -9.2 4.3
      vertex -28.4444 -8.44436 4.3
    endloop
  endfacet
  facet normal 0 0 1
    outer loop
      vertex -27.9574 -10.8 4.3
      vertex -28.2202 -11.2931 4.3
      vertex -28.0398 -10.9988 4.3
    endloop
  endfacet
  facet normal 0 0 1
    outer loop
      vertex -27.9574 -9.2 4.3
      vertex -29.2 -7.95745 4.3
      vertex -27.9574 -10.8 4.3
    endloop
  endfacet
  facet normal 0 0 1
    outer loop
      vertex -27.9574 -10.8 4.3
      vertex -28.4444 -11.5556 4.3
      vertex -28.2202 -11.2931 4.3
    endloop
  endfacet
  facet normal 0 0 1
    outer loop
      vertex -29.2 -7.95745 4.3
      vertex -28.4444 -8.44436 4.3
      vertex -28.7069 -8.22016 4.3
    endloop
  endfacet
  facet normal 0 0 1
    outer loop
      vertex -27.9574 -10.8 4.3
      vertex -29.2 -7.95745 4.3
      vertex -28.4444 -11.5556 4.3
    endloop
  endfacet
  facet normal 0 0 1
    outer loop
      vertex -29.2 -7.95745 4.3
      vertex -28.7069 -8.22016 4.3
      vertex -29.0012 -8.03979 4.3
    endloop
  endfacet
  facet normal 0 0 1
    outer loop
      vertex -28.4444 -11.5556 4.3
      vertex -29.2 -7.95745 4.3
      vertex -28.7069 -11.7798 4.3
    endloop
  endfacet
  facet normal 0 0 1
    outer loop
      vertex -28.7069 -11.7798 4.3
      vertex -29.2 -7.95745 4.3
      vertex -29.0012 -11.9602 4.3
    endloop
  endfacet
  facet normal 0 0 1
    outer loop
      vertex -29.0012 -11.9602 4.3
      vertex -29.2 -7.95745 4.3
      vertex -29.3202 -12.0923 4.3
    endloop
  endfacet
  facet normal -0 0 1
    outer loop
      vertex -29.2 0.799999 4.3
      vertex -12.8 -0.799999 4.3
      vertex -12.8 0.799999 4.3
    endloop
  endfacet
  facet normal 0 0 1
    outer loop
      vertex -12.8 -0.799999 4.3
      vertex -29.2 0.799999 4.3
      vertex -29.2 -0.799999 4.3
    endloop
  endfacet
  facet normal 0 0 1
    outer loop
      vertex -11.2 -0.799999 4.3
      vertex -12.8 -0.799999 4.3
      vertex -11.2 -9.2 4.3
    endloop
  endfacet
  facet normal 0 0 1
    outer loop
      vertex -12.8 -9.2 4.3
      vertex -11.2 -9.2 4.3
      vertex -12.8 -0.799999 4.3
    endloop
  endfacet
  facet normal 0 0 1
    outer loop
      vertex -12.8 -10.8 4.3
      vertex -11.2 -9.2 4.3
      vertex -12.8 -9.2 4.3
    endloop
  endfacet
  facet normal 0 0 1
    outer loop
      vertex -12.8 -13.9574 4.3
      vertex -11.2 -9.2 4.3
      vertex -12.8 -10.8 4.3
    endloop
  endfacet
  facet normal 0 0 1
    outer loop
      vertex -11.2 -9.2 4.3
      vertex -12.8 -13.9574 4.3
      vertex -12.6798 -18.0923 4.3
    endloop
  endfacet
  facet normal 0 0 1
    outer loop
      vertex -13.2931 -14.2202 4.3
      vertex -12.8 -13.9574 4.3
      vertex -12.9988 -14.0398 4.3
    endloop
  endfacet
  facet normal 0 0 1
    outer loop
      vertex -12.8 -13.9574 4.3
      vertex -12.9988 -17.9602 4.3
      vertex -12.6798 -18.0923 4.3
    endloop
  endfacet
  facet normal 0 0 1
    outer loop
      vertex -13.5556 -14.4444 4.3
      vertex -12.8 -13.9574 4.3
      vertex -13.2931 -14.2202 4.3
    endloop
  endfacet
  facet normal 0 0 1
    outer loop
      vertex -12.8 -13.9574 4.3
      vertex -13.2931 -17.7798 4.3
      vertex -12.9988 -17.9602 4.3
    endloop
  endfacet
  facet normal 0 0 1
    outer loop
      vertex -12.8 -13.9574 4.3
      vertex -13.5556 -14.4444 4.3
      vertex -13.2931 -17.7798 4.3
    endloop
  endfacet
  facet normal 0 0 1
    outer loop
      vertex -13.5556 -14.4444 4.3
      vertex -13.5556 -17.5556 4.3
      vertex -13.2931 -17.7798 4.3
    endloop
  endfacet
  facet normal -0 0 1
    outer loop
      vertex -13.7798 -14.7069 4.3
      vertex -13.5556 -17.5556 4.3
      vertex -13.5556 -14.4444 4.3
    endloop
  endfacet
  facet normal 0 0 1
    outer loop
      vertex -13.7798 -14.7069 4.3
      vertex -13.7798 -17.2931 4.3
      vertex -13.5556 -17.5556 4.3
    endloop
  endfacet
  facet normal -0 0 1
    outer loop
      vertex -13.9602 -15.0012 4.3
      vertex -13.7798 -17.2931 4.3
      vertex -13.7798 -14.7069 4.3
    endloop
  endfacet
  facet normal 0 0 1
    outer loop
      vertex -13.9602 -15.0012 4.3
      vertex -13.9602 -16.9988 4.3
      vertex -13.7798 -17.2931 4.3
    endloop
  endfacet
  facet normal -0 0 1
    outer loop
      vertex -14.0923 -15.3202 4.3
      vertex -13.9602 -16.9988 4.3
      vertex -13.9602 -15.0012 4.3
    endloop
  endfacet
  facet normal 0 0 1
    outer loop
      vertex -14.0923 -15.3202 4.3
      vertex -14.0923 -16.6798 4.3
      vertex -13.9602 -16.9988 4.3
    endloop
  endfacet
  facet normal -0 0 1
    outer loop
      vertex -14.1729 -15.6558 4.3
      vertex -14.0923 -16.6798 4.3
      vertex -14.0923 -15.3202 4.3
    endloop
  endfacet
  facet normal 0 0 1
    outer loop
      vertex -14.1729 -15.6558 4.3
      vertex -14.1729 -16.3442 4.3
      vertex -14.0923 -16.6798 4.3
    endloop
  endfacet
  facet normal 0 -0 1
    outer loop
      vertex -14.1729 -16.3442 4.3
      vertex -14.1729 -15.6558 4.3
      vertex -14.2 -16 4.3
    endloop
  endfacet
  facet normal 0 0 1
    outer loop
      vertex -27.8271 14.3442 4.3
      vertex -27.8271 13.6558 4.3
      vertex -27.8 14 4.3
    endloop
  endfacet
  facet normal 0 0 1
    outer loop
      vertex -27.9077 14.6798 4.3
      vertex -27.8271 13.6558 4.3
      vertex -27.8271 14.3442 4.3
    endloop
  endfacet
  facet normal 0 0 1
    outer loop
      vertex -27.9077 14.6798 4.3
      vertex -27.9077 13.3202 4.3
      vertex -27.8271 13.6558 4.3
    endloop
  endfacet
  facet normal 0 0 1
    outer loop
      vertex -28.1631 15.2 4.3
      vertex -27.9077 14.6798 4.3
      vertex -28.0398 14.9988 4.3
    endloop
  endfacet
  facet normal 0 0 1
    outer loop
      vertex -27.9077 14.6798 4.3
      vertex -28.1631 15.2 4.3
      vertex -27.9077 13.3202 4.3
    endloop
  endfacet
  facet normal 0 0 1
    outer loop
      vertex -27.9077 13.3202 4.3
      vertex -28.1631 15.2 4.3
      vertex -28.0398 13.0012 4.3
    endloop
  endfacet
  facet normal 0 0 1
    outer loop
      vertex -28.0398 13.0012 4.3
      vertex -28.1631 15.2 4.3
      vertex -28.2202 12.7069 4.3
    endloop
  endfacet
  facet normal 0 0 1
    outer loop
      vertex -29.2 -0.799999 4.3
      vertex -30.8 -0.799999 4.3
      vertex -29.2 -7.95745 4.3
    endloop
  endfacet
  facet normal 0 0 1
    outer loop
      vertex -30.8 -7.95745 4.3
      vertex -29.2 -7.95745 4.3
      vertex -30.8 -0.799999 4.3
    endloop
  endfacet
  facet normal 0 0 1
    outer loop
      vertex -29.2 -7.95745 4.3
      vertex -30.8 -7.95745 4.3
      vertex -30.6798 -12.0923 4.3
    endloop
  endfacet
  facet normal 0 0 1
    outer loop
      vertex -31.2931 -8.22016 4.3
      vertex -30.8 -7.95745 4.3
      vertex -30.9988 -8.03979 4.3
    endloop
  endfacet
  facet normal 0 0 1
    outer loop
      vertex -30.8 -7.95745 4.3
      vertex -30.9988 -11.9602 4.3
      vertex -30.6798 -12.0923 4.3
    endloop
  endfacet
  facet normal 0 0 1
    outer loop
      vertex -31.5556 -8.44436 4.3
      vertex -30.8 -7.95745 4.3
      vertex -31.2931 -8.22016 4.3
    endloop
  endfacet
  facet normal 0 0 1
    outer loop
      vertex -30.8 -7.95745 4.3
      vertex -31.2931 -11.7798 4.3
      vertex -30.9988 -11.9602 4.3
    endloop
  endfacet
  facet normal 0 0 1
    outer loop
      vertex -30.8 -7.95745 4.3
      vertex -31.5556 -8.44436 4.3
      vertex -31.2931 -11.7798 4.3
    endloop
  endfacet
  facet normal 0 0 1
    outer loop
      vertex -31.5556 -8.44436 4.3
      vertex -31.5556 -11.5556 4.3
      vertex -31.2931 -11.7798 4.3
    endloop
  endfacet
  facet normal -0 0 1
    outer loop
      vertex -31.7798 -8.70687 4.3
      vertex -31.5556 -11.5556 4.3
      vertex -31.5556 -8.44436 4.3
    endloop
  endfacet
  facet normal 0 0 1
    outer loop
      vertex -31.7798 -8.70687 4.3
      vertex -31.7798 -11.2931 4.3
      vertex -31.5556 -11.5556 4.3
    endloop
  endfacet
  facet normal -0 0 1
    outer loop
      vertex -31.9602 -9.00122 4.3
      vertex -31.7798 -11.2931 4.3
      vertex -31.7798 -8.70687 4.3
    endloop
  endfacet
  facet normal 0 0 1
    outer loop
      vertex -31.9602 -9.00122 4.3
      vertex -31.9602 -10.9988 4.3
      vertex -31.7798 -11.2931 4.3
    endloop
  endfacet
  facet normal -0 0 1
    outer loop
      vertex -32.0923 -9.32016 4.3
      vertex -31.9602 -10.9988 4.3
      vertex -31.9602 -9.00122 4.3
    endloop
  endfacet
  facet normal 0 0 1
    outer loop
      vertex -32.0923 -9.32016 4.3
      vertex -32.0923 -10.6798 4.3
      vertex -31.9602 -10.9988 4.3
    endloop
  endfacet
  facet normal -0 0 1
    outer loop
      vertex -32.1729 -9.65584 4.3
      vertex -32.0923 -10.6798 4.3
      vertex -32.0923 -9.32016 4.3
    endloop
  endfacet
  facet normal 0 0 1
    outer loop
      vertex -32.1729 -9.65584 4.3
      vertex -32.1729 -10.3442 4.3
      vertex -32.0923 -10.6798 4.3
    endloop
  endfacet
  facet normal 0 -0 1
    outer loop
      vertex -32.1729 -10.3442 4.3
      vertex -32.1729 -9.65584 4.3
      vertex -32.2 -10 4.3
    endloop
  endfacet
  facet normal 0 0 1
    outer loop
      vertex -32.0426 14.8 4.3
      vertex -31.8369 15.2 4.3
      vertex -31.9602 14.9988 4.3
    endloop
  endfacet
  facet normal 0 0 1
    outer loop
      vertex -31.8369 15.2 4.3
      vertex -32.0426 14.8 4.3
      vertex -31.7798 12.7069 4.3
    endloop
  endfacet
  facet normal -0 0 1
    outer loop
      vertex -32.0426 13.2 4.3
      vertex -31.7798 12.7069 4.3
      vertex -32.0426 14.8 4.3
    endloop
  endfacet
  facet normal 0 0 1
    outer loop
      vertex -31.7798 12.7069 4.3
      vertex -32.0426 13.2 4.3
      vertex -31.9602 13.0012 4.3
    endloop
  endfacet
  facet normal -0 0 1
    outer loop
      vertex -44.1631 14.8 4.3
      vertex -32.0426 13.2 4.3
      vertex -32.0426 14.8 4.3
    endloop
  endfacet
  facet normal 0 0 1
    outer loop
      vertex -43.9574 16.8 4.3
      vertex -44.4444 17.5556 4.3
      vertex -44.1631 14.8 4.3
    endloop
  endfacet
  facet normal 0 0 1
    outer loop
      vertex -44.7069 17.7798 4.3
      vertex -44.1631 14.8 4.3
      vertex -44.4444 17.5556 4.3
    endloop
  endfacet
  facet normal 0 0 1
    outer loop
      vertex -45.0012 17.9602 4.3
      vertex -44.1631 14.8 4.3
      vertex -44.7069 17.7798 4.3
    endloop
  endfacet
  facet normal 0 0 1
    outer loop
      vertex -44.1631 14.8 4.3
      vertex -45.2 13.2 4.3
      vertex -32.0426 13.2 4.3
    endloop
  endfacet
  facet normal 0 0 1
    outer loop
      vertex -45.3202 18.0923 4.3
      vertex -44.1631 14.8 4.3
      vertex -45.0012 17.9602 4.3
    endloop
  endfacet
  facet normal 0 0 1
    outer loop
      vertex -44.1631 14.8 4.3
      vertex -46.8 13.2 4.3
      vertex -45.2 13.2 4.3
    endloop
  endfacet
  facet normal 0 0 1
    outer loop
      vertex -45.2 13.2 4.3
      vertex -46.8 13.2 4.3
      vertex -45.2 0.799999 4.3
    endloop
  endfacet
  facet normal 0 0 1
    outer loop
      vertex -46.8 0.799999 4.3
      vertex -45.2 0.799999 4.3
      vertex -46.8 13.2 4.3
    endloop
  endfacet
  facet normal 0 0 1
    outer loop
      vertex -46.8 13.2 4.3
      vertex -44.1631 14.8 4.3
      vertex -45.3202 18.0923 4.3
    endloop
  endfacet
  facet normal -0 0 1
    outer loop
      vertex 12.0426 8.8 4.3
      vertex 21.2 7.2 4.3
      vertex 21.2 8.8 4.3
    endloop
  endfacet
  facet normal 0 0 1
    outer loop
      vertex 12.0426 8.8 4.3
      vertex 12.0426 7.2 4.3
      vertex 21.2 7.2 4.3
    endloop
  endfacet
  facet normal 0 0 1
    outer loop
      vertex 11.7798 9.29313 4.3
      vertex 12.0426 8.8 4.3
      vertex 11.9602 8.99878 4.3
    endloop
  endfacet
  facet normal 0 0 1
    outer loop
      vertex 11.5556 9.55563 4.3
      vertex 12.0426 8.8 4.3
      vertex 11.7798 9.29313 4.3
    endloop
  endfacet
  facet normal 0 0 1
    outer loop
      vertex 12.0426 8.8 4.3
      vertex 11.5556 9.55563 4.3
      vertex 12.0426 7.2 4.3
    endloop
  endfacet
  facet normal 0 0 1
    outer loop
      vertex 12.0426 7.2 4.3
      vertex 11.7798 6.70687 4.3
      vertex 11.9602 7.00122 4.3
    endloop
  endfacet
  facet normal 0 0 1
    outer loop
      vertex 11.5556 6.44436 4.3
      vertex 12.0426 7.2 4.3
      vertex 11.5556 9.55563 4.3
    endloop
  endfacet
  facet normal 0 0 1
    outer loop
      vertex 12.0426 7.2 4.3
      vertex 11.5556 6.44436 4.3
      vertex 11.7798 6.70687 4.3
    endloop
  endfacet
  facet normal 0 0 1
    outer loop
      vertex 11.2931 9.77984 4.3
      vertex 11.5556 6.44436 4.3
      vertex 11.5556 9.55563 4.3
    endloop
  endfacet
  facet normal 0 0 1
    outer loop
      vertex 10.8 5.95745 4.3
      vertex 11.5556 6.44436 4.3
      vertex 11.2931 9.77984 4.3
    endloop
  endfacet
  facet normal 0 0 1
    outer loop
      vertex 10.8 5.95745 4.3
      vertex 11.2931 9.77984 4.3
      vertex 10.9988 9.96021 4.3
    endloop
  endfacet
  facet normal 0 0 1
    outer loop
      vertex 11.5556 6.44436 4.3
      vertex 10.8 5.95745 4.3
      vertex 11.2931 6.22016 4.3
    endloop
  endfacet
  facet normal 0 0 1
    outer loop
      vertex 11.2931 6.22016 4.3
      vertex 10.8 5.95745 4.3
      vertex 10.9988 6.03979 4.3
    endloop
  endfacet
  facet normal 0 0 1
    outer loop
      vertex 9.2 5.95745 4.3
      vertex 10.8 5.95745 4.3
      vertex 10.6798 10.0923 4.3
    endloop
  endfacet
  facet normal 0 0 1
    outer loop
      vertex 10.6798 10.0923 4.3
      vertex 10.8 5.95745 4.3
      vertex 10.9988 9.96021 4.3
    endloop
  endfacet
  facet normal 0 0 1
    outer loop
      vertex 22.8 7.2 4.3
      vertex 21.2 8.8 4.3
      vertex 21.2 7.2 4.3
    endloop
  endfacet
  facet normal 0 0 1
    outer loop
      vertex 22 -18.2 4.3
      vertex 21.2 -13.9574 4.3
      vertex 21.6558 -18.1729 4.3
    endloop
  endfacet
  facet normal 0 0 1
    outer loop
      vertex 21.6558 -18.1729 4.3
      vertex 21.2 -13.9574 4.3
      vertex 21.3202 -18.0923 4.3
    endloop
  endfacet
  facet normal 0 0 1
    outer loop
      vertex 20.7069 -14.2202 4.3
      vertex 21.2 -13.9574 4.3
      vertex 21.0012 -14.0398 4.3
    endloop
  endfacet
  facet normal 0 0 1
    outer loop
      vertex 21.2 -13.9574 4.3
      vertex 21.0012 -17.9602 4.3
      vertex 21.3202 -18.0923 4.3
    endloop
  endfacet
  facet normal 0 0 1
    outer loop
      vertex 20.4444 -14.4444 4.3
      vertex 21.2 -13.9574 4.3
      vertex 20.7069 -14.2202 4.3
    endloop
  endfacet
  facet normal 0 0 1
    outer loop
      vertex 21.2 -13.9574 4.3
      vertex 20.7069 -17.7798 4.3
      vertex 21.0012 -17.9602 4.3
    endloop
  endfacet
  facet normal 0 0 1
    outer loop
      vertex 21.2 -13.9574 4.3
      vertex 20.4444 -14.4444 4.3
      vertex 20.7069 -17.7798 4.3
    endloop
  endfacet
  facet normal 0 0 1
    outer loop
      vertex 20.4444 -14.4444 4.3
      vertex 20.4444 -17.5556 4.3
      vertex 20.7069 -17.7798 4.3
    endloop
  endfacet
  facet normal 0 0 1
    outer loop
      vertex 19.9574 -15.2 4.3
      vertex 20.4444 -14.4444 4.3
      vertex 20.2202 -14.7069 4.3
    endloop
  endfacet
  facet normal 0 0 1
    outer loop
      vertex 20.4444 -14.4444 4.3
      vertex 19.9574 -15.2 4.3
      vertex 20.4444 -17.5556 4.3
    endloop
  endfacet
  facet normal 0 0 1
    outer loop
      vertex 19.9574 -15.2 4.3
      vertex 20.2202 -14.7069 4.3
      vertex 20.0398 -15.0012 4.3
    endloop
  endfacet
  facet normal -0 0 1
    outer loop
      vertex 19.9574 -16.8 4.3
      vertex 20.4444 -17.5556 4.3
      vertex 19.9574 -15.2 4.3
    endloop
  endfacet
  facet normal 0 0 1
    outer loop
      vertex 20.4444 -17.5556 4.3
      vertex 19.9574 -16.8 4.3
      vertex 20.2202 -17.2931 4.3
    endloop
  endfacet
  facet normal 0 0 1
    outer loop
      vertex 20.2202 -17.2931 4.3
      vertex 19.9574 -16.8 4.3
      vertex 20.0398 -16.9988 4.3
    endloop
  endfacet
  facet normal -0 0 1
    outer loop
      vertex -9.95745 -15.2 4.3
      vertex 19.9574 -16.8 4.3
      vertex 19.9574 -15.2 4.3
    endloop
  endfacet
  facet normal 0 0 1
    outer loop
      vertex -9.95745 -15.2 4.3
      vertex -9.95745 -16.8 4.3
      vertex 19.9574 -16.8 4.3
    endloop
  endfacet
  facet normal 0 0 1
    outer loop
      vertex -10.2202 -14.7069 4.3
      vertex -9.95745 -15.2 4.3
      vertex -10.0398 -15.0012 4.3
    endloop
  endfacet
  facet normal 0 0 1
    outer loop
      vertex -10.4444 -14.4444 4.3
      vertex -9.95745 -15.2 4.3
      vertex -10.2202 -14.7069 4.3
    endloop
  endfacet
  facet normal 0 0 1
    outer loop
      vertex -11.2 -13.9574 4.3
      vertex -9.95745 -15.2 4.3
      vertex -10.4444 -14.4444 4.3
    endloop
  endfacet
  facet normal 0 0 1
    outer loop
      vertex -9.95745 -16.8 4.3
      vertex -10.2202 -17.2931 4.3
      vertex -10.0398 -16.9988 4.3
    endloop
  endfacet
  facet normal 0 0 1
    outer loop
      vertex -9.95745 -15.2 4.3
      vertex -11.2 -13.9574 4.3
      vertex -9.95745 -16.8 4.3
    endloop
  endfacet
  facet normal 0 0 1
    outer loop
      vertex -9.95745 -16.8 4.3
      vertex -10.4444 -17.5556 4.3
      vertex -10.2202 -17.2931 4.3
    endloop
  endfacet
  facet normal 0 0 1
    outer loop
      vertex -11.2 -13.9574 4.3
      vertex -10.4444 -14.4444 4.3
      vertex -10.7069 -14.2202 4.3
    endloop
  endfacet
  facet normal 0 0 1
    outer loop
      vertex -9.95745 -16.8 4.3
      vertex -11.2 -13.9574 4.3
      vertex -10.4444 -17.5556 4.3
    endloop
  endfacet
  facet normal 0 0 1
    outer loop
      vertex -11.2 -13.9574 4.3
      vertex -10.7069 -14.2202 4.3
      vertex -11.0012 -14.0398 4.3
    endloop
  endfacet
  facet normal 0 0 1
    outer loop
      vertex -10.4444 -17.5556 4.3
      vertex -11.2 -13.9574 4.3
      vertex -10.7069 -17.7798 4.3
    endloop
  endfacet
  facet normal 0 0 1
    outer loop
      vertex -10.7069 -17.7798 4.3
      vertex -11.2 -13.9574 4.3
      vertex -11.0012 -17.9602 4.3
    endloop
  endfacet
  facet normal 0 0 1
    outer loop
      vertex -11.2 -13.9574 4.3
      vertex -11.3202 -18.0923 4.3
      vertex -11.0012 -17.9602 4.3
    endloop
  endfacet
  facet normal 0 0 1
    outer loop
      vertex -11.2 -10.8 4.3
      vertex -11.3202 -18.0923 4.3
      vertex -11.2 -13.9574 4.3
    endloop
  endfacet
  facet normal 0 0 1
    outer loop
      vertex -12.8 13.9574 4.3
      vertex -11.3202 18.0923 4.3
      vertex -11.6558 18.1729 4.3
    endloop
  endfacet
  facet normal 0 0 1
    outer loop
      vertex -12.8 -0.799999 4.3
      vertex -11.2 -0.799999 4.3
      vertex -12.8 0.799999 4.3
    endloop
  endfacet
  facet normal 0 0 1
    outer loop
      vertex -12.8 13.9574 4.3
      vertex -11.6558 18.1729 4.3
      vertex -12 18.2 4.3
    endloop
  endfacet
  facet normal 0 0 1
    outer loop
      vertex -11.2 -9.2 4.3
      vertex -12.6798 -18.0923 4.3
      vertex -11.3202 -18.0923 4.3
    endloop
  endfacet
  facet normal 0 0 1
    outer loop
      vertex -12.8 13.9574 4.3
      vertex -12 18.2 4.3
      vertex -12.3442 18.1729 4.3
    endloop
  endfacet
  facet normal 0 0 1
    outer loop
      vertex -11.3202 -18.0923 4.3
      vertex -12.6798 -18.0923 4.3
      vertex -11.6558 -18.1729 4.3
    endloop
  endfacet
  facet normal 0 0 1
    outer loop
      vertex -12.8 13.9574 4.3
      vertex -12.3442 18.1729 4.3
      vertex -12.6798 18.0923 4.3
    endloop
  endfacet
  facet normal 0 0 1
    outer loop
      vertex -11.6558 -18.1729 4.3
      vertex -12.6798 -18.0923 4.3
      vertex -12 -18.2 4.3
    endloop
  endfacet
  facet normal 0 0 1
    outer loop
      vertex -12 -18.2 4.3
      vertex -12.6798 -18.0923 4.3
      vertex -12.3442 -18.1729 4.3
    endloop
  endfacet
  facet normal -0 0 1
    outer loop
      vertex -12.9988 17.9602 4.3
      vertex -12.8 13.9574 4.3
      vertex -12.6798 18.0923 4.3
    endloop
  endfacet
  facet normal -0 0 1
    outer loop
      vertex -13.2931 17.7798 4.3
      vertex -12.8 13.9574 4.3
      vertex -12.9988 17.9602 4.3
    endloop
  endfacet
  facet normal -0 0 1
    outer loop
      vertex -13.5556 17.5556 4.3
      vertex -12.8 13.9574 4.3
      vertex -13.2931 17.7798 4.3
    endloop
  endfacet
  facet normal 0 0 1
    outer loop
      vertex -12.8 13.9574 4.3
      vertex -13.2931 14.2202 4.3
      vertex -12.9988 14.0398 4.3
    endloop
  endfacet
  facet normal -0 0 1
    outer loop
      vertex -14.0426 16.8 4.3
      vertex -12.8 13.9574 4.3
      vertex -13.5556 17.5556 4.3
    endloop
  endfacet
  facet normal 0 0 1
    outer loop
      vertex -12.8 13.9574 4.3
      vertex -13.5556 14.4444 4.3
      vertex -13.2931 14.2202 4.3
    endloop
  endfacet
  facet normal 0 0 1
    outer loop
      vertex -14.0426 16.8 4.3
      vertex -13.5556 17.5556 4.3
      vertex -13.7798 17.2931 4.3
    endloop
  endfacet
  facet normal -0 0 1
    outer loop
      vertex -14.0426 15.2 4.3
      vertex -12.8 13.9574 4.3
      vertex -14.0426 16.8 4.3
    endloop
  endfacet
  facet normal 0 0 1
    outer loop
      vertex -14.0426 16.8 4.3
      vertex -13.7798 17.2931 4.3
      vertex -13.9602 16.9988 4.3
    endloop
  endfacet
  facet normal 0 0 1
    outer loop
      vertex -12.8 13.9574 4.3
      vertex -14.0426 15.2 4.3
      vertex -13.5556 14.4444 4.3
    endloop
  endfacet
  facet normal 0 0 1
    outer loop
      vertex -13.5556 14.4444 4.3
      vertex -14.0426 15.2 4.3
      vertex -13.7798 14.7069 4.3
    endloop
  endfacet
  facet normal 0 0 1
    outer loop
      vertex -13.7798 14.7069 4.3
      vertex -14.0426 15.2 4.3
      vertex -13.9602 15.0012 4.3
    endloop
  endfacet
  facet normal 0 0 1
    outer loop
      vertex -14.0426 16.8 4.3
      vertex -28.1631 15.2 4.3
      vertex -14.0426 15.2 4.3
    endloop
  endfacet
  facet normal 0 0 1
    outer loop
      vertex -28.1631 15.2 4.3
      vertex -28.4444 12.4444 4.3
      vertex -28.2202 12.7069 4.3
    endloop
  endfacet
  facet normal 0 0 1
    outer loop
      vertex -28.1631 15.2 4.3
      vertex -28.7069 12.2202 4.3
      vertex -28.4444 12.4444 4.3
    endloop
  endfacet
  facet normal 0 0 1
    outer loop
      vertex -29.2 11.9574 4.3
      vertex -28.7069 12.2202 4.3
      vertex -28.1631 15.2 4.3
    endloop
  endfacet
  facet normal 0 0 1
    outer loop
      vertex -28.7069 12.2202 4.3
      vertex -29.2 11.9574 4.3
      vertex -29.0012 12.0398 4.3
    endloop
  endfacet
  facet normal -0 0 1
    outer loop
      vertex -30.8 11.9574 4.3
      vertex -29.2 0.799999 4.3
      vertex -29.2 11.9574 4.3
    endloop
  endfacet
  facet normal 0 0 1
    outer loop
      vertex -30.8 0.799999 4.3
      vertex -29.2 0.799999 4.3
      vertex -30.8 11.9574 4.3
    endloop
  endfacet
  facet normal 0 0 1
    outer loop
      vertex -29.2 0.799999 4.3
      vertex -30.8 0.799999 4.3
      vertex -29.2 -0.799999 4.3
    endloop
  endfacet
  facet normal 0 0 1
    outer loop
      vertex -29.2 -7.95745 4.3
      vertex -30.6798 -12.0923 4.3
      vertex -29.3202 -12.0923 4.3
    endloop
  endfacet
  facet normal 0 0 1
    outer loop
      vertex -29.3202 -12.0923 4.3
      vertex -30.6798 -12.0923 4.3
      vertex -29.6558 -12.1729 4.3
    endloop
  endfacet
  facet normal 0 0 1
    outer loop
      vertex -29.6558 -12.1729 4.3
      vertex -30.6798 -12.0923 4.3
      vertex -30 -12.2 4.3
    endloop
  endfacet
  facet normal 0 0 1
    outer loop
      vertex -30 -12.2 4.3
      vertex -30.6798 -12.0923 4.3
      vertex -30.3442 -12.1729 4.3
    endloop
  endfacet
  facet normal 0 0 1
    outer loop
      vertex -30.8 -0.799999 4.3
      vertex -29.2 -0.799999 4.3
      vertex -30.8 0.799999 4.3
    endloop
  endfacet
  facet normal 0 0 1
    outer loop
      vertex -28.1631 15.2 4.3
      vertex -30.8 11.9574 4.3
      vertex -29.2 11.9574 4.3
    endloop
  endfacet
  facet normal -0 0 1
    outer loop
      vertex -31.5556 12.4444 4.3
      vertex -30.8 11.9574 4.3
      vertex -28.1631 15.2 4.3
    endloop
  endfacet
  facet normal 0 0 1
    outer loop
      vertex -30.8 11.9574 4.3
      vertex -31.2931 12.2202 4.3
      vertex -30.9988 12.0398 4.3
    endloop
  endfacet
  facet normal 0 0 1
    outer loop
      vertex -30.8 11.9574 4.3
      vertex -31.5556 12.4444 4.3
      vertex -31.2931 12.2202 4.3
    endloop
  endfacet
  facet normal 0 0 1
    outer loop
      vertex -28.1631 15.2 4.3
      vertex -31.7798 12.7069 4.3
      vertex -31.5556 12.4444 4.3
    endloop
  endfacet
  facet normal 0 0 1
    outer loop
      vertex -28.1631 15.2 4.3
      vertex -31.8369 15.2 4.3
      vertex -31.7798 12.7069 4.3
    endloop
  endfacet
  facet normal -0 0 1
    outer loop
      vertex -43.9574 16.8 4.3
      vertex -28.1631 15.2 4.3
      vertex -14.0426 16.8 4.3
    endloop
  endfacet
  facet normal 0 0 1
    outer loop
      vertex -28.1631 15.2 4.3
      vertex -43.9574 16.8 4.3
      vertex -31.8369 15.2 4.3
    endloop
  endfacet
  facet normal 0 0 1
    outer loop
      vertex -43.9574 16.8 4.3
      vertex -43.9574 15.2 4.3
      vertex -31.8369 15.2 4.3
    endloop
  endfacet
  facet normal 0 0 1
    outer loop
      vertex -44.2202 17.2931 4.3
      vertex -43.9574 16.8 4.3
      vertex -44.0398 16.9988 4.3
    endloop
  endfacet
  facet normal 0 0 1
    outer loop
      vertex -43.9574 16.8 4.3
      vertex -44.1631 14.8 4.3
      vertex -43.9574 15.2 4.3
    endloop
  endfacet
  facet normal 0 0 1
    outer loop
      vertex -43.9574 15.2 4.3
      vertex -44.1631 14.8 4.3
      vertex -44.0398 15.0012 4.3
    endloop
  endfacet
  facet normal 0 0 1
    outer loop
      vertex -44.4444 17.5556 4.3
      vertex -43.9574 16.8 4.3
      vertex -44.2202 17.2931 4.3
    endloop
  endfacet
  facet normal 0 0 1
    outer loop
      vertex 12.1729 -9.65584 4.3
      vertex 12.1729 -10.3442 4.3
      vertex 12.2 -10 4.3
    endloop
  endfacet
  facet normal 0 0 1
    outer loop
      vertex 12.0923 -9.32016 4.3
      vertex 12.1729 -10.3442 4.3
      vertex 12.1729 -9.65584 4.3
    endloop
  endfacet
  facet normal 0 0 1
    outer loop
      vertex 12.0923 -9.32016 4.3
      vertex 12.0923 -10.6798 4.3
      vertex 12.1729 -10.3442 4.3
    endloop
  endfacet
  facet normal 0 0 1
    outer loop
      vertex 11.9602 -9.00122 4.3
      vertex 12.0923 -10.6798 4.3
      vertex 12.0923 -9.32016 4.3
    endloop
  endfacet
  facet normal 0 0 1
    outer loop
      vertex 11.9602 -9.00122 4.3
      vertex 11.9602 -10.9988 4.3
      vertex 12.0923 -10.6798 4.3
    endloop
  endfacet
  facet normal 0 0 1
    outer loop
      vertex 11.7798 -8.70687 4.3
      vertex 11.9602 -10.9988 4.3
      vertex 11.9602 -9.00122 4.3
    endloop
  endfacet
  facet normal 0 0 1
    outer loop
      vertex 11.7798 -8.70687 4.3
      vertex 11.7798 -11.2931 4.3
      vertex 11.9602 -10.9988 4.3
    endloop
  endfacet
  facet normal 0 0 1
    outer loop
      vertex 11.5556 -8.44436 4.3
      vertex 11.7798 -11.2931 4.3
      vertex 11.7798 -8.70687 4.3
    endloop
  endfacet
  facet normal 0 0 1
    outer loop
      vertex 11.5556 -8.44436 4.3
      vertex 11.5556 -11.5556 4.3
      vertex 11.7798 -11.2931 4.3
    endloop
  endfacet
  facet normal 0 0 1
    outer loop
      vertex 10.8 -7.95745 4.3
      vertex 11.5556 -8.44436 4.3
      vertex 11.2931 -8.22016 4.3
    endloop
  endfacet
  facet normal 0 0 1
    outer loop
      vertex 11.5556 -8.44436 4.3
      vertex 10.8 -7.95745 4.3
      vertex 11.5556 -11.5556 4.3
    endloop
  endfacet
  facet normal 0 0 1
    outer loop
      vertex 10.8 -7.95745 4.3
      vertex 11.2931 -8.22016 4.3
      vertex 10.9988 -8.03979 4.3
    endloop
  endfacet
  facet normal 0 0 1
    outer loop
      vertex 11.5556 -11.5556 4.3
      vertex 10.8 -7.95745 4.3
      vertex 11.2931 -11.7798 4.3
    endloop
  endfacet
  facet normal 0 0 1
    outer loop
      vertex 11.2931 -11.7798 4.3
      vertex 10.8 -7.95745 4.3
      vertex 10.9988 -11.9602 4.3
    endloop
  endfacet
  facet normal 0 0 1
    outer loop
      vertex 10.8 -7.95745 4.3
      vertex 10.6798 -12.0923 4.3
      vertex 10.9988 -11.9602 4.3
    endloop
  endfacet
  facet normal 0 0 1
    outer loop
      vertex 10.8 5.95745 4.3
      vertex 9.2 5.95745 4.3
      vertex 10.8 -7.95745 4.3
    endloop
  endfacet
  facet normal 0 0 1
    outer loop
      vertex 9.2 5.95745 4.3
      vertex 10.6798 10.0923 4.3
      vertex 10.3442 10.1729 4.3
    endloop
  endfacet
  facet normal 0 0 1
    outer loop
      vertex 9.2 -7.95745 4.3
      vertex 10.8 -7.95745 4.3
      vertex 9.2 5.95745 4.3
    endloop
  endfacet
  facet normal 0 0 1
    outer loop
      vertex 9.2 5.95745 4.3
      vertex 10.3442 10.1729 4.3
      vertex 10 10.2 4.3
    endloop
  endfacet
  facet normal 0 0 1
    outer loop
      vertex 10.8 -7.95745 4.3
      vertex 9.2 -7.95745 4.3
      vertex 10.6798 -12.0923 4.3
    endloop
  endfacet
  facet normal 0 0 1
    outer loop
      vertex 9.2 5.95745 4.3
      vertex 10 10.2 4.3
      vertex 9.65584 10.1729 4.3
    endloop
  endfacet
  facet normal 0 0 1
    outer loop
      vertex 10.6798 -12.0923 4.3
      vertex 9.2 -7.95745 4.3
      vertex 10.3442 -12.1729 4.3
    endloop
  endfacet
  facet normal 0 0 1
    outer loop
      vertex 9.2 5.95745 4.3
      vertex 9.65584 10.1729 4.3
      vertex 9.32016 10.0923 4.3
    endloop
  endfacet
  facet normal 0 0 1
    outer loop
      vertex 10.3442 -12.1729 4.3
      vertex 9.2 -7.95745 4.3
      vertex 10 -12.2 4.3
    endloop
  endfacet
  facet normal 0 0 1
    outer loop
      vertex 10 -12.2 4.3
      vertex 9.2 -7.95745 4.3
      vertex 9.65584 -12.1729 4.3
    endloop
  endfacet
  facet normal -0 0 1
    outer loop
      vertex 9.00122 9.96021 4.3
      vertex 9.2 5.95745 4.3
      vertex 9.32016 10.0923 4.3
    endloop
  endfacet
  facet normal -0 0 1
    outer loop
      vertex 8.70687 9.77984 4.3
      vertex 9.2 5.95745 4.3
      vertex 9.00122 9.96021 4.3
    endloop
  endfacet
  facet normal -0 0 1
    outer loop
      vertex 8.44436 9.55563 4.3
      vertex 9.2 5.95745 4.3
      vertex 8.70687 9.77984 4.3
    endloop
  endfacet
  facet normal 0 0 1
    outer loop
      vertex 9.2 5.95745 4.3
      vertex 8.70687 6.22016 4.3
      vertex 9.00122 6.03979 4.3
    endloop
  endfacet
  facet normal -0 0 1
    outer loop
      vertex 8.44436 6.44436 4.3
      vertex 9.2 5.95745 4.3
      vertex 8.44436 9.55563 4.3
    endloop
  endfacet
  facet normal 0 0 1
    outer loop
      vertex 9.2 5.95745 4.3
      vertex 8.44436 6.44436 4.3
      vertex 8.70687 6.22016 4.3
    endloop
  endfacet
  facet normal -0 0 1
    outer loop
      vertex 8.22016 9.29313 4.3
      vertex 8.44436 6.44436 4.3
      vertex 8.44436 9.55563 4.3
    endloop
  endfacet
  facet normal 0 0 1
    outer loop
      vertex 8.22016 9.29313 4.3
      vertex 8.22016 6.70687 4.3
      vertex 8.44436 6.44436 4.3
    endloop
  endfacet
  facet normal -0 0 1
    outer loop
      vertex 8.03979 8.99878 4.3
      vertex 8.22016 6.70687 4.3
      vertex 8.22016 9.29313 4.3
    endloop
  endfacet
  facet normal 0 0 1
    outer loop
      vertex 8.03979 8.99878 4.3
      vertex 8.03979 7.00122 4.3
      vertex 8.22016 6.70687 4.3
    endloop
  endfacet
  facet normal -0 0 1
    outer loop
      vertex 7.90767 8.67984 4.3
      vertex 8.03979 7.00122 4.3
      vertex 8.03979 8.99878 4.3
    endloop
  endfacet
  facet normal 0 0 1
    outer loop
      vertex 7.90767 8.67984 4.3
      vertex 7.90767 7.32016 4.3
      vertex 8.03979 7.00122 4.3
    endloop
  endfacet
  facet normal -0 0 1
    outer loop
      vertex 7.82709 8.34416 4.3
      vertex 7.90767 7.32016 4.3
      vertex 7.90767 8.67984 4.3
    endloop
  endfacet
  facet normal 0 0 1
    outer loop
      vertex 7.82709 8.34416 4.3
      vertex 7.82709 7.65584 4.3
      vertex 7.90767 7.32016 4.3
    endloop
  endfacet
  facet normal 0 -0 1
    outer loop
      vertex 7.82709 7.65584 4.3
      vertex 7.82709 8.34416 4.3
      vertex 7.8 8 4.3
    endloop
  endfacet
  facet normal 0 0 1
    outer loop
      vertex -9.82709 16.3442 4.3
      vertex -9.82709 15.6558 4.3
      vertex -9.8 16 4.3
    endloop
  endfacet
  facet normal 0 0 1
    outer loop
      vertex -9.90767 16.6798 4.3
      vertex -9.82709 15.6558 4.3
      vertex -9.82709 16.3442 4.3
    endloop
  endfacet
  facet normal 0 0 1
    outer loop
      vertex -9.90767 16.6798 4.3
      vertex -9.90767 15.3202 4.3
      vertex -9.82709 15.6558 4.3
    endloop
  endfacet
  facet normal 0 0 1
    outer loop
      vertex -10.0398 16.9988 4.3
      vertex -9.90767 15.3202 4.3
      vertex -9.90767 16.6798 4.3
    endloop
  endfacet
  facet normal 0 0 1
    outer loop
      vertex -10.0398 16.9988 4.3
      vertex -10.0398 15.0012 4.3
      vertex -9.90767 15.3202 4.3
    endloop
  endfacet
  facet normal 0 0 1
    outer loop
      vertex -10.2202 17.2931 4.3
      vertex -10.0398 15.0012 4.3
      vertex -10.0398 16.9988 4.3
    endloop
  endfacet
  facet normal 0 0 1
    outer loop
      vertex -10.2202 17.2931 4.3
      vertex -10.2202 14.7069 4.3
      vertex -10.0398 15.0012 4.3
    endloop
  endfacet
  facet normal 0 0 1
    outer loop
      vertex -10.4444 17.5556 4.3
      vertex -10.2202 14.7069 4.3
      vertex -10.2202 17.2931 4.3
    endloop
  endfacet
  facet normal 0 0 1
    outer loop
      vertex -10.4444 17.5556 4.3
      vertex -10.4444 14.4444 4.3
      vertex -10.2202 14.7069 4.3
    endloop
  endfacet
  facet normal 0 0 1
    outer loop
      vertex -10.7069 17.7798 4.3
      vertex -10.4444 14.4444 4.3
      vertex -10.4444 17.5556 4.3
    endloop
  endfacet
  facet normal 0 0 1
    outer loop
      vertex -11.2 13.9574 4.3
      vertex -10.4444 14.4444 4.3
      vertex -10.7069 17.7798 4.3
    endloop
  endfacet
  facet normal 0 0 1
    outer loop
      vertex -11.2 13.9574 4.3
      vertex -10.7069 17.7798 4.3
      vertex -11.0012 17.9602 4.3
    endloop
  endfacet
  facet normal 0 0 1
    outer loop
      vertex -10.4444 14.4444 4.3
      vertex -11.2 13.9574 4.3
      vertex -10.7069 14.2202 4.3
    endloop
  endfacet
  facet normal 0 0 1
    outer loop
      vertex -10.7069 14.2202 4.3
      vertex -11.2 13.9574 4.3
      vertex -11.0012 14.0398 4.3
    endloop
  endfacet
  facet normal 0 0 1
    outer loop
      vertex -12.8 13.9574 4.3
      vertex -11.2 13.9574 4.3
      vertex -11.3202 18.0923 4.3
    endloop
  endfacet
  facet normal 0 0 1
    outer loop
      vertex -11.2 13.9574 4.3
      vertex -12.8 13.9574 4.3
      vertex -11.2 0.799999 4.3
    endloop
  endfacet
  facet normal 0 0 1
    outer loop
      vertex -12.8 0.799999 4.3
      vertex -11.2 0.799999 4.3
      vertex -12.8 13.9574 4.3
    endloop
  endfacet
  facet normal 0 0 1
    outer loop
      vertex -11.2 0.799999 4.3
      vertex -12.8 0.799999 4.3
      vertex -11.2 -0.799999 4.3
    endloop
  endfacet
  facet normal 0 0 1
    outer loop
      vertex -11.2 -9.2 4.3
      vertex -11.3202 -18.0923 4.3
      vertex -11.2 -10.8 4.3
    endloop
  endfacet
  facet normal 0 0 1
    outer loop
      vertex -11.3202 18.0923 4.3
      vertex -11.2 13.9574 4.3
      vertex -11.0012 17.9602 4.3
    endloop
  endfacet
  facet normal 0 0 1
    outer loop
      vertex -7.2 2.04255 4.3
      vertex -8.8 2.04255 4.3
      vertex -8.67984 -2.09232 4.3
    endloop
  endfacet
  facet normal 0 0 1
    outer loop
      vertex -9.29313 1.77984 4.3
      vertex -8.8 2.04255 4.3
      vertex -8.99878 1.96021 4.3
    endloop
  endfacet
  facet normal 0 0 1
    outer loop
      vertex -8.8 2.04255 4.3
      vertex -8.99878 -1.96021 4.3
      vertex -8.67984 -2.09232 4.3
    endloop
  endfacet
  facet normal 0 0 1
    outer loop
      vertex -9.55563 1.55563 4.3
      vertex -8.8 2.04255 4.3
      vertex -9.29313 1.77984 4.3
    endloop
  endfacet
  facet normal 0 0 1
    outer loop
      vertex -8.8 2.04255 4.3
      vertex -9.29313 -1.77984 4.3
      vertex -8.99878 -1.96021 4.3
    endloop
  endfacet
  facet normal 0 0 1
    outer loop
      vertex -8.8 2.04255 4.3
      vertex -9.55563 1.55563 4.3
      vertex -9.29313 -1.77984 4.3
    endloop
  endfacet
  facet normal 0 0 1
    outer loop
      vertex -9.55563 1.55563 4.3
      vertex -9.55563 -1.55563 4.3
      vertex -9.29313 -1.77984 4.3
    endloop
  endfacet
  facet normal 0 0 1
    outer loop
      vertex -10.0426 0.799999 4.3
      vertex -9.55563 1.55563 4.3
      vertex -9.77984 1.29313 4.3
    endloop
  endfacet
  facet normal 0 0 1
    outer loop
      vertex -9.55563 1.55563 4.3
      vertex -10.0426 0.799999 4.3
      vertex -9.55563 -1.55563 4.3
    endloop
  endfacet
  facet normal 0 0 1
    outer loop
      vertex -10.0426 0.799999 4.3
      vertex -9.77984 1.29313 4.3
      vertex -9.96021 0.998778 4.3
    endloop
  endfacet
  facet normal -0 0 1
    outer loop
      vertex -10.0426 -0.799999 4.3
      vertex -9.55563 -1.55563 4.3
      vertex -10.0426 0.799999 4.3
    endloop
  endfacet
  facet normal 0 0 1
    outer loop
      vertex -9.55563 -1.55563 4.3
      vertex -10.0426 -0.799999 4.3
      vertex -9.77984 -1.29313 4.3
    endloop
  endfacet
  facet normal 0 0 1
    outer loop
      vertex -9.77984 -1.29313 4.3
      vertex -10.0426 -0.799999 4.3
      vertex -9.96021 -0.998778 4.3
    endloop
  endfacet
  facet normal -0 0 1
    outer loop
      vertex -11.2 0.799999 4.3
      vertex -10.0426 -0.799999 4.3
      vertex -10.0426 0.799999 4.3
    endloop
  endfacet
  facet normal 0 0 1
    outer loop
      vertex -10.0426 -0.799999 4.3
      vertex -11.2 0.799999 4.3
      vertex -11.2 -0.799999 4.3
    endloop
  endfacet
  facet normal 0 0 1
    outer loop
      vertex 9.65584 -12.1729 4.3
      vertex 9.2 -7.95745 4.3
      vertex 9.32016 -12.0923 4.3
    endloop
  endfacet
  facet normal 0 0 1
    outer loop
      vertex 8.70687 -8.22016 4.3
      vertex 9.2 -7.95745 4.3
      vertex 9.00122 -8.03979 4.3
    endloop
  endfacet
  facet normal 0 0 1
    outer loop
      vertex 9.2 -7.95745 4.3
      vertex 9.00122 -11.9602 4.3
      vertex 9.32016 -12.0923 4.3
    endloop
  endfacet
  facet normal 0 0 1
    outer loop
      vertex 8.44436 -8.44436 4.3
      vertex 9.2 -7.95745 4.3
      vertex 8.70687 -8.22016 4.3
    endloop
  endfacet
  facet normal 0 0 1
    outer loop
      vertex 9.2 -7.95745 4.3
      vertex 8.70687 -11.7798 4.3
      vertex 9.00122 -11.9602 4.3
    endloop
  endfacet
  facet normal 0 0 1
    outer loop
      vertex 9.2 -7.95745 4.3
      vertex 8.44436 -8.44436 4.3
      vertex 8.70687 -11.7798 4.3
    endloop
  endfacet
  facet normal 0 0 1
    outer loop
      vertex 8.44436 -8.44436 4.3
      vertex 8.44436 -11.5556 4.3
      vertex 8.70687 -11.7798 4.3
    endloop
  endfacet
  facet normal 0 0 1
    outer loop
      vertex 7.95745 -9.2 4.3
      vertex 8.44436 -8.44436 4.3
      vertex 8.22016 -8.70687 4.3
    endloop
  endfacet
  facet normal 0 0 1
    outer loop
      vertex 8.44436 -8.44436 4.3
      vertex 7.95745 -9.2 4.3
      vertex 8.44436 -11.5556 4.3
    endloop
  endfacet
  facet normal 0 0 1
    outer loop
      vertex 7.95745 -9.2 4.3
      vertex 8.22016 -8.70687 4.3
      vertex 8.03979 -9.00122 4.3
    endloop
  endfacet
  facet normal -0 0 1
    outer loop
      vertex 7.95745 -10.8 4.3
      vertex 8.44436 -11.5556 4.3
      vertex 7.95745 -9.2 4.3
    endloop
  endfacet
  facet normal 0 0 1
    outer loop
      vertex 8.44436 -11.5556 4.3
      vertex 7.95745 -10.8 4.3
      vertex 8.22016 -11.2931 4.3
    endloop
  endfacet
  facet normal 0 0 1
    outer loop
      vertex 8.22016 -11.2931 4.3
      vertex 7.95745 -10.8 4.3
      vertex 8.03979 -10.9988 4.3
    endloop
  endfacet
  facet normal -0 0 1
    outer loop
      vertex -11.2 -9.2 4.3
      vertex 7.95745 -10.8 4.3
      vertex 7.95745 -9.2 4.3
    endloop
  endfacet
  facet normal 0 0 1
    outer loop
      vertex 7.95745 -10.8 4.3
      vertex -11.2 -9.2 4.3
      vertex -11.2 -10.8 4.3
    endloop
  endfacet
  facet normal 0 0 1
    outer loop
      vertex -5.82709 0.344155 4.3
      vertex -5.82709 -0.344155 4.3
      vertex -5.8 0 4.3
    endloop
  endfacet
  facet normal 0 0 1
    outer loop
      vertex -5.90767 0.679837 4.3
      vertex -5.82709 -0.344155 4.3
      vertex -5.82709 0.344155 4.3
    endloop
  endfacet
  facet normal 0 0 1
    outer loop
      vertex -5.90767 0.679837 4.3
      vertex -5.90767 -0.679837 4.3
      vertex -5.82709 -0.344155 4.3
    endloop
  endfacet
  facet normal 0 0 1
    outer loop
      vertex -6.03979 0.998778 4.3
      vertex -5.90767 -0.679837 4.3
      vertex -5.90767 0.679837 4.3
    endloop
  endfacet
  facet normal 0 0 1
    outer loop
      vertex -6.03979 0.998778 4.3
      vertex -6.03979 -0.998778 4.3
      vertex -5.90767 -0.679837 4.3
    endloop
  endfacet
  facet normal 0 0 1
    outer loop
      vertex -6.22016 1.29313 4.3
      vertex -6.03979 -0.998778 4.3
      vertex -6.03979 0.998778 4.3
    endloop
  endfacet
  facet normal 0 0 1
    outer loop
      vertex -6.22016 1.29313 4.3
      vertex -6.22016 -1.29313 4.3
      vertex -6.03979 -0.998778 4.3
    endloop
  endfacet
  facet normal 0 0 1
    outer loop
      vertex -6.44436 1.55563 4.3
      vertex -6.22016 -1.29313 4.3
      vertex -6.22016 1.29313 4.3
    endloop
  endfacet
  facet normal 0 0 1
    outer loop
      vertex -6.44436 1.55563 4.3
      vertex -6.44436 -1.55563 4.3
      vertex -6.22016 -1.29313 4.3
    endloop
  endfacet
  facet normal 0 0 1
    outer loop
      vertex -7.2 2.04255 4.3
      vertex -6.44436 1.55563 4.3
      vertex -6.70687 1.77984 4.3
    endloop
  endfacet
  facet normal 0 0 1
    outer loop
      vertex -6.44436 1.55563 4.3
      vertex -7.2 2.04255 4.3
      vertex -6.44436 -1.55563 4.3
    endloop
  endfacet
  facet normal 0 0 1
    outer loop
      vertex -7.2 2.04255 4.3
      vertex -6.70687 1.77984 4.3
      vertex -7.00122 1.96021 4.3
    endloop
  endfacet
  facet normal 0 0 1
    outer loop
      vertex -6.44436 -1.55563 4.3
      vertex -7.2 2.04255 4.3
      vertex -6.70687 -1.77984 4.3
    endloop
  endfacet
  facet normal 0 0 1
    outer loop
      vertex -6.70687 -1.77984 4.3
      vertex -7.2 2.04255 4.3
      vertex -7.00122 -1.96021 4.3
    endloop
  endfacet
  facet normal 0 0 1
    outer loop
      vertex -7.2 2.04255 4.3
      vertex -7.32016 -2.09232 4.3
      vertex -7.00122 -1.96021 4.3
    endloop
  endfacet
  facet normal 0 0 1
    outer loop
      vertex -7.2 15.9574 4.3
      vertex -8.8 15.9574 4.3
      vertex -7.2 2.04255 4.3
    endloop
  endfacet
  facet normal 0 0 1
    outer loop
      vertex -8.8 15.9574 4.3
      vertex -7.32016 20.0923 4.3
      vertex -7.65584 20.1729 4.3
    endloop
  endfacet
  facet normal 0 0 1
    outer loop
      vertex -8.8 2.04255 4.3
      vertex -7.2 2.04255 4.3
      vertex -8.8 15.9574 4.3
    endloop
  endfacet
  facet normal 0 0 1
    outer loop
      vertex -8.8 15.9574 4.3
      vertex -7.65584 20.1729 4.3
      vertex -8 20.2 4.3
    endloop
  endfacet
  facet normal 0 0 1
    outer loop
      vertex -7.2 2.04255 4.3
      vertex -8.67984 -2.09232 4.3
      vertex -7.32016 -2.09232 4.3
    endloop
  endfacet
  facet normal 0 0 1
    outer loop
      vertex -8.8 15.9574 4.3
      vertex -8 20.2 4.3
      vertex -8.34416 20.1729 4.3
    endloop
  endfacet
  facet normal 0 0 1
    outer loop
      vertex -7.32016 -2.09232 4.3
      vertex -8.67984 -2.09232 4.3
      vertex -7.65584 -2.17291 4.3
    endloop
  endfacet
  facet normal 0 0 1
    outer loop
      vertex -8.8 15.9574 4.3
      vertex -8.34416 20.1729 4.3
      vertex -8.67984 20.0923 4.3
    endloop
  endfacet
  facet normal 0 0 1
    outer loop
      vertex -7.65584 -2.17291 4.3
      vertex -8.67984 -2.09232 4.3
      vertex -8 -2.2 4.3
    endloop
  endfacet
  facet normal 0 0 1
    outer loop
      vertex -8 -2.2 4.3
      vertex -8.67984 -2.09232 4.3
      vertex -8.34416 -2.17291 4.3
    endloop
  endfacet
  facet normal -0 0 1
    outer loop
      vertex -8.99878 19.9602 4.3
      vertex -8.8 15.9574 4.3
      vertex -8.67984 20.0923 4.3
    endloop
  endfacet
  facet normal -0 0 1
    outer loop
      vertex -9.29313 19.7798 4.3
      vertex -8.8 15.9574 4.3
      vertex -8.99878 19.9602 4.3
    endloop
  endfacet
  facet normal -0 0 1
    outer loop
      vertex -9.55563 19.5556 4.3
      vertex -8.8 15.9574 4.3
      vertex -9.29313 19.7798 4.3
    endloop
  endfacet
  facet normal 0 0 1
    outer loop
      vertex -8.8 15.9574 4.3
      vertex -9.29313 16.2202 4.3
      vertex -8.99878 16.0398 4.3
    endloop
  endfacet
  facet normal -0 0 1
    outer loop
      vertex -9.55563 16.4444 4.3
      vertex -8.8 15.9574 4.3
      vertex -9.55563 19.5556 4.3
    endloop
  endfacet
  facet normal 0 0 1
    outer loop
      vertex -8.8 15.9574 4.3
      vertex -9.55563 16.4444 4.3
      vertex -9.29313 16.2202 4.3
    endloop
  endfacet
  facet normal -0 0 1
    outer loop
      vertex -9.77984 19.2931 4.3
      vertex -9.55563 16.4444 4.3
      vertex -9.55563 19.5556 4.3
    endloop
  endfacet
  facet normal 0 0 1
    outer loop
      vertex -9.77984 19.2931 4.3
      vertex -9.77984 16.7069 4.3
      vertex -9.55563 16.4444 4.3
    endloop
  endfacet
  facet normal -0 0 1
    outer loop
      vertex -9.96021 18.9988 4.3
      vertex -9.77984 16.7069 4.3
      vertex -9.77984 19.2931 4.3
    endloop
  endfacet
  facet normal 0 0 1
    outer loop
      vertex -9.96021 18.9988 4.3
      vertex -9.96021 17.0012 4.3
      vertex -9.77984 16.7069 4.3
    endloop
  endfacet
  facet normal -0 0 1
    outer loop
      vertex -10.0923 18.6798 4.3
      vertex -9.96021 17.0012 4.3
      vertex -9.96021 18.9988 4.3
    endloop
  endfacet
  facet normal 0 0 1
    outer loop
      vertex -10.0923 18.6798 4.3
      vertex -10.0923 17.3202 4.3
      vertex -9.96021 17.0012 4.3
    endloop
  endfacet
  facet normal -0 0 1
    outer loop
      vertex -10.1729 18.3442 4.3
      vertex -10.0923 17.3202 4.3
      vertex -10.0923 18.6798 4.3
    endloop
  endfacet
  facet normal 0 0 1
    outer loop
      vertex -10.1729 18.3442 4.3
      vertex -10.1729 17.6558 4.3
      vertex -10.0923 17.3202 4.3
    endloop
  endfacet
  facet normal 0 -0 1
    outer loop
      vertex -10.1729 17.6558 4.3
      vertex -10.1729 18.3442 4.3
      vertex -10.2 18 4.3
    endloop
  endfacet
  facet normal 0 0 1
    outer loop
      vertex 36.1729 18.3442 4.3
      vertex 36.1729 17.6558 4.3
      vertex 36.2 18 4.3
    endloop
  endfacet
  facet normal 0 0 1
    outer loop
      vertex 36.0923 18.6798 4.3
      vertex 36.1729 17.6558 4.3
      vertex 36.1729 18.3442 4.3
    endloop
  endfacet
  facet normal 0 0 1
    outer loop
      vertex 36.0923 18.6798 4.3
      vertex 36.0923 17.3202 4.3
      vertex 36.1729 17.6558 4.3
    endloop
  endfacet
  facet normal 0 0 1
    outer loop
      vertex 35.9602 18.9988 4.3
      vertex 36.0923 17.3202 4.3
      vertex 36.0923 18.6798 4.3
    endloop
  endfacet
  facet normal 0 0 1
    outer loop
      vertex 35.9602 18.9988 4.3
      vertex 35.9602 17.0012 4.3
      vertex 36.0923 17.3202 4.3
    endloop
  endfacet
  facet normal 0 0 1
    outer loop
      vertex 35.7798 19.2931 4.3
      vertex 35.9602 17.0012 4.3
      vertex 35.9602 18.9988 4.3
    endloop
  endfacet
  facet normal 0 0 1
    outer loop
      vertex 35.7798 19.2931 4.3
      vertex 35.7798 16.7069 4.3
      vertex 35.9602 17.0012 4.3
    endloop
  endfacet
  facet normal 0 0 1
    outer loop
      vertex 35.5556 19.5556 4.3
      vertex 35.7798 16.7069 4.3
      vertex 35.7798 19.2931 4.3
    endloop
  endfacet
  facet normal 0 0 1
    outer loop
      vertex 35.5556 19.5556 4.3
      vertex 35.5556 16.4444 4.3
      vertex 35.7798 16.7069 4.3
    endloop
  endfacet
  facet normal 0 0 1
    outer loop
      vertex 35.2931 19.7798 4.3
      vertex 35.5556 16.4444 4.3
      vertex 35.5556 19.5556 4.3
    endloop
  endfacet
  facet normal 0 0 1
    outer loop
      vertex 34.8 15.9574 4.3
      vertex 35.5556 16.4444 4.3
      vertex 35.2931 19.7798 4.3
    endloop
  endfacet
  facet normal 0 0 1
    outer loop
      vertex 34.8 15.9574 4.3
      vertex 35.2931 19.7798 4.3
      vertex 34.9988 19.9602 4.3
    endloop
  endfacet
  facet normal 0 0 1
    outer loop
      vertex 35.5556 16.4444 4.3
      vertex 34.8 15.9574 4.3
      vertex 35.2931 16.2202 4.3
    endloop
  endfacet
  facet normal 0 0 1
    outer loop
      vertex 35.2931 16.2202 4.3
      vertex 34.8 15.9574 4.3
      vertex 34.9988 16.0398 4.3
    endloop
  endfacet
  facet normal -0 0 1
    outer loop
      vertex 33.2 15.9574 4.3
      vertex 34.8 14.8 4.3
      vertex 34.8 15.9574 4.3
    endloop
  endfacet
  facet normal 0 0 1
    outer loop
      vertex 33.2 14.8 4.3
      vertex 34.8 14.8 4.3
      vertex 33.2 15.9574 4.3
    endloop
  endfacet
  facet normal 0 0 1
    outer loop
      vertex 34.8 14.8 4.3
      vertex 33.2 14.8 4.3
      vertex 34.8 13.2 4.3
    endloop
  endfacet
  facet normal 0 0 1
    outer loop
      vertex 33.2 13.2 4.3
      vertex 34.8 13.2 4.3
      vertex 33.2 14.8 4.3
    endloop
  endfacet
  facet normal 0 0 1
    outer loop
      vertex 33.2 15.9574 4.3
      vertex 34.8 15.9574 4.3
      vertex 34.6798 20.0923 4.3
    endloop
  endfacet
  facet normal 0 0 1
    outer loop
      vertex 34.6798 20.0923 4.3
      vertex 34.8 15.9574 4.3
      vertex 34.9988 19.9602 4.3
    endloop
  endfacet
  facet normal 0 0 1
    outer loop
      vertex 60.1729 14.3442 4.3
      vertex 60.1729 13.6558 4.3
      vertex 60.2 14 4.3
    endloop
  endfacet
  facet normal 0 0 1
    outer loop
      vertex 60.0923 14.6798 4.3
      vertex 60.1729 13.6558 4.3
      vertex 60.1729 14.3442 4.3
    endloop
  endfacet
  facet normal 0 0 1
    outer loop
      vertex 60.0923 14.6798 4.3
      vertex 60.0923 13.3202 4.3
      vertex 60.1729 13.6558 4.3
    endloop
  endfacet
  facet normal 0 0 1
    outer loop
      vertex 59.9602 14.9988 4.3
      vertex 60.0923 13.3202 4.3
      vertex 60.0923 14.6798 4.3
    endloop
  endfacet
  facet normal 0 0 1
    outer loop
      vertex 59.9602 14.9988 4.3
      vertex 59.9602 13.0012 4.3
      vertex 60.0923 13.3202 4.3
    endloop
  endfacet
  facet normal 0 0 1
    outer loop
      vertex 59.7798 15.2931 4.3
      vertex 59.9602 13.0012 4.3
      vertex 59.9602 14.9988 4.3
    endloop
  endfacet
  facet normal 0 0 1
    outer loop
      vertex 59.7798 15.2931 4.3
      vertex 59.7798 12.7069 4.3
      vertex 59.9602 13.0012 4.3
    endloop
  endfacet
  facet normal 0 0 1
    outer loop
      vertex 59.5556 15.5556 4.3
      vertex 59.7798 12.7069 4.3
      vertex 59.7798 15.2931 4.3
    endloop
  endfacet
  facet normal 0 0 1
    outer loop
      vertex 59.5556 15.5556 4.3
      vertex 59.5556 12.4444 4.3
      vertex 59.7798 12.7069 4.3
    endloop
  endfacet
  facet normal 0 0 1
    outer loop
      vertex 59.2931 15.7798 4.3
      vertex 59.5556 12.4444 4.3
      vertex 59.5556 15.5556 4.3
    endloop
  endfacet
  facet normal 0 0 1
    outer loop
      vertex 59.2931 15.7798 4.3
      vertex 59.2931 12.2202 4.3
      vertex 59.5556 12.4444 4.3
    endloop
  endfacet
  facet normal 0 0 1
    outer loop
      vertex 58.9988 15.9602 4.3
      vertex 59.2931 12.2202 4.3
      vertex 59.2931 15.7798 4.3
    endloop
  endfacet
  facet normal 0 0 1
    outer loop
      vertex 58.9988 15.9602 4.3
      vertex 58.9988 12.0398 4.3
      vertex 59.2931 12.2202 4.3
    endloop
  endfacet
  facet normal 0 0 1
    outer loop
      vertex 58.6798 16.0923 4.3
      vertex 58.9988 12.0398 4.3
      vertex 58.9988 15.9602 4.3
    endloop
  endfacet
  facet normal 0 0 1
    outer loop
      vertex 58.6798 16.0923 4.3
      vertex 58.6798 11.9077 4.3
      vertex 58.9988 12.0398 4.3
    endloop
  endfacet
  facet normal 0 0 1
    outer loop
      vertex 58.3442 16.1729 4.3
      vertex 58.6798 11.9077 4.3
      vertex 58.6798 16.0923 4.3
    endloop
  endfacet
  facet normal 0 0 1
    outer loop
      vertex 58.3442 16.1729 4.3
      vertex 58.3442 11.8271 4.3
      vertex 58.6798 11.9077 4.3
    endloop
  endfacet
  facet normal 0 0 1
    outer loop
      vertex 58 16.2 4.3
      vertex 58.3442 11.8271 4.3
      vertex 58.3442 16.1729 4.3
    endloop
  endfacet
  facet normal 0 0 1
    outer loop
      vertex 58 16.2 4.3
      vertex 58 11.8 4.3
      vertex 58.3442 11.8271 4.3
    endloop
  endfacet
  facet normal -0 0 1
    outer loop
      vertex 57.6558 16.1729 4.3
      vertex 58 11.8 4.3
      vertex 58 16.2 4.3
    endloop
  endfacet
  facet normal 0 0 1
    outer loop
      vertex 57.6558 16.1729 4.3
      vertex 57.6558 11.8271 4.3
      vertex 58 11.8 4.3
    endloop
  endfacet
  facet normal -0 0 1
    outer loop
      vertex 57.3202 16.0923 4.3
      vertex 57.6558 11.8271 4.3
      vertex 57.6558 16.1729 4.3
    endloop
  endfacet
  facet normal 0 0 1
    outer loop
      vertex 57.3202 16.0923 4.3
      vertex 57.3202 11.9077 4.3
      vertex 57.6558 11.8271 4.3
    endloop
  endfacet
  facet normal -0 0 1
    outer loop
      vertex 57.0012 15.9602 4.3
      vertex 57.3202 11.9077 4.3
      vertex 57.3202 16.0923 4.3
    endloop
  endfacet
  facet normal 0 0 1
    outer loop
      vertex 57.0012 15.9602 4.3
      vertex 57.0012 12.0398 4.3
      vertex 57.3202 11.9077 4.3
    endloop
  endfacet
  facet normal -0 0 1
    outer loop
      vertex 56.7069 15.7798 4.3
      vertex 57.0012 12.0398 4.3
      vertex 57.0012 15.9602 4.3
    endloop
  endfacet
  facet normal 0 0 1
    outer loop
      vertex 56.7069 15.7798 4.3
      vertex 56.7069 12.2202 4.3
      vertex 57.0012 12.0398 4.3
    endloop
  endfacet
  facet normal -0 0 1
    outer loop
      vertex 56.4444 15.5556 4.3
      vertex 56.7069 12.2202 4.3
      vertex 56.7069 15.7798 4.3
    endloop
  endfacet
  facet normal 0 0 1
    outer loop
      vertex 56.4444 15.5556 4.3
      vertex 56.4444 12.4444 4.3
      vertex 56.7069 12.2202 4.3
    endloop
  endfacet
  facet normal 0 0 1
    outer loop
      vertex 55.9574 14.8 4.3
      vertex 56.4444 15.5556 4.3
      vertex 56.2202 15.2931 4.3
    endloop
  endfacet
  facet normal 0 0 1
    outer loop
      vertex 56.4444 15.5556 4.3
      vertex 55.9574 14.8 4.3
      vertex 56.4444 12.4444 4.3
    endloop
  endfacet
  facet normal 0 0 1
    outer loop
      vertex 55.9574 14.8 4.3
      vertex 56.2202 15.2931 4.3
      vertex 56.0398 14.9988 4.3
    endloop
  endfacet
  facet normal -0 0 1
    outer loop
      vertex 55.9574 13.2 4.3
      vertex 56.4444 12.4444 4.3
      vertex 55.9574 14.8 4.3
    endloop
  endfacet
  facet normal 0 0 1
    outer loop
      vertex 56.4444 12.4444 4.3
      vertex 55.9574 13.2 4.3
      vertex 56.2202 12.7069 4.3
    endloop
  endfacet
  facet normal 0 0 1
    outer loop
      vertex 56.2202 12.7069 4.3
      vertex 55.9574 13.2 4.3
      vertex 56.0398 13.0012 4.3
    endloop
  endfacet
  facet normal -0 0 1
    outer loop
      vertex 34.8 14.8 4.3
      vertex 55.9574 13.2 4.3
      vertex 55.9574 14.8 4.3
    endloop
  endfacet
  facet normal 0 0 1
    outer loop
      vertex 55.9574 13.2 4.3
      vertex 34.8 14.8 4.3
      vertex 34.8 13.2 4.3
    endloop
  endfacet
  facet normal -0 0 1
    outer loop
      vertex 36.0426 -1.2 4.3
      vertex 39.2 -2.8 4.3
      vertex 39.2 -1.2 4.3
    endloop
  endfacet
  facet normal 0 0 1
    outer loop
      vertex 36.0426 -1.2 4.3
      vertex 36.0426 -2.8 4.3
      vertex 39.2 -2.8 4.3
    endloop
  endfacet
  facet normal 0 0 1
    outer loop
      vertex 35.7798 -0.706872 4.3
      vertex 36.0426 -1.2 4.3
      vertex 35.9602 -1.00122 4.3
    endloop
  endfacet
  facet normal 0 0 1
    outer loop
      vertex 35.5556 -0.444365 4.3
      vertex 36.0426 -1.2 4.3
      vertex 35.7798 -0.706872 4.3
    endloop
  endfacet
  facet normal 0 0 1
    outer loop
      vertex 34.8 0.0425516 4.3
      vertex 36.0426 -1.2 4.3
      vertex 35.5556 -0.444365 4.3
    endloop
  endfacet
  facet normal 0 0 1
    outer loop
      vertex 36.0426 -2.8 4.3
      vertex 35.7798 -3.29313 4.3
      vertex 35.9602 -2.99878 4.3
    endloop
  endfacet
  facet normal 0 0 1
    outer loop
      vertex 36.0426 -1.2 4.3
      vertex 34.8 0.0425516 4.3
      vertex 36.0426 -2.8 4.3
    endloop
  endfacet
  facet normal 0 0 1
    outer loop
      vertex 36.0426 -2.8 4.3
      vertex 35.5556 -3.55563 4.3
      vertex 35.7798 -3.29313 4.3
    endloop
  endfacet
  facet normal 0 0 1
    outer loop
      vertex 34.8 0.0425516 4.3
      vertex 35.5556 -0.444365 4.3
      vertex 35.2931 -0.220162 4.3
    endloop
  endfacet
  facet normal 0 0 1
    outer loop
      vertex 36.0426 -2.8 4.3
      vertex 34.8 0.0425516 4.3
      vertex 35.5556 -3.55563 4.3
    endloop
  endfacet
  facet normal 0 0 1
    outer loop
      vertex 34.8 0.0425516 4.3
      vertex 35.2931 -0.220162 4.3
      vertex 34.9988 -0.0397854 4.3
    endloop
  endfacet
  facet normal 0 0 1
    outer loop
      vertex 35.5556 -3.55563 4.3
      vertex 34.8 0.0425516 4.3
      vertex 35.2931 -3.77984 4.3
    endloop
  endfacet
  facet normal 0 0 1
    outer loop
      vertex 35.2931 -3.77984 4.3
      vertex 34.8 0.0425516 4.3
      vertex 34.9988 -3.96021 4.3
    endloop
  endfacet
  facet normal 0 0 1
    outer loop
      vertex 34.8 0.0425516 4.3
      vertex 34.6798 -4.09232 4.3
      vertex 34.9988 -3.96021 4.3
    endloop
  endfacet
  facet normal 0 0 1
    outer loop
      vertex 34.8 13.2 4.3
      vertex 33.2 13.2 4.3
      vertex 34.8 8.8 4.3
    endloop
  endfacet
  facet normal 0 0 1
    outer loop
      vertex 33.2 15.9574 4.3
      vertex 34.6798 20.0923 4.3
      vertex 34.3442 20.1729 4.3
    endloop
  endfacet
  facet normal 0 0 1
    outer loop
      vertex 34.8 7.2 4.3
      vertex 33.3202 -4.09232 4.3
      vertex 34.8 0.0425516 4.3
    endloop
  endfacet
  facet normal 0 0 1
    outer loop
      vertex 33.2 15.9574 4.3
      vertex 34.3442 20.1729 4.3
      vertex 34 20.2 4.3
    endloop
  endfacet
  facet normal 0 0 1
    outer loop
      vertex 34.8 0.0425516 4.3
      vertex 33.3202 -4.09232 4.3
      vertex 34.6798 -4.09232 4.3
    endloop
  endfacet
  facet normal 0 0 1
    outer loop
      vertex 33.2 15.9574 4.3
      vertex 34 20.2 4.3
      vertex 33.6558 20.1729 4.3
    endloop
  endfacet
  facet normal 0 0 1
    outer loop
      vertex 34.6798 -4.09232 4.3
      vertex 33.3202 -4.09232 4.3
      vertex 34.3442 -4.17291 4.3
    endloop
  endfacet
  facet normal 0 0 1
    outer loop
      vertex 33.2 15.9574 4.3
      vertex 33.6558 20.1729 4.3
      vertex 33.3202 20.0923 4.3
    endloop
  endfacet
  facet normal 0 0 1
    outer loop
      vertex 34.3442 -4.17291 4.3
      vertex 33.3202 -4.09232 4.3
      vertex 34 -4.2 4.3
    endloop
  endfacet
  facet normal 0 0 1
    outer loop
      vertex 34 -4.2 4.3
      vertex 33.3202 -4.09232 4.3
      vertex 33.6558 -4.17291 4.3
    endloop
  endfacet
  facet normal -0 0 1
    outer loop
      vertex 33.0012 19.9602 4.3
      vertex 33.2 15.9574 4.3
      vertex 33.3202 20.0923 4.3
    endloop
  endfacet
  facet normal -0 0 1
    outer loop
      vertex 32.7069 19.7798 4.3
      vertex 33.2 15.9574 4.3
      vertex 33.0012 19.9602 4.3
    endloop
  endfacet
  facet normal -0 0 1
    outer loop
      vertex 32.4444 19.5556 4.3
      vertex 33.2 15.9574 4.3
      vertex 32.7069 19.7798 4.3
    endloop
  endfacet
  facet normal 0 0 1
    outer loop
      vertex 33.2 15.9574 4.3
      vertex 32.7069 16.2202 4.3
      vertex 33.0012 16.0398 4.3
    endloop
  endfacet
  facet normal -0 0 1
    outer loop
      vertex 31.9574 18.8 4.3
      vertex 33.2 15.9574 4.3
      vertex 32.4444 19.5556 4.3
    endloop
  endfacet
  facet normal 0 0 1
    outer loop
      vertex 33.2 15.9574 4.3
      vertex 32.4444 16.4444 4.3
      vertex 32.7069 16.2202 4.3
    endloop
  endfacet
  facet normal 0 0 1
    outer loop
      vertex 31.9574 18.8 4.3
      vertex 32.4444 19.5556 4.3
      vertex 32.2202 19.2931 4.3
    endloop
  endfacet
  facet normal -0 0 1
    outer loop
      vertex 31.9574 17.2 4.3
      vertex 33.2 15.9574 4.3
      vertex 31.9574 18.8 4.3
    endloop
  endfacet
  facet normal 0 0 1
    outer loop
      vertex 31.9574 18.8 4.3
      vertex 32.2202 19.2931 4.3
      vertex 32.0398 18.9988 4.3
    endloop
  endfacet
  facet normal 0 0 1
    outer loop
      vertex 33.2 15.9574 4.3
      vertex 31.9574 17.2 4.3
      vertex 32.4444 16.4444 4.3
    endloop
  endfacet
  facet normal 0 0 1
    outer loop
      vertex 32.4444 16.4444 4.3
      vertex 31.9574 17.2 4.3
      vertex 32.2202 16.7069 4.3
    endloop
  endfacet
  facet normal 0 0 1
    outer loop
      vertex 32.2202 16.7069 4.3
      vertex 31.9574 17.2 4.3
      vertex 32.0398 17.0012 4.3
    endloop
  endfacet
  facet normal -0 0 1
    outer loop
      vertex -5.95745 18.8 4.3
      vertex 31.9574 17.2 4.3
      vertex 31.9574 18.8 4.3
    endloop
  endfacet
  facet normal 0 0 1
    outer loop
      vertex -5.95745 18.8 4.3
      vertex -5.95745 17.2 4.3
      vertex 31.9574 17.2 4.3
    endloop
  endfacet
  facet normal 0 0 1
    outer loop
      vertex -6.22016 19.2931 4.3
      vertex -5.95745 18.8 4.3
      vertex -6.03979 18.9988 4.3
    endloop
  endfacet
  facet normal 0 0 1
    outer loop
      vertex -6.44436 19.5556 4.3
      vertex -5.95745 18.8 4.3
      vertex -6.22016 19.2931 4.3
    endloop
  endfacet
  facet normal 0 0 1
    outer loop
      vertex -5.95745 18.8 4.3
      vertex -6.44436 19.5556 4.3
      vertex -5.95745 17.2 4.3
    endloop
  endfacet
  facet normal 0 0 1
    outer loop
      vertex -5.95745 17.2 4.3
      vertex -6.22016 16.7069 4.3
      vertex -6.03979 17.0012 4.3
    endloop
  endfacet
  facet normal 0 0 1
    outer loop
      vertex -6.44436 16.4444 4.3
      vertex -5.95745 17.2 4.3
      vertex -6.44436 19.5556 4.3
    endloop
  endfacet
  facet normal 0 0 1
    outer loop
      vertex -5.95745 17.2 4.3
      vertex -6.44436 16.4444 4.3
      vertex -6.22016 16.7069 4.3
    endloop
  endfacet
  facet normal 0 0 1
    outer loop
      vertex -6.70687 19.7798 4.3
      vertex -6.44436 16.4444 4.3
      vertex -6.44436 19.5556 4.3
    endloop
  endfacet
  facet normal 0 0 1
    outer loop
      vertex -7.2 15.9574 4.3
      vertex -6.44436 16.4444 4.3
      vertex -6.70687 19.7798 4.3
    endloop
  endfacet
  facet normal 0 0 1
    outer loop
      vertex -7.2 15.9574 4.3
      vertex -6.70687 19.7798 4.3
      vertex -7.00122 19.9602 4.3
    endloop
  endfacet
  facet normal 0 0 1
    outer loop
      vertex -6.44436 16.4444 4.3
      vertex -7.2 15.9574 4.3
      vertex -6.70687 16.2202 4.3
    endloop
  endfacet
  facet normal 0 0 1
    outer loop
      vertex -6.70687 16.2202 4.3
      vertex -7.2 15.9574 4.3
      vertex -7.00122 16.0398 4.3
    endloop
  endfacet
  facet normal 0 0 1
    outer loop
      vertex -8.8 15.9574 4.3
      vertex -7.2 15.9574 4.3
      vertex -7.32016 20.0923 4.3
    endloop
  endfacet
  facet normal 0 0 1
    outer loop
      vertex -7.32016 20.0923 4.3
      vertex -7.2 15.9574 4.3
      vertex -7.00122 19.9602 4.3
    endloop
  endfacet
  facet normal 0 0 1
    outer loop
      vertex 40.3442 -16.1729 4.3
      vertex 39.2 -11.9574 4.3
      vertex 40 -16.2 4.3
    endloop
  endfacet
  facet normal 0 0 1
    outer loop
      vertex 40 -16.2 4.3
      vertex 39.2 -11.9574 4.3
      vertex 39.6558 -16.1729 4.3
    endloop
  endfacet
  facet normal 0 0 1
    outer loop
      vertex 39.6558 -16.1729 4.3
      vertex 39.2 -11.9574 4.3
      vertex 39.3202 -16.0923 4.3
    endloop
  endfacet
  facet normal 0 0 1
    outer loop
      vertex 38.7069 -12.2202 4.3
      vertex 39.2 -11.9574 4.3
      vertex 39.0012 -12.0398 4.3
    endloop
  endfacet
  facet normal 0 0 1
    outer loop
      vertex 39.2 -11.9574 4.3
      vertex 39.0012 -15.9602 4.3
      vertex 39.3202 -16.0923 4.3
    endloop
  endfacet
  facet normal 0 0 1
    outer loop
      vertex 38.4444 -12.4444 4.3
      vertex 39.2 -11.9574 4.3
      vertex 38.7069 -12.2202 4.3
    endloop
  endfacet
  facet normal 0 0 1
    outer loop
      vertex 39.2 -11.9574 4.3
      vertex 38.7069 -15.7798 4.3
      vertex 39.0012 -15.9602 4.3
    endloop
  endfacet
  facet normal 0 0 1
    outer loop
      vertex 39.2 -11.9574 4.3
      vertex 38.4444 -12.4444 4.3
      vertex 38.7069 -15.7798 4.3
    endloop
  endfacet
  facet normal 0 0 1
    outer loop
      vertex 38.4444 -12.4444 4.3
      vertex 38.4444 -15.5556 4.3
      vertex 38.7069 -15.7798 4.3
    endloop
  endfacet
  facet normal -0 0 1
    outer loop
      vertex 38.2202 -12.7069 4.3
      vertex 38.4444 -15.5556 4.3
      vertex 38.4444 -12.4444 4.3
    endloop
  endfacet
  facet normal 0 0 1
    outer loop
      vertex 38.2202 -12.7069 4.3
      vertex 38.2202 -15.2931 4.3
      vertex 38.4444 -15.5556 4.3
    endloop
  endfacet
  facet normal -0 0 1
    outer loop
      vertex 38.0398 -13.0012 4.3
      vertex 38.2202 -15.2931 4.3
      vertex 38.2202 -12.7069 4.3
    endloop
  endfacet
  facet normal 0 0 1
    outer loop
      vertex 38.0398 -13.0012 4.3
      vertex 38.0398 -14.9988 4.3
      vertex 38.2202 -15.2931 4.3
    endloop
  endfacet
  facet normal -0 0 1
    outer loop
      vertex 37.9077 -13.3202 4.3
      vertex 38.0398 -14.9988 4.3
      vertex 38.0398 -13.0012 4.3
    endloop
  endfacet
  facet normal 0 0 1
    outer loop
      vertex 37.9077 -13.3202 4.3
      vertex 37.9077 -14.6798 4.3
      vertex 38.0398 -14.9988 4.3
    endloop
  endfacet
  facet normal -0 0 1
    outer loop
      vertex 37.8271 -13.6558 4.3
      vertex 37.9077 -14.6798 4.3
      vertex 37.9077 -13.3202 4.3
    endloop
  endfacet
  facet normal 0 0 1
    outer loop
      vertex 37.8271 -13.6558 4.3
      vertex 37.8271 -14.3442 4.3
      vertex 37.9077 -14.6798 4.3
    endloop
  endfacet
  facet normal 0 -0 1
    outer loop
      vertex 37.8271 -14.3442 4.3
      vertex 37.8271 -13.6558 4.3
      vertex 37.8 -14 4.3
    endloop
  endfacet
  facet normal 1 -0 0
    outer loop
      vertex -29.2 -7.95745 4.3
      vertex -29.2 -0.799999 3
      vertex -29.2 -0.799999 4.3
    endloop
  endfacet
  facet normal 1 0 0
    outer loop
      vertex -29.2 -0.799999 3
      vertex -29.2 -7.95745 4.3
      vertex -29.2 -7.95745 3
    endloop
  endfacet
  facet normal 1 -0 0
    outer loop
      vertex -29.2 0.799999 4.3
      vertex -29.2 11.9574 3
      vertex -29.2 11.9574 4.3
    endloop
  endfacet
  facet normal 1 0 0
    outer loop
      vertex -29.2 11.9574 3
      vertex -29.2 0.799999 4.3
      vertex -29.2 0.799999 3
    endloop
  endfacet
  facet normal 0 -1 0
    outer loop
      vertex -57.9574 13.2 3
      vertex -46.8 13.2 4.3
      vertex -57.9574 13.2 4.3
    endloop
  endfacet
  facet normal 0 -1 -0
    outer loop
      vertex -46.8 13.2 4.3
      vertex -57.9574 13.2 3
      vertex -46.8 13.2 3
    endloop
  endfacet
  facet normal 0 -1 0
    outer loop
      vertex -45.2 13.2 3
      vertex -32.0426 13.2 4.3
      vertex -45.2 13.2 4.3
    endloop
  endfacet
  facet normal 0 -1 -0
    outer loop
      vertex -32.0426 13.2 4.3
      vertex -45.2 13.2 3
      vertex -32.0426 13.2 3
    endloop
  endfacet
  facet normal 0 1 -0
    outer loop
      vertex -47.8369 14.8 3
      vertex -57.9574 14.8 4.3
      vertex -47.8369 14.8 4.3
    endloop
  endfacet
  facet normal 0 1 0
    outer loop
      vertex -57.9574 14.8 4.3
      vertex -47.8369 14.8 3
      vertex -57.9574 14.8 3
    endloop
  endfacet
  facet normal 0 1 -0
    outer loop
      vertex -32.0426 14.8 3
      vertex -44.1631 14.8 4.3
      vertex -32.0426 14.8 4.3
    endloop
  endfacet
  facet normal 0 1 0
    outer loop
      vertex -44.1631 14.8 4.3
      vertex -32.0426 14.8 3
      vertex -44.1631 14.8 3
    endloop
  endfacet
  facet normal -1 0 0
    outer loop
      vertex -30.8 -7.95745 3
      vertex -30.8 -0.799999 4.3
      vertex -30.8 -0.799999 3
    endloop
  endfacet
  facet normal -1 -0 0
    outer loop
      vertex -30.8 -0.799999 4.3
      vertex -30.8 -7.95745 3
      vertex -30.8 -7.95745 4.3
    endloop
  endfacet
  facet normal -1 0 0
    outer loop
      vertex -30.8 0.799999 3
      vertex -30.8 11.9574 4.3
      vertex -30.8 11.9574 3
    endloop
  endfacet
  facet normal -1 -0 0
    outer loop
      vertex -30.8 11.9574 4.3
      vertex -30.8 0.799999 3
      vertex -30.8 0.799999 4.3
    endloop
  endfacet
  facet normal 0 -1 0
    outer loop
      vertex -27.9574 -10.8 3
      vertex -12.8 -10.8 4.3
      vertex -27.9574 -10.8 4.3
    endloop
  endfacet
  facet normal 0 -1 -0
    outer loop
      vertex -12.8 -10.8 4.3
      vertex -27.9574 -10.8 3
      vertex -12.8 -10.8 3
    endloop
  endfacet
  facet normal 0 -1 0
    outer loop
      vertex -11.2 -10.8 3
      vertex 7.95745 -10.8 4.3
      vertex -11.2 -10.8 4.3
    endloop
  endfacet
  facet normal 0 -1 -0
    outer loop
      vertex 7.95745 -10.8 4.3
      vertex -11.2 -10.8 3
      vertex 7.95745 -10.8 3
    endloop
  endfacet
  facet normal 1 -0 0
    outer loop
      vertex 10.8 -7.95745 4.3
      vertex 10.8 5.95745 3
      vertex 10.8 5.95745 4.3
    endloop
  endfacet
  facet normal 1 0 0
    outer loop
      vertex 10.8 5.95745 3
      vertex 10.8 -7.95745 4.3
      vertex 10.8 -7.95745 3
    endloop
  endfacet
  facet normal 0 1 -0
    outer loop
      vertex -12.8 -9.2 3
      vertex -27.9574 -9.2 4.3
      vertex -12.8 -9.2 4.3
    endloop
  endfacet
  facet normal 0 1 0
    outer loop
      vertex -27.9574 -9.2 4.3
      vertex -12.8 -9.2 3
      vertex -27.9574 -9.2 3
    endloop
  endfacet
  facet normal 0 1 -0
    outer loop
      vertex 7.95745 -9.2 3
      vertex -11.2 -9.2 4.3
      vertex 7.95745 -9.2 4.3
    endloop
  endfacet
  facet normal 0 1 0
    outer loop
      vertex -11.2 -9.2 4.3
      vertex 7.95745 -9.2 3
      vertex -11.2 -9.2 3
    endloop
  endfacet
  facet normal -1 0 0
    outer loop
      vertex 9.2 -7.95745 3
      vertex 9.2 5.95745 4.3
      vertex 9.2 5.95745 3
    endloop
  endfacet
  facet normal -1 -0 0
    outer loop
      vertex 9.2 5.95745 4.3
      vertex 9.2 -7.95745 3
      vertex 9.2 -7.95745 4.3
    endloop
  endfacet
  facet normal 0 1 -0
    outer loop
      vertex 21.2 8.8 3
      vertex 12.0426 8.8 4.3
      vertex 21.2 8.8 4.3
    endloop
  endfacet
  facet normal 0 1 0
    outer loop
      vertex 12.0426 8.8 4.3
      vertex 21.2 8.8 3
      vertex 12.0426 8.8 3
    endloop
  endfacet
  facet normal 0 1 -0
    outer loop
      vertex 37.9574 8.8 3
      vertex 34.8 8.8 4.3
      vertex 37.9574 8.8 4.3
    endloop
  endfacet
  facet normal 0 1 0
    outer loop
      vertex 34.8 8.8 4.3
      vertex 37.9574 8.8 3
      vertex 34.8 8.8 3
    endloop
  endfacet
  facet normal 0 1 -0
    outer loop
      vertex 33.2 8.8 3
      vertex 22.8 8.8 4.3
      vertex 33.2 8.8 4.3
    endloop
  endfacet
  facet normal 0 1 0
    outer loop
      vertex 22.8 8.8 4.3
      vertex 33.2 8.8 3
      vertex 22.8 8.8 3
    endloop
  endfacet
  facet normal 1 -0 0
    outer loop
      vertex 40.8 -11.9574 4.3
      vertex 40.8 -2.8 3
      vertex 40.8 -2.8 4.3
    endloop
  endfacet
  facet normal 1 0 0
    outer loop
      vertex 40.8 -2.8 3
      vertex 40.8 -11.9574 4.3
      vertex 40.8 -11.9574 3
    endloop
  endfacet
  facet normal 1 -0 0
    outer loop
      vertex 40.8 -1.2 4.3
      vertex 40.8 5.95745 3
      vertex 40.8 5.95745 4.3
    endloop
  endfacet
  facet normal 1 0 0
    outer loop
      vertex 40.8 5.95745 3
      vertex 40.8 -1.2 4.3
      vertex 40.8 -1.2 3
    endloop
  endfacet
  facet normal 0 -1 0
    outer loop
      vertex 12.0426 7.2 3
      vertex 21.2 7.2 4.3
      vertex 12.0426 7.2 4.3
    endloop
  endfacet
  facet normal 0 -1 -0
    outer loop
      vertex 21.2 7.2 4.3
      vertex 12.0426 7.2 3
      vertex 21.2 7.2 3
    endloop
  endfacet
  facet normal 0 -1 0
    outer loop
      vertex 34.8 7.2 3
      vertex 37.9574 7.2 4.3
      vertex 34.8 7.2 4.3
    endloop
  endfacet
  facet normal 0 -1 -0
    outer loop
      vertex 37.9574 7.2 4.3
      vertex 34.8 7.2 3
      vertex 37.9574 7.2 3
    endloop
  endfacet
  facet normal 0 -1 0
    outer loop
      vertex 22.8 7.2 3
      vertex 33.2 7.2 4.3
      vertex 22.8 7.2 4.3
    endloop
  endfacet
  facet normal 0 -1 -0
    outer loop
      vertex 33.2 7.2 4.3
      vertex 22.8 7.2 3
      vertex 33.2 7.2 3
    endloop
  endfacet
  facet normal -1 0 0
    outer loop
      vertex 39.2 -11.9574 3
      vertex 39.2 -2.8 4.3
      vertex 39.2 -2.8 3
    endloop
  endfacet
  facet normal -1 -0 0
    outer loop
      vertex 39.2 -2.8 4.3
      vertex 39.2 -11.9574 3
      vertex 39.2 -11.9574 4.3
    endloop
  endfacet
  facet normal -1 0 0
    outer loop
      vertex 39.2 -1.2 3
      vertex 39.2 5.95745 4.3
      vertex 39.2 5.95745 3
    endloop
  endfacet
  facet normal -1 -0 0
    outer loop
      vertex 39.2 5.95745 4.3
      vertex 39.2 -1.2 3
      vertex 39.2 -1.2 4.3
    endloop
  endfacet
  facet normal 0 -1 0
    outer loop
      vertex 42.0426 -14.8 3
      vertex 59.9574 -14.8 4.3
      vertex 42.0426 -14.8 4.3
    endloop
  endfacet
  facet normal 0 -1 -0
    outer loop
      vertex 59.9574 -14.8 4.3
      vertex 42.0426 -14.8 3
      vertex 59.9574 -14.8 3
    endloop
  endfacet
  facet normal 0 1 -0
    outer loop
      vertex 59.9574 -13.2 3
      vertex 42.0426 -13.2 4.3
      vertex 59.9574 -13.2 4.3
    endloop
  endfacet
  facet normal 0 1 0
    outer loop
      vertex 42.0426 -13.2 4.3
      vertex 59.9574 -13.2 3
      vertex 42.0426 -13.2 3
    endloop
  endfacet
  facet normal -0.0784904 0.996915 0
    outer loop
      vertex -60 16.2 3
      vertex -60.3442 16.1729 4.3
      vertex -60 16.2 4.3
    endloop
  endfacet
  facet normal -0.0784904 0.996915 0
    outer loop
      vertex -60.3442 16.1729 4.3
      vertex -60 16.2 3
      vertex -60.3442 16.1729 3
    endloop
  endfacet
  facet normal 0.760401 -0.649454 0
    outer loop
      vertex -58.4444 12.4444 4.3
      vertex -58.2202 12.7069 3
      vertex -58.2202 12.7069 4.3
    endloop
  endfacet
  facet normal 0.760401 -0.649454 0
    outer loop
      vertex -58.2202 12.7069 3
      vertex -58.4444 12.4444 4.3
      vertex -58.4444 12.4444 3
    endloop
  endfacet
  facet normal 0.649454 0.760401 -0
    outer loop
      vertex -58.4444 15.5556 3
      vertex -58.7069 15.7798 4.3
      vertex -58.4444 15.5556 4.3
    endloop
  endfacet
  facet normal 0.649454 0.760401 0
    outer loop
      vertex -58.7069 15.7798 4.3
      vertex -58.4444 15.5556 3
      vertex -58.7069 15.7798 3
    endloop
  endfacet
  facet normal -0.760401 0.649454 0
    outer loop
      vertex -61.7798 15.2931 3
      vertex -61.5556 15.5556 4.3
      vertex -61.5556 15.5556 3
    endloop
  endfacet
  facet normal -0.760401 0.649454 0
    outer loop
      vertex -61.5556 15.5556 4.3
      vertex -61.7798 15.2931 3
      vertex -61.7798 15.2931 4.3
    endloop
  endfacet
  facet normal -0.52261 0.852572 0
    outer loop
      vertex -60.9988 15.9602 3
      vertex -61.2931 15.7798 4.3
      vertex -60.9988 15.9602 4.3
    endloop
  endfacet
  facet normal -0.52261 0.852572 0
    outer loop
      vertex -61.2931 15.7798 4.3
      vertex -60.9988 15.9602 3
      vertex -61.2931 15.7798 3
    endloop
  endfacet
  facet normal 0.852572 0.52261 0
    outer loop
      vertex -58.0398 14.9988 4.3
      vertex -58.2202 15.2931 3
      vertex -58.2202 15.2931 4.3
    endloop
  endfacet
  facet normal 0.852572 0.52261 0
    outer loop
      vertex -58.2202 15.2931 3
      vertex -58.0398 14.9988 4.3
      vertex -58.0398 14.9988 3
    endloop
  endfacet
  facet normal 0.760401 0.649454 0
    outer loop
      vertex -58.2202 15.2931 4.3
      vertex -58.4444 15.5556 3
      vertex -58.4444 15.5556 4.3
    endloop
  endfacet
  facet normal 0.760401 0.649454 0
    outer loop
      vertex -58.4444 15.5556 3
      vertex -58.2202 15.2931 4.3
      vertex -58.2202 15.2931 3
    endloop
  endfacet
  facet normal 0.382599 0.923914 -0
    outer loop
      vertex -59.0012 15.9602 3
      vertex -59.3202 16.0923 4.3
      vertex -59.0012 15.9602 4.3
    endloop
  endfacet
  facet normal 0.382599 0.923914 0
    outer loop
      vertex -59.3202 16.0923 4.3
      vertex -59.0012 15.9602 3
      vertex -59.3202 16.0923 3
    endloop
  endfacet
  facet normal 0.52261 0.852572 -0
    outer loop
      vertex -58.7069 15.7798 3
      vertex -59.0012 15.9602 4.3
      vertex -58.7069 15.7798 4.3
    endloop
  endfacet
  facet normal 0.52261 0.852572 0
    outer loop
      vertex -59.0012 15.9602 4.3
      vertex -58.7069 15.7798 3
      vertex -59.0012 15.9602 3
    endloop
  endfacet
  facet normal -0.923914 0.382599 0
    outer loop
      vertex -62.0923 14.6798 3
      vertex -61.9602 14.9988 4.3
      vertex -61.9602 14.9988 3
    endloop
  endfacet
  facet normal -0.923914 0.382599 0
    outer loop
      vertex -61.9602 14.9988 4.3
      vertex -62.0923 14.6798 3
      vertex -62.0923 14.6798 4.3
    endloop
  endfacet
  facet normal -0.852572 0.52261 0
    outer loop
      vertex -61.9602 14.9988 3
      vertex -61.7798 15.2931 4.3
      vertex -61.7798 15.2931 3
    endloop
  endfacet
  facet normal -0.852572 0.52261 0
    outer loop
      vertex -61.7798 15.2931 4.3
      vertex -61.9602 14.9988 3
      vertex -61.9602 14.9988 4.3
    endloop
  endfacet
  facet normal -0.996915 0.0784904 0
    outer loop
      vertex -62.2 14 3
      vertex -62.1729 14.3442 4.3
      vertex -62.1729 14.3442 3
    endloop
  endfacet
  facet normal -0.996915 0.0784904 0
    outer loop
      vertex -62.1729 14.3442 4.3
      vertex -62.2 14 3
      vertex -62.2 14 4.3
    endloop
  endfacet
  facet normal -0.649454 0.760401 0
    outer loop
      vertex -61.2931 15.7798 3
      vertex -61.5556 15.5556 4.3
      vertex -61.2931 15.7798 4.3
    endloop
  endfacet
  facet normal -0.649454 0.760401 0
    outer loop
      vertex -61.5556 15.5556 4.3
      vertex -61.2931 15.7798 3
      vertex -61.5556 15.5556 3
    endloop
  endfacet
  facet normal -0.233526 0.97235 0
    outer loop
      vertex -60.3442 16.1729 3
      vertex -60.6798 16.0923 4.3
      vertex -60.3442 16.1729 4.3
    endloop
  endfacet
  facet normal -0.233526 0.97235 0
    outer loop
      vertex -60.6798 16.0923 4.3
      vertex -60.3442 16.1729 3
      vertex -60.6798 16.0923 3
    endloop
  endfacet
  facet normal -0.852572 -0.52261 0
    outer loop
      vertex -61.7798 12.7069 3
      vertex -61.9602 13.0012 4.3
      vertex -61.9602 13.0012 3
    endloop
  endfacet
  facet normal -0.852572 -0.52261 0
    outer loop
      vertex -61.9602 13.0012 4.3
      vertex -61.7798 12.7069 3
      vertex -61.7798 12.7069 4.3
    endloop
  endfacet
  facet normal 0.233526 -0.97235 0
    outer loop
      vertex -59.6558 11.8271 3
      vertex -59.3202 11.9077 4.3
      vertex -59.6558 11.8271 4.3
    endloop
  endfacet
  facet normal 0.233526 -0.97235 0
    outer loop
      vertex -59.3202 11.9077 4.3
      vertex -59.6558 11.8271 3
      vertex -59.3202 11.9077 3
    endloop
  endfacet
  facet normal 0.92379 0.382899 0
    outer loop
      vertex -57.9574 14.8 4.3
      vertex -58.0398 14.9988 3
      vertex -58.0398 14.9988 4.3
    endloop
  endfacet
  facet normal 0.92379 0.382899 0
    outer loop
      vertex -58.0398 14.9988 3
      vertex -57.9574 14.8 4.3
      vertex -57.9574 14.8 3
    endloop
  endfacet
  facet normal 0.233526 0.97235 -0
    outer loop
      vertex -59.3202 16.0923 3
      vertex -59.6558 16.1729 4.3
      vertex -59.3202 16.0923 4.3
    endloop
  endfacet
  facet normal 0.233526 0.97235 0
    outer loop
      vertex -59.6558 16.1729 4.3
      vertex -59.3202 16.0923 3
      vertex -59.6558 16.1729 3
    endloop
  endfacet
  facet normal 0.0784904 0.996915 -0
    outer loop
      vertex -59.6558 16.1729 3
      vertex -60 16.2 4.3
      vertex -59.6558 16.1729 4.3
    endloop
  endfacet
  facet normal 0.0784904 0.996915 0
    outer loop
      vertex -60 16.2 4.3
      vertex -59.6558 16.1729 3
      vertex -60 16.2 3
    endloop
  endfacet
  facet normal -0.996915 -0.0784904 0
    outer loop
      vertex -62.1729 13.6558 3
      vertex -62.2 14 4.3
      vertex -62.2 14 3
    endloop
  endfacet
  facet normal -0.996915 -0.0784904 0
    outer loop
      vertex -62.2 14 4.3
      vertex -62.1729 13.6558 3
      vertex -62.1729 13.6558 4.3
    endloop
  endfacet
  facet normal -0.760401 -0.649454 0
    outer loop
      vertex -61.5556 12.4444 3
      vertex -61.7798 12.7069 4.3
      vertex -61.7798 12.7069 3
    endloop
  endfacet
  facet normal -0.760401 -0.649454 0
    outer loop
      vertex -61.7798 12.7069 4.3
      vertex -61.5556 12.4444 3
      vertex -61.5556 12.4444 4.3
    endloop
  endfacet
  facet normal -0.97235 -0.233526 0
    outer loop
      vertex -62.0923 13.3202 3
      vertex -62.1729 13.6558 4.3
      vertex -62.1729 13.6558 3
    endloop
  endfacet
  facet normal -0.97235 -0.233526 0
    outer loop
      vertex -62.1729 13.6558 4.3
      vertex -62.0923 13.3202 3
      vertex -62.0923 13.3202 4.3
    endloop
  endfacet
  facet normal -0.923914 -0.382599 0
    outer loop
      vertex -61.9602 13.0012 3
      vertex -62.0923 13.3202 4.3
      vertex -62.0923 13.3202 3
    endloop
  endfacet
  facet normal -0.923914 -0.382599 0
    outer loop
      vertex -62.0923 13.3202 4.3
      vertex -61.9602 13.0012 3
      vertex -61.9602 13.0012 4.3
    endloop
  endfacet
  facet normal 0.649454 -0.760401 0
    outer loop
      vertex -58.7069 12.2202 3
      vertex -58.4444 12.4444 4.3
      vertex -58.7069 12.2202 4.3
    endloop
  endfacet
  facet normal 0.649454 -0.760401 0
    outer loop
      vertex -58.4444 12.4444 4.3
      vertex -58.7069 12.2202 3
      vertex -58.4444 12.4444 3
    endloop
  endfacet
  facet normal 0.52261 -0.852572 0
    outer loop
      vertex -59.0012 12.0398 3
      vertex -58.7069 12.2202 4.3
      vertex -59.0012 12.0398 4.3
    endloop
  endfacet
  facet normal 0.52261 -0.852572 0
    outer loop
      vertex -58.7069 12.2202 4.3
      vertex -59.0012 12.0398 3
      vertex -58.7069 12.2202 3
    endloop
  endfacet
  facet normal 0.382599 -0.923914 0
    outer loop
      vertex -59.3202 11.9077 3
      vertex -59.0012 12.0398 4.3
      vertex -59.3202 11.9077 4.3
    endloop
  endfacet
  facet normal 0.382599 -0.923914 0
    outer loop
      vertex -59.0012 12.0398 4.3
      vertex -59.3202 11.9077 3
      vertex -59.0012 12.0398 3
    endloop
  endfacet
  facet normal 0.92379 -0.382899 0
    outer loop
      vertex -58.0398 13.0012 4.3
      vertex -57.9574 13.2 3
      vertex -57.9574 13.2 4.3
    endloop
  endfacet
  facet normal 0.92379 -0.382899 0
    outer loop
      vertex -57.9574 13.2 3
      vertex -58.0398 13.0012 4.3
      vertex -58.0398 13.0012 3
    endloop
  endfacet
  facet normal -0.97235 0.233526 0
    outer loop
      vertex -62.1729 14.3442 3
      vertex -62.0923 14.6798 4.3
      vertex -62.0923 14.6798 3
    endloop
  endfacet
  facet normal -0.97235 0.233526 0
    outer loop
      vertex -62.0923 14.6798 4.3
      vertex -62.1729 14.3442 3
      vertex -62.1729 14.3442 4.3
    endloop
  endfacet
  facet normal -0.382599 0.923914 0
    outer loop
      vertex -60.6798 16.0923 3
      vertex -60.9988 15.9602 4.3
      vertex -60.6798 16.0923 4.3
    endloop
  endfacet
  facet normal -0.382599 0.923914 0
    outer loop
      vertex -60.9988 15.9602 4.3
      vertex -60.6798 16.0923 3
      vertex -60.9988 15.9602 3
    endloop
  endfacet
  facet normal 0.0784904 -0.996915 0
    outer loop
      vertex -60 11.8 3
      vertex -59.6558 11.8271 4.3
      vertex -60 11.8 4.3
    endloop
  endfacet
  facet normal 0.0784904 -0.996915 0
    outer loop
      vertex -59.6558 11.8271 4.3
      vertex -60 11.8 3
      vertex -59.6558 11.8271 3
    endloop
  endfacet
  facet normal -0.382599 -0.923914 0
    outer loop
      vertex -60.9988 12.0398 3
      vertex -60.6798 11.9077 4.3
      vertex -60.9988 12.0398 4.3
    endloop
  endfacet
  facet normal -0.382599 -0.923914 -0
    outer loop
      vertex -60.6798 11.9077 4.3
      vertex -60.9988 12.0398 3
      vertex -60.6798 11.9077 3
    endloop
  endfacet
  facet normal -0.649454 -0.760401 0
    outer loop
      vertex -61.5556 12.4444 3
      vertex -61.2931 12.2202 4.3
      vertex -61.5556 12.4444 4.3
    endloop
  endfacet
  facet normal -0.649454 -0.760401 -0
    outer loop
      vertex -61.2931 12.2202 4.3
      vertex -61.5556 12.4444 3
      vertex -61.2931 12.2202 3
    endloop
  endfacet
  facet normal -0.233526 -0.97235 0
    outer loop
      vertex -60.6798 11.9077 3
      vertex -60.3442 11.8271 4.3
      vertex -60.6798 11.9077 4.3
    endloop
  endfacet
  facet normal -0.233526 -0.97235 -0
    outer loop
      vertex -60.3442 11.8271 4.3
      vertex -60.6798 11.9077 3
      vertex -60.3442 11.8271 3
    endloop
  endfacet
  facet normal -0.52261 -0.852572 0
    outer loop
      vertex -61.2931 12.2202 3
      vertex -60.9988 12.0398 4.3
      vertex -61.2931 12.2202 4.3
    endloop
  endfacet
  facet normal -0.52261 -0.852572 -0
    outer loop
      vertex -60.9988 12.0398 4.3
      vertex -61.2931 12.2202 3
      vertex -60.9988 12.0398 3
    endloop
  endfacet
  facet normal 0.852572 -0.52261 0
    outer loop
      vertex -58.2202 12.7069 4.3
      vertex -58.0398 13.0012 3
      vertex -58.0398 13.0012 4.3
    endloop
  endfacet
  facet normal 0.852572 -0.52261 0
    outer loop
      vertex -58.0398 13.0012 3
      vertex -58.2202 12.7069 4.3
      vertex -58.2202 12.7069 3
    endloop
  endfacet
  facet normal -0.0784904 -0.996915 0
    outer loop
      vertex -60.3442 11.8271 3
      vertex -60 11.8 4.3
      vertex -60.3442 11.8271 4.3
    endloop
  endfacet
  facet normal -0.0784904 -0.996915 -0
    outer loop
      vertex -60 11.8 4.3
      vertex -60.3442 11.8271 3
      vertex -60 11.8 3
    endloop
  endfacet
  facet normal 0.996915 0.0784904 0
    outer loop
      vertex -27.8 14 4.3
      vertex -27.8271 14.3442 3
      vertex -27.8271 14.3442 4.3
    endloop
  endfacet
  facet normal 0.996915 0.0784904 0
    outer loop
      vertex -27.8271 14.3442 3
      vertex -27.8 14 4.3
      vertex -27.8 14 3
    endloop
  endfacet
  facet normal 0.760401 -0.649454 0
    outer loop
      vertex -28.4444 12.4444 4.3
      vertex -28.2202 12.7069 3
      vertex -28.2202 12.7069 4.3
    endloop
  endfacet
  facet normal 0.760401 -0.649454 0
    outer loop
      vertex -28.2202 12.7069 3
      vertex -28.4444 12.4444 4.3
      vertex -28.4444 12.4444 3
    endloop
  endfacet
  facet normal 0.852632 0.522512 0
    outer loop
      vertex -28.0398 14.9988 4.3
      vertex -28.1631 15.2 3
      vertex -28.1631 15.2 4.3
    endloop
  endfacet
  facet normal 0.852632 0.522512 0
    outer loop
      vertex -28.1631 15.2 3
      vertex -28.0398 14.9988 4.3
      vertex -28.0398 14.9988 3
    endloop
  endfacet
  facet normal 0.97235 0.233526 0
    outer loop
      vertex -27.8271 14.3442 4.3
      vertex -27.9077 14.6798 3
      vertex -27.9077 14.6798 4.3
    endloop
  endfacet
  facet normal 0.97235 0.233526 0
    outer loop
      vertex -27.9077 14.6798 3
      vertex -27.8271 14.3442 4.3
      vertex -27.8271 14.3442 3
    endloop
  endfacet
  facet normal -0.92379 0.382899 0
    outer loop
      vertex -32.0426 14.8 3
      vertex -31.9602 14.9988 4.3
      vertex -31.9602 14.9988 3
    endloop
  endfacet
  facet normal -0.92379 0.382899 0
    outer loop
      vertex -31.9602 14.9988 4.3
      vertex -32.0426 14.8 3
      vertex -32.0426 14.8 4.3
    endloop
  endfacet
  facet normal -0.852632 0.522512 0
    outer loop
      vertex -31.9602 14.9988 3
      vertex -31.8369 15.2 4.3
      vertex -31.8369 15.2 3
    endloop
  endfacet
  facet normal -0.852632 0.522512 0
    outer loop
      vertex -31.8369 15.2 4.3
      vertex -31.9602 14.9988 3
      vertex -31.9602 14.9988 4.3
    endloop
  endfacet
  facet normal -0.852572 -0.52261 0
    outer loop
      vertex -31.7798 12.7069 3
      vertex -31.9602 13.0012 4.3
      vertex -31.9602 13.0012 3
    endloop
  endfacet
  facet normal -0.852572 -0.52261 0
    outer loop
      vertex -31.9602 13.0012 4.3
      vertex -31.7798 12.7069 3
      vertex -31.7798 12.7069 4.3
    endloop
  endfacet
  facet normal 0.996915 -0.0784904 0
    outer loop
      vertex -27.8271 13.6558 4.3
      vertex -27.8 14 3
      vertex -27.8 14 4.3
    endloop
  endfacet
  facet normal 0.996915 -0.0784904 0
    outer loop
      vertex -27.8 14 3
      vertex -27.8271 13.6558 4.3
      vertex -27.8271 13.6558 3
    endloop
  endfacet
  facet normal 0.923914 0.382599 0
    outer loop
      vertex -27.9077 14.6798 4.3
      vertex -28.0398 14.9988 3
      vertex -28.0398 14.9988 4.3
    endloop
  endfacet
  facet normal 0.923914 0.382599 0
    outer loop
      vertex -28.0398 14.9988 3
      vertex -27.9077 14.6798 4.3
      vertex -27.9077 14.6798 3
    endloop
  endfacet
  facet normal -0.760401 -0.649454 0
    outer loop
      vertex -31.5556 12.4444 3
      vertex -31.7798 12.7069 4.3
      vertex -31.7798 12.7069 3
    endloop
  endfacet
  facet normal -0.760401 -0.649454 0
    outer loop
      vertex -31.7798 12.7069 4.3
      vertex -31.5556 12.4444 3
      vertex -31.5556 12.4444 4.3
    endloop
  endfacet
  facet normal -0.92379 -0.382899 0
    outer loop
      vertex -31.9602 13.0012 3
      vertex -32.0426 13.2 4.3
      vertex -32.0426 13.2 3
    endloop
  endfacet
  facet normal -0.92379 -0.382899 0
    outer loop
      vertex -32.0426 13.2 4.3
      vertex -31.9602 13.0012 3
      vertex -31.9602 13.0012 4.3
    endloop
  endfacet
  facet normal 0.649454 -0.760401 0
    outer loop
      vertex -28.7069 12.2202 3
      vertex -28.4444 12.4444 4.3
      vertex -28.7069 12.2202 4.3
    endloop
  endfacet
  facet normal 0.649454 -0.760401 0
    outer loop
      vertex -28.4444 12.4444 4.3
      vertex -28.7069 12.2202 3
      vertex -28.4444 12.4444 3
    endloop
  endfacet
  facet normal 0.52261 -0.852572 0
    outer loop
      vertex -29.0012 12.0398 3
      vertex -28.7069 12.2202 4.3
      vertex -29.0012 12.0398 4.3
    endloop
  endfacet
  facet normal 0.52261 -0.852572 0
    outer loop
      vertex -28.7069 12.2202 4.3
      vertex -29.0012 12.0398 3
      vertex -28.7069 12.2202 3
    endloop
  endfacet
  facet normal 0.382899 -0.92379 0
    outer loop
      vertex -29.2 11.9574 3
      vertex -29.0012 12.0398 4.3
      vertex -29.2 11.9574 4.3
    endloop
  endfacet
  facet normal 0.382899 -0.92379 0
    outer loop
      vertex -29.0012 12.0398 4.3
      vertex -29.2 11.9574 3
      vertex -29.0012 12.0398 3
    endloop
  endfacet
  facet normal 0.923914 -0.382599 0
    outer loop
      vertex -28.0398 13.0012 4.3
      vertex -27.9077 13.3202 3
      vertex -27.9077 13.3202 4.3
    endloop
  endfacet
  facet normal 0.923914 -0.382599 0
    outer loop
      vertex -27.9077 13.3202 3
      vertex -28.0398 13.0012 4.3
      vertex -28.0398 13.0012 3
    endloop
  endfacet
  facet normal 0.97235 -0.233526 0
    outer loop
      vertex -27.9077 13.3202 4.3
      vertex -27.8271 13.6558 3
      vertex -27.8271 13.6558 4.3
    endloop
  endfacet
  facet normal 0.97235 -0.233526 0
    outer loop
      vertex -27.8271 13.6558 3
      vertex -27.9077 13.3202 4.3
      vertex -27.9077 13.3202 3
    endloop
  endfacet
  facet normal -0.649454 -0.760401 0
    outer loop
      vertex -31.5556 12.4444 3
      vertex -31.2931 12.2202 4.3
      vertex -31.5556 12.4444 4.3
    endloop
  endfacet
  facet normal -0.649454 -0.760401 -0
    outer loop
      vertex -31.2931 12.2202 4.3
      vertex -31.5556 12.4444 3
      vertex -31.2931 12.2202 3
    endloop
  endfacet
  facet normal -0.52261 -0.852572 0
    outer loop
      vertex -31.2931 12.2202 3
      vertex -30.9988 12.0398 4.3
      vertex -31.2931 12.2202 4.3
    endloop
  endfacet
  facet normal -0.52261 -0.852572 -0
    outer loop
      vertex -30.9988 12.0398 4.3
      vertex -31.2931 12.2202 3
      vertex -30.9988 12.0398 3
    endloop
  endfacet
  facet normal 0.852572 -0.52261 0
    outer loop
      vertex -28.2202 12.7069 4.3
      vertex -28.0398 13.0012 3
      vertex -28.0398 13.0012 4.3
    endloop
  endfacet
  facet normal 0.852572 -0.52261 0
    outer loop
      vertex -28.0398 13.0012 3
      vertex -28.2202 12.7069 4.3
      vertex -28.2202 12.7069 3
    endloop
  endfacet
  facet normal -0.382899 -0.92379 0
    outer loop
      vertex -30.9988 12.0398 3
      vertex -30.8 11.9574 4.3
      vertex -30.9988 12.0398 4.3
    endloop
  endfacet
  facet normal -0.382899 -0.92379 -0
    outer loop
      vertex -30.8 11.9574 4.3
      vertex -30.9988 12.0398 3
      vertex -30.8 11.9574 3
    endloop
  endfacet
  facet normal -0.996914 0.0784995 0
    outer loop
      vertex -32.2 -10 3
      vertex -32.1729 -9.65584 4.3
      vertex -32.1729 -9.65584 3
    endloop
  endfacet
  facet normal -0.996914 0.0784995 0
    outer loop
      vertex -32.1729 -9.65584 4.3
      vertex -32.2 -10 3
      vertex -32.2 -10 4.3
    endloop
  endfacet
  facet normal 0.760413 0.64944 0
    outer loop
      vertex -28.2202 -8.70687 4.3
      vertex -28.4444 -8.44436 3
      vertex -28.4444 -8.44436 4.3
    endloop
  endfacet
  facet normal 0.760413 0.64944 0
    outer loop
      vertex -28.4444 -8.44436 3
      vertex -28.2202 -8.70687 4.3
      vertex -28.2202 -8.70687 3
    endloop
  endfacet
  facet normal -0.649454 0.760401 0
    outer loop
      vertex -31.2931 -8.22016 3
      vertex -31.5556 -8.44436 4.3
      vertex -31.2931 -8.22016 4.3
    endloop
  endfacet
  facet normal -0.649454 0.760401 0
    outer loop
      vertex -31.5556 -8.44436 4.3
      vertex -31.2931 -8.22016 3
      vertex -31.5556 -8.44436 3
    endloop
  endfacet
  facet normal 0.760401 -0.649454 0
    outer loop
      vertex -28.4444 -11.5556 4.3
      vertex -28.2202 -11.2931 3
      vertex -28.2202 -11.2931 4.3
    endloop
  endfacet
  facet normal 0.760401 -0.649454 0
    outer loop
      vertex -28.2202 -11.2931 3
      vertex -28.4444 -11.5556 4.3
      vertex -28.4444 -11.5556 3
    endloop
  endfacet
  facet normal -0.760401 -0.649454 0
    outer loop
      vertex -31.5556 -11.5556 3
      vertex -31.7798 -11.2931 4.3
      vertex -31.7798 -11.2931 3
    endloop
  endfacet
  facet normal -0.760401 -0.649454 0
    outer loop
      vertex -31.7798 -11.2931 4.3
      vertex -31.5556 -11.5556 3
      vertex -31.5556 -11.5556 4.3
    endloop
  endfacet
  facet normal 0.923777 0.382932 0
    outer loop
      vertex -27.9574 -9.2 4.3
      vertex -28.0398 -9.00122 3
      vertex -28.0398 -9.00122 4.3
    endloop
  endfacet
  facet normal 0.923777 0.382932 0
    outer loop
      vertex -28.0398 -9.00122 3
      vertex -27.9574 -9.2 4.3
      vertex -27.9574 -9.2 3
    endloop
  endfacet
  facet normal 0.852612 0.522545 0
    outer loop
      vertex -28.0398 -9.00122 4.3
      vertex -28.2202 -8.70687 3
      vertex -28.2202 -8.70687 4.3
    endloop
  endfacet
  facet normal 0.852612 0.522545 0
    outer loop
      vertex -28.2202 -8.70687 3
      vertex -28.0398 -9.00122 4.3
      vertex -28.0398 -9.00122 3
    endloop
  endfacet
  facet normal 0.382661 0.923889 -0
    outer loop
      vertex -29.0012 -8.03979 3
      vertex -29.2 -7.95745 4.3
      vertex -29.0012 -8.03979 4.3
    endloop
  endfacet
  facet normal 0.382661 0.923889 0
    outer loop
      vertex -29.2 -7.95745 4.3
      vertex -29.0012 -8.03979 3
      vertex -29.2 -7.95745 3
    endloop
  endfacet
  facet normal 0.649454 0.760401 -0
    outer loop
      vertex -28.4444 -8.44436 3
      vertex -28.7069 -8.22016 4.3
      vertex -28.4444 -8.44436 4.3
    endloop
  endfacet
  facet normal 0.649454 0.760401 0
    outer loop
      vertex -28.7069 -8.22016 4.3
      vertex -28.4444 -8.44436 3
      vertex -28.7069 -8.22016 3
    endloop
  endfacet
  facet normal -0.852612 0.522545 0
    outer loop
      vertex -31.9602 -9.00122 3
      vertex -31.7798 -8.70687 4.3
      vertex -31.7798 -8.70687 3
    endloop
  endfacet
  facet normal -0.852612 0.522545 0
    outer loop
      vertex -31.7798 -8.70687 4.3
      vertex -31.9602 -9.00122 3
      vertex -31.9602 -9.00122 4.3
    endloop
  endfacet
  facet normal -0.760413 0.64944 0
    outer loop
      vertex -31.7798 -8.70687 3
      vertex -31.5556 -8.44436 4.3
      vertex -31.5556 -8.44436 3
    endloop
  endfacet
  facet normal -0.760413 0.64944 0
    outer loop
      vertex -31.5556 -8.44436 4.3
      vertex -31.7798 -8.70687 3
      vertex -31.7798 -8.70687 4.3
    endloop
  endfacet
  facet normal -0.972363 0.233474 0
    outer loop
      vertex -32.1729 -9.65584 3
      vertex -32.0923 -9.32016 4.3
      vertex -32.0923 -9.32016 3
    endloop
  endfacet
  facet normal -0.972363 0.233474 0
    outer loop
      vertex -32.0923 -9.32016 4.3
      vertex -32.1729 -9.65584 3
      vertex -32.1729 -9.65584 4.3
    endloop
  endfacet
  facet normal -0.522546 0.852611 0
    outer loop
      vertex -30.9988 -8.03979 3
      vertex -31.2931 -8.22016 4.3
      vertex -30.9988 -8.03979 4.3
    endloop
  endfacet
  facet normal -0.522546 0.852611 0
    outer loop
      vertex -31.2931 -8.22016 4.3
      vertex -30.9988 -8.03979 3
      vertex -31.2931 -8.22016 3
    endloop
  endfacet
  facet normal 0.0784904 -0.996915 0
    outer loop
      vertex -30 -12.2 3
      vertex -29.6558 -12.1729 4.3
      vertex -30 -12.2 4.3
    endloop
  endfacet
  facet normal 0.0784904 -0.996915 0
    outer loop
      vertex -29.6558 -12.1729 4.3
      vertex -30 -12.2 3
      vertex -29.6558 -12.1729 3
    endloop
  endfacet
  facet normal -0.649454 -0.760401 0
    outer loop
      vertex -31.5556 -11.5556 3
      vertex -31.2931 -11.7798 4.3
      vertex -31.5556 -11.5556 4.3
    endloop
  endfacet
  facet normal -0.649454 -0.760401 -0
    outer loop
      vertex -31.2931 -11.7798 4.3
      vertex -31.5556 -11.5556 3
      vertex -31.2931 -11.7798 3
    endloop
  endfacet
  facet normal -0.233526 -0.97235 0
    outer loop
      vertex -30.6798 -12.0923 3
      vertex -30.3442 -12.1729 4.3
      vertex -30.6798 -12.0923 4.3
    endloop
  endfacet
  facet normal -0.233526 -0.97235 -0
    outer loop
      vertex -30.3442 -12.1729 4.3
      vertex -30.6798 -12.0923 3
      vertex -30.3442 -12.1729 3
    endloop
  endfacet
  facet normal -0.996915 -0.0784904 0
    outer loop
      vertex -32.1729 -10.3442 3
      vertex -32.2 -10 4.3
      vertex -32.2 -10 3
    endloop
  endfacet
  facet normal -0.996915 -0.0784904 0
    outer loop
      vertex -32.2 -10 4.3
      vertex -32.1729 -10.3442 3
      vertex -32.1729 -10.3442 4.3
    endloop
  endfacet
  facet normal 0.522546 0.852611 -0
    outer loop
      vertex -28.7069 -8.22016 3
      vertex -29.0012 -8.03979 4.3
      vertex -28.7069 -8.22016 4.3
    endloop
  endfacet
  facet normal 0.522546 0.852611 0
    outer loop
      vertex -29.0012 -8.03979 4.3
      vertex -28.7069 -8.22016 3
      vertex -29.0012 -8.03979 3
    endloop
  endfacet
  facet normal -0.923889 0.382661 0
    outer loop
      vertex -32.0923 -9.32016 3
      vertex -31.9602 -9.00122 4.3
      vertex -31.9602 -9.00122 3
    endloop
  endfacet
  facet normal -0.923889 0.382661 0
    outer loop
      vertex -31.9602 -9.00122 4.3
      vertex -32.0923 -9.32016 3
      vertex -32.0923 -9.32016 4.3
    endloop
  endfacet
  facet normal -0.382661 0.923889 0
    outer loop
      vertex -30.8 -7.95745 3
      vertex -30.9988 -8.03979 4.3
      vertex -30.8 -7.95745 4.3
    endloop
  endfacet
  facet normal -0.382661 0.923889 0
    outer loop
      vertex -30.9988 -8.03979 4.3
      vertex -30.8 -7.95745 3
      vertex -30.9988 -8.03979 3
    endloop
  endfacet
  facet normal 0.233526 -0.97235 0
    outer loop
      vertex -29.6558 -12.1729 3
      vertex -29.3202 -12.0923 4.3
      vertex -29.6558 -12.1729 4.3
    endloop
  endfacet
  facet normal 0.233526 -0.97235 0
    outer loop
      vertex -29.3202 -12.0923 4.3
      vertex -29.6558 -12.1729 3
      vertex -29.3202 -12.0923 3
    endloop
  endfacet
  facet normal 0.382599 -0.923914 0
    outer loop
      vertex -29.3202 -12.0923 3
      vertex -29.0012 -11.9602 4.3
      vertex -29.3202 -12.0923 4.3
    endloop
  endfacet
  facet normal 0.382599 -0.923914 0
    outer loop
      vertex -29.0012 -11.9602 4.3
      vertex -29.3202 -12.0923 3
      vertex -29.0012 -11.9602 3
    endloop
  endfacet
  facet normal 0.649454 -0.760401 0
    outer loop
      vertex -28.7069 -11.7798 3
      vertex -28.4444 -11.5556 4.3
      vertex -28.7069 -11.7798 4.3
    endloop
  endfacet
  facet normal 0.649454 -0.760401 0
    outer loop
      vertex -28.4444 -11.5556 4.3
      vertex -28.7069 -11.7798 3
      vertex -28.4444 -11.5556 3
    endloop
  endfacet
  facet normal -0.52261 -0.852572 0
    outer loop
      vertex -31.2931 -11.7798 3
      vertex -30.9988 -11.9602 4.3
      vertex -31.2931 -11.7798 4.3
    endloop
  endfacet
  facet normal -0.52261 -0.852572 -0
    outer loop
      vertex -30.9988 -11.9602 4.3
      vertex -31.2931 -11.7798 3
      vertex -30.9988 -11.9602 3
    endloop
  endfacet
  facet normal -0.0784904 -0.996915 0
    outer loop
      vertex -30.3442 -12.1729 3
      vertex -30 -12.2 4.3
      vertex -30.3442 -12.1729 4.3
    endloop
  endfacet
  facet normal -0.0784904 -0.996915 -0
    outer loop
      vertex -30 -12.2 4.3
      vertex -30.3442 -12.1729 3
      vertex -30 -12.2 3
    endloop
  endfacet
  facet normal -0.923914 -0.382599 0
    outer loop
      vertex -31.9602 -10.9988 3
      vertex -32.0923 -10.6798 4.3
      vertex -32.0923 -10.6798 3
    endloop
  endfacet
  facet normal -0.923914 -0.382599 0
    outer loop
      vertex -32.0923 -10.6798 4.3
      vertex -31.9602 -10.9988 3
      vertex -31.9602 -10.9988 4.3
    endloop
  endfacet
  facet normal -0.97235 -0.233526 0
    outer loop
      vertex -32.0923 -10.6798 3
      vertex -32.1729 -10.3442 4.3
      vertex -32.1729 -10.3442 3
    endloop
  endfacet
  facet normal -0.97235 -0.233526 0
    outer loop
      vertex -32.1729 -10.3442 4.3
      vertex -32.0923 -10.6798 3
      vertex -32.0923 -10.6798 4.3
    endloop
  endfacet
  facet normal 0.52261 -0.852572 0
    outer loop
      vertex -29.0012 -11.9602 3
      vertex -28.7069 -11.7798 4.3
      vertex -29.0012 -11.9602 4.3
    endloop
  endfacet
  facet normal 0.52261 -0.852572 0
    outer loop
      vertex -28.7069 -11.7798 4.3
      vertex -29.0012 -11.9602 3
      vertex -28.7069 -11.7798 3
    endloop
  endfacet
  facet normal 0.852572 -0.52261 0
    outer loop
      vertex -28.2202 -11.2931 4.3
      vertex -28.0398 -10.9988 3
      vertex -28.0398 -10.9988 4.3
    endloop
  endfacet
  facet normal 0.852572 -0.52261 0
    outer loop
      vertex -28.0398 -10.9988 3
      vertex -28.2202 -11.2931 4.3
      vertex -28.2202 -11.2931 3
    endloop
  endfacet
  facet normal -0.382599 -0.923914 0
    outer loop
      vertex -30.9988 -11.9602 3
      vertex -30.6798 -12.0923 4.3
      vertex -30.9988 -11.9602 4.3
    endloop
  endfacet
  facet normal -0.382599 -0.923914 -0
    outer loop
      vertex -30.6798 -12.0923 4.3
      vertex -30.9988 -11.9602 3
      vertex -30.6798 -12.0923 3
    endloop
  endfacet
  facet normal -0.852572 -0.52261 0
    outer loop
      vertex -31.7798 -11.2931 3
      vertex -31.9602 -10.9988 4.3
      vertex -31.9602 -10.9988 3
    endloop
  endfacet
  facet normal -0.852572 -0.52261 0
    outer loop
      vertex -31.9602 -10.9988 4.3
      vertex -31.7798 -11.2931 3
      vertex -31.7798 -11.2931 4.3
    endloop
  endfacet
  facet normal 0.92379 -0.382899 0
    outer loop
      vertex -28.0398 -10.9988 4.3
      vertex -27.9574 -10.8 3
      vertex -27.9574 -10.8 4.3
    endloop
  endfacet
  facet normal 0.92379 -0.382899 0
    outer loop
      vertex -27.9574 -10.8 3
      vertex -28.0398 -10.9988 4.3
      vertex -28.0398 -10.9988 3
    endloop
  endfacet
  facet normal 0.996914 0.0784995 0
    outer loop
      vertex 12.2 -10 4.3
      vertex 12.1729 -9.65584 3
      vertex 12.1729 -9.65584 4.3
    endloop
  endfacet
  facet normal 0.996914 0.0784995 0
    outer loop
      vertex 12.1729 -9.65584 3
      vertex 12.2 -10 4.3
      vertex 12.2 -10 3
    endloop
  endfacet
  facet normal 0.760413 0.64944 0
    outer loop
      vertex 11.7798 -8.70687 4.3
      vertex 11.5556 -8.44436 3
      vertex 11.5556 -8.44436 4.3
    endloop
  endfacet
  facet normal 0.760413 0.64944 0
    outer loop
      vertex 11.5556 -8.44436 3
      vertex 11.7798 -8.70687 4.3
      vertex 11.7798 -8.70687 3
    endloop
  endfacet
  facet normal -0.64944 0.760413 0
    outer loop
      vertex 8.70687 -8.22016 3
      vertex 8.44436 -8.44436 4.3
      vertex 8.70687 -8.22016 4.3
    endloop
  endfacet
  facet normal -0.64944 0.760413 0
    outer loop
      vertex 8.44436 -8.44436 4.3
      vertex 8.70687 -8.22016 3
      vertex 8.44436 -8.44436 3
    endloop
  endfacet
  facet normal 0.760401 -0.649454 0
    outer loop
      vertex 11.5556 -11.5556 4.3
      vertex 11.7798 -11.2931 3
      vertex 11.7798 -11.2931 4.3
    endloop
  endfacet
  facet normal 0.760401 -0.649454 0
    outer loop
      vertex 11.7798 -11.2931 3
      vertex 11.5556 -11.5556 4.3
      vertex 11.5556 -11.5556 3
    endloop
  endfacet
  facet normal -0.760401 -0.649454 0
    outer loop
      vertex 8.44436 -11.5556 3
      vertex 8.22016 -11.2931 4.3
      vertex 8.22016 -11.2931 3
    endloop
  endfacet
  facet normal -0.760401 -0.649454 0
    outer loop
      vertex 8.22016 -11.2931 4.3
      vertex 8.44436 -11.5556 3
      vertex 8.44436 -11.5556 4.3
    endloop
  endfacet
  facet normal 0.923889 0.382661 0
    outer loop
      vertex 12.0923 -9.32016 4.3
      vertex 11.9602 -9.00122 3
      vertex 11.9602 -9.00122 4.3
    endloop
  endfacet
  facet normal 0.923889 0.382661 0
    outer loop
      vertex 11.9602 -9.00122 3
      vertex 12.0923 -9.32016 4.3
      vertex 12.0923 -9.32016 3
    endloop
  endfacet
  facet normal 0.972363 0.233474 0
    outer loop
      vertex 12.1729 -9.65584 4.3
      vertex 12.0923 -9.32016 3
      vertex 12.0923 -9.32016 4.3
    endloop
  endfacet
  facet normal 0.972363 0.233474 0
    outer loop
      vertex 12.0923 -9.32016 3
      vertex 12.1729 -9.65584 4.3
      vertex 12.1729 -9.65584 3
    endloop
  endfacet
  facet normal 0.852612 0.522545 0
    outer loop
      vertex 11.9602 -9.00122 4.3
      vertex 11.7798 -8.70687 3
      vertex 11.7798 -8.70687 4.3
    endloop
  endfacet
  facet normal 0.852612 0.522545 0
    outer loop
      vertex 11.7798 -8.70687 3
      vertex 11.9602 -9.00122 4.3
      vertex 11.9602 -9.00122 3
    endloop
  endfacet
  facet normal 0.382661 0.923889 -0
    outer loop
      vertex 10.9988 -8.03979 3
      vertex 10.8 -7.95745 4.3
      vertex 10.9988 -8.03979 4.3
    endloop
  endfacet
  facet normal 0.382661 0.923889 0
    outer loop
      vertex 10.8 -7.95745 4.3
      vertex 10.9988 -8.03979 3
      vertex 10.8 -7.95745 3
    endloop
  endfacet
  facet normal 0.649454 0.760401 -0
    outer loop
      vertex 11.5556 -8.44436 3
      vertex 11.2931 -8.22016 4.3
      vertex 11.5556 -8.44436 4.3
    endloop
  endfacet
  facet normal 0.649454 0.760401 0
    outer loop
      vertex 11.2931 -8.22016 4.3
      vertex 11.5556 -8.44436 3
      vertex 11.2931 -8.22016 3
    endloop
  endfacet
  facet normal -0.85265 0.522482 0
    outer loop
      vertex 8.03979 -9.00122 3
      vertex 8.22016 -8.70687 4.3
      vertex 8.22016 -8.70687 3
    endloop
  endfacet
  facet normal -0.85265 0.522482 0
    outer loop
      vertex 8.22016 -8.70687 4.3
      vertex 8.03979 -9.00122 3
      vertex 8.03979 -9.00122 4.3
    endloop
  endfacet
  facet normal -0.760413 0.64944 0
    outer loop
      vertex 8.22016 -8.70687 3
      vertex 8.44436 -8.44436 4.3
      vertex 8.44436 -8.44436 3
    endloop
  endfacet
  facet normal -0.760413 0.64944 0
    outer loop
      vertex 8.44436 -8.44436 4.3
      vertex 8.22016 -8.70687 3
      vertex 8.22016 -8.70687 4.3
    endloop
  endfacet
  facet normal -0.522482 0.85265 0
    outer loop
      vertex 9.00122 -8.03979 3
      vertex 8.70687 -8.22016 4.3
      vertex 9.00122 -8.03979 4.3
    endloop
  endfacet
  facet normal -0.522482 0.85265 0
    outer loop
      vertex 8.70687 -8.22016 4.3
      vertex 9.00122 -8.03979 3
      vertex 8.70687 -8.22016 3
    endloop
  endfacet
  facet normal 0.0784904 -0.996915 0
    outer loop
      vertex 10 -12.2 3
      vertex 10.3442 -12.1729 4.3
      vertex 10 -12.2 4.3
    endloop
  endfacet
  facet normal 0.0784904 -0.996915 0
    outer loop
      vertex 10.3442 -12.1729 4.3
      vertex 10 -12.2 3
      vertex 10.3442 -12.1729 3
    endloop
  endfacet
  facet normal 0.996915 -0.0784904 0
    outer loop
      vertex 12.1729 -10.3442 4.3
      vertex 12.2 -10 3
      vertex 12.2 -10 4.3
    endloop
  endfacet
  facet normal 0.996915 -0.0784904 0
    outer loop
      vertex 12.2 -10 3
      vertex 12.1729 -10.3442 4.3
      vertex 12.1729 -10.3442 3
    endloop
  endfacet
  facet normal -0.64944 -0.760413 0
    outer loop
      vertex 8.44436 -11.5556 3
      vertex 8.70687 -11.7798 4.3
      vertex 8.44436 -11.5556 4.3
    endloop
  endfacet
  facet normal -0.64944 -0.760413 -0
    outer loop
      vertex 8.70687 -11.7798 4.3
      vertex 8.44436 -11.5556 3
      vertex 8.70687 -11.7798 3
    endloop
  endfacet
  facet normal -0.233474 -0.972363 0
    outer loop
      vertex 9.32016 -12.0923 3
      vertex 9.65584 -12.1729 4.3
      vertex 9.32016 -12.0923 4.3
    endloop
  endfacet
  facet normal -0.233474 -0.972363 -0
    outer loop
      vertex 9.65584 -12.1729 4.3
      vertex 9.32016 -12.0923 3
      vertex 9.65584 -12.1729 3
    endloop
  endfacet
  facet normal 0.522546 0.852611 -0
    outer loop
      vertex 11.2931 -8.22016 3
      vertex 10.9988 -8.03979 4.3
      vertex 11.2931 -8.22016 4.3
    endloop
  endfacet
  facet normal 0.522546 0.852611 0
    outer loop
      vertex 10.9988 -8.03979 4.3
      vertex 11.2931 -8.22016 3
      vertex 10.9988 -8.03979 3
    endloop
  endfacet
  facet normal -0.923875 0.382694 0
    outer loop
      vertex 7.95745 -9.2 3
      vertex 8.03979 -9.00122 4.3
      vertex 8.03979 -9.00122 3
    endloop
  endfacet
  facet normal -0.923875 0.382694 0
    outer loop
      vertex 8.03979 -9.00122 4.3
      vertex 7.95745 -9.2 3
      vertex 7.95745 -9.2 4.3
    endloop
  endfacet
  facet normal 0.233526 -0.97235 0
    outer loop
      vertex 10.3442 -12.1729 3
      vertex 10.6798 -12.0923 4.3
      vertex 10.3442 -12.1729 4.3
    endloop
  endfacet
  facet normal 0.233526 -0.97235 0
    outer loop
      vertex 10.6798 -12.0923 4.3
      vertex 10.3442 -12.1729 3
      vertex 10.6798 -12.0923 3
    endloop
  endfacet
  facet normal 0.382599 -0.923914 0
    outer loop
      vertex 10.6798 -12.0923 3
      vertex 10.9988 -11.9602 4.3
      vertex 10.6798 -12.0923 4.3
    endloop
  endfacet
  facet normal 0.382599 -0.923914 0
    outer loop
      vertex 10.9988 -11.9602 4.3
      vertex 10.6798 -12.0923 3
      vertex 10.9988 -11.9602 3
    endloop
  endfacet
  facet normal 0.649454 -0.760401 0
    outer loop
      vertex 11.2931 -11.7798 3
      vertex 11.5556 -11.5556 4.3
      vertex 11.2931 -11.7798 4.3
    endloop
  endfacet
  facet normal 0.649454 -0.760401 0
    outer loop
      vertex 11.5556 -11.5556 4.3
      vertex 11.2931 -11.7798 3
      vertex 11.5556 -11.5556 3
    endloop
  endfacet
  facet normal 0.923914 -0.382599 0
    outer loop
      vertex 11.9602 -10.9988 4.3
      vertex 12.0923 -10.6798 3
      vertex 12.0923 -10.6798 4.3
    endloop
  endfacet
  facet normal 0.923914 -0.382599 0
    outer loop
      vertex 12.0923 -10.6798 3
      vertex 11.9602 -10.9988 4.3
      vertex 11.9602 -10.9988 3
    endloop
  endfacet
  facet normal 0.97235 -0.233526 0
    outer loop
      vertex 12.0923 -10.6798 4.3
      vertex 12.1729 -10.3442 3
      vertex 12.1729 -10.3442 4.3
    endloop
  endfacet
  facet normal 0.97235 -0.233526 0
    outer loop
      vertex 12.1729 -10.3442 3
      vertex 12.0923 -10.6798 4.3
      vertex 12.0923 -10.6798 3
    endloop
  endfacet
  facet normal -0.522545 -0.852612 0
    outer loop
      vertex 8.70687 -11.7798 3
      vertex 9.00122 -11.9602 4.3
      vertex 8.70687 -11.7798 4.3
    endloop
  endfacet
  facet normal -0.522545 -0.852612 -0
    outer loop
      vertex 9.00122 -11.9602 4.3
      vertex 8.70687 -11.7798 3
      vertex 9.00122 -11.9602 3
    endloop
  endfacet
  facet normal -0.0784995 -0.996914 0
    outer loop
      vertex 9.65584 -12.1729 3
      vertex 10 -12.2 4.3
      vertex 9.65584 -12.1729 4.3
    endloop
  endfacet
  facet normal -0.0784995 -0.996914 -0
    outer loop
      vertex 10 -12.2 4.3
      vertex 9.65584 -12.1729 3
      vertex 10 -12.2 3
    endloop
  endfacet
  facet normal -0.923889 -0.382661 0
    outer loop
      vertex 8.03979 -10.9988 3
      vertex 7.95745 -10.8 4.3
      vertex 7.95745 -10.8 3
    endloop
  endfacet
  facet normal -0.923889 -0.382661 0
    outer loop
      vertex 7.95745 -10.8 4.3
      vertex 8.03979 -10.9988 3
      vertex 8.03979 -10.9988 4.3
    endloop
  endfacet
  facet normal -0.382694 0.923875 0
    outer loop
      vertex 9.2 -7.95745 3
      vertex 9.00122 -8.03979 4.3
      vertex 9.2 -7.95745 4.3
    endloop
  endfacet
  facet normal -0.382694 0.923875 0
    outer loop
      vertex 9.00122 -8.03979 4.3
      vertex 9.2 -7.95745 3
      vertex 9.00122 -8.03979 3
    endloop
  endfacet
  facet normal 0.52261 -0.852572 0
    outer loop
      vertex 10.9988 -11.9602 3
      vertex 11.2931 -11.7798 4.3
      vertex 10.9988 -11.9602 4.3
    endloop
  endfacet
  facet normal 0.52261 -0.852572 0
    outer loop
      vertex 11.2931 -11.7798 4.3
      vertex 10.9988 -11.9602 3
      vertex 11.2931 -11.7798 3
    endloop
  endfacet
  facet normal 0.852572 -0.52261 0
    outer loop
      vertex 11.7798 -11.2931 4.3
      vertex 11.9602 -10.9988 3
      vertex 11.9602 -10.9988 4.3
    endloop
  endfacet
  facet normal 0.852572 -0.52261 0
    outer loop
      vertex 11.9602 -10.9988 3
      vertex 11.7798 -11.2931 4.3
      vertex 11.7798 -11.2931 3
    endloop
  endfacet
  facet normal -0.382661 -0.923889 0
    outer loop
      vertex 9.00122 -11.9602 3
      vertex 9.32016 -12.0923 4.3
      vertex 9.00122 -11.9602 4.3
    endloop
  endfacet
  facet normal -0.382661 -0.923889 -0
    outer loop
      vertex 9.32016 -12.0923 4.3
      vertex 9.00122 -11.9602 3
      vertex 9.32016 -12.0923 3
    endloop
  endfacet
  facet normal -0.852611 -0.522546 0
    outer loop
      vertex 8.22016 -11.2931 3
      vertex 8.03979 -10.9988 4.3
      vertex 8.03979 -10.9988 3
    endloop
  endfacet
  facet normal -0.852611 -0.522546 0
    outer loop
      vertex 8.03979 -10.9988 4.3
      vertex 8.22016 -11.2931 3
      vertex 8.22016 -11.2931 4.3
    endloop
  endfacet
  facet normal -0.0784995 0.996914 0
    outer loop
      vertex 10 10.2 3
      vertex 9.65584 10.1729 4.3
      vertex 10 10.2 4.3
    endloop
  endfacet
  facet normal -0.0784995 0.996914 0
    outer loop
      vertex 9.65584 10.1729 4.3
      vertex 10 10.2 3
      vertex 9.65584 10.1729 3
    endloop
  endfacet
  facet normal 0.760413 -0.64944 0
    outer loop
      vertex 11.5556 6.44436 4.3
      vertex 11.7798 6.70687 3
      vertex 11.7798 6.70687 4.3
    endloop
  endfacet
  facet normal 0.760413 -0.64944 0
    outer loop
      vertex 11.7798 6.70687 3
      vertex 11.5556 6.44436 4.3
      vertex 11.5556 6.44436 3
    endloop
  endfacet
  facet normal 0.649471 0.760386 -0
    outer loop
      vertex 11.5556 9.55563 3
      vertex 11.2931 9.77984 4.3
      vertex 11.5556 9.55563 4.3
    endloop
  endfacet
  facet normal 0.649471 0.760386 0
    outer loop
      vertex 11.2931 9.77984 4.3
      vertex 11.5556 9.55563 3
      vertex 11.2931 9.77984 3
    endloop
  endfacet
  facet normal -0.760401 0.649454 0
    outer loop
      vertex 8.22016 9.29313 3
      vertex 8.44436 9.55563 4.3
      vertex 8.44436 9.55563 3
    endloop
  endfacet
  facet normal -0.760401 0.649454 0
    outer loop
      vertex 8.44436 9.55563 4.3
      vertex 8.22016 9.29313 3
      vertex 8.22016 9.29313 4.3
    endloop
  endfacet
  facet normal -0.522482 0.85265 0
    outer loop
      vertex 9.00122 9.96021 3
      vertex 8.70687 9.77984 4.3
      vertex 9.00122 9.96021 4.3
    endloop
  endfacet
  facet normal -0.522482 0.85265 0
    outer loop
      vertex 8.70687 9.77984 4.3
      vertex 9.00122 9.96021 3
      vertex 8.70687 9.77984 3
    endloop
  endfacet
  facet normal 0.852612 0.522545 0
    outer loop
      vertex 11.9602 8.99878 4.3
      vertex 11.7798 9.29313 3
      vertex 11.7798 9.29313 4.3
    endloop
  endfacet
  facet normal 0.852612 0.522545 0
    outer loop
      vertex 11.7798 9.29313 3
      vertex 11.9602 8.99878 4.3
      vertex 11.9602 8.99878 3
    endloop
  endfacet
  facet normal 0.760401 0.649454 0
    outer loop
      vertex 11.7798 9.29313 4.3
      vertex 11.5556 9.55563 3
      vertex 11.5556 9.55563 4.3
    endloop
  endfacet
  facet normal 0.760401 0.649454 0
    outer loop
      vertex 11.5556 9.55563 3
      vertex 11.7798 9.29313 4.3
      vertex 11.7798 9.29313 3
    endloop
  endfacet
  facet normal 0.382574 0.923925 -0
    outer loop
      vertex 10.9988 9.96021 3
      vertex 10.6798 10.0923 4.3
      vertex 10.9988 9.96021 4.3
    endloop
  endfacet
  facet normal 0.382574 0.923925 0
    outer loop
      vertex 10.6798 10.0923 4.3
      vertex 10.9988 9.96021 3
      vertex 10.6798 10.0923 3
    endloop
  endfacet
  facet normal 0.522546 0.852611 -0
    outer loop
      vertex 11.2931 9.77984 3
      vertex 10.9988 9.96021 4.3
      vertex 11.2931 9.77984 4.3
    endloop
  endfacet
  facet normal 0.522546 0.852611 0
    outer loop
      vertex 10.9988 9.96021 4.3
      vertex 11.2931 9.77984 3
      vertex 10.9988 9.96021 3
    endloop
  endfacet
  facet normal -0.923869 0.38271 0
    outer loop
      vertex 7.90767 8.67984 3
      vertex 8.03979 8.99878 4.3
      vertex 8.03979 8.99878 3
    endloop
  endfacet
  facet normal -0.923869 0.38271 0
    outer loop
      vertex 8.03979 8.99878 4.3
      vertex 7.90767 8.67984 3
      vertex 7.90767 8.67984 4.3
    endloop
  endfacet
  facet normal -0.85265 0.522482 0
    outer loop
      vertex 8.03979 8.99878 3
      vertex 8.22016 9.29313 4.3
      vertex 8.22016 9.29313 3
    endloop
  endfacet
  facet normal -0.85265 0.522482 0
    outer loop
      vertex 8.22016 9.29313 4.3
      vertex 8.03979 8.99878 3
      vertex 8.03979 8.99878 4.3
    endloop
  endfacet
  facet normal -0.996916 0.0784707 0
    outer loop
      vertex 7.8 8 3
      vertex 7.82709 8.34416 4.3
      vertex 7.82709 8.34416 3
    endloop
  endfacet
  facet normal -0.996916 0.0784707 0
    outer loop
      vertex 7.82709 8.34416 4.3
      vertex 7.8 8 3
      vertex 7.8 8 4.3
    endloop
  endfacet
  facet normal -0.649457 0.760398 0
    outer loop
      vertex 8.70687 9.77984 3
      vertex 8.44436 9.55563 4.3
      vertex 8.70687 9.77984 4.3
    endloop
  endfacet
  facet normal -0.649457 0.760398 0
    outer loop
      vertex 8.44436 9.55563 4.3
      vertex 8.70687 9.77984 3
      vertex 8.44436 9.55563 3
    endloop
  endfacet
  facet normal -0.233474 0.972363 0
    outer loop
      vertex 9.65584 10.1729 3
      vertex 9.32016 10.0923 4.3
      vertex 9.65584 10.1729 4.3
    endloop
  endfacet
  facet normal -0.233474 0.972363 0
    outer loop
      vertex 9.32016 10.0923 4.3
      vertex 9.65584 10.1729 3
      vertex 9.32016 10.0923 3
    endloop
  endfacet
  facet normal -0.85265 -0.522482 0
    outer loop
      vertex 8.22016 6.70687 3
      vertex 8.03979 7.00122 4.3
      vertex 8.03979 7.00122 3
    endloop
  endfacet
  facet normal -0.85265 -0.522482 0
    outer loop
      vertex 8.03979 7.00122 4.3
      vertex 8.22016 6.70687 3
      vertex 8.22016 6.70687 4.3
    endloop
  endfacet
  facet normal 0.923777 0.382932 0
    outer loop
      vertex 12.0426 8.8 4.3
      vertex 11.9602 8.99878 3
      vertex 11.9602 8.99878 4.3
    endloop
  endfacet
  facet normal 0.923777 0.382932 0
    outer loop
      vertex 11.9602 8.99878 3
      vertex 12.0426 8.8 4.3
      vertex 12.0426 8.8 3
    endloop
  endfacet
  facet normal 0.233526 0.97235 -0
    outer loop
      vertex 10.6798 10.0923 3
      vertex 10.3442 10.1729 4.3
      vertex 10.6798 10.0923 4.3
    endloop
  endfacet
  facet normal 0.233526 0.97235 0
    outer loop
      vertex 10.3442 10.1729 4.3
      vertex 10.6798 10.0923 3
      vertex 10.3442 10.1729 3
    endloop
  endfacet
  facet normal 0.0784904 0.996915 -0
    outer loop
      vertex 10.3442 10.1729 3
      vertex 10 10.2 4.3
      vertex 10.3442 10.1729 4.3
    endloop
  endfacet
  facet normal 0.0784904 0.996915 0
    outer loop
      vertex 10 10.2 4.3
      vertex 10.3442 10.1729 3
      vertex 10 10.2 3
    endloop
  endfacet
  facet normal -0.996916 -0.0784707 0
    outer loop
      vertex 7.82709 7.65584 3
      vertex 7.8 8 4.3
      vertex 7.8 8 3
    endloop
  endfacet
  facet normal -0.996916 -0.0784707 0
    outer loop
      vertex 7.8 8 4.3
      vertex 7.82709 7.65584 3
      vertex 7.82709 7.65584 4.3
    endloop
  endfacet
  facet normal -0.760413 -0.64944 0
    outer loop
      vertex 8.44436 6.44436 3
      vertex 8.22016 6.70687 4.3
      vertex 8.22016 6.70687 3
    endloop
  endfacet
  facet normal -0.760413 -0.64944 0
    outer loop
      vertex 8.22016 6.70687 4.3
      vertex 8.44436 6.44436 3
      vertex 8.44436 6.44436 4.3
    endloop
  endfacet
  facet normal -0.972376 -0.233419 0
    outer loop
      vertex 7.90767 7.32016 3
      vertex 7.82709 7.65584 4.3
      vertex 7.82709 7.65584 3
    endloop
  endfacet
  facet normal -0.972376 -0.233419 0
    outer loop
      vertex 7.82709 7.65584 4.3
      vertex 7.90767 7.32016 3
      vertex 7.90767 7.32016 4.3
    endloop
  endfacet
  facet normal -0.923869 -0.38271 0
    outer loop
      vertex 8.03979 7.00122 3
      vertex 7.90767 7.32016 4.3
      vertex 7.90767 7.32016 3
    endloop
  endfacet
  facet normal -0.923869 -0.38271 0
    outer loop
      vertex 7.90767 7.32016 4.3
      vertex 8.03979 7.00122 3
      vertex 8.03979 7.00122 4.3
    endloop
  endfacet
  facet normal 0.649454 -0.760401 0
    outer loop
      vertex 11.2931 6.22016 3
      vertex 11.5556 6.44436 4.3
      vertex 11.2931 6.22016 4.3
    endloop
  endfacet
  facet normal 0.649454 -0.760401 0
    outer loop
      vertex 11.5556 6.44436 4.3
      vertex 11.2931 6.22016 3
      vertex 11.5556 6.44436 3
    endloop
  endfacet
  facet normal 0.522546 -0.852611 0
    outer loop
      vertex 10.9988 6.03979 3
      vertex 11.2931 6.22016 4.3
      vertex 10.9988 6.03979 4.3
    endloop
  endfacet
  facet normal 0.522546 -0.852611 0
    outer loop
      vertex 11.2931 6.22016 4.3
      vertex 10.9988 6.03979 3
      vertex 11.2931 6.22016 3
    endloop
  endfacet
  facet normal 0.382661 -0.923889 0
    outer loop
      vertex 10.8 5.95745 3
      vertex 10.9988 6.03979 4.3
      vertex 10.8 5.95745 4.3
    endloop
  endfacet
  facet normal 0.382661 -0.923889 0
    outer loop
      vertex 10.9988 6.03979 4.3
      vertex 10.8 5.95745 3
      vertex 10.9988 6.03979 3
    endloop
  endfacet
  facet normal 0.923777 -0.382932 0
    outer loop
      vertex 11.9602 7.00122 4.3
      vertex 12.0426 7.2 3
      vertex 12.0426 7.2 4.3
    endloop
  endfacet
  facet normal 0.923777 -0.382932 0
    outer loop
      vertex 12.0426 7.2 3
      vertex 11.9602 7.00122 4.3
      vertex 11.9602 7.00122 3
    endloop
  endfacet
  facet normal -0.972376 0.233419 0
    outer loop
      vertex 7.82709 8.34416 3
      vertex 7.90767 8.67984 4.3
      vertex 7.90767 8.67984 3
    endloop
  endfacet
  facet normal -0.972376 0.233419 0
    outer loop
      vertex 7.90767 8.67984 4.3
      vertex 7.82709 8.34416 3
      vertex 7.82709 8.34416 4.3
    endloop
  endfacet
  facet normal -0.382636 0.923899 0
    outer loop
      vertex 9.32016 10.0923 3
      vertex 9.00122 9.96021 4.3
      vertex 9.32016 10.0923 4.3
    endloop
  endfacet
  facet normal -0.382636 0.923899 0
    outer loop
      vertex 9.00122 9.96021 4.3
      vertex 9.32016 10.0923 3
      vertex 9.00122 9.96021 3
    endloop
  endfacet
  facet normal -0.382694 -0.923875 0
    outer loop
      vertex 9.00122 6.03979 3
      vertex 9.2 5.95745 4.3
      vertex 9.00122 6.03979 4.3
    endloop
  endfacet
  facet normal -0.382694 -0.923875 -0
    outer loop
      vertex 9.2 5.95745 4.3
      vertex 9.00122 6.03979 3
      vertex 9.2 5.95745 3
    endloop
  endfacet
  facet normal -0.64944 -0.760413 0
    outer loop
      vertex 8.44436 6.44436 3
      vertex 8.70687 6.22016 4.3
      vertex 8.44436 6.44436 4.3
    endloop
  endfacet
  facet normal -0.64944 -0.760413 -0
    outer loop
      vertex 8.70687 6.22016 4.3
      vertex 8.44436 6.44436 3
      vertex 8.70687 6.22016 3
    endloop
  endfacet
  facet normal -0.522482 -0.85265 0
    outer loop
      vertex 8.70687 6.22016 3
      vertex 9.00122 6.03979 4.3
      vertex 8.70687 6.22016 4.3
    endloop
  endfacet
  facet normal -0.522482 -0.85265 -0
    outer loop
      vertex 9.00122 6.03979 4.3
      vertex 8.70687 6.22016 3
      vertex 9.00122 6.03979 3
    endloop
  endfacet
  facet normal 0.852612 -0.522545 0
    outer loop
      vertex 11.7798 6.70687 4.3
      vertex 11.9602 7.00122 3
      vertex 11.9602 7.00122 4.3
    endloop
  endfacet
  facet normal 0.852612 -0.522545 0
    outer loop
      vertex 11.9602 7.00122 3
      vertex 11.7798 6.70687 4.3
      vertex 11.7798 6.70687 3
    endloop
  endfacet
  facet normal 0.972363 -0.233474 0
    outer loop
      vertex 42.0923 7.32016 4.3
      vertex 42.1729 7.65584 3
      vertex 42.1729 7.65584 4.3
    endloop
  endfacet
  facet normal 0.972363 -0.233474 0
    outer loop
      vertex 42.1729 7.65584 3
      vertex 42.0923 7.32016 4.3
      vertex 42.0923 7.32016 3
    endloop
  endfacet
  facet normal 0.760401 0.649454 0
    outer loop
      vertex 41.7798 9.29313 4.3
      vertex 41.5556 9.55563 3
      vertex 41.5556 9.55563 4.3
    endloop
  endfacet
  facet normal 0.760401 0.649454 0
    outer loop
      vertex 41.5556 9.55563 3
      vertex 41.7798 9.29313 4.3
      vertex 41.7798 9.29313 3
    endloop
  endfacet
  facet normal 0.382574 0.923925 -0
    outer loop
      vertex 40.9988 9.96021 3
      vertex 40.6798 10.0923 4.3
      vertex 40.9988 9.96021 4.3
    endloop
  endfacet
  facet normal 0.382574 0.923925 0
    outer loop
      vertex 40.6798 10.0923 4.3
      vertex 40.9988 9.96021 3
      vertex 40.6798 10.0923 3
    endloop
  endfacet
  facet normal -0.522546 0.852611 0
    outer loop
      vertex 39.0012 9.96021 3
      vertex 38.7069 9.77984 4.3
      vertex 39.0012 9.96021 4.3
    endloop
  endfacet
  facet normal -0.522546 0.852611 0
    outer loop
      vertex 38.7069 9.77984 4.3
      vertex 39.0012 9.96021 3
      vertex 38.7069 9.77984 3
    endloop
  endfacet
  facet normal -0.923777 0.382932 0
    outer loop
      vertex 37.9574 8.8 3
      vertex 38.0398 8.99878 4.3
      vertex 38.0398 8.99878 3
    endloop
  endfacet
  facet normal -0.923777 0.382932 0
    outer loop
      vertex 38.0398 8.99878 4.3
      vertex 37.9574 8.8 3
      vertex 37.9574 8.8 4.3
    endloop
  endfacet
  facet normal 0.649471 0.760386 -0
    outer loop
      vertex 41.5556 9.55563 3
      vertex 41.2931 9.77984 4.3
      vertex 41.5556 9.55563 4.3
    endloop
  endfacet
  facet normal 0.649471 0.760386 0
    outer loop
      vertex 41.2931 9.77984 4.3
      vertex 41.5556 9.55563 3
      vertex 41.2931 9.77984 3
    endloop
  endfacet
  facet normal -0.0784904 0.996915 0
    outer loop
      vertex 40 10.2 3
      vertex 39.6558 10.1729 4.3
      vertex 40 10.2 4.3
    endloop
  endfacet
  facet normal -0.0784904 0.996915 0
    outer loop
      vertex 39.6558 10.1729 4.3
      vertex 40 10.2 3
      vertex 39.6558 10.1729 3
    endloop
  endfacet
  facet normal 0.522546 0.852611 -0
    outer loop
      vertex 41.2931 9.77984 3
      vertex 40.9988 9.96021 4.3
      vertex 41.2931 9.77984 4.3
    endloop
  endfacet
  facet normal 0.522546 0.852611 0
    outer loop
      vertex 40.9988 9.96021 4.3
      vertex 41.2931 9.77984 3
      vertex 40.9988 9.96021 3
    endloop
  endfacet
  facet normal -0.852612 0.522545 0
    outer loop
      vertex 38.0398 8.99878 3
      vertex 38.2202 9.29313 4.3
      vertex 38.2202 9.29313 3
    endloop
  endfacet
  facet normal -0.852612 0.522545 0
    outer loop
      vertex 38.2202 9.29313 4.3
      vertex 38.0398 8.99878 3
      vertex 38.0398 8.99878 4.3
    endloop
  endfacet
  facet normal -0.649471 0.760386 0
    outer loop
      vertex 38.7069 9.77984 3
      vertex 38.4444 9.55563 4.3
      vertex 38.7069 9.77984 4.3
    endloop
  endfacet
  facet normal -0.649471 0.760386 0
    outer loop
      vertex 38.4444 9.55563 4.3
      vertex 38.7069 9.77984 3
      vertex 38.4444 9.55563 3
    endloop
  endfacet
  facet normal -0.233526 0.97235 0
    outer loop
      vertex 39.6558 10.1729 3
      vertex 39.3202 10.0923 4.3
      vertex 39.6558 10.1729 4.3
    endloop
  endfacet
  facet normal -0.233526 0.97235 0
    outer loop
      vertex 39.3202 10.0923 4.3
      vertex 39.6558 10.1729 3
      vertex 39.3202 10.0923 3
    endloop
  endfacet
  facet normal -0.760401 0.649454 0
    outer loop
      vertex 38.2202 9.29313 3
      vertex 38.4444 9.55563 4.3
      vertex 38.4444 9.55563 3
    endloop
  endfacet
  facet normal -0.760401 0.649454 0
    outer loop
      vertex 38.4444 9.55563 4.3
      vertex 38.2202 9.29313 3
      vertex 38.2202 9.29313 4.3
    endloop
  endfacet
  facet normal 0.996914 0.0784995 0
    outer loop
      vertex 42.2 8 4.3
      vertex 42.1729 8.34416 3
      vertex 42.1729 8.34416 4.3
    endloop
  endfacet
  facet normal 0.996914 0.0784995 0
    outer loop
      vertex 42.1729 8.34416 3
      vertex 42.2 8 4.3
      vertex 42.2 8 3
    endloop
  endfacet
  facet normal 0.923889 -0.382661 0
    outer loop
      vertex 41.9602 7.00122 4.3
      vertex 42.0923 7.32016 3
      vertex 42.0923 7.32016 4.3
    endloop
  endfacet
  facet normal 0.923889 -0.382661 0
    outer loop
      vertex 42.0923 7.32016 3
      vertex 41.9602 7.00122 4.3
      vertex 41.9602 7.00122 3
    endloop
  endfacet
  facet normal 0.233526 0.97235 -0
    outer loop
      vertex 40.6798 10.0923 3
      vertex 40.3442 10.1729 4.3
      vertex 40.6798 10.0923 4.3
    endloop
  endfacet
  facet normal 0.233526 0.97235 0
    outer loop
      vertex 40.3442 10.1729 4.3
      vertex 40.6798 10.0923 3
      vertex 40.3442 10.1729 3
    endloop
  endfacet
  facet normal 0.0784904 0.996915 -0
    outer loop
      vertex 40.3442 10.1729 3
      vertex 40 10.2 4.3
      vertex 40.3442 10.1729 4.3
    endloop
  endfacet
  facet normal 0.0784904 0.996915 0
    outer loop
      vertex 40 10.2 4.3
      vertex 40.3442 10.1729 3
      vertex 40 10.2 3
    endloop
  endfacet
  facet normal -0.382574 0.923925 0
    outer loop
      vertex 39.3202 10.0923 3
      vertex 39.0012 9.96021 4.3
      vertex 39.3202 10.0923 4.3
    endloop
  endfacet
  facet normal -0.382574 0.923925 0
    outer loop
      vertex 39.0012 9.96021 4.3
      vertex 39.3202 10.0923 3
      vertex 39.0012 9.96021 3
    endloop
  endfacet
  facet normal 0.996914 -0.0784995 0
    outer loop
      vertex 42.1729 7.65584 4.3
      vertex 42.2 8 3
      vertex 42.2 8 4.3
    endloop
  endfacet
  facet normal 0.996914 -0.0784995 0
    outer loop
      vertex 42.2 8 3
      vertex 42.1729 7.65584 4.3
      vertex 42.1729 7.65584 3
    endloop
  endfacet
  facet normal 0.522546 -0.852611 0
    outer loop
      vertex 40.9988 6.03979 3
      vertex 41.2931 6.22016 4.3
      vertex 40.9988 6.03979 4.3
    endloop
  endfacet
  facet normal 0.522546 -0.852611 0
    outer loop
      vertex 41.2931 6.22016 4.3
      vertex 40.9988 6.03979 3
      vertex 41.2931 6.22016 3
    endloop
  endfacet
  facet normal 0.852612 0.522545 0
    outer loop
      vertex 41.9602 8.99878 4.3
      vertex 41.7798 9.29313 3
      vertex 41.7798 9.29313 4.3
    endloop
  endfacet
  facet normal 0.852612 0.522545 0
    outer loop
      vertex 41.7798 9.29313 3
      vertex 41.9602 8.99878 4.3
      vertex 41.9602 8.99878 3
    endloop
  endfacet
  facet normal 0.923889 0.382661 0
    outer loop
      vertex 42.0923 8.67984 4.3
      vertex 41.9602 8.99878 3
      vertex 41.9602 8.99878 4.3
    endloop
  endfacet
  facet normal 0.923889 0.382661 0
    outer loop
      vertex 41.9602 8.99878 3
      vertex 42.0923 8.67984 4.3
      vertex 42.0923 8.67984 3
    endloop
  endfacet
  facet normal 0.972363 0.233474 0
    outer loop
      vertex 42.1729 8.34416 4.3
      vertex 42.0923 8.67984 3
      vertex 42.0923 8.67984 4.3
    endloop
  endfacet
  facet normal 0.972363 0.233474 0
    outer loop
      vertex 42.0923 8.67984 3
      vertex 42.1729 8.34416 4.3
      vertex 42.1729 8.34416 3
    endloop
  endfacet
  facet normal -0.760413 -0.64944 0
    outer loop
      vertex 38.4444 6.44436 3
      vertex 38.2202 6.70687 4.3
      vertex 38.2202 6.70687 3
    endloop
  endfacet
  facet normal -0.760413 -0.64944 0
    outer loop
      vertex 38.2202 6.70687 4.3
      vertex 38.4444 6.44436 3
      vertex 38.4444 6.44436 4.3
    endloop
  endfacet
  facet normal -0.852612 -0.522545 0
    outer loop
      vertex 38.2202 6.70687 3
      vertex 38.0398 7.00122 4.3
      vertex 38.0398 7.00122 3
    endloop
  endfacet
  facet normal -0.852612 -0.522545 0
    outer loop
      vertex 38.0398 7.00122 4.3
      vertex 38.2202 6.70687 3
      vertex 38.2202 6.70687 4.3
    endloop
  endfacet
  facet normal -0.649454 -0.760401 0
    outer loop
      vertex 38.4444 6.44436 3
      vertex 38.7069 6.22016 4.3
      vertex 38.4444 6.44436 4.3
    endloop
  endfacet
  facet normal -0.649454 -0.760401 -0
    outer loop
      vertex 38.7069 6.22016 4.3
      vertex 38.4444 6.44436 3
      vertex 38.7069 6.22016 3
    endloop
  endfacet
  facet normal 0.760413 -0.64944 0
    outer loop
      vertex 41.5556 6.44436 4.3
      vertex 41.7798 6.70687 3
      vertex 41.7798 6.70687 4.3
    endloop
  endfacet
  facet normal 0.760413 -0.64944 0
    outer loop
      vertex 41.7798 6.70687 3
      vertex 41.5556 6.44436 4.3
      vertex 41.5556 6.44436 3
    endloop
  endfacet
  facet normal 0.649454 -0.760401 0
    outer loop
      vertex 41.2931 6.22016 3
      vertex 41.5556 6.44436 4.3
      vertex 41.2931 6.22016 4.3
    endloop
  endfacet
  facet normal 0.649454 -0.760401 0
    outer loop
      vertex 41.5556 6.44436 4.3
      vertex 41.2931 6.22016 3
      vertex 41.5556 6.44436 3
    endloop
  endfacet
  facet normal 0.852612 -0.522545 0
    outer loop
      vertex 41.7798 6.70687 4.3
      vertex 41.9602 7.00122 3
      vertex 41.9602 7.00122 4.3
    endloop
  endfacet
  facet normal 0.852612 -0.522545 0
    outer loop
      vertex 41.9602 7.00122 3
      vertex 41.7798 6.70687 4.3
      vertex 41.7798 6.70687 3
    endloop
  endfacet
  facet normal 0.382661 -0.923889 0
    outer loop
      vertex 40.8 5.95745 3
      vertex 40.9988 6.03979 4.3
      vertex 40.8 5.95745 4.3
    endloop
  endfacet
  facet normal 0.382661 -0.923889 0
    outer loop
      vertex 40.9988 6.03979 4.3
      vertex 40.8 5.95745 3
      vertex 40.9988 6.03979 3
    endloop
  endfacet
  facet normal -0.382661 -0.923889 0
    outer loop
      vertex 39.0012 6.03979 3
      vertex 39.2 5.95745 4.3
      vertex 39.0012 6.03979 4.3
    endloop
  endfacet
  facet normal -0.382661 -0.923889 -0
    outer loop
      vertex 39.2 5.95745 4.3
      vertex 39.0012 6.03979 3
      vertex 39.2 5.95745 3
    endloop
  endfacet
  facet normal -0.522546 -0.852611 0
    outer loop
      vertex 38.7069 6.22016 3
      vertex 39.0012 6.03979 4.3
      vertex 38.7069 6.22016 4.3
    endloop
  endfacet
  facet normal -0.522546 -0.852611 -0
    outer loop
      vertex 39.0012 6.03979 4.3
      vertex 38.7069 6.22016 3
      vertex 39.0012 6.03979 3
    endloop
  endfacet
  facet normal -0.923777 -0.382932 0
    outer loop
      vertex 38.0398 7.00122 3
      vertex 37.9574 7.2 4.3
      vertex 37.9574 7.2 3
    endloop
  endfacet
  facet normal -0.923777 -0.382932 0
    outer loop
      vertex 37.9574 7.2 4.3
      vertex 38.0398 7.00122 3
      vertex 38.0398 7.00122 4.3
    endloop
  endfacet
  facet normal 0.649454 0.760401 -0
    outer loop
      vertex 41.5556 -12.4444 3
      vertex 41.2931 -12.2202 4.3
      vertex 41.5556 -12.4444 4.3
    endloop
  endfacet
  facet normal 0.649454 0.760401 0
    outer loop
      vertex 41.2931 -12.2202 4.3
      vertex 41.5556 -12.4444 3
      vertex 41.2931 -12.2202 3
    endloop
  endfacet
  facet normal -0.233526 -0.97235 0
    outer loop
      vertex 39.3202 -16.0923 3
      vertex 39.6558 -16.1729 4.3
      vertex 39.3202 -16.0923 4.3
    endloop
  endfacet
  facet normal -0.233526 -0.97235 -0
    outer loop
      vertex 39.6558 -16.1729 4.3
      vertex 39.3202 -16.0923 3
      vertex 39.6558 -16.1729 3
    endloop
  endfacet
  facet normal -0.923914 0.382599 0
    outer loop
      vertex 37.9077 -13.3202 3
      vertex 38.0398 -13.0012 4.3
      vertex 38.0398 -13.0012 3
    endloop
  endfacet
  facet normal -0.923914 0.382599 0
    outer loop
      vertex 38.0398 -13.0012 4.3
      vertex 37.9077 -13.3202 3
      vertex 37.9077 -13.3202 4.3
    endloop
  endfacet
  facet normal 0.92379 -0.382899 0
    outer loop
      vertex 41.9602 -14.9988 4.3
      vertex 42.0426 -14.8 3
      vertex 42.0426 -14.8 4.3
    endloop
  endfacet
  facet normal 0.92379 -0.382899 0
    outer loop
      vertex 42.0426 -14.8 3
      vertex 41.9602 -14.9988 4.3
      vertex 41.9602 -14.9988 3
    endloop
  endfacet
  facet normal -0.382599 -0.923914 0
    outer loop
      vertex 39.0012 -15.9602 3
      vertex 39.3202 -16.0923 4.3
      vertex 39.0012 -15.9602 4.3
    endloop
  endfacet
  facet normal -0.382599 -0.923914 -0
    outer loop
      vertex 39.3202 -16.0923 4.3
      vertex 39.0012 -15.9602 3
      vertex 39.3202 -16.0923 3
    endloop
  endfacet
  facet normal 0.92379 0.382899 0
    outer loop
      vertex 42.0426 -13.2 4.3
      vertex 41.9602 -13.0012 3
      vertex 41.9602 -13.0012 4.3
    endloop
  endfacet
  facet normal 0.92379 0.382899 0
    outer loop
      vertex 41.9602 -13.0012 3
      vertex 42.0426 -13.2 4.3
      vertex 42.0426 -13.2 3
    endloop
  endfacet
  facet normal 0.852572 0.52261 0
    outer loop
      vertex 41.9602 -13.0012 4.3
      vertex 41.7798 -12.7069 3
      vertex 41.7798 -12.7069 4.3
    endloop
  endfacet
  facet normal 0.852572 0.52261 0
    outer loop
      vertex 41.7798 -12.7069 3
      vertex 41.9602 -13.0012 4.3
      vertex 41.9602 -13.0012 3
    endloop
  endfacet
  facet normal 0.760401 0.649454 0
    outer loop
      vertex 41.7798 -12.7069 4.3
      vertex 41.5556 -12.4444 3
      vertex 41.5556 -12.4444 4.3
    endloop
  endfacet
  facet normal 0.760401 0.649454 0
    outer loop
      vertex 41.5556 -12.4444 3
      vertex 41.7798 -12.7069 4.3
      vertex 41.7798 -12.7069 3
    endloop
  endfacet
  facet normal 0.382899 0.92379 -0
    outer loop
      vertex 40.9988 -12.0398 3
      vertex 40.8 -11.9574 4.3
      vertex 40.9988 -12.0398 4.3
    endloop
  endfacet
  facet normal 0.382899 0.92379 0
    outer loop
      vertex 40.8 -11.9574 4.3
      vertex 40.9988 -12.0398 3
      vertex 40.8 -11.9574 3
    endloop
  endfacet
  facet normal -0.996915 0.0784904 0
    outer loop
      vertex 37.8 -14 3
      vertex 37.8271 -13.6558 4.3
      vertex 37.8271 -13.6558 3
    endloop
  endfacet
  facet normal -0.996915 0.0784904 0
    outer loop
      vertex 37.8271 -13.6558 4.3
      vertex 37.8 -14 3
      vertex 37.8 -14 4.3
    endloop
  endfacet
  facet normal -0.760401 0.649454 0
    outer loop
      vertex 38.2202 -12.7069 3
      vertex 38.4444 -12.4444 4.3
      vertex 38.4444 -12.4444 3
    endloop
  endfacet
  facet normal -0.760401 0.649454 0
    outer loop
      vertex 38.4444 -12.4444 4.3
      vertex 38.2202 -12.7069 3
      vertex 38.2202 -12.7069 4.3
    endloop
  endfacet
  facet normal -0.649454 0.760401 0
    outer loop
      vertex 38.7069 -12.2202 3
      vertex 38.4444 -12.4444 4.3
      vertex 38.7069 -12.2202 4.3
    endloop
  endfacet
  facet normal -0.649454 0.760401 0
    outer loop
      vertex 38.4444 -12.4444 4.3
      vertex 38.7069 -12.2202 3
      vertex 38.4444 -12.4444 3
    endloop
  endfacet
  facet normal 0.0784904 -0.996915 0
    outer loop
      vertex 40 -16.2 3
      vertex 40.3442 -16.1729 4.3
      vertex 40 -16.2 4.3
    endloop
  endfacet
  facet normal 0.0784904 -0.996915 0
    outer loop
      vertex 40.3442 -16.1729 4.3
      vertex 40 -16.2 3
      vertex 40.3442 -16.1729 3
    endloop
  endfacet
  facet normal 0.233526 -0.97235 0
    outer loop
      vertex 40.3442 -16.1729 3
      vertex 40.6798 -16.0923 4.3
      vertex 40.3442 -16.1729 4.3
    endloop
  endfacet
  facet normal 0.233526 -0.97235 0
    outer loop
      vertex 40.6798 -16.0923 4.3
      vertex 40.3442 -16.1729 3
      vertex 40.6798 -16.0923 3
    endloop
  endfacet
  facet normal 0.760401 -0.649454 0
    outer loop
      vertex 41.5556 -15.5556 4.3
      vertex 41.7798 -15.2931 3
      vertex 41.7798 -15.2931 4.3
    endloop
  endfacet
  facet normal 0.760401 -0.649454 0
    outer loop
      vertex 41.7798 -15.2931 3
      vertex 41.5556 -15.5556 4.3
      vertex 41.5556 -15.5556 3
    endloop
  endfacet
  facet normal -0.0784904 -0.996915 0
    outer loop
      vertex 39.6558 -16.1729 3
      vertex 40 -16.2 4.3
      vertex 39.6558 -16.1729 4.3
    endloop
  endfacet
  facet normal -0.0784904 -0.996915 -0
    outer loop
      vertex 40 -16.2 4.3
      vertex 39.6558 -16.1729 3
      vertex 40 -16.2 3
    endloop
  endfacet
  facet normal -0.649454 -0.760401 0
    outer loop
      vertex 38.4444 -15.5556 3
      vertex 38.7069 -15.7798 4.3
      vertex 38.4444 -15.5556 4.3
    endloop
  endfacet
  facet normal -0.649454 -0.760401 -0
    outer loop
      vertex 38.7069 -15.7798 4.3
      vertex 38.4444 -15.5556 3
      vertex 38.7069 -15.7798 3
    endloop
  endfacet
  facet normal -0.996915 -0.0784904 0
    outer loop
      vertex 37.8271 -14.3442 3
      vertex 37.8 -14 4.3
      vertex 37.8 -14 3
    endloop
  endfacet
  facet normal -0.996915 -0.0784904 0
    outer loop
      vertex 37.8 -14 4.3
      vertex 37.8271 -14.3442 3
      vertex 37.8271 -14.3442 4.3
    endloop
  endfacet
  facet normal -0.760401 -0.649454 0
    outer loop
      vertex 38.4444 -15.5556 3
      vertex 38.2202 -15.2931 4.3
      vertex 38.2202 -15.2931 3
    endloop
  endfacet
  facet normal -0.760401 -0.649454 0
    outer loop
      vertex 38.2202 -15.2931 4.3
      vertex 38.4444 -15.5556 3
      vertex 38.4444 -15.5556 4.3
    endloop
  endfacet
  facet normal 0.52261 0.852572 -0
    outer loop
      vertex 41.2931 -12.2202 3
      vertex 40.9988 -12.0398 4.3
      vertex 41.2931 -12.2202 4.3
    endloop
  endfacet
  facet normal 0.52261 0.852572 0
    outer loop
      vertex 40.9988 -12.0398 4.3
      vertex 41.2931 -12.2202 3
      vertex 40.9988 -12.0398 3
    endloop
  endfacet
  facet normal -0.97235 0.233526 0
    outer loop
      vertex 37.8271 -13.6558 3
      vertex 37.9077 -13.3202 4.3
      vertex 37.9077 -13.3202 3
    endloop
  endfacet
  facet normal -0.97235 0.233526 0
    outer loop
      vertex 37.9077 -13.3202 4.3
      vertex 37.8271 -13.6558 3
      vertex 37.8271 -13.6558 4.3
    endloop
  endfacet
  facet normal -0.852572 0.52261 0
    outer loop
      vertex 38.0398 -13.0012 3
      vertex 38.2202 -12.7069 4.3
      vertex 38.2202 -12.7069 3
    endloop
  endfacet
  facet normal -0.852572 0.52261 0
    outer loop
      vertex 38.2202 -12.7069 4.3
      vertex 38.0398 -13.0012 3
      vertex 38.0398 -13.0012 4.3
    endloop
  endfacet
  facet normal -0.52261 0.852572 0
    outer loop
      vertex 39.0012 -12.0398 3
      vertex 38.7069 -12.2202 4.3
      vertex 39.0012 -12.0398 4.3
    endloop
  endfacet
  facet normal -0.52261 0.852572 0
    outer loop
      vertex 38.7069 -12.2202 4.3
      vertex 39.0012 -12.0398 3
      vertex 38.7069 -12.2202 3
    endloop
  endfacet
  facet normal -0.382899 0.92379 0
    outer loop
      vertex 39.2 -11.9574 3
      vertex 39.0012 -12.0398 4.3
      vertex 39.2 -11.9574 4.3
    endloop
  endfacet
  facet normal -0.382899 0.92379 0
    outer loop
      vertex 39.0012 -12.0398 4.3
      vertex 39.2 -11.9574 3
      vertex 39.0012 -12.0398 3
    endloop
  endfacet
  facet normal 0.649454 -0.760401 0
    outer loop
      vertex 41.2931 -15.7798 3
      vertex 41.5556 -15.5556 4.3
      vertex 41.2931 -15.7798 4.3
    endloop
  endfacet
  facet normal 0.649454 -0.760401 0
    outer loop
      vertex 41.5556 -15.5556 4.3
      vertex 41.2931 -15.7798 3
      vertex 41.5556 -15.5556 3
    endloop
  endfacet
  facet normal 0.382599 -0.923914 0
    outer loop
      vertex 40.6798 -16.0923 3
      vertex 40.9988 -15.9602 4.3
      vertex 40.6798 -16.0923 4.3
    endloop
  endfacet
  facet normal 0.382599 -0.923914 0
    outer loop
      vertex 40.9988 -15.9602 4.3
      vertex 40.6798 -16.0923 3
      vertex 40.9988 -15.9602 3
    endloop
  endfacet
  facet normal 0.852572 -0.52261 0
    outer loop
      vertex 41.7798 -15.2931 4.3
      vertex 41.9602 -14.9988 3
      vertex 41.9602 -14.9988 4.3
    endloop
  endfacet
  facet normal 0.852572 -0.52261 0
    outer loop
      vertex 41.9602 -14.9988 3
      vertex 41.7798 -15.2931 4.3
      vertex 41.7798 -15.2931 3
    endloop
  endfacet
  facet normal -0.52261 -0.852572 0
    outer loop
      vertex 38.7069 -15.7798 3
      vertex 39.0012 -15.9602 4.3
      vertex 38.7069 -15.7798 4.3
    endloop
  endfacet
  facet normal -0.52261 -0.852572 -0
    outer loop
      vertex 39.0012 -15.9602 4.3
      vertex 38.7069 -15.7798 3
      vertex 39.0012 -15.9602 3
    endloop
  endfacet
  facet normal -0.97235 -0.233526 0
    outer loop
      vertex 37.9077 -14.6798 3
      vertex 37.8271 -14.3442 4.3
      vertex 37.8271 -14.3442 3
    endloop
  endfacet
  facet normal -0.97235 -0.233526 0
    outer loop
      vertex 37.8271 -14.3442 4.3
      vertex 37.9077 -14.6798 3
      vertex 37.9077 -14.6798 4.3
    endloop
  endfacet
  facet normal -0.923914 -0.382599 0
    outer loop
      vertex 38.0398 -14.9988 3
      vertex 37.9077 -14.6798 4.3
      vertex 37.9077 -14.6798 3
    endloop
  endfacet
  facet normal -0.923914 -0.382599 0
    outer loop
      vertex 37.9077 -14.6798 4.3
      vertex 38.0398 -14.9988 3
      vertex 38.0398 -14.9988 4.3
    endloop
  endfacet
  facet normal 0.52261 -0.852572 0
    outer loop
      vertex 40.9988 -15.9602 3
      vertex 41.2931 -15.7798 4.3
      vertex 40.9988 -15.9602 4.3
    endloop
  endfacet
  facet normal 0.52261 -0.852572 0
    outer loop
      vertex 41.2931 -15.7798 4.3
      vertex 40.9988 -15.9602 3
      vertex 41.2931 -15.7798 3
    endloop
  endfacet
  facet normal -0.852572 -0.52261 0
    outer loop
      vertex 38.2202 -15.2931 3
      vertex 38.0398 -14.9988 4.3
      vertex 38.0398 -14.9988 3
    endloop
  endfacet
  facet normal -0.852572 -0.52261 0
    outer loop
      vertex 38.0398 -14.9988 4.3
      vertex 38.2202 -15.2931 3
      vertex 38.2202 -15.2931 4.3
    endloop
  endfacet
  facet normal 0.649454 0.760401 -0
    outer loop
      vertex 63.5556 -12.4444 3
      vertex 63.2931 -12.2202 4.3
      vertex 63.5556 -12.4444 4.3
    endloop
  endfacet
  facet normal 0.649454 0.760401 0
    outer loop
      vertex 63.2931 -12.2202 4.3
      vertex 63.5556 -12.4444 3
      vertex 63.2931 -12.2202 3
    endloop
  endfacet
  facet normal -0.233526 -0.97235 0
    outer loop
      vertex 61.3202 -16.0923 3
      vertex 61.6558 -16.1729 4.3
      vertex 61.3202 -16.0923 4.3
    endloop
  endfacet
  facet normal -0.233526 -0.97235 -0
    outer loop
      vertex 61.6558 -16.1729 4.3
      vertex 61.3202 -16.0923 3
      vertex 61.6558 -16.1729 3
    endloop
  endfacet
  facet normal -0.233526 0.97235 0
    outer loop
      vertex 61.6558 -11.8271 3
      vertex 61.3202 -11.9077 4.3
      vertex 61.6558 -11.8271 4.3
    endloop
  endfacet
  facet normal -0.233526 0.97235 0
    outer loop
      vertex 61.3202 -11.9077 4.3
      vertex 61.6558 -11.8271 3
      vertex 61.3202 -11.9077 3
    endloop
  endfacet
  facet normal -0.92379 0.382899 0
    outer loop
      vertex 59.9574 -13.2 3
      vertex 60.0398 -13.0012 4.3
      vertex 60.0398 -13.0012 3
    endloop
  endfacet
  facet normal -0.92379 0.382899 0
    outer loop
      vertex 60.0398 -13.0012 4.3
      vertex 59.9574 -13.2 3
      vertex 59.9574 -13.2 4.3
    endloop
  endfacet
  facet normal -0.92379 -0.382899 0
    outer loop
      vertex 60.0398 -14.9988 3
      vertex 59.9574 -14.8 4.3
      vertex 59.9574 -14.8 3
    endloop
  endfacet
  facet normal -0.92379 -0.382899 0
    outer loop
      vertex 59.9574 -14.8 4.3
      vertex 60.0398 -14.9988 3
      vertex 60.0398 -14.9988 4.3
    endloop
  endfacet
  facet normal 0.923914 0.382599 0
    outer loop
      vertex 64.0923 -13.3202 4.3
      vertex 63.9602 -13.0012 3
      vertex 63.9602 -13.0012 4.3
    endloop
  endfacet
  facet normal 0.923914 0.382599 0
    outer loop
      vertex 63.9602 -13.0012 3
      vertex 64.0923 -13.3202 4.3
      vertex 64.0923 -13.3202 3
    endloop
  endfacet
  facet normal 0.852572 0.52261 0
    outer loop
      vertex 63.9602 -13.0012 4.3
      vertex 63.7798 -12.7069 3
      vertex 63.7798 -12.7069 4.3
    endloop
  endfacet
  facet normal 0.852572 0.52261 0
    outer loop
      vertex 63.7798 -12.7069 3
      vertex 63.9602 -13.0012 4.3
      vertex 63.9602 -13.0012 3
    endloop
  endfacet
  facet normal 0.760401 0.649454 0
    outer loop
      vertex 63.7798 -12.7069 4.3
      vertex 63.5556 -12.4444 3
      vertex 63.5556 -12.4444 4.3
    endloop
  endfacet
  facet normal 0.760401 0.649454 0
    outer loop
      vertex 63.5556 -12.4444 3
      vertex 63.7798 -12.7069 4.3
      vertex 63.7798 -12.7069 3
    endloop
  endfacet
  facet normal 0.52261 0.852572 -0
    outer loop
      vertex 63.2931 -12.2202 3
      vertex 62.9988 -12.0398 4.3
      vertex 63.2931 -12.2202 4.3
    endloop
  endfacet
  facet normal 0.52261 0.852572 0
    outer loop
      vertex 62.9988 -12.0398 4.3
      vertex 63.2931 -12.2202 3
      vertex 62.9988 -12.0398 3
    endloop
  endfacet
  facet normal 0.0784904 0.996915 -0
    outer loop
      vertex 62.3442 -11.8271 3
      vertex 62 -11.8 4.3
      vertex 62.3442 -11.8271 4.3
    endloop
  endfacet
  facet normal 0.0784904 0.996915 0
    outer loop
      vertex 62 -11.8 4.3
      vertex 62.3442 -11.8271 3
      vertex 62 -11.8 3
    endloop
  endfacet
  facet normal -0.760401 0.649454 0
    outer loop
      vertex 60.2202 -12.7069 3
      vertex 60.4444 -12.4444 4.3
      vertex 60.4444 -12.4444 3
    endloop
  endfacet
  facet normal -0.760401 0.649454 0
    outer loop
      vertex 60.4444 -12.4444 4.3
      vertex 60.2202 -12.7069 3
      vertex 60.2202 -12.7069 4.3
    endloop
  endfacet
  facet normal -0.0784904 0.996915 0
    outer loop
      vertex 62 -11.8 3
      vertex 61.6558 -11.8271 4.3
      vertex 62 -11.8 4.3
    endloop
  endfacet
  facet normal -0.0784904 0.996915 0
    outer loop
      vertex 61.6558 -11.8271 4.3
      vertex 62 -11.8 3
      vertex 61.6558 -11.8271 3
    endloop
  endfacet
  facet normal -0.649454 0.760401 0
    outer loop
      vertex 60.7069 -12.2202 3
      vertex 60.4444 -12.4444 4.3
      vertex 60.7069 -12.2202 4.3
    endloop
  endfacet
  facet normal -0.649454 0.760401 0
    outer loop
      vertex 60.4444 -12.4444 4.3
      vertex 60.7069 -12.2202 3
      vertex 60.4444 -12.4444 3
    endloop
  endfacet
  facet normal 0.996915 0.0784904 0
    outer loop
      vertex 64.2 -14 4.3
      vertex 64.1729 -13.6558 3
      vertex 64.1729 -13.6558 4.3
    endloop
  endfacet
  facet normal 0.996915 0.0784904 0
    outer loop
      vertex 64.1729 -13.6558 3
      vertex 64.2 -14 4.3
      vertex 64.2 -14 3
    endloop
  endfacet
  facet normal 0.0784904 -0.996915 0
    outer loop
      vertex 62 -16.2 3
      vertex 62.3442 -16.1729 4.3
      vertex 62 -16.2 4.3
    endloop
  endfacet
  facet normal 0.0784904 -0.996915 0
    outer loop
      vertex 62.3442 -16.1729 4.3
      vertex 62 -16.2 3
      vertex 62.3442 -16.1729 3
    endloop
  endfacet
  facet normal 0.923914 -0.382599 0
    outer loop
      vertex 63.9602 -14.9988 4.3
      vertex 64.0923 -14.6798 3
      vertex 64.0923 -14.6798 4.3
    endloop
  endfacet
  facet normal 0.923914 -0.382599 0
    outer loop
      vertex 64.0923 -14.6798 3
      vertex 63.9602 -14.9988 4.3
      vertex 63.9602 -14.9988 3
    endloop
  endfacet
  facet normal 0.233526 -0.97235 0
    outer loop
      vertex 62.3442 -16.1729 3
      vertex 62.6798 -16.0923 4.3
      vertex 62.3442 -16.1729 4.3
    endloop
  endfacet
  facet normal 0.233526 -0.97235 0
    outer loop
      vertex 62.6798 -16.0923 4.3
      vertex 62.3442 -16.1729 3
      vertex 62.6798 -16.0923 3
    endloop
  endfacet
  facet normal 0.760401 -0.649454 0
    outer loop
      vertex 63.5556 -15.5556 4.3
      vertex 63.7798 -15.2931 3
      vertex 63.7798 -15.2931 4.3
    endloop
  endfacet
  facet normal 0.760401 -0.649454 0
    outer loop
      vertex 63.7798 -15.2931 3
      vertex 63.5556 -15.5556 4.3
      vertex 63.5556 -15.5556 3
    endloop
  endfacet
  facet normal -0.649454 -0.760401 0
    outer loop
      vertex 60.4444 -15.5556 3
      vertex 60.7069 -15.7798 4.3
      vertex 60.4444 -15.5556 4.3
    endloop
  endfacet
  facet normal -0.649454 -0.760401 -0
    outer loop
      vertex 60.7069 -15.7798 4.3
      vertex 60.4444 -15.5556 3
      vertex 60.7069 -15.7798 3
    endloop
  endfacet
  facet normal 0.97235 0.233526 0
    outer loop
      vertex 64.1729 -13.6558 4.3
      vertex 64.0923 -13.3202 3
      vertex 64.0923 -13.3202 4.3
    endloop
  endfacet
  facet normal 0.97235 0.233526 0
    outer loop
      vertex 64.0923 -13.3202 3
      vertex 64.1729 -13.6558 4.3
      vertex 64.1729 -13.6558 3
    endloop
  endfacet
  facet normal 0.382599 0.923914 -0
    outer loop
      vertex 62.9988 -12.0398 3
      vertex 62.6798 -11.9077 4.3
      vertex 62.9988 -12.0398 4.3
    endloop
  endfacet
  facet normal 0.382599 0.923914 0
    outer loop
      vertex 62.6798 -11.9077 4.3
      vertex 62.9988 -12.0398 3
      vertex 62.6798 -11.9077 3
    endloop
  endfacet
  facet normal 0.233526 0.97235 -0
    outer loop
      vertex 62.6798 -11.9077 3
      vertex 62.3442 -11.8271 4.3
      vertex 62.6798 -11.9077 4.3
    endloop
  endfacet
  facet normal 0.233526 0.97235 0
    outer loop
      vertex 62.3442 -11.8271 4.3
      vertex 62.6798 -11.9077 3
      vertex 62.3442 -11.8271 3
    endloop
  endfacet
  facet normal -0.382599 0.923914 0
    outer loop
      vertex 61.3202 -11.9077 3
      vertex 61.0012 -12.0398 4.3
      vertex 61.3202 -11.9077 4.3
    endloop
  endfacet
  facet normal -0.382599 0.923914 0
    outer loop
      vertex 61.0012 -12.0398 4.3
      vertex 61.3202 -11.9077 3
      vertex 61.0012 -12.0398 3
    endloop
  endfacet
  facet normal -0.52261 0.852572 0
    outer loop
      vertex 61.0012 -12.0398 3
      vertex 60.7069 -12.2202 4.3
      vertex 61.0012 -12.0398 4.3
    endloop
  endfacet
  facet normal -0.52261 0.852572 0
    outer loop
      vertex 60.7069 -12.2202 4.3
      vertex 61.0012 -12.0398 3
      vertex 60.7069 -12.2202 3
    endloop
  endfacet
  facet normal 0.996915 -0.0784904 0
    outer loop
      vertex 64.1729 -14.3442 4.3
      vertex 64.2 -14 3
      vertex 64.2 -14 4.3
    endloop
  endfacet
  facet normal 0.996915 -0.0784904 0
    outer loop
      vertex 64.2 -14 3
      vertex 64.1729 -14.3442 4.3
      vertex 64.1729 -14.3442 3
    endloop
  endfacet
  facet normal 0.97235 -0.233526 0
    outer loop
      vertex 64.0923 -14.6798 4.3
      vertex 64.1729 -14.3442 3
      vertex 64.1729 -14.3442 4.3
    endloop
  endfacet
  facet normal 0.97235 -0.233526 0
    outer loop
      vertex 64.1729 -14.3442 3
      vertex 64.0923 -14.6798 4.3
      vertex 64.0923 -14.6798 3
    endloop
  endfacet
  facet normal 0.382599 -0.923914 0
    outer loop
      vertex 62.6798 -16.0923 3
      vertex 62.9988 -15.9602 4.3
      vertex 62.6798 -16.0923 4.3
    endloop
  endfacet
  facet normal 0.382599 -0.923914 0
    outer loop
      vertex 62.9988 -15.9602 4.3
      vertex 62.6798 -16.0923 3
      vertex 62.9988 -15.9602 3
    endloop
  endfacet
  facet normal 0.649454 -0.760401 0
    outer loop
      vertex 63.2931 -15.7798 3
      vertex 63.5556 -15.5556 4.3
      vertex 63.2931 -15.7798 4.3
    endloop
  endfacet
  facet normal 0.649454 -0.760401 0
    outer loop
      vertex 63.5556 -15.5556 4.3
      vertex 63.2931 -15.7798 3
      vertex 63.5556 -15.5556 3
    endloop
  endfacet
  facet normal 0.52261 -0.852572 0
    outer loop
      vertex 62.9988 -15.9602 3
      vertex 63.2931 -15.7798 4.3
      vertex 62.9988 -15.9602 4.3
    endloop
  endfacet
  facet normal 0.52261 -0.852572 0
    outer loop
      vertex 63.2931 -15.7798 4.3
      vertex 62.9988 -15.9602 3
      vertex 63.2931 -15.7798 3
    endloop
  endfacet
  facet normal 0.852572 -0.52261 0
    outer loop
      vertex 63.7798 -15.2931 4.3
      vertex 63.9602 -14.9988 3
      vertex 63.9602 -14.9988 4.3
    endloop
  endfacet
  facet normal 0.852572 -0.52261 0
    outer loop
      vertex 63.9602 -14.9988 3
      vertex 63.7798 -15.2931 4.3
      vertex 63.7798 -15.2931 3
    endloop
  endfacet
  facet normal -0.0784904 -0.996915 0
    outer loop
      vertex 61.6558 -16.1729 3
      vertex 62 -16.2 4.3
      vertex 61.6558 -16.1729 4.3
    endloop
  endfacet
  facet normal -0.0784904 -0.996915 -0
    outer loop
      vertex 62 -16.2 4.3
      vertex 61.6558 -16.1729 3
      vertex 62 -16.2 3
    endloop
  endfacet
  facet normal -0.52261 -0.852572 0
    outer loop
      vertex 60.7069 -15.7798 3
      vertex 61.0012 -15.9602 4.3
      vertex 60.7069 -15.7798 4.3
    endloop
  endfacet
  facet normal -0.52261 -0.852572 -0
    outer loop
      vertex 61.0012 -15.9602 4.3
      vertex 60.7069 -15.7798 3
      vertex 61.0012 -15.9602 3
    endloop
  endfacet
  facet normal -0.760401 -0.649454 0
    outer loop
      vertex 60.4444 -15.5556 3
      vertex 60.2202 -15.2931 4.3
      vertex 60.2202 -15.2931 3
    endloop
  endfacet
  facet normal -0.760401 -0.649454 0
    outer loop
      vertex 60.2202 -15.2931 4.3
      vertex 60.4444 -15.5556 3
      vertex 60.4444 -15.5556 4.3
    endloop
  endfacet
  facet normal -0.852572 0.52261 0
    outer loop
      vertex 60.0398 -13.0012 3
      vertex 60.2202 -12.7069 4.3
      vertex 60.2202 -12.7069 3
    endloop
  endfacet
  facet normal -0.852572 0.52261 0
    outer loop
      vertex 60.2202 -12.7069 4.3
      vertex 60.0398 -13.0012 3
      vertex 60.0398 -13.0012 4.3
    endloop
  endfacet
  facet normal -0.382599 -0.923914 0
    outer loop
      vertex 61.0012 -15.9602 3
      vertex 61.3202 -16.0923 4.3
      vertex 61.0012 -15.9602 4.3
    endloop
  endfacet
  facet normal -0.382599 -0.923914 -0
    outer loop
      vertex 61.3202 -16.0923 4.3
      vertex 61.0012 -15.9602 3
      vertex 61.3202 -16.0923 3
    endloop
  endfacet
  facet normal -0.852572 -0.52261 0
    outer loop
      vertex 60.2202 -15.2931 3
      vertex 60.0398 -14.9988 4.3
      vertex 60.0398 -14.9988 3
    endloop
  endfacet
  facet normal -0.852572 -0.52261 0
    outer loop
      vertex 60.0398 -14.9988 4.3
      vertex 60.2202 -15.2931 3
      vertex 60.2202 -15.2931 4.3
    endloop
  endfacet
  facet normal 1 -0 0
    outer loop
      vertex -45.2 -13.9574 4.3
      vertex -45.2 -0.799999 3
      vertex -45.2 -0.799999 4.3
    endloop
  endfacet
  facet normal 1 0 0
    outer loop
      vertex -45.2 -0.799999 3
      vertex -45.2 -13.9574 4.3
      vertex -45.2 -13.9574 3
    endloop
  endfacet
  facet normal 1 -0 0
    outer loop
      vertex -45.2 0.799999 4.3
      vertex -45.2 13.2 3
      vertex -45.2 13.2 4.3
    endloop
  endfacet
  facet normal 1 0 0
    outer loop
      vertex -45.2 13.2 3
      vertex -45.2 0.799999 4.3
      vertex -45.2 0.799999 3
    endloop
  endfacet
  facet normal 0 -1 0
    outer loop
      vertex -59.9574 -16.8 3
      vertex -48.0426 -16.8 4.3
      vertex -59.9574 -16.8 4.3
    endloop
  endfacet
  facet normal 0 -1 -0
    outer loop
      vertex -48.0426 -16.8 4.3
      vertex -59.9574 -16.8 3
      vertex -48.0426 -16.8 3
    endloop
  endfacet
  facet normal 0 1 -0
    outer loop
      vertex -48.0426 -15.2 3
      vertex -59.9574 -15.2 4.3
      vertex -48.0426 -15.2 4.3
    endloop
  endfacet
  facet normal 0 1 0
    outer loop
      vertex -59.9574 -15.2 4.3
      vertex -48.0426 -15.2 3
      vertex -59.9574 -15.2 3
    endloop
  endfacet
  facet normal -1 0 0
    outer loop
      vertex -46.8 -13.9574 3
      vertex -46.8 -0.799999 4.3
      vertex -46.8 -0.799999 3
    endloop
  endfacet
  facet normal -1 -0 0
    outer loop
      vertex -46.8 -0.799999 4.3
      vertex -46.8 -13.9574 3
      vertex -46.8 -13.9574 4.3
    endloop
  endfacet
  facet normal -1 0 0
    outer loop
      vertex -46.8 0.799999 3
      vertex -46.8 13.2 4.3
      vertex -46.8 13.2 3
    endloop
  endfacet
  facet normal -1 -0 0
    outer loop
      vertex -46.8 13.2 4.3
      vertex -46.8 0.799999 3
      vertex -46.8 0.799999 4.3
    endloop
  endfacet
  facet normal 0 1 -0
    outer loop
      vertex -14.0426 16.8 3
      vertex -43.9574 16.8 4.3
      vertex -14.0426 16.8 4.3
    endloop
  endfacet
  facet normal 0 1 0
    outer loop
      vertex -43.9574 16.8 4.3
      vertex -14.0426 16.8 3
      vertex -43.9574 16.8 3
    endloop
  endfacet
  facet normal 1 -0 0
    outer loop
      vertex -11.2 -13.9574 4.3
      vertex -11.2 -10.8 3
      vertex -11.2 -10.8 4.3
    endloop
  endfacet
  facet normal 1 0 0
    outer loop
      vertex -11.2 -10.8 3
      vertex -11.2 -13.9574 4.3
      vertex -11.2 -13.9574 3
    endloop
  endfacet
  facet normal 1 -0 0
    outer loop
      vertex -11.2 0.799999 4.3
      vertex -11.2 13.9574 3
      vertex -11.2 13.9574 4.3
    endloop
  endfacet
  facet normal 1 0 0
    outer loop
      vertex -11.2 13.9574 3
      vertex -11.2 0.799999 4.3
      vertex -11.2 0.799999 3
    endloop
  endfacet
  facet normal 1 -0 0
    outer loop
      vertex -11.2 -9.2 4.3
      vertex -11.2 -0.799999 3
      vertex -11.2 -0.799999 4.3
    endloop
  endfacet
  facet normal 1 0 0
    outer loop
      vertex -11.2 -0.799999 3
      vertex -11.2 -9.2 4.3
      vertex -11.2 -9.2 3
    endloop
  endfacet
  facet normal 0 -1 0
    outer loop
      vertex -43.9574 15.2 3
      vertex -31.8369 15.2 4.3
      vertex -43.9574 15.2 4.3
    endloop
  endfacet
  facet normal 0 -1 -0
    outer loop
      vertex -31.8369 15.2 4.3
      vertex -43.9574 15.2 3
      vertex -31.8369 15.2 3
    endloop
  endfacet
  facet normal 0 -1 0
    outer loop
      vertex -28.1631 15.2 3
      vertex -14.0426 15.2 4.3
      vertex -28.1631 15.2 4.3
    endloop
  endfacet
  facet normal 0 -1 -0
    outer loop
      vertex -14.0426 15.2 4.3
      vertex -28.1631 15.2 3
      vertex -14.0426 15.2 3
    endloop
  endfacet
  facet normal -1 0 0
    outer loop
      vertex -12.8 -13.9574 3
      vertex -12.8 -10.8 4.3
      vertex -12.8 -10.8 3
    endloop
  endfacet
  facet normal -1 -0 0
    outer loop
      vertex -12.8 -10.8 4.3
      vertex -12.8 -13.9574 3
      vertex -12.8 -13.9574 4.3
    endloop
  endfacet
  facet normal -1 0 0
    outer loop
      vertex -12.8 0.799999 3
      vertex -12.8 13.9574 4.3
      vertex -12.8 13.9574 3
    endloop
  endfacet
  facet normal -1 -0 0
    outer loop
      vertex -12.8 13.9574 4.3
      vertex -12.8 0.799999 3
      vertex -12.8 0.799999 4.3
    endloop
  endfacet
  facet normal -1 0 0
    outer loop
      vertex -12.8 -9.2 3
      vertex -12.8 -0.799999 4.3
      vertex -12.8 -0.799999 3
    endloop
  endfacet
  facet normal -1 -0 0
    outer loop
      vertex -12.8 -0.799999 4.3
      vertex -12.8 -9.2 3
      vertex -12.8 -9.2 4.3
    endloop
  endfacet
  facet normal 0 -1 0
    outer loop
      vertex -9.95745 -16.8 3
      vertex 19.9574 -16.8 4.3
      vertex -9.95745 -16.8 4.3
    endloop
  endfacet
  facet normal 0 -1 -0
    outer loop
      vertex 19.9574 -16.8 4.3
      vertex -9.95745 -16.8 3
      vertex 19.9574 -16.8 3
    endloop
  endfacet
  facet normal 1 -0 0
    outer loop
      vertex 22.8 8.8 4.3
      vertex 22.8 11.9574 3
      vertex 22.8 11.9574 4.3
    endloop
  endfacet
  facet normal 1 0 0
    outer loop
      vertex 22.8 11.9574 3
      vertex 22.8 8.8 4.3
      vertex 22.8 8.8 3
    endloop
  endfacet
  facet normal 1 -0 0
    outer loop
      vertex 22.8 -13.9574 4.3
      vertex 22.8 7.2 3
      vertex 22.8 7.2 4.3
    endloop
  endfacet
  facet normal 1 0 0
    outer loop
      vertex 22.8 7.2 3
      vertex 22.8 -13.9574 4.3
      vertex 22.8 -13.9574 3
    endloop
  endfacet
  facet normal 0 1 -0
    outer loop
      vertex 19.9574 -15.2 3
      vertex -9.95745 -15.2 4.3
      vertex 19.9574 -15.2 4.3
    endloop
  endfacet
  facet normal 0 1 0
    outer loop
      vertex -9.95745 -15.2 4.3
      vertex 19.9574 -15.2 3
      vertex -9.95745 -15.2 3
    endloop
  endfacet
  facet normal -1 0 0
    outer loop
      vertex 21.2 8.8 3
      vertex 21.2 11.9574 4.3
      vertex 21.2 11.9574 3
    endloop
  endfacet
  facet normal -1 -0 0
    outer loop
      vertex 21.2 11.9574 4.3
      vertex 21.2 8.8 3
      vertex 21.2 8.8 4.3
    endloop
  endfacet
  facet normal -1 0 0
    outer loop
      vertex 21.2 -13.9574 3
      vertex 21.2 7.2 4.3
      vertex 21.2 7.2 3
    endloop
  endfacet
  facet normal -1 -0 0
    outer loop
      vertex 21.2 7.2 4.3
      vertex 21.2 -13.9574 3
      vertex 21.2 -13.9574 4.3
    endloop
  endfacet
  facet normal 0 1 -0
    outer loop
      vertex 33.2 14.8 3
      vertex 24.0426 14.8 4.3
      vertex 33.2 14.8 4.3
    endloop
  endfacet
  facet normal 0 1 0
    outer loop
      vertex 24.0426 14.8 4.3
      vertex 33.2 14.8 3
      vertex 24.0426 14.8 3
    endloop
  endfacet
  facet normal 0 1 -0
    outer loop
      vertex 55.9574 14.8 3
      vertex 34.8 14.8 4.3
      vertex 55.9574 14.8 4.3
    endloop
  endfacet
  facet normal 0 1 0
    outer loop
      vertex 34.8 14.8 4.3
      vertex 55.9574 14.8 3
      vertex 34.8 14.8 3
    endloop
  endfacet
  facet normal 0 -1 0
    outer loop
      vertex 24.0426 13.2 3
      vertex 33.2 13.2 4.3
      vertex 24.0426 13.2 4.3
    endloop
  endfacet
  facet normal 0 -1 -0
    outer loop
      vertex 33.2 13.2 4.3
      vertex 24.0426 13.2 3
      vertex 33.2 13.2 3
    endloop
  endfacet
  facet normal 0 -1 0
    outer loop
      vertex 34.8 13.2 3
      vertex 55.9574 13.2 4.3
      vertex 34.8 13.2 4.3
    endloop
  endfacet
  facet normal 0 -1 -0
    outer loop
      vertex 55.9574 13.2 4.3
      vertex 34.8 13.2 3
      vertex 55.9574 13.2 3
    endloop
  endfacet
  facet normal -0.996915 0.0784904 0
    outer loop
      vertex -64.2 -16 3
      vertex -64.1729 -15.6558 4.3
      vertex -64.1729 -15.6558 3
    endloop
  endfacet
  facet normal -0.996915 0.0784904 0
    outer loop
      vertex -64.1729 -15.6558 4.3
      vertex -64.2 -16 3
      vertex -64.2 -16 4.3
    endloop
  endfacet
  facet normal 0.0784904 0.996915 -0
    outer loop
      vertex -61.6558 -13.8271 3
      vertex -62 -13.8 4.3
      vertex -61.6558 -13.8271 4.3
    endloop
  endfacet
  facet normal 0.0784904 0.996915 0
    outer loop
      vertex -62 -13.8 4.3
      vertex -61.6558 -13.8271 3
      vertex -62 -13.8 3
    endloop
  endfacet
  facet normal -0.0784904 -0.996915 0
    outer loop
      vertex -62.3442 -18.1729 3
      vertex -62 -18.2 4.3
      vertex -62.3442 -18.1729 4.3
    endloop
  endfacet
  facet normal -0.0784904 -0.996915 -0
    outer loop
      vertex -62 -18.2 4.3
      vertex -62.3442 -18.1729 3
      vertex -62 -18.2 3
    endloop
  endfacet
  facet normal -0.760401 -0.649454 0
    outer loop
      vertex -63.5556 -17.5556 3
      vertex -63.7798 -17.2931 4.3
      vertex -63.7798 -17.2931 3
    endloop
  endfacet
  facet normal -0.760401 -0.649454 0
    outer loop
      vertex -63.7798 -17.2931 4.3
      vertex -63.5556 -17.5556 3
      vertex -63.5556 -17.5556 4.3
    endloop
  endfacet
  facet normal 0.760401 0.649454 0
    outer loop
      vertex -60.2202 -14.7069 4.3
      vertex -60.4444 -14.4444 3
      vertex -60.4444 -14.4444 4.3
    endloop
  endfacet
  facet normal 0.760401 0.649454 0
    outer loop
      vertex -60.4444 -14.4444 3
      vertex -60.2202 -14.7069 4.3
      vertex -60.2202 -14.7069 3
    endloop
  endfacet
  facet normal -0.649454 0.760401 0
    outer loop
      vertex -63.2931 -14.2202 3
      vertex -63.5556 -14.4444 4.3
      vertex -63.2931 -14.2202 4.3
    endloop
  endfacet
  facet normal -0.649454 0.760401 0
    outer loop
      vertex -63.5556 -14.4444 4.3
      vertex -63.2931 -14.2202 3
      vertex -63.5556 -14.4444 3
    endloop
  endfacet
  facet normal -0.233526 0.97235 0
    outer loop
      vertex -62.3442 -13.8271 3
      vertex -62.6798 -13.9077 4.3
      vertex -62.3442 -13.8271 4.3
    endloop
  endfacet
  facet normal -0.233526 0.97235 0
    outer loop
      vertex -62.6798 -13.9077 4.3
      vertex -62.3442 -13.8271 3
      vertex -62.6798 -13.9077 3
    endloop
  endfacet
  facet normal 0.92379 0.382899 0
    outer loop
      vertex -59.9574 -15.2 4.3
      vertex -60.0398 -15.0012 3
      vertex -60.0398 -15.0012 4.3
    endloop
  endfacet
  facet normal 0.92379 0.382899 0
    outer loop
      vertex -60.0398 -15.0012 3
      vertex -59.9574 -15.2 4.3
      vertex -59.9574 -15.2 3
    endloop
  endfacet
  facet normal 0.852572 0.52261 0
    outer loop
      vertex -60.0398 -15.0012 4.3
      vertex -60.2202 -14.7069 3
      vertex -60.2202 -14.7069 4.3
    endloop
  endfacet
  facet normal 0.852572 0.52261 0
    outer loop
      vertex -60.2202 -14.7069 3
      vertex -60.0398 -15.0012 4.3
      vertex -60.0398 -15.0012 3
    endloop
  endfacet
  facet normal 0.382599 0.923914 -0
    outer loop
      vertex -61.0012 -14.0398 3
      vertex -61.3202 -13.9077 4.3
      vertex -61.0012 -14.0398 4.3
    endloop
  endfacet
  facet normal 0.382599 0.923914 0
    outer loop
      vertex -61.3202 -13.9077 4.3
      vertex -61.0012 -14.0398 3
      vertex -61.3202 -13.9077 3
    endloop
  endfacet
  facet normal 0.233526 0.97235 -0
    outer loop
      vertex -61.3202 -13.9077 3
      vertex -61.6558 -13.8271 4.3
      vertex -61.3202 -13.9077 4.3
    endloop
  endfacet
  facet normal 0.233526 0.97235 0
    outer loop
      vertex -61.6558 -13.8271 4.3
      vertex -61.3202 -13.9077 3
      vertex -61.6558 -13.8271 3
    endloop
  endfacet
  facet normal 0.649454 0.760401 -0
    outer loop
      vertex -60.4444 -14.4444 3
      vertex -60.7069 -14.2202 4.3
      vertex -60.4444 -14.4444 4.3
    endloop
  endfacet
  facet normal 0.649454 0.760401 0
    outer loop
      vertex -60.7069 -14.2202 4.3
      vertex -60.4444 -14.4444 3
      vertex -60.7069 -14.2202 3
    endloop
  endfacet
  facet normal -0.923914 0.382599 0
    outer loop
      vertex -64.0923 -15.3202 3
      vertex -63.9602 -15.0012 4.3
      vertex -63.9602 -15.0012 3
    endloop
  endfacet
  facet normal -0.923914 0.382599 0
    outer loop
      vertex -63.9602 -15.0012 4.3
      vertex -64.0923 -15.3202 3
      vertex -64.0923 -15.3202 4.3
    endloop
  endfacet
  facet normal -0.760401 0.649454 0
    outer loop
      vertex -63.7798 -14.7069 3
      vertex -63.5556 -14.4444 4.3
      vertex -63.5556 -14.4444 3
    endloop
  endfacet
  facet normal -0.760401 0.649454 0
    outer loop
      vertex -63.5556 -14.4444 4.3
      vertex -63.7798 -14.7069 3
      vertex -63.7798 -14.7069 4.3
    endloop
  endfacet
  facet normal -0.97235 0.233526 0
    outer loop
      vertex -64.1729 -15.6558 3
      vertex -64.0923 -15.3202 4.3
      vertex -64.0923 -15.3202 3
    endloop
  endfacet
  facet normal -0.97235 0.233526 0
    outer loop
      vertex -64.0923 -15.3202 4.3
      vertex -64.1729 -15.6558 3
      vertex -64.1729 -15.6558 4.3
    endloop
  endfacet
  facet normal -0.0784904 0.996915 0
    outer loop
      vertex -62 -13.8 3
      vertex -62.3442 -13.8271 4.3
      vertex -62 -13.8 4.3
    endloop
  endfacet
  facet normal -0.0784904 0.996915 0
    outer loop
      vertex -62.3442 -13.8271 4.3
      vertex -62 -13.8 3
      vertex -62.3442 -13.8271 3
    endloop
  endfacet
  facet normal 0.0784904 -0.996915 0
    outer loop
      vertex -62 -18.2 3
      vertex -61.6558 -18.1729 4.3
      vertex -62 -18.2 4.3
    endloop
  endfacet
  facet normal 0.0784904 -0.996915 0
    outer loop
      vertex -61.6558 -18.1729 4.3
      vertex -62 -18.2 3
      vertex -61.6558 -18.1729 3
    endloop
  endfacet
  facet normal -0.382599 -0.923914 0
    outer loop
      vertex -62.9988 -17.9602 3
      vertex -62.6798 -18.0923 4.3
      vertex -62.9988 -17.9602 4.3
    endloop
  endfacet
  facet normal -0.382599 -0.923914 -0
    outer loop
      vertex -62.6798 -18.0923 4.3
      vertex -62.9988 -17.9602 3
      vertex -62.6798 -18.0923 3
    endloop
  endfacet
  facet normal -0.649454 -0.760401 0
    outer loop
      vertex -63.5556 -17.5556 3
      vertex -63.2931 -17.7798 4.3
      vertex -63.5556 -17.5556 4.3
    endloop
  endfacet
  facet normal -0.649454 -0.760401 -0
    outer loop
      vertex -63.2931 -17.7798 4.3
      vertex -63.5556 -17.5556 3
      vertex -63.2931 -17.7798 3
    endloop
  endfacet
  facet normal -0.233526 -0.97235 0
    outer loop
      vertex -62.6798 -18.0923 3
      vertex -62.3442 -18.1729 4.3
      vertex -62.6798 -18.0923 4.3
    endloop
  endfacet
  facet normal -0.233526 -0.97235 -0
    outer loop
      vertex -62.3442 -18.1729 4.3
      vertex -62.6798 -18.0923 3
      vertex -62.3442 -18.1729 3
    endloop
  endfacet
  facet normal -0.996915 -0.0784904 0
    outer loop
      vertex -64.1729 -16.3442 3
      vertex -64.2 -16 4.3
      vertex -64.2 -16 3
    endloop
  endfacet
  facet normal -0.996915 -0.0784904 0
    outer loop
      vertex -64.2 -16 4.3
      vertex -64.1729 -16.3442 3
      vertex -64.1729 -16.3442 4.3
    endloop
  endfacet
  facet normal 0.52261 0.852572 -0
    outer loop
      vertex -60.7069 -14.2202 3
      vertex -61.0012 -14.0398 4.3
      vertex -60.7069 -14.2202 4.3
    endloop
  endfacet
  facet normal 0.52261 0.852572 0
    outer loop
      vertex -61.0012 -14.0398 4.3
      vertex -60.7069 -14.2202 3
      vertex -61.0012 -14.0398 3
    endloop
  endfacet
  facet normal -0.852572 0.52261 0
    outer loop
      vertex -63.9602 -15.0012 3
      vertex -63.7798 -14.7069 4.3
      vertex -63.7798 -14.7069 3
    endloop
  endfacet
  facet normal -0.852572 0.52261 0
    outer loop
      vertex -63.7798 -14.7069 4.3
      vertex -63.9602 -15.0012 3
      vertex -63.9602 -15.0012 4.3
    endloop
  endfacet
  facet normal -0.382599 0.923914 0
    outer loop
      vertex -62.6798 -13.9077 3
      vertex -62.9988 -14.0398 4.3
      vertex -62.6798 -13.9077 4.3
    endloop
  endfacet
  facet normal -0.382599 0.923914 0
    outer loop
      vertex -62.9988 -14.0398 4.3
      vertex -62.6798 -13.9077 3
      vertex -62.9988 -14.0398 3
    endloop
  endfacet
  facet normal -0.52261 0.852572 0
    outer loop
      vertex -62.9988 -14.0398 3
      vertex -63.2931 -14.2202 4.3
      vertex -62.9988 -14.0398 4.3
    endloop
  endfacet
  facet normal -0.52261 0.852572 0
    outer loop
      vertex -63.2931 -14.2202 4.3
      vertex -62.9988 -14.0398 3
      vertex -63.2931 -14.2202 3
    endloop
  endfacet
  facet normal 0.233526 -0.97235 0
    outer loop
      vertex -61.6558 -18.1729 3
      vertex -61.3202 -18.0923 4.3
      vertex -61.6558 -18.1729 4.3
    endloop
  endfacet
  facet normal 0.233526 -0.97235 0
    outer loop
      vertex -61.3202 -18.0923 4.3
      vertex -61.6558 -18.1729 3
      vertex -61.3202 -18.0923 3
    endloop
  endfacet
  facet normal 0.649454 -0.760401 0
    outer loop
      vertex -60.7069 -17.7798 3
      vertex -60.4444 -17.5556 4.3
      vertex -60.7069 -17.7798 4.3
    endloop
  endfacet
  facet normal 0.649454 -0.760401 0
    outer loop
      vertex -60.4444 -17.5556 4.3
      vertex -60.7069 -17.7798 3
      vertex -60.4444 -17.5556 3
    endloop
  endfacet
  facet normal 0.382599 -0.923914 0
    outer loop
      vertex -61.3202 -18.0923 3
      vertex -61.0012 -17.9602 4.3
      vertex -61.3202 -18.0923 4.3
    endloop
  endfacet
  facet normal 0.382599 -0.923914 0
    outer loop
      vertex -61.0012 -17.9602 4.3
      vertex -61.3202 -18.0923 3
      vertex -61.0012 -17.9602 3
    endloop
  endfacet
  facet normal 0.760401 -0.649454 0
    outer loop
      vertex -60.4444 -17.5556 4.3
      vertex -60.2202 -17.2931 3
      vertex -60.2202 -17.2931 4.3
    endloop
  endfacet
  facet normal 0.760401 -0.649454 0
    outer loop
      vertex -60.2202 -17.2931 3
      vertex -60.4444 -17.5556 4.3
      vertex -60.4444 -17.5556 3
    endloop
  endfacet
  facet normal -0.52261 -0.852572 0
    outer loop
      vertex -63.2931 -17.7798 3
      vertex -62.9988 -17.9602 4.3
      vertex -63.2931 -17.7798 4.3
    endloop
  endfacet
  facet normal -0.52261 -0.852572 -0
    outer loop
      vertex -62.9988 -17.9602 4.3
      vertex -63.2931 -17.7798 3
      vertex -62.9988 -17.9602 3
    endloop
  endfacet
  facet normal -0.923914 -0.382599 0
    outer loop
      vertex -63.9602 -16.9988 3
      vertex -64.0923 -16.6798 4.3
      vertex -64.0923 -16.6798 3
    endloop
  endfacet
  facet normal -0.923914 -0.382599 0
    outer loop
      vertex -64.0923 -16.6798 4.3
      vertex -63.9602 -16.9988 3
      vertex -63.9602 -16.9988 4.3
    endloop
  endfacet
  facet normal -0.97235 -0.233526 0
    outer loop
      vertex -64.0923 -16.6798 3
      vertex -64.1729 -16.3442 4.3
      vertex -64.1729 -16.3442 3
    endloop
  endfacet
  facet normal -0.97235 -0.233526 0
    outer loop
      vertex -64.1729 -16.3442 4.3
      vertex -64.0923 -16.6798 3
      vertex -64.0923 -16.6798 4.3
    endloop
  endfacet
  facet normal 0.52261 -0.852572 0
    outer loop
      vertex -61.0012 -17.9602 3
      vertex -60.7069 -17.7798 4.3
      vertex -61.0012 -17.9602 4.3
    endloop
  endfacet
  facet normal 0.52261 -0.852572 0
    outer loop
      vertex -60.7069 -17.7798 4.3
      vertex -61.0012 -17.9602 3
      vertex -60.7069 -17.7798 3
    endloop
  endfacet
  facet normal 0.852572 -0.52261 0
    outer loop
      vertex -60.2202 -17.2931 4.3
      vertex -60.0398 -16.9988 3
      vertex -60.0398 -16.9988 4.3
    endloop
  endfacet
  facet normal 0.852572 -0.52261 0
    outer loop
      vertex -60.0398 -16.9988 3
      vertex -60.2202 -17.2931 4.3
      vertex -60.2202 -17.2931 3
    endloop
  endfacet
  facet normal -0.852572 -0.52261 0
    outer loop
      vertex -63.7798 -17.2931 3
      vertex -63.9602 -16.9988 4.3
      vertex -63.9602 -16.9988 3
    endloop
  endfacet
  facet normal -0.852572 -0.52261 0
    outer loop
      vertex -63.9602 -16.9988 4.3
      vertex -63.7798 -17.2931 3
      vertex -63.7798 -17.2931 4.3
    endloop
  endfacet
  facet normal 0.92379 -0.382899 0
    outer loop
      vertex -60.0398 -16.9988 4.3
      vertex -59.9574 -16.8 3
      vertex -59.9574 -16.8 4.3
    endloop
  endfacet
  facet normal 0.92379 -0.382899 0
    outer loop
      vertex -59.9574 -16.8 3
      vertex -60.0398 -16.9988 4.3
      vertex -60.0398 -16.9988 3
    endloop
  endfacet
  facet normal 0.996915 0.0784904 0
    outer loop
      vertex -43.8 -16 4.3
      vertex -43.8271 -15.6558 3
      vertex -43.8271 -15.6558 4.3
    endloop
  endfacet
  facet normal 0.996915 0.0784904 0
    outer loop
      vertex -43.8271 -15.6558 3
      vertex -43.8 -16 4.3
      vertex -43.8 -16 3
    endloop
  endfacet
  facet normal 0.760401 0.649454 0
    outer loop
      vertex -44.2202 -14.7069 4.3
      vertex -44.4444 -14.4444 3
      vertex -44.4444 -14.4444 4.3
    endloop
  endfacet
  facet normal 0.760401 0.649454 0
    outer loop
      vertex -44.4444 -14.4444 3
      vertex -44.2202 -14.7069 4.3
      vertex -44.2202 -14.7069 3
    endloop
  endfacet
  facet normal -0.649454 0.760401 0
    outer loop
      vertex -47.2931 -14.2202 3
      vertex -47.5556 -14.4444 4.3
      vertex -47.2931 -14.2202 4.3
    endloop
  endfacet
  facet normal -0.649454 0.760401 0
    outer loop
      vertex -47.5556 -14.4444 4.3
      vertex -47.2931 -14.2202 3
      vertex -47.5556 -14.4444 3
    endloop
  endfacet
  facet normal 0.760401 -0.649454 0
    outer loop
      vertex -44.4444 -17.5556 4.3
      vertex -44.2202 -17.2931 3
      vertex -44.2202 -17.2931 4.3
    endloop
  endfacet
  facet normal 0.760401 -0.649454 0
    outer loop
      vertex -44.2202 -17.2931 3
      vertex -44.4444 -17.5556 4.3
      vertex -44.4444 -17.5556 3
    endloop
  endfacet
  facet normal -0.760401 -0.649454 0
    outer loop
      vertex -47.5556 -17.5556 3
      vertex -47.7798 -17.2931 4.3
      vertex -47.7798 -17.2931 3
    endloop
  endfacet
  facet normal -0.760401 -0.649454 0
    outer loop
      vertex -47.7798 -17.2931 4.3
      vertex -47.5556 -17.5556 3
      vertex -47.5556 -17.5556 4.3
    endloop
  endfacet
  facet normal 0.923914 0.382599 0
    outer loop
      vertex -43.9077 -15.3202 4.3
      vertex -44.0398 -15.0012 3
      vertex -44.0398 -15.0012 4.3
    endloop
  endfacet
  facet normal 0.923914 0.382599 0
    outer loop
      vertex -44.0398 -15.0012 3
      vertex -43.9077 -15.3202 4.3
      vertex -43.9077 -15.3202 3
    endloop
  endfacet
  facet normal 0.97235 0.233526 0
    outer loop
      vertex -43.8271 -15.6558 4.3
      vertex -43.9077 -15.3202 3
      vertex -43.9077 -15.3202 4.3
    endloop
  endfacet
  facet normal 0.97235 0.233526 0
    outer loop
      vertex -43.9077 -15.3202 3
      vertex -43.8271 -15.6558 4.3
      vertex -43.8271 -15.6558 3
    endloop
  endfacet
  facet normal 0.852572 0.52261 0
    outer loop
      vertex -44.0398 -15.0012 4.3
      vertex -44.2202 -14.7069 3
      vertex -44.2202 -14.7069 4.3
    endloop
  endfacet
  facet normal 0.852572 0.52261 0
    outer loop
      vertex -44.2202 -14.7069 3
      vertex -44.0398 -15.0012 4.3
      vertex -44.0398 -15.0012 3
    endloop
  endfacet
  facet normal 0.382899 0.92379 -0
    outer loop
      vertex -45.0012 -14.0398 3
      vertex -45.2 -13.9574 4.3
      vertex -45.0012 -14.0398 4.3
    endloop
  endfacet
  facet normal 0.382899 0.92379 0
    outer loop
      vertex -45.2 -13.9574 4.3
      vertex -45.0012 -14.0398 3
      vertex -45.2 -13.9574 3
    endloop
  endfacet
  facet normal 0.649454 0.760401 -0
    outer loop
      vertex -44.4444 -14.4444 3
      vertex -44.7069 -14.2202 4.3
      vertex -44.4444 -14.4444 4.3
    endloop
  endfacet
  facet normal 0.649454 0.760401 0
    outer loop
      vertex -44.7069 -14.2202 4.3
      vertex -44.4444 -14.4444 3
      vertex -44.7069 -14.2202 3
    endloop
  endfacet
  facet normal -0.852572 0.52261 0
    outer loop
      vertex -47.9602 -15.0012 3
      vertex -47.7798 -14.7069 4.3
      vertex -47.7798 -14.7069 3
    endloop
  endfacet
  facet normal -0.852572 0.52261 0
    outer loop
      vertex -47.7798 -14.7069 4.3
      vertex -47.9602 -15.0012 3
      vertex -47.9602 -15.0012 4.3
    endloop
  endfacet
  facet normal -0.760401 0.649454 0
    outer loop
      vertex -47.7798 -14.7069 3
      vertex -47.5556 -14.4444 4.3
      vertex -47.5556 -14.4444 3
    endloop
  endfacet
  facet normal -0.760401 0.649454 0
    outer loop
      vertex -47.5556 -14.4444 4.3
      vertex -47.7798 -14.7069 3
      vertex -47.7798 -14.7069 4.3
    endloop
  endfacet
  facet normal -0.52261 0.852572 0
    outer loop
      vertex -46.9988 -14.0398 3
      vertex -47.2931 -14.2202 4.3
      vertex -46.9988 -14.0398 4.3
    endloop
  endfacet
  facet normal -0.52261 0.852572 0
    outer loop
      vertex -47.2931 -14.2202 4.3
      vertex -46.9988 -14.0398 3
      vertex -47.2931 -14.2202 3
    endloop
  endfacet
  facet normal 0.0784904 -0.996915 0
    outer loop
      vertex -46 -18.2 3
      vertex -45.6558 -18.1729 4.3
      vertex -46 -18.2 4.3
    endloop
  endfacet
  facet normal 0.0784904 -0.996915 0
    outer loop
      vertex -45.6558 -18.1729 4.3
      vertex -46 -18.2 3
      vertex -45.6558 -18.1729 3
    endloop
  endfacet
  facet normal 0.996915 -0.0784904 0
    outer loop
      vertex -43.8271 -16.3442 4.3
      vertex -43.8 -16 3
      vertex -43.8 -16 4.3
    endloop
  endfacet
  facet normal 0.996915 -0.0784904 0
    outer loop
      vertex -43.8 -16 3
      vertex -43.8271 -16.3442 4.3
      vertex -43.8271 -16.3442 3
    endloop
  endfacet
  facet normal -0.649454 -0.760401 0
    outer loop
      vertex -47.5556 -17.5556 3
      vertex -47.2931 -17.7798 4.3
      vertex -47.5556 -17.5556 4.3
    endloop
  endfacet
  facet normal -0.649454 -0.760401 -0
    outer loop
      vertex -47.2931 -17.7798 4.3
      vertex -47.5556 -17.5556 3
      vertex -47.2931 -17.7798 3
    endloop
  endfacet
  facet normal -0.233526 -0.97235 0
    outer loop
      vertex -46.6798 -18.0923 3
      vertex -46.3442 -18.1729 4.3
      vertex -46.6798 -18.0923 4.3
    endloop
  endfacet
  facet normal -0.233526 -0.97235 -0
    outer loop
      vertex -46.3442 -18.1729 4.3
      vertex -46.6798 -18.0923 3
      vertex -46.3442 -18.1729 3
    endloop
  endfacet
  facet normal -0.92379 0.382899 0
    outer loop
      vertex -48.0426 -15.2 3
      vertex -47.9602 -15.0012 4.3
      vertex -47.9602 -15.0012 3
    endloop
  endfacet
  facet normal -0.92379 0.382899 0
    outer loop
      vertex -47.9602 -15.0012 4.3
      vertex -48.0426 -15.2 3
      vertex -48.0426 -15.2 4.3
    endloop
  endfacet
  facet normal -0.382899 0.92379 0
    outer loop
      vertex -46.8 -13.9574 3
      vertex -46.9988 -14.0398 4.3
      vertex -46.8 -13.9574 4.3
    endloop
  endfacet
  facet normal -0.382899 0.92379 0
    outer loop
      vertex -46.9988 -14.0398 4.3
      vertex -46.8 -13.9574 3
      vertex -46.9988 -14.0398 3
    endloop
  endfacet
  facet normal 0.233526 -0.97235 0
    outer loop
      vertex -45.6558 -18.1729 3
      vertex -45.3202 -18.0923 4.3
      vertex -45.6558 -18.1729 4.3
    endloop
  endfacet
  facet normal 0.233526 -0.97235 0
    outer loop
      vertex -45.3202 -18.0923 4.3
      vertex -45.6558 -18.1729 3
      vertex -45.3202 -18.0923 3
    endloop
  endfacet
  facet normal 0.382599 -0.923914 0
    outer loop
      vertex -45.3202 -18.0923 3
      vertex -45.0012 -17.9602 4.3
      vertex -45.3202 -18.0923 4.3
    endloop
  endfacet
  facet normal 0.382599 -0.923914 0
    outer loop
      vertex -45.0012 -17.9602 4.3
      vertex -45.3202 -18.0923 3
      vertex -45.0012 -17.9602 3
    endloop
  endfacet
  facet normal 0.649454 -0.760401 0
    outer loop
      vertex -44.7069 -17.7798 3
      vertex -44.4444 -17.5556 4.3
      vertex -44.7069 -17.7798 4.3
    endloop
  endfacet
  facet normal 0.649454 -0.760401 0
    outer loop
      vertex -44.4444 -17.5556 4.3
      vertex -44.7069 -17.7798 3
      vertex -44.4444 -17.5556 3
    endloop
  endfacet
  facet normal 0.97235 -0.233526 0
    outer loop
      vertex -43.9077 -16.6798 4.3
      vertex -43.8271 -16.3442 3
      vertex -43.8271 -16.3442 4.3
    endloop
  endfacet
  facet normal 0.97235 -0.233526 0
    outer loop
      vertex -43.8271 -16.3442 3
      vertex -43.9077 -16.6798 4.3
      vertex -43.9077 -16.6798 3
    endloop
  endfacet
  facet normal -0.52261 -0.852572 0
    outer loop
      vertex -47.2931 -17.7798 3
      vertex -46.9988 -17.9602 4.3
      vertex -47.2931 -17.7798 4.3
    endloop
  endfacet
  facet normal -0.52261 -0.852572 -0
    outer loop
      vertex -46.9988 -17.9602 4.3
      vertex -47.2931 -17.7798 3
      vertex -46.9988 -17.9602 3
    endloop
  endfacet
  facet normal -0.0784904 -0.996915 0
    outer loop
      vertex -46.3442 -18.1729 3
      vertex -46 -18.2 4.3
      vertex -46.3442 -18.1729 4.3
    endloop
  endfacet
  facet normal -0.0784904 -0.996915 -0
    outer loop
      vertex -46 -18.2 4.3
      vertex -46.3442 -18.1729 3
      vertex -46 -18.2 3
    endloop
  endfacet
  facet normal -0.92379 -0.382899 0
    outer loop
      vertex -47.9602 -16.9988 3
      vertex -48.0426 -16.8 4.3
      vertex -48.0426 -16.8 3
    endloop
  endfacet
  facet normal -0.92379 -0.382899 0
    outer loop
      vertex -48.0426 -16.8 4.3
      vertex -47.9602 -16.9988 3
      vertex -47.9602 -16.9988 4.3
    endloop
  endfacet
  facet normal 0.52261 0.852572 -0
    outer loop
      vertex -44.7069 -14.2202 3
      vertex -45.0012 -14.0398 4.3
      vertex -44.7069 -14.2202 4.3
    endloop
  endfacet
  facet normal 0.52261 0.852572 0
    outer loop
      vertex -45.0012 -14.0398 4.3
      vertex -44.7069 -14.2202 3
      vertex -45.0012 -14.0398 3
    endloop
  endfacet
  facet normal 0.52261 -0.852572 0
    outer loop
      vertex -45.0012 -17.9602 3
      vertex -44.7069 -17.7798 4.3
      vertex -45.0012 -17.9602 4.3
    endloop
  endfacet
  facet normal 0.52261 -0.852572 0
    outer loop
      vertex -44.7069 -17.7798 4.3
      vertex -45.0012 -17.9602 3
      vertex -44.7069 -17.7798 3
    endloop
  endfacet
  facet normal 0.852572 -0.52261 0
    outer loop
      vertex -44.2202 -17.2931 4.3
      vertex -44.0398 -16.9988 3
      vertex -44.0398 -16.9988 4.3
    endloop
  endfacet
  facet normal 0.852572 -0.52261 0
    outer loop
      vertex -44.0398 -16.9988 3
      vertex -44.2202 -17.2931 4.3
      vertex -44.2202 -17.2931 3
    endloop
  endfacet
  facet normal -0.382599 -0.923914 0
    outer loop
      vertex -46.9988 -17.9602 3
      vertex -46.6798 -18.0923 4.3
      vertex -46.9988 -17.9602 4.3
    endloop
  endfacet
  facet normal -0.382599 -0.923914 -0
    outer loop
      vertex -46.6798 -18.0923 4.3
      vertex -46.9988 -17.9602 3
      vertex -46.6798 -18.0923 3
    endloop
  endfacet
  facet normal -0.852572 -0.52261 0
    outer loop
      vertex -47.7798 -17.2931 3
      vertex -47.9602 -16.9988 4.3
      vertex -47.9602 -16.9988 3
    endloop
  endfacet
  facet normal -0.852572 -0.52261 0
    outer loop
      vertex -47.9602 -16.9988 4.3
      vertex -47.7798 -17.2931 3
      vertex -47.7798 -17.2931 4.3
    endloop
  endfacet
  facet normal 0.923914 -0.382599 0
    outer loop
      vertex -44.0398 -16.9988 4.3
      vertex -43.9077 -16.6798 3
      vertex -43.9077 -16.6798 4.3
    endloop
  endfacet
  facet normal 0.923914 -0.382599 0
    outer loop
      vertex -43.9077 -16.6798 3
      vertex -44.0398 -16.9988 4.3
      vertex -44.0398 -16.9988 3
    endloop
  endfacet
  facet normal -0.0784904 0.996915 0
    outer loop
      vertex -46 18.2 3
      vertex -46.3442 18.1729 4.3
      vertex -46 18.2 4.3
    endloop
  endfacet
  facet normal -0.0784904 0.996915 0
    outer loop
      vertex -46.3442 18.1729 4.3
      vertex -46 18.2 3
      vertex -46.3442 18.1729 3
    endloop
  endfacet
  facet normal 0.649454 0.760401 -0
    outer loop
      vertex -44.4444 17.5556 3
      vertex -44.7069 17.7798 4.3
      vertex -44.4444 17.5556 4.3
    endloop
  endfacet
  facet normal 0.649454 0.760401 0
    outer loop
      vertex -44.7069 17.7798 4.3
      vertex -44.4444 17.5556 3
      vertex -44.7069 17.7798 3
    endloop
  endfacet
  facet normal -0.760401 0.649454 0
    outer loop
      vertex -47.7798 17.2931 3
      vertex -47.5556 17.5556 4.3
      vertex -47.5556 17.5556 3
    endloop
  endfacet
  facet normal -0.760401 0.649454 0
    outer loop
      vertex -47.5556 17.5556 4.3
      vertex -47.7798 17.2931 3
      vertex -47.7798 17.2931 4.3
    endloop
  endfacet
  facet normal -0.52261 0.852572 0
    outer loop
      vertex -46.9988 17.9602 3
      vertex -47.2931 17.7798 4.3
      vertex -46.9988 17.9602 4.3
    endloop
  endfacet
  facet normal -0.52261 0.852572 0
    outer loop
      vertex -47.2931 17.7798 4.3
      vertex -46.9988 17.9602 3
      vertex -47.2931 17.7798 3
    endloop
  endfacet
  facet normal 0.852572 0.52261 0
    outer loop
      vertex -44.0398 16.9988 4.3
      vertex -44.2202 17.2931 3
      vertex -44.2202 17.2931 4.3
    endloop
  endfacet
  facet normal 0.852572 0.52261 0
    outer loop
      vertex -44.2202 17.2931 3
      vertex -44.0398 16.9988 4.3
      vertex -44.0398 16.9988 3
    endloop
  endfacet
  facet normal 0.760401 0.649454 0
    outer loop
      vertex -44.2202 17.2931 4.3
      vertex -44.4444 17.5556 3
      vertex -44.4444 17.5556 4.3
    endloop
  endfacet
  facet normal 0.760401 0.649454 0
    outer loop
      vertex -44.4444 17.5556 3
      vertex -44.2202 17.2931 4.3
      vertex -44.2202 17.2931 3
    endloop
  endfacet
  facet normal 0.382599 0.923914 -0
    outer loop
      vertex -45.0012 17.9602 3
      vertex -45.3202 18.0923 4.3
      vertex -45.0012 17.9602 4.3
    endloop
  endfacet
  facet normal 0.382599 0.923914 0
    outer loop
      vertex -45.3202 18.0923 4.3
      vertex -45.0012 17.9602 3
      vertex -45.3202 18.0923 3
    endloop
  endfacet
  facet normal 0.52261 0.852572 -0
    outer loop
      vertex -44.7069 17.7798 3
      vertex -45.0012 17.9602 4.3
      vertex -44.7069 17.7798 4.3
    endloop
  endfacet
  facet normal 0.52261 0.852572 0
    outer loop
      vertex -45.0012 17.9602 4.3
      vertex -44.7069 17.7798 3
      vertex -45.0012 17.9602 3
    endloop
  endfacet
  facet normal -0.923914 0.382599 0
    outer loop
      vertex -48.0923 16.6798 3
      vertex -47.9602 16.9988 4.3
      vertex -47.9602 16.9988 3
    endloop
  endfacet
  facet normal -0.923914 0.382599 0
    outer loop
      vertex -47.9602 16.9988 4.3
      vertex -48.0923 16.6798 3
      vertex -48.0923 16.6798 4.3
    endloop
  endfacet
  facet normal -0.852572 0.52261 0
    outer loop
      vertex -47.9602 16.9988 3
      vertex -47.7798 17.2931 4.3
      vertex -47.7798 17.2931 3
    endloop
  endfacet
  facet normal -0.852572 0.52261 0
    outer loop
      vertex -47.7798 17.2931 4.3
      vertex -47.9602 16.9988 3
      vertex -47.9602 16.9988 4.3
    endloop
  endfacet
  facet normal -0.996915 0.0784904 0
    outer loop
      vertex -48.2 16 3
      vertex -48.1729 16.3442 4.3
      vertex -48.1729 16.3442 3
    endloop
  endfacet
  facet normal -0.996915 0.0784904 0
    outer loop
      vertex -48.1729 16.3442 4.3
      vertex -48.2 16 3
      vertex -48.2 16 4.3
    endloop
  endfacet
  facet normal -0.649454 0.760401 0
    outer loop
      vertex -47.2931 17.7798 3
      vertex -47.5556 17.5556 4.3
      vertex -47.2931 17.7798 4.3
    endloop
  endfacet
  facet normal -0.649454 0.760401 0
    outer loop
      vertex -47.5556 17.5556 4.3
      vertex -47.2931 17.7798 3
      vertex -47.5556 17.5556 3
    endloop
  endfacet
  facet normal -0.233526 0.97235 0
    outer loop
      vertex -46.3442 18.1729 3
      vertex -46.6798 18.0923 4.3
      vertex -46.3442 18.1729 4.3
    endloop
  endfacet
  facet normal -0.233526 0.97235 0
    outer loop
      vertex -46.6798 18.0923 4.3
      vertex -46.3442 18.1729 3
      vertex -46.6798 18.0923 3
    endloop
  endfacet
  facet normal -0.852632 -0.522512 0
    outer loop
      vertex -47.8369 14.8 3
      vertex -47.9602 15.0012 4.3
      vertex -47.9602 15.0012 3
    endloop
  endfacet
  facet normal -0.852632 -0.522512 0
    outer loop
      vertex -47.9602 15.0012 4.3
      vertex -47.8369 14.8 3
      vertex -47.8369 14.8 4.3
    endloop
  endfacet
  facet normal 0.92379 0.382899 0
    outer loop
      vertex -43.9574 16.8 4.3
      vertex -44.0398 16.9988 3
      vertex -44.0398 16.9988 4.3
    endloop
  endfacet
  facet normal 0.92379 0.382899 0
    outer loop
      vertex -44.0398 16.9988 3
      vertex -43.9574 16.8 4.3
      vertex -43.9574 16.8 3
    endloop
  endfacet
  facet normal 0.233526 0.97235 -0
    outer loop
      vertex -45.3202 18.0923 3
      vertex -45.6558 18.1729 4.3
      vertex -45.3202 18.0923 4.3
    endloop
  endfacet
  facet normal 0.233526 0.97235 0
    outer loop
      vertex -45.6558 18.1729 4.3
      vertex -45.3202 18.0923 3
      vertex -45.6558 18.1729 3
    endloop
  endfacet
  facet normal 0.0784904 0.996915 -0
    outer loop
      vertex -45.6558 18.1729 3
      vertex -46 18.2 4.3
      vertex -45.6558 18.1729 4.3
    endloop
  endfacet
  facet normal 0.0784904 0.996915 0
    outer loop
      vertex -46 18.2 4.3
      vertex -45.6558 18.1729 3
      vertex -46 18.2 3
    endloop
  endfacet
  facet normal -0.996915 -0.0784904 0
    outer loop
      vertex -48.1729 15.6558 3
      vertex -48.2 16 4.3
      vertex -48.2 16 3
    endloop
  endfacet
  facet normal -0.996915 -0.0784904 0
    outer loop
      vertex -48.2 16 4.3
      vertex -48.1729 15.6558 3
      vertex -48.1729 15.6558 4.3
    endloop
  endfacet
  facet normal -0.97235 -0.233526 0
    outer loop
      vertex -48.0923 15.3202 3
      vertex -48.1729 15.6558 4.3
      vertex -48.1729 15.6558 3
    endloop
  endfacet
  facet normal -0.97235 -0.233526 0
    outer loop
      vertex -48.1729 15.6558 4.3
      vertex -48.0923 15.3202 3
      vertex -48.0923 15.3202 4.3
    endloop
  endfacet
  facet normal -0.923914 -0.382599 0
    outer loop
      vertex -47.9602 15.0012 3
      vertex -48.0923 15.3202 4.3
      vertex -48.0923 15.3202 3
    endloop
  endfacet
  facet normal -0.923914 -0.382599 0
    outer loop
      vertex -48.0923 15.3202 4.3
      vertex -47.9602 15.0012 3
      vertex -47.9602 15.0012 4.3
    endloop
  endfacet
  facet normal 0.92379 -0.382899 0
    outer loop
      vertex -44.0398 15.0012 4.3
      vertex -43.9574 15.2 3
      vertex -43.9574 15.2 4.3
    endloop
  endfacet
  facet normal 0.92379 -0.382899 0
    outer loop
      vertex -43.9574 15.2 3
      vertex -44.0398 15.0012 4.3
      vertex -44.0398 15.0012 3
    endloop
  endfacet
  facet normal -0.97235 0.233526 0
    outer loop
      vertex -48.1729 16.3442 3
      vertex -48.0923 16.6798 4.3
      vertex -48.0923 16.6798 3
    endloop
  endfacet
  facet normal -0.97235 0.233526 0
    outer loop
      vertex -48.0923 16.6798 4.3
      vertex -48.1729 16.3442 3
      vertex -48.1729 16.3442 4.3
    endloop
  endfacet
  facet normal -0.382599 0.923914 0
    outer loop
      vertex -46.6798 18.0923 3
      vertex -46.9988 17.9602 4.3
      vertex -46.6798 18.0923 4.3
    endloop
  endfacet
  facet normal -0.382599 0.923914 0
    outer loop
      vertex -46.9988 17.9602 4.3
      vertex -46.6798 18.0923 3
      vertex -46.9988 17.9602 3
    endloop
  endfacet
  facet normal 0.852632 -0.522512 0
    outer loop
      vertex -44.1631 14.8 4.3
      vertex -44.0398 15.0012 3
      vertex -44.0398 15.0012 4.3
    endloop
  endfacet
  facet normal 0.852632 -0.522512 0
    outer loop
      vertex -44.0398 15.0012 3
      vertex -44.1631 14.8 4.3
      vertex -44.1631 14.8 3
    endloop
  endfacet
  facet normal 0.996917 0.0784616 0
    outer loop
      vertex -9.8 16 4.3
      vertex -9.82709 16.3442 3
      vertex -9.82709 16.3442 4.3
    endloop
  endfacet
  facet normal 0.996917 0.0784616 0
    outer loop
      vertex -9.82709 16.3442 3
      vertex -9.8 16 4.3
      vertex -9.8 16 3
    endloop
  endfacet
  facet normal -0.0784904 0.996915 0
    outer loop
      vertex -12 18.2 3
      vertex -12.3442 18.1729 4.3
      vertex -12 18.2 4.3
    endloop
  endfacet
  facet normal -0.0784904 0.996915 0
    outer loop
      vertex -12.3442 18.1729 4.3
      vertex -12 18.2 3
      vertex -12.3442 18.1729 3
    endloop
  endfacet
  facet normal 0.852572 -0.52261 0
    outer loop
      vertex -10.2202 14.7069 4.3
      vertex -10.0398 15.0012 3
      vertex -10.0398 15.0012 4.3
    endloop
  endfacet
  facet normal 0.852572 -0.52261 0
    outer loop
      vertex -10.0398 15.0012 3
      vertex -10.2202 14.7069 4.3
      vertex -10.2202 14.7069 3
    endloop
  endfacet
  facet normal 0.649454 0.760401 -0
    outer loop
      vertex -10.4444 17.5556 3
      vertex -10.7069 17.7798 4.3
      vertex -10.4444 17.5556 4.3
    endloop
  endfacet
  facet normal 0.649454 0.760401 0
    outer loop
      vertex -10.7069 17.7798 4.3
      vertex -10.4444 17.5556 3
      vertex -10.7069 17.7798 3
    endloop
  endfacet
  facet normal -0.760401 0.649454 0
    outer loop
      vertex -13.7798 17.2931 3
      vertex -13.5556 17.5556 4.3
      vertex -13.5556 17.5556 3
    endloop
  endfacet
  facet normal -0.760401 0.649454 0
    outer loop
      vertex -13.5556 17.5556 4.3
      vertex -13.7798 17.2931 3
      vertex -13.7798 17.2931 4.3
    endloop
  endfacet
  facet normal -0.52261 0.852572 0
    outer loop
      vertex -12.9988 17.9602 3
      vertex -13.2931 17.7798 4.3
      vertex -12.9988 17.9602 4.3
    endloop
  endfacet
  facet normal -0.52261 0.852572 0
    outer loop
      vertex -13.2931 17.7798 4.3
      vertex -12.9988 17.9602 3
      vertex -13.2931 17.7798 3
    endloop
  endfacet
  facet normal 0.852572 0.52261 0
    outer loop
      vertex -10.0398 16.9988 4.3
      vertex -10.2202 17.2931 3
      vertex -10.2202 17.2931 4.3
    endloop
  endfacet
  facet normal 0.852572 0.52261 0
    outer loop
      vertex -10.2202 17.2931 3
      vertex -10.0398 16.9988 4.3
      vertex -10.0398 16.9988 3
    endloop
  endfacet
  facet normal 0.972364 0.233472 0
    outer loop
      vertex -9.82709 16.3442 4.3
      vertex -9.90767 16.6798 3
      vertex -9.90767 16.6798 4.3
    endloop
  endfacet
  facet normal 0.972364 0.233472 0
    outer loop
      vertex -9.90767 16.6798 3
      vertex -9.82709 16.3442 4.3
      vertex -9.82709 16.3442 3
    endloop
  endfacet
  facet normal 0.760401 0.649454 0
    outer loop
      vertex -10.2202 17.2931 4.3
      vertex -10.4444 17.5556 3
      vertex -10.4444 17.5556 4.3
    endloop
  endfacet
  facet normal 0.760401 0.649454 0
    outer loop
      vertex -10.4444 17.5556 3
      vertex -10.2202 17.2931 4.3
      vertex -10.2202 17.2931 3
    endloop
  endfacet
  facet normal 0.382599 0.923914 -0
    outer loop
      vertex -11.0012 17.9602 3
      vertex -11.3202 18.0923 4.3
      vertex -11.0012 17.9602 4.3
    endloop
  endfacet
  facet normal 0.382599 0.923914 0
    outer loop
      vertex -11.3202 18.0923 4.3
      vertex -11.0012 17.9602 3
      vertex -11.3202 18.0923 3
    endloop
  endfacet
  facet normal 0.52261 0.852572 -0
    outer loop
      vertex -10.7069 17.7798 3
      vertex -11.0012 17.9602 4.3
      vertex -10.7069 17.7798 4.3
    endloop
  endfacet
  facet normal 0.52261 0.852572 0
    outer loop
      vertex -11.0012 17.9602 4.3
      vertex -10.7069 17.7798 3
      vertex -11.0012 17.9602 3
    endloop
  endfacet
  facet normal -0.92379 0.382899 0
    outer loop
      vertex -14.0426 16.8 3
      vertex -13.9602 16.9988 4.3
      vertex -13.9602 16.9988 3
    endloop
  endfacet
  facet normal -0.92379 0.382899 0
    outer loop
      vertex -13.9602 16.9988 4.3
      vertex -14.0426 16.8 3
      vertex -14.0426 16.8 4.3
    endloop
  endfacet
  facet normal -0.852572 0.52261 0
    outer loop
      vertex -13.9602 16.9988 3
      vertex -13.7798 17.2931 4.3
      vertex -13.7798 17.2931 3
    endloop
  endfacet
  facet normal -0.852572 0.52261 0
    outer loop
      vertex -13.7798 17.2931 4.3
      vertex -13.9602 16.9988 3
      vertex -13.9602 16.9988 4.3
    endloop
  endfacet
  facet normal -0.649454 0.760401 0
    outer loop
      vertex -13.2931 17.7798 3
      vertex -13.5556 17.5556 4.3
      vertex -13.2931 17.7798 4.3
    endloop
  endfacet
  facet normal -0.649454 0.760401 0
    outer loop
      vertex -13.5556 17.5556 4.3
      vertex -13.2931 17.7798 3
      vertex -13.5556 17.5556 3
    endloop
  endfacet
  facet normal -0.233526 0.97235 0
    outer loop
      vertex -12.3442 18.1729 3
      vertex -12.6798 18.0923 4.3
      vertex -12.3442 18.1729 4.3
    endloop
  endfacet
  facet normal -0.233526 0.97235 0
    outer loop
      vertex -12.6798 18.0923 4.3
      vertex -12.3442 18.1729 3
      vertex -12.6798 18.0923 3
    endloop
  endfacet
  facet normal 0.923884 0.382673 0
    outer loop
      vertex -9.90767 16.6798 4.3
      vertex -10.0398 16.9988 3
      vertex -10.0398 16.9988 4.3
    endloop
  endfacet
  facet normal 0.923884 0.382673 0
    outer loop
      vertex -10.0398 16.9988 3
      vertex -9.90767 16.6798 4.3
      vertex -9.90767 16.6798 3
    endloop
  endfacet
  facet normal 0.233526 0.97235 -0
    outer loop
      vertex -11.3202 18.0923 3
      vertex -11.6558 18.1729 4.3
      vertex -11.3202 18.0923 4.3
    endloop
  endfacet
  facet normal 0.233526 0.97235 0
    outer loop
      vertex -11.6558 18.1729 4.3
      vertex -11.3202 18.0923 3
      vertex -11.6558 18.1729 3
    endloop
  endfacet
  facet normal 0.0784904 0.996915 -0
    outer loop
      vertex -11.6558 18.1729 3
      vertex -12 18.2 4.3
      vertex -11.6558 18.1729 4.3
    endloop
  endfacet
  facet normal 0.0784904 0.996915 0
    outer loop
      vertex -12 18.2 4.3
      vertex -11.6558 18.1729 3
      vertex -12 18.2 3
    endloop
  endfacet
  facet normal -0.382599 0.923914 0
    outer loop
      vertex -12.6798 18.0923 3
      vertex -12.9988 17.9602 4.3
      vertex -12.6798 18.0923 4.3
    endloop
  endfacet
  facet normal -0.382599 0.923914 0
    outer loop
      vertex -12.9988 17.9602 4.3
      vertex -12.6798 18.0923 3
      vertex -12.9988 17.9602 3
    endloop
  endfacet
  facet normal -0.760401 -0.649454 0
    outer loop
      vertex -13.5556 14.4444 3
      vertex -13.7798 14.7069 4.3
      vertex -13.7798 14.7069 3
    endloop
  endfacet
  facet normal -0.760401 -0.649454 0
    outer loop
      vertex -13.7798 14.7069 4.3
      vertex -13.5556 14.4444 3
      vertex -13.5556 14.4444 4.3
    endloop
  endfacet
  facet normal -0.852572 -0.52261 0
    outer loop
      vertex -13.7798 14.7069 3
      vertex -13.9602 15.0012 4.3
      vertex -13.9602 15.0012 3
    endloop
  endfacet
  facet normal -0.852572 -0.52261 0
    outer loop
      vertex -13.9602 15.0012 4.3
      vertex -13.7798 14.7069 3
      vertex -13.7798 14.7069 4.3
    endloop
  endfacet
  facet normal 0.649454 -0.760401 0
    outer loop
      vertex -10.7069 14.2202 3
      vertex -10.4444 14.4444 4.3
      vertex -10.7069 14.2202 4.3
    endloop
  endfacet
  facet normal 0.649454 -0.760401 0
    outer loop
      vertex -10.4444 14.4444 4.3
      vertex -10.7069 14.2202 3
      vertex -10.4444 14.4444 3
    endloop
  endfacet
  facet normal 0.52261 -0.852572 0
    outer loop
      vertex -11.0012 14.0398 3
      vertex -10.7069 14.2202 4.3
      vertex -11.0012 14.0398 4.3
    endloop
  endfacet
  facet normal 0.52261 -0.852572 0
    outer loop
      vertex -10.7069 14.2202 4.3
      vertex -11.0012 14.0398 3
      vertex -10.7069 14.2202 3
    endloop
  endfacet
  facet normal 0.923884 -0.382673 0
    outer loop
      vertex -10.0398 15.0012 4.3
      vertex -9.90767 15.3202 3
      vertex -9.90767 15.3202 4.3
    endloop
  endfacet
  facet normal 0.923884 -0.382673 0
    outer loop
      vertex -9.90767 15.3202 3
      vertex -10.0398 15.0012 4.3
      vertex -10.0398 15.0012 3
    endloop
  endfacet
  facet normal 0.972364 -0.233472 0
    outer loop
      vertex -9.90767 15.3202 4.3
      vertex -9.82709 15.6558 3
      vertex -9.82709 15.6558 4.3
    endloop
  endfacet
  facet normal 0.972364 -0.233472 0
    outer loop
      vertex -9.82709 15.6558 3
      vertex -9.90767 15.3202 4.3
      vertex -9.90767 15.3202 3
    endloop
  endfacet
  facet normal -0.382899 -0.92379 0
    outer loop
      vertex -12.9988 14.0398 3
      vertex -12.8 13.9574 4.3
      vertex -12.9988 14.0398 4.3
    endloop
  endfacet
  facet normal -0.382899 -0.92379 -0
    outer loop
      vertex -12.8 13.9574 4.3
      vertex -12.9988 14.0398 3
      vertex -12.8 13.9574 3
    endloop
  endfacet
  facet normal -0.649454 -0.760401 0
    outer loop
      vertex -13.5556 14.4444 3
      vertex -13.2931 14.2202 4.3
      vertex -13.5556 14.4444 4.3
    endloop
  endfacet
  facet normal -0.649454 -0.760401 -0
    outer loop
      vertex -13.2931 14.2202 4.3
      vertex -13.5556 14.4444 3
      vertex -13.2931 14.2202 3
    endloop
  endfacet
  facet normal -0.92379 -0.382899 0
    outer loop
      vertex -13.9602 15.0012 3
      vertex -14.0426 15.2 4.3
      vertex -14.0426 15.2 3
    endloop
  endfacet
  facet normal -0.92379 -0.382899 0
    outer loop
      vertex -14.0426 15.2 4.3
      vertex -13.9602 15.0012 3
      vertex -13.9602 15.0012 4.3
    endloop
  endfacet
  facet normal 0.760401 -0.649454 0
    outer loop
      vertex -10.4444 14.4444 4.3
      vertex -10.2202 14.7069 3
      vertex -10.2202 14.7069 4.3
    endloop
  endfacet
  facet normal 0.760401 -0.649454 0
    outer loop
      vertex -10.2202 14.7069 3
      vertex -10.4444 14.4444 4.3
      vertex -10.4444 14.4444 3
    endloop
  endfacet
  facet normal 0.382899 -0.92379 0
    outer loop
      vertex -11.2 13.9574 3
      vertex -11.0012 14.0398 4.3
      vertex -11.2 13.9574 4.3
    endloop
  endfacet
  facet normal 0.382899 -0.92379 0
    outer loop
      vertex -11.0012 14.0398 4.3
      vertex -11.2 13.9574 3
      vertex -11.0012 14.0398 3
    endloop
  endfacet
  facet normal 0.996917 -0.0784616 0
    outer loop
      vertex -9.82709 15.6558 4.3
      vertex -9.8 16 3
      vertex -9.8 16 4.3
    endloop
  endfacet
  facet normal 0.996917 -0.0784616 0
    outer loop
      vertex -9.8 16 3
      vertex -9.82709 15.6558 4.3
      vertex -9.82709 15.6558 3
    endloop
  endfacet
  facet normal -0.52261 -0.852572 0
    outer loop
      vertex -13.2931 14.2202 3
      vertex -12.9988 14.0398 4.3
      vertex -13.2931 14.2202 4.3
    endloop
  endfacet
  facet normal -0.52261 -0.852572 -0
    outer loop
      vertex -12.9988 14.0398 4.3
      vertex -13.2931 14.2202 3
      vertex -12.9988 14.0398 3
    endloop
  endfacet
  facet normal 0.649454 0.760401 -0
    outer loop
      vertex -10.4444 -14.4444 3
      vertex -10.7069 -14.2202 4.3
      vertex -10.4444 -14.4444 4.3
    endloop
  endfacet
  facet normal 0.649454 0.760401 0
    outer loop
      vertex -10.7069 -14.2202 4.3
      vertex -10.4444 -14.4444 3
      vertex -10.7069 -14.2202 3
    endloop
  endfacet
  facet normal -0.233526 -0.97235 0
    outer loop
      vertex -12.6798 -18.0923 3
      vertex -12.3442 -18.1729 4.3
      vertex -12.6798 -18.0923 4.3
    endloop
  endfacet
  facet normal -0.233526 -0.97235 -0
    outer loop
      vertex -12.3442 -18.1729 4.3
      vertex -12.6798 -18.0923 3
      vertex -12.3442 -18.1729 3
    endloop
  endfacet
  facet normal -0.923914 0.382599 0
    outer loop
      vertex -14.0923 -15.3202 3
      vertex -13.9602 -15.0012 4.3
      vertex -13.9602 -15.0012 3
    endloop
  endfacet
  facet normal -0.923914 0.382599 0
    outer loop
      vertex -13.9602 -15.0012 4.3
      vertex -14.0923 -15.3202 3
      vertex -14.0923 -15.3202 4.3
    endloop
  endfacet
  facet normal 0.923872 -0.382701 0
    outer loop
      vertex -10.0398 -16.9988 4.3
      vertex -9.95745 -16.8 3
      vertex -9.95745 -16.8 4.3
    endloop
  endfacet
  facet normal 0.923872 -0.382701 0
    outer loop
      vertex -9.95745 -16.8 3
      vertex -10.0398 -16.9988 4.3
      vertex -10.0398 -16.9988 3
    endloop
  endfacet
  facet normal -0.382599 -0.923914 0
    outer loop
      vertex -12.9988 -17.9602 3
      vertex -12.6798 -18.0923 4.3
      vertex -12.9988 -17.9602 4.3
    endloop
  endfacet
  facet normal -0.382599 -0.923914 -0
    outer loop
      vertex -12.6798 -18.0923 4.3
      vertex -12.9988 -17.9602 3
      vertex -12.6798 -18.0923 3
    endloop
  endfacet
  facet normal 0.923872 0.382701 0
    outer loop
      vertex -9.95745 -15.2 4.3
      vertex -10.0398 -15.0012 3
      vertex -10.0398 -15.0012 4.3
    endloop
  endfacet
  facet normal 0.923872 0.382701 0
    outer loop
      vertex -10.0398 -15.0012 3
      vertex -9.95745 -15.2 4.3
      vertex -9.95745 -15.2 3
    endloop
  endfacet
  facet normal 0.852572 0.52261 0
    outer loop
      vertex -10.0398 -15.0012 4.3
      vertex -10.2202 -14.7069 3
      vertex -10.2202 -14.7069 4.3
    endloop
  endfacet
  facet normal 0.852572 0.52261 0
    outer loop
      vertex -10.2202 -14.7069 3
      vertex -10.0398 -15.0012 4.3
      vertex -10.0398 -15.0012 3
    endloop
  endfacet
  facet normal 0.760401 0.649454 0
    outer loop
      vertex -10.2202 -14.7069 4.3
      vertex -10.4444 -14.4444 3
      vertex -10.4444 -14.4444 4.3
    endloop
  endfacet
  facet normal 0.760401 0.649454 0
    outer loop
      vertex -10.4444 -14.4444 3
      vertex -10.2202 -14.7069 4.3
      vertex -10.2202 -14.7069 3
    endloop
  endfacet
  facet normal 0.382899 0.92379 -0
    outer loop
      vertex -11.0012 -14.0398 3
      vertex -11.2 -13.9574 4.3
      vertex -11.0012 -14.0398 4.3
    endloop
  endfacet
  facet normal 0.382899 0.92379 0
    outer loop
      vertex -11.2 -13.9574 4.3
      vertex -11.0012 -14.0398 3
      vertex -11.2 -13.9574 3
    endloop
  endfacet
  facet normal -0.996915 0.0784904 0
    outer loop
      vertex -14.2 -16 3
      vertex -14.1729 -15.6558 4.3
      vertex -14.1729 -15.6558 3
    endloop
  endfacet
  facet normal -0.996915 0.0784904 0
    outer loop
      vertex -14.1729 -15.6558 4.3
      vertex -14.2 -16 3
      vertex -14.2 -16 4.3
    endloop
  endfacet
  facet normal -0.760401 0.649454 0
    outer loop
      vertex -13.7798 -14.7069 3
      vertex -13.5556 -14.4444 4.3
      vertex -13.5556 -14.4444 3
    endloop
  endfacet
  facet normal -0.760401 0.649454 0
    outer loop
      vertex -13.5556 -14.4444 4.3
      vertex -13.7798 -14.7069 3
      vertex -13.7798 -14.7069 4.3
    endloop
  endfacet
  facet normal -0.649454 0.760401 0
    outer loop
      vertex -13.2931 -14.2202 3
      vertex -13.5556 -14.4444 4.3
      vertex -13.2931 -14.2202 4.3
    endloop
  endfacet
  facet normal -0.649454 0.760401 0
    outer loop
      vertex -13.5556 -14.4444 4.3
      vertex -13.2931 -14.2202 3
      vertex -13.5556 -14.4444 3
    endloop
  endfacet
  facet normal 0.0784904 -0.996915 0
    outer loop
      vertex -12 -18.2 3
      vertex -11.6558 -18.1729 4.3
      vertex -12 -18.2 4.3
    endloop
  endfacet
  facet normal 0.0784904 -0.996915 0
    outer loop
      vertex -11.6558 -18.1729 4.3
      vertex -12 -18.2 3
      vertex -11.6558 -18.1729 3
    endloop
  endfacet
  facet normal 0.233526 -0.97235 0
    outer loop
      vertex -11.6558 -18.1729 3
      vertex -11.3202 -18.0923 4.3
      vertex -11.6558 -18.1729 4.3
    endloop
  endfacet
  facet normal 0.233526 -0.97235 0
    outer loop
      vertex -11.3202 -18.0923 4.3
      vertex -11.6558 -18.1729 3
      vertex -11.3202 -18.0923 3
    endloop
  endfacet
  facet normal 0.760401 -0.649454 0
    outer loop
      vertex -10.4444 -17.5556 4.3
      vertex -10.2202 -17.2931 3
      vertex -10.2202 -17.2931 4.3
    endloop
  endfacet
  facet normal 0.760401 -0.649454 0
    outer loop
      vertex -10.2202 -17.2931 3
      vertex -10.4444 -17.5556 4.3
      vertex -10.4444 -17.5556 3
    endloop
  endfacet
  facet normal -0.0784904 -0.996915 0
    outer loop
      vertex -12.3442 -18.1729 3
      vertex -12 -18.2 4.3
      vertex -12.3442 -18.1729 4.3
    endloop
  endfacet
  facet normal -0.0784904 -0.996915 -0
    outer loop
      vertex -12 -18.2 4.3
      vertex -12.3442 -18.1729 3
      vertex -12 -18.2 3
    endloop
  endfacet
  facet normal -0.649454 -0.760401 0
    outer loop
      vertex -13.5556 -17.5556 3
      vertex -13.2931 -17.7798 4.3
      vertex -13.5556 -17.5556 4.3
    endloop
  endfacet
  facet normal -0.649454 -0.760401 -0
    outer loop
      vertex -13.2931 -17.7798 4.3
      vertex -13.5556 -17.5556 3
      vertex -13.2931 -17.7798 3
    endloop
  endfacet
  facet normal -0.996915 -0.0784904 0
    outer loop
      vertex -14.1729 -16.3442 3
      vertex -14.2 -16 4.3
      vertex -14.2 -16 3
    endloop
  endfacet
  facet normal -0.996915 -0.0784904 0
    outer loop
      vertex -14.2 -16 4.3
      vertex -14.1729 -16.3442 3
      vertex -14.1729 -16.3442 4.3
    endloop
  endfacet
  facet normal -0.760401 -0.649454 0
    outer loop
      vertex -13.5556 -17.5556 3
      vertex -13.7798 -17.2931 4.3
      vertex -13.7798 -17.2931 3
    endloop
  endfacet
  facet normal -0.760401 -0.649454 0
    outer loop
      vertex -13.7798 -17.2931 4.3
      vertex -13.5556 -17.5556 3
      vertex -13.5556 -17.5556 4.3
    endloop
  endfacet
  facet normal 0.52261 0.852572 -0
    outer loop
      vertex -10.7069 -14.2202 3
      vertex -11.0012 -14.0398 4.3
      vertex -10.7069 -14.2202 4.3
    endloop
  endfacet
  facet normal 0.52261 0.852572 0
    outer loop
      vertex -11.0012 -14.0398 4.3
      vertex -10.7069 -14.2202 3
      vertex -11.0012 -14.0398 3
    endloop
  endfacet
  facet normal -0.97235 0.233526 0
    outer loop
      vertex -14.1729 -15.6558 3
      vertex -14.0923 -15.3202 4.3
      vertex -14.0923 -15.3202 3
    endloop
  endfacet
  facet normal -0.97235 0.233526 0
    outer loop
      vertex -14.0923 -15.3202 4.3
      vertex -14.1729 -15.6558 3
      vertex -14.1729 -15.6558 4.3
    endloop
  endfacet
  facet normal -0.852572 0.52261 0
    outer loop
      vertex -13.9602 -15.0012 3
      vertex -13.7798 -14.7069 4.3
      vertex -13.7798 -14.7069 3
    endloop
  endfacet
  facet normal -0.852572 0.52261 0
    outer loop
      vertex -13.7798 -14.7069 4.3
      vertex -13.9602 -15.0012 3
      vertex -13.9602 -15.0012 4.3
    endloop
  endfacet
  facet normal -0.52261 0.852572 0
    outer loop
      vertex -12.9988 -14.0398 3
      vertex -13.2931 -14.2202 4.3
      vertex -12.9988 -14.0398 4.3
    endloop
  endfacet
  facet normal -0.52261 0.852572 0
    outer loop
      vertex -13.2931 -14.2202 4.3
      vertex -12.9988 -14.0398 3
      vertex -13.2931 -14.2202 3
    endloop
  endfacet
  facet normal -0.382899 0.92379 0
    outer loop
      vertex -12.8 -13.9574 3
      vertex -12.9988 -14.0398 4.3
      vertex -12.8 -13.9574 4.3
    endloop
  endfacet
  facet normal -0.382899 0.92379 0
    outer loop
      vertex -12.9988 -14.0398 4.3
      vertex -12.8 -13.9574 3
      vertex -12.9988 -14.0398 3
    endloop
  endfacet
  facet normal 0.649454 -0.760401 0
    outer loop
      vertex -10.7069 -17.7798 3
      vertex -10.4444 -17.5556 4.3
      vertex -10.7069 -17.7798 4.3
    endloop
  endfacet
  facet normal 0.649454 -0.760401 0
    outer loop
      vertex -10.4444 -17.5556 4.3
      vertex -10.7069 -17.7798 3
      vertex -10.4444 -17.5556 3
    endloop
  endfacet
  facet normal 0.382599 -0.923914 0
    outer loop
      vertex -11.3202 -18.0923 3
      vertex -11.0012 -17.9602 4.3
      vertex -11.3202 -18.0923 4.3
    endloop
  endfacet
  facet normal 0.382599 -0.923914 0
    outer loop
      vertex -11.0012 -17.9602 4.3
      vertex -11.3202 -18.0923 3
      vertex -11.0012 -17.9602 3
    endloop
  endfacet
  facet normal 0.852572 -0.52261 0
    outer loop
      vertex -10.2202 -17.2931 4.3
      vertex -10.0398 -16.9988 3
      vertex -10.0398 -16.9988 4.3
    endloop
  endfacet
  facet normal 0.852572 -0.52261 0
    outer loop
      vertex -10.0398 -16.9988 3
      vertex -10.2202 -17.2931 4.3
      vertex -10.2202 -17.2931 3
    endloop
  endfacet
  facet normal -0.52261 -0.852572 0
    outer loop
      vertex -13.2931 -17.7798 3
      vertex -12.9988 -17.9602 4.3
      vertex -13.2931 -17.7798 4.3
    endloop
  endfacet
  facet normal -0.52261 -0.852572 -0
    outer loop
      vertex -12.9988 -17.9602 4.3
      vertex -13.2931 -17.7798 3
      vertex -12.9988 -17.9602 3
    endloop
  endfacet
  facet normal -0.97235 -0.233526 0
    outer loop
      vertex -14.0923 -16.6798 3
      vertex -14.1729 -16.3442 4.3
      vertex -14.1729 -16.3442 3
    endloop
  endfacet
  facet normal -0.97235 -0.233526 0
    outer loop
      vertex -14.1729 -16.3442 4.3
      vertex -14.0923 -16.6798 3
      vertex -14.0923 -16.6798 4.3
    endloop
  endfacet
  facet normal -0.923914 -0.382599 0
    outer loop
      vertex -13.9602 -16.9988 3
      vertex -14.0923 -16.6798 4.3
      vertex -14.0923 -16.6798 3
    endloop
  endfacet
  facet normal -0.923914 -0.382599 0
    outer loop
      vertex -14.0923 -16.6798 4.3
      vertex -13.9602 -16.9988 3
      vertex -13.9602 -16.9988 4.3
    endloop
  endfacet
  facet normal 0.52261 -0.852572 0
    outer loop
      vertex -11.0012 -17.9602 3
      vertex -10.7069 -17.7798 4.3
      vertex -11.0012 -17.9602 4.3
    endloop
  endfacet
  facet normal 0.52261 -0.852572 0
    outer loop
      vertex -10.7069 -17.7798 4.3
      vertex -11.0012 -17.9602 3
      vertex -10.7069 -17.7798 3
    endloop
  endfacet
  facet normal -0.852572 -0.52261 0
    outer loop
      vertex -13.7798 -17.2931 3
      vertex -13.9602 -16.9988 4.3
      vertex -13.9602 -16.9988 3
    endloop
  endfacet
  facet normal -0.852572 -0.52261 0
    outer loop
      vertex -13.9602 -16.9988 4.3
      vertex -13.7798 -17.2931 3
      vertex -13.7798 -17.2931 4.3
    endloop
  endfacet
  facet normal 0.996915 0.0784904 0
    outer loop
      vertex 24.2 -16 4.3
      vertex 24.1729 -15.6558 3
      vertex 24.1729 -15.6558 4.3
    endloop
  endfacet
  facet normal 0.996915 0.0784904 0
    outer loop
      vertex 24.1729 -15.6558 3
      vertex 24.2 -16 4.3
      vertex 24.2 -16 3
    endloop
  endfacet
  facet normal 0.760401 0.649454 0
    outer loop
      vertex 23.7798 -14.7069 4.3
      vertex 23.5556 -14.4444 3
      vertex 23.5556 -14.4444 4.3
    endloop
  endfacet
  facet normal 0.760401 0.649454 0
    outer loop
      vertex 23.5556 -14.4444 3
      vertex 23.7798 -14.7069 4.3
      vertex 23.7798 -14.7069 3
    endloop
  endfacet
  facet normal -0.649454 0.760401 0
    outer loop
      vertex 20.7069 -14.2202 3
      vertex 20.4444 -14.4444 4.3
      vertex 20.7069 -14.2202 4.3
    endloop
  endfacet
  facet normal -0.649454 0.760401 0
    outer loop
      vertex 20.4444 -14.4444 4.3
      vertex 20.7069 -14.2202 3
      vertex 20.4444 -14.4444 3
    endloop
  endfacet
  facet normal 0.649454 -0.760401 0
    outer loop
      vertex 23.2931 -17.7798 3
      vertex 23.5556 -17.5556 4.3
      vertex 23.2931 -17.7798 4.3
    endloop
  endfacet
  facet normal 0.649454 -0.760401 0
    outer loop
      vertex 23.5556 -17.5556 4.3
      vertex 23.2931 -17.7798 3
      vertex 23.5556 -17.5556 3
    endloop
  endfacet
  facet normal -0.760401 -0.649454 0
    outer loop
      vertex 20.4444 -17.5556 3
      vertex 20.2202 -17.2931 4.3
      vertex 20.2202 -17.2931 3
    endloop
  endfacet
  facet normal -0.760401 -0.649454 0
    outer loop
      vertex 20.2202 -17.2931 4.3
      vertex 20.4444 -17.5556 3
      vertex 20.4444 -17.5556 4.3
    endloop
  endfacet
  facet normal 0.923914 0.382599 0
    outer loop
      vertex 24.0923 -15.3202 4.3
      vertex 23.9602 -15.0012 3
      vertex 23.9602 -15.0012 4.3
    endloop
  endfacet
  facet normal 0.923914 0.382599 0
    outer loop
      vertex 23.9602 -15.0012 3
      vertex 24.0923 -15.3202 4.3
      vertex 24.0923 -15.3202 3
    endloop
  endfacet
  facet normal 0.97235 0.233526 0
    outer loop
      vertex 24.1729 -15.6558 4.3
      vertex 24.0923 -15.3202 3
      vertex 24.0923 -15.3202 4.3
    endloop
  endfacet
  facet normal 0.97235 0.233526 0
    outer loop
      vertex 24.0923 -15.3202 3
      vertex 24.1729 -15.6558 4.3
      vertex 24.1729 -15.6558 3
    endloop
  endfacet
  facet normal 0.852572 0.52261 0
    outer loop
      vertex 23.9602 -15.0012 4.3
      vertex 23.7798 -14.7069 3
      vertex 23.7798 -14.7069 4.3
    endloop
  endfacet
  facet normal 0.852572 0.52261 0
    outer loop
      vertex 23.7798 -14.7069 3
      vertex 23.9602 -15.0012 4.3
      vertex 23.9602 -15.0012 3
    endloop
  endfacet
  facet normal 0.382899 0.92379 -0
    outer loop
      vertex 22.9988 -14.0398 3
      vertex 22.8 -13.9574 4.3
      vertex 22.9988 -14.0398 4.3
    endloop
  endfacet
  facet normal 0.382899 0.92379 0
    outer loop
      vertex 22.8 -13.9574 4.3
      vertex 22.9988 -14.0398 3
      vertex 22.8 -13.9574 3
    endloop
  endfacet
  facet normal 0.649454 0.760401 -0
    outer loop
      vertex 23.5556 -14.4444 3
      vertex 23.2931 -14.2202 4.3
      vertex 23.5556 -14.4444 4.3
    endloop
  endfacet
  facet normal 0.649454 0.760401 0
    outer loop
      vertex 23.2931 -14.2202 4.3
      vertex 23.5556 -14.4444 3
      vertex 23.2931 -14.2202 3
    endloop
  endfacet
  facet normal -0.852572 0.52261 0
    outer loop
      vertex 20.0398 -15.0012 3
      vertex 20.2202 -14.7069 4.3
      vertex 20.2202 -14.7069 3
    endloop
  endfacet
  facet normal -0.852572 0.52261 0
    outer loop
      vertex 20.2202 -14.7069 4.3
      vertex 20.0398 -15.0012 3
      vertex 20.0398 -15.0012 4.3
    endloop
  endfacet
  facet normal -0.760401 0.649454 0
    outer loop
      vertex 20.2202 -14.7069 3
      vertex 20.4444 -14.4444 4.3
      vertex 20.4444 -14.4444 3
    endloop
  endfacet
  facet normal -0.760401 0.649454 0
    outer loop
      vertex 20.4444 -14.4444 4.3
      vertex 20.2202 -14.7069 3
      vertex 20.2202 -14.7069 4.3
    endloop
  endfacet
  facet normal -0.52261 0.852572 0
    outer loop
      vertex 21.0012 -14.0398 3
      vertex 20.7069 -14.2202 4.3
      vertex 21.0012 -14.0398 4.3
    endloop
  endfacet
  facet normal -0.52261 0.852572 0
    outer loop
      vertex 20.7069 -14.2202 4.3
      vertex 21.0012 -14.0398 3
      vertex 20.7069 -14.2202 3
    endloop
  endfacet
  facet normal 0.0784904 -0.996915 0
    outer loop
      vertex 22 -18.2 3
      vertex 22.3442 -18.1729 4.3
      vertex 22 -18.2 4.3
    endloop
  endfacet
  facet normal 0.0784904 -0.996915 0
    outer loop
      vertex 22.3442 -18.1729 4.3
      vertex 22 -18.2 3
      vertex 22.3442 -18.1729 3
    endloop
  endfacet
  facet normal 0.996915 -0.0784904 0
    outer loop
      vertex 24.1729 -16.3442 4.3
      vertex 24.2 -16 3
      vertex 24.2 -16 4.3
    endloop
  endfacet
  facet normal 0.996915 -0.0784904 0
    outer loop
      vertex 24.2 -16 3
      vertex 24.1729 -16.3442 4.3
      vertex 24.1729 -16.3442 3
    endloop
  endfacet
  facet normal -0.649454 -0.760401 0
    outer loop
      vertex 20.4444 -17.5556 3
      vertex 20.7069 -17.7798 4.3
      vertex 20.4444 -17.5556 4.3
    endloop
  endfacet
  facet normal -0.649454 -0.760401 -0
    outer loop
      vertex 20.7069 -17.7798 4.3
      vertex 20.4444 -17.5556 3
      vertex 20.7069 -17.7798 3
    endloop
  endfacet
  facet normal -0.233526 -0.97235 0
    outer loop
      vertex 21.3202 -18.0923 3
      vertex 21.6558 -18.1729 4.3
      vertex 21.3202 -18.0923 4.3
    endloop
  endfacet
  facet normal -0.233526 -0.97235 -0
    outer loop
      vertex 21.6558 -18.1729 4.3
      vertex 21.3202 -18.0923 3
      vertex 21.6558 -18.1729 3
    endloop
  endfacet
  facet normal -0.92379 0.382899 0
    outer loop
      vertex 19.9574 -15.2 3
      vertex 20.0398 -15.0012 4.3
      vertex 20.0398 -15.0012 3
    endloop
  endfacet
  facet normal -0.92379 0.382899 0
    outer loop
      vertex 20.0398 -15.0012 4.3
      vertex 19.9574 -15.2 3
      vertex 19.9574 -15.2 4.3
    endloop
  endfacet
  facet normal 0.233526 -0.97235 0
    outer loop
      vertex 22.3442 -18.1729 3
      vertex 22.6798 -18.0923 4.3
      vertex 22.3442 -18.1729 4.3
    endloop
  endfacet
  facet normal 0.233526 -0.97235 0
    outer loop
      vertex 22.6798 -18.0923 4.3
      vertex 22.3442 -18.1729 3
      vertex 22.6798 -18.0923 3
    endloop
  endfacet
  facet normal 0.382599 -0.923914 0
    outer loop
      vertex 22.6798 -18.0923 3
      vertex 22.9988 -17.9602 4.3
      vertex 22.6798 -18.0923 4.3
    endloop
  endfacet
  facet normal 0.382599 -0.923914 0
    outer loop
      vertex 22.9988 -17.9602 4.3
      vertex 22.6798 -18.0923 3
      vertex 22.9988 -17.9602 3
    endloop
  endfacet
  facet normal 0.52261 -0.852572 0
    outer loop
      vertex 22.9988 -17.9602 3
      vertex 23.2931 -17.7798 4.3
      vertex 22.9988 -17.9602 4.3
    endloop
  endfacet
  facet normal 0.52261 -0.852572 0
    outer loop
      vertex 23.2931 -17.7798 4.3
      vertex 22.9988 -17.9602 3
      vertex 23.2931 -17.7798 3
    endloop
  endfacet
  facet normal 0.760401 -0.649454 0
    outer loop
      vertex 23.5556 -17.5556 4.3
      vertex 23.7798 -17.2931 3
      vertex 23.7798 -17.2931 4.3
    endloop
  endfacet
  facet normal 0.760401 -0.649454 0
    outer loop
      vertex 23.7798 -17.2931 3
      vertex 23.5556 -17.5556 4.3
      vertex 23.5556 -17.5556 3
    endloop
  endfacet
  facet normal 0.923914 -0.382599 0
    outer loop
      vertex 23.9602 -16.9988 4.3
      vertex 24.0923 -16.6798 3
      vertex 24.0923 -16.6798 4.3
    endloop
  endfacet
  facet normal 0.923914 -0.382599 0
    outer loop
      vertex 24.0923 -16.6798 3
      vertex 23.9602 -16.9988 4.3
      vertex 23.9602 -16.9988 3
    endloop
  endfacet
  facet normal 0.97235 -0.233526 0
    outer loop
      vertex 24.0923 -16.6798 4.3
      vertex 24.1729 -16.3442 3
      vertex 24.1729 -16.3442 4.3
    endloop
  endfacet
  facet normal 0.97235 -0.233526 0
    outer loop
      vertex 24.1729 -16.3442 3
      vertex 24.0923 -16.6798 4.3
      vertex 24.0923 -16.6798 3
    endloop
  endfacet
  facet normal -0.52261 -0.852572 0
    outer loop
      vertex 20.7069 -17.7798 3
      vertex 21.0012 -17.9602 4.3
      vertex 20.7069 -17.7798 4.3
    endloop
  endfacet
  facet normal -0.52261 -0.852572 -0
    outer loop
      vertex 21.0012 -17.9602 4.3
      vertex 20.7069 -17.7798 3
      vertex 21.0012 -17.9602 3
    endloop
  endfacet
  facet normal -0.382599 -0.923914 0
    outer loop
      vertex 21.0012 -17.9602 3
      vertex 21.3202 -18.0923 4.3
      vertex 21.0012 -17.9602 4.3
    endloop
  endfacet
  facet normal -0.382599 -0.923914 -0
    outer loop
      vertex 21.3202 -18.0923 4.3
      vertex 21.0012 -17.9602 3
      vertex 21.3202 -18.0923 3
    endloop
  endfacet
  facet normal -0.0784904 -0.996915 0
    outer loop
      vertex 21.6558 -18.1729 3
      vertex 22 -18.2 4.3
      vertex 21.6558 -18.1729 4.3
    endloop
  endfacet
  facet normal -0.0784904 -0.996915 -0
    outer loop
      vertex 22 -18.2 4.3
      vertex 21.6558 -18.1729 3
      vertex 22 -18.2 3
    endloop
  endfacet
  facet normal -0.92379 -0.382899 0
    outer loop
      vertex 20.0398 -16.9988 3
      vertex 19.9574 -16.8 4.3
      vertex 19.9574 -16.8 3
    endloop
  endfacet
  facet normal -0.92379 -0.382899 0
    outer loop
      vertex 19.9574 -16.8 4.3
      vertex 20.0398 -16.9988 3
      vertex 20.0398 -16.9988 4.3
    endloop
  endfacet
  facet normal 0.52261 0.852572 -0
    outer loop
      vertex 23.2931 -14.2202 3
      vertex 22.9988 -14.0398 4.3
      vertex 23.2931 -14.2202 4.3
    endloop
  endfacet
  facet normal 0.52261 0.852572 0
    outer loop
      vertex 22.9988 -14.0398 4.3
      vertex 23.2931 -14.2202 3
      vertex 22.9988 -14.0398 3
    endloop
  endfacet
  facet normal -0.382899 0.92379 0
    outer loop
      vertex 21.2 -13.9574 3
      vertex 21.0012 -14.0398 4.3
      vertex 21.2 -13.9574 4.3
    endloop
  endfacet
  facet normal -0.382899 0.92379 0
    outer loop
      vertex 21.0012 -14.0398 4.3
      vertex 21.2 -13.9574 3
      vertex 21.0012 -14.0398 3
    endloop
  endfacet
  facet normal 0.852572 -0.52261 0
    outer loop
      vertex 23.7798 -17.2931 4.3
      vertex 23.9602 -16.9988 3
      vertex 23.9602 -16.9988 4.3
    endloop
  endfacet
  facet normal 0.852572 -0.52261 0
    outer loop
      vertex 23.9602 -16.9988 3
      vertex 23.7798 -17.2931 4.3
      vertex 23.7798 -17.2931 3
    endloop
  endfacet
  facet normal -0.852572 -0.52261 0
    outer loop
      vertex 20.2202 -17.2931 3
      vertex 20.0398 -16.9988 4.3
      vertex 20.0398 -16.9988 3
    endloop
  endfacet
  facet normal -0.852572 -0.52261 0
    outer loop
      vertex 20.0398 -16.9988 4.3
      vertex 20.2202 -17.2931 3
      vertex 20.2202 -17.2931 4.3
    endloop
  endfacet
  facet normal -0.0784904 0.996915 0
    outer loop
      vertex 22 16.2 3
      vertex 21.6558 16.1729 4.3
      vertex 22 16.2 4.3
    endloop
  endfacet
  facet normal -0.0784904 0.996915 0
    outer loop
      vertex 21.6558 16.1729 4.3
      vertex 22 16.2 3
      vertex 21.6558 16.1729 3
    endloop
  endfacet
  facet normal 0.852572 -0.52261 0
    outer loop
      vertex 23.7798 12.7069 4.3
      vertex 23.9602 13.0012 3
      vertex 23.9602 13.0012 4.3
    endloop
  endfacet
  facet normal 0.852572 -0.52261 0
    outer loop
      vertex 23.9602 13.0012 3
      vertex 23.7798 12.7069 4.3
      vertex 23.7798 12.7069 3
    endloop
  endfacet
  facet normal 0.649454 0.760401 -0
    outer loop
      vertex 23.5556 15.5556 3
      vertex 23.2931 15.7798 4.3
      vertex 23.5556 15.5556 4.3
    endloop
  endfacet
  facet normal 0.649454 0.760401 0
    outer loop
      vertex 23.2931 15.7798 4.3
      vertex 23.5556 15.5556 3
      vertex 23.2931 15.7798 3
    endloop
  endfacet
  facet normal -0.760401 0.649454 0
    outer loop
      vertex 20.2202 15.2931 3
      vertex 20.4444 15.5556 4.3
      vertex 20.4444 15.5556 3
    endloop
  endfacet
  facet normal -0.760401 0.649454 0
    outer loop
      vertex 20.4444 15.5556 4.3
      vertex 20.2202 15.2931 3
      vertex 20.2202 15.2931 4.3
    endloop
  endfacet
  facet normal -0.52261 0.852572 0
    outer loop
      vertex 21.0012 15.9602 3
      vertex 20.7069 15.7798 4.3
      vertex 21.0012 15.9602 4.3
    endloop
  endfacet
  facet normal -0.52261 0.852572 0
    outer loop
      vertex 20.7069 15.7798 4.3
      vertex 21.0012 15.9602 3
      vertex 20.7069 15.7798 3
    endloop
  endfacet
  facet normal 0.852572 0.52261 0
    outer loop
      vertex 23.9602 14.9988 4.3
      vertex 23.7798 15.2931 3
      vertex 23.7798 15.2931 4.3
    endloop
  endfacet
  facet normal 0.852572 0.52261 0
    outer loop
      vertex 23.7798 15.2931 3
      vertex 23.9602 14.9988 4.3
      vertex 23.9602 14.9988 3
    endloop
  endfacet
  facet normal 0.760401 0.649454 0
    outer loop
      vertex 23.7798 15.2931 4.3
      vertex 23.5556 15.5556 3
      vertex 23.5556 15.5556 4.3
    endloop
  endfacet
  facet normal 0.760401 0.649454 0
    outer loop
      vertex 23.5556 15.5556 3
      vertex 23.7798 15.2931 4.3
      vertex 23.7798 15.2931 3
    endloop
  endfacet
  facet normal 0.382599 0.923914 -0
    outer loop
      vertex 22.9988 15.9602 3
      vertex 22.6798 16.0923 4.3
      vertex 22.9988 15.9602 4.3
    endloop
  endfacet
  facet normal 0.382599 0.923914 0
    outer loop
      vertex 22.6798 16.0923 4.3
      vertex 22.9988 15.9602 3
      vertex 22.6798 16.0923 3
    endloop
  endfacet
  facet normal 0.52261 0.852572 -0
    outer loop
      vertex 23.2931 15.7798 3
      vertex 22.9988 15.9602 4.3
      vertex 23.2931 15.7798 4.3
    endloop
  endfacet
  facet normal 0.52261 0.852572 0
    outer loop
      vertex 22.9988 15.9602 4.3
      vertex 23.2931 15.7798 3
      vertex 22.9988 15.9602 3
    endloop
  endfacet
  facet normal -0.923914 0.382599 0
    outer loop
      vertex 19.9077 14.6798 3
      vertex 20.0398 14.9988 4.3
      vertex 20.0398 14.9988 3
    endloop
  endfacet
  facet normal -0.923914 0.382599 0
    outer loop
      vertex 20.0398 14.9988 4.3
      vertex 19.9077 14.6798 3
      vertex 19.9077 14.6798 4.3
    endloop
  endfacet
  facet normal -0.852572 0.52261 0
    outer loop
      vertex 20.0398 14.9988 3
      vertex 20.2202 15.2931 4.3
      vertex 20.2202 15.2931 3
    endloop
  endfacet
  facet normal -0.852572 0.52261 0
    outer loop
      vertex 20.2202 15.2931 4.3
      vertex 20.0398 14.9988 3
      vertex 20.0398 14.9988 4.3
    endloop
  endfacet
  facet normal -0.649454 0.760401 0
    outer loop
      vertex 20.7069 15.7798 3
      vertex 20.4444 15.5556 4.3
      vertex 20.7069 15.7798 4.3
    endloop
  endfacet
  facet normal -0.649454 0.760401 0
    outer loop
      vertex 20.4444 15.5556 4.3
      vertex 20.7069 15.7798 3
      vertex 20.4444 15.5556 3
    endloop
  endfacet
  facet normal -0.233526 0.97235 0
    outer loop
      vertex 21.6558 16.1729 3
      vertex 21.3202 16.0923 4.3
      vertex 21.6558 16.1729 4.3
    endloop
  endfacet
  facet normal -0.233526 0.97235 0
    outer loop
      vertex 21.3202 16.0923 4.3
      vertex 21.6558 16.1729 3
      vertex 21.3202 16.0923 3
    endloop
  endfacet
  facet normal 0.92379 0.382899 0
    outer loop
      vertex 24.0426 14.8 4.3
      vertex 23.9602 14.9988 3
      vertex 23.9602 14.9988 4.3
    endloop
  endfacet
  facet normal 0.92379 0.382899 0
    outer loop
      vertex 23.9602 14.9988 3
      vertex 24.0426 14.8 4.3
      vertex 24.0426 14.8 3
    endloop
  endfacet
  facet normal 0.233526 0.97235 -0
    outer loop
      vertex 22.6798 16.0923 3
      vertex 22.3442 16.1729 4.3
      vertex 22.6798 16.0923 4.3
    endloop
  endfacet
  facet normal 0.233526 0.97235 0
    outer loop
      vertex 22.3442 16.1729 4.3
      vertex 22.6798 16.0923 3
      vertex 22.3442 16.1729 3
    endloop
  endfacet
  facet normal 0.0784904 0.996915 -0
    outer loop
      vertex 22.3442 16.1729 3
      vertex 22 16.2 4.3
      vertex 22.3442 16.1729 4.3
    endloop
  endfacet
  facet normal 0.0784904 0.996915 0
    outer loop
      vertex 22 16.2 4.3
      vertex 22.3442 16.1729 3
      vertex 22 16.2 3
    endloop
  endfacet
  facet normal -0.996915 0.0784904 0
    outer loop
      vertex 19.8 14 3
      vertex 19.8271 14.3442 4.3
      vertex 19.8271 14.3442 3
    endloop
  endfacet
  facet normal -0.996915 0.0784904 0
    outer loop
      vertex 19.8271 14.3442 4.3
      vertex 19.8 14 3
      vertex 19.8 14 4.3
    endloop
  endfacet
  facet normal -0.996915 -0.0784904 0
    outer loop
      vertex 19.8271 13.6558 3
      vertex 19.8 14 4.3
      vertex 19.8 14 3
    endloop
  endfacet
  facet normal -0.996915 -0.0784904 0
    outer loop
      vertex 19.8 14 4.3
      vertex 19.8271 13.6558 3
      vertex 19.8271 13.6558 4.3
    endloop
  endfacet
  facet normal -0.382599 0.923914 0
    outer loop
      vertex 21.3202 16.0923 3
      vertex 21.0012 15.9602 4.3
      vertex 21.3202 16.0923 4.3
    endloop
  endfacet
  facet normal -0.382599 0.923914 0
    outer loop
      vertex 21.0012 15.9602 4.3
      vertex 21.3202 16.0923 3
      vertex 21.0012 15.9602 3
    endloop
  endfacet
  facet normal -0.760401 -0.649454 0
    outer loop
      vertex 20.4444 12.4444 3
      vertex 20.2202 12.7069 4.3
      vertex 20.2202 12.7069 3
    endloop
  endfacet
  facet normal -0.760401 -0.649454 0
    outer loop
      vertex 20.2202 12.7069 4.3
      vertex 20.4444 12.4444 3
      vertex 20.4444 12.4444 4.3
    endloop
  endfacet
  facet normal -0.852572 -0.52261 0
    outer loop
      vertex 20.2202 12.7069 3
      vertex 20.0398 13.0012 4.3
      vertex 20.0398 13.0012 3
    endloop
  endfacet
  facet normal -0.852572 -0.52261 0
    outer loop
      vertex 20.0398 13.0012 4.3
      vertex 20.2202 12.7069 3
      vertex 20.2202 12.7069 4.3
    endloop
  endfacet
  facet normal 0.649454 -0.760401 0
    outer loop
      vertex 23.2931 12.2202 3
      vertex 23.5556 12.4444 4.3
      vertex 23.2931 12.2202 4.3
    endloop
  endfacet
  facet normal 0.649454 -0.760401 0
    outer loop
      vertex 23.5556 12.4444 4.3
      vertex 23.2931 12.2202 3
      vertex 23.5556 12.4444 3
    endloop
  endfacet
  facet normal 0.52261 -0.852572 0
    outer loop
      vertex 22.9988 12.0398 3
      vertex 23.2931 12.2202 4.3
      vertex 22.9988 12.0398 4.3
    endloop
  endfacet
  facet normal 0.52261 -0.852572 0
    outer loop
      vertex 23.2931 12.2202 4.3
      vertex 22.9988 12.0398 3
      vertex 23.2931 12.2202 3
    endloop
  endfacet
  facet normal 0.92379 -0.382899 0
    outer loop
      vertex 23.9602 13.0012 4.3
      vertex 24.0426 13.2 3
      vertex 24.0426 13.2 4.3
    endloop
  endfacet
  facet normal 0.92379 -0.382899 0
    outer loop
      vertex 24.0426 13.2 3
      vertex 23.9602 13.0012 4.3
      vertex 23.9602 13.0012 3
    endloop
  endfacet
  facet normal -0.97235 0.233526 0
    outer loop
      vertex 19.8271 14.3442 3
      vertex 19.9077 14.6798 4.3
      vertex 19.9077 14.6798 3
    endloop
  endfacet
  facet normal -0.97235 0.233526 0
    outer loop
      vertex 19.9077 14.6798 4.3
      vertex 19.8271 14.3442 3
      vertex 19.8271 14.3442 4.3
    endloop
  endfacet
  facet normal -0.382899 -0.92379 0
    outer loop
      vertex 21.0012 12.0398 3
      vertex 21.2 11.9574 4.3
      vertex 21.0012 12.0398 4.3
    endloop
  endfacet
  facet normal -0.382899 -0.92379 -0
    outer loop
      vertex 21.2 11.9574 4.3
      vertex 21.0012 12.0398 3
      vertex 21.2 11.9574 3
    endloop
  endfacet
  facet normal -0.649454 -0.760401 0
    outer loop
      vertex 20.4444 12.4444 3
      vertex 20.7069 12.2202 4.3
      vertex 20.4444 12.4444 4.3
    endloop
  endfacet
  facet normal -0.649454 -0.760401 -0
    outer loop
      vertex 20.7069 12.2202 4.3
      vertex 20.4444 12.4444 3
      vertex 20.7069 12.2202 3
    endloop
  endfacet
  facet normal -0.923914 -0.382599 0
    outer loop
      vertex 20.0398 13.0012 3
      vertex 19.9077 13.3202 4.3
      vertex 19.9077 13.3202 3
    endloop
  endfacet
  facet normal -0.923914 -0.382599 0
    outer loop
      vertex 19.9077 13.3202 4.3
      vertex 20.0398 13.0012 3
      vertex 20.0398 13.0012 4.3
    endloop
  endfacet
  facet normal -0.97235 -0.233526 0
    outer loop
      vertex 19.9077 13.3202 3
      vertex 19.8271 13.6558 4.3
      vertex 19.8271 13.6558 3
    endloop
  endfacet
  facet normal -0.97235 -0.233526 0
    outer loop
      vertex 19.8271 13.6558 4.3
      vertex 19.9077 13.3202 3
      vertex 19.9077 13.3202 4.3
    endloop
  endfacet
  facet normal 0.760401 -0.649454 0
    outer loop
      vertex 23.5556 12.4444 4.3
      vertex 23.7798 12.7069 3
      vertex 23.7798 12.7069 4.3
    endloop
  endfacet
  facet normal 0.760401 -0.649454 0
    outer loop
      vertex 23.7798 12.7069 3
      vertex 23.5556 12.4444 4.3
      vertex 23.5556 12.4444 3
    endloop
  endfacet
  facet normal 0.382899 -0.92379 0
    outer loop
      vertex 22.8 11.9574 3
      vertex 22.9988 12.0398 4.3
      vertex 22.8 11.9574 4.3
    endloop
  endfacet
  facet normal 0.382899 -0.92379 0
    outer loop
      vertex 22.9988 12.0398 4.3
      vertex 22.8 11.9574 3
      vertex 22.9988 12.0398 3
    endloop
  endfacet
  facet normal -0.52261 -0.852572 0
    outer loop
      vertex 20.7069 12.2202 3
      vertex 21.0012 12.0398 4.3
      vertex 20.7069 12.2202 4.3
    endloop
  endfacet
  facet normal -0.52261 -0.852572 -0
    outer loop
      vertex 21.0012 12.0398 4.3
      vertex 20.7069 12.2202 3
      vertex 21.0012 12.0398 3
    endloop
  endfacet
  facet normal 0.996915 0.0784904 0
    outer loop
      vertex 60.2 14 4.3
      vertex 60.1729 14.3442 3
      vertex 60.1729 14.3442 4.3
    endloop
  endfacet
  facet normal 0.996915 0.0784904 0
    outer loop
      vertex 60.1729 14.3442 3
      vertex 60.2 14 4.3
      vertex 60.2 14 3
    endloop
  endfacet
  facet normal -0.0784904 0.996915 0
    outer loop
      vertex 58 16.2 3
      vertex 57.6558 16.1729 4.3
      vertex 58 16.2 4.3
    endloop
  endfacet
  facet normal -0.0784904 0.996915 0
    outer loop
      vertex 57.6558 16.1729 4.3
      vertex 58 16.2 3
      vertex 57.6558 16.1729 3
    endloop
  endfacet
  facet normal 0.0784904 -0.996915 0
    outer loop
      vertex 58 11.8 3
      vertex 58.3442 11.8271 4.3
      vertex 58 11.8 4.3
    endloop
  endfacet
  facet normal 0.0784904 -0.996915 0
    outer loop
      vertex 58.3442 11.8271 4.3
      vertex 58 11.8 3
      vertex 58.3442 11.8271 3
    endloop
  endfacet
  facet normal 0.852572 -0.52261 0
    outer loop
      vertex 59.7798 12.7069 4.3
      vertex 59.9602 13.0012 3
      vertex 59.9602 13.0012 4.3
    endloop
  endfacet
  facet normal 0.852572 -0.52261 0
    outer loop
      vertex 59.9602 13.0012 3
      vertex 59.7798 12.7069 4.3
      vertex 59.7798 12.7069 3
    endloop
  endfacet
  facet normal 0.649454 0.760401 -0
    outer loop
      vertex 59.5556 15.5556 3
      vertex 59.2931 15.7798 4.3
      vertex 59.5556 15.5556 4.3
    endloop
  endfacet
  facet normal 0.649454 0.760401 0
    outer loop
      vertex 59.2931 15.7798 4.3
      vertex 59.5556 15.5556 3
      vertex 59.2931 15.7798 3
    endloop
  endfacet
  facet normal -0.760401 0.649454 0
    outer loop
      vertex 56.2202 15.2931 3
      vertex 56.4444 15.5556 4.3
      vertex 56.4444 15.5556 3
    endloop
  endfacet
  facet normal -0.760401 0.649454 0
    outer loop
      vertex 56.4444 15.5556 4.3
      vertex 56.2202 15.2931 3
      vertex 56.2202 15.2931 4.3
    endloop
  endfacet
  facet normal -0.52261 0.852572 0
    outer loop
      vertex 57.0012 15.9602 3
      vertex 56.7069 15.7798 4.3
      vertex 57.0012 15.9602 4.3
    endloop
  endfacet
  facet normal -0.52261 0.852572 0
    outer loop
      vertex 56.7069 15.7798 4.3
      vertex 57.0012 15.9602 3
      vertex 56.7069 15.7798 3
    endloop
  endfacet
  facet normal 0.852572 0.52261 0
    outer loop
      vertex 59.9602 14.9988 4.3
      vertex 59.7798 15.2931 3
      vertex 59.7798 15.2931 4.3
    endloop
  endfacet
  facet normal 0.852572 0.52261 0
    outer loop
      vertex 59.7798 15.2931 3
      vertex 59.9602 14.9988 4.3
      vertex 59.9602 14.9988 3
    endloop
  endfacet
  facet normal 0.97235 0.233526 0
    outer loop
      vertex 60.1729 14.3442 4.3
      vertex 60.0923 14.6798 3
      vertex 60.0923 14.6798 4.3
    endloop
  endfacet
  facet normal 0.97235 0.233526 0
    outer loop
      vertex 60.0923 14.6798 3
      vertex 60.1729 14.3442 4.3
      vertex 60.1729 14.3442 3
    endloop
  endfacet
  facet normal 0.760401 0.649454 0
    outer loop
      vertex 59.7798 15.2931 4.3
      vertex 59.5556 15.5556 3
      vertex 59.5556 15.5556 4.3
    endloop
  endfacet
  facet normal 0.760401 0.649454 0
    outer loop
      vertex 59.5556 15.5556 3
      vertex 59.7798 15.2931 4.3
      vertex 59.7798 15.2931 3
    endloop
  endfacet
  facet normal 0.382599 0.923914 -0
    outer loop
      vertex 58.9988 15.9602 3
      vertex 58.6798 16.0923 4.3
      vertex 58.9988 15.9602 4.3
    endloop
  endfacet
  facet normal 0.382599 0.923914 0
    outer loop
      vertex 58.6798 16.0923 4.3
      vertex 58.9988 15.9602 3
      vertex 58.6798 16.0923 3
    endloop
  endfacet
  facet normal 0.52261 0.852572 -0
    outer loop
      vertex 59.2931 15.7798 3
      vertex 58.9988 15.9602 4.3
      vertex 59.2931 15.7798 4.3
    endloop
  endfacet
  facet normal 0.52261 0.852572 0
    outer loop
      vertex 58.9988 15.9602 4.3
      vertex 59.2931 15.7798 3
      vertex 58.9988 15.9602 3
    endloop
  endfacet
  facet normal -0.92379 0.382899 0
    outer loop
      vertex 55.9574 14.8 3
      vertex 56.0398 14.9988 4.3
      vertex 56.0398 14.9988 3
    endloop
  endfacet
  facet normal -0.92379 0.382899 0
    outer loop
      vertex 56.0398 14.9988 4.3
      vertex 55.9574 14.8 3
      vertex 55.9574 14.8 4.3
    endloop
  endfacet
  facet normal -0.852572 0.52261 0
    outer loop
      vertex 56.0398 14.9988 3
      vertex 56.2202 15.2931 4.3
      vertex 56.2202 15.2931 3
    endloop
  endfacet
  facet normal -0.852572 0.52261 0
    outer loop
      vertex 56.2202 15.2931 4.3
      vertex 56.0398 14.9988 3
      vertex 56.0398 14.9988 4.3
    endloop
  endfacet
  facet normal -0.649454 0.760401 0
    outer loop
      vertex 56.7069 15.7798 3
      vertex 56.4444 15.5556 4.3
      vertex 56.7069 15.7798 4.3
    endloop
  endfacet
  facet normal -0.649454 0.760401 0
    outer loop
      vertex 56.4444 15.5556 4.3
      vertex 56.7069 15.7798 3
      vertex 56.4444 15.5556 3
    endloop
  endfacet
  facet normal -0.233526 0.97235 0
    outer loop
      vertex 57.6558 16.1729 3
      vertex 57.3202 16.0923 4.3
      vertex 57.6558 16.1729 4.3
    endloop
  endfacet
  facet normal -0.233526 0.97235 0
    outer loop
      vertex 57.3202 16.0923 4.3
      vertex 57.6558 16.1729 3
      vertex 57.3202 16.0923 3
    endloop
  endfacet
  facet normal 0.923914 0.382599 0
    outer loop
      vertex 60.0923 14.6798 4.3
      vertex 59.9602 14.9988 3
      vertex 59.9602 14.9988 4.3
    endloop
  endfacet
  facet normal 0.923914 0.382599 0
    outer loop
      vertex 59.9602 14.9988 3
      vertex 60.0923 14.6798 4.3
      vertex 60.0923 14.6798 3
    endloop
  endfacet
  facet normal 0.233526 0.97235 -0
    outer loop
      vertex 58.6798 16.0923 3
      vertex 58.3442 16.1729 4.3
      vertex 58.6798 16.0923 4.3
    endloop
  endfacet
  facet normal 0.233526 0.97235 0
    outer loop
      vertex 58.3442 16.1729 4.3
      vertex 58.6798 16.0923 3
      vertex 58.3442 16.1729 3
    endloop
  endfacet
  facet normal 0.0784904 0.996915 -0
    outer loop
      vertex 58.3442 16.1729 3
      vertex 58 16.2 4.3
      vertex 58.3442 16.1729 4.3
    endloop
  endfacet
  facet normal 0.0784904 0.996915 0
    outer loop
      vertex 58 16.2 4.3
      vertex 58.3442 16.1729 3
      vertex 58 16.2 3
    endloop
  endfacet
  facet normal -0.382599 0.923914 0
    outer loop
      vertex 57.3202 16.0923 3
      vertex 57.0012 15.9602 4.3
      vertex 57.3202 16.0923 4.3
    endloop
  endfacet
  facet normal -0.382599 0.923914 0
    outer loop
      vertex 57.0012 15.9602 4.3
      vertex 57.3202 16.0923 3
      vertex 57.0012 15.9602 3
    endloop
  endfacet
  facet normal -0.760401 -0.649454 0
    outer loop
      vertex 56.4444 12.4444 3
      vertex 56.2202 12.7069 4.3
      vertex 56.2202 12.7069 3
    endloop
  endfacet
  facet normal -0.760401 -0.649454 0
    outer loop
      vertex 56.2202 12.7069 4.3
      vertex 56.4444 12.4444 3
      vertex 56.4444 12.4444 4.3
    endloop
  endfacet
  facet normal -0.852572 -0.52261 0
    outer loop
      vertex 56.2202 12.7069 3
      vertex 56.0398 13.0012 4.3
      vertex 56.0398 13.0012 3
    endloop
  endfacet
  facet normal -0.852572 -0.52261 0
    outer loop
      vertex 56.0398 13.0012 4.3
      vertex 56.2202 12.7069 3
      vertex 56.2202 12.7069 4.3
    endloop
  endfacet
  facet normal 0.649454 -0.760401 0
    outer loop
      vertex 59.2931 12.2202 3
      vertex 59.5556 12.4444 4.3
      vertex 59.2931 12.2202 4.3
    endloop
  endfacet
  facet normal 0.649454 -0.760401 0
    outer loop
      vertex 59.5556 12.4444 4.3
      vertex 59.2931 12.2202 3
      vertex 59.5556 12.4444 3
    endloop
  endfacet
  facet normal 0.52261 -0.852572 0
    outer loop
      vertex 58.9988 12.0398 3
      vertex 59.2931 12.2202 4.3
      vertex 58.9988 12.0398 4.3
    endloop
  endfacet
  facet normal 0.52261 -0.852572 0
    outer loop
      vertex 59.2931 12.2202 4.3
      vertex 58.9988 12.0398 3
      vertex 59.2931 12.2202 3
    endloop
  endfacet
  facet normal 0.923914 -0.382599 0
    outer loop
      vertex 59.9602 13.0012 4.3
      vertex 60.0923 13.3202 3
      vertex 60.0923 13.3202 4.3
    endloop
  endfacet
  facet normal 0.923914 -0.382599 0
    outer loop
      vertex 60.0923 13.3202 3
      vertex 59.9602 13.0012 4.3
      vertex 59.9602 13.0012 3
    endloop
  endfacet
  facet normal 0.97235 -0.233526 0
    outer loop
      vertex 60.0923 13.3202 4.3
      vertex 60.1729 13.6558 3
      vertex 60.1729 13.6558 4.3
    endloop
  endfacet
  facet normal 0.97235 -0.233526 0
    outer loop
      vertex 60.1729 13.6558 3
      vertex 60.0923 13.3202 4.3
      vertex 60.0923 13.3202 3
    endloop
  endfacet
  facet normal -0.382599 -0.923914 0
    outer loop
      vertex 57.0012 12.0398 3
      vertex 57.3202 11.9077 4.3
      vertex 57.0012 12.0398 4.3
    endloop
  endfacet
  facet normal -0.382599 -0.923914 -0
    outer loop
      vertex 57.3202 11.9077 4.3
      vertex 57.0012 12.0398 3
      vertex 57.3202 11.9077 3
    endloop
  endfacet
  facet normal -0.233526 -0.97235 0
    outer loop
      vertex 57.3202 11.9077 3
      vertex 57.6558 11.8271 4.3
      vertex 57.3202 11.9077 4.3
    endloop
  endfacet
  facet normal -0.233526 -0.97235 -0
    outer loop
      vertex 57.6558 11.8271 4.3
      vertex 57.3202 11.9077 3
      vertex 57.6558 11.8271 3
    endloop
  endfacet
  facet normal -0.649454 -0.760401 0
    outer loop
      vertex 56.4444 12.4444 3
      vertex 56.7069 12.2202 4.3
      vertex 56.4444 12.4444 4.3
    endloop
  endfacet
  facet normal -0.649454 -0.760401 -0
    outer loop
      vertex 56.7069 12.2202 4.3
      vertex 56.4444 12.4444 3
      vertex 56.7069 12.2202 3
    endloop
  endfacet
  facet normal -0.92379 -0.382899 0
    outer loop
      vertex 56.0398 13.0012 3
      vertex 55.9574 13.2 4.3
      vertex 55.9574 13.2 3
    endloop
  endfacet
  facet normal -0.92379 -0.382899 0
    outer loop
      vertex 55.9574 13.2 4.3
      vertex 56.0398 13.0012 3
      vertex 56.0398 13.0012 4.3
    endloop
  endfacet
  facet normal 0.760401 -0.649454 0
    outer loop
      vertex 59.5556 12.4444 4.3
      vertex 59.7798 12.7069 3
      vertex 59.7798 12.7069 4.3
    endloop
  endfacet
  facet normal 0.760401 -0.649454 0
    outer loop
      vertex 59.7798 12.7069 3
      vertex 59.5556 12.4444 4.3
      vertex 59.5556 12.4444 3
    endloop
  endfacet
  facet normal 0.382599 -0.923914 0
    outer loop
      vertex 58.6798 11.9077 3
      vertex 58.9988 12.0398 4.3
      vertex 58.6798 11.9077 4.3
    endloop
  endfacet
  facet normal 0.382599 -0.923914 0
    outer loop
      vertex 58.9988 12.0398 4.3
      vertex 58.6798 11.9077 3
      vertex 58.9988 12.0398 3
    endloop
  endfacet
  facet normal 0.233526 -0.97235 0
    outer loop
      vertex 58.3442 11.8271 3
      vertex 58.6798 11.9077 4.3
      vertex 58.3442 11.8271 4.3
    endloop
  endfacet
  facet normal 0.233526 -0.97235 0
    outer loop
      vertex 58.6798 11.9077 4.3
      vertex 58.3442 11.8271 3
      vertex 58.6798 11.9077 3
    endloop
  endfacet
  facet normal 0.996915 -0.0784904 0
    outer loop
      vertex 60.1729 13.6558 4.3
      vertex 60.2 14 3
      vertex 60.2 14 4.3
    endloop
  endfacet
  facet normal 0.996915 -0.0784904 0
    outer loop
      vertex 60.2 14 3
      vertex 60.1729 13.6558 4.3
      vertex 60.1729 13.6558 3
    endloop
  endfacet
  facet normal -0.0784904 -0.996915 0
    outer loop
      vertex 57.6558 11.8271 3
      vertex 58 11.8 4.3
      vertex 57.6558 11.8271 4.3
    endloop
  endfacet
  facet normal -0.0784904 -0.996915 -0
    outer loop
      vertex 58 11.8 4.3
      vertex 57.6558 11.8271 3
      vertex 58 11.8 3
    endloop
  endfacet
  facet normal -0.52261 -0.852572 0
    outer loop
      vertex 56.7069 12.2202 3
      vertex 57.0012 12.0398 4.3
      vertex 56.7069 12.2202 4.3
    endloop
  endfacet
  facet normal -0.52261 -0.852572 -0
    outer loop
      vertex 57.0012 12.0398 4.3
      vertex 56.7069 12.2202 3
      vertex 57.0012 12.0398 3
    endloop
  endfacet
  facet normal 1 -0 0
    outer loop
      vertex -7.2 2.04255 4.3
      vertex -7.2 15.9574 3
      vertex -7.2 15.9574 4.3
    endloop
  endfacet
  facet normal 1 0 0
    outer loop
      vertex -7.2 15.9574 3
      vertex -7.2 2.04255 4.3
      vertex -7.2 2.04255 3
    endloop
  endfacet
  facet normal 0 1 -0
    outer loop
      vertex -46.8 0.799999 3
      vertex -55.9574 0.799999 4.3
      vertex -46.8 0.799999 4.3
    endloop
  endfacet
  facet normal 0 1 0
    outer loop
      vertex -55.9574 0.799999 4.3
      vertex -46.8 0.799999 3
      vertex -55.9574 0.799999 3
    endloop
  endfacet
  facet normal 0 1 -0
    outer loop
      vertex -10.0426 0.799999 3
      vertex -11.2 0.799999 4.3
      vertex -10.0426 0.799999 4.3
    endloop
  endfacet
  facet normal 0 1 0
    outer loop
      vertex -11.2 0.799999 4.3
      vertex -10.0426 0.799999 3
      vertex -11.2 0.799999 3
    endloop
  endfacet
  facet normal 0 1 -0
    outer loop
      vertex -30.8 0.799999 3
      vertex -45.2 0.799999 4.3
      vertex -30.8 0.799999 4.3
    endloop
  endfacet
  facet normal 0 1 0
    outer loop
      vertex -45.2 0.799999 4.3
      vertex -30.8 0.799999 3
      vertex -45.2 0.799999 3
    endloop
  endfacet
  facet normal 0 1 -0
    outer loop
      vertex -12.8 0.799999 3
      vertex -29.2 0.799999 4.3
      vertex -12.8 0.799999 4.3
    endloop
  endfacet
  facet normal 0 1 0
    outer loop
      vertex -29.2 0.799999 4.3
      vertex -12.8 0.799999 3
      vertex -29.2 0.799999 3
    endloop
  endfacet
  facet normal 0 -1 0
    outer loop
      vertex -55.9574 -0.799999 3
      vertex -46.8 -0.799999 4.3
      vertex -55.9574 -0.799999 4.3
    endloop
  endfacet
  facet normal 0 -1 -0
    outer loop
      vertex -46.8 -0.799999 4.3
      vertex -55.9574 -0.799999 3
      vertex -46.8 -0.799999 3
    endloop
  endfacet
  facet normal 0 -1 0
    outer loop
      vertex -11.2 -0.799999 3
      vertex -10.0426 -0.799999 4.3
      vertex -11.2 -0.799999 4.3
    endloop
  endfacet
  facet normal 0 -1 -0
    outer loop
      vertex -10.0426 -0.799999 4.3
      vertex -11.2 -0.799999 3
      vertex -10.0426 -0.799999 3
    endloop
  endfacet
  facet normal 0 -1 0
    outer loop
      vertex -45.2 -0.799999 3
      vertex -30.8 -0.799999 4.3
      vertex -45.2 -0.799999 4.3
    endloop
  endfacet
  facet normal 0 -1 -0
    outer loop
      vertex -30.8 -0.799999 4.3
      vertex -45.2 -0.799999 3
      vertex -30.8 -0.799999 3
    endloop
  endfacet
  facet normal 0 -1 0
    outer loop
      vertex -29.2 -0.799999 3
      vertex -12.8 -0.799999 4.3
      vertex -29.2 -0.799999 4.3
    endloop
  endfacet
  facet normal 0 -1 -0
    outer loop
      vertex -12.8 -0.799999 4.3
      vertex -29.2 -0.799999 3
      vertex -12.8 -0.799999 3
    endloop
  endfacet
  facet normal -1 0 0
    outer loop
      vertex -8.8 2.04255 3
      vertex -8.8 15.9574 4.3
      vertex -8.8 15.9574 3
    endloop
  endfacet
  facet normal -1 -0 0
    outer loop
      vertex -8.8 15.9574 4.3
      vertex -8.8 2.04255 3
      vertex -8.8 2.04255 4.3
    endloop
  endfacet
  facet normal 0 1 -0
    outer loop
      vertex 31.9574 18.8 3
      vertex -5.95745 18.8 4.3
      vertex 31.9574 18.8 4.3
    endloop
  endfacet
  facet normal 0 1 0
    outer loop
      vertex -5.95745 18.8 4.3
      vertex 31.9574 18.8 3
      vertex -5.95745 18.8 3
    endloop
  endfacet
  facet normal 1 -0 0
    outer loop
      vertex 34.8 14.8 4.3
      vertex 34.8 15.9574 3
      vertex 34.8 15.9574 4.3
    endloop
  endfacet
  facet normal 1 0 0
    outer loop
      vertex 34.8 15.9574 3
      vertex 34.8 14.8 4.3
      vertex 34.8 14.8 3
    endloop
  endfacet
  facet normal 1 -0 0
    outer loop
      vertex 34.8 0.0425516 4.3
      vertex 34.8 7.2 3
      vertex 34.8 7.2 4.3
    endloop
  endfacet
  facet normal 1 0 0
    outer loop
      vertex 34.8 7.2 3
      vertex 34.8 0.0425516 4.3
      vertex 34.8 0.0425516 3
    endloop
  endfacet
  facet normal 1 -0 0
    outer loop
      vertex 34.8 8.8 4.3
      vertex 34.8 13.2 3
      vertex 34.8 13.2 4.3
    endloop
  endfacet
  facet normal 1 0 0
    outer loop
      vertex 34.8 13.2 3
      vertex 34.8 8.8 4.3
      vertex 34.8 8.8 3
    endloop
  endfacet
  facet normal 0 -1 0
    outer loop
      vertex -5.95745 17.2 3
      vertex 31.9574 17.2 4.3
      vertex -5.95745 17.2 4.3
    endloop
  endfacet
  facet normal 0 -1 -0
    outer loop
      vertex 31.9574 17.2 4.3
      vertex -5.95745 17.2 3
      vertex 31.9574 17.2 3
    endloop
  endfacet
  facet normal -1 0 0
    outer loop
      vertex 33.2 14.8 3
      vertex 33.2 15.9574 4.3
      vertex 33.2 15.9574 3
    endloop
  endfacet
  facet normal -1 -0 0
    outer loop
      vertex 33.2 15.9574 4.3
      vertex 33.2 14.8 3
      vertex 33.2 14.8 4.3
    endloop
  endfacet
  facet normal -1 0 0
    outer loop
      vertex 33.2 0.0425516 3
      vertex 33.2 7.2 4.3
      vertex 33.2 7.2 3
    endloop
  endfacet
  facet normal -1 -0 0
    outer loop
      vertex 33.2 7.2 4.3
      vertex 33.2 0.0425516 3
      vertex 33.2 0.0425516 4.3
    endloop
  endfacet
  facet normal -1 0 0
    outer loop
      vertex 33.2 8.8 3
      vertex 33.2 13.2 4.3
      vertex 33.2 13.2 3
    endloop
  endfacet
  facet normal -1 -0 0
    outer loop
      vertex 33.2 13.2 4.3
      vertex 33.2 8.8 3
      vertex 33.2 8.8 4.3
    endloop
  endfacet
  facet normal 0 -1 0
    outer loop
      vertex 36.0426 -2.8 3
      vertex 39.2 -2.8 4.3
      vertex 36.0426 -2.8 4.3
    endloop
  endfacet
  facet normal 0 -1 -0
    outer loop
      vertex 39.2 -2.8 4.3
      vertex 36.0426 -2.8 3
      vertex 39.2 -2.8 3
    endloop
  endfacet
  facet normal 0 -1 0
    outer loop
      vertex 40.8 -2.8 3
      vertex 57.9574 -2.8 4.3
      vertex 40.8 -2.8 4.3
    endloop
  endfacet
  facet normal 0 -1 -0
    outer loop
      vertex 57.9574 -2.8 4.3
      vertex 40.8 -2.8 3
      vertex 57.9574 -2.8 3
    endloop
  endfacet
  facet normal 0 1 -0
    outer loop
      vertex 39.2 -1.2 3
      vertex 36.0426 -1.2 4.3
      vertex 39.2 -1.2 4.3
    endloop
  endfacet
  facet normal 0 1 0
    outer loop
      vertex 36.0426 -1.2 4.3
      vertex 39.2 -1.2 3
      vertex 36.0426 -1.2 3
    endloop
  endfacet
  facet normal 0 1 -0
    outer loop
      vertex 57.9574 -1.2 3
      vertex 40.8 -1.2 4.3
      vertex 57.9574 -1.2 4.3
    endloop
  endfacet
  facet normal 0 1 0
    outer loop
      vertex 40.8 -1.2 4.3
      vertex 57.9574 -1.2 3
      vertex 40.8 -1.2 3
    endloop
  endfacet
  facet normal -0.996914 0.0785006 0
    outer loop
      vertex -60.2 0 3
      vertex -60.1729 0.344155 4.3
      vertex -60.1729 0.344155 3
    endloop
  endfacet
  facet normal -0.996914 0.0785006 0
    outer loop
      vertex -60.1729 0.344155 4.3
      vertex -60.2 0 3
      vertex -60.2 0 4.3
    endloop
  endfacet
  facet normal 0.0784616 0.996917 -0
    outer loop
      vertex -57.6558 2.17291 3
      vertex -58 2.2 4.3
      vertex -57.6558 2.17291 4.3
    endloop
  endfacet
  facet normal 0.0784616 0.996917 0
    outer loop
      vertex -58 2.2 4.3
      vertex -57.6558 2.17291 3
      vertex -58 2.2 3
    endloop
  endfacet
  facet normal 0.760401 0.649454 0
    outer loop
      vertex -56.2202 1.29313 4.3
      vertex -56.4444 1.55563 3
      vertex -56.4444 1.55563 4.3
    endloop
  endfacet
  facet normal 0.760401 0.649454 0
    outer loop
      vertex -56.4444 1.55563 3
      vertex -56.2202 1.29313 4.3
      vertex -56.2202 1.29313 3
    endloop
  endfacet
  facet normal -0.649471 0.760386 0
    outer loop
      vertex -59.2931 1.77984 3
      vertex -59.5556 1.55563 4.3
      vertex -59.2931 1.77984 4.3
    endloop
  endfacet
  facet normal -0.649471 0.760386 0
    outer loop
      vertex -59.5556 1.55563 4.3
      vertex -59.2931 1.77984 3
      vertex -59.5556 1.55563 3
    endloop
  endfacet
  facet normal -0.233499 0.972357 0
    outer loop
      vertex -58.3442 2.17291 3
      vertex -58.6798 2.09232 4.3
      vertex -58.3442 2.17291 4.3
    endloop
  endfacet
  facet normal -0.233499 0.972357 0
    outer loop
      vertex -58.6798 2.09232 4.3
      vertex -58.3442 2.17291 3
      vertex -58.6798 2.09232 3
    endloop
  endfacet
  facet normal 0.649471 -0.760386 0
    outer loop
      vertex -56.7069 -1.77984 3
      vertex -56.4444 -1.55563 4.3
      vertex -56.7069 -1.77984 4.3
    endloop
  endfacet
  facet normal 0.649471 -0.760386 0
    outer loop
      vertex -56.4444 -1.55563 4.3
      vertex -56.7069 -1.77984 3
      vertex -56.4444 -1.55563 3
    endloop
  endfacet
  facet normal -0.760401 -0.649454 0
    outer loop
      vertex -59.5556 -1.55563 3
      vertex -59.7798 -1.29313 4.3
      vertex -59.7798 -1.29313 3
    endloop
  endfacet
  facet normal -0.760401 -0.649454 0
    outer loop
      vertex -59.7798 -1.29313 4.3
      vertex -59.5556 -1.55563 3
      vertex -59.5556 -1.55563 4.3
    endloop
  endfacet
  facet normal 0.923776 0.382933 0
    outer loop
      vertex -55.9574 0.799999 4.3
      vertex -56.0398 0.998778 3
      vertex -56.0398 0.998778 4.3
    endloop
  endfacet
  facet normal 0.923776 0.382933 0
    outer loop
      vertex -56.0398 0.998778 3
      vertex -55.9574 0.799999 4.3
      vertex -55.9574 0.799999 3
    endloop
  endfacet
  facet normal 0.852613 0.522542 0
    outer loop
      vertex -56.0398 0.998778 4.3
      vertex -56.2202 1.29313 3
      vertex -56.2202 1.29313 4.3
    endloop
  endfacet
  facet normal 0.852613 0.522542 0
    outer loop
      vertex -56.2202 1.29313 3
      vertex -56.0398 0.998778 4.3
      vertex -56.0398 0.998778 3
    endloop
  endfacet
  facet normal 0.382624 0.923904 -0
    outer loop
      vertex -57.0012 1.96021 3
      vertex -57.3202 2.09232 4.3
      vertex -57.0012 1.96021 4.3
    endloop
  endfacet
  facet normal 0.382624 0.923904 0
    outer loop
      vertex -57.3202 2.09232 4.3
      vertex -57.0012 1.96021 3
      vertex -57.3202 2.09232 3
    endloop
  endfacet
  facet normal 0.233499 0.972357 -0
    outer loop
      vertex -57.3202 2.09232 3
      vertex -57.6558 2.17291 4.3
      vertex -57.3202 2.09232 4.3
    endloop
  endfacet
  facet normal 0.233499 0.972357 0
    outer loop
      vertex -57.6558 2.17291 4.3
      vertex -57.3202 2.09232 3
      vertex -57.6558 2.17291 3
    endloop
  endfacet
  facet normal 0.649471 0.760386 -0
    outer loop
      vertex -56.4444 1.55563 3
      vertex -56.7069 1.77984 4.3
      vertex -56.4444 1.55563 4.3
    endloop
  endfacet
  facet normal 0.649471 0.760386 0
    outer loop
      vertex -56.7069 1.77984 4.3
      vertex -56.4444 1.55563 3
      vertex -56.7069 1.77984 3
    endloop
  endfacet
  facet normal -0.852613 0.522542 0
    outer loop
      vertex -59.9602 0.998778 3
      vertex -59.7798 1.29313 4.3
      vertex -59.7798 1.29313 3
    endloop
  endfacet
  facet normal -0.852613 0.522542 0
    outer loop
      vertex -59.7798 1.29313 4.3
      vertex -59.9602 0.998778 3
      vertex -59.9602 0.998778 4.3
    endloop
  endfacet
  facet normal -0.760401 0.649454 0
    outer loop
      vertex -59.7798 1.29313 3
      vertex -59.5556 1.55563 4.3
      vertex -59.5556 1.55563 3
    endloop
  endfacet
  facet normal -0.760401 0.649454 0
    outer loop
      vertex -59.5556 1.55563 4.3
      vertex -59.7798 1.29313 3
      vertex -59.7798 1.29313 4.3
    endloop
  endfacet
  facet normal -0.972363 0.233472 0
    outer loop
      vertex -60.1729 0.344155 3
      vertex -60.0923 0.679837 4.3
      vertex -60.0923 0.679837 3
    endloop
  endfacet
  facet normal -0.972363 0.233472 0
    outer loop
      vertex -60.0923 0.679837 4.3
      vertex -60.1729 0.344155 3
      vertex -60.1729 0.344155 4.3
    endloop
  endfacet
  facet normal -0.522546 0.852611 0
    outer loop
      vertex -58.9988 1.96021 3
      vertex -59.2931 1.77984 4.3
      vertex -58.9988 1.96021 4.3
    endloop
  endfacet
  facet normal -0.522546 0.852611 0
    outer loop
      vertex -59.2931 1.77984 4.3
      vertex -58.9988 1.96021 3
      vertex -59.2931 1.77984 3
    endloop
  endfacet
  facet normal -0.0784616 0.996917 0
    outer loop
      vertex -58 2.2 3
      vertex -58.3442 2.17291 4.3
      vertex -58 2.2 4.3
    endloop
  endfacet
  facet normal -0.0784616 0.996917 0
    outer loop
      vertex -58.3442 2.17291 4.3
      vertex -58 2.2 3
      vertex -58.3442 2.17291 3
    endloop
  endfacet
  facet normal 0.0784616 -0.996917 0
    outer loop
      vertex -58 -2.2 3
      vertex -57.6558 -2.17291 4.3
      vertex -58 -2.2 4.3
    endloop
  endfacet
  facet normal 0.0784616 -0.996917 0
    outer loop
      vertex -57.6558 -2.17291 4.3
      vertex -58 -2.2 3
      vertex -57.6558 -2.17291 3
    endloop
  endfacet
  facet normal -0.649471 -0.760386 0
    outer loop
      vertex -59.5556 -1.55563 3
      vertex -59.2931 -1.77984 4.3
      vertex -59.5556 -1.55563 4.3
    endloop
  endfacet
  facet normal -0.649471 -0.760386 -0
    outer loop
      vertex -59.2931 -1.77984 4.3
      vertex -59.5556 -1.55563 3
      vertex -59.2931 -1.77984 3
    endloop
  endfacet
  facet normal -0.233499 -0.972357 0
    outer loop
      vertex -58.6798 -2.09232 3
      vertex -58.3442 -2.17291 4.3
      vertex -58.6798 -2.09232 4.3
    endloop
  endfacet
  facet normal -0.233499 -0.972357 -0
    outer loop
      vertex -58.3442 -2.17291 4.3
      vertex -58.6798 -2.09232 3
      vertex -58.3442 -2.17291 3
    endloop
  endfacet
  facet normal -0.996914 -0.0785006 0
    outer loop
      vertex -60.1729 -0.344155 3
      vertex -60.2 0 4.3
      vertex -60.2 0 3
    endloop
  endfacet
  facet normal -0.996914 -0.0785006 0
    outer loop
      vertex -60.2 0 4.3
      vertex -60.1729 -0.344155 3
      vertex -60.1729 -0.344155 4.3
    endloop
  endfacet
  facet normal -0.923889 0.382659 0
    outer loop
      vertex -60.0923 0.679837 3
      vertex -59.9602 0.998778 4.3
      vertex -59.9602 0.998778 3
    endloop
  endfacet
  facet normal -0.923889 0.382659 0
    outer loop
      vertex -59.9602 0.998778 4.3
      vertex -60.0923 0.679837 3
      vertex -60.0923 0.679837 4.3
    endloop
  endfacet
  facet normal -0.382624 0.923904 0
    outer loop
      vertex -58.6798 2.09232 3
      vertex -58.9988 1.96021 4.3
      vertex -58.6798 2.09232 4.3
    endloop
  endfacet
  facet normal -0.382624 0.923904 0
    outer loop
      vertex -58.9988 1.96021 4.3
      vertex -58.6798 2.09232 3
      vertex -58.9988 1.96021 3
    endloop
  endfacet
  facet normal 0.233499 -0.972357 0
    outer loop
      vertex -57.6558 -2.17291 3
      vertex -57.3202 -2.09232 4.3
      vertex -57.6558 -2.17291 4.3
    endloop
  endfacet
  facet normal 0.233499 -0.972357 0
    outer loop
      vertex -57.3202 -2.09232 4.3
      vertex -57.6558 -2.17291 3
      vertex -57.3202 -2.09232 3
    endloop
  endfacet
  facet normal 0.382624 -0.923904 0
    outer loop
      vertex -57.3202 -2.09232 3
      vertex -57.0012 -1.96021 4.3
      vertex -57.3202 -2.09232 4.3
    endloop
  endfacet
  facet normal 0.382624 -0.923904 0
    outer loop
      vertex -57.0012 -1.96021 4.3
      vertex -57.3202 -2.09232 3
      vertex -57.0012 -1.96021 3
    endloop
  endfacet
  facet normal 0.522546 -0.852611 0
    outer loop
      vertex -57.0012 -1.96021 3
      vertex -56.7069 -1.77984 4.3
      vertex -57.0012 -1.96021 4.3
    endloop
  endfacet
  facet normal 0.522546 -0.852611 0
    outer loop
      vertex -56.7069 -1.77984 4.3
      vertex -57.0012 -1.96021 3
      vertex -56.7069 -1.77984 3
    endloop
  endfacet
  facet normal 0.760401 -0.649454 0
    outer loop
      vertex -56.4444 -1.55563 4.3
      vertex -56.2202 -1.29313 3
      vertex -56.2202 -1.29313 4.3
    endloop
  endfacet
  facet normal 0.760401 -0.649454 0
    outer loop
      vertex -56.2202 -1.29313 3
      vertex -56.4444 -1.55563 4.3
      vertex -56.4444 -1.55563 3
    endloop
  endfacet
  facet normal 0.923776 -0.382933 0
    outer loop
      vertex -56.0398 -0.998778 4.3
      vertex -55.9574 -0.799999 3
      vertex -55.9574 -0.799999 4.3
    endloop
  endfacet
  facet normal 0.923776 -0.382933 0
    outer loop
      vertex -55.9574 -0.799999 3
      vertex -56.0398 -0.998778 4.3
      vertex -56.0398 -0.998778 3
    endloop
  endfacet
  facet normal -0.522546 -0.852611 0
    outer loop
      vertex -59.2931 -1.77984 3
      vertex -58.9988 -1.96021 4.3
      vertex -59.2931 -1.77984 4.3
    endloop
  endfacet
  facet normal -0.522546 -0.852611 -0
    outer loop
      vertex -58.9988 -1.96021 4.3
      vertex -59.2931 -1.77984 3
      vertex -58.9988 -1.96021 3
    endloop
  endfacet
  facet normal -0.382624 -0.923904 0
    outer loop
      vertex -58.9988 -1.96021 3
      vertex -58.6798 -2.09232 4.3
      vertex -58.9988 -1.96021 4.3
    endloop
  endfacet
  facet normal -0.382624 -0.923904 -0
    outer loop
      vertex -58.6798 -2.09232 4.3
      vertex -58.9988 -1.96021 3
      vertex -58.6798 -2.09232 3
    endloop
  endfacet
  facet normal -0.0784616 -0.996917 0
    outer loop
      vertex -58.3442 -2.17291 3
      vertex -58 -2.2 4.3
      vertex -58.3442 -2.17291 4.3
    endloop
  endfacet
  facet normal -0.0784616 -0.996917 -0
    outer loop
      vertex -58 -2.2 4.3
      vertex -58.3442 -2.17291 3
      vertex -58 -2.2 3
    endloop
  endfacet
  facet normal -0.923889 -0.382659 0
    outer loop
      vertex -59.9602 -0.998778 3
      vertex -60.0923 -0.679837 4.3
      vertex -60.0923 -0.679837 3
    endloop
  endfacet
  facet normal -0.923889 -0.382659 0
    outer loop
      vertex -60.0923 -0.679837 4.3
      vertex -59.9602 -0.998778 3
      vertex -59.9602 -0.998778 4.3
    endloop
  endfacet
  facet normal -0.972363 -0.233472 0
    outer loop
      vertex -60.0923 -0.679837 3
      vertex -60.1729 -0.344155 4.3
      vertex -60.1729 -0.344155 3
    endloop
  endfacet
  facet normal -0.972363 -0.233472 0
    outer loop
      vertex -60.1729 -0.344155 4.3
      vertex -60.0923 -0.679837 3
      vertex -60.0923 -0.679837 4.3
    endloop
  endfacet
  facet normal 0.522546 0.852611 -0
    outer loop
      vertex -56.7069 1.77984 3
      vertex -57.0012 1.96021 4.3
      vertex -56.7069 1.77984 4.3
    endloop
  endfacet
  facet normal 0.522546 0.852611 0
    outer loop
      vertex -57.0012 1.96021 4.3
      vertex -56.7069 1.77984 3
      vertex -57.0012 1.96021 3
    endloop
  endfacet
  facet normal 0.852613 -0.522542 0
    outer loop
      vertex -56.2202 -1.29313 4.3
      vertex -56.0398 -0.998778 3
      vertex -56.0398 -0.998778 4.3
    endloop
  endfacet
  facet normal 0.852613 -0.522542 0
    outer loop
      vertex -56.0398 -0.998778 3
      vertex -56.2202 -1.29313 4.3
      vertex -56.2202 -1.29313 3
    endloop
  endfacet
  facet normal -0.852613 -0.522542 0
    outer loop
      vertex -59.7798 -1.29313 3
      vertex -59.9602 -0.998778 4.3
      vertex -59.9602 -0.998778 3
    endloop
  endfacet
  facet normal -0.852613 -0.522542 0
    outer loop
      vertex -59.9602 -0.998778 4.3
      vertex -59.7798 -1.29313 3
      vertex -59.7798 -1.29313 4.3
    endloop
  endfacet
  facet normal 0.996916 0.0784718 0
    outer loop
      vertex -5.8 0 4.3
      vertex -5.82709 0.344155 3
      vertex -5.82709 0.344155 4.3
    endloop
  endfacet
  facet normal 0.996916 0.0784718 0
    outer loop
      vertex -5.82709 0.344155 3
      vertex -5.8 0 4.3
      vertex -5.8 0 3
    endloop
  endfacet
  facet normal -0.0784707 -0.996916 0
    outer loop
      vertex -8.34416 -2.17291 3
      vertex -8 -2.2 4.3
      vertex -8.34416 -2.17291 4.3
    endloop
  endfacet
  facet normal -0.0784707 -0.996916 -0
    outer loop
      vertex -8 -2.2 4.3
      vertex -8.34416 -2.17291 3
      vertex -8 -2.2 3
    endloop
  endfacet
  facet normal 0.760401 0.649454 0
    outer loop
      vertex -6.22016 1.29313 4.3
      vertex -6.44436 1.55563 3
      vertex -6.44436 1.55563 4.3
    endloop
  endfacet
  facet normal 0.760401 0.649454 0
    outer loop
      vertex -6.44436 1.55563 3
      vertex -6.22016 1.29313 4.3
      vertex -6.22016 1.29313 3
    endloop
  endfacet
  facet normal -0.649471 0.760386 0
    outer loop
      vertex -9.29313 1.77984 3
      vertex -9.55563 1.55563 4.3
      vertex -9.29313 1.77984 4.3
    endloop
  endfacet
  facet normal -0.649471 0.760386 0
    outer loop
      vertex -9.55563 1.55563 4.3
      vertex -9.29313 1.77984 3
      vertex -9.55563 1.55563 3
    endloop
  endfacet
  facet normal 0.649457 -0.760398 0
    outer loop
      vertex -6.70687 -1.77984 3
      vertex -6.44436 -1.55563 4.3
      vertex -6.70687 -1.77984 4.3
    endloop
  endfacet
  facet normal 0.649457 -0.760398 0
    outer loop
      vertex -6.44436 -1.55563 4.3
      vertex -6.70687 -1.77984 3
      vertex -6.44436 -1.55563 3
    endloop
  endfacet
  facet normal 0.923869 0.382709 0
    outer loop
      vertex -5.90767 0.679837 4.3
      vertex -6.03979 0.998778 3
      vertex -6.03979 0.998778 4.3
    endloop
  endfacet
  facet normal 0.923869 0.382709 0
    outer loop
      vertex -6.03979 0.998778 3
      vertex -5.90767 0.679837 4.3
      vertex -5.90767 0.679837 3
    endloop
  endfacet
  facet normal 0.972377 0.233418 0
    outer loop
      vertex -5.82709 0.344155 4.3
      vertex -5.90767 0.679837 3
      vertex -5.90767 0.679837 4.3
    endloop
  endfacet
  facet normal 0.972377 0.233418 0
    outer loop
      vertex -5.90767 0.679837 3
      vertex -5.82709 0.344155 4.3
      vertex -5.82709 0.344155 3
    endloop
  endfacet
  facet normal 0.852652 0.522479 0
    outer loop
      vertex -6.03979 0.998778 4.3
      vertex -6.22016 1.29313 3
      vertex -6.22016 1.29313 4.3
    endloop
  endfacet
  facet normal 0.852652 0.522479 0
    outer loop
      vertex -6.22016 1.29313 3
      vertex -6.03979 0.998778 4.3
      vertex -6.03979 0.998778 3
    endloop
  endfacet
  facet normal 0.382694 0.923875 -0
    outer loop
      vertex -7.00122 1.96021 3
      vertex -7.2 2.04255 4.3
      vertex -7.00122 1.96021 4.3
    endloop
  endfacet
  facet normal 0.382694 0.923875 0
    outer loop
      vertex -7.2 2.04255 4.3
      vertex -7.00122 1.96021 3
      vertex -7.2 2.04255 3
    endloop
  endfacet
  facet normal 0.649457 0.760398 -0
    outer loop
      vertex -6.44436 1.55563 3
      vertex -6.70687 1.77984 4.3
      vertex -6.44436 1.55563 4.3
    endloop
  endfacet
  facet normal 0.649457 0.760398 0
    outer loop
      vertex -6.70687 1.77984 4.3
      vertex -6.44436 1.55563 3
      vertex -6.70687 1.77984 3
    endloop
  endfacet
  facet normal -0.852652 0.522479 0
    outer loop
      vertex -9.96021 0.998778 3
      vertex -9.77984 1.29313 4.3
      vertex -9.77984 1.29313 3
    endloop
  endfacet
  facet normal -0.852652 0.522479 0
    outer loop
      vertex -9.77984 1.29313 4.3
      vertex -9.96021 0.998778 3
      vertex -9.96021 0.998778 4.3
    endloop
  endfacet
  facet normal -0.760386 0.649471 0
    outer loop
      vertex -9.77984 1.29313 3
      vertex -9.55563 1.55563 4.3
      vertex -9.55563 1.55563 3
    endloop
  endfacet
  facet normal -0.760386 0.649471 0
    outer loop
      vertex -9.55563 1.55563 4.3
      vertex -9.77984 1.29313 3
      vertex -9.77984 1.29313 4.3
    endloop
  endfacet
  facet normal -0.522482 0.85265 0
    outer loop
      vertex -8.99878 1.96021 3
      vertex -9.29313 1.77984 4.3
      vertex -8.99878 1.96021 4.3
    endloop
  endfacet
  facet normal -0.522482 0.85265 0
    outer loop
      vertex -9.29313 1.77984 4.3
      vertex -8.99878 1.96021 3
      vertex -9.29313 1.77984 3
    endloop
  endfacet
  facet normal 0.923869 -0.382709 0
    outer loop
      vertex -6.03979 -0.998778 4.3
      vertex -5.90767 -0.679837 3
      vertex -5.90767 -0.679837 4.3
    endloop
  endfacet
  facet normal 0.923869 -0.382709 0
    outer loop
      vertex -5.90767 -0.679837 3
      vertex -6.03979 -0.998778 4.3
      vertex -6.03979 -0.998778 3
    endloop
  endfacet
  facet normal 0.0784707 -0.996916 0
    outer loop
      vertex -8 -2.2 3
      vertex -7.65584 -2.17291 4.3
      vertex -8 -2.2 4.3
    endloop
  endfacet
  facet normal 0.0784707 -0.996916 0
    outer loop
      vertex -7.65584 -2.17291 4.3
      vertex -8 -2.2 3
      vertex -7.65584 -2.17291 3
    endloop
  endfacet
  facet normal -0.649471 -0.760386 0
    outer loop
      vertex -9.55563 -1.55563 3
      vertex -9.29313 -1.77984 4.3
      vertex -9.55563 -1.55563 4.3
    endloop
  endfacet
  facet normal -0.649471 -0.760386 -0
    outer loop
      vertex -9.29313 -1.77984 4.3
      vertex -9.55563 -1.55563 3
      vertex -9.29313 -1.77984 3
    endloop
  endfacet
  facet normal -0.233446 -0.97237 0
    outer loop
      vertex -8.67984 -2.09232 3
      vertex -8.34416 -2.17291 4.3
      vertex -8.67984 -2.09232 4.3
    endloop
  endfacet
  facet normal -0.233446 -0.97237 -0
    outer loop
      vertex -8.34416 -2.17291 4.3
      vertex -8.67984 -2.09232 3
      vertex -8.34416 -2.17291 3
    endloop
  endfacet
  facet normal -0.760386 -0.649471 0
    outer loop
      vertex -9.55563 -1.55563 3
      vertex -9.77984 -1.29313 4.3
      vertex -9.77984 -1.29313 3
    endloop
  endfacet
  facet normal -0.760386 -0.649471 0
    outer loop
      vertex -9.77984 -1.29313 4.3
      vertex -9.55563 -1.55563 3
      vertex -9.55563 -1.55563 4.3
    endloop
  endfacet
  facet normal -0.923792 0.382894 0
    outer loop
      vertex -10.0426 0.799999 3
      vertex -9.96021 0.998778 4.3
      vertex -9.96021 0.998778 3
    endloop
  endfacet
  facet normal -0.923792 0.382894 0
    outer loop
      vertex -9.96021 0.998778 4.3
      vertex -10.0426 0.799999 3
      vertex -10.0426 0.799999 4.3
    endloop
  endfacet
  facet normal -0.382694 0.923875 0
    outer loop
      vertex -8.8 2.04255 3
      vertex -8.99878 1.96021 4.3
      vertex -8.8 2.04255 4.3
    endloop
  endfacet
  facet normal -0.382694 0.923875 0
    outer loop
      vertex -8.99878 1.96021 4.3
      vertex -8.8 2.04255 3
      vertex -8.99878 1.96021 3
    endloop
  endfacet
  facet normal 0.233446 -0.97237 0
    outer loop
      vertex -7.65584 -2.17291 3
      vertex -7.32016 -2.09232 4.3
      vertex -7.65584 -2.17291 4.3
    endloop
  endfacet
  facet normal 0.233446 -0.97237 0
    outer loop
      vertex -7.32016 -2.09232 4.3
      vertex -7.65584 -2.17291 3
      vertex -7.32016 -2.09232 3
    endloop
  endfacet
  facet normal 0.382685 -0.923879 0
    outer loop
      vertex -7.32016 -2.09232 3
      vertex -7.00122 -1.96021 4.3
      vertex -7.32016 -2.09232 4.3
    endloop
  endfacet
  facet normal 0.382685 -0.923879 0
    outer loop
      vertex -7.00122 -1.96021 4.3
      vertex -7.32016 -2.09232 3
      vertex -7.00122 -1.96021 3
    endloop
  endfacet
  facet normal 0.522482 -0.85265 0
    outer loop
      vertex -7.00122 -1.96021 3
      vertex -6.70687 -1.77984 4.3
      vertex -7.00122 -1.96021 4.3
    endloop
  endfacet
  facet normal 0.522482 -0.85265 0
    outer loop
      vertex -6.70687 -1.77984 4.3
      vertex -7.00122 -1.96021 3
      vertex -6.70687 -1.77984 3
    endloop
  endfacet
  facet normal 0.760401 -0.649454 0
    outer loop
      vertex -6.44436 -1.55563 4.3
      vertex -6.22016 -1.29313 3
      vertex -6.22016 -1.29313 4.3
    endloop
  endfacet
  facet normal 0.760401 -0.649454 0
    outer loop
      vertex -6.22016 -1.29313 3
      vertex -6.44436 -1.55563 4.3
      vertex -6.44436 -1.55563 3
    endloop
  endfacet
  facet normal 0.972377 -0.233418 0
    outer loop
      vertex -5.90767 -0.679837 4.3
      vertex -5.82709 -0.344155 3
      vertex -5.82709 -0.344155 4.3
    endloop
  endfacet
  facet normal 0.972377 -0.233418 0
    outer loop
      vertex -5.82709 -0.344155 3
      vertex -5.90767 -0.679837 4.3
      vertex -5.90767 -0.679837 3
    endloop
  endfacet
  facet normal -0.522482 -0.85265 0
    outer loop
      vertex -9.29313 -1.77984 3
      vertex -8.99878 -1.96021 4.3
      vertex -9.29313 -1.77984 4.3
    endloop
  endfacet
  facet normal -0.522482 -0.85265 -0
    outer loop
      vertex -8.99878 -1.96021 4.3
      vertex -9.29313 -1.77984 3
      vertex -8.99878 -1.96021 3
    endloop
  endfacet
  facet normal -0.382685 -0.923879 0
    outer loop
      vertex -8.99878 -1.96021 3
      vertex -8.67984 -2.09232 4.3
      vertex -8.99878 -1.96021 4.3
    endloop
  endfacet
  facet normal -0.382685 -0.923879 -0
    outer loop
      vertex -8.67984 -2.09232 4.3
      vertex -8.99878 -1.96021 3
      vertex -8.67984 -2.09232 3
    endloop
  endfacet
  facet normal -0.923792 -0.382894 0
    outer loop
      vertex -9.96021 -0.998778 3
      vertex -10.0426 -0.799999 4.3
      vertex -10.0426 -0.799999 3
    endloop
  endfacet
  facet normal -0.923792 -0.382894 0
    outer loop
      vertex -10.0426 -0.799999 4.3
      vertex -9.96021 -0.998778 3
      vertex -9.96021 -0.998778 4.3
    endloop
  endfacet
  facet normal 0.522482 0.85265 -0
    outer loop
      vertex -6.70687 1.77984 3
      vertex -7.00122 1.96021 4.3
      vertex -6.70687 1.77984 4.3
    endloop
  endfacet
  facet normal 0.522482 0.85265 0
    outer loop
      vertex -7.00122 1.96021 4.3
      vertex -6.70687 1.77984 3
      vertex -7.00122 1.96021 3
    endloop
  endfacet
  facet normal 0.852652 -0.522479 0
    outer loop
      vertex -6.22016 -1.29313 4.3
      vertex -6.03979 -0.998778 3
      vertex -6.03979 -0.998778 4.3
    endloop
  endfacet
  facet normal 0.852652 -0.522479 0
    outer loop
      vertex -6.03979 -0.998778 3
      vertex -6.22016 -1.29313 4.3
      vertex -6.22016 -1.29313 3
    endloop
  endfacet
  facet normal 0.996916 -0.0784718 0
    outer loop
      vertex -5.82709 -0.344155 4.3
      vertex -5.8 0 3
      vertex -5.8 0 4.3
    endloop
  endfacet
  facet normal 0.996916 -0.0784718 0
    outer loop
      vertex -5.8 0 3
      vertex -5.82709 -0.344155 4.3
      vertex -5.82709 -0.344155 3
    endloop
  endfacet
  facet normal -0.852652 -0.522479 0
    outer loop
      vertex -9.77984 -1.29313 3
      vertex -9.96021 -0.998778 4.3
      vertex -9.96021 -0.998778 3
    endloop
  endfacet
  facet normal -0.852652 -0.522479 0
    outer loop
      vertex -9.96021 -0.998778 4.3
      vertex -9.77984 -1.29313 3
      vertex -9.77984 -1.29313 4.3
    endloop
  endfacet
  facet normal -0.0784995 0.996914 0
    outer loop
      vertex -8 20.2 3
      vertex -8.34416 20.1729 4.3
      vertex -8 20.2 4.3
    endloop
  endfacet
  facet normal -0.0784995 0.996914 0
    outer loop
      vertex -8.34416 20.1729 4.3
      vertex -8 20.2 3
      vertex -8.34416 20.1729 3
    endloop
  endfacet
  facet normal 0.760401 -0.649454 0
    outer loop
      vertex -6.44436 16.4444 4.3
      vertex -6.22016 16.7069 3
      vertex -6.22016 16.7069 4.3
    endloop
  endfacet
  facet normal 0.760401 -0.649454 0
    outer loop
      vertex -6.22016 16.7069 3
      vertex -6.44436 16.4444 4.3
      vertex -6.44436 16.4444 3
    endloop
  endfacet
  facet normal 0.64944 0.760413 -0
    outer loop
      vertex -6.44436 19.5556 3
      vertex -6.70687 19.7798 4.3
      vertex -6.44436 19.5556 4.3
    endloop
  endfacet
  facet normal 0.64944 0.760413 0
    outer loop
      vertex -6.70687 19.7798 4.3
      vertex -6.44436 19.5556 3
      vertex -6.70687 19.7798 3
    endloop
  endfacet
  facet normal -0.760386 0.649471 0
    outer loop
      vertex -9.77984 19.2931 3
      vertex -9.55563 19.5556 4.3
      vertex -9.55563 19.5556 3
    endloop
  endfacet
  facet normal -0.760386 0.649471 0
    outer loop
      vertex -9.55563 19.5556 4.3
      vertex -9.77984 19.2931 3
      vertex -9.77984 19.2931 4.3
    endloop
  endfacet
  facet normal -0.522545 0.852612 0
    outer loop
      vertex -8.99878 19.9602 3
      vertex -9.29313 19.7798 4.3
      vertex -8.99878 19.9602 4.3
    endloop
  endfacet
  facet normal -0.522545 0.852612 0
    outer loop
      vertex -9.29313 19.7798 4.3
      vertex -8.99878 19.9602 3
      vertex -9.29313 19.7798 3
    endloop
  endfacet
  facet normal 0.852611 0.522546 0
    outer loop
      vertex -6.03979 18.9988 4.3
      vertex -6.22016 19.2931 3
      vertex -6.22016 19.2931 4.3
    endloop
  endfacet
  facet normal 0.852611 0.522546 0
    outer loop
      vertex -6.22016 19.2931 3
      vertex -6.03979 18.9988 4.3
      vertex -6.03979 18.9988 3
    endloop
  endfacet
  facet normal 0.760401 0.649454 0
    outer loop
      vertex -6.22016 19.2931 4.3
      vertex -6.44436 19.5556 3
      vertex -6.44436 19.5556 4.3
    endloop
  endfacet
  facet normal 0.760401 0.649454 0
    outer loop
      vertex -6.44436 19.5556 3
      vertex -6.22016 19.2931 4.3
      vertex -6.22016 19.2931 3
    endloop
  endfacet
  facet normal 0.382661 0.923889 -0
    outer loop
      vertex -7.00122 19.9602 3
      vertex -7.32016 20.0923 4.3
      vertex -7.00122 19.9602 4.3
    endloop
  endfacet
  facet normal 0.382661 0.923889 0
    outer loop
      vertex -7.32016 20.0923 4.3
      vertex -7.00122 19.9602 3
      vertex -7.32016 20.0923 3
    endloop
  endfacet
  facet normal 0.522545 0.852612 -0
    outer loop
      vertex -6.70687 19.7798 3
      vertex -7.00122 19.9602 4.3
      vertex -6.70687 19.7798 4.3
    endloop
  endfacet
  facet normal 0.522545 0.852612 0
    outer loop
      vertex -7.00122 19.9602 4.3
      vertex -6.70687 19.7798 3
      vertex -7.00122 19.9602 3
    endloop
  endfacet
  facet normal -0.923925 0.382574 0
    outer loop
      vertex -10.0923 18.6798 3
      vertex -9.96021 18.9988 4.3
      vertex -9.96021 18.9988 3
    endloop
  endfacet
  facet normal -0.923925 0.382574 0
    outer loop
      vertex -9.96021 18.9988 4.3
      vertex -10.0923 18.6798 3
      vertex -10.0923 18.6798 4.3
    endloop
  endfacet
  facet normal -0.852611 0.522546 0
    outer loop
      vertex -9.96021 18.9988 3
      vertex -9.77984 19.2931 4.3
      vertex -9.77984 19.2931 3
    endloop
  endfacet
  facet normal -0.852611 0.522546 0
    outer loop
      vertex -9.77984 19.2931 4.3
      vertex -9.96021 18.9988 3
      vertex -9.96021 18.9988 4.3
    endloop
  endfacet
  facet normal -0.996915 0.0784904 0
    outer loop
      vertex -10.2 18 3
      vertex -10.1729 18.3442 4.3
      vertex -10.1729 18.3442 3
    endloop
  endfacet
  facet normal -0.996915 0.0784904 0
    outer loop
      vertex -10.1729 18.3442 4.3
      vertex -10.2 18 3
      vertex -10.2 18 4.3
    endloop
  endfacet
  facet normal -0.649454 0.760401 0
    outer loop
      vertex -9.29313 19.7798 3
      vertex -9.55563 19.5556 4.3
      vertex -9.29313 19.7798 4.3
    endloop
  endfacet
  facet normal -0.649454 0.760401 0
    outer loop
      vertex -9.55563 19.5556 4.3
      vertex -9.29313 19.7798 3
      vertex -9.55563 19.5556 3
    endloop
  endfacet
  facet normal -0.233474 0.972363 0
    outer loop
      vertex -8.34416 20.1729 3
      vertex -8.67984 20.0923 4.3
      vertex -8.34416 20.1729 4.3
    endloop
  endfacet
  facet normal -0.233474 0.972363 0
    outer loop
      vertex -8.67984 20.0923 4.3
      vertex -8.34416 20.1729 3
      vertex -8.67984 20.0923 3
    endloop
  endfacet
  facet normal -0.852611 -0.522546 0
    outer loop
      vertex -9.77984 16.7069 3
      vertex -9.96021 17.0012 4.3
      vertex -9.96021 17.0012 3
    endloop
  endfacet
  facet normal -0.852611 -0.522546 0
    outer loop
      vertex -9.96021 17.0012 4.3
      vertex -9.77984 16.7069 3
      vertex -9.77984 16.7069 4.3
    endloop
  endfacet
  facet normal 0.923889 0.382661 0
    outer loop
      vertex -5.95745 18.8 4.3
      vertex -6.03979 18.9988 3
      vertex -6.03979 18.9988 4.3
    endloop
  endfacet
  facet normal 0.923889 0.382661 0
    outer loop
      vertex -6.03979 18.9988 3
      vertex -5.95745 18.8 4.3
      vertex -5.95745 18.8 3
    endloop
  endfacet
  facet normal 0.233474 0.972363 -0
    outer loop
      vertex -7.32016 20.0923 3
      vertex -7.65584 20.1729 4.3
      vertex -7.32016 20.0923 4.3
    endloop
  endfacet
  facet normal 0.233474 0.972363 0
    outer loop
      vertex -7.65584 20.1729 4.3
      vertex -7.32016 20.0923 3
      vertex -7.65584 20.1729 3
    endloop
  endfacet
  facet normal 0.0784995 0.996914 -0
    outer loop
      vertex -7.65584 20.1729 3
      vertex -8 20.2 4.3
      vertex -7.65584 20.1729 4.3
    endloop
  endfacet
  facet normal 0.0784995 0.996914 0
    outer loop
      vertex -8 20.2 4.3
      vertex -7.65584 20.1729 3
      vertex -8 20.2 3
    endloop
  endfacet
  facet normal -0.996915 -0.0784904 0
    outer loop
      vertex -10.1729 17.6558 3
      vertex -10.2 18 4.3
      vertex -10.2 18 3
    endloop
  endfacet
  facet normal -0.996915 -0.0784904 0
    outer loop
      vertex -10.2 18 4.3
      vertex -10.1729 17.6558 3
      vertex -10.1729 17.6558 4.3
    endloop
  endfacet
  facet normal -0.382661 0.923889 0
    outer loop
      vertex -8.67984 20.0923 3
      vertex -8.99878 19.9602 4.3
      vertex -8.67984 20.0923 4.3
    endloop
  endfacet
  facet normal -0.382661 0.923889 0
    outer loop
      vertex -8.99878 19.9602 4.3
      vertex -8.67984 20.0923 3
      vertex -8.99878 19.9602 3
    endloop
  endfacet
  facet normal -0.760386 -0.649471 0
    outer loop
      vertex -9.55563 16.4444 3
      vertex -9.77984 16.7069 4.3
      vertex -9.77984 16.7069 3
    endloop
  endfacet
  facet normal -0.760386 -0.649471 0
    outer loop
      vertex -9.77984 16.7069 4.3
      vertex -9.55563 16.4444 3
      vertex -9.55563 16.4444 4.3
    endloop
  endfacet
  facet normal -0.97235 -0.233526 0
    outer loop
      vertex -10.0923 17.3202 3
      vertex -10.1729 17.6558 4.3
      vertex -10.1729 17.6558 3
    endloop
  endfacet
  facet normal -0.97235 -0.233526 0
    outer loop
      vertex -10.1729 17.6558 4.3
      vertex -10.0923 17.3202 3
      vertex -10.0923 17.3202 4.3
    endloop
  endfacet
  facet normal -0.923925 -0.382574 0
    outer loop
      vertex -9.96021 17.0012 3
      vertex -10.0923 17.3202 4.3
      vertex -10.0923 17.3202 3
    endloop
  endfacet
  facet normal -0.923925 -0.382574 0
    outer loop
      vertex -10.0923 17.3202 4.3
      vertex -9.96021 17.0012 3
      vertex -9.96021 17.0012 4.3
    endloop
  endfacet
  facet normal 0.64944 -0.760413 0
    outer loop
      vertex -6.70687 16.2202 3
      vertex -6.44436 16.4444 4.3
      vertex -6.70687 16.2202 4.3
    endloop
  endfacet
  facet normal 0.64944 -0.760413 0
    outer loop
      vertex -6.44436 16.4444 4.3
      vertex -6.70687 16.2202 3
      vertex -6.44436 16.4444 3
    endloop
  endfacet
  facet normal 0.522545 -0.852612 0
    outer loop
      vertex -7.00122 16.0398 3
      vertex -6.70687 16.2202 4.3
      vertex -7.00122 16.0398 4.3
    endloop
  endfacet
  facet normal 0.522545 -0.852612 0
    outer loop
      vertex -6.70687 16.2202 4.3
      vertex -7.00122 16.0398 3
      vertex -6.70687 16.2202 3
    endloop
  endfacet
  facet normal 0.382932 -0.923777 0
    outer loop
      vertex -7.2 15.9574 3
      vertex -7.00122 16.0398 4.3
      vertex -7.2 15.9574 4.3
    endloop
  endfacet
  facet normal 0.382932 -0.923777 0
    outer loop
      vertex -7.00122 16.0398 4.3
      vertex -7.2 15.9574 3
      vertex -7.00122 16.0398 3
    endloop
  endfacet
  facet normal 0.923889 -0.382661 0
    outer loop
      vertex -6.03979 17.0012 4.3
      vertex -5.95745 17.2 3
      vertex -5.95745 17.2 4.3
    endloop
  endfacet
  facet normal 0.923889 -0.382661 0
    outer loop
      vertex -5.95745 17.2 3
      vertex -6.03979 17.0012 4.3
      vertex -6.03979 17.0012 3
    endloop
  endfacet
  facet normal -0.97235 0.233526 0
    outer loop
      vertex -10.1729 18.3442 3
      vertex -10.0923 18.6798 4.3
      vertex -10.0923 18.6798 3
    endloop
  endfacet
  facet normal -0.97235 0.233526 0
    outer loop
      vertex -10.0923 18.6798 4.3
      vertex -10.1729 18.3442 3
      vertex -10.1729 18.3442 4.3
    endloop
  endfacet
  facet normal -0.382932 -0.923777 0
    outer loop
      vertex -8.99878 16.0398 3
      vertex -8.8 15.9574 4.3
      vertex -8.99878 16.0398 4.3
    endloop
  endfacet
  facet normal -0.382932 -0.923777 -0
    outer loop
      vertex -8.8 15.9574 4.3
      vertex -8.99878 16.0398 3
      vertex -8.8 15.9574 3
    endloop
  endfacet
  facet normal -0.649454 -0.760401 0
    outer loop
      vertex -9.55563 16.4444 3
      vertex -9.29313 16.2202 4.3
      vertex -9.55563 16.4444 4.3
    endloop
  endfacet
  facet normal -0.649454 -0.760401 -0
    outer loop
      vertex -9.29313 16.2202 4.3
      vertex -9.55563 16.4444 3
      vertex -9.29313 16.2202 3
    endloop
  endfacet
  facet normal -0.522545 -0.852612 0
    outer loop
      vertex -9.29313 16.2202 3
      vertex -8.99878 16.0398 4.3
      vertex -9.29313 16.2202 4.3
    endloop
  endfacet
  facet normal -0.522545 -0.852612 -0
    outer loop
      vertex -8.99878 16.0398 4.3
      vertex -9.29313 16.2202 3
      vertex -8.99878 16.0398 3
    endloop
  endfacet
  facet normal 0.852611 -0.522546 0
    outer loop
      vertex -6.22016 16.7069 4.3
      vertex -6.03979 17.0012 3
      vertex -6.03979 17.0012 4.3
    endloop
  endfacet
  facet normal 0.852611 -0.522546 0
    outer loop
      vertex -6.03979 17.0012 3
      vertex -6.22016 16.7069 4.3
      vertex -6.22016 16.7069 3
    endloop
  endfacet
  facet normal 0.996915 0.0784904 0
    outer loop
      vertex 36.2 18 4.3
      vertex 36.1729 18.3442 3
      vertex 36.1729 18.3442 4.3
    endloop
  endfacet
  facet normal 0.996915 0.0784904 0
    outer loop
      vertex 36.1729 18.3442 3
      vertex 36.2 18 4.3
      vertex 36.2 18 3
    endloop
  endfacet
  facet normal -0.0784904 0.996915 0
    outer loop
      vertex 34 20.2 3
      vertex 33.6558 20.1729 4.3
      vertex 34 20.2 4.3
    endloop
  endfacet
  facet normal -0.0784904 0.996915 0
    outer loop
      vertex 33.6558 20.1729 4.3
      vertex 34 20.2 3
      vertex 33.6558 20.1729 3
    endloop
  endfacet
  facet normal 0.760401 -0.649454 0
    outer loop
      vertex 35.5556 16.4444 4.3
      vertex 35.7798 16.7069 3
      vertex 35.7798 16.7069 4.3
    endloop
  endfacet
  facet normal 0.760401 -0.649454 0
    outer loop
      vertex 35.7798 16.7069 3
      vertex 35.5556 16.4444 4.3
      vertex 35.5556 16.4444 3
    endloop
  endfacet
  facet normal 0.649454 0.760401 -0
    outer loop
      vertex 35.5556 19.5556 3
      vertex 35.2931 19.7798 4.3
      vertex 35.5556 19.5556 4.3
    endloop
  endfacet
  facet normal 0.649454 0.760401 0
    outer loop
      vertex 35.2931 19.7798 4.3
      vertex 35.5556 19.5556 3
      vertex 35.2931 19.7798 3
    endloop
  endfacet
  facet normal -0.760401 0.649454 0
    outer loop
      vertex 32.2202 19.2931 3
      vertex 32.4444 19.5556 4.3
      vertex 32.4444 19.5556 3
    endloop
  endfacet
  facet normal -0.760401 0.649454 0
    outer loop
      vertex 32.4444 19.5556 4.3
      vertex 32.2202 19.2931 3
      vertex 32.2202 19.2931 4.3
    endloop
  endfacet
  facet normal -0.52261 0.852572 0
    outer loop
      vertex 33.0012 19.9602 3
      vertex 32.7069 19.7798 4.3
      vertex 33.0012 19.9602 4.3
    endloop
  endfacet
  facet normal -0.52261 0.852572 0
    outer loop
      vertex 32.7069 19.7798 4.3
      vertex 33.0012 19.9602 3
      vertex 32.7069 19.7798 3
    endloop
  endfacet
  facet normal 0.852572 0.52261 0
    outer loop
      vertex 35.9602 18.9988 4.3
      vertex 35.7798 19.2931 3
      vertex 35.7798 19.2931 4.3
    endloop
  endfacet
  facet normal 0.852572 0.52261 0
    outer loop
      vertex 35.7798 19.2931 3
      vertex 35.9602 18.9988 4.3
      vertex 35.9602 18.9988 3
    endloop
  endfacet
  facet normal 0.97235 0.233526 0
    outer loop
      vertex 36.1729 18.3442 4.3
      vertex 36.0923 18.6798 3
      vertex 36.0923 18.6798 4.3
    endloop
  endfacet
  facet normal 0.97235 0.233526 0
    outer loop
      vertex 36.0923 18.6798 3
      vertex 36.1729 18.3442 4.3
      vertex 36.1729 18.3442 3
    endloop
  endfacet
  facet normal 0.760401 0.649454 0
    outer loop
      vertex 35.7798 19.2931 4.3
      vertex 35.5556 19.5556 3
      vertex 35.5556 19.5556 4.3
    endloop
  endfacet
  facet normal 0.760401 0.649454 0
    outer loop
      vertex 35.5556 19.5556 3
      vertex 35.7798 19.2931 4.3
      vertex 35.7798 19.2931 3
    endloop
  endfacet
  facet normal 0.382599 0.923914 -0
    outer loop
      vertex 34.9988 19.9602 3
      vertex 34.6798 20.0923 4.3
      vertex 34.9988 19.9602 4.3
    endloop
  endfacet
  facet normal 0.382599 0.923914 0
    outer loop
      vertex 34.6798 20.0923 4.3
      vertex 34.9988 19.9602 3
      vertex 34.6798 20.0923 3
    endloop
  endfacet
  facet normal 0.52261 0.852572 -0
    outer loop
      vertex 35.2931 19.7798 3
      vertex 34.9988 19.9602 4.3
      vertex 35.2931 19.7798 4.3
    endloop
  endfacet
  facet normal 0.52261 0.852572 0
    outer loop
      vertex 34.9988 19.9602 4.3
      vertex 35.2931 19.7798 3
      vertex 34.9988 19.9602 3
    endloop
  endfacet
  facet normal -0.92379 0.382899 0
    outer loop
      vertex 31.9574 18.8 3
      vertex 32.0398 18.9988 4.3
      vertex 32.0398 18.9988 3
    endloop
  endfacet
  facet normal -0.92379 0.382899 0
    outer loop
      vertex 32.0398 18.9988 4.3
      vertex 31.9574 18.8 3
      vertex 31.9574 18.8 4.3
    endloop
  endfacet
  facet normal -0.852572 0.52261 0
    outer loop
      vertex 32.0398 18.9988 3
      vertex 32.2202 19.2931 4.3
      vertex 32.2202 19.2931 3
    endloop
  endfacet
  facet normal -0.852572 0.52261 0
    outer loop
      vertex 32.2202 19.2931 4.3
      vertex 32.0398 18.9988 3
      vertex 32.0398 18.9988 4.3
    endloop
  endfacet
  facet normal -0.649454 0.760401 0
    outer loop
      vertex 32.7069 19.7798 3
      vertex 32.4444 19.5556 4.3
      vertex 32.7069 19.7798 4.3
    endloop
  endfacet
  facet normal -0.649454 0.760401 0
    outer loop
      vertex 32.4444 19.5556 4.3
      vertex 32.7069 19.7798 3
      vertex 32.4444 19.5556 3
    endloop
  endfacet
  facet normal -0.233526 0.97235 0
    outer loop
      vertex 33.6558 20.1729 3
      vertex 33.3202 20.0923 4.3
      vertex 33.6558 20.1729 4.3
    endloop
  endfacet
  facet normal -0.233526 0.97235 0
    outer loop
      vertex 33.3202 20.0923 4.3
      vertex 33.6558 20.1729 3
      vertex 33.3202 20.0923 3
    endloop
  endfacet
  facet normal -0.852572 -0.52261 0
    outer loop
      vertex 32.2202 16.7069 3
      vertex 32.0398 17.0012 4.3
      vertex 32.0398 17.0012 3
    endloop
  endfacet
  facet normal -0.852572 -0.52261 0
    outer loop
      vertex 32.0398 17.0012 4.3
      vertex 32.2202 16.7069 3
      vertex 32.2202 16.7069 4.3
    endloop
  endfacet
  facet normal 0.996915 -0.0784904 0
    outer loop
      vertex 36.1729 17.6558 4.3
      vertex 36.2 18 3
      vertex 36.2 18 4.3
    endloop
  endfacet
  facet normal 0.996915 -0.0784904 0
    outer loop
      vertex 36.2 18 3
      vertex 36.1729 17.6558 4.3
      vertex 36.1729 17.6558 3
    endloop
  endfacet
  facet normal 0.923914 0.382599 0
    outer loop
      vertex 36.0923 18.6798 4.3
      vertex 35.9602 18.9988 3
      vertex 35.9602 18.9988 4.3
    endloop
  endfacet
  facet normal 0.923914 0.382599 0
    outer loop
      vertex 35.9602 18.9988 3
      vertex 36.0923 18.6798 4.3
      vertex 36.0923 18.6798 3
    endloop
  endfacet
  facet normal 0.233526 0.97235 -0
    outer loop
      vertex 34.6798 20.0923 3
      vertex 34.3442 20.1729 4.3
      vertex 34.6798 20.0923 4.3
    endloop
  endfacet
  facet normal 0.233526 0.97235 0
    outer loop
      vertex 34.3442 20.1729 4.3
      vertex 34.6798 20.0923 3
      vertex 34.3442 20.1729 3
    endloop
  endfacet
  facet normal 0.0784904 0.996915 -0
    outer loop
      vertex 34.3442 20.1729 3
      vertex 34 20.2 4.3
      vertex 34.3442 20.1729 4.3
    endloop
  endfacet
  facet normal 0.0784904 0.996915 0
    outer loop
      vertex 34 20.2 4.3
      vertex 34.3442 20.1729 3
      vertex 34 20.2 3
    endloop
  endfacet
  facet normal -0.382599 0.923914 0
    outer loop
      vertex 33.3202 20.0923 3
      vertex 33.0012 19.9602 4.3
      vertex 33.3202 20.0923 4.3
    endloop
  endfacet
  facet normal -0.382599 0.923914 0
    outer loop
      vertex 33.0012 19.9602 4.3
      vertex 33.3202 20.0923 3
      vertex 33.0012 19.9602 3
    endloop
  endfacet
  facet normal -0.760401 -0.649454 0
    outer loop
      vertex 32.4444 16.4444 3
      vertex 32.2202 16.7069 4.3
      vertex 32.2202 16.7069 3
    endloop
  endfacet
  facet normal -0.760401 -0.649454 0
    outer loop
      vertex 32.2202 16.7069 4.3
      vertex 32.4444 16.4444 3
      vertex 32.4444 16.4444 4.3
    endloop
  endfacet
  facet normal -0.92379 -0.382899 0
    outer loop
      vertex 32.0398 17.0012 3
      vertex 31.9574 17.2 4.3
      vertex 31.9574 17.2 3
    endloop
  endfacet
  facet normal -0.92379 -0.382899 0
    outer loop
      vertex 31.9574 17.2 4.3
      vertex 32.0398 17.0012 3
      vertex 32.0398 17.0012 4.3
    endloop
  endfacet
  facet normal 0.649454 -0.760401 0
    outer loop
      vertex 35.2931 16.2202 3
      vertex 35.5556 16.4444 4.3
      vertex 35.2931 16.2202 4.3
    endloop
  endfacet
  facet normal 0.649454 -0.760401 0
    outer loop
      vertex 35.5556 16.4444 4.3
      vertex 35.2931 16.2202 3
      vertex 35.5556 16.4444 3
    endloop
  endfacet
  facet normal 0.52261 -0.852572 0
    outer loop
      vertex 34.9988 16.0398 3
      vertex 35.2931 16.2202 4.3
      vertex 34.9988 16.0398 4.3
    endloop
  endfacet
  facet normal 0.52261 -0.852572 0
    outer loop
      vertex 35.2931 16.2202 4.3
      vertex 34.9988 16.0398 3
      vertex 35.2931 16.2202 3
    endloop
  endfacet
  facet normal 0.382899 -0.92379 0
    outer loop
      vertex 34.8 15.9574 3
      vertex 34.9988 16.0398 4.3
      vertex 34.8 15.9574 4.3
    endloop
  endfacet
  facet normal 0.382899 -0.92379 0
    outer loop
      vertex 34.9988 16.0398 4.3
      vertex 34.8 15.9574 3
      vertex 34.9988 16.0398 3
    endloop
  endfacet
  facet normal 0.923914 -0.382599 0
    outer loop
      vertex 35.9602 17.0012 4.3
      vertex 36.0923 17.3202 3
      vertex 36.0923 17.3202 4.3
    endloop
  endfacet
  facet normal 0.923914 -0.382599 0
    outer loop
      vertex 36.0923 17.3202 3
      vertex 35.9602 17.0012 4.3
      vertex 35.9602 17.0012 3
    endloop
  endfacet
  facet normal 0.97235 -0.233526 0
    outer loop
      vertex 36.0923 17.3202 4.3
      vertex 36.1729 17.6558 3
      vertex 36.1729 17.6558 4.3
    endloop
  endfacet
  facet normal 0.97235 -0.233526 0
    outer loop
      vertex 36.1729 17.6558 3
      vertex 36.0923 17.3202 4.3
      vertex 36.0923 17.3202 3
    endloop
  endfacet
  facet normal -0.382899 -0.92379 0
    outer loop
      vertex 33.0012 16.0398 3
      vertex 33.2 15.9574 4.3
      vertex 33.0012 16.0398 4.3
    endloop
  endfacet
  facet normal -0.382899 -0.92379 -0
    outer loop
      vertex 33.2 15.9574 4.3
      vertex 33.0012 16.0398 3
      vertex 33.2 15.9574 3
    endloop
  endfacet
  facet normal -0.649454 -0.760401 0
    outer loop
      vertex 32.4444 16.4444 3
      vertex 32.7069 16.2202 4.3
      vertex 32.4444 16.4444 4.3
    endloop
  endfacet
  facet normal -0.649454 -0.760401 -0
    outer loop
      vertex 32.7069 16.2202 4.3
      vertex 32.4444 16.4444 3
      vertex 32.7069 16.2202 3
    endloop
  endfacet
  facet normal -0.52261 -0.852572 0
    outer loop
      vertex 32.7069 16.2202 3
      vertex 33.0012 16.0398 4.3
      vertex 32.7069 16.2202 4.3
    endloop
  endfacet
  facet normal -0.52261 -0.852572 -0
    outer loop
      vertex 33.0012 16.0398 4.3
      vertex 32.7069 16.2202 3
      vertex 33.0012 16.0398 3
    endloop
  endfacet
  facet normal 0.852572 -0.52261 0
    outer loop
      vertex 35.7798 16.7069 4.3
      vertex 35.9602 17.0012 3
      vertex 35.9602 17.0012 4.3
    endloop
  endfacet
  facet normal 0.852572 -0.52261 0
    outer loop
      vertex 35.9602 17.0012 3
      vertex 35.7798 16.7069 4.3
      vertex 35.7798 16.7069 3
    endloop
  endfacet
  facet normal 0.649459 0.760396 -0
    outer loop
      vertex 35.5556 -0.444365 3
      vertex 35.2931 -0.220162 4.3
      vertex 35.5556 -0.444365 4.3
    endloop
  endfacet
  facet normal 0.649459 0.760396 0
    outer loop
      vertex 35.2931 -0.220162 4.3
      vertex 35.5556 -0.444365 3
      vertex 35.2931 -0.220162 3
    endloop
  endfacet
  facet normal -0.233499 -0.972357 0
    outer loop
      vertex 33.3202 -4.09232 3
      vertex 33.6558 -4.17291 4.3
      vertex 33.3202 -4.09232 4.3
    endloop
  endfacet
  facet normal -0.233499 -0.972357 -0
    outer loop
      vertex 33.6558 -4.17291 4.3
      vertex 33.3202 -4.09232 3
      vertex 33.6558 -4.17291 3
    endloop
  endfacet
  facet normal -0.923889 0.382661 0
    outer loop
      vertex 31.9077 -1.32016 3
      vertex 32.0398 -1.00122 4.3
      vertex 32.0398 -1.00122 3
    endloop
  endfacet
  facet normal -0.923889 0.382661 0
    outer loop
      vertex 32.0398 -1.00122 4.3
      vertex 31.9077 -1.32016 3
      vertex 31.9077 -1.32016 4.3
    endloop
  endfacet
  facet normal 0.923777 -0.382932 0
    outer loop
      vertex 35.9602 -2.99878 4.3
      vertex 36.0426 -2.8 3
      vertex 36.0426 -2.8 4.3
    endloop
  endfacet
  facet normal 0.923777 -0.382932 0
    outer loop
      vertex 36.0426 -2.8 3
      vertex 35.9602 -2.99878 4.3
      vertex 35.9602 -2.99878 3
    endloop
  endfacet
  facet normal -0.382624 -0.923904 0
    outer loop
      vertex 33.0012 -3.96021 3
      vertex 33.3202 -4.09232 4.3
      vertex 33.0012 -3.96021 4.3
    endloop
  endfacet
  facet normal -0.382624 -0.923904 -0
    outer loop
      vertex 33.3202 -4.09232 4.3
      vertex 33.0012 -3.96021 3
      vertex 33.3202 -4.09232 3
    endloop
  endfacet
  facet normal 0.923777 0.382932 0
    outer loop
      vertex 36.0426 -1.2 4.3
      vertex 35.9602 -1.00122 3
      vertex 35.9602 -1.00122 4.3
    endloop
  endfacet
  facet normal 0.923777 0.382932 0
    outer loop
      vertex 35.9602 -1.00122 3
      vertex 36.0426 -1.2 4.3
      vertex 36.0426 -1.2 3
    endloop
  endfacet
  facet normal 0.85261 0.522548 0
    outer loop
      vertex 35.9602 -1.00122 4.3
      vertex 35.7798 -0.706872 3
      vertex 35.7798 -0.706872 4.3
    endloop
  endfacet
  facet normal 0.85261 0.522548 0
    outer loop
      vertex 35.7798 -0.706872 3
      vertex 35.9602 -1.00122 4.3
      vertex 35.9602 -1.00122 3
    endloop
  endfacet
  facet normal 0.760409 0.649444 0
    outer loop
      vertex 35.7798 -0.706872 4.3
      vertex 35.5556 -0.444365 3
      vertex 35.5556 -0.444365 4.3
    endloop
  endfacet
  facet normal 0.760409 0.649444 0
    outer loop
      vertex 35.5556 -0.444365 3
      vertex 35.7798 -0.706872 4.3
      vertex 35.7798 -0.706872 3
    endloop
  endfacet
  facet normal 0.382649 0.923894 -0
    outer loop
      vertex 34.9988 -0.0397854 3
      vertex 34.8 0.0425516 4.3
      vertex 34.9988 -0.0397854 4.3
    endloop
  endfacet
  facet normal 0.382649 0.923894 0
    outer loop
      vertex 34.8 0.0425516 4.3
      vertex 34.9988 -0.0397854 3
      vertex 34.8 0.0425516 3
    endloop
  endfacet
  facet normal -0.996914 0.0784995 0
    outer loop
      vertex 31.8 -2 3
      vertex 31.8271 -1.65584 4.3
      vertex 31.8271 -1.65584 3
    endloop
  endfacet
  facet normal -0.996914 0.0784995 0
    outer loop
      vertex 31.8271 -1.65584 4.3
      vertex 31.8 -2 3
      vertex 31.8 -2 4.3
    endloop
  endfacet
  facet normal -0.760409 0.649444 0
    outer loop
      vertex 32.2202 -0.706872 3
      vertex 32.4444 -0.444365 4.3
      vertex 32.4444 -0.444365 3
    endloop
  endfacet
  facet normal -0.760409 0.649444 0
    outer loop
      vertex 32.4444 -0.444365 4.3
      vertex 32.2202 -0.706872 3
      vertex 32.2202 -0.706872 4.3
    endloop
  endfacet
  facet normal -0.382649 0.923894 0
    outer loop
      vertex 33.2 0.0425516 3
      vertex 33.0012 -0.0397854 4.3
      vertex 33.2 0.0425516 4.3
    endloop
  endfacet
  facet normal -0.382649 0.923894 0
    outer loop
      vertex 33.0012 -0.0397854 4.3
      vertex 33.2 0.0425516 3
      vertex 33.0012 -0.0397854 3
    endloop
  endfacet
  facet normal 0.0784616 -0.996917 0
    outer loop
      vertex 34 -4.2 3
      vertex 34.3442 -4.17291 4.3
      vertex 34 -4.2 4.3
    endloop
  endfacet
  facet normal 0.0784616 -0.996917 0
    outer loop
      vertex 34.3442 -4.17291 4.3
      vertex 34 -4.2 3
      vertex 34.3442 -4.17291 3
    endloop
  endfacet
  facet normal 0.233499 -0.972357 0
    outer loop
      vertex 34.3442 -4.17291 3
      vertex 34.6798 -4.09232 4.3
      vertex 34.3442 -4.17291 4.3
    endloop
  endfacet
  facet normal 0.233499 -0.972357 0
    outer loop
      vertex 34.6798 -4.09232 4.3
      vertex 34.3442 -4.17291 3
      vertex 34.6798 -4.09232 3
    endloop
  endfacet
  facet normal 0.760401 -0.649454 0
    outer loop
      vertex 35.5556 -3.55563 4.3
      vertex 35.7798 -3.29313 3
      vertex 35.7798 -3.29313 4.3
    endloop
  endfacet
  facet normal 0.760401 -0.649454 0
    outer loop
      vertex 35.7798 -3.29313 3
      vertex 35.5556 -3.55563 4.3
      vertex 35.5556 -3.55563 3
    endloop
  endfacet
  facet normal -0.0784616 -0.996917 0
    outer loop
      vertex 33.6558 -4.17291 3
      vertex 34 -4.2 4.3
      vertex 33.6558 -4.17291 4.3
    endloop
  endfacet
  facet normal -0.0784616 -0.996917 -0
    outer loop
      vertex 34 -4.2 4.3
      vertex 33.6558 -4.17291 3
      vertex 34 -4.2 3
    endloop
  endfacet
  facet normal -0.649471 -0.760386 0
    outer loop
      vertex 32.4444 -3.55563 3
      vertex 32.7069 -3.77984 4.3
      vertex 32.4444 -3.55563 4.3
    endloop
  endfacet
  facet normal -0.649471 -0.760386 -0
    outer loop
      vertex 32.7069 -3.77984 4.3
      vertex 32.4444 -3.55563 3
      vertex 32.7069 -3.77984 3
    endloop
  endfacet
  facet normal -0.996914 -0.0784995 0
    outer loop
      vertex 31.8271 -2.34416 3
      vertex 31.8 -2 4.3
      vertex 31.8 -2 3
    endloop
  endfacet
  facet normal -0.996914 -0.0784995 0
    outer loop
      vertex 31.8 -2 4.3
      vertex 31.8271 -2.34416 3
      vertex 31.8271 -2.34416 4.3
    endloop
  endfacet
  facet normal -0.760401 -0.649454 0
    outer loop
      vertex 32.4444 -3.55563 3
      vertex 32.2202 -3.29313 4.3
      vertex 32.2202 -3.29313 3
    endloop
  endfacet
  facet normal -0.760401 -0.649454 0
    outer loop
      vertex 32.2202 -3.29313 4.3
      vertex 32.4444 -3.55563 3
      vertex 32.4444 -3.55563 4.3
    endloop
  endfacet
  facet normal 0.52256 0.852602 -0
    outer loop
      vertex 35.2931 -0.220162 3
      vertex 34.9988 -0.0397854 4.3
      vertex 35.2931 -0.220162 4.3
    endloop
  endfacet
  facet normal 0.52256 0.852602 0
    outer loop
      vertex 34.9988 -0.0397854 4.3
      vertex 35.2931 -0.220162 3
      vertex 34.9988 -0.0397854 3
    endloop
  endfacet
  facet normal -0.972363 0.233474 0
    outer loop
      vertex 31.8271 -1.65584 3
      vertex 31.9077 -1.32016 4.3
      vertex 31.9077 -1.32016 3
    endloop
  endfacet
  facet normal -0.972363 0.233474 0
    outer loop
      vertex 31.9077 -1.32016 4.3
      vertex 31.8271 -1.65584 3
      vertex 31.8271 -1.65584 4.3
    endloop
  endfacet
  facet normal -0.85261 0.522548 0
    outer loop
      vertex 32.0398 -1.00122 3
      vertex 32.2202 -0.706872 4.3
      vertex 32.2202 -0.706872 3
    endloop
  endfacet
  facet normal -0.85261 0.522548 0
    outer loop
      vertex 32.2202 -0.706872 4.3
      vertex 32.0398 -1.00122 3
      vertex 32.0398 -1.00122 4.3
    endloop
  endfacet
  facet normal -0.52256 0.852602 0
    outer loop
      vertex 33.0012 -0.0397854 3
      vertex 32.7069 -0.220162 4.3
      vertex 33.0012 -0.0397854 4.3
    endloop
  endfacet
  facet normal -0.52256 0.852602 0
    outer loop
      vertex 32.7069 -0.220162 4.3
      vertex 33.0012 -0.0397854 3
      vertex 32.7069 -0.220162 3
    endloop
  endfacet
  facet normal -0.649459 0.760396 0
    outer loop
      vertex 32.7069 -0.220162 3
      vertex 32.4444 -0.444365 4.3
      vertex 32.7069 -0.220162 4.3
    endloop
  endfacet
  facet normal -0.649459 0.760396 0
    outer loop
      vertex 32.4444 -0.444365 4.3
      vertex 32.7069 -0.220162 3
      vertex 32.4444 -0.444365 3
    endloop
  endfacet
  facet normal 0.649471 -0.760386 0
    outer loop
      vertex 35.2931 -3.77984 3
      vertex 35.5556 -3.55563 4.3
      vertex 35.2931 -3.77984 4.3
    endloop
  endfacet
  facet normal 0.649471 -0.760386 0
    outer loop
      vertex 35.5556 -3.55563 4.3
      vertex 35.2931 -3.77984 3
      vertex 35.5556 -3.55563 3
    endloop
  endfacet
  facet normal 0.382624 -0.923904 0
    outer loop
      vertex 34.6798 -4.09232 3
      vertex 34.9988 -3.96021 4.3
      vertex 34.6798 -4.09232 4.3
    endloop
  endfacet
  facet normal 0.382624 -0.923904 0
    outer loop
      vertex 34.9988 -3.96021 4.3
      vertex 34.6798 -4.09232 3
      vertex 34.9988 -3.96021 3
    endloop
  endfacet
  facet normal 0.852612 -0.522545 0
    outer loop
      vertex 35.7798 -3.29313 4.3
      vertex 35.9602 -2.99878 3
      vertex 35.9602 -2.99878 4.3
    endloop
  endfacet
  facet normal 0.852612 -0.522545 0
    outer loop
      vertex 35.9602 -2.99878 3
      vertex 35.7798 -3.29313 4.3
      vertex 35.7798 -3.29313 3
    endloop
  endfacet
  facet normal -0.522546 -0.852611 0
    outer loop
      vertex 32.7069 -3.77984 3
      vertex 33.0012 -3.96021 4.3
      vertex 32.7069 -3.77984 4.3
    endloop
  endfacet
  facet normal -0.522546 -0.852611 -0
    outer loop
      vertex 33.0012 -3.96021 4.3
      vertex 32.7069 -3.77984 3
      vertex 33.0012 -3.96021 3
    endloop
  endfacet
  facet normal -0.972363 -0.233474 0
    outer loop
      vertex 31.9077 -2.67984 3
      vertex 31.8271 -2.34416 4.3
      vertex 31.8271 -2.34416 3
    endloop
  endfacet
  facet normal -0.972363 -0.233474 0
    outer loop
      vertex 31.8271 -2.34416 4.3
      vertex 31.9077 -2.67984 3
      vertex 31.9077 -2.67984 4.3
    endloop
  endfacet
  facet normal -0.923889 -0.382661 0
    outer loop
      vertex 32.0398 -2.99878 3
      vertex 31.9077 -2.67984 4.3
      vertex 31.9077 -2.67984 3
    endloop
  endfacet
  facet normal -0.923889 -0.382661 0
    outer loop
      vertex 31.9077 -2.67984 4.3
      vertex 32.0398 -2.99878 3
      vertex 32.0398 -2.99878 4.3
    endloop
  endfacet
  facet normal 0.522546 -0.852611 0
    outer loop
      vertex 34.9988 -3.96021 3
      vertex 35.2931 -3.77984 4.3
      vertex 34.9988 -3.96021 4.3
    endloop
  endfacet
  facet normal 0.522546 -0.852611 0
    outer loop
      vertex 35.2931 -3.77984 4.3
      vertex 34.9988 -3.96021 3
      vertex 35.2931 -3.77984 3
    endloop
  endfacet
  facet normal -0.852612 -0.522545 0
    outer loop
      vertex 32.2202 -3.29313 3
      vertex 32.0398 -2.99878 4.3
      vertex 32.0398 -2.99878 3
    endloop
  endfacet
  facet normal -0.852612 -0.522545 0
    outer loop
      vertex 32.0398 -2.99878 4.3
      vertex 32.2202 -3.29313 3
      vertex 32.2202 -3.29313 4.3
    endloop
  endfacet
  facet normal 0.649459 0.760396 -0
    outer loop
      vertex 61.5556 -0.444365 3
      vertex 61.2931 -0.220162 4.3
      vertex 61.5556 -0.444365 4.3
    endloop
  endfacet
  facet normal 0.649459 0.760396 0
    outer loop
      vertex 61.2931 -0.220162 4.3
      vertex 61.5556 -0.444365 3
      vertex 61.2931 -0.220162 3
    endloop
  endfacet
  facet normal -0.233499 -0.972357 0
    outer loop
      vertex 59.3202 -4.09232 3
      vertex 59.6558 -4.17291 4.3
      vertex 59.3202 -4.09232 4.3
    endloop
  endfacet
  facet normal -0.233499 -0.972357 -0
    outer loop
      vertex 59.6558 -4.17291 4.3
      vertex 59.3202 -4.09232 3
      vertex 59.6558 -4.17291 3
    endloop
  endfacet
  facet normal -0.233498 0.972357 0
    outer loop
      vertex 59.6558 0.172914 3
      vertex 59.3202 0.0923243 4.3
      vertex 59.6558 0.172914 4.3
    endloop
  endfacet
  facet normal -0.233498 0.972357 0
    outer loop
      vertex 59.3202 0.0923243 4.3
      vertex 59.6558 0.172914 3
      vertex 59.3202 0.0923243 3
    endloop
  endfacet
  facet normal -0.923777 0.382932 0
    outer loop
      vertex 57.9574 -1.2 3
      vertex 58.0398 -1.00122 4.3
      vertex 58.0398 -1.00122 3
    endloop
  endfacet
  facet normal -0.923777 0.382932 0
    outer loop
      vertex 58.0398 -1.00122 4.3
      vertex 57.9574 -1.2 3
      vertex 57.9574 -1.2 4.3
    endloop
  endfacet
  facet normal 0.923889 -0.382661 0
    outer loop
      vertex 61.9602 -2.99878 4.3
      vertex 62.0923 -2.67984 3
      vertex 62.0923 -2.67984 4.3
    endloop
  endfacet
  facet normal 0.923889 -0.382661 0
    outer loop
      vertex 62.0923 -2.67984 3
      vertex 61.9602 -2.99878 4.3
      vertex 61.9602 -2.99878 3
    endloop
  endfacet
  facet normal -0.382624 -0.923904 0
    outer loop
      vertex 59.0012 -3.96021 3
      vertex 59.3202 -4.09232 4.3
      vertex 59.0012 -3.96021 4.3
    endloop
  endfacet
  facet normal -0.382624 -0.923904 -0
    outer loop
      vertex 59.3202 -4.09232 4.3
      vertex 59.0012 -3.96021 3
      vertex 59.3202 -4.09232 3
    endloop
  endfacet
  facet normal 0.923889 0.382661 0
    outer loop
      vertex 62.0923 -1.32016 4.3
      vertex 61.9602 -1.00122 3
      vertex 61.9602 -1.00122 4.3
    endloop
  endfacet
  facet normal 0.923889 0.382661 0
    outer loop
      vertex 61.9602 -1.00122 3
      vertex 62.0923 -1.32016 4.3
      vertex 62.0923 -1.32016 3
    endloop
  endfacet
  facet normal 0.85261 0.522548 0
    outer loop
      vertex 61.9602 -1.00122 4.3
      vertex 61.7798 -0.706872 3
      vertex 61.7798 -0.706872 4.3
    endloop
  endfacet
  facet normal 0.85261 0.522548 0
    outer loop
      vertex 61.7798 -0.706872 3
      vertex 61.9602 -1.00122 4.3
      vertex 61.9602 -1.00122 3
    endloop
  endfacet
  facet normal 0.760409 0.649444 0
    outer loop
      vertex 61.7798 -0.706872 4.3
      vertex 61.5556 -0.444365 3
      vertex 61.5556 -0.444365 4.3
    endloop
  endfacet
  facet normal 0.760409 0.649444 0
    outer loop
      vertex 61.5556 -0.444365 3
      vertex 61.7798 -0.706872 4.3
      vertex 61.7798 -0.706872 3
    endloop
  endfacet
  facet normal 0.382623 0.923905 -0
    outer loop
      vertex 60.9988 -0.0397854 3
      vertex 60.6798 0.0923243 4.3
      vertex 60.9988 -0.0397854 4.3
    endloop
  endfacet
  facet normal 0.382623 0.923905 0
    outer loop
      vertex 60.6798 0.0923243 4.3
      vertex 60.9988 -0.0397854 3
      vertex 60.6798 0.0923243 3
    endloop
  endfacet
  facet normal 0.0784501 0.996918 -0
    outer loop
      vertex 60.3442 0.172914 3
      vertex 60 0.2 4.3
      vertex 60.3442 0.172914 4.3
    endloop
  endfacet
  facet normal 0.0784501 0.996918 0
    outer loop
      vertex 60 0.2 4.3
      vertex 60.3442 0.172914 3
      vertex 60 0.2 3
    endloop
  endfacet
  facet normal -0.760409 0.649444 0
    outer loop
      vertex 58.2202 -0.706872 3
      vertex 58.4444 -0.444365 4.3
      vertex 58.4444 -0.444365 3
    endloop
  endfacet
  facet normal -0.760409 0.649444 0
    outer loop
      vertex 58.4444 -0.444365 4.3
      vertex 58.2202 -0.706872 3
      vertex 58.2202 -0.706872 4.3
    endloop
  endfacet
  facet normal -0.382623 0.923905 0
    outer loop
      vertex 59.3202 0.0923243 3
      vertex 59.0012 -0.0397854 4.3
      vertex 59.3202 0.0923243 4.3
    endloop
  endfacet
  facet normal -0.382623 0.923905 0
    outer loop
      vertex 59.0012 -0.0397854 4.3
      vertex 59.3202 0.0923243 3
      vertex 59.0012 -0.0397854 3
    endloop
  endfacet
  facet normal -0.0784501 0.996918 0
    outer loop
      vertex 60 0.2 3
      vertex 59.6558 0.172914 4.3
      vertex 60 0.2 4.3
    endloop
  endfacet
  facet normal -0.0784501 0.996918 0
    outer loop
      vertex 59.6558 0.172914 4.3
      vertex 60 0.2 3
      vertex 59.6558 0.172914 3
    endloop
  endfacet
  facet normal 0.996914 0.0784995 0
    outer loop
      vertex 62.2 -2 4.3
      vertex 62.1729 -1.65584 3
      vertex 62.1729 -1.65584 4.3
    endloop
  endfacet
  facet normal 0.996914 0.0784995 0
    outer loop
      vertex 62.1729 -1.65584 3
      vertex 62.2 -2 4.3
      vertex 62.2 -2 3
    endloop
  endfacet
  facet normal 0.0784616 -0.996917 0
    outer loop
      vertex 60 -4.2 3
      vertex 60.3442 -4.17291 4.3
      vertex 60 -4.2 4.3
    endloop
  endfacet
  facet normal 0.0784616 -0.996917 0
    outer loop
      vertex 60.3442 -4.17291 4.3
      vertex 60 -4.2 3
      vertex 60.3442 -4.17291 3
    endloop
  endfacet
  facet normal 0.233499 -0.972357 0
    outer loop
      vertex 60.3442 -4.17291 3
      vertex 60.6798 -4.09232 4.3
      vertex 60.3442 -4.17291 4.3
    endloop
  endfacet
  facet normal 0.233499 -0.972357 0
    outer loop
      vertex 60.6798 -4.09232 4.3
      vertex 60.3442 -4.17291 3
      vertex 60.6798 -4.09232 3
    endloop
  endfacet
  facet normal 0.760401 -0.649454 0
    outer loop
      vertex 61.5556 -3.55563 4.3
      vertex 61.7798 -3.29313 3
      vertex 61.7798 -3.29313 4.3
    endloop
  endfacet
  facet normal 0.760401 -0.649454 0
    outer loop
      vertex 61.7798 -3.29313 3
      vertex 61.5556 -3.55563 4.3
      vertex 61.5556 -3.55563 3
    endloop
  endfacet
  facet normal -0.0784616 -0.996917 0
    outer loop
      vertex 59.6558 -4.17291 3
      vertex 60 -4.2 4.3
      vertex 59.6558 -4.17291 4.3
    endloop
  endfacet
  facet normal -0.0784616 -0.996917 -0
    outer loop
      vertex 60 -4.2 4.3
      vertex 59.6558 -4.17291 3
      vertex 60 -4.2 3
    endloop
  endfacet
  facet normal -0.649471 -0.760386 0
    outer loop
      vertex 58.4444 -3.55563 3
      vertex 58.7069 -3.77984 4.3
      vertex 58.4444 -3.55563 4.3
    endloop
  endfacet
  facet normal -0.649471 -0.760386 -0
    outer loop
      vertex 58.7069 -3.77984 4.3
      vertex 58.4444 -3.55563 3
      vertex 58.7069 -3.77984 3
    endloop
  endfacet
  facet normal -0.760401 -0.649454 0
    outer loop
      vertex 58.4444 -3.55563 3
      vertex 58.2202 -3.29313 4.3
      vertex 58.2202 -3.29313 3
    endloop
  endfacet
  facet normal -0.760401 -0.649454 0
    outer loop
      vertex 58.2202 -3.29313 4.3
      vertex 58.4444 -3.55563 3
      vertex 58.4444 -3.55563 4.3
    endloop
  endfacet
  facet normal 0.972363 0.233474 0
    outer loop
      vertex 62.1729 -1.65584 4.3
      vertex 62.0923 -1.32016 3
      vertex 62.0923 -1.32016 4.3
    endloop
  endfacet
  facet normal 0.972363 0.233474 0
    outer loop
      vertex 62.0923 -1.32016 3
      vertex 62.1729 -1.65584 4.3
      vertex 62.1729 -1.65584 3
    endloop
  endfacet
  facet normal 0.52256 0.852602 -0
    outer loop
      vertex 61.2931 -0.220162 3
      vertex 60.9988 -0.0397854 4.3
      vertex 61.2931 -0.220162 4.3
    endloop
  endfacet
  facet normal 0.52256 0.852602 0
    outer loop
      vertex 60.9988 -0.0397854 4.3
      vertex 61.2931 -0.220162 3
      vertex 60.9988 -0.0397854 3
    endloop
  endfacet
  facet normal 0.233498 0.972357 -0
    outer loop
      vertex 60.6798 0.0923243 3
      vertex 60.3442 0.172914 4.3
      vertex 60.6798 0.0923243 4.3
    endloop
  endfacet
  facet normal 0.233498 0.972357 0
    outer loop
      vertex 60.3442 0.172914 4.3
      vertex 60.6798 0.0923243 3
      vertex 60.3442 0.172914 3
    endloop
  endfacet
  facet normal -0.85261 0.522548 0
    outer loop
      vertex 58.0398 -1.00122 3
      vertex 58.2202 -0.706872 4.3
      vertex 58.2202 -0.706872 3
    endloop
  endfacet
  facet normal -0.85261 0.522548 0
    outer loop
      vertex 58.2202 -0.706872 4.3
      vertex 58.0398 -1.00122 3
      vertex 58.0398 -1.00122 4.3
    endloop
  endfacet
  facet normal -0.52256 0.852602 0
    outer loop
      vertex 59.0012 -0.0397854 3
      vertex 58.7069 -0.220162 4.3
      vertex 59.0012 -0.0397854 4.3
    endloop
  endfacet
  facet normal -0.52256 0.852602 0
    outer loop
      vertex 58.7069 -0.220162 4.3
      vertex 59.0012 -0.0397854 3
      vertex 58.7069 -0.220162 3
    endloop
  endfacet
  facet normal -0.649459 0.760396 0
    outer loop
      vertex 58.7069 -0.220162 3
      vertex 58.4444 -0.444365 4.3
      vertex 58.7069 -0.220162 4.3
    endloop
  endfacet
  facet normal -0.649459 0.760396 0
    outer loop
      vertex 58.4444 -0.444365 4.3
      vertex 58.7069 -0.220162 3
      vertex 58.4444 -0.444365 3
    endloop
  endfacet
  facet normal 0.972363 -0.233474 0
    outer loop
      vertex 62.0923 -2.67984 4.3
      vertex 62.1729 -2.34416 3
      vertex 62.1729 -2.34416 4.3
    endloop
  endfacet
  facet normal 0.972363 -0.233474 0
    outer loop
      vertex 62.1729 -2.34416 3
      vertex 62.0923 -2.67984 4.3
      vertex 62.0923 -2.67984 3
    endloop
  endfacet
  facet normal 0.649471 -0.760386 0
    outer loop
      vertex 61.2931 -3.77984 3
      vertex 61.5556 -3.55563 4.3
      vertex 61.2931 -3.77984 4.3
    endloop
  endfacet
  facet normal 0.649471 -0.760386 0
    outer loop
      vertex 61.5556 -3.55563 4.3
      vertex 61.2931 -3.77984 3
      vertex 61.5556 -3.55563 3
    endloop
  endfacet
  facet normal 0.382624 -0.923904 0
    outer loop
      vertex 60.6798 -4.09232 3
      vertex 60.9988 -3.96021 4.3
      vertex 60.6798 -4.09232 4.3
    endloop
  endfacet
  facet normal 0.382624 -0.923904 0
    outer loop
      vertex 60.9988 -3.96021 4.3
      vertex 60.6798 -4.09232 3
      vertex 60.9988 -3.96021 3
    endloop
  endfacet
  facet normal 0.852612 -0.522545 0
    outer loop
      vertex 61.7798 -3.29313 4.3
      vertex 61.9602 -2.99878 3
      vertex 61.9602 -2.99878 4.3
    endloop
  endfacet
  facet normal 0.852612 -0.522545 0
    outer loop
      vertex 61.9602 -2.99878 3
      vertex 61.7798 -3.29313 4.3
      vertex 61.7798 -3.29313 3
    endloop
  endfacet
  facet normal -0.522546 -0.852611 0
    outer loop
      vertex 58.7069 -3.77984 3
      vertex 59.0012 -3.96021 4.3
      vertex 58.7069 -3.77984 4.3
    endloop
  endfacet
  facet normal -0.522546 -0.852611 -0
    outer loop
      vertex 59.0012 -3.96021 4.3
      vertex 58.7069 -3.77984 3
      vertex 59.0012 -3.96021 3
    endloop
  endfacet
  facet normal -0.923777 -0.382932 0
    outer loop
      vertex 58.0398 -2.99878 3
      vertex 57.9574 -2.8 4.3
      vertex 57.9574 -2.8 3
    endloop
  endfacet
  facet normal -0.923777 -0.382932 0
    outer loop
      vertex 57.9574 -2.8 4.3
      vertex 58.0398 -2.99878 3
      vertex 58.0398 -2.99878 4.3
    endloop
  endfacet
  facet normal 0.996914 -0.0784995 0
    outer loop
      vertex 62.1729 -2.34416 4.3
      vertex 62.2 -2 3
      vertex 62.2 -2 4.3
    endloop
  endfacet
  facet normal 0.996914 -0.0784995 0
    outer loop
      vertex 62.2 -2 3
      vertex 62.1729 -2.34416 4.3
      vertex 62.1729 -2.34416 3
    endloop
  endfacet
  facet normal 0.522546 -0.852611 0
    outer loop
      vertex 60.9988 -3.96021 3
      vertex 61.2931 -3.77984 4.3
      vertex 60.9988 -3.96021 4.3
    endloop
  endfacet
  facet normal 0.522546 -0.852611 0
    outer loop
      vertex 61.2931 -3.77984 4.3
      vertex 60.9988 -3.96021 3
      vertex 61.2931 -3.77984 3
    endloop
  endfacet
  facet normal -0.852612 -0.522545 0
    outer loop
      vertex 58.2202 -3.29313 3
      vertex 58.0398 -2.99878 4.3
      vertex 58.0398 -2.99878 3
    endloop
  endfacet
  facet normal -0.852612 -0.522545 0
    outer loop
      vertex 58.0398 -2.99878 4.3
      vertex 58.2202 -3.29313 3
      vertex 58.2202 -3.29313 4.3
    endloop
  endfacet
  facet normal 0 0 1
    outer loop
      vertex 1.89931 -18.4868 4.2
      vertex 2.60359 -18.1779 4.2
      vertex 2.48016 -17.9721 4.2
    endloop
  endfacet
  facet normal 0 0 1
    outer loop
      vertex 1.81267 -18.3396 4.2
      vertex 2.48016 -17.9721 4.2
      vertex 2.33865 -17.7855 4.2
    endloop
  endfacet
  facet normal 0 0 1
    outer loop
      vertex 1.71259 -18.2056 4.2
      vertex 2.33865 -17.7855 4.2
      vertex 2.17906 -17.6181 4.2
    endloop
  endfacet
  facet normal 0 0 1
    outer loop
      vertex 1.59904 -18.0847 4.2
      vertex 2.17906 -17.6181 4.2
      vertex 2.00139 -17.47 4.2
    endloop
  endfacet
  facet normal 0 0 1
    outer loop
      vertex 2.48016 -17.9721 4.2
      vertex 1.81267 -18.3396 4.2
      vertex 1.89931 -18.4868 4.2
    endloop
  endfacet
  facet normal 0 0 1
    outer loop
      vertex 2.60359 -18.1779 4.2
      vertex 1.97249 -18.647 4.2
      vertex 2.70892 -18.403 4.2
    endloop
  endfacet
  facet normal 0 -0 1
    outer loop
      vertex 1.97249 -18.647 4.2
      vertex 2.60359 -18.1779 4.2
      vertex 1.89931 -18.4868 4.2
    endloop
  endfacet
  facet normal 0 0 1
    outer loop
      vertex 1.47206 -17.9769 4.2
      vertex 2.00139 -17.47 4.2
      vertex 1.80563 -17.341 4.2
    endloop
  endfacet
  facet normal 0 0 1
    outer loop
      vertex 2.33865 -17.7855 4.2
      vertex 1.71259 -18.2056 4.2
      vertex 1.81267 -18.3396 4.2
    endloop
  endfacet
  facet normal 0 0 1
    outer loop
      vertex 2.17906 -17.6181 4.2
      vertex 1.59904 -18.0847 4.2
      vertex 1.71259 -18.2056 4.2
    endloop
  endfacet
  facet normal 0 0 1
    outer loop
      vertex 1.33162 -17.8822 4.2
      vertex 1.80563 -17.341 4.2
      vertex 1.59248 -17.2316 4.2
    endloop
  endfacet
  facet normal 0 0 1
    outer loop
      vertex 2.00139 -17.47 4.2
      vertex 1.47206 -17.9769 4.2
      vertex 1.59904 -18.0847 4.2
    endloop
  endfacet
  facet normal 0 0 1
    outer loop
      vertex 1.1799 -17.8013 4.2
      vertex 1.59248 -17.2316 4.2
      vertex 1.36261 -17.1421 4.2
    endloop
  endfacet
  facet normal 0 0 1
    outer loop
      vertex 1.80563 -17.341 4.2
      vertex 1.33162 -17.8822 4.2
      vertex 1.47206 -17.9769 4.2
    endloop
  endfacet
  facet normal 0 0 1
    outer loop
      vertex 1.59248 -17.2316 4.2
      vertex 1.1799 -17.8013 4.2
      vertex 1.33162 -17.8822 4.2
    endloop
  endfacet
  facet normal 0 0 1
    outer loop
      vertex 1.01903 -17.7352 4.2
      vertex 1.36261 -17.1421 4.2
      vertex 1.116 -17.0725 4.2
    endloop
  endfacet
  facet normal 0 0 1
    outer loop
      vertex 1.36261 -17.1421 4.2
      vertex 1.01903 -17.7352 4.2
      vertex 1.1799 -17.8013 4.2
    endloop
  endfacet
  facet normal 0 0 1
    outer loop
      vertex 0.848999 -17.6838 4.2
      vertex 1.116 -17.0725 4.2
      vertex 0.852661 -17.0227 4.2
    endloop
  endfacet
  facet normal 0 0 1
    outer loop
      vertex 1.116 -17.0725 4.2
      vertex 0.848999 -17.6838 4.2
      vertex 1.01903 -17.7352 4.2
    endloop
  endfacet
  facet normal 0 0 1
    outer loop
      vertex 0.852661 -17.0227 4.2
      vertex 0.669815 -17.6471 4.2
      vertex 0.848999 -17.6838 4.2
    endloop
  endfacet
  facet normal 0 0 1
    outer loop
      vertex 0.572601 -16.9929 4.2
      vertex 0.669815 -17.6471 4.2
      vertex 0.852661 -17.0227 4.2
    endloop
  endfacet
  facet normal 0 0 1
    outer loop
      vertex 0.572601 -16.9929 4.2
      vertex 0.481461 -17.625 4.2
      vertex 0.669815 -17.6471 4.2
    endloop
  endfacet
  facet normal 0 0 1
    outer loop
      vertex 0.275803 -16.9829 4.2
      vertex 0.481461 -17.625 4.2
      vertex 0.572601 -16.9929 4.2
    endloop
  endfacet
  facet normal 0 0 1
    outer loop
      vertex 0.481461 -17.625 4.2
      vertex 0.275803 -16.9829 4.2
      vertex 0.283966 -17.6177 4.2
    endloop
  endfacet
  facet normal 0 0 1
    outer loop
      vertex 0.275803 -16.9829 4.2
      vertex -0.021637 -17.6347 4.2
      vertex 0.283966 -17.6177 4.2
    endloop
  endfacet
  facet normal -0 0 1
    outer loop
      vertex -0.145081 -17.0045 4.2
      vertex -0.021637 -17.6347 4.2
      vertex 0.275803 -16.9829 4.2
    endloop
  endfacet
  facet normal 0 0 1
    outer loop
      vertex -0.145081 -17.0045 4.2
      vertex -0.303757 -17.6857 4.2
      vertex -0.021637 -17.6347 4.2
    endloop
  endfacet
  facet normal -0 0 1
    outer loop
      vertex -0.534332 -17.0693 4.2
      vertex -0.303757 -17.6857 4.2
      vertex -0.145081 -17.0045 4.2
    endloop
  endfacet
  facet normal 0 0 1
    outer loop
      vertex -0.534332 -17.0693 4.2
      vertex -0.562363 -17.7708 4.2
      vertex -0.303757 -17.6857 4.2
    endloop
  endfacet
  facet normal -0 0 1
    outer loop
      vertex -0.891922 -17.1772 4.2
      vertex -0.562363 -17.7708 4.2
      vertex -0.534332 -17.0693 4.2
    endloop
  endfacet
  facet normal 0 0 1
    outer loop
      vertex -0.562363 -17.7708 4.2
      vertex -0.891922 -17.1772 4.2
      vertex -0.797455 -17.8898 4.2
    endloop
  endfacet
  facet normal -0 0 1
    outer loop
      vertex -1.21788 -17.3283 4.2
      vertex -0.797455 -17.8898 4.2
      vertex -0.891922 -17.1772 4.2
    endloop
  endfacet
  facet normal 0 0 1
    outer loop
      vertex -0.797455 -17.8898 4.2
      vertex -1.21788 -17.3283 4.2
      vertex -1.00905 -18.0429 4.2
    endloop
  endfacet
  facet normal -0 0 1
    outer loop
      vertex -1.51219 -17.5226 4.2
      vertex -1.00905 -18.0429 4.2
      vertex -1.21788 -17.3283 4.2
    endloop
  endfacet
  facet normal 0 0 1
    outer loop
      vertex -1.00905 -18.0429 4.2
      vertex -1.51219 -17.5226 4.2
      vertex -1.19711 -18.23 4.2
    endloop
  endfacet
  facet normal -0 0 1
    outer loop
      vertex -1.77486 -17.7601 4.2
      vertex -1.19711 -18.23 4.2
      vertex -1.51219 -17.5226 4.2
    endloop
  endfacet
  facet normal 0 0 1
    outer loop
      vertex -1.19711 -18.23 4.2
      vertex -1.77486 -17.7601 4.2
      vertex -1.35873 -18.4467 4.2
    endloop
  endfacet
  facet normal -0 0 1
    outer loop
      vertex -2.00111 -18.0356 4.2
      vertex -1.35873 -18.4467 4.2
      vertex -1.77486 -17.7601 4.2
    endloop
  endfacet
  facet normal 0 0 1
    outer loop
      vertex -1.35873 -18.4467 4.2
      vertex -2.00111 -18.0356 4.2
      vertex -1.49095 -18.6886 4.2
    endloop
  endfacet
  facet normal -0 0 1
    outer loop
      vertex -2.18622 -18.3441 4.2
      vertex -1.49095 -18.6886 4.2
      vertex -2.00111 -18.0356 4.2
    endloop
  endfacet
  facet normal 0 0 1
    outer loop
      vertex -1.49095 -18.6886 4.2
      vertex -2.3302 -18.6857 4.2
      vertex -1.5938 -18.9558 4.2
    endloop
  endfacet
  facet normal -0 0 1
    outer loop
      vertex -2.3302 -18.6857 4.2
      vertex -1.49095 -18.6886 4.2
      vertex -2.18622 -18.3441 4.2
    endloop
  endfacet
  facet normal 0 0 1
    outer loop
      vertex 2.12711 -21.0517 4.2
      vertex 2.63583 -21.606 4.2
      vertex 2.76178 -21.369 4.2
    endloop
  endfacet
  facet normal 0 0 1
    outer loop
      vertex 2.63583 -21.606 4.2
      vertex 1.90842 -21.416 4.2
      vertex 2.49394 -21.8234 4.2
    endloop
  endfacet
  facet normal 0 0 1
    outer loop
      vertex 2.49394 -21.8234 4.2
      vertex 1.90842 -21.416 4.2
      vertex 2.33612 -22.0211 4.2
    endloop
  endfacet
  facet normal 0 0 1
    outer loop
      vertex 2.63583 -21.606 4.2
      vertex 2.12711 -21.0517 4.2
      vertex 1.90842 -21.416 4.2
    endloop
  endfacet
  facet normal -0 0 1
    outer loop
      vertex 1.65648 -21.714 4.2
      vertex 2.33612 -22.0211 4.2
      vertex 1.90842 -21.416 4.2
    endloop
  endfacet
  facet normal 0 0 1
    outer loop
      vertex 2.33612 -22.0211 4.2
      vertex 1.65648 -21.714 4.2
      vertex 2.16235 -22.1991 4.2
    endloop
  endfacet
  facet normal 0 0 1
    outer loop
      vertex 2.16235 -22.1991 4.2
      vertex 1.65648 -21.714 4.2
      vertex 1.97264 -22.3574 4.2
    endloop
  endfacet
  facet normal -0 0 1
    outer loop
      vertex 1.37134 -21.9458 4.2
      vertex 1.97264 -22.3574 4.2
      vertex 1.65648 -21.714 4.2
    endloop
  endfacet
  facet normal 0 0 1
    outer loop
      vertex 1.97264 -22.3574 4.2
      vertex 1.37134 -21.9458 4.2
      vertex 1.76698 -22.4961 4.2
    endloop
  endfacet
  facet normal 0 0 1
    outer loop
      vertex 1.76698 -22.4961 4.2
      vertex 1.37134 -21.9458 4.2
      vertex 1.54768 -22.6142 4.2
    endloop
  endfacet
  facet normal -0 0 1
    outer loop
      vertex 1.05295 -22.1114 4.2
      vertex 1.54768 -22.6142 4.2
      vertex 1.37134 -21.9458 4.2
    endloop
  endfacet
  facet normal 0 0 1
    outer loop
      vertex 1.54768 -22.6142 4.2
      vertex 1.05295 -22.1114 4.2
      vertex 1.31696 -22.7108 4.2
    endloop
  endfacet
  facet normal 0 0 1
    outer loop
      vertex 1.31696 -22.7108 4.2
      vertex 1.05295 -22.1114 4.2
      vertex 1.07481 -22.786 4.2
    endloop
  endfacet
  facet normal -0 0 1
    outer loop
      vertex 0.701324 -22.2107 4.2
      vertex 1.07481 -22.786 4.2
      vertex 1.05295 -22.1114 4.2
    endloop
  endfacet
  facet normal 0 0 1
    outer loop
      vertex 1.07481 -22.786 4.2
      vertex 0.701324 -22.2107 4.2
      vertex 0.821259 -22.8397 4.2
    endloop
  endfacet
  facet normal 0 0 1
    outer loop
      vertex 0.701324 -22.2107 4.2
      vertex 0.556274 -22.8719 4.2
      vertex 0.821259 -22.8397 4.2
    endloop
  endfacet
  facet normal -0 0 1
    outer loop
      vertex 0.316483 -22.2438 4.2
      vertex 0.556274 -22.8719 4.2
      vertex 0.701324 -22.2107 4.2
    endloop
  endfacet
  facet normal 0 0 1
    outer loop
      vertex 0.316483 -22.2438 4.2
      vertex 0.279892 -22.8826 4.2
      vertex 0.556274 -22.8719 4.2
    endloop
  endfacet
  facet normal 0 0 1
    outer loop
      vertex -0.00248718 -22.8726 4.2
      vertex 0.316483 -22.2438 4.2
      vertex 0.0139771 -22.226 4.2
    endloop
  endfacet
  facet normal 0 0 1
    outer loop
      vertex 0.316483 -22.2438 4.2
      vertex -0.00248718 -22.8726 4.2
      vertex 0.279892 -22.8826 4.2
    endloop
  endfacet
  facet normal 0 0 1
    outer loop
      vertex -0.271866 -22.8426 4.2
      vertex 0.0139771 -22.226 4.2
      vertex -0.266922 -22.1726 4.2
    endloop
  endfacet
  facet normal 0 0 1
    outer loop
      vertex 0.0139771 -22.226 4.2
      vertex -0.271866 -22.8426 4.2
      vertex -0.00248718 -22.8726 4.2
    endloop
  endfacet
  facet normal 0 0 1
    outer loop
      vertex -0.528259 -22.7926 4.2
      vertex -0.266922 -22.1726 4.2
      vertex -0.52626 -22.0836 4.2
    endloop
  endfacet
  facet normal 0 0 1
    outer loop
      vertex -0.266922 -22.1726 4.2
      vertex -0.528259 -22.7926 4.2
      vertex -0.271866 -22.8426 4.2
    endloop
  endfacet
  facet normal 0 0 1
    outer loop
      vertex -1.00204 -22.6326 4.2
      vertex -0.52626 -22.0836 4.2
      vertex -0.764008 -21.959 4.2
    endloop
  endfacet
  facet normal 0 0 1
    outer loop
      vertex -0.52626 -22.0836 4.2
      vertex -0.771652 -22.7226 4.2
      vertex -0.528259 -22.7926 4.2
    endloop
  endfacet
  facet normal 0 0 1
    outer loop
      vertex -1.21944 -22.5225 4.2
      vertex -0.764008 -21.959 4.2
      vertex -0.980164 -21.7988 4.2
    endloop
  endfacet
  facet normal 0 0 1
    outer loop
      vertex -0.52626 -22.0836 4.2
      vertex -1.00204 -22.6326 4.2
      vertex -0.771652 -22.7226 4.2
    endloop
  endfacet
  facet normal 0 0 1
    outer loop
      vertex -1.60779 -22.2481 4.2
      vertex -0.980164 -21.7988 4.2
      vertex -1.17474 -21.603 4.2
    endloop
  endfacet
  facet normal 0 0 1
    outer loop
      vertex -0.764008 -21.959 4.2
      vertex -1.21944 -22.5225 4.2
      vertex -1.00204 -22.6326 4.2
    endloop
  endfacet
  facet normal 0 0 1
    outer loop
      vertex -1.92923 -21.905 4.2
      vertex -1.17474 -21.603 4.2
      vertex -1.34319 -21.3779 4.2
    endloop
  endfacet
  facet normal 0 0 1
    outer loop
      vertex -0.980164 -21.7988 4.2
      vertex -1.42198 -22.3939 4.2
      vertex -1.21944 -22.5225 4.2
    endloop
  endfacet
  facet normal 0 0 1
    outer loop
      vertex -2.06485 -21.7076 4.2
      vertex -1.34319 -21.3779 4.2
      vertex -1.481 -21.1299 4.2
    endloop
  endfacet
  facet normal 0 0 1
    outer loop
      vertex -2.28506 -21.2632 4.2
      vertex -1.481 -21.1299 4.2
      vertex -1.5882 -20.8589 4.2
    endloop
  endfacet
  facet normal 0 0 1
    outer loop
      vertex -0.980164 -21.7988 4.2
      vertex -1.60779 -22.2481 4.2
      vertex -1.42198 -22.3939 4.2
    endloop
  endfacet
  facet normal 0 0 1
    outer loop
      vertex -2.36797 -21.0196 4.2
      vertex -1.5882 -20.8589 4.2
      vertex -1.66476 -20.565 4.2
    endloop
  endfacet
  facet normal -0 0 1
    outer loop
      vertex -2.47849 -20.4913 4.2
      vertex -1.66476 -20.565 4.2
      vertex -1.71071 -20.2482 4.2
    endloop
  endfacet
  facet normal 0 0 1
    outer loop
      vertex -1.17474 -21.603 4.2
      vertex -1.77687 -22.0851 4.2
      vertex -1.60779 -22.2481 4.2
    endloop
  endfacet
  facet normal -0 0 1
    outer loop
      vertex -2.5061 -20.2067 4.2
      vertex -1.71071 -20.2482 4.2
      vertex -1.72601 -19.9084 4.2
    endloop
  endfacet
  facet normal 0 0 1
    outer loop
      vertex -2.43304 -19.0602 4.2
      vertex -1.5938 -18.9558 4.2
      vertex -2.3302 -18.6857 4.2
    endloop
  endfacet
  facet normal 0 -0 1
    outer loop
      vertex -2.5061 -20.2067 4.2
      vertex -1.72601 -19.9084 4.2
      vertex -2.51532 -19.9084 4.2
    endloop
  endfacet
  facet normal 0 0 1
    outer loop
      vertex -1.5938 -18.9558 4.2
      vertex -2.43304 -19.0602 4.2
      vertex -1.66725 -19.2481 4.2
    endloop
  endfacet
  facet normal 0 0 1
    outer loop
      vertex -1.71071 -20.2482 4.2
      vertex -2.5061 -20.2067 4.2
      vertex -2.47849 -20.4913 4.2
    endloop
  endfacet
  facet normal 0 0 1
    outer loop
      vertex -1.66476 -20.565 4.2
      vertex -2.43243 -20.7623 4.2
      vertex -2.36797 -21.0196 4.2
    endloop
  endfacet
  facet normal 0 0 1
    outer loop
      vertex -2.49475 -19.4678 4.2
      vertex -1.66725 -19.2481 4.2
      vertex -2.43304 -19.0602 4.2
    endloop
  endfacet
  facet normal 0 0 1
    outer loop
      vertex -1.5882 -20.8589 4.2
      vertex -2.36797 -21.0196 4.2
      vertex -2.28506 -21.2632 4.2
    endloop
  endfacet
  facet normal 0 0 1
    outer loop
      vertex -1.66725 -19.2481 4.2
      vertex -2.49475 -19.4678 4.2
      vertex -1.71132 -19.5656 4.2
    endloop
  endfacet
  facet normal 0 0 1
    outer loop
      vertex -1.34319 -21.3779 4.2
      vertex -2.06485 -21.7076 4.2
      vertex -1.92923 -21.905 4.2
    endloop
  endfacet
  facet normal 0 0 1
    outer loop
      vertex -1.481 -21.1299 4.2
      vertex -2.18376 -21.4931 4.2
      vertex -2.06485 -21.7076 4.2
    endloop
  endfacet
  facet normal 0 0 1
    outer loop
      vertex -2.51532 -19.9084 4.2
      vertex -1.71132 -19.5656 4.2
      vertex -2.49475 -19.4678 4.2
    endloop
  endfacet
  facet normal 0 0 1
    outer loop
      vertex -1.481 -21.1299 4.2
      vertex -2.28506 -21.2632 4.2
      vertex -2.18376 -21.4931 4.2
    endloop
  endfacet
  facet normal 0 0 1
    outer loop
      vertex -1.71132 -19.5656 4.2
      vertex -2.51532 -19.9084 4.2
      vertex -1.72601 -19.9084 4.2
    endloop
  endfacet
  facet normal 0 0 1
    outer loop
      vertex -1.17474 -21.603 4.2
      vertex -1.92923 -21.905 4.2
      vertex -1.77687 -22.0851 4.2
    endloop
  endfacet
  facet normal 0 0 1
    outer loop
      vertex -1.66476 -20.565 4.2
      vertex -2.47849 -20.4913 4.2
      vertex -2.43243 -20.7623 4.2
    endloop
  endfacet
  facet normal 0 0 1
    outer loop
      vertex -4.02922 -18.8017 4.2
      vertex -3.24803 -18.7936 4.2
      vertex -3.26273 -18.5299 4.2
    endloop
  endfacet
  facet normal -0 0 1
    outer loop
      vertex -4.0663 -18.4622 4.2
      vertex -3.26273 -18.5299 4.2
      vertex -3.30679 -18.2868 4.2
    endloop
  endfacet
  facet normal 0 0 1
    outer loop
      vertex -3.24803 -18.7936 4.2
      vertex -4.02922 -18.8017 4.2
      vertex -3.26277 -19.0555 4.2
    endloop
  endfacet
  facet normal 0 0 1
    outer loop
      vertex -4.0663 -18.4622 4.2
      vertex -3.30679 -18.2868 4.2
      vertex -3.38026 -18.0642 4.2
    endloop
  endfacet
  facet normal 0 0 1
    outer loop
      vertex -4.0654 -19.1535 4.2
      vertex -3.26277 -19.0555 4.2
      vertex -4.02922 -18.8017 4.2
    endloop
  endfacet
  facet normal 0 0 1
    outer loop
      vertex -4.17751 -18.1846 4.2
      vertex -3.38026 -18.0642 4.2
      vertex -3.48312 -17.8623 4.2
    endloop
  endfacet
  facet normal 0 0 1
    outer loop
      vertex -3.26277 -19.0555 4.2
      vertex -4.0654 -19.1535 4.2
      vertex -3.30702 -19.299 4.2
    endloop
  endfacet
  facet normal 0 0 1
    outer loop
      vertex -4.17751 -18.1846 4.2
      vertex -3.48312 -17.8623 4.2
      vertex -3.61536 -17.6809 4.2
    endloop
  endfacet
  facet normal 0 0 1
    outer loop
      vertex -3.30702 -19.299 4.2
      vertex -4.0654 -19.1535 4.2
      vertex -3.38078 -19.5239 4.2
    endloop
  endfacet
  facet normal 0 0 1
    outer loop
      vertex -4.17751 -18.1846 4.2
      vertex -3.61536 -17.6809 4.2
      vertex -3.77699 -17.5201 4.2
    endloop
  endfacet
  facet normal -0 0 1
    outer loop
      vertex -4.17389 -19.4414 4.2
      vertex -3.38078 -19.5239 4.2
      vertex -4.0654 -19.1535 4.2
    endloop
  endfacet
  facet normal 0 0 1
    outer loop
      vertex -4.36285 -17.9686 4.2
      vertex -3.77699 -17.5201 4.2
      vertex -3.96538 -17.382 4.2
    endloop
  endfacet
  facet normal 0 0 1
    outer loop
      vertex -3.38078 -19.5239 4.2
      vertex -4.17389 -19.4414 4.2
      vertex -3.48402 -19.7303 4.2
    endloop
  endfacet
  facet normal 0 0 1
    outer loop
      vertex -3.48402 -19.7303 4.2
      vertex -4.17389 -19.4414 4.2
      vertex -3.61678 -19.9181 4.2
    endloop
  endfacet
  facet normal 0 0 1
    outer loop
      vertex -3.26273 -18.5299 4.2
      vertex -4.0663 -18.4622 4.2
      vertex -4.02922 -18.8017 4.2
    endloop
  endfacet
  facet normal 0 0 1
    outer loop
      vertex -3.38026 -18.0642 4.2
      vertex -4.17751 -18.1846 4.2
      vertex -4.0663 -18.4622 4.2
    endloop
  endfacet
  facet normal 0 0 1
    outer loop
      vertex -4.36285 -17.9686 4.2
      vertex -3.96538 -17.382 4.2
      vertex -4.17796 -17.2691 4.2
    endloop
  endfacet
  facet normal 0 0 1
    outer loop
      vertex -3.77699 -17.5201 4.2
      vertex -4.36285 -17.9686 4.2
      vertex -4.17751 -18.1846 4.2
    endloop
  endfacet
  facet normal 0 0 1
    outer loop
      vertex -4.62234 -17.8143 4.2
      vertex -4.17796 -17.2691 4.2
      vertex -4.41473 -17.1813 4.2
    endloop
  endfacet
  facet normal 0 0 1
    outer loop
      vertex -4.17796 -17.2691 4.2
      vertex -4.62234 -17.8143 4.2
      vertex -4.36285 -17.9686 4.2
    endloop
  endfacet
  facet normal 0 0 1
    outer loop
      vertex -4.6757 -17.1186 4.2
      vertex -4.62234 -17.8143 4.2
      vertex -4.41473 -17.1813 4.2
    endloop
  endfacet
  facet normal 0 0 1
    outer loop
      vertex -4.6757 -17.1186 4.2
      vertex -4.95598 -17.7217 4.2
      vertex -4.62234 -17.8143 4.2
    endloop
  endfacet
  facet normal 0 0 1
    outer loop
      vertex -4.96086 -17.0809 4.2
      vertex -4.95598 -17.7217 4.2
      vertex -4.6757 -17.1186 4.2
    endloop
  endfacet
  facet normal 0 0 1
    outer loop
      vertex -5.2702 -17.0684 4.2
      vertex -4.95598 -17.7217 4.2
      vertex -4.96086 -17.0809 4.2
    endloop
  endfacet
  facet normal 0 0 1
    outer loop
      vertex -5.2702 -17.0684 4.2
      vertex -5.36374 -17.6909 4.2
      vertex -4.95598 -17.7217 4.2
    endloop
  endfacet
  facet normal 0 0 1
    outer loop
      vertex -5.2702 -17.0684 4.2
      vertex -6.90581 -17.6909 4.2
      vertex -5.36374 -17.6909 4.2
    endloop
  endfacet
  facet normal 0 0 1
    outer loop
      vertex -7.68292 -17.0684 4.2
      vertex -6.90581 -19.9531 4.2
      vertex -6.90581 -17.6909 4.2
    endloop
  endfacet
  facet normal 0 0 1
    outer loop
      vertex -7.68292 -22.8012 4.2
      vertex -6.90581 -19.9531 4.2
      vertex -7.68292 -17.0684 4.2
    endloop
  endfacet
  facet normal -0 0 1
    outer loop
      vertex -7.68292 -17.0684 4.2
      vertex -6.90581 -17.6909 4.2
      vertex -5.2702 -17.0684 4.2
    endloop
  endfacet
  facet normal 0 0 1
    outer loop
      vertex -6.90581 -19.9531 4.2
      vertex -7.68292 -22.8012 4.2
      vertex -6.90581 -20.5675 4.2
    endloop
  endfacet
  facet normal 0 0 1
    outer loop
      vertex -6.90581 -20.5675 4.2
      vertex -7.68292 -22.8012 4.2
      vertex -6.90581 -22.8012 4.2
    endloop
  endfacet
  facet normal 0 0 1
    outer loop
      vertex -3.61678 -19.9181 4.2
      vertex -4.17389 -19.4414 4.2
      vertex -3.77902 -20.0874 4.2
    endloop
  endfacet
  facet normal -0 0 1
    outer loop
      vertex -4.35472 -19.6653 4.2
      vertex -3.77902 -20.0874 4.2
      vertex -4.17389 -19.4414 4.2
    endloop
  endfacet
  facet normal 0 0 1
    outer loop
      vertex -3.77902 -20.0874 4.2
      vertex -4.35472 -19.6653 4.2
      vertex -3.96657 -20.2341 4.2
    endloop
  endfacet
  facet normal 0 0 1
    outer loop
      vertex -3.96657 -20.2341 4.2
      vertex -4.35472 -19.6653 4.2
      vertex -4.17526 -20.3541 4.2
    endloop
  endfacet
  facet normal -0 0 1
    outer loop
      vertex -4.60789 -19.8252 4.2
      vertex -4.17526 -20.3541 4.2
      vertex -4.35472 -19.6653 4.2
    endloop
  endfacet
  facet normal 0 0 1
    outer loop
      vertex -4.17526 -20.3541 4.2
      vertex -4.60789 -19.8252 4.2
      vertex -4.40508 -20.4475 4.2
    endloop
  endfacet
  facet normal 0 0 1
    outer loop
      vertex -4.60789 -19.8252 4.2
      vertex -4.65604 -20.5142 4.2
      vertex -4.40508 -20.4475 4.2
    endloop
  endfacet
  facet normal -0 0 1
    outer loop
      vertex -4.9334 -19.9211 4.2
      vertex -4.65604 -20.5142 4.2
      vertex -4.60789 -19.8252 4.2
    endloop
  endfacet
  facet normal 0 0 1
    outer loop
      vertex -4.65604 -20.5142 4.2
      vertex -4.9334 -19.9211 4.2
      vertex -4.92813 -20.5542 4.2
    endloop
  endfacet
  facet normal 0 0 1
    outer loop
      vertex -4.9334 -19.9211 4.2
      vertex -5.22136 -20.5675 4.2
      vertex -4.92813 -20.5542 4.2
    endloop
  endfacet
  facet normal -0 0 1
    outer loop
      vertex -5.33122 -19.9531 4.2
      vertex -5.22136 -20.5675 4.2
      vertex -4.9334 -19.9211 4.2
    endloop
  endfacet
  facet normal 0 0 1
    outer loop
      vertex -6.90581 -20.5675 4.2
      vertex -5.33122 -19.9531 4.2
      vertex -6.90581 -19.9531 4.2
    endloop
  endfacet
  facet normal 0 0 1
    outer loop
      vertex -5.33122 -19.9531 4.2
      vertex -6.90581 -20.5675 4.2
      vertex -5.22136 -20.5675 4.2
    endloop
  endfacet
  facet normal -0 0 1
    outer loop
      vertex 6.94218 -18.5535 4.2
      vertex 7.71547 -18.6249 4.2
      vertex 7.72337 -18.4599 4.2
    endloop
  endfacet
  facet normal -0 0 1
    outer loop
      vertex 6.93336 -18.4062 4.2
      vertex 7.72337 -18.4599 4.2
      vertex 7.66731 -18.0347 4.2
    endloop
  endfacet
  facet normal 0 -0 1
    outer loop
      vertex 6.94218 -18.5535 4.2
      vertex 7.72337 -18.4599 4.2
      vertex 6.93336 -18.4062 4.2
    endloop
  endfacet
  facet normal -0 0 1
    outer loop
      vertex 6.93364 -18.7079 4.2
      vertex 7.69173 -18.7809 4.2
      vertex 6.94218 -18.5535 4.2
    endloop
  endfacet
  facet normal 0 0 1
    outer loop
      vertex 7.69173 -18.7809 4.2
      vertex 6.93364 -18.7079 4.2
      vertex 7.65218 -18.9278 4.2
    endloop
  endfacet
  facet normal 0 0 1
    outer loop
      vertex 6.86282 -18.1558 4.2
      vertex 7.66731 -18.0347 4.2
      vertex 7.49915 -17.6868 4.2
    endloop
  endfacet
  facet normal -0 0 1
    outer loop
      vertex 6.90805 -18.8485 4.2
      vertex 7.65218 -18.9278 4.2
      vertex 6.93364 -18.7079 4.2
    endloop
  endfacet
  facet normal 0 0 1
    outer loop
      vertex 7.65218 -18.9278 4.2
      vertex 6.90805 -18.8485 4.2
      vertex 7.59679 -19.0657 4.2
    endloop
  endfacet
  facet normal 0 0 1
    outer loop
      vertex 7.59679 -19.0657 4.2
      vertex 6.90805 -18.8485 4.2
      vertex 7.52559 -19.1945 4.2
    endloop
  endfacet
  facet normal 0 0 1
    outer loop
      vertex 6.80112 -18.0526 4.2
      vertex 7.49915 -17.6868 4.2
      vertex 7.21886 -17.4163 4.2
    endloop
  endfacet
  facet normal -0 0 1
    outer loop
      vertex 6.86537 -18.9751 4.2
      vertex 7.52559 -19.1945 4.2
      vertex 6.90805 -18.8485 4.2
    endloop
  endfacet
  facet normal 0 0 1
    outer loop
      vertex 7.52559 -19.1945 4.2
      vertex 6.86537 -18.9751 4.2
      vertex 7.43855 -19.3144 4.2
    endloop
  endfacet
  facet normal 0 0 1
    outer loop
      vertex 7.43855 -19.3144 4.2
      vertex 6.86537 -18.9751 4.2
      vertex 7.33707 -19.4233 4.2
    endloop
  endfacet
  facet normal 0 0 1
    outer loop
      vertex 7.71547 -18.6249 4.2
      vertex 6.94218 -18.5535 4.2
      vertex 7.69173 -18.7809 4.2
    endloop
  endfacet
  facet normal 0 0 1
    outer loop
      vertex 7.66731 -18.0347 4.2
      vertex 6.90691 -18.2737 4.2
      vertex 6.93336 -18.4062 4.2
    endloop
  endfacet
  facet normal 0 0 1
    outer loop
      vertex 7.66731 -18.0347 4.2
      vertex 6.86282 -18.1558 4.2
      vertex 6.90691 -18.2737 4.2
    endloop
  endfacet
  facet normal 0 0 1
    outer loop
      vertex 6.62477 -17.8903 4.2
      vertex 7.21886 -17.4163 4.2
      vertex 6.82645 -17.223 4.2
    endloop
  endfacet
  facet normal 0 0 1
    outer loop
      vertex 7.49915 -17.6868 4.2
      vertex 6.80112 -18.0526 4.2
      vertex 6.86282 -18.1558 4.2
    endloop
  endfacet
  facet normal 0 0 1
    outer loop
      vertex 7.21886 -17.4163 4.2
      vertex 6.72176 -17.9641 4.2
      vertex 6.80112 -18.0526 4.2
    endloop
  endfacet
  facet normal 0 0 1
    outer loop
      vertex 7.21886 -17.4163 4.2
      vertex 6.62477 -17.8903 4.2
      vertex 6.72176 -17.9641 4.2
    endloop
  endfacet
  facet normal 0 0 1
    outer loop
      vertex 6.82645 -17.223 4.2
      vertex 6.51109 -17.8293 4.2
      vertex 6.62477 -17.8903 4.2
    endloop
  endfacet
  facet normal 0 0 1
    outer loop
      vertex 6.82645 -17.223 4.2
      vertex 6.38158 -17.7795 4.2
      vertex 6.51109 -17.8293 4.2
    endloop
  endfacet
  facet normal 0 0 1
    outer loop
      vertex 6.32191 -17.107 4.2
      vertex 6.38158 -17.7795 4.2
      vertex 6.82645 -17.223 4.2
    endloop
  endfacet
  facet normal 0 0 1
    outer loop
      vertex 6.32191 -17.107 4.2
      vertex 6.23624 -17.7407 4.2
      vertex 6.38158 -17.7795 4.2
    endloop
  endfacet
  facet normal 0 0 1
    outer loop
      vertex 6.32191 -17.107 4.2
      vertex 6.07507 -17.713 4.2
      vertex 6.23624 -17.7407 4.2
    endloop
  endfacet
  facet normal 0 0 1
    outer loop
      vertex 6.32191 -17.107 4.2
      vertex 5.89809 -17.6964 4.2
      vertex 6.07507 -17.713 4.2
    endloop
  endfacet
  facet normal 0 0 1
    outer loop
      vertex 5.70528 -17.0684 4.2
      vertex 5.89809 -17.6964 4.2
      vertex 6.32191 -17.107 4.2
    endloop
  endfacet
  facet normal 0 0 1
    outer loop
      vertex 5.70528 -17.0684 4.2
      vertex 5.70528 -17.6909 4.2
      vertex 5.89809 -17.6964 4.2
    endloop
  endfacet
  facet normal 0 0 1
    outer loop
      vertex 5.70528 -17.0684 4.2
      vertex 4.3992 -17.6909 4.2
      vertex 5.70528 -17.6909 4.2
    endloop
  endfacet
  facet normal 0 0 1
    outer loop
      vertex 3.62209 -17.0684 4.2
      vertex 4.3992 -19.5056 4.2
      vertex 4.3992 -17.6909 4.2
    endloop
  endfacet
  facet normal 0 0 1
    outer loop
      vertex 4.3992 -19.5056 4.2
      vertex 3.62209 -17.0684 4.2
      vertex 4.3992 -20.1118 4.2
    endloop
  endfacet
  facet normal 0 0 1
    outer loop
      vertex 3.62209 -22.8012 4.2
      vertex 4.3992 -20.1118 4.2
      vertex 3.62209 -17.0684 4.2
    endloop
  endfacet
  facet normal -0 0 1
    outer loop
      vertex 3.62209 -17.0684 4.2
      vertex 4.3992 -17.6909 4.2
      vertex 5.70528 -17.0684 4.2
    endloop
  endfacet
  facet normal -0 0 1
    outer loop
      vertex 6.80565 -19.0878 4.2
      vertex 7.33707 -19.4233 4.2
      vertex 6.86537 -18.9751 4.2
    endloop
  endfacet
  facet normal 0 0 1
    outer loop
      vertex 7.33707 -19.4233 4.2
      vertex 6.80565 -19.0878 4.2
      vertex 7.22246 -19.5196 4.2
    endloop
  endfacet
  facet normal 0 0 1
    outer loop
      vertex 7.22246 -19.5196 4.2
      vertex 6.80565 -19.0878 4.2
      vertex 7.09474 -19.6032 4.2
    endloop
  endfacet
  facet normal -0 0 1
    outer loop
      vertex 6.72885 -19.1867 4.2
      vertex 7.09474 -19.6032 4.2
      vertex 6.80565 -19.0878 4.2
    endloop
  endfacet
  facet normal 0 0 1
    outer loop
      vertex 7.09474 -19.6032 4.2
      vertex 6.72885 -19.1867 4.2
      vertex 6.95392 -19.6742 4.2
    endloop
  endfacet
  facet normal -0 0 1
    outer loop
      vertex 6.63498 -19.2716 4.2
      vertex 6.95392 -19.6742 4.2
      vertex 6.72885 -19.1867 4.2
    endloop
  endfacet
  facet normal 0 0 1
    outer loop
      vertex 6.95392 -19.6742 4.2
      vertex 6.63498 -19.2716 4.2
      vertex 6.79999 -19.7325 4.2
    endloop
  endfacet
  facet normal -0 0 1
    outer loop
      vertex 6.52382 -19.3431 4.2
      vertex 6.79999 -19.7325 4.2
      vertex 6.63498 -19.2716 4.2
    endloop
  endfacet
  facet normal 0 0 1
    outer loop
      vertex 6.79999 -19.7325 4.2
      vertex 6.52382 -19.3431 4.2
      vertex 6.63293 -19.7782 4.2
    endloop
  endfacet
  facet normal -0 0 1
    outer loop
      vertex 7.2717 -21.1249 4.2
      vertex 8.05698 -21.1859 4.2
      vertex 8.04669 -21.0002 4.2
    endloop
  endfacet
  facet normal 0 0 1
    outer loop
      vertex 7.2717 -21.1249 4.2
      vertex 8.04669 -21.0002 4.2
      vertex 8.01584 -20.8254 4.2
    endloop
  endfacet
  facet normal 0 0 1
    outer loop
      vertex 7.26265 -21.2926 4.2
      vertex 8.05698 -21.1859 4.2
      vertex 7.2717 -21.1249 4.2
    endloop
  endfacet
  facet normal -0 0 1
    outer loop
      vertex 7.23215 -20.8153 4.2
      vertex 8.01584 -20.8254 4.2
      vertex 7.96442 -20.6616 4.2
    endloop
  endfacet
  facet normal 0 0 1
    outer loop
      vertex 8.05698 -21.1859 4.2
      vertex 7.26265 -21.2926 4.2
      vertex 8.04149 -21.4315 4.2
    endloop
  endfacet
  facet normal 0 0 1
    outer loop
      vertex 7.23215 -20.8153 4.2
      vertex 7.96442 -20.6616 4.2
      vertex 7.89243 -20.5087 4.2
    endloop
  endfacet
  facet normal 0 0 1
    outer loop
      vertex 7.23553 -21.4459 4.2
      vertex 8.04149 -21.4315 4.2
      vertex 7.26265 -21.2926 4.2
    endloop
  endfacet
  facet normal 0 0 1
    outer loop
      vertex 7.23215 -20.8153 4.2
      vertex 7.89243 -20.5087 4.2
      vertex 7.79985 -20.3669 4.2
    endloop
  endfacet
  facet normal 0 0 1
    outer loop
      vertex 7.11346 -20.5621 4.2
      vertex 7.79985 -20.3669 4.2
      vertex 7.68672 -20.2359 4.2
    endloop
  endfacet
  facet normal 0 0 1
    outer loop
      vertex 8.04149 -21.4315 4.2
      vertex 7.23553 -21.4459 4.2
      vertex 7.99504 -21.6581 4.2
    endloop
  endfacet
  facet normal 0 0 1
    outer loop
      vertex 7.11346 -20.5621 4.2
      vertex 7.68672 -20.2359 4.2
      vertex 7.5546 -20.1187 4.2
    endloop
  endfacet
  facet normal 0 0 1
    outer loop
      vertex 7.99504 -21.6581 4.2
      vertex 7.23553 -21.4459 4.2
      vertex 7.91763 -21.8659 4.2
    endloop
  endfacet
  facet normal 0 0 1
    outer loop
      vertex 7.11346 -20.5621 4.2
      vertex 7.5546 -20.1187 4.2
      vertex 7.40508 -20.0178 4.2
    endloop
  endfacet
  facet normal -0 0 1
    outer loop
      vertex 7.19032 -21.5847 4.2
      vertex 7.91763 -21.8659 4.2
      vertex 7.23553 -21.4459 4.2
    endloop
  endfacet
  facet normal 0 0 1
    outer loop
      vertex 7.91763 -21.8659 4.2
      vertex 7.19032 -21.5847 4.2
      vertex 7.80925 -22.0549 4.2
    endloop
  endfacet
  facet normal 0 0 1
    outer loop
      vertex 6.9157 -20.3651 4.2
      vertex 7.40508 -20.0178 4.2
      vertex 7.23814 -19.9333 4.2
    endloop
  endfacet
  facet normal 0 0 1
    outer loop
      vertex 8.01584 -20.8254 4.2
      vertex 7.23215 -20.8153 4.2
      vertex 7.2717 -21.1249 4.2
    endloop
  endfacet
  facet normal 0 0 1
    outer loop
      vertex 7.79985 -20.3669 4.2
      vertex 7.11346 -20.5621 4.2
      vertex 7.23215 -20.8153 4.2
    endloop
  endfacet
  facet normal 0 0 1
    outer loop
      vertex 6.9157 -20.3651 4.2
      vertex 7.23814 -19.9333 4.2
      vertex 7.05382 -19.8652 4.2
    endloop
  endfacet
  facet normal 0 0 1
    outer loop
      vertex 7.40508 -20.0178 4.2
      vertex 6.9157 -20.3651 4.2
      vertex 7.11346 -20.5621 4.2
    endloop
  endfacet
  facet normal 0 0 1
    outer loop
      vertex 6.85208 -19.8135 4.2
      vertex 6.9157 -20.3651 4.2
      vertex 7.05382 -19.8652 4.2
    endloop
  endfacet
  facet normal 0 0 1
    outer loop
      vertex 6.85208 -19.8135 4.2
      vertex 6.63879 -20.2244 4.2
      vertex 6.9157 -20.3651 4.2
    endloop
  endfacet
  facet normal 0 0 1
    outer loop
      vertex 6.63293 -19.7782 4.2
      vertex 6.63879 -20.2244 4.2
      vertex 6.85208 -19.8135 4.2
    endloop
  endfacet
  facet normal -0 0 1
    outer loop
      vertex 6.39514 -19.4016 4.2
      vertex 6.63293 -19.7782 4.2
      vertex 6.52382 -19.3431 4.2
    endloop
  endfacet
  facet normal -0 0 1
    outer loop
      vertex 6.24895 -19.4471 4.2
      vertex 6.63293 -19.7782 4.2
      vertex 6.39514 -19.4016 4.2
    endloop
  endfacet
  facet normal 0 0 1
    outer loop
      vertex 6.63293 -19.7782 4.2
      vertex 6.28278 -20.1399 4.2
      vertex 6.63879 -20.2244 4.2
    endloop
  endfacet
  facet normal 0 0 1
    outer loop
      vertex 6.63293 -19.7782 4.2
      vertex 6.24895 -19.4471 4.2
      vertex 6.28278 -20.1399 4.2
    endloop
  endfacet
  facet normal -0 0 1
    outer loop
      vertex 6.08525 -19.4796 4.2
      vertex 6.28278 -20.1399 4.2
      vertex 6.24895 -19.4471 4.2
    endloop
  endfacet
  facet normal 0 0 1
    outer loop
      vertex 5.84766 -20.1118 4.2
      vertex 6.08525 -19.4796 4.2
      vertex 5.90402 -19.4991 4.2
    endloop
  endfacet
  facet normal 0 0 1
    outer loop
      vertex 6.08525 -19.4796 4.2
      vertex 5.84766 -20.1118 4.2
      vertex 6.28278 -20.1399 4.2
    endloop
  endfacet
  facet normal -0 0 1
    outer loop
      vertex 5.70528 -19.5056 4.2
      vertex 5.84766 -20.1118 4.2
      vertex 5.90402 -19.4991 4.2
    endloop
  endfacet
  facet normal 0 0 1
    outer loop
      vertex 4.3992 -20.1118 4.2
      vertex 5.70528 -19.5056 4.2
      vertex 4.3992 -19.5056 4.2
    endloop
  endfacet
  facet normal 0 0 1
    outer loop
      vertex 5.70528 -19.5056 4.2
      vertex 4.3992 -20.1118 4.2
      vertex 5.84766 -20.1118 4.2
    endloop
  endfacet
  facet normal -0 0 1
    outer loop
      vertex 7.12703 -21.709 4.2
      vertex 7.80925 -22.0549 4.2
      vertex 7.19032 -21.5847 4.2
    endloop
  endfacet
  facet normal 0 0 1
    outer loop
      vertex 7.80925 -22.0549 4.2
      vertex 7.12703 -21.709 4.2
      vertex 7.66989 -22.2249 4.2
    endloop
  endfacet
  facet normal -0 0 1
    outer loop
      vertex 7.04565 -21.8189 4.2
      vertex 7.66989 -22.2249 4.2
      vertex 7.12703 -21.709 4.2
    endloop
  endfacet
  facet normal 0 0 1
    outer loop
      vertex 7.66989 -22.2249 4.2
      vertex 7.04565 -21.8189 4.2
      vertex 7.49957 -22.3761 4.2
    endloop
  endfacet
  facet normal -0 0 1
    outer loop
      vertex 6.9462 -21.9143 4.2
      vertex 7.49957 -22.3761 4.2
      vertex 7.04565 -21.8189 4.2
    endloop
  endfacet
  facet normal 0 0 1
    outer loop
      vertex 7.49957 -22.3761 4.2
      vertex 6.9462 -21.9143 4.2
      vertex 7.30168 -22.506 4.2
    endloop
  endfacet
  facet normal -0 0 1
    outer loop
      vertex 6.82697 -21.9951 4.2
      vertex 7.30168 -22.506 4.2
      vertex 6.9462 -21.9143 4.2
    endloop
  endfacet
  facet normal 0 0 1
    outer loop
      vertex 7.30168 -22.506 4.2
      vertex 6.82697 -21.9951 4.2
      vertex 7.07961 -22.6123 4.2
    endloop
  endfacet
  facet normal -0 0 1
    outer loop
      vertex 6.68625 -22.0612 4.2
      vertex 7.07961 -22.6123 4.2
      vertex 6.82697 -21.9951 4.2
    endloop
  endfacet
  facet normal 0 0 1
    outer loop
      vertex 7.07961 -22.6123 4.2
      vertex 6.68625 -22.0612 4.2
      vertex 6.83333 -22.6949 4.2
    endloop
  endfacet
  facet normal -0 0 1
    outer loop
      vertex 6.52406 -22.1126 4.2
      vertex 6.83333 -22.6949 4.2
      vertex 6.68625 -22.0612 4.2
    endloop
  endfacet
  facet normal 0 0 1
    outer loop
      vertex 6.83333 -22.6949 4.2
      vertex 6.52406 -22.1126 4.2
      vertex 6.56285 -22.754 4.2
    endloop
  endfacet
  facet normal -0 0 1
    outer loop
      vertex 6.34041 -22.1494 4.2
      vertex 6.56285 -22.754 4.2
      vertex 6.52406 -22.1126 4.2
    endloop
  endfacet
  facet normal 0 0 1
    outer loop
      vertex 6.34041 -22.1494 4.2
      vertex 6.2682 -22.7894 4.2
      vertex 6.56285 -22.754 4.2
    endloop
  endfacet
  facet normal -0 0 1
    outer loop
      vertex 6.13528 -22.1714 4.2
      vertex 6.2682 -22.7894 4.2
      vertex 6.34041 -22.1494 4.2
    endloop
  endfacet
  facet normal 0 0 1
    outer loop
      vertex 6.13528 -22.1714 4.2
      vertex 5.94936 -22.8012 4.2
      vertex 6.2682 -22.7894 4.2
    endloop
  endfacet
  facet normal -0 0 1
    outer loop
      vertex 5.90868 -22.1787 4.2
      vertex 5.94936 -22.8012 4.2
      vertex 6.13528 -22.1714 4.2
    endloop
  endfacet
  facet normal -0 0 1
    outer loop
      vertex 4.3992 -22.1787 4.2
      vertex 5.94936 -22.8012 4.2
      vertex 5.90868 -22.1787 4.2
    endloop
  endfacet
  facet normal 0 0 1
    outer loop
      vertex 4.3992 -22.1787 4.2
      vertex 3.62209 -22.8012 4.2
      vertex 5.94936 -22.8012 4.2
    endloop
  endfacet
  facet normal 0 0 1
    outer loop
      vertex 4.3992 -20.1118 4.2
      vertex 3.62209 -22.8012 4.2
      vertex 4.3992 -22.1787 4.2
    endloop
  endfacet
  facet normal 0.120629 -0.992698 0
    outer loop
      vertex 0.556274 -22.8719 3
      vertex 0.821259 -22.8397 4.2
      vertex 0.556274 -22.8719 4.2
    endloop
  endfacet
  facet normal 0.120629 -0.992698 0
    outer loop
      vertex 0.821259 -22.8397 4.2
      vertex 0.556274 -22.8719 3
      vertex 0.821259 -22.8397 3
    endloop
  endfacet
  facet normal 0.207196 -0.9783 0
    outer loop
      vertex 0.821259 -22.8397 3
      vertex 1.07481 -22.786 4.2
      vertex 0.821259 -22.8397 4.2
    endloop
  endfacet
  facet normal 0.207196 -0.9783 0
    outer loop
      vertex 1.07481 -22.786 4.2
      vertex 0.821259 -22.8397 3
      vertex 1.07481 -22.786 3
    endloop
  endfacet
  facet normal 0.296579 -0.955008 0
    outer loop
      vertex 1.07481 -22.786 3
      vertex 1.31696 -22.7108 4.2
      vertex 1.07481 -22.786 4.2
    endloop
  endfacet
  facet normal 0.296579 -0.955008 0
    outer loop
      vertex 1.31696 -22.7108 4.2
      vertex 1.07481 -22.786 3
      vertex 1.31696 -22.7108 3
    endloop
  endfacet
  facet normal 0.386205 -0.922413 0
    outer loop
      vertex 1.31696 -22.7108 3
      vertex 1.54768 -22.6142 4.2
      vertex 1.31696 -22.7108 4.2
    endloop
  endfacet
  facet normal 0.386205 -0.922413 0
    outer loop
      vertex 1.54768 -22.6142 4.2
      vertex 1.31696 -22.7108 3
      vertex 1.54768 -22.6142 3
    endloop
  endfacet
  facet normal 0.474148 -0.880445 0
    outer loop
      vertex 1.54768 -22.6142 3
      vertex 1.76698 -22.4961 4.2
      vertex 1.54768 -22.6142 4.2
    endloop
  endfacet
  facet normal 0.474148 -0.880445 0
    outer loop
      vertex 1.76698 -22.4961 4.2
      vertex 1.54768 -22.6142 3
      vertex 1.76698 -22.4961 3
    endloop
  endfacet
  facet normal 0.559139 -0.829074 0
    outer loop
      vertex 1.76698 -22.4961 3
      vertex 1.97264 -22.3574 4.2
      vertex 1.76698 -22.4961 4.2
    endloop
  endfacet
  facet normal 0.559139 -0.829074 0
    outer loop
      vertex 1.97264 -22.3574 4.2
      vertex 1.76698 -22.4961 3
      vertex 1.97264 -22.3574 3
    endloop
  endfacet
  facet normal 0.640682 -0.767806 0
    outer loop
      vertex 1.97264 -22.3574 3
      vertex 2.16235 -22.1991 4.2
      vertex 1.97264 -22.3574 4.2
    endloop
  endfacet
  facet normal 0.640682 -0.767806 0
    outer loop
      vertex 2.16235 -22.1991 4.2
      vertex 1.97264 -22.3574 3
      vertex 2.16235 -22.1991 3
    endloop
  endfacet
  facet normal 0.715558 -0.698553 0
    outer loop
      vertex 2.16235 -22.1991 4.2
      vertex 2.33612 -22.0211 3
      vertex 2.33612 -22.0211 4.2
    endloop
  endfacet
  facet normal 0.715558 -0.698553 0
    outer loop
      vertex 2.33612 -22.0211 3
      vertex 2.16235 -22.1991 4.2
      vertex 2.16235 -22.1991 3
    endloop
  endfacet
  facet normal 0.781524 -0.623875 0
    outer loop
      vertex 2.33612 -22.0211 4.2
      vertex 2.49394 -21.8234 3
      vertex 2.49394 -21.8234 4.2
    endloop
  endfacet
  facet normal 0.781524 -0.623875 0
    outer loop
      vertex 2.49394 -21.8234 3
      vertex 2.33612 -22.0211 4.2
      vertex 2.33612 -22.0211 3
    endloop
  endfacet
  facet normal 0.837421 -0.546558 0
    outer loop
      vertex 2.49394 -21.8234 4.2
      vertex 2.63583 -21.606 3
      vertex 2.63583 -21.606 4.2
    endloop
  endfacet
  facet normal 0.837421 -0.546558 0
    outer loop
      vertex 2.63583 -21.606 3
      vertex 2.49394 -21.8234 4.2
      vertex 2.49394 -21.8234 3
    endloop
  endfacet
  facet normal 0.883048 -0.469282 0
    outer loop
      vertex 2.63583 -21.606 4.2
      vertex 2.76178 -21.369 3
      vertex 2.76178 -21.369 4.2
    endloop
  endfacet
  facet normal 0.883048 -0.469282 0
    outer loop
      vertex 2.76178 -21.369 3
      vertex 2.63583 -21.606 4.2
      vertex 2.63583 -21.606 3
    endloop
  endfacet
  facet normal 0.447174 0.894447 -0
    outer loop
      vertex 2.76178 -21.369 3
      vertex 2.12711 -21.0517 4.2
      vertex 2.76178 -21.369 4.2
    endloop
  endfacet
  facet normal 0.447174 0.894447 0
    outer loop
      vertex 2.12711 -21.0517 4.2
      vertex 2.76178 -21.369 3
      vertex 2.12711 -21.0517 3
    endloop
  endfacet
  facet normal -0.857379 0.514686 0
    outer loop
      vertex 1.90842 -21.416 3
      vertex 2.12711 -21.0517 4.2
      vertex 2.12711 -21.0517 3
    endloop
  endfacet
  facet normal -0.857379 0.514686 0
    outer loop
      vertex 2.12711 -21.0517 4.2
      vertex 1.90842 -21.416 3
      vertex 1.90842 -21.416 4.2
    endloop
  endfacet
  facet normal -0.763656 0.645623 0
    outer loop
      vertex 1.65648 -21.714 3
      vertex 1.90842 -21.416 4.2
      vertex 1.90842 -21.416 3
    endloop
  endfacet
  facet normal -0.763656 0.645623 0
    outer loop
      vertex 1.90842 -21.416 4.2
      vertex 1.65648 -21.714 3
      vertex 1.65648 -21.714 4.2
    endloop
  endfacet
  facet normal -0.630795 0.775949 0
    outer loop
      vertex 1.65648 -21.714 3
      vertex 1.37134 -21.9458 4.2
      vertex 1.65648 -21.714 4.2
    endloop
  endfacet
  facet normal -0.630795 0.775949 0
    outer loop
      vertex 1.37134 -21.9458 4.2
      vertex 1.65648 -21.714 3
      vertex 1.37134 -21.9458 3
    endloop
  endfacet
  facet normal -0.461434 0.887174 0
    outer loop
      vertex 1.37134 -21.9458 3
      vertex 1.05295 -22.1114 4.2
      vertex 1.37134 -21.9458 4.2
    endloop
  endfacet
  facet normal -0.461434 0.887174 0
    outer loop
      vertex 1.05295 -22.1114 4.2
      vertex 1.37134 -21.9458 3
      vertex 1.05295 -22.1114 3
    endloop
  endfacet
  facet normal -0.271773 0.962361 0
    outer loop
      vertex 1.05295 -22.1114 3
      vertex 0.701324 -22.2107 4.2
      vertex 1.05295 -22.1114 4.2
    endloop
  endfacet
  facet normal -0.271773 0.962361 0
    outer loop
      vertex 0.701324 -22.2107 4.2
      vertex 1.05295 -22.1114 3
      vertex 0.701324 -22.2107 3
    endloop
  endfacet
  facet normal -0.0856932 0.996322 0
    outer loop
      vertex 0.701324 -22.2107 3
      vertex 0.316483 -22.2438 4.2
      vertex 0.701324 -22.2107 4.2
    endloop
  endfacet
  facet normal -0.0856932 0.996322 0
    outer loop
      vertex 0.316483 -22.2438 4.2
      vertex 0.701324 -22.2107 3
      vertex 0.316483 -22.2438 3
    endloop
  endfacet
  facet normal 0.0587402 0.998273 -0
    outer loop
      vertex 0.316483 -22.2438 3
      vertex 0.0139771 -22.226 4.2
      vertex 0.316483 -22.2438 4.2
    endloop
  endfacet
  facet normal 0.0587402 0.998273 0
    outer loop
      vertex 0.0139771 -22.226 4.2
      vertex 0.316483 -22.2438 3
      vertex 0.0139771 -22.226 3
    endloop
  endfacet
  facet normal 0.186759 0.982406 -0
    outer loop
      vertex 0.0139771 -22.226 3
      vertex -0.266922 -22.1726 4.2
      vertex 0.0139771 -22.226 4.2
    endloop
  endfacet
  facet normal 0.186759 0.982406 0
    outer loop
      vertex -0.266922 -22.1726 4.2
      vertex 0.0139771 -22.226 3
      vertex -0.266922 -22.1726 3
    endloop
  endfacet
  facet normal 0.324599 0.945852 -0
    outer loop
      vertex -0.266922 -22.1726 3
      vertex -0.52626 -22.0836 4.2
      vertex -0.266922 -22.1726 4.2
    endloop
  endfacet
  facet normal 0.324599 0.945852 0
    outer loop
      vertex -0.52626 -22.0836 4.2
      vertex -0.266922 -22.1726 3
      vertex -0.52626 -22.0836 3
    endloop
  endfacet
  facet normal 0.464198 0.885731 -0
    outer loop
      vertex -0.52626 -22.0836 3
      vertex -0.764008 -21.959 4.2
      vertex -0.52626 -22.0836 4.2
    endloop
  endfacet
  facet normal 0.464198 0.885731 0
    outer loop
      vertex -0.764008 -21.959 4.2
      vertex -0.52626 -22.0836 3
      vertex -0.764008 -21.959 3
    endloop
  endfacet
  facet normal 0.59543 0.803407 -0
    outer loop
      vertex -0.764008 -21.959 3
      vertex -0.980164 -21.7988 4.2
      vertex -0.764008 -21.959 4.2
    endloop
  endfacet
  facet normal 0.59543 0.803407 0
    outer loop
      vertex -0.980164 -21.7988 4.2
      vertex -0.764008 -21.959 3
      vertex -0.980164 -21.7988 3
    endloop
  endfacet
  facet normal 0.70932 0.704886 0
    outer loop
      vertex -0.980164 -21.7988 4.2
      vertex -1.17474 -21.603 3
      vertex -1.17474 -21.603 4.2
    endloop
  endfacet
  facet normal 0.70932 0.704886 0
    outer loop
      vertex -1.17474 -21.603 3
      vertex -0.980164 -21.7988 4.2
      vertex -0.980164 -21.7988 3
    endloop
  endfacet
  facet normal 0.80064 0.599146 0
    outer loop
      vertex -1.17474 -21.603 4.2
      vertex -1.34319 -21.3779 3
      vertex -1.34319 -21.3779 4.2
    endloop
  endfacet
  facet normal 0.80064 0.599146 0
    outer loop
      vertex -1.34319 -21.3779 3
      vertex -1.17474 -21.603 4.2
      vertex -1.17474 -21.603 3
    endloop
  endfacet
  facet normal 0.874109 0.48573 0
    outer loop
      vertex -1.34319 -21.3779 4.2
      vertex -1.481 -21.1299 3
      vertex -1.481 -21.1299 4.2
    endloop
  endfacet
  facet normal 0.874109 0.48573 0
    outer loop
      vertex -1.481 -21.1299 3
      vertex -1.34319 -21.3779 4.2
      vertex -1.34319 -21.3779 3
    endloop
  endfacet
  facet normal 0.92989 0.367838 0
    outer loop
      vertex -1.481 -21.1299 4.2
      vertex -1.5882 -20.8589 3
      vertex -1.5882 -20.8589 4.2
    endloop
  endfacet
  facet normal 0.92989 0.367838 0
    outer loop
      vertex -1.5882 -20.8589 3
      vertex -1.481 -21.1299 4.2
      vertex -1.481 -21.1299 3
    endloop
  endfacet
  facet normal 0.967705 0.252084 0
    outer loop
      vertex -1.5882 -20.8589 4.2
      vertex -1.66476 -20.565 3
      vertex -1.66476 -20.565 4.2
    endloop
  endfacet
  facet normal 0.967705 0.252084 0
    outer loop
      vertex -1.66476 -20.565 3
      vertex -1.5882 -20.8589 4.2
      vertex -1.5882 -20.8589 3
    endloop
  endfacet
  facet normal 0.989644 0.143542 0
    outer loop
      vertex -1.66476 -20.565 4.2
      vertex -1.71071 -20.2482 3
      vertex -1.71071 -20.2482 4.2
    endloop
  endfacet
  facet normal 0.989644 0.143542 0
    outer loop
      vertex -1.71071 -20.2482 3
      vertex -1.66476 -20.565 4.2
      vertex -1.66476 -20.565 3
    endloop
  endfacet
  facet normal 0.998988 0.0449809 0
    outer loop
      vertex -1.71071 -20.2482 4.2
      vertex -1.72601 -19.9084 3
      vertex -1.72601 -19.9084 4.2
    endloop
  endfacet
  facet normal 0.998988 0.0449809 0
    outer loop
      vertex -1.72601 -19.9084 3
      vertex -1.71071 -20.2482 4.2
      vertex -1.71071 -20.2482 3
    endloop
  endfacet
  facet normal 0.999083 -0.0428137 0
    outer loop
      vertex -1.72601 -19.9084 4.2
      vertex -1.71132 -19.5656 3
      vertex -1.71132 -19.5656 4.2
    endloop
  endfacet
  facet normal 0.999083 -0.0428137 0
    outer loop
      vertex -1.71132 -19.5656 3
      vertex -1.72601 -19.9084 4.2
      vertex -1.72601 -19.9084 3
    endloop
  endfacet
  facet normal 0.990504 -0.137485 0
    outer loop
      vertex -1.71132 -19.5656 4.2
      vertex -1.66725 -19.2481 3
      vertex -1.66725 -19.2481 4.2
    endloop
  endfacet
  facet normal 0.990504 -0.137485 0
    outer loop
      vertex -1.66725 -19.2481 3
      vertex -1.71132 -19.5656 4.2
      vertex -1.71132 -19.5656 3
    endloop
  endfacet
  facet normal 0.969849 -0.243707 0
    outer loop
      vertex -1.66725 -19.2481 4.2
      vertex -1.5938 -18.9558 3
      vertex -1.5938 -18.9558 4.2
    endloop
  endfacet
  facet normal 0.969849 -0.243707 0
    outer loop
      vertex -1.5938 -18.9558 3
      vertex -1.66725 -19.2481 4.2
      vertex -1.66725 -19.2481 3
    endloop
  endfacet
  facet normal 0.933251 -0.359225 0
    outer loop
      vertex -1.5938 -18.9558 4.2
      vertex -1.49095 -18.6886 3
      vertex -1.49095 -18.6886 4.2
    endloop
  endfacet
  facet normal 0.933251 -0.359225 0
    outer loop
      vertex -1.49095 -18.6886 3
      vertex -1.5938 -18.9558 4.2
      vertex -1.5938 -18.9558 3
    endloop
  endfacet
  facet normal 0.877477 -0.479619 0
    outer loop
      vertex -1.49095 -18.6886 4.2
      vertex -1.35873 -18.4467 3
      vertex -1.35873 -18.4467 4.2
    endloop
  endfacet
  facet normal 0.877477 -0.479619 0
    outer loop
      vertex -1.35873 -18.4467 3
      vertex -1.49095 -18.6886 4.2
      vertex -1.49095 -18.6886 3
    endloop
  endfacet
  facet normal 0.801604 -0.597855 0
    outer loop
      vertex -1.35873 -18.4467 4.2
      vertex -1.19711 -18.23 3
      vertex -1.19711 -18.23 4.2
    endloop
  endfacet
  facet normal 0.801604 -0.597855 0
    outer loop
      vertex -1.19711 -18.23 3
      vertex -1.35873 -18.4467 4.2
      vertex -1.35873 -18.4467 3
    endloop
  endfacet
  facet normal 0.705295 -0.708914 0
    outer loop
      vertex -1.19711 -18.23 3
      vertex -1.00905 -18.0429 4.2
      vertex -1.19711 -18.23 4.2
    endloop
  endfacet
  facet normal 0.705295 -0.708914 0
    outer loop
      vertex -1.00905 -18.0429 4.2
      vertex -1.19711 -18.23 3
      vertex -1.00905 -18.0429 3
    endloop
  endfacet
  facet normal 0.586198 -0.810168 0
    outer loop
      vertex -1.00905 -18.0429 3
      vertex -0.797455 -17.8898 4.2
      vertex -1.00905 -18.0429 4.2
    endloop
  endfacet
  facet normal 0.586198 -0.810168 0
    outer loop
      vertex -0.797455 -17.8898 4.2
      vertex -1.00905 -18.0429 3
      vertex -0.797455 -17.8898 3
    endloop
  endfacet
  facet normal 0.451623 -0.892209 0
    outer loop
      vertex -0.797455 -17.8898 3
      vertex -0.562363 -17.7708 4.2
      vertex -0.797455 -17.8898 4.2
    endloop
  endfacet
  facet normal 0.451623 -0.892209 0
    outer loop
      vertex -0.562363 -17.7708 4.2
      vertex -0.797455 -17.8898 3
      vertex -0.562363 -17.7708 3
    endloop
  endfacet
  facet normal 0.312582 -0.949891 0
    outer loop
      vertex -0.562363 -17.7708 3
      vertex -0.303757 -17.6857 4.2
      vertex -0.562363 -17.7708 4.2
    endloop
  endfacet
  facet normal 0.312582 -0.949891 0
    outer loop
      vertex -0.303757 -17.6857 4.2
      vertex -0.562363 -17.7708 3
      vertex -0.303757 -17.6857 3
    endloop
  endfacet
  facet normal 0.177891 -0.98405 0
    outer loop
      vertex -0.303757 -17.6857 3
      vertex -0.021637 -17.6347 4.2
      vertex -0.303757 -17.6857 4.2
    endloop
  endfacet
  facet normal 0.177891 -0.98405 0
    outer loop
      vertex -0.021637 -17.6347 4.2
      vertex -0.303757 -17.6857 3
      vertex -0.021637 -17.6347 3
    endloop
  endfacet
  facet normal 0.0555419 -0.998456 0
    outer loop
      vertex -0.021637 -17.6347 3
      vertex 0.283966 -17.6177 4.2
      vertex -0.021637 -17.6347 4.2
    endloop
  endfacet
  facet normal 0.0555419 -0.998456 0
    outer loop
      vertex 0.283966 -17.6177 4.2
      vertex -0.021637 -17.6347 3
      vertex 0.283966 -17.6177 3
    endloop
  endfacet
  facet normal -0.0369377 -0.999318 0
    outer loop
      vertex 0.283966 -17.6177 3
      vertex 0.481461 -17.625 4.2
      vertex 0.283966 -17.6177 4.2
    endloop
  endfacet
  facet normal -0.0369377 -0.999318 -0
    outer loop
      vertex 0.481461 -17.625 4.2
      vertex 0.283966 -17.6177 3
      vertex 0.481461 -17.625 3
    endloop
  endfacet
  facet normal -0.116533 -0.993187 0
    outer loop
      vertex 0.481461 -17.625 3
      vertex 0.669815 -17.6471 4.2
      vertex 0.481461 -17.625 4.2
    endloop
  endfacet
  facet normal -0.116533 -0.993187 -0
    outer loop
      vertex 0.669815 -17.6471 4.2
      vertex 0.481461 -17.625 3
      vertex 0.669815 -17.6471 3
    endloop
  endfacet
  facet normal -0.200652 -0.979663 0
    outer loop
      vertex 0.669815 -17.6471 3
      vertex 0.848999 -17.6838 4.2
      vertex 0.669815 -17.6471 4.2
    endloop
  endfacet
  facet normal -0.200652 -0.979663 -0
    outer loop
      vertex 0.848999 -17.6838 4.2
      vertex 0.669815 -17.6471 3
      vertex 0.848999 -17.6838 3
    endloop
  endfacet
  facet normal -0.289365 -0.957219 0
    outer loop
      vertex 0.848999 -17.6838 3
      vertex 1.01903 -17.7352 4.2
      vertex 0.848999 -17.6838 4.2
    endloop
  endfacet
  facet normal -0.289365 -0.957219 -0
    outer loop
      vertex 1.01903 -17.7352 4.2
      vertex 0.848999 -17.6838 3
      vertex 1.01903 -17.7352 3
    endloop
  endfacet
  facet normal -0.380059 -0.924962 0
    outer loop
      vertex 1.01903 -17.7352 3
      vertex 1.1799 -17.8013 4.2
      vertex 1.01903 -17.7352 4.2
    endloop
  endfacet
  facet normal -0.380059 -0.924962 -0
    outer loop
      vertex 1.1799 -17.8013 4.2
      vertex 1.01903 -17.7352 3
      vertex 1.1799 -17.8013 3
    endloop
  endfacet
  facet normal -0.47051 -0.882395 0
    outer loop
      vertex 1.1799 -17.8013 3
      vertex 1.33162 -17.8822 4.2
      vertex 1.1799 -17.8013 4.2
    endloop
  endfacet
  facet normal -0.47051 -0.882395 -0
    outer loop
      vertex 1.33162 -17.8822 4.2
      vertex 1.1799 -17.8013 3
      vertex 1.33162 -17.8822 3
    endloop
  endfacet
  facet normal -0.559079 -0.829114 0
    outer loop
      vertex 1.33162 -17.8822 3
      vertex 1.47206 -17.9769 4.2
      vertex 1.33162 -17.8822 4.2
    endloop
  endfacet
  facet normal -0.559079 -0.829114 -0
    outer loop
      vertex 1.47206 -17.9769 4.2
      vertex 1.33162 -17.8822 3
      vertex 1.47206 -17.9769 3
    endloop
  endfacet
  facet normal -0.647185 -0.762333 0
    outer loop
      vertex 1.47206 -17.9769 3
      vertex 1.59904 -18.0847 4.2
      vertex 1.47206 -17.9769 4.2
    endloop
  endfacet
  facet normal -0.647185 -0.762333 -0
    outer loop
      vertex 1.59904 -18.0847 4.2
      vertex 1.47206 -17.9769 3
      vertex 1.59904 -18.0847 3
    endloop
  endfacet
  facet normal -0.728916 -0.684603 0
    outer loop
      vertex 1.71259 -18.2056 3
      vertex 1.59904 -18.0847 4.2
      vertex 1.59904 -18.0847 3
    endloop
  endfacet
  facet normal -0.728916 -0.684603 0
    outer loop
      vertex 1.59904 -18.0847 4.2
      vertex 1.71259 -18.2056 3
      vertex 1.71259 -18.2056 4.2
    endloop
  endfacet
  facet normal -0.801204 -0.598392 0
    outer loop
      vertex 1.81267 -18.3396 3
      vertex 1.71259 -18.2056 4.2
      vertex 1.71259 -18.2056 3
    endloop
  endfacet
  facet normal -0.801204 -0.598392 0
    outer loop
      vertex 1.71259 -18.2056 4.2
      vertex 1.81267 -18.3396 3
      vertex 1.81267 -18.3396 4.2
    endloop
  endfacet
  facet normal -0.861802 -0.507245 0
    outer loop
      vertex 1.89931 -18.4868 3
      vertex 1.81267 -18.3396 4.2
      vertex 1.81267 -18.3396 3
    endloop
  endfacet
  facet normal -0.861802 -0.507245 0
    outer loop
      vertex 1.81267 -18.3396 4.2
      vertex 1.89931 -18.4868 3
      vertex 1.89931 -18.4868 4.2
    endloop
  endfacet
  facet normal -0.909591 -0.415505 0
    outer loop
      vertex 1.97249 -18.647 3
      vertex 1.89931 -18.4868 4.2
      vertex 1.89931 -18.4868 3
    endloop
  endfacet
  facet normal -0.909591 -0.415505 0
    outer loop
      vertex 1.89931 -18.4868 4.2
      vertex 1.97249 -18.647 3
      vertex 1.97249 -18.647 4.2
    endloop
  endfacet
  facet normal 0.314514 -0.949253 0
    outer loop
      vertex 1.97249 -18.647 3
      vertex 2.70892 -18.403 4.2
      vertex 1.97249 -18.647 4.2
    endloop
  endfacet
  facet normal 0.314514 -0.949253 0
    outer loop
      vertex 2.70892 -18.403 4.2
      vertex 1.97249 -18.647 3
      vertex 2.70892 -18.403 3
    endloop
  endfacet
  facet normal 0.905746 0.423821 0
    outer loop
      vertex 2.70892 -18.403 4.2
      vertex 2.60359 -18.1779 3
      vertex 2.60359 -18.1779 4.2
    endloop
  endfacet
  facet normal 0.905746 0.423821 0
    outer loop
      vertex 2.60359 -18.1779 3
      vertex 2.70892 -18.403 4.2
      vertex 2.70892 -18.403 3
    endloop
  endfacet
  facet normal 0.857585 0.514343 0
    outer loop
      vertex 2.60359 -18.1779 4.2
      vertex 2.48016 -17.9721 3
      vertex 2.48016 -17.9721 4.2
    endloop
  endfacet
  facet normal 0.857585 0.514343 0
    outer loop
      vertex 2.48016 -17.9721 3
      vertex 2.60359 -18.1779 4.2
      vertex 2.60359 -18.1779 3
    endloop
  endfacet
  facet normal 0.796791 0.604255 0
    outer loop
      vertex 2.48016 -17.9721 4.2
      vertex 2.33865 -17.7855 3
      vertex 2.33865 -17.7855 4.2
    endloop
  endfacet
  facet normal 0.796791 0.604255 0
    outer loop
      vertex 2.33865 -17.7855 3
      vertex 2.48016 -17.9721 4.2
      vertex 2.48016 -17.9721 3
    endloop
  endfacet
  facet normal 0.723789 0.690021 0
    outer loop
      vertex 2.33865 -17.7855 4.2
      vertex 2.17906 -17.6181 3
      vertex 2.17906 -17.6181 4.2
    endloop
  endfacet
  facet normal 0.723789 0.690021 0
    outer loop
      vertex 2.17906 -17.6181 3
      vertex 2.33865 -17.7855 4.2
      vertex 2.33865 -17.7855 3
    endloop
  endfacet
  facet normal 0.640291 0.768133 -0
    outer loop
      vertex 2.17906 -17.6181 3
      vertex 2.00139 -17.47 4.2
      vertex 2.17906 -17.6181 4.2
    endloop
  endfacet
  facet normal 0.640291 0.768133 0
    outer loop
      vertex 2.00139 -17.47 4.2
      vertex 2.17906 -17.6181 3
      vertex 2.00139 -17.47 3
    endloop
  endfacet
  facet normal 0.550243 0.835005 -0
    outer loop
      vertex 2.00139 -17.47 3
      vertex 1.80563 -17.341 4.2
      vertex 2.00139 -17.47 4.2
    endloop
  endfacet
  facet normal 0.550243 0.835005 0
    outer loop
      vertex 1.80563 -17.341 4.2
      vertex 2.00139 -17.47 3
      vertex 1.80563 -17.341 3
    endloop
  endfacet
  facet normal 0.456622 0.889661 -0
    outer loop
      vertex 1.80563 -17.341 3
      vertex 1.59248 -17.2316 4.2
      vertex 1.80563 -17.341 4.2
    endloop
  endfacet
  facet normal 0.456622 0.889661 0
    outer loop
      vertex 1.59248 -17.2316 4.2
      vertex 1.80563 -17.341 3
      vertex 1.59248 -17.2316 3
    endloop
  endfacet
  facet normal 0.36282 0.931859 -0
    outer loop
      vertex 1.59248 -17.2316 3
      vertex 1.36261 -17.1421 4.2
      vertex 1.59248 -17.2316 4.2
    endloop
  endfacet
  facet normal 0.36282 0.931859 0
    outer loop
      vertex 1.36261 -17.1421 4.2
      vertex 1.59248 -17.2316 3
      vertex 1.36261 -17.1421 3
    endloop
  endfacet
  facet normal 0.271617 0.962405 -0
    outer loop
      vertex 1.36261 -17.1421 3
      vertex 1.116 -17.0725 4.2
      vertex 1.36261 -17.1421 4.2
    endloop
  endfacet
  facet normal 0.271617 0.962405 0
    outer loop
      vertex 1.116 -17.0725 4.2
      vertex 1.36261 -17.1421 3
      vertex 1.116 -17.0725 3
    endloop
  endfacet
  facet normal 0.185816 0.982584 -0
    outer loop
      vertex 1.116 -17.0725 3
      vertex 0.852661 -17.0227 4.2
      vertex 1.116 -17.0725 4.2
    endloop
  endfacet
  facet normal 0.185816 0.982584 0
    outer loop
      vertex 0.852661 -17.0227 4.2
      vertex 1.116 -17.0725 3
      vertex 0.852661 -17.0227 3
    endloop
  endfacet
  facet normal 0.105808 0.994387 -0
    outer loop
      vertex 0.852661 -17.0227 3
      vertex 0.572601 -16.9929 4.2
      vertex 0.852661 -17.0227 4.2
    endloop
  endfacet
  facet normal 0.105808 0.994387 0
    outer loop
      vertex 0.572601 -16.9929 4.2
      vertex 0.852661 -17.0227 3
      vertex 0.572601 -16.9929 3
    endloop
  endfacet
  facet normal 0.0336738 0.999433 -0
    outer loop
      vertex 0.572601 -16.9929 3
      vertex 0.275803 -16.9829 4.2
      vertex 0.572601 -16.9929 4.2
    endloop
  endfacet
  facet normal 0.0336738 0.999433 0
    outer loop
      vertex 0.275803 -16.9829 4.2
      vertex 0.572601 -16.9929 3
      vertex 0.275803 -16.9829 3
    endloop
  endfacet
  facet normal -0.0512531 0.998686 0
    outer loop
      vertex 0.275803 -16.9829 3
      vertex -0.145081 -17.0045 4.2
      vertex 0.275803 -16.9829 4.2
    endloop
  endfacet
  facet normal -0.0512531 0.998686 0
    outer loop
      vertex -0.145081 -17.0045 4.2
      vertex 0.275803 -16.9829 3
      vertex -0.145081 -17.0045 3
    endloop
  endfacet
  facet normal -0.164214 0.986425 0
    outer loop
      vertex -0.145081 -17.0045 3
      vertex -0.534332 -17.0693 4.2
      vertex -0.145081 -17.0045 4.2
    endloop
  endfacet
  facet normal -0.164214 0.986425 0
    outer loop
      vertex -0.534332 -17.0693 4.2
      vertex -0.145081 -17.0045 3
      vertex -0.534332 -17.0693 3
    endloop
  endfacet
  facet normal -0.288878 0.957366 0
    outer loop
      vertex -0.534332 -17.0693 3
      vertex -0.891922 -17.1772 4.2
      vertex -0.534332 -17.0693 4.2
    endloop
  endfacet
  facet normal -0.288878 0.957366 0
    outer loop
      vertex -0.891922 -17.1772 4.2
      vertex -0.534332 -17.0693 3
      vertex -0.891922 -17.1772 3
    endloop
  endfacet
  facet normal -0.420567 0.907261 0
    outer loop
      vertex -0.891922 -17.1772 3
      vertex -1.21788 -17.3283 4.2
      vertex -0.891922 -17.1772 4.2
    endloop
  endfacet
  facet normal -0.420567 0.907261 0
    outer loop
      vertex -1.21788 -17.3283 4.2
      vertex -0.891922 -17.1772 3
      vertex -1.21788 -17.3283 3
    endloop
  endfacet
  facet normal -0.550952 0.834537 0
    outer loop
      vertex -1.21788 -17.3283 3
      vertex -1.51219 -17.5226 4.2
      vertex -1.21788 -17.3283 4.2
    endloop
  endfacet
  facet normal -0.550952 0.834537 0
    outer loop
      vertex -1.51219 -17.5226 4.2
      vertex -1.21788 -17.3283 3
      vertex -1.51219 -17.5226 3
    endloop
  endfacet
  facet normal -0.670674 0.741752 0
    outer loop
      vertex -1.51219 -17.5226 3
      vertex -1.77486 -17.7601 4.2
      vertex -1.51219 -17.5226 4.2
    endloop
  endfacet
  facet normal -0.670674 0.741752 0
    outer loop
      vertex -1.77486 -17.7601 4.2
      vertex -1.51219 -17.5226 3
      vertex -1.77486 -17.7601 3
    endloop
  endfacet
  facet normal -0.7728 0.63465 0
    outer loop
      vertex -2.00111 -18.0356 3
      vertex -1.77486 -17.7601 4.2
      vertex -1.77486 -17.7601 3
    endloop
  endfacet
  facet normal -0.7728 0.63465 0
    outer loop
      vertex -1.77486 -17.7601 4.2
      vertex -2.00111 -18.0356 3
      vertex -2.00111 -18.0356 4.2
    endloop
  endfacet
  facet normal -0.857481 0.514516 0
    outer loop
      vertex -2.18622 -18.3441 3
      vertex -2.00111 -18.0356 4.2
      vertex -2.00111 -18.0356 3
    endloop
  endfacet
  facet normal -0.857481 0.514516 0
    outer loop
      vertex -2.00111 -18.0356 4.2
      vertex -2.18622 -18.3441 3
      vertex -2.18622 -18.3441 4.2
    endloop
  endfacet
  facet normal -0.921492 0.388397 0
    outer loop
      vertex -2.3302 -18.6857 3
      vertex -2.18622 -18.3441 4.2
      vertex -2.18622 -18.3441 3
    endloop
  endfacet
  facet normal -0.921492 0.388397 0
    outer loop
      vertex -2.18622 -18.3441 4.2
      vertex -2.3302 -18.6857 3
      vertex -2.3302 -18.6857 4.2
    endloop
  endfacet
  facet normal -0.964302 0.264803 0
    outer loop
      vertex -2.43304 -19.0602 3
      vertex -2.3302 -18.6857 4.2
      vertex -2.3302 -18.6857 3
    endloop
  endfacet
  facet normal -0.964302 0.264803 0
    outer loop
      vertex -2.3302 -18.6857 4.2
      vertex -2.43304 -19.0602 3
      vertex -2.43304 -19.0602 4.2
    endloop
  endfacet
  facet normal -0.988733 0.149693 0
    outer loop
      vertex -2.49475 -19.4678 3
      vertex -2.43304 -19.0602 4.2
      vertex -2.43304 -19.0602 3
    endloop
  endfacet
  facet normal -0.988733 0.149693 0
    outer loop
      vertex -2.43304 -19.0602 4.2
      vertex -2.49475 -19.4678 3
      vertex -2.49475 -19.4678 4.2
    endloop
  endfacet
  facet normal -0.998912 0.0466355 0
    outer loop
      vertex -2.51532 -19.9084 3
      vertex -2.49475 -19.4678 4.2
      vertex -2.49475 -19.4678 3
    endloop
  endfacet
  facet normal -0.998912 0.0466355 0
    outer loop
      vertex -2.49475 -19.4678 4.2
      vertex -2.51532 -19.9084 3
      vertex -2.51532 -19.9084 4.2
    endloop
  endfacet
  facet normal -0.999523 -0.0308937 0
    outer loop
      vertex -2.5061 -20.2067 3
      vertex -2.51532 -19.9084 4.2
      vertex -2.51532 -19.9084 3
    endloop
  endfacet
  facet normal -0.999523 -0.0308937 0
    outer loop
      vertex -2.51532 -19.9084 4.2
      vertex -2.5061 -20.2067 3
      vertex -2.5061 -20.2067 4.2
    endloop
  endfacet
  facet normal -0.995327 -0.09656 0
    outer loop
      vertex -2.47849 -20.4913 3
      vertex -2.5061 -20.2067 4.2
      vertex -2.5061 -20.2067 3
    endloop
  endfacet
  facet normal -0.995327 -0.09656 0
    outer loop
      vertex -2.5061 -20.2067 4.2
      vertex -2.47849 -20.4913 3
      vertex -2.47849 -20.4913 4.2
    endloop
  endfacet
  facet normal -0.985862 -0.16756 0
    outer loop
      vertex -2.43243 -20.7623 3
      vertex -2.47849 -20.4913 4.2
      vertex -2.47849 -20.4913 3
    endloop
  endfacet
  facet normal -0.985862 -0.16756 0
    outer loop
      vertex -2.47849 -20.4913 4.2
      vertex -2.43243 -20.7623 3
      vertex -2.43243 -20.7623 4.2
    endloop
  endfacet
  facet normal -0.970023 -0.243015 0
    outer loop
      vertex -2.36797 -21.0196 3
      vertex -2.43243 -20.7623 4.2
      vertex -2.43243 -20.7623 3
    endloop
  endfacet
  facet normal -0.970023 -0.243015 0
    outer loop
      vertex -2.43243 -20.7623 4.2
      vertex -2.36797 -21.0196 3
      vertex -2.36797 -21.0196 4.2
    endloop
  endfacet
  facet normal -0.946671 -0.322202 0
    outer loop
      vertex -2.28506 -21.2632 3
      vertex -2.36797 -21.0196 4.2
      vertex -2.36797 -21.0196 3
    endloop
  endfacet
  facet normal -0.946671 -0.322202 0
    outer loop
      vertex -2.36797 -21.0196 4.2
      vertex -2.28506 -21.2632 3
      vertex -2.28506 -21.2632 4.2
    endloop
  endfacet
  facet normal -0.915104 -0.403219 0
    outer loop
      vertex -2.18376 -21.4931 3
      vertex -2.28506 -21.2632 4.2
      vertex -2.28506 -21.2632 3
    endloop
  endfacet
  facet normal -0.915104 -0.403219 0
    outer loop
      vertex -2.28506 -21.2632 4.2
      vertex -2.18376 -21.4931 3
      vertex -2.18376 -21.4931 4.2
    endloop
  endfacet
  facet normal -0.874601 -0.484843 0
    outer loop
      vertex -2.06485 -21.7076 3
      vertex -2.18376 -21.4931 4.2
      vertex -2.18376 -21.4931 3
    endloop
  endfacet
  facet normal -0.874601 -0.484843 0
    outer loop
      vertex -2.18376 -21.4931 4.2
      vertex -2.06485 -21.7076 3
      vertex -2.06485 -21.7076 4.2
    endloop
  endfacet
  facet normal -0.824222 -0.566267 0
    outer loop
      vertex -1.92923 -21.905 3
      vertex -2.06485 -21.7076 4.2
      vertex -2.06485 -21.7076 3
    endloop
  endfacet
  facet normal -0.824222 -0.566267 0
    outer loop
      vertex -2.06485 -21.7076 4.2
      vertex -1.92923 -21.905 3
      vertex -1.92923 -21.905 4.2
    endloop
  endfacet
  facet normal -0.763454 -0.645862 0
    outer loop
      vertex -1.77687 -22.0851 3
      vertex -1.92923 -21.905 4.2
      vertex -1.92923 -21.905 3
    endloop
  endfacet
  facet normal -0.763454 -0.645862 0
    outer loop
      vertex -1.92923 -21.905 4.2
      vertex -1.77687 -22.0851 3
      vertex -1.77687 -22.0851 4.2
    endloop
  endfacet
  facet normal -0.694044 -0.719932 0
    outer loop
      vertex -1.77687 -22.0851 3
      vertex -1.60779 -22.2481 4.2
      vertex -1.77687 -22.0851 4.2
    endloop
  endfacet
  facet normal -0.694044 -0.719932 -0
    outer loop
      vertex -1.60779 -22.2481 4.2
      vertex -1.77687 -22.0851 3
      vertex -1.60779 -22.2481 3
    endloop
  endfacet
  facet normal -0.617315 -0.786716 0
    outer loop
      vertex -1.60779 -22.2481 3
      vertex -1.42198 -22.3939 4.2
      vertex -1.60779 -22.2481 4.2
    endloop
  endfacet
  facet normal -0.617315 -0.786716 -0
    outer loop
      vertex -1.42198 -22.3939 4.2
      vertex -1.60779 -22.2481 3
      vertex -1.42198 -22.3939 3
    endloop
  endfacet
  facet normal -0.536018 -0.844207 0
    outer loop
      vertex -1.42198 -22.3939 3
      vertex -1.21944 -22.5225 4.2
      vertex -1.42198 -22.3939 4.2
    endloop
  endfacet
  facet normal -0.536018 -0.844207 -0
    outer loop
      vertex -1.21944 -22.5225 4.2
      vertex -1.42198 -22.3939 3
      vertex -1.21944 -22.5225 3
    endloop
  endfacet
  facet normal -0.451804 -0.892117 0
    outer loop
      vertex -1.21944 -22.5225 3
      vertex -1.00204 -22.6326 4.2
      vertex -1.21944 -22.5225 4.2
    endloop
  endfacet
  facet normal -0.451804 -0.892117 -0
    outer loop
      vertex -1.00204 -22.6326 4.2
      vertex -1.21944 -22.5225 3
      vertex -1.00204 -22.6326 3
    endloop
  endfacet
  facet normal -0.363867 -0.931451 0
    outer loop
      vertex -1.00204 -22.6326 3
      vertex -0.771652 -22.7226 4.2
      vertex -1.00204 -22.6326 4.2
    endloop
  endfacet
  facet normal -0.363867 -0.931451 -0
    outer loop
      vertex -0.771652 -22.7226 4.2
      vertex -1.00204 -22.6326 3
      vertex -0.771652 -22.7226 3
    endloop
  endfacet
  facet normal -0.276397 -0.961044 0
    outer loop
      vertex -0.771652 -22.7226 3
      vertex -0.528259 -22.7926 4.2
      vertex -0.771652 -22.7226 4.2
    endloop
  endfacet
  facet normal -0.276397 -0.961044 -0
    outer loop
      vertex -0.528259 -22.7926 4.2
      vertex -0.771652 -22.7226 3
      vertex -0.528259 -22.7926 3
    endloop
  endfacet
  facet normal -0.191407 -0.981511 0
    outer loop
      vertex -0.528259 -22.7926 3
      vertex -0.271866 -22.8426 4.2
      vertex -0.528259 -22.7926 4.2
    endloop
  endfacet
  facet normal -0.191407 -0.981511 -0
    outer loop
      vertex -0.271866 -22.8426 4.2
      vertex -0.528259 -22.7926 3
      vertex -0.271866 -22.8426 3
    endloop
  endfacet
  facet normal -0.110683 -0.993856 0
    outer loop
      vertex -0.271866 -22.8426 3
      vertex -0.00248718 -22.8726 4.2
      vertex -0.271866 -22.8426 4.2
    endloop
  endfacet
  facet normal -0.110683 -0.993856 -0
    outer loop
      vertex -0.00248718 -22.8726 4.2
      vertex -0.271866 -22.8426 3
      vertex -0.00248718 -22.8726 3
    endloop
  endfacet
  facet normal -0.0353912 -0.999374 0
    outer loop
      vertex -0.00248718 -22.8726 3
      vertex 0.279892 -22.8826 4.2
      vertex -0.00248718 -22.8726 4.2
    endloop
  endfacet
  facet normal -0.0353912 -0.999374 -0
    outer loop
      vertex 0.279892 -22.8826 4.2
      vertex -0.00248718 -22.8726 3
      vertex 0.279892 -22.8826 3
    endloop
  endfacet
  facet normal 0.0386856 -0.999251 0
    outer loop
      vertex 0.279892 -22.8826 3
      vertex 0.556274 -22.8719 4.2
      vertex 0.279892 -22.8826 4.2
    endloop
  endfacet
  facet normal 0.0386856 -0.999251 0
    outer loop
      vertex 0.556274 -22.8719 4.2
      vertex 0.279892 -22.8826 3
      vertex 0.556274 -22.8719 3
    endloop
  endfacet
  facet normal 0 -1 0
    outer loop
      vertex -6.90581 -20.5675 3
      vertex -5.22136 -20.5675 4.2
      vertex -6.90581 -20.5675 4.2
    endloop
  endfacet
  facet normal 0 -1 -0
    outer loop
      vertex -5.22136 -20.5675 4.2
      vertex -6.90581 -20.5675 3
      vertex -5.22136 -20.5675 3
    endloop
  endfacet
  facet normal 0.0453103 -0.998973 0
    outer loop
      vertex -5.22136 -20.5675 3
      vertex -4.92813 -20.5542 4.2
      vertex -5.22136 -20.5675 4.2
    endloop
  endfacet
  facet normal 0.0453103 -0.998973 0
    outer loop
      vertex -4.92813 -20.5542 4.2
      vertex -5.22136 -20.5675 3
      vertex -4.92813 -20.5542 3
    endloop
  endfacet
  facet normal 0.145447 -0.989366 0
    outer loop
      vertex -4.92813 -20.5542 3
      vertex -4.65604 -20.5142 4.2
      vertex -4.92813 -20.5542 4.2
    endloop
  endfacet
  facet normal 0.145447 -0.989366 0
    outer loop
      vertex -4.65604 -20.5142 4.2
      vertex -4.92813 -20.5542 3
      vertex -4.65604 -20.5142 3
    endloop
  endfacet
  facet normal 0.256862 -0.966448 0
    outer loop
      vertex -4.65604 -20.5142 3
      vertex -4.40508 -20.4475 4.2
      vertex -4.65604 -20.5142 4.2
    endloop
  endfacet
  facet normal 0.256862 -0.966448 0
    outer loop
      vertex -4.40508 -20.4475 4.2
      vertex -4.65604 -20.5142 3
      vertex -4.40508 -20.4475 3
    endloop
  endfacet
  facet normal 0.3765 -0.926416 0
    outer loop
      vertex -4.40508 -20.4475 3
      vertex -4.17526 -20.3541 4.2
      vertex -4.40508 -20.4475 4.2
    endloop
  endfacet
  facet normal 0.3765 -0.926416 0
    outer loop
      vertex -4.17526 -20.3541 4.2
      vertex -4.40508 -20.4475 3
      vertex -4.17526 -20.3541 3
    endloop
  endfacet
  facet normal 0.498481 -0.8669 0
    outer loop
      vertex -4.17526 -20.3541 3
      vertex -3.96657 -20.2341 4.2
      vertex -4.17526 -20.3541 4.2
    endloop
  endfacet
  facet normal 0.498481 -0.8669 0
    outer loop
      vertex -3.96657 -20.2341 4.2
      vertex -4.17526 -20.3541 3
      vertex -3.96657 -20.2341 3
    endloop
  endfacet
  facet normal 0.616104 -0.787664 0
    outer loop
      vertex -3.96657 -20.2341 3
      vertex -3.77902 -20.0874 4.2
      vertex -3.96657 -20.2341 4.2
    endloop
  endfacet
  facet normal 0.616104 -0.787664 0
    outer loop
      vertex -3.77902 -20.0874 4.2
      vertex -3.96657 -20.2341 3
      vertex -3.77902 -20.0874 3
    endloop
  endfacet
  facet normal 0.722001 -0.691892 0
    outer loop
      vertex -3.77902 -20.0874 4.2
      vertex -3.61678 -19.9181 3
      vertex -3.61678 -19.9181 4.2
    endloop
  endfacet
  facet normal 0.722001 -0.691892 0
    outer loop
      vertex -3.61678 -19.9181 3
      vertex -3.77902 -20.0874 4.2
      vertex -3.77902 -20.0874 3
    endloop
  endfacet
  facet normal 0.816568 -0.57725 0
    outer loop
      vertex -3.61678 -19.9181 4.2
      vertex -3.48402 -19.7303 3
      vertex -3.48402 -19.7303 4.2
    endloop
  endfacet
  facet normal 0.816568 -0.57725 0
    outer loop
      vertex -3.48402 -19.7303 3
      vertex -3.61678 -19.9181 4.2
      vertex -3.61678 -19.9181 3
    endloop
  endfacet
  facet normal 0.894358 -0.447352 0
    outer loop
      vertex -3.48402 -19.7303 4.2
      vertex -3.38078 -19.5239 3
      vertex -3.38078 -19.5239 4.2
    endloop
  endfacet
  facet normal 0.894358 -0.447352 0
    outer loop
      vertex -3.38078 -19.5239 3
      vertex -3.48402 -19.7303 4.2
      vertex -3.48402 -19.7303 3
    endloop
  endfacet
  facet normal 0.950202 -0.311636 0
    outer loop
      vertex -3.38078 -19.5239 4.2
      vertex -3.30702 -19.299 3
      vertex -3.30702 -19.299 4.2
    endloop
  endfacet
  facet normal 0.950202 -0.311636 0
    outer loop
      vertex -3.30702 -19.299 3
      vertex -3.38078 -19.5239 4.2
      vertex -3.38078 -19.5239 3
    endloop
  endfacet
  facet normal 0.983886 -0.178797 0
    outer loop
      vertex -3.30702 -19.299 4.2
      vertex -3.26277 -19.0555 3
      vertex -3.26277 -19.0555 4.2
    endloop
  endfacet
  facet normal 0.983886 -0.178797 0
    outer loop
      vertex -3.26277 -19.0555 3
      vertex -3.30702 -19.299 4.2
      vertex -3.30702 -19.299 3
    endloop
  endfacet
  facet normal 0.99842 -0.0561921 0
    outer loop
      vertex -3.26277 -19.0555 4.2
      vertex -3.24803 -18.7936 3
      vertex -3.24803 -18.7936 4.2
    endloop
  endfacet
  facet normal 0.99842 -0.0561921 0
    outer loop
      vertex -3.24803 -18.7936 3
      vertex -3.26277 -19.0555 4.2
      vertex -3.26277 -19.0555 3
    endloop
  endfacet
  facet normal 0.99845 0.0556588 0
    outer loop
      vertex -3.24803 -18.7936 4.2
      vertex -3.26273 -18.5299 3
      vertex -3.26273 -18.5299 4.2
    endloop
  endfacet
  facet normal 0.99845 0.0556588 0
    outer loop
      vertex -3.26273 -18.5299 3
      vertex -3.24803 -18.7936 4.2
      vertex -3.24803 -18.7936 3
    endloop
  endfacet
  facet normal 0.983969 0.178337 0
    outer loop
      vertex -3.26273 -18.5299 4.2
      vertex -3.30679 -18.2868 3
      vertex -3.30679 -18.2868 4.2
    endloop
  endfacet
  facet normal 0.983969 0.178337 0
    outer loop
      vertex -3.30679 -18.2868 3
      vertex -3.26273 -18.5299 4.2
      vertex -3.26273 -18.5299 3
    endloop
  endfacet
  facet normal 0.949613 0.313424 0
    outer loop
      vertex -3.30679 -18.2868 4.2
      vertex -3.38026 -18.0642 3
      vertex -3.38026 -18.0642 4.2
    endloop
  endfacet
  facet normal 0.949613 0.313424 0
    outer loop
      vertex -3.38026 -18.0642 3
      vertex -3.30679 -18.2868 4.2
      vertex -3.30679 -18.2868 3
    endloop
  endfacet
  facet normal 0.89103 0.453944 0
    outer loop
      vertex -3.38026 -18.0642 4.2
      vertex -3.48312 -17.8623 3
      vertex -3.48312 -17.8623 4.2
    endloop
  endfacet
  facet normal 0.89103 0.453944 0
    outer loop
      vertex -3.48312 -17.8623 3
      vertex -3.38026 -18.0642 4.2
      vertex -3.38026 -18.0642 3
    endloop
  endfacet
  facet normal 0.808073 0.589082 0
    outer loop
      vertex -3.48312 -17.8623 4.2
      vertex -3.61536 -17.6809 3
      vertex -3.61536 -17.6809 4.2
    endloop
  endfacet
  facet normal 0.808073 0.589082 0
    outer loop
      vertex -3.61536 -17.6809 3
      vertex -3.48312 -17.8623 4.2
      vertex -3.48312 -17.8623 3
    endloop
  endfacet
  facet normal 0.705284 0.708925 -0
    outer loop
      vertex -3.61536 -17.6809 3
      vertex -3.77699 -17.5201 4.2
      vertex -3.61536 -17.6809 4.2
    endloop
  endfacet
  facet normal 0.705284 0.708925 0
    outer loop
      vertex -3.77699 -17.5201 4.2
      vertex -3.61536 -17.6809 3
      vertex -3.77699 -17.5201 3
    endloop
  endfacet
  facet normal 0.591217 0.806513 -0
    outer loop
      vertex -3.77699 -17.5201 3
      vertex -3.96538 -17.382 4.2
      vertex -3.77699 -17.5201 4.2
    endloop
  endfacet
  facet normal 0.591217 0.806513 0
    outer loop
      vertex -3.96538 -17.382 4.2
      vertex -3.77699 -17.5201 3
      vertex -3.96538 -17.382 3
    endloop
  endfacet
  facet normal 0.469048 0.883173 -0
    outer loop
      vertex -3.96538 -17.382 3
      vertex -4.17796 -17.2691 4.2
      vertex -3.96538 -17.382 4.2
    endloop
  endfacet
  facet normal 0.469048 0.883173 0
    outer loop
      vertex -4.17796 -17.2691 4.2
      vertex -3.96538 -17.382 3
      vertex -4.17796 -17.2691 3
    endloop
  endfacet
  facet normal 0.347688 0.93761 -0
    outer loop
      vertex -4.17796 -17.2691 3
      vertex -4.41473 -17.1813 4.2
      vertex -4.17796 -17.2691 4.2
    endloop
  endfacet
  facet normal 0.347688 0.93761 0
    outer loop
      vertex -4.41473 -17.1813 4.2
      vertex -4.17796 -17.2691 3
      vertex -4.41473 -17.1813 3
    endloop
  endfacet
  facet normal 0.23361 0.97233 -0
    outer loop
      vertex -4.41473 -17.1813 3
      vertex -4.6757 -17.1186 4.2
      vertex -4.41473 -17.1813 4.2
    endloop
  endfacet
  facet normal 0.23361 0.97233 0
    outer loop
      vertex -4.6757 -17.1186 4.2
      vertex -4.41473 -17.1813 3
      vertex -4.6757 -17.1186 3
    endloop
  endfacet
  facet normal 0.131066 0.991374 -0
    outer loop
      vertex -4.6757 -17.1186 3
      vertex -4.96086 -17.0809 4.2
      vertex -4.6757 -17.1186 4.2
    endloop
  endfacet
  facet normal 0.131066 0.991374 0
    outer loop
      vertex -4.96086 -17.0809 4.2
      vertex -4.6757 -17.1186 3
      vertex -4.96086 -17.0809 3
    endloop
  endfacet
  facet normal 0.0403757 0.999185 -0
    outer loop
      vertex -4.96086 -17.0809 3
      vertex -5.2702 -17.0684 4.2
      vertex -4.96086 -17.0809 4.2
    endloop
  endfacet
  facet normal 0.0403757 0.999185 0
    outer loop
      vertex -5.2702 -17.0684 4.2
      vertex -4.96086 -17.0809 3
      vertex -5.2702 -17.0684 3
    endloop
  endfacet
  facet normal 0 1 -0
    outer loop
      vertex -5.2702 -17.0684 3
      vertex -7.68292 -17.0684 4.2
      vertex -5.2702 -17.0684 4.2
    endloop
  endfacet
  facet normal 0 1 0
    outer loop
      vertex -7.68292 -17.0684 4.2
      vertex -5.2702 -17.0684 3
      vertex -7.68292 -17.0684 3
    endloop
  endfacet
  facet normal -1 0 0
    outer loop
      vertex -7.68292 -22.8012 3
      vertex -7.68292 -17.0684 4.2
      vertex -7.68292 -17.0684 3
    endloop
  endfacet
  facet normal -1 -0 0
    outer loop
      vertex -7.68292 -17.0684 4.2
      vertex -7.68292 -22.8012 3
      vertex -7.68292 -22.8012 4.2
    endloop
  endfacet
  facet normal 0 -1 0
    outer loop
      vertex -7.68292 -22.8012 3
      vertex -6.90581 -22.8012 4.2
      vertex -7.68292 -22.8012 4.2
    endloop
  endfacet
  facet normal 0 -1 -0
    outer loop
      vertex -6.90581 -22.8012 4.2
      vertex -7.68292 -22.8012 3
      vertex -6.90581 -22.8012 3
    endloop
  endfacet
  facet normal 1 -0 0
    outer loop
      vertex -6.90581 -22.8012 4.2
      vertex -6.90581 -20.5675 3
      vertex -6.90581 -20.5675 4.2
    endloop
  endfacet
  facet normal 1 0 0
    outer loop
      vertex -6.90581 -20.5675 3
      vertex -6.90581 -22.8012 4.2
      vertex -6.90581 -22.8012 3
    endloop
  endfacet
  facet normal 1 -0 0
    outer loop
      vertex -6.90581 -19.9531 4.2
      vertex -6.90581 -17.6909 3
      vertex -6.90581 -17.6909 4.2
    endloop
  endfacet
  facet normal 1 0 0
    outer loop
      vertex -6.90581 -17.6909 3
      vertex -6.90581 -19.9531 4.2
      vertex -6.90581 -19.9531 3
    endloop
  endfacet
  facet normal 0 -1 0
    outer loop
      vertex -6.90581 -17.6909 3
      vertex -5.36374 -17.6909 4.2
      vertex -6.90581 -17.6909 4.2
    endloop
  endfacet
  facet normal 0 -1 -0
    outer loop
      vertex -5.36374 -17.6909 4.2
      vertex -6.90581 -17.6909 3
      vertex -5.36374 -17.6909 3
    endloop
  endfacet
  facet normal -0.0753201 -0.997159 0
    outer loop
      vertex -5.36374 -17.6909 3
      vertex -4.95598 -17.7217 4.2
      vertex -5.36374 -17.6909 4.2
    endloop
  endfacet
  facet normal -0.0753201 -0.997159 -0
    outer loop
      vertex -4.95598 -17.7217 4.2
      vertex -5.36374 -17.6909 3
      vertex -4.95598 -17.7217 3
    endloop
  endfacet
  facet normal -0.267435 -0.963576 0
    outer loop
      vertex -4.95598 -17.7217 3
      vertex -4.62234 -17.8143 4.2
      vertex -4.95598 -17.7217 4.2
    endloop
  endfacet
  facet normal -0.267435 -0.963576 -0
    outer loop
      vertex -4.62234 -17.8143 4.2
      vertex -4.95598 -17.7217 3
      vertex -4.62234 -17.8143 3
    endloop
  endfacet
  facet normal -0.511097 -0.859523 0
    outer loop
      vertex -4.62234 -17.8143 3
      vertex -4.36285 -17.9686 4.2
      vertex -4.62234 -17.8143 4.2
    endloop
  endfacet
  facet normal -0.511097 -0.859523 -0
    outer loop
      vertex -4.36285 -17.9686 4.2
      vertex -4.62234 -17.8143 3
      vertex -4.36285 -17.9686 3
    endloop
  endfacet
  facet normal -0.758914 -0.651191 0
    outer loop
      vertex -4.17751 -18.1846 3
      vertex -4.36285 -17.9686 4.2
      vertex -4.36285 -17.9686 3
    endloop
  endfacet
  facet normal -0.758914 -0.651191 0
    outer loop
      vertex -4.36285 -17.9686 4.2
      vertex -4.17751 -18.1846 3
      vertex -4.17751 -18.1846 4.2
    endloop
  endfacet
  facet normal -0.928281 -0.371881 0
    outer loop
      vertex -4.0663 -18.4622 3
      vertex -4.17751 -18.1846 4.2
      vertex -4.17751 -18.1846 3
    endloop
  endfacet
  facet normal -0.928281 -0.371881 0
    outer loop
      vertex -4.17751 -18.1846 4.2
      vertex -4.0663 -18.4622 3
      vertex -4.0663 -18.4622 4.2
    endloop
  endfacet
  facet normal -0.994088 -0.108574 0
    outer loop
      vertex -4.02922 -18.8017 3
      vertex -4.0663 -18.4622 4.2
      vertex -4.0663 -18.4622 3
    endloop
  endfacet
  facet normal -0.994088 -0.108574 0
    outer loop
      vertex -4.0663 -18.4622 4.2
      vertex -4.02922 -18.8017 3
      vertex -4.02922 -18.8017 4.2
    endloop
  endfacet
  facet normal -0.994753 0.102303 0
    outer loop
      vertex -4.0654 -19.1535 3
      vertex -4.02922 -18.8017 4.2
      vertex -4.02922 -18.8017 3
    endloop
  endfacet
  facet normal -0.994753 0.102303 0
    outer loop
      vertex -4.02922 -18.8017 4.2
      vertex -4.0654 -19.1535 3
      vertex -4.0654 -19.1535 4.2
    endloop
  endfacet
  facet normal -0.935764 0.352626 0
    outer loop
      vertex -4.17389 -19.4414 3
      vertex -4.0654 -19.1535 4.2
      vertex -4.0654 -19.1535 3
    endloop
  endfacet
  facet normal -0.935764 0.352626 0
    outer loop
      vertex -4.0654 -19.1535 4.2
      vertex -4.17389 -19.4414 3
      vertex -4.17389 -19.4414 4.2
    endloop
  endfacet
  facet normal -0.777962 0.628311 0
    outer loop
      vertex -4.35472 -19.6653 3
      vertex -4.17389 -19.4414 4.2
      vertex -4.17389 -19.4414 3
    endloop
  endfacet
  facet normal -0.777962 0.628311 0
    outer loop
      vertex -4.17389 -19.4414 4.2
      vertex -4.35472 -19.6653 3
      vertex -4.35472 -19.6653 4.2
    endloop
  endfacet
  facet normal -0.534001 0.845484 0
    outer loop
      vertex -4.35472 -19.6653 3
      vertex -4.60789 -19.8252 4.2
      vertex -4.35472 -19.6653 4.2
    endloop
  endfacet
  facet normal -0.534001 0.845484 0
    outer loop
      vertex -4.60789 -19.8252 4.2
      vertex -4.35472 -19.6653 3
      vertex -4.60789 -19.8252 3
    endloop
  endfacet
  facet normal -0.282605 0.959236 0
    outer loop
      vertex -4.60789 -19.8252 3
      vertex -4.9334 -19.9211 4.2
      vertex -4.60789 -19.8252 4.2
    endloop
  endfacet
  facet normal -0.282605 0.959236 0
    outer loop
      vertex -4.9334 -19.9211 4.2
      vertex -4.60789 -19.8252 3
      vertex -4.9334 -19.9211 3
    endloop
  endfacet
  facet normal -0.0801794 0.99678 0
    outer loop
      vertex -4.9334 -19.9211 3
      vertex -5.33122 -19.9531 4.2
      vertex -4.9334 -19.9211 4.2
    endloop
  endfacet
  facet normal -0.0801794 0.99678 0
    outer loop
      vertex -5.33122 -19.9531 4.2
      vertex -4.9334 -19.9211 3
      vertex -5.33122 -19.9531 3
    endloop
  endfacet
  facet normal 0 1 -0
    outer loop
      vertex -5.33122 -19.9531 3
      vertex -6.90581 -19.9531 4.2
      vertex -5.33122 -19.9531 4.2
    endloop
  endfacet
  facet normal 0 1 0
    outer loop
      vertex -6.90581 -19.9531 4.2
      vertex -5.33122 -19.9531 3
      vertex -6.90581 -19.9531 3
    endloop
  endfacet
  facet normal 0.119285 -0.99286 0
    outer loop
      vertex 6.2682 -22.7894 3
      vertex 6.56285 -22.754 4.2
      vertex 6.2682 -22.7894 4.2
    endloop
  endfacet
  facet normal 0.119285 -0.99286 0
    outer loop
      vertex 6.56285 -22.754 4.2
      vertex 6.2682 -22.7894 3
      vertex 6.56285 -22.754 3
    endloop
  endfacet
  facet normal 0.213464 -0.976951 0
    outer loop
      vertex 6.56285 -22.754 3
      vertex 6.83333 -22.6949 4.2
      vertex 6.56285 -22.754 4.2
    endloop
  endfacet
  facet normal 0.213464 -0.976951 0
    outer loop
      vertex 6.83333 -22.6949 4.2
      vertex 6.56285 -22.754 3
      vertex 6.83333 -22.6949 3
    endloop
  endfacet
  facet normal 0.317983 -0.948097 0
    outer loop
      vertex 6.83333 -22.6949 3
      vertex 7.07961 -22.6123 4.2
      vertex 6.83333 -22.6949 4.2
    endloop
  endfacet
  facet normal 0.317983 -0.948097 0
    outer loop
      vertex 7.07961 -22.6123 4.2
      vertex 6.83333 -22.6949 3
      vertex 7.07961 -22.6123 3
    endloop
  endfacet
  facet normal 0.431762 -0.901988 0
    outer loop
      vertex 7.07961 -22.6123 3
      vertex 7.30168 -22.506 4.2
      vertex 7.07961 -22.6123 4.2
    endloop
  endfacet
  facet normal 0.431762 -0.901988 0
    outer loop
      vertex 7.30168 -22.506 4.2
      vertex 7.07961 -22.6123 3
      vertex 7.30168 -22.506 3
    endloop
  endfacet
  facet normal 0.548759 -0.835981 0
    outer loop
      vertex 7.30168 -22.506 3
      vertex 7.49957 -22.3761 4.2
      vertex 7.30168 -22.506 4.2
    endloop
  endfacet
  facet normal 0.548759 -0.835981 0
    outer loop
      vertex 7.49957 -22.3761 4.2
      vertex 7.30168 -22.506 3
      vertex 7.49957 -22.3761 3
    endloop
  endfacet
  facet normal 0.663884 -0.747836 0
    outer loop
      vertex 7.49957 -22.3761 3
      vertex 7.66989 -22.2249 4.2
      vertex 7.49957 -22.3761 4.2
    endloop
  endfacet
  facet normal 0.663884 -0.747836 0
    outer loop
      vertex 7.66989 -22.2249 4.2
      vertex 7.49957 -22.3761 3
      vertex 7.66989 -22.2249 3
    endloop
  endfacet
  facet normal 0.773357 -0.633971 0
    outer loop
      vertex 7.66989 -22.2249 4.2
      vertex 7.80925 -22.0549 3
      vertex 7.80925 -22.0549 4.2
    endloop
  endfacet
  facet normal 0.773357 -0.633971 0
    outer loop
      vertex 7.80925 -22.0549 3
      vertex 7.66989 -22.2249 4.2
      vertex 7.66989 -22.2249 3
    endloop
  endfacet
  facet normal 0.867491 -0.497453 0
    outer loop
      vertex 7.80925 -22.0549 4.2
      vertex 7.91763 -21.8659 3
      vertex 7.91763 -21.8659 4.2
    endloop
  endfacet
  facet normal 0.867491 -0.497453 0
    outer loop
      vertex 7.91763 -21.8659 3
      vertex 7.80925 -22.0549 4.2
      vertex 7.80925 -22.0549 3
    endloop
  endfacet
  facet normal 0.937091 -0.349087 0
    outer loop
      vertex 7.91763 -21.8659 4.2
      vertex 7.99504 -21.6581 3
      vertex 7.99504 -21.6581 4.2
    endloop
  endfacet
  facet normal 0.937091 -0.349087 0
    outer loop
      vertex 7.99504 -21.6581 3
      vertex 7.91763 -21.8659 4.2
      vertex 7.91763 -21.8659 3
    endloop
  endfacet
  facet normal 0.97963 -0.200811 0
    outer loop
      vertex 7.99504 -21.6581 4.2
      vertex 8.04149 -21.4315 3
      vertex 8.04149 -21.4315 4.2
    endloop
  endfacet
  facet normal 0.97963 -0.200811 0
    outer loop
      vertex 8.04149 -21.4315 3
      vertex 7.99504 -21.6581 4.2
      vertex 7.99504 -21.6581 3
    endloop
  endfacet
  facet normal 0.998017 -0.062945 0
    outer loop
      vertex 8.04149 -21.4315 4.2
      vertex 8.05698 -21.1859 3
      vertex 8.05698 -21.1859 4.2
    endloop
  endfacet
  facet normal 0.998017 -0.062945 0
    outer loop
      vertex 8.05698 -21.1859 3
      vertex 8.04149 -21.4315 4.2
      vertex 8.04149 -21.4315 3
    endloop
  endfacet
  facet normal 0.998468 0.0553271 0
    outer loop
      vertex 8.05698 -21.1859 4.2
      vertex 8.04669 -21.0002 3
      vertex 8.04669 -21.0002 4.2
    endloop
  endfacet
  facet normal 0.998468 0.0553271 0
    outer loop
      vertex 8.04669 -21.0002 3
      vertex 8.05698 -21.1859 4.2
      vertex 8.05698 -21.1859 3
    endloop
  endfacet
  facet normal 0.984781 0.173801 0
    outer loop
      vertex 8.04669 -21.0002 4.2
      vertex 8.01584 -20.8254 3
      vertex 8.01584 -20.8254 4.2
    endloop
  endfacet
  facet normal 0.984781 0.173801 0
    outer loop
      vertex 8.01584 -20.8254 3
      vertex 8.04669 -21.0002 4.2
      vertex 8.04669 -21.0002 3
    endloop
  endfacet
  facet normal 0.954094 0.299509 0
    outer loop
      vertex 8.01584 -20.8254 4.2
      vertex 7.96442 -20.6616 3
      vertex 7.96442 -20.6616 4.2
    endloop
  endfacet
  facet normal 0.954094 0.299509 0
    outer loop
      vertex 7.96442 -20.6616 3
      vertex 8.01584 -20.8254 4.2
      vertex 8.01584 -20.8254 3
    endloop
  endfacet
  facet normal 0.904734 0.425977 0
    outer loop
      vertex 7.96442 -20.6616 4.2
      vertex 7.89243 -20.5087 3
      vertex 7.89243 -20.5087 4.2
    endloop
  endfacet
  facet normal 0.904734 0.425977 0
    outer loop
      vertex 7.89243 -20.5087 3
      vertex 7.96442 -20.6616 4.2
      vertex 7.96442 -20.6616 3
    endloop
  endfacet
  facet normal 0.837336 0.546689 0
    outer loop
      vertex 7.89243 -20.5087 4.2
      vertex 7.79985 -20.3669 3
      vertex 7.79985 -20.3669 4.2
    endloop
  endfacet
  facet normal 0.837336 0.546689 0
    outer loop
      vertex 7.79985 -20.3669 3
      vertex 7.89243 -20.5087 4.2
      vertex 7.89243 -20.5087 3
    endloop
  endfacet
  facet normal 0.756841 0.653599 0
    outer loop
      vertex 7.79985 -20.3669 4.2
      vertex 7.68672 -20.2359 3
      vertex 7.68672 -20.2359 4.2
    endloop
  endfacet
  facet normal 0.756841 0.653599 0
    outer loop
      vertex 7.68672 -20.2359 3
      vertex 7.79985 -20.3669 4.2
      vertex 7.79985 -20.3669 3
    endloop
  endfacet
  facet normal 0.663604 0.748084 -0
    outer loop
      vertex 7.68672 -20.2359 3
      vertex 7.5546 -20.1187 4.2
      vertex 7.68672 -20.2359 4.2
    endloop
  endfacet
  facet normal 0.663604 0.748084 0
    outer loop
      vertex 7.5546 -20.1187 4.2
      vertex 7.68672 -20.2359 3
      vertex 7.5546 -20.1187 3
    endloop
  endfacet
  facet normal 0.559374 0.828916 -0
    outer loop
      vertex 7.5546 -20.1187 3
      vertex 7.40508 -20.0178 4.2
      vertex 7.5546 -20.1187 4.2
    endloop
  endfacet
  facet normal 0.559374 0.828916 0
    outer loop
      vertex 7.40508 -20.0178 4.2
      vertex 7.5546 -20.1187 3
      vertex 7.40508 -20.0178 3
    endloop
  endfacet
  facet normal 0.451612 0.892214 -0
    outer loop
      vertex 7.40508 -20.0178 3
      vertex 7.23814 -19.9333 4.2
      vertex 7.40508 -20.0178 4.2
    endloop
  endfacet
  facet normal 0.451612 0.892214 0
    outer loop
      vertex 7.23814 -19.9333 4.2
      vertex 7.40508 -20.0178 3
      vertex 7.23814 -19.9333 3
    endloop
  endfacet
  facet normal 0.346568 0.938025 -0
    outer loop
      vertex 7.23814 -19.9333 3
      vertex 7.05382 -19.8652 4.2
      vertex 7.23814 -19.9333 4.2
    endloop
  endfacet
  facet normal 0.346568 0.938025 0
    outer loop
      vertex 7.05382 -19.8652 4.2
      vertex 7.23814 -19.9333 3
      vertex 7.05382 -19.8652 3
    endloop
  endfacet
  facet normal 0.248248 0.968696 -0
    outer loop
      vertex 7.05382 -19.8652 3
      vertex 6.85208 -19.8135 4.2
      vertex 7.05382 -19.8652 4.2
    endloop
  endfacet
  facet normal 0.248248 0.968696 0
    outer loop
      vertex 6.85208 -19.8135 4.2
      vertex 7.05382 -19.8652 3
      vertex 6.85208 -19.8135 3
    endloop
  endfacet
  facet normal 0.159027 0.987274 -0
    outer loop
      vertex 6.85208 -19.8135 3
      vertex 6.63293 -19.7782 4.2
      vertex 6.85208 -19.8135 4.2
    endloop
  endfacet
  facet normal 0.159027 0.987274 0
    outer loop
      vertex 6.63293 -19.7782 4.2
      vertex 6.85208 -19.8135 3
      vertex 6.63293 -19.7782 3
    endloop
  endfacet
  facet normal 0.26386 -0.964561 0
    outer loop
      vertex 6.63293 -19.7782 3
      vertex 6.79999 -19.7325 4.2
      vertex 6.63293 -19.7782 4.2
    endloop
  endfacet
  facet normal 0.26386 -0.964561 0
    outer loop
      vertex 6.79999 -19.7325 4.2
      vertex 6.63293 -19.7782 3
      vertex 6.79999 -19.7325 3
    endloop
  endfacet
  facet normal 0.354191 -0.935173 0
    outer loop
      vertex 6.79999 -19.7325 3
      vertex 6.95392 -19.6742 4.2
      vertex 6.79999 -19.7325 4.2
    endloop
  endfacet
  facet normal 0.354191 -0.935173 0
    outer loop
      vertex 6.95392 -19.6742 4.2
      vertex 6.79999 -19.7325 3
      vertex 6.95392 -19.6742 3
    endloop
  endfacet
  facet normal 0.450204 -0.892926 0
    outer loop
      vertex 6.95392 -19.6742 3
      vertex 7.09474 -19.6032 4.2
      vertex 6.95392 -19.6742 4.2
    endloop
  endfacet
  facet normal 0.450204 -0.892926 0
    outer loop
      vertex 7.09474 -19.6032 4.2
      vertex 6.95392 -19.6742 3
      vertex 7.09474 -19.6032 3
    endloop
  endfacet
  facet normal 0.547666 -0.836697 0
    outer loop
      vertex 7.09474 -19.6032 3
      vertex 7.22246 -19.5196 4.2
      vertex 7.09474 -19.6032 4.2
    endloop
  endfacet
  facet normal 0.547666 -0.836697 0
    outer loop
      vertex 7.22246 -19.5196 4.2
      vertex 7.09474 -19.6032 3
      vertex 7.22246 -19.5196 3
    endloop
  endfacet
  facet normal 0.6433 -0.765614 0
    outer loop
      vertex 7.22246 -19.5196 3
      vertex 7.33707 -19.4233 4.2
      vertex 7.22246 -19.5196 4.2
    endloop
  endfacet
  facet normal 0.6433 -0.765614 0
    outer loop
      vertex 7.33707 -19.4233 4.2
      vertex 7.22246 -19.5196 3
      vertex 7.33707 -19.4233 3
    endloop
  endfacet
  facet normal 0.731591 -0.681744 0
    outer loop
      vertex 7.33707 -19.4233 4.2
      vertex 7.43855 -19.3144 3
      vertex 7.43855 -19.3144 4.2
    endloop
  endfacet
  facet normal 0.731591 -0.681744 0
    outer loop
      vertex 7.43855 -19.3144 3
      vertex 7.33707 -19.4233 4.2
      vertex 7.33707 -19.4233 3
    endloop
  endfacet
  facet normal 0.809249 -0.587465 0
    outer loop
      vertex 7.43855 -19.3144 4.2
      vertex 7.52559 -19.1945 3
      vertex 7.52559 -19.1945 4.2
    endloop
  endfacet
  facet normal 0.809249 -0.587465 0
    outer loop
      vertex 7.52559 -19.1945 3
      vertex 7.43855 -19.3144 4.2
      vertex 7.43855 -19.3144 3
    endloop
  endfacet
  facet normal 0.875181 -0.483796 0
    outer loop
      vertex 7.52559 -19.1945 4.2
      vertex 7.59679 -19.0657 3
      vertex 7.59679 -19.0657 4.2
    endloop
  endfacet
  facet normal 0.875181 -0.483796 0
    outer loop
      vertex 7.59679 -19.0657 3
      vertex 7.52559 -19.1945 4.2
      vertex 7.52559 -19.1945 3
    endloop
  endfacet
  facet normal 0.927942 -0.372725 0
    outer loop
      vertex 7.59679 -19.0657 4.2
      vertex 7.65218 -18.9278 3
      vertex 7.65218 -18.9278 4.2
    endloop
  endfacet
  facet normal 0.927942 -0.372725 0
    outer loop
      vertex 7.65218 -18.9278 3
      vertex 7.59679 -19.0657 4.2
      vertex 7.59679 -19.0657 3
    endloop
  endfacet
  facet normal 0.965616 -0.259973 0
    outer loop
      vertex 7.65218 -18.9278 4.2
      vertex 7.69173 -18.7809 3
      vertex 7.69173 -18.7809 4.2
    endloop
  endfacet
  facet normal 0.965616 -0.259973 0
    outer loop
      vertex 7.69173 -18.7809 3
      vertex 7.65218 -18.9278 4.2
      vertex 7.65218 -18.9278 3
    endloop
  endfacet
  facet normal 0.988618 -0.150447 0
    outer loop
      vertex 7.69173 -18.7809 4.2
      vertex 7.71547 -18.6249 3
      vertex 7.71547 -18.6249 4.2
    endloop
  endfacet
  facet normal 0.988618 -0.150447 0
    outer loop
      vertex 7.71547 -18.6249 3
      vertex 7.69173 -18.7809 4.2
      vertex 7.69173 -18.7809 3
    endloop
  endfacet
  facet normal 0.998856 -0.047824 0
    outer loop
      vertex 7.71547 -18.6249 4.2
      vertex 7.72337 -18.4599 3
      vertex 7.72337 -18.4599 4.2
    endloop
  endfacet
  facet normal 0.998856 -0.047824 0
    outer loop
      vertex 7.72337 -18.4599 3
      vertex 7.71547 -18.6249 4.2
      vertex 7.71547 -18.6249 3
    endloop
  endfacet
  facet normal 0.99142 0.130713 0
    outer loop
      vertex 7.72337 -18.4599 4.2
      vertex 7.66731 -18.0347 3
      vertex 7.66731 -18.0347 4.2
    endloop
  endfacet
  facet normal 0.99142 0.130713 0
    outer loop
      vertex 7.66731 -18.0347 3
      vertex 7.72337 -18.4599 4.2
      vertex 7.72337 -18.4599 3
    endloop
  endfacet
  facet normal 0.900341 0.435186 0
    outer loop
      vertex 7.66731 -18.0347 4.2
      vertex 7.49915 -17.6868 3
      vertex 7.49915 -17.6868 4.2
    endloop
  endfacet
  facet normal 0.900341 0.435186 0
    outer loop
      vertex 7.49915 -17.6868 3
      vertex 7.66731 -18.0347 4.2
      vertex 7.66731 -18.0347 3
    endloop
  endfacet
  facet normal 0.694429 0.719562 -0
    outer loop
      vertex 7.49915 -17.6868 3
      vertex 7.21886 -17.4163 4.2
      vertex 7.49915 -17.6868 4.2
    endloop
  endfacet
  facet normal 0.694429 0.719562 0
    outer loop
      vertex 7.21886 -17.4163 4.2
      vertex 7.49915 -17.6868 3
      vertex 7.21886 -17.4163 3
    endloop
  endfacet
  facet normal 0.441893 0.897068 -0
    outer loop
      vertex 7.21886 -17.4163 3
      vertex 6.82645 -17.223 4.2
      vertex 7.21886 -17.4163 4.2
    endloop
  endfacet
  facet normal 0.441893 0.897068 0
    outer loop
      vertex 6.82645 -17.223 4.2
      vertex 7.21886 -17.4163 3
      vertex 6.82645 -17.223 3
    endloop
  endfacet
  facet normal 0.224067 0.974574 -0
    outer loop
      vertex 6.82645 -17.223 3
      vertex 6.32191 -17.107 4.2
      vertex 6.82645 -17.223 4.2
    endloop
  endfacet
  facet normal 0.224067 0.974574 0
    outer loop
      vertex 6.32191 -17.107 4.2
      vertex 6.82645 -17.223 3
      vertex 6.32191 -17.107 3
    endloop
  endfacet
  facet normal 0.062476 0.998046 -0
    outer loop
      vertex 6.32191 -17.107 3
      vertex 5.70528 -17.0684 4.2
      vertex 6.32191 -17.107 4.2
    endloop
  endfacet
  facet normal 0.062476 0.998046 0
    outer loop
      vertex 5.70528 -17.0684 4.2
      vertex 6.32191 -17.107 3
      vertex 5.70528 -17.0684 3
    endloop
  endfacet
  facet normal 0 1 -0
    outer loop
      vertex 5.70528 -17.0684 3
      vertex 3.62209 -17.0684 4.2
      vertex 5.70528 -17.0684 4.2
    endloop
  endfacet
  facet normal 0 1 0
    outer loop
      vertex 3.62209 -17.0684 4.2
      vertex 5.70528 -17.0684 3
      vertex 3.62209 -17.0684 3
    endloop
  endfacet
  facet normal -1 0 0
    outer loop
      vertex 3.62209 -22.8012 3
      vertex 3.62209 -17.0684 4.2
      vertex 3.62209 -17.0684 3
    endloop
  endfacet
  facet normal -1 -0 0
    outer loop
      vertex 3.62209 -17.0684 4.2
      vertex 3.62209 -22.8012 3
      vertex 3.62209 -22.8012 4.2
    endloop
  endfacet
  facet normal 0 -1 0
    outer loop
      vertex 3.62209 -22.8012 3
      vertex 5.94936 -22.8012 4.2
      vertex 3.62209 -22.8012 4.2
    endloop
  endfacet
  facet normal 0 -1 -0
    outer loop
      vertex 5.94936 -22.8012 4.2
      vertex 3.62209 -22.8012 3
      vertex 5.94936 -22.8012 3
    endloop
  endfacet
  facet normal 0.0369838 -0.999316 0
    outer loop
      vertex 5.94936 -22.8012 3
      vertex 6.2682 -22.7894 4.2
      vertex 5.94936 -22.8012 4.2
    endloop
  endfacet
  facet normal 0.0369838 -0.999316 0
    outer loop
      vertex 6.2682 -22.7894 4.2
      vertex 5.94936 -22.8012 3
      vertex 6.2682 -22.7894 3
    endloop
  endfacet
  facet normal 1 -0 0
    outer loop
      vertex 4.3992 -19.5056 4.2
      vertex 4.3992 -17.6909 3
      vertex 4.3992 -17.6909 4.2
    endloop
  endfacet
  facet normal 1 0 0
    outer loop
      vertex 4.3992 -17.6909 3
      vertex 4.3992 -19.5056 4.2
      vertex 4.3992 -19.5056 3
    endloop
  endfacet
  facet normal 0 -1 0
    outer loop
      vertex 4.3992 -17.6909 3
      vertex 5.70528 -17.6909 4.2
      vertex 4.3992 -17.6909 4.2
    endloop
  endfacet
  facet normal 0 -1 -0
    outer loop
      vertex 5.70528 -17.6909 4.2
      vertex 4.3992 -17.6909 3
      vertex 5.70528 -17.6909 3
    endloop
  endfacet
  facet normal -0.0285139 -0.999593 0
    outer loop
      vertex 5.70528 -17.6909 3
      vertex 5.89809 -17.6964 4.2
      vertex 5.70528 -17.6909 4.2
    endloop
  endfacet
  facet normal -0.0285139 -0.999593 -0
    outer loop
      vertex 5.89809 -17.6964 4.2
      vertex 5.70528 -17.6909 3
      vertex 5.89809 -17.6964 3
    endloop
  endfacet
  facet normal -0.093386 -0.99563 0
    outer loop
      vertex 5.89809 -17.6964 3
      vertex 6.07507 -17.713 4.2
      vertex 5.89809 -17.6964 4.2
    endloop
  endfacet
  facet normal -0.093386 -0.99563 -0
    outer loop
      vertex 6.07507 -17.713 4.2
      vertex 5.89809 -17.6964 3
      vertex 6.07507 -17.713 3
    endloop
  endfacet
  facet normal -0.169385 -0.98555 0
    outer loop
      vertex 6.07507 -17.713 3
      vertex 6.23624 -17.7407 4.2
      vertex 6.07507 -17.713 4.2
    endloop
  endfacet
  facet normal -0.169385 -0.98555 -0
    outer loop
      vertex 6.23624 -17.7407 4.2
      vertex 6.07507 -17.713 3
      vertex 6.23624 -17.7407 3
    endloop
  endfacet
  facet normal -0.257927 -0.966164 0
    outer loop
      vertex 6.23624 -17.7407 3
      vertex 6.38158 -17.7795 4.2
      vertex 6.23624 -17.7407 4.2
    endloop
  endfacet
  facet normal -0.257927 -0.966164 -0
    outer loop
      vertex 6.38158 -17.7795 4.2
      vertex 6.23624 -17.7407 3
      vertex 6.38158 -17.7795 3
    endloop
  endfacet
  facet normal -0.358907 -0.933373 0
    outer loop
      vertex 6.38158 -17.7795 3
      vertex 6.51109 -17.8293 4.2
      vertex 6.38158 -17.7795 4.2
    endloop
  endfacet
  facet normal -0.358907 -0.933373 -0
    outer loop
      vertex 6.51109 -17.8293 4.2
      vertex 6.38158 -17.7795 3
      vertex 6.51109 -17.8293 3
    endloop
  endfacet
  facet normal -0.472824 -0.881157 0
    outer loop
      vertex 6.51109 -17.8293 3
      vertex 6.62477 -17.8903 4.2
      vertex 6.51109 -17.8293 4.2
    endloop
  endfacet
  facet normal -0.472824 -0.881157 -0
    outer loop
      vertex 6.62477 -17.8903 4.2
      vertex 6.51109 -17.8293 3
      vertex 6.62477 -17.8903 3
    endloop
  endfacet
  facet normal -0.605539 -0.795816 0
    outer loop
      vertex 6.62477 -17.8903 3
      vertex 6.72176 -17.9641 4.2
      vertex 6.62477 -17.8903 4.2
    endloop
  endfacet
  facet normal -0.605539 -0.795816 -0
    outer loop
      vertex 6.72176 -17.9641 4.2
      vertex 6.62477 -17.8903 3
      vertex 6.72176 -17.9641 3
    endloop
  endfacet
  facet normal -0.744506 -0.667616 0
    outer loop
      vertex 6.80112 -18.0526 3
      vertex 6.72176 -17.9641 4.2
      vertex 6.72176 -17.9641 3
    endloop
  endfacet
  facet normal -0.744506 -0.667616 0
    outer loop
      vertex 6.72176 -17.9641 4.2
      vertex 6.80112 -18.0526 3
      vertex 6.80112 -18.0526 4.2
    endloop
  endfacet
  facet normal -0.858299 -0.51315 0
    outer loop
      vertex 6.86282 -18.1558 3
      vertex 6.80112 -18.0526 4.2
      vertex 6.80112 -18.0526 3
    endloop
  endfacet
  facet normal -0.858299 -0.51315 0
    outer loop
      vertex 6.80112 -18.0526 4.2
      vertex 6.86282 -18.1558 3
      vertex 6.86282 -18.1558 4.2
    endloop
  endfacet
  facet normal -0.936649 -0.35027 0
    outer loop
      vertex 6.90691 -18.2737 3
      vertex 6.86282 -18.1558 4.2
      vertex 6.86282 -18.1558 3
    endloop
  endfacet
  facet normal -0.936649 -0.35027 0
    outer loop
      vertex 6.86282 -18.1558 4.2
      vertex 6.90691 -18.2737 3
      vertex 6.90691 -18.2737 4.2
    endloop
  endfacet
  facet normal -0.980652 -0.19576 0
    outer loop
      vertex 6.93336 -18.4062 3
      vertex 6.90691 -18.2737 4.2
      vertex 6.90691 -18.2737 3
    endloop
  endfacet
  facet normal -0.980652 -0.19576 0
    outer loop
      vertex 6.90691 -18.2737 4.2
      vertex 6.93336 -18.4062 3
      vertex 6.93336 -18.4062 4.2
    endloop
  endfacet
  facet normal -0.998212 -0.0597707 0
    outer loop
      vertex 6.94218 -18.5535 3
      vertex 6.93336 -18.4062 4.2
      vertex 6.93336 -18.4062 3
    endloop
  endfacet
  facet normal -0.998212 -0.0597707 0
    outer loop
      vertex 6.93336 -18.4062 4.2
      vertex 6.94218 -18.5535 3
      vertex 6.94218 -18.5535 4.2
    endloop
  endfacet
  facet normal -0.998474 0.0552265 0
    outer loop
      vertex 6.93364 -18.7079 3
      vertex 6.94218 -18.5535 4.2
      vertex 6.94218 -18.5535 3
    endloop
  endfacet
  facet normal -0.998474 0.0552265 0
    outer loop
      vertex 6.94218 -18.5535 4.2
      vertex 6.93364 -18.7079 3
      vertex 6.93364 -18.7079 4.2
    endloop
  endfacet
  facet normal -0.983837 0.179064 0
    outer loop
      vertex 6.90805 -18.8485 3
      vertex 6.93364 -18.7079 4.2
      vertex 6.93364 -18.7079 3
    endloop
  endfacet
  facet normal -0.983837 0.179064 0
    outer loop
      vertex 6.93364 -18.7079 4.2
      vertex 6.90805 -18.8485 3
      vertex 6.90805 -18.8485 4.2
    endloop
  endfacet
  facet normal -0.9476 0.319459 0
    outer loop
      vertex 6.86537 -18.9751 3
      vertex 6.90805 -18.8485 4.2
      vertex 6.90805 -18.8485 3
    endloop
  endfacet
  facet normal -0.9476 0.319459 0
    outer loop
      vertex 6.90805 -18.8485 4.2
      vertex 6.86537 -18.9751 3
      vertex 6.86537 -18.9751 4.2
    endloop
  endfacet
  facet normal -0.883609 0.468226 0
    outer loop
      vertex 6.80565 -19.0878 3
      vertex 6.86537 -18.9751 4.2
      vertex 6.86537 -18.9751 3
    endloop
  endfacet
  facet normal -0.883609 0.468226 0
    outer loop
      vertex 6.86537 -18.9751 4.2
      vertex 6.80565 -19.0878 3
      vertex 6.80565 -19.0878 4.2
    endloop
  endfacet
  facet normal -0.789825 0.613332 0
    outer loop
      vertex 6.72885 -19.1867 3
      vertex 6.80565 -19.0878 4.2
      vertex 6.80565 -19.0878 3
    endloop
  endfacet
  facet normal -0.789825 0.613332 0
    outer loop
      vertex 6.80565 -19.0878 4.2
      vertex 6.72885 -19.1867 3
      vertex 6.72885 -19.1867 4.2
    endloop
  endfacet
  facet normal -0.670783 0.741654 0
    outer loop
      vertex 6.72885 -19.1867 3
      vertex 6.63498 -19.2716 4.2
      vertex 6.72885 -19.1867 4.2
    endloop
  endfacet
  facet normal -0.670783 0.741654 0
    outer loop
      vertex 6.63498 -19.2716 4.2
      vertex 6.72885 -19.1867 3
      vertex 6.63498 -19.2716 3
    endloop
  endfacet
  facet normal -0.540972 0.841041 0
    outer loop
      vertex 6.63498 -19.2716 3
      vertex 6.52382 -19.3431 4.2
      vertex 6.63498 -19.2716 4.2
    endloop
  endfacet
  facet normal -0.540972 0.841041 0
    outer loop
      vertex 6.52382 -19.3431 4.2
      vertex 6.63498 -19.2716 3
      vertex 6.52382 -19.3431 3
    endloop
  endfacet
  facet normal -0.413856 0.910342 0
    outer loop
      vertex 6.52382 -19.3431 3
      vertex 6.39514 -19.4016 4.2
      vertex 6.52382 -19.3431 4.2
    endloop
  endfacet
  facet normal -0.413856 0.910342 0
    outer loop
      vertex 6.39514 -19.4016 4.2
      vertex 6.52382 -19.3431 3
      vertex 6.39514 -19.4016 3
    endloop
  endfacet
  facet normal -0.297178 0.954822 0
    outer loop
      vertex 6.39514 -19.4016 3
      vertex 6.24895 -19.4471 4.2
      vertex 6.39514 -19.4016 4.2
    endloop
  endfacet
  facet normal -0.297178 0.954822 0
    outer loop
      vertex 6.24895 -19.4471 4.2
      vertex 6.39514 -19.4016 3
      vertex 6.24895 -19.4471 3
    endloop
  endfacet
  facet normal -0.194733 0.980856 0
    outer loop
      vertex 6.24895 -19.4471 3
      vertex 6.08525 -19.4796 4.2
      vertex 6.24895 -19.4471 4.2
    endloop
  endfacet
  facet normal -0.194733 0.980856 0
    outer loop
      vertex 6.08525 -19.4796 4.2
      vertex 6.24895 -19.4471 3
      vertex 6.08525 -19.4796 3
    endloop
  endfacet
  facet normal -0.106981 0.994261 0
    outer loop
      vertex 6.08525 -19.4796 3
      vertex 5.90402 -19.4991 4.2
      vertex 6.08525 -19.4796 4.2
    endloop
  endfacet
  facet normal -0.106981 0.994261 0
    outer loop
      vertex 5.90402 -19.4991 4.2
      vertex 6.08525 -19.4796 3
      vertex 5.90402 -19.4991 3
    endloop
  endfacet
  facet normal -0.0326886 0.999466 0
    outer loop
      vertex 5.90402 -19.4991 3
      vertex 5.70528 -19.5056 4.2
      vertex 5.90402 -19.4991 4.2
    endloop
  endfacet
  facet normal -0.0326886 0.999466 0
    outer loop
      vertex 5.70528 -19.5056 4.2
      vertex 5.90402 -19.4991 3
      vertex 5.70528 -19.5056 3
    endloop
  endfacet
  facet normal 0 1 -0
    outer loop
      vertex 5.70528 -19.5056 3
      vertex 4.3992 -19.5056 4.2
      vertex 5.70528 -19.5056 4.2
    endloop
  endfacet
  facet normal 0 1 0
    outer loop
      vertex 4.3992 -19.5056 4.2
      vertex 5.70528 -19.5056 3
      vertex 4.3992 -19.5056 3
    endloop
  endfacet
  facet normal 1 -0 0
    outer loop
      vertex 4.3992 -22.1787 4.2
      vertex 4.3992 -20.1118 3
      vertex 4.3992 -20.1118 4.2
    endloop
  endfacet
  facet normal 1 0 0
    outer loop
      vertex 4.3992 -20.1118 3
      vertex 4.3992 -22.1787 4.2
      vertex 4.3992 -22.1787 3
    endloop
  endfacet
  facet normal 0 -1 0
    outer loop
      vertex 4.3992 -20.1118 3
      vertex 5.84766 -20.1118 4.2
      vertex 4.3992 -20.1118 4.2
    endloop
  endfacet
  facet normal 0 -1 -0
    outer loop
      vertex 5.84766 -20.1118 4.2
      vertex 4.3992 -20.1118 3
      vertex 5.84766 -20.1118 3
    endloop
  endfacet
  facet normal -0.0644456 -0.997921 0
    outer loop
      vertex 5.84766 -20.1118 3
      vertex 6.28278 -20.1399 4.2
      vertex 5.84766 -20.1118 4.2
    endloop
  endfacet
  facet normal -0.0644456 -0.997921 -0
    outer loop
      vertex 6.28278 -20.1399 4.2
      vertex 5.84766 -20.1118 3
      vertex 6.28278 -20.1399 3
    endloop
  endfacet
  facet normal -0.230937 -0.972969 0
    outer loop
      vertex 6.28278 -20.1399 3
      vertex 6.63879 -20.2244 4.2
      vertex 6.28278 -20.1399 4.2
    endloop
  endfacet
  facet normal -0.230937 -0.972969 -0
    outer loop
      vertex 6.63879 -20.2244 4.2
      vertex 6.28278 -20.1399 3
      vertex 6.63879 -20.2244 3
    endloop
  endfacet
  facet normal -0.452987 -0.891517 0
    outer loop
      vertex 6.63879 -20.2244 3
      vertex 6.9157 -20.3651 4.2
      vertex 6.63879 -20.2244 4.2
    endloop
  endfacet
  facet normal -0.452987 -0.891517 -0
    outer loop
      vertex 6.9157 -20.3651 4.2
      vertex 6.63879 -20.2244 3
      vertex 6.9157 -20.3651 3
    endloop
  endfacet
  facet normal -0.705744 -0.708467 0
    outer loop
      vertex 6.9157 -20.3651 3
      vertex 7.11346 -20.5621 4.2
      vertex 6.9157 -20.3651 4.2
    endloop
  endfacet
  facet normal -0.705744 -0.708467 -0
    outer loop
      vertex 7.11346 -20.5621 4.2
      vertex 6.9157 -20.3651 3
      vertex 7.11346 -20.5621 3
    endloop
  endfacet
  facet normal -0.905456 -0.424441 0
    outer loop
      vertex 7.23215 -20.8153 3
      vertex 7.11346 -20.5621 4.2
      vertex 7.11346 -20.5621 3
    endloop
  endfacet
  facet normal -0.905456 -0.424441 0
    outer loop
      vertex 7.11346 -20.5621 4.2
      vertex 7.23215 -20.8153 3
      vertex 7.23215 -20.8153 4.2
    endloop
  endfacet
  facet normal -0.991939 -0.126716 0
    outer loop
      vertex 7.2717 -21.1249 3
      vertex 7.23215 -20.8153 4.2
      vertex 7.23215 -20.8153 3
    endloop
  endfacet
  facet normal -0.991939 -0.126716 0
    outer loop
      vertex 7.23215 -20.8153 4.2
      vertex 7.2717 -21.1249 3
      vertex 7.2717 -21.1249 4.2
    endloop
  endfacet
  facet normal -0.998547 0.053887 0
    outer loop
      vertex 7.26265 -21.2926 3
      vertex 7.2717 -21.1249 4.2
      vertex 7.2717 -21.1249 3
    endloop
  endfacet
  facet normal -0.998547 0.053887 0
    outer loop
      vertex 7.2717 -21.1249 4.2
      vertex 7.26265 -21.2926 3
      vertex 7.26265 -21.2926 4.2
    endloop
  endfacet
  facet normal -0.98471 0.174203 0
    outer loop
      vertex 7.23553 -21.4459 3
      vertex 7.26265 -21.2926 4.2
      vertex 7.26265 -21.2926 3
    endloop
  endfacet
  facet normal -0.98471 0.174203 0
    outer loop
      vertex 7.26265 -21.2926 4.2
      vertex 7.23553 -21.4459 3
      vertex 7.23553 -21.4459 4.2
    endloop
  endfacet
  facet normal -0.950832 0.309706 0
    outer loop
      vertex 7.19032 -21.5847 3
      vertex 7.23553 -21.4459 4.2
      vertex 7.23553 -21.4459 3
    endloop
  endfacet
  facet normal -0.950832 0.309706 0
    outer loop
      vertex 7.23553 -21.4459 4.2
      vertex 7.19032 -21.5847 3
      vertex 7.19032 -21.5847 4.2
    endloop
  endfacet
  facet normal -0.891134 0.45374 0
    outer loop
      vertex 7.12703 -21.709 3
      vertex 7.19032 -21.5847 4.2
      vertex 7.19032 -21.5847 3
    endloop
  endfacet
  facet normal -0.891134 0.45374 0
    outer loop
      vertex 7.19032 -21.5847 4.2
      vertex 7.12703 -21.709 3
      vertex 7.12703 -21.709 4.2
    endloop
  endfacet
  facet normal -0.803653 0.595098 0
    outer loop
      vertex 7.04565 -21.8189 3
      vertex 7.12703 -21.709 4.2
      vertex 7.12703 -21.709 3
    endloop
  endfacet
  facet normal -0.803653 0.595098 0
    outer loop
      vertex 7.12703 -21.709 4.2
      vertex 7.04565 -21.8189 3
      vertex 7.04565 -21.8189 4.2
    endloop
  endfacet
  facet normal -0.69226 0.721648 0
    outer loop
      vertex 7.04565 -21.8189 3
      vertex 6.9462 -21.9143 4.2
      vertex 7.04565 -21.8189 4.2
    endloop
  endfacet
  facet normal -0.69226 0.721648 0
    outer loop
      vertex 6.9462 -21.9143 4.2
      vertex 7.04565 -21.8189 3
      vertex 6.9462 -21.9143 3
    endloop
  endfacet
  facet normal -0.560997 0.827818 0
    outer loop
      vertex 6.9462 -21.9143 3
      vertex 6.82697 -21.9951 4.2
      vertex 6.9462 -21.9143 4.2
    endloop
  endfacet
  facet normal -0.560997 0.827818 0
    outer loop
      vertex 6.82697 -21.9951 4.2
      vertex 6.9462 -21.9143 3
      vertex 6.82697 -21.9951 3
    endloop
  endfacet
  facet normal -0.425159 0.905119 0
    outer loop
      vertex 6.82697 -21.9951 3
      vertex 6.68625 -22.0612 4.2
      vertex 6.82697 -21.9951 4.2
    endloop
  endfacet
  facet normal -0.425159 0.905119 0
    outer loop
      vertex 6.68625 -22.0612 4.2
      vertex 6.82697 -21.9951 3
      vertex 6.68625 -22.0612 3
    endloop
  endfacet
  facet normal -0.302104 0.953275 0
    outer loop
      vertex 6.68625 -22.0612 3
      vertex 6.52406 -22.1126 4.2
      vertex 6.68625 -22.0612 4.2
    endloop
  endfacet
  facet normal -0.302104 0.953275 0
    outer loop
      vertex 6.52406 -22.1126 4.2
      vertex 6.68625 -22.0612 3
      vertex 6.52406 -22.1126 3
    endloop
  endfacet
  facet normal -0.196475 0.980509 0
    outer loop
      vertex 6.52406 -22.1126 3
      vertex 6.34041 -22.1494 4.2
      vertex 6.52406 -22.1126 4.2
    endloop
  endfacet
  facet normal -0.196475 0.980509 0
    outer loop
      vertex 6.34041 -22.1494 4.2
      vertex 6.52406 -22.1126 3
      vertex 6.34041 -22.1494 3
    endloop
  endfacet
  facet normal -0.106638 0.994298 0
    outer loop
      vertex 6.34041 -22.1494 3
      vertex 6.13528 -22.1714 4.2
      vertex 6.34041 -22.1494 4.2
    endloop
  endfacet
  facet normal -0.106638 0.994298 0
    outer loop
      vertex 6.13528 -22.1714 4.2
      vertex 6.34041 -22.1494 3
      vertex 6.13528 -22.1714 3
    endloop
  endfacet
  facet normal -0.0321987 0.999481 0
    outer loop
      vertex 6.13528 -22.1714 3
      vertex 5.90868 -22.1787 4.2
      vertex 6.13528 -22.1714 4.2
    endloop
  endfacet
  facet normal -0.0321987 0.999481 0
    outer loop
      vertex 5.90868 -22.1787 4.2
      vertex 6.13528 -22.1714 3
      vertex 5.90868 -22.1787 3
    endloop
  endfacet
  facet normal 0 1 -0
    outer loop
      vertex 5.90868 -22.1787 3
      vertex 4.3992 -22.1787 4.2
      vertex 5.90868 -22.1787 4.2
    endloop
  endfacet
  facet normal 0 1 0
    outer loop
      vertex 4.3992 -22.1787 4.2
      vertex 5.90868 -22.1787 3
      vertex 4.3992 -22.1787 3
    endloop
  endfacet
endsolid OpenSCAD_Model
