solid OpenSCAD_Model
  facet normal -0.996917 -0.0784645 0
    outer loop
      vertex -71.9 0 0
      vertex -71.9197 0.250295 3
      vertex -71.9197 0.250295 0
    endloop
  endfacet
  facet normal -0.996917 -0.0784645 0
    outer loop
      vertex -71.9197 0.250295 3
      vertex -71.9 0 0
      vertex -71.9 0 3
    endloop
  endfacet
  facet normal 0.996917 -0.0784645 0
    outer loop
      vertex -75.1 0 3
      vertex -75.0803 0.250295 0
      vertex -75.0803 0.250295 3
    endloop
  endfacet
  facet normal 0.996917 -0.0784645 0
    outer loop
      vertex -75.0803 0.250295 0
      vertex -75.1 0 3
      vertex -75.1 0 0
    endloop
  endfacet
  facet normal 0.0784629 -0.996917 0
    outer loop
      vertex -73.7503 1.5803 0
      vertex -73.5 1.6 3
      vertex -73.7503 1.5803 3
    endloop
  endfacet
  facet normal 0.0784629 -0.996917 0
    outer loop
      vertex -73.5 1.6 3
      vertex -73.7503 1.5803 0
      vertex -73.5 1.6 0
    endloop
  endfacet
  facet normal -0.0784629 0.996917 0
    outer loop
      vertex -73.2497 -1.5803 0
      vertex -73.5 -1.6 3
      vertex -73.2497 -1.5803 3
    endloop
  endfacet
  facet normal -0.0784629 0.996917 0
    outer loop
      vertex -73.5 -1.6 3
      vertex -73.2497 -1.5803 0
      vertex -73.5 -1.6 0
    endloop
  endfacet
  facet normal -0.649485 -0.760374 0
    outer loop
      vertex -72.5595 1.29443 0
      vertex -72.3686 1.13137 3
      vertex -72.5595 1.29443 3
    endloop
  endfacet
  facet normal -0.649485 -0.760374 -0
    outer loop
      vertex -72.3686 1.13137 3
      vertex -72.5595 1.29443 0
      vertex -72.3686 1.13137 0
    endloop
  endfacet
  facet normal 0.760516 -0.649319 0
    outer loop
      vertex -74.7944 0.940456 3
      vertex -74.6314 1.13137 0
      vertex -74.6314 1.13137 3
    endloop
  endfacet
  facet normal 0.760516 -0.649319 0
    outer loop
      vertex -74.6314 1.13137 0
      vertex -74.7944 0.940456 3
      vertex -74.7944 0.940456 0
    endloop
  endfacet
  facet normal 0.522439 -0.852677 0
    outer loop
      vertex -74.4405 1.29443 0
      vertex -74.2264 1.42561 3
      vertex -74.4405 1.29443 3
    endloop
  endfacet
  facet normal 0.522439 -0.852677 0
    outer loop
      vertex -74.2264 1.42561 3
      vertex -74.4405 1.29443 0
      vertex -74.2264 1.42561 0
    endloop
  endfacet
  facet normal -0.852611 -0.522546 0
    outer loop
      vertex -72.0744 0.726384 0
      vertex -72.2056 0.940456 3
      vertex -72.2056 0.940456 0
    endloop
  endfacet
  facet normal -0.852611 -0.522546 0
    outer loop
      vertex -72.2056 0.940456 3
      vertex -72.0744 0.726384 0
      vertex -72.0744 0.726384 3
    endloop
  endfacet
  facet normal -0.97238 -0.233404 0
    outer loop
      vertex -71.9197 0.250295 0
      vertex -71.9783 0.494427 3
      vertex -71.9783 0.494427 0
    endloop
  endfacet
  facet normal -0.97238 -0.233404 0
    outer loop
      vertex -71.9783 0.494427 3
      vertex -71.9197 0.250295 0
      vertex -71.9197 0.250295 3
    endloop
  endfacet
  facet normal -0.760516 -0.649319 0
    outer loop
      vertex -72.2056 0.940456 0
      vertex -72.3686 1.13137 3
      vertex -72.3686 1.13137 0
    endloop
  endfacet
  facet normal -0.760516 -0.649319 0
    outer loop
      vertex -72.3686 1.13137 3
      vertex -72.2056 0.940456 0
      vertex -72.2056 0.940456 3
    endloop
  endfacet
  facet normal -0.382624 -0.923904 0
    outer loop
      vertex -73.0056 1.52169 0
      vertex -72.7736 1.42561 3
      vertex -73.0056 1.52169 3
    endloop
  endfacet
  facet normal -0.382624 -0.923904 -0
    outer loop
      vertex -72.7736 1.42561 3
      vertex -73.0056 1.52169 0
      vertex -72.7736 1.42561 0
    endloop
  endfacet
  facet normal -0.233471 -0.972364 0
    outer loop
      vertex -73.2497 1.5803 0
      vertex -73.0056 1.52169 3
      vertex -73.2497 1.5803 3
    endloop
  endfacet
  facet normal -0.233471 -0.972364 -0
    outer loop
      vertex -73.0056 1.52169 3
      vertex -73.2497 1.5803 0
      vertex -73.0056 1.52169 0
    endloop
  endfacet
  facet normal -0.522439 -0.852677 0
    outer loop
      vertex -72.7736 1.42561 0
      vertex -72.5595 1.29443 3
      vertex -72.7736 1.42561 3
    endloop
  endfacet
  facet normal -0.522439 -0.852677 -0
    outer loop
      vertex -72.5595 1.29443 3
      vertex -72.7736 1.42561 0
      vertex -72.5595 1.29443 0
    endloop
  endfacet
  facet normal 0.923851 -0.382752 0
    outer loop
      vertex -75.0217 0.494427 3
      vertex -74.9256 0.726384 0
      vertex -74.9256 0.726384 3
    endloop
  endfacet
  facet normal 0.923851 -0.382752 0
    outer loop
      vertex -74.9256 0.726384 0
      vertex -75.0217 0.494427 3
      vertex -75.0217 0.494427 0
    endloop
  endfacet
  facet normal 0.852611 -0.522546 0
    outer loop
      vertex -74.9256 0.726384 3
      vertex -74.7944 0.940456 0
      vertex -74.7944 0.940456 3
    endloop
  endfacet
  facet normal 0.852611 -0.522546 0
    outer loop
      vertex -74.7944 0.940456 0
      vertex -74.9256 0.726384 3
      vertex -74.9256 0.726384 0
    endloop
  endfacet
  facet normal 0.97238 -0.233404 0
    outer loop
      vertex -75.0803 0.250295 3
      vertex -75.0217 0.494427 0
      vertex -75.0217 0.494427 3
    endloop
  endfacet
  facet normal 0.97238 -0.233404 0
    outer loop
      vertex -75.0217 0.494427 0
      vertex -75.0803 0.250295 3
      vertex -75.0803 0.250295 0
    endloop
  endfacet
  facet normal 0.649485 -0.760374 0
    outer loop
      vertex -74.6314 1.13137 0
      vertex -74.4405 1.29443 3
      vertex -74.6314 1.13137 3
    endloop
  endfacet
  facet normal 0.649485 -0.760374 0
    outer loop
      vertex -74.4405 1.29443 3
      vertex -74.6314 1.13137 0
      vertex -74.4405 1.29443 0
    endloop
  endfacet
  facet normal 0.233471 -0.972364 0
    outer loop
      vertex -73.9944 1.52169 0
      vertex -73.7503 1.5803 3
      vertex -73.9944 1.52169 3
    endloop
  endfacet
  facet normal 0.233471 -0.972364 0
    outer loop
      vertex -73.7503 1.5803 3
      vertex -73.9944 1.52169 0
      vertex -73.7503 1.5803 0
    endloop
  endfacet
  facet normal 0.923851 0.382752 0
    outer loop
      vertex -74.9256 -0.726384 3
      vertex -75.0217 -0.494427 0
      vertex -75.0217 -0.494427 3
    endloop
  endfacet
  facet normal 0.923851 0.382752 0
    outer loop
      vertex -75.0217 -0.494427 0
      vertex -74.9256 -0.726384 3
      vertex -74.9256 -0.726384 0
    endloop
  endfacet
  facet normal -0.233471 0.972364 0
    outer loop
      vertex -73.0056 -1.52169 0
      vertex -73.2497 -1.5803 3
      vertex -73.0056 -1.52169 3
    endloop
  endfacet
  facet normal -0.233471 0.972364 0
    outer loop
      vertex -73.2497 -1.5803 3
      vertex -73.0056 -1.52169 0
      vertex -73.2497 -1.5803 0
    endloop
  endfacet
  facet normal -0.97238 0.233404 0
    outer loop
      vertex -71.9783 -0.494427 0
      vertex -71.9197 -0.250295 3
      vertex -71.9197 -0.250295 0
    endloop
  endfacet
  facet normal -0.97238 0.233404 0
    outer loop
      vertex -71.9197 -0.250295 3
      vertex -71.9783 -0.494427 0
      vertex -71.9783 -0.494427 3
    endloop
  endfacet
  facet normal -0.923851 -0.382752 0
    outer loop
      vertex -71.9783 0.494427 0
      vertex -72.0744 0.726384 3
      vertex -72.0744 0.726384 0
    endloop
  endfacet
  facet normal -0.923851 -0.382752 0
    outer loop
      vertex -72.0744 0.726384 3
      vertex -71.9783 0.494427 0
      vertex -71.9783 0.494427 3
    endloop
  endfacet
  facet normal -0.0784629 -0.996917 0
    outer loop
      vertex -73.5 1.6 0
      vertex -73.2497 1.5803 3
      vertex -73.5 1.6 3
    endloop
  endfacet
  facet normal -0.0784629 -0.996917 -0
    outer loop
      vertex -73.2497 1.5803 3
      vertex -73.5 1.6 0
      vertex -73.2497 1.5803 0
    endloop
  endfacet
  facet normal 0.382624 -0.923904 0
    outer loop
      vertex -74.2264 1.42561 0
      vertex -73.9944 1.52169 3
      vertex -74.2264 1.42561 3
    endloop
  endfacet
  facet normal 0.382624 -0.923904 0
    outer loop
      vertex -73.9944 1.52169 3
      vertex -74.2264 1.42561 0
      vertex -73.9944 1.52169 0
    endloop
  endfacet
  facet normal -0.996917 0.0784645 0
    outer loop
      vertex -71.9197 -0.250295 0
      vertex -71.9 0 3
      vertex -71.9 0 0
    endloop
  endfacet
  facet normal -0.996917 0.0784645 0
    outer loop
      vertex -71.9 0 3
      vertex -71.9197 -0.250295 0
      vertex -71.9197 -0.250295 3
    endloop
  endfacet
  facet normal -0.649485 0.760374 0
    outer loop
      vertex -72.3686 -1.13137 0
      vertex -72.5595 -1.29443 3
      vertex -72.3686 -1.13137 3
    endloop
  endfacet
  facet normal -0.649485 0.760374 0
    outer loop
      vertex -72.5595 -1.29443 3
      vertex -72.3686 -1.13137 0
      vertex -72.5595 -1.29443 0
    endloop
  endfacet
  facet normal -0.923851 0.382752 0
    outer loop
      vertex -72.0744 -0.726384 0
      vertex -71.9783 -0.494427 3
      vertex -71.9783 -0.494427 0
    endloop
  endfacet
  facet normal -0.923851 0.382752 0
    outer loop
      vertex -71.9783 -0.494427 3
      vertex -72.0744 -0.726384 0
      vertex -72.0744 -0.726384 3
    endloop
  endfacet
  facet normal -0.852611 0.522546 0
    outer loop
      vertex -72.2056 -0.940456 0
      vertex -72.0744 -0.726384 3
      vertex -72.0744 -0.726384 0
    endloop
  endfacet
  facet normal -0.852611 0.522546 0
    outer loop
      vertex -72.0744 -0.726384 3
      vertex -72.2056 -0.940456 0
      vertex -72.2056 -0.940456 3
    endloop
  endfacet
  facet normal 0.233471 0.972364 -0
    outer loop
      vertex -73.7503 -1.5803 0
      vertex -73.9944 -1.52169 3
      vertex -73.7503 -1.5803 3
    endloop
  endfacet
  facet normal 0.233471 0.972364 0
    outer loop
      vertex -73.9944 -1.52169 3
      vertex -73.7503 -1.5803 0
      vertex -73.9944 -1.52169 0
    endloop
  endfacet
  facet normal -0.522439 0.852677 0
    outer loop
      vertex -72.5595 -1.29443 0
      vertex -72.7736 -1.42561 3
      vertex -72.5595 -1.29443 3
    endloop
  endfacet
  facet normal -0.522439 0.852677 0
    outer loop
      vertex -72.7736 -1.42561 3
      vertex -72.5595 -1.29443 0
      vertex -72.7736 -1.42561 0
    endloop
  endfacet
  facet normal -0.382624 0.923904 0
    outer loop
      vertex -72.7736 -1.42561 0
      vertex -73.0056 -1.52169 3
      vertex -72.7736 -1.42561 3
    endloop
  endfacet
  facet normal -0.382624 0.923904 0
    outer loop
      vertex -73.0056 -1.52169 3
      vertex -72.7736 -1.42561 0
      vertex -73.0056 -1.52169 0
    endloop
  endfacet
  facet normal -0.760516 0.649319 0
    outer loop
      vertex -72.3686 -1.13137 0
      vertex -72.2056 -0.940456 3
      vertex -72.2056 -0.940456 0
    endloop
  endfacet
  facet normal -0.760516 0.649319 0
    outer loop
      vertex -72.2056 -0.940456 3
      vertex -72.3686 -1.13137 0
      vertex -72.3686 -1.13137 3
    endloop
  endfacet
  facet normal 0.0784629 0.996917 -0
    outer loop
      vertex -73.5 -1.6 0
      vertex -73.7503 -1.5803 3
      vertex -73.5 -1.6 3
    endloop
  endfacet
  facet normal 0.0784629 0.996917 0
    outer loop
      vertex -73.7503 -1.5803 3
      vertex -73.5 -1.6 0
      vertex -73.7503 -1.5803 0
    endloop
  endfacet
  facet normal 0.522439 0.852677 -0
    outer loop
      vertex -74.2264 -1.42561 0
      vertex -74.4405 -1.29443 3
      vertex -74.2264 -1.42561 3
    endloop
  endfacet
  facet normal 0.522439 0.852677 0
    outer loop
      vertex -74.4405 -1.29443 3
      vertex -74.2264 -1.42561 0
      vertex -74.4405 -1.29443 0
    endloop
  endfacet
  facet normal 0.760516 0.649319 0
    outer loop
      vertex -74.6314 -1.13137 3
      vertex -74.7944 -0.940456 0
      vertex -74.7944 -0.940456 3
    endloop
  endfacet
  facet normal 0.760516 0.649319 0
    outer loop
      vertex -74.7944 -0.940456 0
      vertex -74.6314 -1.13137 3
      vertex -74.6314 -1.13137 0
    endloop
  endfacet
  facet normal 0.649485 0.760374 -0
    outer loop
      vertex -74.4405 -1.29443 0
      vertex -74.6314 -1.13137 3
      vertex -74.4405 -1.29443 3
    endloop
  endfacet
  facet normal 0.649485 0.760374 0
    outer loop
      vertex -74.6314 -1.13137 3
      vertex -74.4405 -1.29443 0
      vertex -74.6314 -1.13137 0
    endloop
  endfacet
  facet normal 0.97238 0.233404 0
    outer loop
      vertex -75.0217 -0.494427 3
      vertex -75.0803 -0.250295 0
      vertex -75.0803 -0.250295 3
    endloop
  endfacet
  facet normal 0.97238 0.233404 0
    outer loop
      vertex -75.0803 -0.250295 0
      vertex -75.0217 -0.494427 3
      vertex -75.0217 -0.494427 0
    endloop
  endfacet
  facet normal 0.996917 0.0784645 0
    outer loop
      vertex -75.0803 -0.250295 3
      vertex -75.1 0 0
      vertex -75.1 0 3
    endloop
  endfacet
  facet normal 0.996917 0.0784645 0
    outer loop
      vertex -75.1 0 0
      vertex -75.0803 -0.250295 3
      vertex -75.0803 -0.250295 0
    endloop
  endfacet
  facet normal 0.382624 0.923904 -0
    outer loop
      vertex -73.9944 -1.52169 0
      vertex -74.2264 -1.42561 3
      vertex -73.9944 -1.52169 3
    endloop
  endfacet
  facet normal 0.382624 0.923904 0
    outer loop
      vertex -74.2264 -1.42561 3
      vertex -73.9944 -1.52169 0
      vertex -74.2264 -1.42561 0
    endloop
  endfacet
  facet normal 0.852611 0.522546 0
    outer loop
      vertex -74.7944 -0.940456 3
      vertex -74.9256 -0.726384 0
      vertex -74.9256 -0.726384 3
    endloop
  endfacet
  facet normal 0.852611 0.522546 0
    outer loop
      vertex -74.9256 -0.726384 0
      vertex -74.7944 -0.940456 3
      vertex -74.7944 -0.940456 0
    endloop
  endfacet
  facet normal -0.760516 -0.649319 0
    outer loop
      vertex 74.7944 0.940456 0
      vertex 74.6314 1.13137 3
      vertex 74.6314 1.13137 0
    endloop
  endfacet
  facet normal -0.760516 -0.649319 0
    outer loop
      vertex 74.6314 1.13137 3
      vertex 74.7944 0.940456 0
      vertex 74.7944 0.940456 3
    endloop
  endfacet
  facet normal -0.382624 -0.923904 0
    outer loop
      vertex 73.9944 1.52169 0
      vertex 74.2264 1.42561 3
      vertex 73.9944 1.52169 3
    endloop
  endfacet
  facet normal -0.382624 -0.923904 -0
    outer loop
      vertex 74.2264 1.42561 3
      vertex 73.9944 1.52169 0
      vertex 74.2264 1.42561 0
    endloop
  endfacet
  facet normal 0.522439 -0.852677 0
    outer loop
      vertex 72.5595 1.29443 0
      vertex 72.7736 1.42561 3
      vertex 72.5595 1.29443 3
    endloop
  endfacet
  facet normal 0.522439 -0.852677 0
    outer loop
      vertex 72.7736 1.42561 3
      vertex 72.5595 1.29443 0
      vertex 72.7736 1.42561 0
    endloop
  endfacet
  facet normal 0.923851 -0.382752 0
    outer loop
      vertex 71.9783 0.494427 3
      vertex 72.0744 0.726384 0
      vertex 72.0744 0.726384 3
    endloop
  endfacet
  facet normal 0.923851 -0.382752 0
    outer loop
      vertex 72.0744 0.726384 0
      vertex 71.9783 0.494427 3
      vertex 71.9783 0.494427 0
    endloop
  endfacet
  facet normal -0.522439 0.852677 0
    outer loop
      vertex 74.4405 -1.29443 0
      vertex 74.2264 -1.42561 3
      vertex 74.4405 -1.29443 3
    endloop
  endfacet
  facet normal -0.522439 0.852677 0
    outer loop
      vertex 74.2264 -1.42561 3
      vertex 74.4405 -1.29443 0
      vertex 74.2264 -1.42561 0
    endloop
  endfacet
  facet normal -0.649485 -0.760374 0
    outer loop
      vertex 74.4405 1.29443 0
      vertex 74.6314 1.13137 3
      vertex 74.4405 1.29443 3
    endloop
  endfacet
  facet normal -0.649485 -0.760374 -0
    outer loop
      vertex 74.6314 1.13137 3
      vertex 74.4405 1.29443 0
      vertex 74.6314 1.13137 0
    endloop
  endfacet
  facet normal -0.0784629 -0.996917 0
    outer loop
      vertex 73.5 1.6 0
      vertex 73.7503 1.5803 3
      vertex 73.5 1.6 3
    endloop
  endfacet
  facet normal -0.0784629 -0.996917 -0
    outer loop
      vertex 73.7503 1.5803 3
      vertex 73.5 1.6 0
      vertex 73.7503 1.5803 0
    endloop
  endfacet
  facet normal -0.522439 -0.852677 0
    outer loop
      vertex 74.2264 1.42561 0
      vertex 74.4405 1.29443 3
      vertex 74.2264 1.42561 3
    endloop
  endfacet
  facet normal -0.522439 -0.852677 -0
    outer loop
      vertex 74.4405 1.29443 3
      vertex 74.2264 1.42561 0
      vertex 74.4405 1.29443 0
    endloop
  endfacet
  facet normal 0.996917 -0.0784645 0
    outer loop
      vertex 71.9 0 3
      vertex 71.9197 0.250295 0
      vertex 71.9197 0.250295 3
    endloop
  endfacet
  facet normal 0.996917 -0.0784645 0
    outer loop
      vertex 71.9197 0.250295 0
      vertex 71.9 0 3
      vertex 71.9 0 0
    endloop
  endfacet
  facet normal 0.852611 -0.522546 0
    outer loop
      vertex 72.0744 0.726384 3
      vertex 72.2056 0.940456 0
      vertex 72.2056 0.940456 3
    endloop
  endfacet
  facet normal 0.852611 -0.522546 0
    outer loop
      vertex 72.2056 0.940456 0
      vertex 72.0744 0.726384 3
      vertex 72.0744 0.726384 0
    endloop
  endfacet
  facet normal 0.649485 -0.760374 0
    outer loop
      vertex 72.3686 1.13137 0
      vertex 72.5595 1.29443 3
      vertex 72.3686 1.13137 3
    endloop
  endfacet
  facet normal 0.649485 -0.760374 0
    outer loop
      vertex 72.5595 1.29443 3
      vertex 72.3686 1.13137 0
      vertex 72.5595 1.29443 0
    endloop
  endfacet
  facet normal 0.233471 -0.972364 0
    outer loop
      vertex 73.0056 1.52169 0
      vertex 73.2497 1.5803 3
      vertex 73.0056 1.52169 3
    endloop
  endfacet
  facet normal 0.233471 -0.972364 0
    outer loop
      vertex 73.2497 1.5803 3
      vertex 73.0056 1.52169 0
      vertex 73.2497 1.5803 0
    endloop
  endfacet
  facet normal 0.760516 -0.649319 0
    outer loop
      vertex 72.2056 0.940456 3
      vertex 72.3686 1.13137 0
      vertex 72.3686 1.13137 3
    endloop
  endfacet
  facet normal 0.760516 -0.649319 0
    outer loop
      vertex 72.3686 1.13137 0
      vertex 72.2056 0.940456 3
      vertex 72.2056 0.940456 0
    endloop
  endfacet
  facet normal 0.233471 0.972364 -0
    outer loop
      vertex 73.2497 -1.5803 0
      vertex 73.0056 -1.52169 3
      vertex 73.2497 -1.5803 3
    endloop
  endfacet
  facet normal 0.233471 0.972364 0
    outer loop
      vertex 73.0056 -1.52169 3
      vertex 73.2497 -1.5803 0
      vertex 73.0056 -1.52169 0
    endloop
  endfacet
  facet normal -0.649485 0.760374 0
    outer loop
      vertex 74.6314 -1.13137 0
      vertex 74.4405 -1.29443 3
      vertex 74.6314 -1.13137 3
    endloop
  endfacet
  facet normal -0.649485 0.760374 0
    outer loop
      vertex 74.4405 -1.29443 3
      vertex 74.6314 -1.13137 0
      vertex 74.4405 -1.29443 0
    endloop
  endfacet
  facet normal -0.923851 0.382752 0
    outer loop
      vertex 74.9256 -0.726384 0
      vertex 75.0217 -0.494427 3
      vertex 75.0217 -0.494427 0
    endloop
  endfacet
  facet normal -0.923851 0.382752 0
    outer loop
      vertex 75.0217 -0.494427 3
      vertex 74.9256 -0.726384 0
      vertex 74.9256 -0.726384 3
    endloop
  endfacet
  facet normal -0.382624 0.923904 0
    outer loop
      vertex 74.2264 -1.42561 0
      vertex 73.9944 -1.52169 3
      vertex 74.2264 -1.42561 3
    endloop
  endfacet
  facet normal -0.382624 0.923904 0
    outer loop
      vertex 73.9944 -1.52169 3
      vertex 74.2264 -1.42561 0
      vertex 73.9944 -1.52169 0
    endloop
  endfacet
  facet normal 0.0784629 -0.996917 0
    outer loop
      vertex 73.2497 1.5803 0
      vertex 73.5 1.6 3
      vertex 73.2497 1.5803 3
    endloop
  endfacet
  facet normal 0.0784629 -0.996917 0
    outer loop
      vertex 73.5 1.6 3
      vertex 73.2497 1.5803 0
      vertex 73.5 1.6 0
    endloop
  endfacet
  facet normal -0.233471 -0.972364 0
    outer loop
      vertex 73.7503 1.5803 0
      vertex 73.9944 1.52169 3
      vertex 73.7503 1.5803 3
    endloop
  endfacet
  facet normal -0.233471 -0.972364 -0
    outer loop
      vertex 73.9944 1.52169 3
      vertex 73.7503 1.5803 0
      vertex 73.9944 1.52169 0
    endloop
  endfacet
  facet normal 0.97238 -0.233404 0
    outer loop
      vertex 71.9197 0.250295 3
      vertex 71.9783 0.494427 0
      vertex 71.9783 0.494427 3
    endloop
  endfacet
  facet normal 0.97238 -0.233404 0
    outer loop
      vertex 71.9783 0.494427 0
      vertex 71.9197 0.250295 3
      vertex 71.9197 0.250295 0
    endloop
  endfacet
  facet normal 0.382624 -0.923904 0
    outer loop
      vertex 72.7736 1.42561 0
      vertex 73.0056 1.52169 3
      vertex 72.7736 1.42561 3
    endloop
  endfacet
  facet normal 0.382624 -0.923904 0
    outer loop
      vertex 73.0056 1.52169 3
      vertex 72.7736 1.42561 0
      vertex 73.0056 1.52169 0
    endloop
  endfacet
  facet normal -0.996917 -0.0784645 0
    outer loop
      vertex 75.1 0 0
      vertex 75.0803 0.250295 3
      vertex 75.0803 0.250295 0
    endloop
  endfacet
  facet normal -0.996917 -0.0784645 0
    outer loop
      vertex 75.0803 0.250295 3
      vertex 75.1 0 0
      vertex 75.1 0 3
    endloop
  endfacet
  facet normal -0.996917 0.0784645 0
    outer loop
      vertex 75.0803 -0.250295 0
      vertex 75.1 0 3
      vertex 75.1 0 0
    endloop
  endfacet
  facet normal -0.996917 0.0784645 0
    outer loop
      vertex 75.1 0 3
      vertex 75.0803 -0.250295 0
      vertex 75.0803 -0.250295 3
    endloop
  endfacet
  facet normal 0.996917 0.0784645 0
    outer loop
      vertex 71.9197 -0.250295 3
      vertex 71.9 0 0
      vertex 71.9 0 3
    endloop
  endfacet
  facet normal 0.996917 0.0784645 0
    outer loop
      vertex 71.9 0 0
      vertex 71.9197 -0.250295 3
      vertex 71.9197 -0.250295 0
    endloop
  endfacet
  facet normal -0.852611 0.522546 0
    outer loop
      vertex 74.7944 -0.940456 0
      vertex 74.9256 -0.726384 3
      vertex 74.9256 -0.726384 0
    endloop
  endfacet
  facet normal -0.852611 0.522546 0
    outer loop
      vertex 74.9256 -0.726384 3
      vertex 74.7944 -0.940456 0
      vertex 74.7944 -0.940456 3
    endloop
  endfacet
  facet normal -0.233471 0.972364 0
    outer loop
      vertex 73.9944 -1.52169 0
      vertex 73.7503 -1.5803 3
      vertex 73.9944 -1.52169 3
    endloop
  endfacet
  facet normal -0.233471 0.972364 0
    outer loop
      vertex 73.7503 -1.5803 3
      vertex 73.9944 -1.52169 0
      vertex 73.7503 -1.5803 0
    endloop
  endfacet
  facet normal -0.852611 -0.522546 0
    outer loop
      vertex 74.9256 0.726384 0
      vertex 74.7944 0.940456 3
      vertex 74.7944 0.940456 0
    endloop
  endfacet
  facet normal -0.852611 -0.522546 0
    outer loop
      vertex 74.7944 0.940456 3
      vertex 74.9256 0.726384 0
      vertex 74.9256 0.726384 3
    endloop
  endfacet
  facet normal -0.923851 -0.382752 0
    outer loop
      vertex 75.0217 0.494427 0
      vertex 74.9256 0.726384 3
      vertex 74.9256 0.726384 0
    endloop
  endfacet
  facet normal -0.923851 -0.382752 0
    outer loop
      vertex 74.9256 0.726384 3
      vertex 75.0217 0.494427 0
      vertex 75.0217 0.494427 3
    endloop
  endfacet
  facet normal -0.97238 -0.233404 0
    outer loop
      vertex 75.0803 0.250295 0
      vertex 75.0217 0.494427 3
      vertex 75.0217 0.494427 0
    endloop
  endfacet
  facet normal -0.97238 -0.233404 0
    outer loop
      vertex 75.0217 0.494427 3
      vertex 75.0803 0.250295 0
      vertex 75.0803 0.250295 3
    endloop
  endfacet
  facet normal -0.97238 0.233404 0
    outer loop
      vertex 75.0217 -0.494427 0
      vertex 75.0803 -0.250295 3
      vertex 75.0803 -0.250295 0
    endloop
  endfacet
  facet normal -0.97238 0.233404 0
    outer loop
      vertex 75.0803 -0.250295 3
      vertex 75.0217 -0.494427 0
      vertex 75.0217 -0.494427 3
    endloop
  endfacet
  facet normal 0.382624 0.923904 -0
    outer loop
      vertex 73.0056 -1.52169 0
      vertex 72.7736 -1.42561 3
      vertex 73.0056 -1.52169 3
    endloop
  endfacet
  facet normal 0.382624 0.923904 0
    outer loop
      vertex 72.7736 -1.42561 3
      vertex 73.0056 -1.52169 0
      vertex 72.7736 -1.42561 0
    endloop
  endfacet
  facet normal 0.0784629 0.996917 -0
    outer loop
      vertex 73.5 -1.6 0
      vertex 73.2497 -1.5803 3
      vertex 73.5 -1.6 3
    endloop
  endfacet
  facet normal 0.0784629 0.996917 0
    outer loop
      vertex 73.2497 -1.5803 3
      vertex 73.5 -1.6 0
      vertex 73.2497 -1.5803 0
    endloop
  endfacet
  facet normal 0.923851 0.382752 0
    outer loop
      vertex 72.0744 -0.726384 3
      vertex 71.9783 -0.494427 0
      vertex 71.9783 -0.494427 3
    endloop
  endfacet
  facet normal 0.923851 0.382752 0
    outer loop
      vertex 71.9783 -0.494427 0
      vertex 72.0744 -0.726384 3
      vertex 72.0744 -0.726384 0
    endloop
  endfacet
  facet normal 0.97238 0.233404 0
    outer loop
      vertex 71.9783 -0.494427 3
      vertex 71.9197 -0.250295 0
      vertex 71.9197 -0.250295 3
    endloop
  endfacet
  facet normal 0.97238 0.233404 0
    outer loop
      vertex 71.9197 -0.250295 0
      vertex 71.9783 -0.494427 3
      vertex 71.9783 -0.494427 0
    endloop
  endfacet
  facet normal 0.852611 0.522546 0
    outer loop
      vertex 72.2056 -0.940456 3
      vertex 72.0744 -0.726384 0
      vertex 72.0744 -0.726384 3
    endloop
  endfacet
  facet normal 0.852611 0.522546 0
    outer loop
      vertex 72.0744 -0.726384 0
      vertex 72.2056 -0.940456 3
      vertex 72.2056 -0.940456 0
    endloop
  endfacet
  facet normal -0.760516 0.649319 0
    outer loop
      vertex 74.6314 -1.13137 0
      vertex 74.7944 -0.940456 3
      vertex 74.7944 -0.940456 0
    endloop
  endfacet
  facet normal -0.760516 0.649319 0
    outer loop
      vertex 74.7944 -0.940456 3
      vertex 74.6314 -1.13137 0
      vertex 74.6314 -1.13137 3
    endloop
  endfacet
  facet normal 0.522439 0.852677 -0
    outer loop
      vertex 72.7736 -1.42561 0
      vertex 72.5595 -1.29443 3
      vertex 72.7736 -1.42561 3
    endloop
  endfacet
  facet normal 0.522439 0.852677 0
    outer loop
      vertex 72.5595 -1.29443 3
      vertex 72.7736 -1.42561 0
      vertex 72.5595 -1.29443 0
    endloop
  endfacet
  facet normal -0.0784629 0.996917 0
    outer loop
      vertex 73.7503 -1.5803 0
      vertex 73.5 -1.6 3
      vertex 73.7503 -1.5803 3
    endloop
  endfacet
  facet normal -0.0784629 0.996917 0
    outer loop
      vertex 73.5 -1.6 3
      vertex 73.7503 -1.5803 0
      vertex 73.5 -1.6 0
    endloop
  endfacet
  facet normal 0.760516 0.649319 0
    outer loop
      vertex 72.3686 -1.13137 3
      vertex 72.2056 -0.940456 0
      vertex 72.2056 -0.940456 3
    endloop
  endfacet
  facet normal 0.760516 0.649319 0
    outer loop
      vertex 72.2056 -0.940456 0
      vertex 72.3686 -1.13137 3
      vertex 72.3686 -1.13137 0
    endloop
  endfacet
  facet normal 0.649485 0.760374 -0
    outer loop
      vertex 72.5595 -1.29443 0
      vertex 72.3686 -1.13137 3
      vertex 72.5595 -1.29443 3
    endloop
  endfacet
  facet normal 0.649485 0.760374 0
    outer loop
      vertex 72.3686 -1.13137 3
      vertex 72.5595 -1.29443 0
      vertex 72.3686 -1.13137 0
    endloop
  endfacet
  facet normal -1 0 0
    outer loop
      vertex -81.5 -31 0
      vertex -81.5 31 3
      vertex -81.5 31 0
    endloop
  endfacet
  facet normal -1 -0 0
    outer loop
      vertex -81.5 31 3
      vertex -81.5 -31 0
      vertex -81.5 -31 3
    endloop
  endfacet
  facet normal 0 0 1
    outer loop
      vertex -8.93892 -7.04507 3
      vertex -8.47278 -7.52722 3
      vertex -8.33884 -7.41281 3
    endloop
  endfacet
  facet normal 0 0 1
    outer loop
      vertex -8.93892 -7.04507 3
      vertex -8.65622 -7.74199 3
      vertex -8.47278 -7.52722 3
    endloop
  endfacet
  facet normal 0 0 1
    outer loop
      vertex -8.93892 -7.04507 3
      vertex -8.8038 -7.98282 3
      vertex -8.65622 -7.74199 3
    endloop
  endfacet
  facet normal 0 0 1
    outer loop
      vertex -8.93892 -7.04507 3
      vertex -8.9119 -8.24377 3
      vertex -8.8038 -7.98282 3
    endloop
  endfacet
  facet normal 0 0 1
    outer loop
      vertex -9.53552 -6.53552 3
      vertex -8.9119 -8.24377 3
      vertex -8.93892 -7.04507 3
    endloop
  endfacet
  facet normal 0 0 1
    outer loop
      vertex -8.9119 -8.24377 3
      vertex -9.53552 -6.53552 3
      vertex -8.97783 -8.51843 3
    endloop
  endfacet
  facet normal 0 0 1
    outer loop
      vertex -10.0451 -5.93892 3
      vertex -9 -8.8 3
      vertex -9.53552 -6.53552 3
    endloop
  endfacet
  facet normal 0 0 1
    outer loop
      vertex -8.97783 -8.51843 3
      vertex -9.53552 -6.53552 3
      vertex -9 -8.8 3
    endloop
  endfacet
  facet normal 0 0 1
    outer loop
      vertex -13.0767 -17.6026 3
      vertex -8.65622 -16.258 3
      vertex -8.8038 -16.0172 3
    endloop
  endfacet
  facet normal 0 0 1
    outer loop
      vertex -13.0767 -17.6026 3
      vertex -8.8038 -16.0172 3
      vertex -8.9119 -15.7562 3
    endloop
  endfacet
  facet normal 0 0 1
    outer loop
      vertex -13.0767 -17.6026 3
      vertex -8.9119 -15.7562 3
      vertex -8.97783 -15.4816 3
    endloop
  endfacet
  facet normal 0 0 1
    outer loop
      vertex -13.0767 -17.6026 3
      vertex -8.97783 -15.4816 3
      vertex -9 -15.2 3
    endloop
  endfacet
  facet normal 0 0 1
    outer loop
      vertex -9 -8.8 3
      vertex -14.2424 -17.6026 3
      vertex -9 -15.2 3
    endloop
  endfacet
  facet normal 0 0 1
    outer loop
      vertex -18.6734 -17.6049 3
      vertex -9 -8.8 3
      vertex -10.0451 -5.93892 3
    endloop
  endfacet
  facet normal 0 0 1
    outer loop
      vertex -18.6734 -17.6049 3
      vertex -10.0451 -5.93892 3
      vertex -10.455 -5.26994 3
    endloop
  endfacet
  facet normal 0 0 1
    outer loop
      vertex -19.4708 -17.4889 3
      vertex -10.455 -5.26994 3
      vertex -10.7553 -4.54507 3
    endloop
  endfacet
  facet normal 0 0 1
    outer loop
      vertex -20.5453 -17.5067 3
      vertex -10.7553 -4.54507 3
      vertex -10.9384 -3.78217 3
    endloop
  endfacet
  facet normal 0 0 1
    outer loop
      vertex -21.1429 -17.6036 3
      vertex -10.9384 -3.78217 3
      vertex -11 -3 3
    endloop
  endfacet
  facet normal 0 0 1
    outer loop
      vertex -8.65622 -16.258 3
      vertex -13.0767 -17.6026 3
      vertex -8.73131 -25.2498 3
    endloop
  endfacet
  facet normal 0 0 1
    outer loop
      vertex -8.73131 -25.2498 3
      vertex -13.0767 -17.6026 3
      vertex -13.0767 -25.2498 3
    endloop
  endfacet
  facet normal -0 0 1
    outer loop
      vertex -6.51843 -16.9778 3
      vertex -6.28775 -17.6026 3
      vertex -6.24377 -16.9119 3
    endloop
  endfacet
  facet normal -0 0 1
    outer loop
      vertex -6.8 -17 3
      vertex -6.28775 -17.6026 3
      vertex -6.51843 -16.9778 3
    endloop
  endfacet
  facet normal 0 0 1
    outer loop
      vertex -7.45343 -17.6026 3
      vertex -6.8 -17 3
      vertex -7.2 -17 3
    endloop
  endfacet
  facet normal 0 0 1
    outer loop
      vertex -6.8 -17 3
      vertex -7.45343 -17.6026 3
      vertex -6.28775 -17.6026 3
    endloop
  endfacet
  facet normal 0 0 1
    outer loop
      vertex -7.75623 -16.9119 3
      vertex -7.45343 -17.6026 3
      vertex -7.48157 -16.9778 3
    endloop
  endfacet
  facet normal 0 0 1
    outer loop
      vertex -7.48157 -16.9778 3
      vertex -7.45343 -17.6026 3
      vertex -7.2 -17 3
    endloop
  endfacet
  facet normal 0 0 1
    outer loop
      vertex -3 -8.8 3
      vertex -5 -8.8 3
      vertex -3 -15.2 3
    endloop
  endfacet
  facet normal 0 0 1
    outer loop
      vertex -2.97783 -8.51843 3
      vertex -5 -8.8 3
      vertex -3 -8.8 3
    endloop
  endfacet
  facet normal 0 0 1
    outer loop
      vertex -5.02217 -8.51843 3
      vertex -2.97783 -8.51843 3
      vertex -2.9119 -8.24377 3
    endloop
  endfacet
  facet normal 0 0 1
    outer loop
      vertex -5.0881 -8.24377 3
      vertex -2.9119 -8.24377 3
      vertex -2.81091 -8 3
    endloop
  endfacet
  facet normal 0 0 1
    outer loop
      vertex -2.97783 -8.51843 3
      vertex -5.02217 -8.51843 3
      vertex -5 -8.8 3
    endloop
  endfacet
  facet normal 0 0 1
    outer loop
      vertex -2.9119 -8.24377 3
      vertex -5.0881 -8.24377 3
      vertex -5.02217 -8.51843 3
    endloop
  endfacet
  facet normal 0 -0 1
    outer loop
      vertex -5.0881 -8.24377 3
      vertex -2.81091 -8 3
      vertex -5.18909 -8 3
    endloop
  endfacet
  facet normal 0 0 1
    outer loop
      vertex 11.0222 -8.51843 3
      vertex 10 -8 3
      vertex 11 -8.8 3
    endloop
  endfacet
  facet normal -0 0 1
    outer loop
      vertex 10 -8 3
      vertex 11.0222 -8.51843 3
      vertex 10.7822 -7.93843 3
    endloop
  endfacet
  facet normal 0 0 1
    outer loop
      vertex 11.0881 -8.24377 3
      vertex 10.7822 -7.93843 3
      vertex 11.0222 -8.51843 3
    endloop
  endfacet
  facet normal 0 0 1
    outer loop
      vertex 11.1962 -7.98282 3
      vertex 10.7822 -7.93843 3
      vertex 11.0881 -8.24377 3
    endloop
  endfacet
  facet normal -0 0 1
    outer loop
      vertex 10.7822 -7.93843 3
      vertex 11.1962 -7.98282 3
      vertex 11.2995 -7.81424 3
    endloop
  endfacet
  facet normal 0 0 1
    outer loop
      vertex 12.2746 27.5095 3
      vertex 12.9861 24.2899 3
      vertex 13.1335 24.3041 3
    endloop
  endfacet
  facet normal 0 0 1
    outer loop
      vertex 12.2746 27.5095 3
      vertex 12.4544 24.1524 3
      vertex 12.9861 24.2899 3
    endloop
  endfacet
  facet normal 0 0 1
    outer loop
      vertex 12.4544 24.1524 3
      vertex 12.2746 27.5095 3
      vertex 11.9508 23.9334 3
    endloop
  endfacet
  facet normal 0 0 1
    outer loop
      vertex -6.28775 -17.6026 3
      vertex -1.75623 -16.9119 3
      vertex -2.01718 -16.8038 3
    endloop
  endfacet
  facet normal 0 0 1
    outer loop
      vertex -6.28775 -17.6026 3
      vertex -2.01718 -16.8038 3
      vertex -2.25801 -16.6562 3
    endloop
  endfacet
  facet normal 0 0 1
    outer loop
      vertex -6.28775 -17.6026 3
      vertex -2.25801 -16.6562 3
      vertex -2.47278 -16.4728 3
    endloop
  endfacet
  facet normal 0 0 1
    outer loop
      vertex -5.52722 -16.4728 3
      vertex -2.47278 -16.4728 3
      vertex -2.65622 -16.258 3
    endloop
  endfacet
  facet normal 0 0 1
    outer loop
      vertex -5.34378 -16.258 3
      vertex -2.65622 -16.258 3
      vertex -2.8038 -16.0172 3
    endloop
  endfacet
  facet normal 0 0 1
    outer loop
      vertex -5.1962 -16.0172 3
      vertex -2.8038 -16.0172 3
      vertex -2.9119 -15.7562 3
    endloop
  endfacet
  facet normal 0 0 1
    outer loop
      vertex -5.0881 -15.7562 3
      vertex -2.9119 -15.7562 3
      vertex -2.97783 -15.4816 3
    endloop
  endfacet
  facet normal 0 0 1
    outer loop
      vertex -5 -15.2 3
      vertex -3 -15.2 3
      vertex -5 -8.8 3
    endloop
  endfacet
  facet normal 0 0 1
    outer loop
      vertex -3 -15.2 3
      vertex -5 -15.2 3
      vertex -2.97783 -15.4816 3
    endloop
  endfacet
  facet normal 0 0 1
    outer loop
      vertex -5.02217 -15.4816 3
      vertex -2.97783 -15.4816 3
      vertex -5 -15.2 3
    endloop
  endfacet
  facet normal 0 0 1
    outer loop
      vertex -5.0881 -15.7562 3
      vertex -2.97783 -15.4816 3
      vertex -5.02217 -15.4816 3
    endloop
  endfacet
  facet normal 0 0 1
    outer loop
      vertex -2.9119 -15.7562 3
      vertex -5.0881 -15.7562 3
      vertex -5.1962 -16.0172 3
    endloop
  endfacet
  facet normal 0 0 1
    outer loop
      vertex -2.8038 -16.0172 3
      vertex -5.1962 -16.0172 3
      vertex -5.34378 -16.258 3
    endloop
  endfacet
  facet normal 0 0 1
    outer loop
      vertex -2.65622 -16.258 3
      vertex -5.34378 -16.258 3
      vertex -5.52722 -16.4728 3
    endloop
  endfacet
  facet normal 0 0 1
    outer loop
      vertex -2.47278 -16.4728 3
      vertex -5.52722 -16.4728 3
      vertex -6.28775 -17.6026 3
    endloop
  endfacet
  facet normal 0 0 1
    outer loop
      vertex -6.28775 -17.6026 3
      vertex -5.52722 -16.4728 3
      vertex -5.74199 -16.6562 3
    endloop
  endfacet
  facet normal 0 0 1
    outer loop
      vertex -6.28775 -17.6026 3
      vertex -5.74199 -16.6562 3
      vertex -5.98282 -16.8038 3
    endloop
  endfacet
  facet normal 0 0 1
    outer loop
      vertex -6.28775 -17.6026 3
      vertex -5.98282 -16.8038 3
      vertex -6.24377 -16.9119 3
    endloop
  endfacet
  facet normal 0 0 1
    outer loop
      vertex -1.75623 -16.9119 3
      vertex -6.28775 -17.6026 3
      vertex -1.94237 -25.2498 3
    endloop
  endfacet
  facet normal 0 0 1
    outer loop
      vertex -1.94237 -25.2498 3
      vertex -6.28775 -17.6026 3
      vertex -6.28775 -25.2498 3
    endloop
  endfacet
  facet normal 0 0 1
    outer loop
      vertex 1 -15.2 3
      vertex 5 -15.2 3
      vertex 5 -8.8 3
    endloop
  endfacet
  facet normal 0 0 1
    outer loop
      vertex 1 -8.8 3
      vertex 5 -8.8 3
      vertex 5.02217 -8.51843 3
    endloop
  endfacet
  facet normal 0 0 1
    outer loop
      vertex 0.977829 -15.4816 3
      vertex 5 -15.2 3
      vertex 1 -15.2 3
    endloop
  endfacet
  facet normal 0 0 1
    outer loop
      vertex 0.977829 -8.51843 3
      vertex 5.02217 -8.51843 3
      vertex 5.0881 -8.24377 3
    endloop
  endfacet
  facet normal 0 0 1
    outer loop
      vertex 5 -8.8 3
      vertex 1 -8.8 3
      vertex 1 -15.2 3
    endloop
  endfacet
  facet normal 0 0 1
    outer loop
      vertex 0.911896 -8.24377 3
      vertex 5.0881 -8.24377 3
      vertex 5.18909 -8 3
    endloop
  endfacet
  facet normal 0 0 1
    outer loop
      vertex 5.02217 -8.51843 3
      vertex 0.977829 -8.51843 3
      vertex 1 -8.8 3
    endloop
  endfacet
  facet normal 0 0 1
    outer loop
      vertex 5.0881 -8.24377 3
      vertex 0.911896 -8.24377 3
      vertex 0.977829 -8.51843 3
    endloop
  endfacet
  facet normal 0 -0 1
    outer loop
      vertex 0.911896 -8.24377 3
      vertex 5.18909 -8 3
      vertex 0.810913 -8 3
    endloop
  endfacet
  facet normal 0 0 1
    outer loop
      vertex 6.24377 -16.9119 3
      vertex 7.47751 -17.6026 3
      vertex 6.51843 -16.9778 3
    endloop
  endfacet
  facet normal 0 0 1
    outer loop
      vertex 7.47751 -17.6026 3
      vertex 6.24377 -16.9119 3
      vertex 3.16823 -17.6026 3
    endloop
  endfacet
  facet normal 0 0 1
    outer loop
      vertex 3.16823 -17.6026 3
      vertex 6.24377 -16.9119 3
      vertex 5.98282 -16.8038 3
    endloop
  endfacet
  facet normal 0 0 1
    outer loop
      vertex 3.16823 -17.6026 3
      vertex 5.98282 -16.8038 3
      vertex 5.74199 -16.6562 3
    endloop
  endfacet
  facet normal 0 0 1
    outer loop
      vertex 3.16823 -17.6026 3
      vertex 5.74199 -16.6562 3
      vertex 5.52722 -16.4728 3
    endloop
  endfacet
  facet normal 0 0 1
    outer loop
      vertex 3.16823 -17.6026 3
      vertex 5.52722 -16.4728 3
      vertex 5.34378 -16.258 3
    endloop
  endfacet
  facet normal 0 0 1
    outer loop
      vertex 3.16823 -17.6026 3
      vertex 5.34378 -16.258 3
      vertex 5.1962 -16.0172 3
    endloop
  endfacet
  facet normal 0 0 1
    outer loop
      vertex 3.16823 -17.6026 3
      vertex 5.1962 -16.0172 3
      vertex 5.0881 -15.7562 3
    endloop
  endfacet
  facet normal 0 0 1
    outer loop
      vertex 3.16823 -17.6026 3
      vertex 5.0881 -15.7562 3
      vertex 5.02217 -15.4816 3
    endloop
  endfacet
  facet normal 0 0 1
    outer loop
      vertex 7.47751 -17.6026 3
      vertex 3.16823 -17.6026 3
      vertex 6.6226 -26.2019 3
    endloop
  endfacet
  facet normal 0 0 1
    outer loop
      vertex 3.16823 -17.6026 3
      vertex 5.02217 -15.4816 3
      vertex 5 -15.2 3
    endloop
  endfacet
  facet normal 0 0 1
    outer loop
      vertex 7.52806 16.5045 3
      vertex -6 6 3
      vertex 9.76086 6 3
    endloop
  endfacet
  facet normal 0 0 1
    outer loop
      vertex -6 6 3
      vertex 7.52806 16.5045 3
      vertex 7.45638 17.049 3
    endloop
  endfacet
  facet normal 0 0 1
    outer loop
      vertex 5 -15.2 3
      vertex 0.977829 -15.4816 3
      vertex 3.16823 -17.6026 3
    endloop
  endfacet
  facet normal -0 0 1
    outer loop
      vertex 0.911896 -15.7562 3
      vertex 3.16823 -17.6026 3
      vertex 0.977829 -15.4816 3
    endloop
  endfacet
  facet normal 0 0 1
    outer loop
      vertex 3.16823 -17.6026 3
      vertex 0.911896 -15.7562 3
      vertex 1.8438 -17.6026 3
    endloop
  endfacet
  facet normal -0 0 1
    outer loop
      vertex 0.803802 -16.0172 3
      vertex 1.8438 -17.6026 3
      vertex 0.911896 -15.7562 3
    endloop
  endfacet
  facet normal -0 0 1
    outer loop
      vertex 0.656219 -16.258 3
      vertex 1.8438 -17.6026 3
      vertex 0.803802 -16.0172 3
    endloop
  endfacet
  facet normal -0 0 1
    outer loop
      vertex 0.472778 -16.4728 3
      vertex 1.8438 -17.6026 3
      vertex 0.656219 -16.258 3
    endloop
  endfacet
  facet normal -0 0 1
    outer loop
      vertex 0.258011 -16.6562 3
      vertex 1.8438 -17.6026 3
      vertex 0.472778 -16.4728 3
    endloop
  endfacet
  facet normal -0 0 1
    outer loop
      vertex 0.0171814 -16.8038 3
      vertex 1.8438 -17.6026 3
      vertex 0.258011 -16.6562 3
    endloop
  endfacet
  facet normal -0 0 1
    outer loop
      vertex -0.243774 -16.9119 3
      vertex 1.8438 -17.6026 3
      vertex 0.0171814 -16.8038 3
    endloop
  endfacet
  facet normal -0 0 1
    outer loop
      vertex -0.518433 -16.9778 3
      vertex 1.8438 -17.6026 3
      vertex -0.243774 -16.9119 3
    endloop
  endfacet
  facet normal -0 0 1
    outer loop
      vertex -0.800003 -17 3
      vertex 1.8438 -17.6026 3
      vertex -0.518433 -16.9778 3
    endloop
  endfacet
  facet normal 0 0 1
    outer loop
      vertex -1.94237 -25.2498 3
      vertex -0.800003 -17 3
      vertex -1.2 -17 3
    endloop
  endfacet
  facet normal 0 0 1
    outer loop
      vertex -1.94237 -25.2498 3
      vertex -1.2 -17 3
      vertex -1.48157 -16.9778 3
    endloop
  endfacet
  facet normal 0 0 1
    outer loop
      vertex -0.800003 -17 3
      vertex -1.94237 -25.2498 3
      vertex 1.8438 -17.6026 3
    endloop
  endfacet
  facet normal 0 0 1
    outer loop
      vertex -1.94237 -25.2498 3
      vertex -1.48157 -16.9778 3
      vertex -1.75623 -16.9119 3
    endloop
  endfacet
  facet normal 0 0 1
    outer loop
      vertex 14.4723 -19.879 3
      vertex 14.7951 -19.8383 3
      vertex 14.5601 -19.6075 3
    endloop
  endfacet
  facet normal 0 0 1
    outer loop
      vertex 14.8027 -19.5311 3
      vertex 14.5601 -19.6075 3
      vertex 14.7951 -19.8383 3
    endloop
  endfacet
  facet normal 0 0 1
    outer loop
      vertex 14.5601 -19.6075 3
      vertex 14.8027 -19.5311 3
      vertex 14.6513 -19.3094 3
    endloop
  endfacet
  facet normal 0 0 1
    outer loop
      vertex 14.8134 -19.228 3
      vertex 14.6513 -19.3094 3
      vertex 14.8027 -19.5311 3
    endloop
  endfacet
  facet normal 0 0 1
    outer loop
      vertex 14.6513 -19.3094 3
      vertex 14.8134 -19.228 3
      vertex 14.7459 -18.9849 3
    endloop
  endfacet
  facet normal 0 0 1
    outer loop
      vertex 14.8271 -18.929 3
      vertex 14.7459 -18.9849 3
      vertex 14.8134 -19.228 3
    endloop
  endfacet
  facet normal 0 0 1
    outer loop
      vertex 14.7459 -18.9849 3
      vertex 14.8271 -18.929 3
      vertex 14.8439 -18.634 3
    endloop
  endfacet
  facet normal 0 0 1
    outer loop
      vertex 21.4788 -17.6026 3
      vertex 14.9778 -8.51843 3
      vertex 15 -8.8 3
    endloop
  endfacet
  facet normal 0 0 1
    outer loop
      vertex 15.7761 -0.65567 3
      vertex 14.9384 -3.78217 3
      vertex 14.9778 -8.51843 3
    endloop
  endfacet
  facet normal 0 0 1
    outer loop
      vertex 14.9384 -3.78217 3
      vertex 14.9119 -8.24377 3
      vertex 14.9778 -8.51843 3
    endloop
  endfacet
  facet normal -0 0 1
    outer loop
      vertex 14.7553 -4.54507 3
      vertex 14.9119 -8.24377 3
      vertex 14.9384 -3.78217 3
    endloop
  endfacet
  facet normal 0 0 1
    outer loop
      vertex 14.9119 -8.24377 3
      vertex 14.7553 -4.54507 3
      vertex 14.8038 -7.98282 3
    endloop
  endfacet
  facet normal -0 0 1
    outer loop
      vertex 14.455 -5.26994 3
      vertex 14.8038 -7.98282 3
      vertex 14.7553 -4.54507 3
    endloop
  endfacet
  facet normal 0 0 1
    outer loop
      vertex 14.8038 -7.98282 3
      vertex 14.455 -5.26994 3
      vertex 14.6562 -7.74199 3
    endloop
  endfacet
  facet normal 0 0 1
    outer loop
      vertex 14.6562 -7.74199 3
      vertex 14.455 -5.26994 3
      vertex 14.4728 -7.52722 3
    endloop
  endfacet
  facet normal -0 0 1
    outer loop
      vertex 14.0451 -5.93892 3
      vertex 14.4728 -7.52722 3
      vertex 14.455 -5.26994 3
    endloop
  endfacet
  facet normal 0 0 1
    outer loop
      vertex 14.4728 -7.52722 3
      vertex 14.0451 -5.93892 3
      vertex 14.258 -7.34378 3
    endloop
  endfacet
  facet normal 0 0 1
    outer loop
      vertex 14.0451 -5.93892 3
      vertex 14.0172 -7.1962 3
      vertex 14.258 -7.34378 3
    endloop
  endfacet
  facet normal -0 0 1
    outer loop
      vertex 13.5355 -6.53552 3
      vertex 14.0172 -7.1962 3
      vertex 14.0451 -5.93892 3
    endloop
  endfacet
  facet normal 0 0 1
    outer loop
      vertex 14.0172 -7.1962 3
      vertex 13.5355 -6.53552 3
      vertex 13.7562 -7.0881 3
    endloop
  endfacet
  facet normal 0 0 1
    outer loop
      vertex 13.5355 -6.53552 3
      vertex 13.4816 -7.02217 3
      vertex 13.7562 -7.0881 3
    endloop
  endfacet
  facet normal 0 0 1
    outer loop
      vertex 13.5355 -6.53552 3
      vertex 13.2 -7 3
      vertex 13.4816 -7.02217 3
    endloop
  endfacet
  facet normal 0 -0 1
    outer loop
      vertex 13.2 -7 3
      vertex 13.5355 -6.53552 3
      vertex 12.9917 -7 3
    endloop
  endfacet
  facet normal 0 0 1
    outer loop
      vertex 21.4788 -17.6026 3
      vertex 15 -8.8 3
      vertex 20.1544 -17.6026 3
    endloop
  endfacet
  facet normal 0 0 1
    outer loop
      vertex 15 -3 3
      vertex 15.7761 -0.65567 3
      vertex 15 -0.820633 3
    endloop
  endfacet
  facet normal 0 0 1
    outer loop
      vertex 14.9384 -3.78217 3
      vertex 15.7761 -0.65567 3
      vertex 15 -3 3
    endloop
  endfacet
  facet normal -0 0 1
    outer loop
      vertex 15 -15.2 3
      vertex 20.1544 -17.6026 3
      vertex 15 -8.8 3
    endloop
  endfacet
  facet normal 0 0 1
    outer loop
      vertex 20.1544 -17.6026 3
      vertex 15 -15.2 3
      vertex 15.8388 -17.6026 3
    endloop
  endfacet
  facet normal -0 0 1
    outer loop
      vertex 14.9778 -15.4816 3
      vertex 15.8388 -17.6026 3
      vertex 15 -15.2 3
    endloop
  endfacet
  facet normal -0 0 1
    outer loop
      vertex 14.9119 -15.7562 3
      vertex 15.8388 -17.6026 3
      vertex 14.9778 -15.4816 3
    endloop
  endfacet
  facet normal -0 0 1
    outer loop
      vertex 14.8038 -16.0172 3
      vertex 15.8388 -17.6026 3
      vertex 14.9119 -15.7562 3
    endloop
  endfacet
  facet normal -0 0 1
    outer loop
      vertex 14.6562 -16.258 3
      vertex 15.8388 -17.6026 3
      vertex 14.8038 -16.0172 3
    endloop
  endfacet
  facet normal -0 0 1
    outer loop
      vertex 14.4728 -16.4728 3
      vertex 15.8388 -17.6026 3
      vertex 14.6562 -16.258 3
    endloop
  endfacet
  facet normal 0 0 1
    outer loop
      vertex 14.4728 -16.4728 3
      vertex 14.3435 -17.6026 3
      vertex 15.8388 -17.6026 3
    endloop
  endfacet
  facet normal -0 0 1
    outer loop
      vertex 14.258 -16.6562 3
      vertex 14.3435 -17.6026 3
      vertex 14.4728 -16.4728 3
    endloop
  endfacet
  facet normal -0 0 1
    outer loop
      vertex 14.0172 -16.8038 3
      vertex 14.3435 -17.6026 3
      vertex 14.258 -16.6562 3
    endloop
  endfacet
  facet normal -0 0 1
    outer loop
      vertex 13.7562 -16.9119 3
      vertex 14.3435 -17.6026 3
      vertex 14.0172 -16.8038 3
    endloop
  endfacet
  facet normal -0 0 1
    outer loop
      vertex 13.4816 -16.9778 3
      vertex 14.3435 -17.6026 3
      vertex 13.7562 -16.9119 3
    endloop
  endfacet
  facet normal -0 0 1
    outer loop
      vertex 13.2 -17 3
      vertex 14.3435 -17.6026 3
      vertex 13.4816 -16.9778 3
    endloop
  endfacet
  facet normal -0 0 1
    outer loop
      vertex 12.8 -17 3
      vertex 14.3435 -17.6026 3
      vertex 13.2 -17 3
    endloop
  endfacet
  facet normal 0 0 1
    outer loop
      vertex 12.5184 -16.9778 3
      vertex 14.3435 -17.6026 3
      vertex 12.8 -17 3
    endloop
  endfacet
  facet normal 0 0 1
    outer loop
      vertex 11.298 -23.5653 3
      vertex 12.5184 -16.9778 3
      vertex 12.2438 -16.9119 3
    endloop
  endfacet
  facet normal 0 0 1
    outer loop
      vertex 12.5184 -16.9778 3
      vertex 12.0976 -23.5653 3
      vertex 14.3435 -17.6026 3
    endloop
  endfacet
  facet normal 0 0 1
    outer loop
      vertex 12.5184 -16.9778 3
      vertex 11.298 -23.5653 3
      vertex 12.0976 -23.5653 3
    endloop
  endfacet
  facet normal 0 0 1
    outer loop
      vertex 12.0976 -23.5653 3
      vertex 11.298 -23.5653 3
      vertex 12.0764 -23.6183 3
    endloop
  endfacet
  facet normal 0 -0 1
    outer loop
      vertex 11.3384 -23.6868 3
      vertex 12.0764 -23.6183 3
      vertex 11.298 -23.5653 3
    endloop
  endfacet
  facet normal 0 0 1
    outer loop
      vertex 9.00931 -17.6026 3
      vertex 12.2438 -16.9119 3
      vertex 11.9828 -16.8038 3
    endloop
  endfacet
  facet normal 0 0 1
    outer loop
      vertex 12.0764 -23.6183 3
      vertex 11.3384 -23.6868 3
      vertex 12.0497 -23.6918 3
    endloop
  endfacet
  facet normal 0 0 1
    outer loop
      vertex 12.0497 -23.6918 3
      vertex 11.3384 -23.6868 3
      vertex 12.0174 -23.7858 3
    endloop
  endfacet
  facet normal 0 -0 1
    outer loop
      vertex 11.3783 -23.8111 3
      vertex 12.0174 -23.7858 3
      vertex 11.3384 -23.6868 3
    endloop
  endfacet
  facet normal 0 0 1
    outer loop
      vertex 12.0174 -23.7858 3
      vertex 11.3783 -23.8111 3
      vertex 11.9795 -23.9003 3
    endloop
  endfacet
  facet normal 0 -0 1
    outer loop
      vertex 11.4177 -23.9384 3
      vertex 11.9795 -23.9003 3
      vertex 11.3783 -23.8111 3
    endloop
  endfacet
  facet normal 0 0 1
    outer loop
      vertex 11.9795 -23.9003 3
      vertex 11.4177 -23.9384 3
      vertex 11.936 -24.0354 3
    endloop
  endfacet
  facet normal 0 0 1
    outer loop
      vertex 9.00931 -17.6026 3
      vertex 11.9828 -16.8038 3
      vertex 11.742 -16.6562 3
    endloop
  endfacet
  facet normal 0 -0 1
    outer loop
      vertex 11.4566 -24.0685 3
      vertex 11.936 -24.0354 3
      vertex 11.4177 -23.9384 3
    endloop
  endfacet
  facet normal 0 0 1
    outer loop
      vertex 11.887 -24.1909 3
      vertex 11.495 -24.2015 3
      vertex 11.8381 -24.3497 3
    endloop
  endfacet
  facet normal 0 -0 1
    outer loop
      vertex 11.5997 -24.5866 3
      vertex 11.7951 -24.4943 3
      vertex 11.5684 -24.4684 3
    endloop
  endfacet
  facet normal 0 0 1
    outer loop
      vertex 11.7017 -24.844 3
      vertex 11.6682 -24.865 3
      vertex 11.6825 -24.9324 3
    endloop
  endfacet
  facet normal 0 0 1
    outer loop
      vertex 11.7017 -24.844 3
      vertex 11.6496 -24.7849 3
      vertex 11.6682 -24.865 3
    endloop
  endfacet
  facet normal 0 0 1
    outer loop
      vertex 11.7269 -24.7415 3
      vertex 11.6496 -24.7849 3
      vertex 11.7017 -24.844 3
    endloop
  endfacet
  facet normal 0 -0 1
    outer loop
      vertex 11.6496 -24.7849 3
      vertex 11.7269 -24.7415 3
      vertex 11.6268 -24.6921 3
    endloop
  endfacet
  facet normal 0 0 1
    outer loop
      vertex 11.758 -24.625 3
      vertex 11.6268 -24.6921 3
      vertex 11.7269 -24.7415 3
    endloop
  endfacet
  facet normal 0 -0 1
    outer loop
      vertex 11.6268 -24.6921 3
      vertex 11.758 -24.625 3
      vertex 11.5997 -24.5866 3
    endloop
  endfacet
  facet normal 0 0 1
    outer loop
      vertex 9.00931 -17.6026 3
      vertex 11.742 -16.6562 3
      vertex 11.5272 -16.4728 3
    endloop
  endfacet
  facet normal 0 0 1
    outer loop
      vertex 11.7951 -24.4943 3
      vertex 11.5997 -24.5866 3
      vertex 11.758 -24.625 3
    endloop
  endfacet
  facet normal 0 0 1
    outer loop
      vertex 11.8381 -24.3497 3
      vertex 11.5684 -24.4684 3
      vertex 11.7951 -24.4943 3
    endloop
  endfacet
  facet normal 0 -0 1
    outer loop
      vertex 11.5684 -24.4684 3
      vertex 11.8381 -24.3497 3
      vertex 11.5329 -24.3374 3
    endloop
  endfacet
  facet normal -0 -0 1
    outer loop
      vertex 11.5329 -24.3374 3
      vertex 11.8381 -24.3497 3
      vertex 11.495 -24.2015 3
    endloop
  endfacet
  facet normal 0 0 1
    outer loop
      vertex 9.00931 -17.6026 3
      vertex 11.5272 -16.4728 3
      vertex 11.3438 -16.258 3
    endloop
  endfacet
  facet normal 0 -0 1
    outer loop
      vertex 11.495 -24.2015 3
      vertex 11.887 -24.1909 3
      vertex 11.4566 -24.0685 3
    endloop
  endfacet
  facet normal 0 0 1
    outer loop
      vertex 11.936 -24.0354 3
      vertex 11.4566 -24.0685 3
      vertex 11.887 -24.1909 3
    endloop
  endfacet
  facet normal 0 0 1
    outer loop
      vertex 9.00931 -17.6026 3
      vertex 11.3438 -16.258 3
      vertex 11.1962 -16.0172 3
    endloop
  endfacet
  facet normal 0 0 1
    outer loop
      vertex 8.8038 -16.0172 3
      vertex 11.1962 -16.0172 3
      vertex 11.0881 -15.7562 3
    endloop
  endfacet
  facet normal 0 0 1
    outer loop
      vertex 8.9119 -15.7562 3
      vertex 11.0881 -15.7562 3
      vertex 11.0222 -15.4816 3
    endloop
  endfacet
  facet normal 0 0 1
    outer loop
      vertex 8.97783 -15.4816 3
      vertex 11.0222 -15.4816 3
      vertex 11 -15.2 3
    endloop
  endfacet
  facet normal 0 0 1
    outer loop
      vertex 11 -8.8 3
      vertex 10 -8 3
      vertex 9 -8.8 3
    endloop
  endfacet
  facet normal 0 0 1
    outer loop
      vertex 11 -8.8 3
      vertex 9 -8.8 3
      vertex 11 -15.2 3
    endloop
  endfacet
  facet normal 0 0 1
    outer loop
      vertex 8.97783 -15.4816 3
      vertex 11 -15.2 3
      vertex 9 -15.2 3
    endloop
  endfacet
  facet normal 0 0 1
    outer loop
      vertex 11 -15.2 3
      vertex 9 -8.8 3
      vertex 9 -15.2 3
    endloop
  endfacet
  facet normal 0 0 1
    outer loop
      vertex 10 -8 3
      vertex 8.97783 -8.51843 3
      vertex 9 -8.8 3
    endloop
  endfacet
  facet normal 0 0 1
    outer loop
      vertex 10 -8 3
      vertex 8.9119 -8.24377 3
      vertex 8.97783 -8.51843 3
    endloop
  endfacet
  facet normal 0 -0 1
    outer loop
      vertex 8.9119 -8.24377 3
      vertex 10 -8 3
      vertex 8.81091 -8 3
    endloop
  endfacet
  facet normal 0 0 1
    outer loop
      vertex 8.67369 -19.3054 3
      vertex 8.49054 -19.3115 3
      vertex 8.51501 -20.4649 3
    endloop
  endfacet
  facet normal 0 -0 1
    outer loop
      vertex 8.49054 -19.3115 3
      vertex 8.67369 -19.3054 3
      vertex 8.47227 -18.634 3
    endloop
  endfacet
  facet normal 0 0 1
    outer loop
      vertex 12.2438 -16.9119 3
      vertex 9.00931 -17.6026 3
      vertex 11.298 -23.5653 3
    endloop
  endfacet
  facet normal 0 0 1
    outer loop
      vertex 11.0222 -15.4816 3
      vertex 8.97783 -15.4816 3
      vertex 8.9119 -15.7562 3
    endloop
  endfacet
  facet normal 0 0 1
    outer loop
      vertex 11.0881 -15.7562 3
      vertex 8.9119 -15.7562 3
      vertex 8.8038 -16.0172 3
    endloop
  endfacet
  facet normal 0 0 1
    outer loop
      vertex 11.1962 -16.0172 3
      vertex 8.8038 -16.0172 3
      vertex 9.00931 -17.6026 3
    endloop
  endfacet
  facet normal -0 0 1
    outer loop
      vertex 8.65622 -16.258 3
      vertex 9.00931 -17.6026 3
      vertex 8.8038 -16.0172 3
    endloop
  endfacet
  facet normal -0 0 1
    outer loop
      vertex 8.47278 -16.4728 3
      vertex 9.00931 -17.6026 3
      vertex 8.65622 -16.258 3
    endloop
  endfacet
  facet normal -0 0 1
    outer loop
      vertex 8.25801 -16.6562 3
      vertex 9.00931 -17.6026 3
      vertex 8.47278 -16.4728 3
    endloop
  endfacet
  facet normal -0 0 1
    outer loop
      vertex 8.01718 -16.8038 3
      vertex 9.00931 -17.6026 3
      vertex 8.25801 -16.6562 3
    endloop
  endfacet
  facet normal 0 0 1
    outer loop
      vertex 7.47751 -17.6026 3
      vertex 8.01718 -16.8038 3
      vertex 7.75623 -16.9119 3
    endloop
  endfacet
  facet normal 0 0 1
    outer loop
      vertex 7.47751 -17.6026 3
      vertex 7.75623 -16.9119 3
      vertex 7.48157 -16.9778 3
    endloop
  endfacet
  facet normal 0 0 1
    outer loop
      vertex 8.01718 -16.8038 3
      vertex 7.47751 -17.6026 3
      vertex 9.00931 -17.6026 3
    endloop
  endfacet
  facet normal -0 0 1
    outer loop
      vertex 6.8 -17 3
      vertex 7.47751 -17.6026 3
      vertex 7.2 -17 3
    endloop
  endfacet
  facet normal -0 0 1
    outer loop
      vertex 7.2 -17 3
      vertex 7.47751 -17.6026 3
      vertex 7.48157 -16.9778 3
    endloop
  endfacet
  facet normal 0 0 1
    outer loop
      vertex 23.9695 15.4775 3
      vertex 18.4719 3.49553 3
      vertex 18.5436 2.95102 3
    endloop
  endfacet
  facet normal 0 0 1
    outer loop
      vertex 20.365 15.2725 3
      vertex 18.4671 15.6575 3
      vertex 18.4719 3.49553 3
    endloop
  endfacet
  facet normal 0 0 1
    outer loop
      vertex 17.919 15.691 3
      vertex 18.4719 3.49553 3
      vertex 18.4671 15.6575 3
    endloop
  endfacet
  facet normal 0 0 1
    outer loop
      vertex 18.4719 3.49553 3
      vertex 17.919 15.691 3
      vertex 15.8169 15.9864 3
    endloop
  endfacet
  facet normal -0 0 1
    outer loop
      vertex 24.5225 16.0305 3
      vertex 49.75 15.25 3
      vertex 24.7275 16.365 3
    endloop
  endfacet
  facet normal 0 0 1
    outer loop
      vertex 49.75 15.25 3
      vertex 24.5225 16.0305 3
      vertex 49.75 -3.25 3
    endloop
  endfacet
  facet normal -0 0 1
    outer loop
      vertex 24.2678 15.7322 3
      vertex 49.75 -3.25 3
      vertex 24.5225 16.0305 3
    endloop
  endfacet
  facet normal -0 0 1
    outer loop
      vertex 18.5436 2.95102 3
      vertex 49.75 -3.25 3
      vertex 24.2678 15.7322 3
    endloop
  endfacet
  facet normal 0 0 1
    outer loop
      vertex 18.5436 2.95102 3
      vertex 24.2678 15.7322 3
      vertex 23.9695 15.4775 3
    endloop
  endfacet
  facet normal 0 0 1
    outer loop
      vertex 18.4719 3.49553 3
      vertex 23.9695 15.4775 3
      vertex 23.635 15.2725 3
    endloop
  endfacet
  facet normal 0 0 1
    outer loop
      vertex 18.4719 3.49553 3
      vertex 23.635 15.2725 3
      vertex 23.2725 15.1224 3
    endloop
  endfacet
  facet normal 0 0 1
    outer loop
      vertex 18.4719 3.49553 3
      vertex 23.2725 15.1224 3
      vertex 22.8911 15.0308 3
    endloop
  endfacet
  facet normal 0 0 1
    outer loop
      vertex 18.4719 3.49553 3
      vertex 22.8911 15.0308 3
      vertex 22.5 15 3
    endloop
  endfacet
  facet normal 0 0 1
    outer loop
      vertex 18.4719 3.49553 3
      vertex 22.5 15 3
      vertex 21.5 15 3
    endloop
  endfacet
  facet normal 0 0 1
    outer loop
      vertex 49.75 -3.25 3
      vertex 21.4788 -17.6026 3
      vertex 24.9332 -26.2019 3
    endloop
  endfacet
  facet normal 0 0 1
    outer loop
      vertex 18.4719 3.49553 3
      vertex 21.5 15 3
      vertex 21.1089 15.0308 3
    endloop
  endfacet
  facet normal 0 0 1
    outer loop
      vertex 18.4719 3.49553 3
      vertex 21.1089 15.0308 3
      vertex 20.7275 15.1224 3
    endloop
  endfacet
  facet normal 0 0 1
    outer loop
      vertex 18.4719 3.49553 3
      vertex 20.7275 15.1224 3
      vertex 20.365 15.2725 3
    endloop
  endfacet
  facet normal -0 0 1
    outer loop
      vertex 18.4291 1.86198 3
      vertex 49.75 -3.25 3
      vertex 18.5292 2.40199 3
    endloop
  endfacet
  facet normal 0 0 1
    outer loop
      vertex 19.0138 15.7101 3
      vertex 20.365 15.2725 3
      vertex 20.0305 15.4775 3
    endloop
  endfacet
  facet normal -0 0 1
    outer loop
      vertex 19.0138 15.7101 3
      vertex 20.0305 15.4775 3
      vertex 19.7322 15.7322 3
    endloop
  endfacet
  facet normal -0 0 1
    outer loop
      vertex 19.5456 15.8476 3
      vertex 19.7322 15.7322 3
      vertex 19.6098 15.8756 3
    endloop
  endfacet
  facet normal 0 0 1
    outer loop
      vertex 19.0138 15.7101 3
      vertex 19.7322 15.7322 3
      vertex 19.5456 15.8476 3
    endloop
  endfacet
  facet normal -0 0 1
    outer loop
      vertex 18.4671 15.6575 3
      vertex 20.365 15.2725 3
      vertex 19.0138 15.7101 3
    endloop
  endfacet
  facet normal 0 0 1
    outer loop
      vertex 49.75 -3.25 3
      vertex 18.5436 2.95102 3
      vertex 18.5292 2.40199 3
    endloop
  endfacet
  facet normal -0 0 1
    outer loop
      vertex 18.2458 1.34427 3
      vertex 49.75 -3.25 3
      vertex 18.4291 1.86198 3
    endloop
  endfacet
  facet normal 0 0 1
    outer loop
      vertex 49.75 -3.25 3
      vertex 18.2458 1.34427 3
      vertex 21.4788 -17.6026 3
    endloop
  endfacet
  facet normal -0 0 1
    outer loop
      vertex 17.9837 0.861603 3
      vertex 21.4788 -17.6026 3
      vertex 18.2458 1.34427 3
    endloop
  endfacet
  facet normal -0 0 1
    outer loop
      vertex 17.6494 0.425888 3
      vertex 21.4788 -17.6026 3
      vertex 17.9837 0.861603 3
    endloop
  endfacet
  facet normal 0 0 1
    outer loop
      vertex 14.9778 -8.51843 3
      vertex 17.6494 0.425888 3
      vertex 17.251 0.0478363 3
    endloop
  endfacet
  facet normal 0 0 1
    outer loop
      vertex 14.9778 -8.51843 3
      vertex 17.251 0.0478363 3
      vertex 16.7984 -0.263245 3
    endloop
  endfacet
  facet normal -0 0 1
    outer loop
      vertex 14.9778 -8.51843 3
      vertex 21.4788 -17.6026 3
      vertex 17.6494 0.425888 3
    endloop
  endfacet
  facet normal 0 0 1
    outer loop
      vertex 14.9778 -8.51843 3
      vertex 16.7984 -0.263245 3
      vertex 16.3027 -0.499695 3
    endloop
  endfacet
  facet normal 0 0 1
    outer loop
      vertex 14.9778 -8.51843 3
      vertex 16.3027 -0.499695 3
      vertex 15.7761 -0.65567 3
    endloop
  endfacet
  facet normal 0 0 1
    outer loop
      vertex 81.5 31 3
      vertex 75.1 0 3
      vertex 81.5 -31 3
    endloop
  endfacet
  facet normal 0 0 1
    outer loop
      vertex 81.5 31 3
      vertex 75.0803 0.250295 3
      vertex 75.1 0 3
    endloop
  endfacet
  facet normal 0 0 1
    outer loop
      vertex 81.5 31 3
      vertex 75.0217 0.494427 3
      vertex 75.0803 0.250295 3
    endloop
  endfacet
  facet normal 0 0 1
    outer loop
      vertex 81.5 31 3
      vertex 74.9256 0.726384 3
      vertex 75.0217 0.494427 3
    endloop
  endfacet
  facet normal 0 0 1
    outer loop
      vertex 81.5 31 3
      vertex 74.7944 0.940456 3
      vertex 74.9256 0.726384 3
    endloop
  endfacet
  facet normal 0 0 1
    outer loop
      vertex 81.5 31 3
      vertex 74.6314 1.13137 3
      vertex 74.7944 0.940456 3
    endloop
  endfacet
  facet normal 0 0 1
    outer loop
      vertex 81.5 31 3
      vertex 74.4405 1.29443 3
      vertex 74.6314 1.13137 3
    endloop
  endfacet
  facet normal 0 0 1
    outer loop
      vertex 81.5 31 3
      vertex 74.2264 1.42561 3
      vertex 74.4405 1.29443 3
    endloop
  endfacet
  facet normal -0 0 1
    outer loop
      vertex 66.25 15.25 3
      vertex 74.2264 1.42561 3
      vertex 81.5 31 3
    endloop
  endfacet
  facet normal 0 0 1
    outer loop
      vertex 74.2264 1.42561 3
      vertex 66.25 15.25 3
      vertex 73.9944 1.52169 3
    endloop
  endfacet
  facet normal 0 0 1
    outer loop
      vertex 73.9944 1.52169 3
      vertex 66.25 15.25 3
      vertex 73.7503 1.5803 3
    endloop
  endfacet
  facet normal 0 0 1
    outer loop
      vertex 73.7503 1.5803 3
      vertex 66.25 15.25 3
      vertex 73.5 1.6 3
    endloop
  endfacet
  facet normal 0 0 1
    outer loop
      vertex 73.5 1.6 3
      vertex 66.25 15.25 3
      vertex 73.2497 1.5803 3
    endloop
  endfacet
  facet normal 0 0 1
    outer loop
      vertex 73.2497 1.5803 3
      vertex 66.25 15.25 3
      vertex 73.0056 1.52169 3
    endloop
  endfacet
  facet normal 0 0 1
    outer loop
      vertex 73.0056 1.52169 3
      vertex 66.25 15.25 3
      vertex 72.7736 1.42561 3
    endloop
  endfacet
  facet normal 0 0 1
    outer loop
      vertex 72.7736 1.42561 3
      vertex 66.25 15.25 3
      vertex 72.5595 1.29443 3
    endloop
  endfacet
  facet normal 0 0 1
    outer loop
      vertex 72.5595 1.29443 3
      vertex 66.25 15.25 3
      vertex 72.3686 1.13137 3
    endloop
  endfacet
  facet normal 0 0 1
    outer loop
      vertex 72.3686 1.13137 3
      vertex 66.25 15.25 3
      vertex 72.2056 0.940456 3
    endloop
  endfacet
  facet normal 0 0 1
    outer loop
      vertex 66.25 -3.25 3
      vertex 72.2056 0.940456 3
      vertex 66.25 15.25 3
    endloop
  endfacet
  facet normal 0 0 1
    outer loop
      vertex 71.9783 0.494427 3
      vertex 66.25 -3.25 3
      vertex 71.9197 0.250295 3
    endloop
  endfacet
  facet normal 0 0 1
    outer loop
      vertex 72.0744 0.726384 3
      vertex 66.25 -3.25 3
      vertex 71.9783 0.494427 3
    endloop
  endfacet
  facet normal 0 0 1
    outer loop
      vertex 72.2056 0.940456 3
      vertex 66.25 -3.25 3
      vertex 72.0744 0.726384 3
    endloop
  endfacet
  facet normal 0 0 1
    outer loop
      vertex 81.5 31 3
      vertex 66.2285 15.5238 3
      vertex 66.25 15.25 3
    endloop
  endfacet
  facet normal 0 0 1
    outer loop
      vertex 81.5 31 3
      vertex 66.1643 15.7908 3
      vertex 66.2285 15.5238 3
    endloop
  endfacet
  facet normal 0 0 1
    outer loop
      vertex 81.5 31 3
      vertex 66.0592 16.0445 3
      vertex 66.1643 15.7908 3
    endloop
  endfacet
  facet normal 0 0 1
    outer loop
      vertex 81.5 31 3
      vertex 65.9158 16.2786 3
      vertex 66.0592 16.0445 3
    endloop
  endfacet
  facet normal 0 0 1
    outer loop
      vertex 81.5 31 3
      vertex 65.7374 16.4874 3
      vertex 65.9158 16.2786 3
    endloop
  endfacet
  facet normal 0 0 1
    outer loop
      vertex 81.5 31 3
      vertex 65.5286 16.6658 3
      vertex 65.7374 16.4874 3
    endloop
  endfacet
  facet normal 0 0 1
    outer loop
      vertex 81.5 31 3
      vertex 65.2945 16.8092 3
      vertex 65.5286 16.6658 3
    endloop
  endfacet
  facet normal 0 0 1
    outer loop
      vertex 81.5 31 3
      vertex 65.0408 16.9143 3
      vertex 65.2945 16.8092 3
    endloop
  endfacet
  facet normal 0 0 1
    outer loop
      vertex 81.5 31 3
      vertex 64.7738 16.9785 3
      vertex 65.0408 16.9143 3
    endloop
  endfacet
  facet normal 0 0 1
    outer loop
      vertex 81.5 31 3
      vertex 64.5 17 3
      vertex 64.7738 16.9785 3
    endloop
  endfacet
  facet normal 0 0 1
    outer loop
      vertex 81.5 31 3
      vertex 64.2262 16.9785 3
      vertex 64.5 17 3
    endloop
  endfacet
  facet normal 0 0 1
    outer loop
      vertex 58.2738 16.9785 3
      vertex 64.2262 16.9785 3
      vertex 81.5 31 3
    endloop
  endfacet
  facet normal 0 0 1
    outer loop
      vertex 64.2262 16.9785 3
      vertex 58.2738 16.9785 3
      vertex 63.9592 16.9143 3
    endloop
  endfacet
  facet normal 0 -0 1
    outer loop
      vertex 58.5408 16.9143 3
      vertex 63.9592 16.9143 3
      vertex 58.2738 16.9785 3
    endloop
  endfacet
  facet normal 0 0 1
    outer loop
      vertex 62.75 15.25 3
      vertex 59.75 15.25 3
      vertex 62.75 -3.25 3
    endloop
  endfacet
  facet normal 0 0 1
    outer loop
      vertex 62.7715 15.5238 3
      vertex 59.75 15.25 3
      vertex 62.75 15.25 3
    endloop
  endfacet
  facet normal 0 0 1
    outer loop
      vertex 59.7285 15.5238 3
      vertex 62.7715 15.5238 3
      vertex 62.8357 15.7908 3
    endloop
  endfacet
  facet normal 0 0 1
    outer loop
      vertex 59.6643 15.7908 3
      vertex 62.8357 15.7908 3
      vertex 62.9408 16.0445 3
    endloop
  endfacet
  facet normal 0 0 1
    outer loop
      vertex 59.5592 16.0445 3
      vertex 62.9408 16.0445 3
      vertex 63.0842 16.2786 3
    endloop
  endfacet
  facet normal 0 0 1
    outer loop
      vertex 59.4158 16.2786 3
      vertex 63.0842 16.2786 3
      vertex 63.2626 16.4874 3
    endloop
  endfacet
  facet normal 0 0 1
    outer loop
      vertex 59.2374 16.4874 3
      vertex 63.2626 16.4874 3
      vertex 63.4714 16.6658 3
    endloop
  endfacet
  facet normal 0 0 1
    outer loop
      vertex 63.9592 16.9143 3
      vertex 58.5408 16.9143 3
      vertex 63.7055 16.8092 3
    endloop
  endfacet
  facet normal 0 0 1
    outer loop
      vertex 62.7715 15.5238 3
      vertex 59.7285 15.5238 3
      vertex 59.75 15.25 3
    endloop
  endfacet
  facet normal 0 0 1
    outer loop
      vertex 62.8357 15.7908 3
      vertex 59.6643 15.7908 3
      vertex 59.7285 15.5238 3
    endloop
  endfacet
  facet normal 0 0 1
    outer loop
      vertex 62.9408 16.0445 3
      vertex 59.5592 16.0445 3
      vertex 59.6643 15.7908 3
    endloop
  endfacet
  facet normal 0 0 1
    outer loop
      vertex 63.0842 16.2786 3
      vertex 59.4158 16.2786 3
      vertex 59.5592 16.0445 3
    endloop
  endfacet
  facet normal 0 0 1
    outer loop
      vertex 63.2626 16.4874 3
      vertex 59.2374 16.4874 3
      vertex 59.4158 16.2786 3
    endloop
  endfacet
  facet normal 0 0 1
    outer loop
      vertex 63.4714 16.6658 3
      vertex 59.0286 16.6658 3
      vertex 59.2374 16.4874 3
    endloop
  endfacet
  facet normal 0 0 1
    outer loop
      vertex 63.4714 16.6658 3
      vertex 58.7945 16.8092 3
      vertex 59.0286 16.6658 3
    endloop
  endfacet
  facet normal 0 0 1
    outer loop
      vertex 63.7055 16.8092 3
      vertex 58.7945 16.8092 3
      vertex 63.4714 16.6658 3
    endloop
  endfacet
  facet normal 0 -0 1
    outer loop
      vertex 58.7945 16.8092 3
      vertex 63.7055 16.8092 3
      vertex 58.5408 16.9143 3
    endloop
  endfacet
  facet normal 0 0 1
    outer loop
      vertex 81.5 31 3
      vertex 58 17 3
      vertex 58.2738 16.9785 3
    endloop
  endfacet
  facet normal 0 0 1
    outer loop
      vertex 81.5 31 3
      vertex 57.7262 16.9785 3
      vertex 58 17 3
    endloop
  endfacet
  facet normal 0 0 1
    outer loop
      vertex 51.7738 16.9785 3
      vertex 57.7262 16.9785 3
      vertex 81.5 31 3
    endloop
  endfacet
  facet normal 0 0 1
    outer loop
      vertex 57.7262 16.9785 3
      vertex 51.7738 16.9785 3
      vertex 57.4592 16.9143 3
    endloop
  endfacet
  facet normal 0 0 1
    outer loop
      vertex 56.25 15.25 3
      vertex 53.25 15.25 3
      vertex 56.25 -3.25 3
    endloop
  endfacet
  facet normal 0 0 1
    outer loop
      vertex 56.2715 15.5238 3
      vertex 53.25 15.25 3
      vertex 56.25 15.25 3
    endloop
  endfacet
  facet normal 0 0 1
    outer loop
      vertex 53.2285 15.5238 3
      vertex 56.2715 15.5238 3
      vertex 56.3357 15.7908 3
    endloop
  endfacet
  facet normal 0 0 1
    outer loop
      vertex 53.1643 15.7908 3
      vertex 56.3357 15.7908 3
      vertex 56.4408 16.0445 3
    endloop
  endfacet
  facet normal 0 0 1
    outer loop
      vertex 53.0592 16.0445 3
      vertex 56.4408 16.0445 3
      vertex 56.5842 16.2786 3
    endloop
  endfacet
  facet normal 0 0 1
    outer loop
      vertex 52.9158 16.2786 3
      vertex 56.5842 16.2786 3
      vertex 56.7626 16.4874 3
    endloop
  endfacet
  facet normal 0 0 1
    outer loop
      vertex 52.7374 16.4874 3
      vertex 56.7626 16.4874 3
      vertex 56.9714 16.6658 3
    endloop
  endfacet
  facet normal 0 0 1
    outer loop
      vertex 52.5286 16.6658 3
      vertex 56.9714 16.6658 3
      vertex 57.2055 16.8092 3
    endloop
  endfacet
  facet normal 0 -0 1
    outer loop
      vertex 52.0408 16.9143 3
      vertex 57.4592 16.9143 3
      vertex 51.7738 16.9785 3
    endloop
  endfacet
  facet normal 0 0 1
    outer loop
      vertex 56.2715 15.5238 3
      vertex 53.2285 15.5238 3
      vertex 53.25 15.25 3
    endloop
  endfacet
  facet normal 0 0 1
    outer loop
      vertex 56.3357 15.7908 3
      vertex 53.1643 15.7908 3
      vertex 53.2285 15.5238 3
    endloop
  endfacet
  facet normal 0 0 1
    outer loop
      vertex 56.4408 16.0445 3
      vertex 53.0592 16.0445 3
      vertex 53.1643 15.7908 3
    endloop
  endfacet
  facet normal 0 0 1
    outer loop
      vertex 56.5842 16.2786 3
      vertex 52.9158 16.2786 3
      vertex 53.0592 16.0445 3
    endloop
  endfacet
  facet normal 0 0 1
    outer loop
      vertex 56.7626 16.4874 3
      vertex 52.7374 16.4874 3
      vertex 52.9158 16.2786 3
    endloop
  endfacet
  facet normal 0 0 1
    outer loop
      vertex 56.9714 16.6658 3
      vertex 52.5286 16.6658 3
      vertex 52.7374 16.4874 3
    endloop
  endfacet
  facet normal 0 0 1
    outer loop
      vertex 57.2055 16.8092 3
      vertex 52.2945 16.8092 3
      vertex 52.5286 16.6658 3
    endloop
  endfacet
  facet normal 0 0 1
    outer loop
      vertex 57.2055 16.8092 3
      vertex 52.0408 16.9143 3
      vertex 52.2945 16.8092 3
    endloop
  endfacet
  facet normal 0 0 1
    outer loop
      vertex 57.4592 16.9143 3
      vertex 52.0408 16.9143 3
      vertex 57.2055 16.8092 3
    endloop
  endfacet
  facet normal 0 0 1
    outer loop
      vertex 81.5 31 3
      vertex 51.5 17 3
      vertex 51.7738 16.9785 3
    endloop
  endfacet
  facet normal -0 0 1
    outer loop
      vertex 19.4982 28.1939 3
      vertex 51.5 17 3
      vertex 81.5 31 3
    endloop
  endfacet
  facet normal 0 0 1
    outer loop
      vertex 51.5 17 3
      vertex 19.4982 28.1939 3
      vertex 51.2262 16.9785 3
    endloop
  endfacet
  facet normal 0 0 1
    outer loop
      vertex 51.2262 16.9785 3
      vertex 19.4982 28.1939 3
      vertex 50.9592 16.9143 3
    endloop
  endfacet
  facet normal 0 0 1
    outer loop
      vertex 49.7715 15.5238 3
      vertex 25 17.5 3
      vertex 49.75 15.25 3
    endloop
  endfacet
  facet normal -0 0 1
    outer loop
      vertex 25 17.5 3
      vertex 49.7715 15.5238 3
      vertex 25 18.5 3
    endloop
  endfacet
  facet normal 0 0 1
    outer loop
      vertex 49.8357 15.7908 3
      vertex 25 18.5 3
      vertex 49.7715 15.5238 3
    endloop
  endfacet
  facet normal 0 0 1
    outer loop
      vertex 24.9692 18.8911 3
      vertex 49.8357 15.7908 3
      vertex 49.9408 16.0445 3
    endloop
  endfacet
  facet normal 0 0 1
    outer loop
      vertex 24.8776 19.2725 3
      vertex 49.9408 16.0445 3
      vertex 50.0842 16.2786 3
    endloop
  endfacet
  facet normal 0 0 1
    outer loop
      vertex 24.7275 19.635 3
      vertex 50.0842 16.2786 3
      vertex 50.2626 16.4874 3
    endloop
  endfacet
  facet normal 0 0 1
    outer loop
      vertex 24.5225 19.9695 3
      vertex 50.2626 16.4874 3
      vertex 50.4714 16.6658 3
    endloop
  endfacet
  facet normal 0 0 1
    outer loop
      vertex 24.2678 20.2678 3
      vertex 50.4714 16.6658 3
      vertex 50.7055 16.8092 3
    endloop
  endfacet
  facet normal 0 0 1
    outer loop
      vertex 50.9592 16.9143 3
      vertex 19.4982 28.1939 3
      vertex 50.7055 16.8092 3
    endloop
  endfacet
  facet normal 0 0 1
    outer loop
      vertex 49.8357 15.7908 3
      vertex 24.9692 18.8911 3
      vertex 25 18.5 3
    endloop
  endfacet
  facet normal 0 0 1
    outer loop
      vertex 49.9408 16.0445 3
      vertex 24.8776 19.2725 3
      vertex 24.9692 18.8911 3
    endloop
  endfacet
  facet normal 0 0 1
    outer loop
      vertex 50.0842 16.2786 3
      vertex 24.7275 19.635 3
      vertex 24.8776 19.2725 3
    endloop
  endfacet
  facet normal 0 0 1
    outer loop
      vertex 50.2626 16.4874 3
      vertex 24.5225 19.9695 3
      vertex 24.7275 19.635 3
    endloop
  endfacet
  facet normal -0 -0 1
    outer loop
      vertex 24.2678 20.2678 3
      vertex 50.7055 16.8092 3
      vertex 19.4982 28.1939 3
    endloop
  endfacet
  facet normal 0 0 1
    outer loop
      vertex 50.4714 16.6658 3
      vertex 24.2678 20.2678 3
      vertex 24.5225 19.9695 3
    endloop
  endfacet
  facet normal 0 0 1
    outer loop
      vertex 24.2678 20.2678 3
      vertex 19.4982 28.1939 3
      vertex 23.9695 20.5225 3
    endloop
  endfacet
  facet normal 0 0 1
    outer loop
      vertex 23.9695 20.5225 3
      vertex 19.4982 28.1939 3
      vertex 23.635 20.7275 3
    endloop
  endfacet
  facet normal -0 -0 1
    outer loop
      vertex 20.9765 22.6649 3
      vertex 23.635 20.7275 3
      vertex 19.4982 28.1939 3
    endloop
  endfacet
  facet normal 0 0 1
    outer loop
      vertex 23.635 20.7275 3
      vertex 20.9765 22.6649 3
      vertex 23.2725 20.8776 3
    endloop
  endfacet
  facet normal 0 0 1
    outer loop
      vertex 23.2725 20.8776 3
      vertex 21.3405 22.2535 3
      vertex 22.8911 20.9692 3
    endloop
  endfacet
  facet normal 0 0 1
    outer loop
      vertex 22.5 21 3
      vertex 21.8546 21.2867 3
      vertex 21.9287 21 3
    endloop
  endfacet
  facet normal 0 0 1
    outer loop
      vertex 22.5 21 3
      vertex 21.6356 21.7903 3
      vertex 21.8546 21.2867 3
    endloop
  endfacet
  facet normal -0 -0 1
    outer loop
      vertex 21.6356 21.7903 3
      vertex 22.8911 20.9692 3
      vertex 21.3405 22.2535 3
    endloop
  endfacet
  facet normal 0 0 1
    outer loop
      vertex 22.8911 20.9692 3
      vertex 21.6356 21.7903 3
      vertex 22.5 21 3
    endloop
  endfacet
  facet normal 0 0 1
    outer loop
      vertex 23.2725 20.8776 3
      vertex 20.9765 22.6649 3
      vertex 21.3405 22.2535 3
    endloop
  endfacet
  facet normal 0 0 1
    outer loop
      vertex 20.9765 22.6649 3
      vertex 19.4982 28.1939 3
      vertex 20.5528 23.0142 3
    endloop
  endfacet
  facet normal 0 0 1
    outer loop
      vertex 20.5528 23.0142 3
      vertex 19.4982 28.1939 3
      vertex 20.0795 23.293 3
    endloop
  endfacet
  facet normal 0 0 1
    outer loop
      vertex 20.0795 23.293 3
      vertex 19.4982 28.1939 3
      vertex 19.5685 23.4943 3
    endloop
  endfacet
  facet normal 0 0 1
    outer loop
      vertex 81.5 31 3
      vertex 16.5437 28.7149 3
      vertex 19.4982 28.1939 3
    endloop
  endfacet
  facet normal 0 0 1
    outer loop
      vertex 16.5437 28.7149 3
      vertex 15.1724 28.286 3
      vertex 15.9539 25.3696 3
    endloop
  endfacet
  facet normal 0 0 1
    outer loop
      vertex 16.5437 28.7149 3
      vertex 12.2746 27.5095 3
      vertex 15.1724 28.286 3
    endloop
  endfacet
  facet normal 0 0 1
    outer loop
      vertex 12.2746 27.5095 3
      vertex 11.4876 23.6383 3
      vertex 11.9508 23.9334 3
    endloop
  endfacet
  facet normal 0 0 1
    outer loop
      vertex 12.2746 27.5095 3
      vertex 11.0762 23.2744 3
      vertex 11.4876 23.6383 3
    endloop
  endfacet
  facet normal 0 0 1
    outer loop
      vertex 12.2746 27.5095 3
      vertex 10.7269 22.8506 3
      vertex 11.0762 23.2744 3
    endloop
  endfacet
  facet normal 0 0 1
    outer loop
      vertex 12.2746 27.5095 3
      vertex 10.4481 22.3773 3
      vertex 10.7269 22.8506 3
    endloop
  endfacet
  facet normal 0 0 1
    outer loop
      vertex 8.35059 19.5741 3
      vertex 10.4481 22.3773 3
      vertex 12.2746 27.5095 3
    endloop
  endfacet
  facet normal 0 0 1
    outer loop
      vertex 10.128 21.3302 3
      vertex 9.6973 20.4997 3
      vertex 10.0249 20.5967 3
    endloop
  endfacet
  facet normal 0 0 1
    outer loop
      vertex 9.20158 20.2632 3
      vertex 10.128 21.3302 3
      vertex 10.2468 21.8663 3
    endloop
  endfacet
  facet normal 0 -0 1
    outer loop
      vertex 8.74896 19.9521 3
      vertex 10.4481 22.3773 3
      vertex 8.35059 19.5741 3
    endloop
  endfacet
  facet normal 0 0 1
    outer loop
      vertex 10.128 21.3302 3
      vertex 9.20158 20.2632 3
      vertex 9.6973 20.4997 3
    endloop
  endfacet
  facet normal 0 0 1
    outer loop
      vertex 10.2468 21.8663 3
      vertex 8.74896 19.9521 3
      vertex 9.20158 20.2632 3
    endloop
  endfacet
  facet normal 0 0 1
    outer loop
      vertex 10.4481 22.3773 3
      vertex 8.74896 19.9521 3
      vertex 10.2468 21.8663 3
    endloop
  endfacet
  facet normal 0 0 1
    outer loop
      vertex 12.2746 27.5095 3
      vertex 8.01624 19.1384 3
      vertex 8.35059 19.5741 3
    endloop
  endfacet
  facet normal 0 0 1
    outer loop
      vertex -50.0842 16.2786 3
      vertex 8.01624 19.1384 3
      vertex 12.2746 27.5095 3
    endloop
  endfacet
  facet normal 0 0 1
    outer loop
      vertex 7.47076 17.598 3
      vertex -6 6 3
      vertex 7.45638 17.049 3
    endloop
  endfacet
  facet normal 0 0 1
    outer loop
      vertex 7.57085 18.138 3
      vertex -6 6 3
      vertex 7.47076 17.598 3
    endloop
  endfacet
  facet normal 0 0 1
    outer loop
      vertex -6.78217 5.93843 3
      vertex 7.57085 18.138 3
      vertex 7.75418 18.6557 3
    endloop
  endfacet
  facet normal 0 -0 1
    outer loop
      vertex -8.26994 5.45503 3
      vertex 8.01624 19.1384 3
      vertex -50.0842 16.2786 3
    endloop
  endfacet
  facet normal 0 0 1
    outer loop
      vertex 7.57085 18.138 3
      vertex -6.78217 5.93843 3
      vertex -6 6 3
    endloop
  endfacet
  facet normal 0 0 1
    outer loop
      vertex 7.75418 18.6557 3
      vertex -7.54507 5.75528 3
      vertex -6.78217 5.93843 3
    endloop
  endfacet
  facet normal 0 0 1
    outer loop
      vertex 8.01624 19.1384 3
      vertex -7.54507 5.75528 3
      vertex 7.75418 18.6557 3
    endloop
  endfacet
  facet normal 0 -0 1
    outer loop
      vertex -7.54507 5.75528 3
      vertex 8.01624 19.1384 3
      vertex -8.26994 5.45503 3
    endloop
  endfacet
  facet normal -0 -0 1
    outer loop
      vertex -49.9408 16.0445 3
      vertex -8.26994 5.45503 3
      vertex -50.0842 16.2786 3
    endloop
  endfacet
  facet normal 0 0 1
    outer loop
      vertex -21.6913 -17.7651 3
      vertex -11 -3 3
      vertex -11 1 3
    endloop
  endfacet
  facet normal 0 0 1
    outer loop
      vertex -49.75 -3.25 3
      vertex -11 1 3
      vertex -10.9384 1.78217 3
    endloop
  endfacet
  facet normal 0 0 1
    outer loop
      vertex -9 -15.2 3
      vertex -14.2424 -17.6026 3
      vertex -13.0767 -17.6026 3
    endloop
  endfacet
  facet normal 0 0 1
    outer loop
      vertex -14.2424 -17.6026 3
      vertex -15.6385 -21.8625 3
      vertex -14.2424 -26.2019 3
    endloop
  endfacet
  facet normal 0 0 1
    outer loop
      vertex -9 -8.8 3
      vertex -18.6734 -17.6049 3
      vertex -14.2424 -17.6026 3
    endloop
  endfacet
  facet normal 0 0 1
    outer loop
      vertex -14.2424 -17.6026 3
      vertex -15.6527 -21.4209 3
      vertex -15.6385 -21.8625 3
    endloop
  endfacet
  facet normal 0 0 1
    outer loop
      vertex -14.2424 -17.6026 3
      vertex -15.6952 -20.9993 3
      vertex -15.6527 -21.4209 3
    endloop
  endfacet
  facet normal 0 0 1
    outer loop
      vertex -14.2424 -17.6026 3
      vertex -15.766 -20.5977 3
      vertex -15.6952 -20.9993 3
    endloop
  endfacet
  facet normal 0 0 1
    outer loop
      vertex -14.2424 -17.6026 3
      vertex -15.8651 -20.2161 3
      vertex -15.766 -20.5977 3
    endloop
  endfacet
  facet normal 0 0 1
    outer loop
      vertex -14.2424 -17.6026 3
      vertex -15.9925 -19.8545 3
      vertex -15.8651 -20.2161 3
    endloop
  endfacet
  facet normal 0 0 1
    outer loop
      vertex -14.2424 -17.6026 3
      vertex -16.1482 -19.5129 3
      vertex -15.9925 -19.8545 3
    endloop
  endfacet
  facet normal 0 0 1
    outer loop
      vertex -49.75 15.25 3
      vertex -10.9384 1.78217 3
      vertex -10.7553 2.54507 3
    endloop
  endfacet
  facet normal 0 0 1
    outer loop
      vertex -14.2424 -17.6026 3
      vertex -16.3307 -19.1944 3
      vertex -16.1482 -19.5129 3
    endloop
  endfacet
  facet normal 0 0 1
    outer loop
      vertex -14.2424 -17.6026 3
      vertex -16.5385 -18.9022 3
      vertex -16.3307 -19.1944 3
    endloop
  endfacet
  facet normal 0 0 1
    outer loop
      vertex -14.2424 -17.6026 3
      vertex -16.7715 -18.6363 3
      vertex -16.5385 -18.9022 3
    endloop
  endfacet
  facet normal 0 0 1
    outer loop
      vertex -14.2424 -17.6026 3
      vertex -17.0298 -18.3967 3
      vertex -16.7715 -18.6363 3
    endloop
  endfacet
  facet normal 0 0 1
    outer loop
      vertex -14.2424 -17.6026 3
      vertex -17.3133 -18.1833 3
      vertex -17.0298 -18.3967 3
    endloop
  endfacet
  facet normal 0 0 1
    outer loop
      vertex -14.2424 -17.6026 3
      vertex -17.6221 -17.9962 3
      vertex -17.3133 -18.1833 3
    endloop
  endfacet
  facet normal 0 0 1
    outer loop
      vertex -14.2424 -17.6026 3
      vertex -17.9532 -17.8368 3
      vertex -17.6221 -17.9962 3
    endloop
  endfacet
  facet normal 0 0 1
    outer loop
      vertex -14.2424 -17.6026 3
      vertex -18.3036 -17.7063 3
      vertex -17.9532 -17.8368 3
    endloop
  endfacet
  facet normal 0 0 1
    outer loop
      vertex -14.2424 -17.6026 3
      vertex -18.6734 -17.6049 3
      vertex -18.3036 -17.7063 3
    endloop
  endfacet
  facet normal 0 0 1
    outer loop
      vertex -10.455 -5.26994 3
      vertex -19.0624 -17.5324 3
      vertex -18.6734 -17.6049 3
    endloop
  endfacet
  facet normal 0 0 1
    outer loop
      vertex -10.455 -5.26994 3
      vertex -19.4708 -17.4889 3
      vertex -19.0624 -17.5324 3
    endloop
  endfacet
  facet normal 0 0 1
    outer loop
      vertex -49.75 15.25 3
      vertex -10.7553 2.54507 3
      vertex -10.455 3.26994 3
    endloop
  endfacet
  facet normal 0 0 1
    outer loop
      vertex -10.7553 -4.54507 3
      vertex -19.8985 -17.4744 3
      vertex -19.4708 -17.4889 3
    endloop
  endfacet
  facet normal 0 0 1
    outer loop
      vertex -10.7553 -4.54507 3
      vertex -20.5453 -17.5067 3
      vertex -19.8985 -17.4744 3
    endloop
  endfacet
  facet normal 0 0 1
    outer loop
      vertex -10.9384 -3.78217 3
      vertex -21.1429 -17.6036 3
      vertex -20.5453 -17.5067 3
    endloop
  endfacet
  facet normal 0 0 1
    outer loop
      vertex -11 -3 3
      vertex -21.6913 -17.7651 3
      vertex -21.1429 -17.6036 3
    endloop
  endfacet
  facet normal 0 0 1
    outer loop
      vertex -11 1 3
      vertex -22.1906 -17.9912 3
      vertex -21.6913 -17.7651 3
    endloop
  endfacet
  facet normal 0 0 1
    outer loop
      vertex -11 1 3
      vertex -49.75 -3.25 3
      vertex -22.1906 -17.9912 3
    endloop
  endfacet
  facet normal 0 0 1
    outer loop
      vertex -22.1906 -17.9912 3
      vertex -49.75 -3.25 3
      vertex -22.6407 -18.2818 3
    endloop
  endfacet
  facet normal -0 0 1
    outer loop
      vertex -49.7715 -3.52376 3
      vertex -22.6407 -18.2818 3
      vertex -49.75 -3.25 3
    endloop
  endfacet
  facet normal 0 0 1
    outer loop
      vertex -22.6407 -18.2818 3
      vertex -49.7715 -3.52376 3
      vertex -23.0417 -18.6371 3
    endloop
  endfacet
  facet normal 0 0 1
    outer loop
      vertex -23.3867 -19.0497 3
      vertex -49.9408 -4.04448 3
      vertex -23.6689 -19.5122 3
    endloop
  endfacet
  facet normal -0 0 1
    outer loop
      vertex -49.9408 -4.04448 3
      vertex -23.3867 -19.0497 3
      vertex -49.8357 -3.79077 3
    endloop
  endfacet
  facet normal 0 0 1
    outer loop
      vertex -23.0417 -18.6371 3
      vertex -49.8357 -3.79077 3
      vertex -23.3867 -19.0497 3
    endloop
  endfacet
  facet normal -0 0 1
    outer loop
      vertex -49.8357 -3.79077 3
      vertex -23.0417 -18.6371 3
      vertex -49.7715 -3.52376 3
    endloop
  endfacet
  facet normal 0 0 1
    outer loop
      vertex -10.9384 1.78217 3
      vertex -49.75 15.25 3
      vertex -49.75 -3.25 3
    endloop
  endfacet
  facet normal 0 0 1
    outer loop
      vertex -10.0451 3.93892 3
      vertex -49.75 15.25 3
      vertex -10.455 3.26994 3
    endloop
  endfacet
  facet normal 0 0 1
    outer loop
      vertex -49.7715 15.5238 3
      vertex -10.0451 3.93892 3
      vertex -9.53552 4.53552 3
    endloop
  endfacet
  facet normal 0 0 1
    outer loop
      vertex -8.26994 5.45503 3
      vertex -49.9408 16.0445 3
      vertex -8.93892 5.04507 3
    endloop
  endfacet
  facet normal 0 0 1
    outer loop
      vertex -81.5 31 3
      vertex 12.2746 27.5095 3
      vertex 16.5437 28.7149 3
    endloop
  endfacet
  facet normal 0 0 1
    outer loop
      vertex -10.0451 3.93892 3
      vertex -49.7715 15.5238 3
      vertex -49.75 15.25 3
    endloop
  endfacet
  facet normal 0 0 1
    outer loop
      vertex -9.53552 4.53552 3
      vertex -49.8357 15.7908 3
      vertex -49.7715 15.5238 3
    endloop
  endfacet
  facet normal 0 0 1
    outer loop
      vertex -8.93892 5.04507 3
      vertex -49.8357 15.7908 3
      vertex -9.53552 4.53552 3
    endloop
  endfacet
  facet normal -0 -0 1
    outer loop
      vertex -49.8357 15.7908 3
      vertex -8.93892 5.04507 3
      vertex -49.9408 16.0445 3
    endloop
  endfacet
  facet normal 0 0 1
    outer loop
      vertex 12.2746 27.5095 3
      vertex -50.2626 16.4874 3
      vertex -50.0842 16.2786 3
    endloop
  endfacet
  facet normal 0 0 1
    outer loop
      vertex 12.2746 27.5095 3
      vertex -50.4714 16.6658 3
      vertex -50.2626 16.4874 3
    endloop
  endfacet
  facet normal 0 0 1
    outer loop
      vertex 12.2746 27.5095 3
      vertex -50.7055 16.8092 3
      vertex -50.4714 16.6658 3
    endloop
  endfacet
  facet normal 0 0 1
    outer loop
      vertex 12.2746 27.5095 3
      vertex -50.9592 16.9143 3
      vertex -50.7055 16.8092 3
    endloop
  endfacet
  facet normal 0 0 1
    outer loop
      vertex 12.2746 27.5095 3
      vertex -51.2262 16.9785 3
      vertex -50.9592 16.9143 3
    endloop
  endfacet
  facet normal 0 0 1
    outer loop
      vertex 12.2746 27.5095 3
      vertex -81.5 31 3
      vertex -51.2262 16.9785 3
    endloop
  endfacet
  facet normal 0 0 1
    outer loop
      vertex -51.2262 16.9785 3
      vertex -81.5 31 3
      vertex -51.5 17 3
    endloop
  endfacet
  facet normal 0 0 1
    outer loop
      vertex -53.25 15.25 3
      vertex -56.25 15.25 3
      vertex -53.25 -3.25 3
    endloop
  endfacet
  facet normal 0 0 1
    outer loop
      vertex -53.2285 15.5238 3
      vertex -56.25 15.25 3
      vertex -53.25 15.25 3
    endloop
  endfacet
  facet normal 0 0 1
    outer loop
      vertex -56.2715 15.5238 3
      vertex -53.2285 15.5238 3
      vertex -53.1643 15.7908 3
    endloop
  endfacet
  facet normal 0 0 1
    outer loop
      vertex -56.3357 15.7908 3
      vertex -53.1643 15.7908 3
      vertex -53.0592 16.0445 3
    endloop
  endfacet
  facet normal 0 0 1
    outer loop
      vertex -56.4408 16.0445 3
      vertex -53.0592 16.0445 3
      vertex -52.9158 16.2786 3
    endloop
  endfacet
  facet normal 0 0 1
    outer loop
      vertex -56.5842 16.2786 3
      vertex -52.9158 16.2786 3
      vertex -52.7374 16.4874 3
    endloop
  endfacet
  facet normal 0 0 1
    outer loop
      vertex -56.7626 16.4874 3
      vertex -52.7374 16.4874 3
      vertex -52.5286 16.6658 3
    endloop
  endfacet
  facet normal 0 0 1
    outer loop
      vertex -56.9714 16.6658 3
      vertex -52.5286 16.6658 3
      vertex -52.2945 16.8092 3
    endloop
  endfacet
  facet normal 0 0 1
    outer loop
      vertex -57.2055 16.8092 3
      vertex -52.2945 16.8092 3
      vertex -52.0408 16.9143 3
    endloop
  endfacet
  facet normal 0 0 1
    outer loop
      vertex -53.2285 15.5238 3
      vertex -56.2715 15.5238 3
      vertex -56.25 15.25 3
    endloop
  endfacet
  facet normal 0 0 1
    outer loop
      vertex -53.1643 15.7908 3
      vertex -56.3357 15.7908 3
      vertex -56.2715 15.5238 3
    endloop
  endfacet
  facet normal 0 0 1
    outer loop
      vertex -53.0592 16.0445 3
      vertex -56.4408 16.0445 3
      vertex -56.3357 15.7908 3
    endloop
  endfacet
  facet normal 0 0 1
    outer loop
      vertex -57.4592 16.9143 3
      vertex -52.0408 16.9143 3
      vertex -51.7738 16.9785 3
    endloop
  endfacet
  facet normal 0 0 1
    outer loop
      vertex -52.9158 16.2786 3
      vertex -56.5842 16.2786 3
      vertex -56.4408 16.0445 3
    endloop
  endfacet
  facet normal 0 0 1
    outer loop
      vertex -51.5 17 3
      vertex -81.5 31 3
      vertex -51.7738 16.9785 3
    endloop
  endfacet
  facet normal 0 0 1
    outer loop
      vertex -52.7374 16.4874 3
      vertex -56.7626 16.4874 3
      vertex -56.5842 16.2786 3
    endloop
  endfacet
  facet normal 0 0 1
    outer loop
      vertex -52.5286 16.6658 3
      vertex -56.9714 16.6658 3
      vertex -56.7626 16.4874 3
    endloop
  endfacet
  facet normal 0 0 1
    outer loop
      vertex -52.2945 16.8092 3
      vertex -57.2055 16.8092 3
      vertex -56.9714 16.6658 3
    endloop
  endfacet
  facet normal 0 0 1
    outer loop
      vertex -52.0408 16.9143 3
      vertex -57.4592 16.9143 3
      vertex -57.2055 16.8092 3
    endloop
  endfacet
  facet normal 0 -0 1
    outer loop
      vertex -57.7262 16.9785 3
      vertex -51.7738 16.9785 3
      vertex -81.5 31 3
    endloop
  endfacet
  facet normal 0 0 1
    outer loop
      vertex -51.7738 16.9785 3
      vertex -57.7262 16.9785 3
      vertex -57.4592 16.9143 3
    endloop
  endfacet
  facet normal 0 0 1
    outer loop
      vertex -57.7262 16.9785 3
      vertex -81.5 31 3
      vertex -58 17 3
    endloop
  endfacet
  facet normal 0 0 1
    outer loop
      vertex -59.75 15.25 3
      vertex -62.75 15.25 3
      vertex -59.75 -3.25 3
    endloop
  endfacet
  facet normal 0 0 1
    outer loop
      vertex -59.7285 15.5238 3
      vertex -62.75 15.25 3
      vertex -59.75 15.25 3
    endloop
  endfacet
  facet normal 0 0 1
    outer loop
      vertex -62.7715 15.5238 3
      vertex -59.7285 15.5238 3
      vertex -59.6643 15.7908 3
    endloop
  endfacet
  facet normal 0 0 1
    outer loop
      vertex -62.8357 15.7908 3
      vertex -59.6643 15.7908 3
      vertex -59.5592 16.0445 3
    endloop
  endfacet
  facet normal 0 0 1
    outer loop
      vertex -62.9408 16.0445 3
      vertex -59.5592 16.0445 3
      vertex -59.4158 16.2786 3
    endloop
  endfacet
  facet normal 0 0 1
    outer loop
      vertex -63.0842 16.2786 3
      vertex -59.4158 16.2786 3
      vertex -59.2374 16.4874 3
    endloop
  endfacet
  facet normal 0 0 1
    outer loop
      vertex -63.2626 16.4874 3
      vertex -59.2374 16.4874 3
      vertex -59.0286 16.6658 3
    endloop
  endfacet
  facet normal 0 0 1
    outer loop
      vertex -63.4714 16.6658 3
      vertex -59.0286 16.6658 3
      vertex -58.7945 16.8092 3
    endloop
  endfacet
  facet normal 0 0 1
    outer loop
      vertex -63.7055 16.8092 3
      vertex -58.7945 16.8092 3
      vertex -58.5408 16.9143 3
    endloop
  endfacet
  facet normal 0 0 1
    outer loop
      vertex -59.7285 15.5238 3
      vertex -62.7715 15.5238 3
      vertex -62.75 15.25 3
    endloop
  endfacet
  facet normal 0 0 1
    outer loop
      vertex -59.6643 15.7908 3
      vertex -62.8357 15.7908 3
      vertex -62.7715 15.5238 3
    endloop
  endfacet
  facet normal 0 0 1
    outer loop
      vertex -59.5592 16.0445 3
      vertex -62.9408 16.0445 3
      vertex -62.8357 15.7908 3
    endloop
  endfacet
  facet normal 0 0 1
    outer loop
      vertex -63.9592 16.9143 3
      vertex -58.5408 16.9143 3
      vertex -58.2738 16.9785 3
    endloop
  endfacet
  facet normal 0 0 1
    outer loop
      vertex -59.4158 16.2786 3
      vertex -63.0842 16.2786 3
      vertex -62.9408 16.0445 3
    endloop
  endfacet
  facet normal 0 0 1
    outer loop
      vertex -58 17 3
      vertex -81.5 31 3
      vertex -58.2738 16.9785 3
    endloop
  endfacet
  facet normal 0 0 1
    outer loop
      vertex -59.2374 16.4874 3
      vertex -63.2626 16.4874 3
      vertex -63.0842 16.2786 3
    endloop
  endfacet
  facet normal 0 0 1
    outer loop
      vertex -59.0286 16.6658 3
      vertex -63.4714 16.6658 3
      vertex -63.2626 16.4874 3
    endloop
  endfacet
  facet normal 0 0 1
    outer loop
      vertex -58.7945 16.8092 3
      vertex -63.7055 16.8092 3
      vertex -63.4714 16.6658 3
    endloop
  endfacet
  facet normal 0 -0 1
    outer loop
      vertex -64.2262 16.9785 3
      vertex -58.2738 16.9785 3
      vertex -81.5 31 3
    endloop
  endfacet
  facet normal 0 0 1
    outer loop
      vertex -58.5408 16.9143 3
      vertex -63.9592 16.9143 3
      vertex -63.7055 16.8092 3
    endloop
  endfacet
  facet normal 0 0 1
    outer loop
      vertex -58.2738 16.9785 3
      vertex -64.2262 16.9785 3
      vertex -63.9592 16.9143 3
    endloop
  endfacet
  facet normal 0 0 1
    outer loop
      vertex -64.2262 16.9785 3
      vertex -81.5 31 3
      vertex -64.5 17 3
    endloop
  endfacet
  facet normal -0 0 1
    outer loop
      vertex -72.2056 0.940456 3
      vertex -66.25 -3.25 3
      vertex -66.25 15.25 3
    endloop
  endfacet
  facet normal 0 0 1
    outer loop
      vertex -81.5 31 3
      vertex -66.25 15.25 3
      vertex -66.2285 15.5238 3
    endloop
  endfacet
  facet normal 0 0 1
    outer loop
      vertex -81.5 31 3
      vertex -66.2285 15.5238 3
      vertex -66.1643 15.7908 3
    endloop
  endfacet
  facet normal 0 0 1
    outer loop
      vertex -66.25 -3.25 3
      vertex -71.9197 0.250295 3
      vertex -71.9 0 3
    endloop
  endfacet
  facet normal 0 0 1
    outer loop
      vertex -66.25 -3.25 3
      vertex -71.9783 0.494427 3
      vertex -71.9197 0.250295 3
    endloop
  endfacet
  facet normal 0 0 1
    outer loop
      vertex -66.25 -3.25 3
      vertex -72.0744 0.726384 3
      vertex -71.9783 0.494427 3
    endloop
  endfacet
  facet normal 0 0 1
    outer loop
      vertex -66.25 -3.25 3
      vertex -72.2056 0.940456 3
      vertex -72.0744 0.726384 3
    endloop
  endfacet
  facet normal 0 0 1
    outer loop
      vertex -66.25 15.25 3
      vertex -72.3686 1.13137 3
      vertex -72.2056 0.940456 3
    endloop
  endfacet
  facet normal 0 0 1
    outer loop
      vertex -81.5 31 3
      vertex -66.1643 15.7908 3
      vertex -66.0592 16.0445 3
    endloop
  endfacet
  facet normal 0 0 1
    outer loop
      vertex -66.25 15.25 3
      vertex -72.5595 1.29443 3
      vertex -72.3686 1.13137 3
    endloop
  endfacet
  facet normal 0 0 1
    outer loop
      vertex -66.25 15.25 3
      vertex -72.7736 1.42561 3
      vertex -72.5595 1.29443 3
    endloop
  endfacet
  facet normal 0 0 1
    outer loop
      vertex -66.25 15.25 3
      vertex -73.0056 1.52169 3
      vertex -72.7736 1.42561 3
    endloop
  endfacet
  facet normal 0 0 1
    outer loop
      vertex -66.25 15.25 3
      vertex -73.2497 1.5803 3
      vertex -73.0056 1.52169 3
    endloop
  endfacet
  facet normal 0 0 1
    outer loop
      vertex -66.25 15.25 3
      vertex -73.5 1.6 3
      vertex -73.2497 1.5803 3
    endloop
  endfacet
  facet normal 0 0 1
    outer loop
      vertex -66.25 15.25 3
      vertex -73.7503 1.5803 3
      vertex -73.5 1.6 3
    endloop
  endfacet
  facet normal 0 0 1
    outer loop
      vertex -66.25 15.25 3
      vertex -73.9944 1.52169 3
      vertex -73.7503 1.5803 3
    endloop
  endfacet
  facet normal 0 0 1
    outer loop
      vertex -66.25 15.25 3
      vertex -74.2264 1.42561 3
      vertex -73.9944 1.52169 3
    endloop
  endfacet
  facet normal 0 0 1
    outer loop
      vertex -66.25 15.25 3
      vertex -81.5 31 3
      vertex -74.2264 1.42561 3
    endloop
  endfacet
  facet normal 0 0 1
    outer loop
      vertex -74.2264 1.42561 3
      vertex -81.5 31 3
      vertex -74.4405 1.29443 3
    endloop
  endfacet
  facet normal 0 0 1
    outer loop
      vertex -74.4405 1.29443 3
      vertex -81.5 31 3
      vertex -74.6314 1.13137 3
    endloop
  endfacet
  facet normal 0 0 1
    outer loop
      vertex -74.6314 1.13137 3
      vertex -81.5 31 3
      vertex -74.7944 0.940456 3
    endloop
  endfacet
  facet normal 0 0 1
    outer loop
      vertex -75.0803 0.250295 3
      vertex -81.5 31 3
      vertex -75.1 0 3
    endloop
  endfacet
  facet normal 0 0 1
    outer loop
      vertex -75.0217 0.494427 3
      vertex -81.5 31 3
      vertex -75.0803 0.250295 3
    endloop
  endfacet
  facet normal 0 0 1
    outer loop
      vertex -74.9256 0.726384 3
      vertex -81.5 31 3
      vertex -75.0217 0.494427 3
    endloop
  endfacet
  facet normal 0 0 1
    outer loop
      vertex -74.7944 0.940456 3
      vertex -81.5 31 3
      vertex -74.9256 0.726384 3
    endloop
  endfacet
  facet normal 0 0 1
    outer loop
      vertex -65.9158 16.2786 3
      vertex -81.5 31 3
      vertex -66.0592 16.0445 3
    endloop
  endfacet
  facet normal 0 0 1
    outer loop
      vertex -65.7374 16.4874 3
      vertex -81.5 31 3
      vertex -65.9158 16.2786 3
    endloop
  endfacet
  facet normal 0 0 1
    outer loop
      vertex -65.5286 16.6658 3
      vertex -81.5 31 3
      vertex -65.7374 16.4874 3
    endloop
  endfacet
  facet normal 0 0 1
    outer loop
      vertex -65.2945 16.8092 3
      vertex -81.5 31 3
      vertex -65.5286 16.6658 3
    endloop
  endfacet
  facet normal 0 0 1
    outer loop
      vertex -65.0408 16.9143 3
      vertex -81.5 31 3
      vertex -65.2945 16.8092 3
    endloop
  endfacet
  facet normal 0 0 1
    outer loop
      vertex -64.7738 16.9785 3
      vertex -81.5 31 3
      vertex -65.0408 16.9143 3
    endloop
  endfacet
  facet normal 0 0 1
    outer loop
      vertex -64.5 17 3
      vertex -81.5 31 3
      vertex -64.7738 16.9785 3
    endloop
  endfacet
  facet normal -0 0 1
    outer loop
      vertex -81.5 31 3
      vertex 16.5437 28.7149 3
      vertex 81.5 31 3
    endloop
  endfacet
  facet normal -0 0 1
    outer loop
      vertex 75.0803 -0.250295 3
      vertex 81.5 -31 3
      vertex 75.1 0 3
    endloop
  endfacet
  facet normal -0 0 1
    outer loop
      vertex 75.0217 -0.494427 3
      vertex 81.5 -31 3
      vertex 75.0803 -0.250295 3
    endloop
  endfacet
  facet normal -0 0 1
    outer loop
      vertex 74.9256 -0.726384 3
      vertex 81.5 -31 3
      vertex 75.0217 -0.494427 3
    endloop
  endfacet
  facet normal -0 0 1
    outer loop
      vertex 74.7944 -0.940456 3
      vertex 81.5 -31 3
      vertex 74.9256 -0.726384 3
    endloop
  endfacet
  facet normal -0 0 1
    outer loop
      vertex 74.6314 -1.13137 3
      vertex 81.5 -31 3
      vertex 74.7944 -0.940456 3
    endloop
  endfacet
  facet normal -0 0 1
    outer loop
      vertex 74.4405 -1.29443 3
      vertex 81.5 -31 3
      vertex 74.6314 -1.13137 3
    endloop
  endfacet
  facet normal -0 0 1
    outer loop
      vertex 74.2264 -1.42561 3
      vertex 81.5 -31 3
      vertex 74.4405 -1.29443 3
    endloop
  endfacet
  facet normal -0 0 1
    outer loop
      vertex 73.9944 -1.52169 3
      vertex 81.5 -31 3
      vertex 74.2264 -1.42561 3
    endloop
  endfacet
  facet normal -0 0 1
    outer loop
      vertex 73.7503 -1.5803 3
      vertex 81.5 -31 3
      vertex 73.9944 -1.52169 3
    endloop
  endfacet
  facet normal -0 0 1
    outer loop
      vertex 73.5 -1.6 3
      vertex 81.5 -31 3
      vertex 73.7503 -1.5803 3
    endloop
  endfacet
  facet normal 0 0 1
    outer loop
      vertex 65.7374 -4.48743 3
      vertex 73.5 -1.6 3
      vertex 73.2497 -1.5803 3
    endloop
  endfacet
  facet normal 0 0 1
    outer loop
      vertex 65.9158 -4.27861 3
      vertex 73.2497 -1.5803 3
      vertex 73.0056 -1.52169 3
    endloop
  endfacet
  facet normal 0 0 1
    outer loop
      vertex 66.0592 -4.04448 3
      vertex 73.0056 -1.52169 3
      vertex 72.7736 -1.42561 3
    endloop
  endfacet
  facet normal 0 0 1
    outer loop
      vertex 66.1643 -3.79077 3
      vertex 72.7736 -1.42561 3
      vertex 72.5595 -1.29443 3
    endloop
  endfacet
  facet normal 0 0 1
    outer loop
      vertex 66.2285 -3.52376 3
      vertex 72.5595 -1.29443 3
      vertex 72.3686 -1.13137 3
    endloop
  endfacet
  facet normal 0 0 1
    outer loop
      vertex 66.25 -3.25 3
      vertex 72.3686 -1.13137 3
      vertex 72.2056 -0.940456 3
    endloop
  endfacet
  facet normal 0 0 1
    outer loop
      vertex 66.25 -3.25 3
      vertex 72.2056 -0.940456 3
      vertex 72.0744 -0.726384 3
    endloop
  endfacet
  facet normal 0 0 1
    outer loop
      vertex 66.25 -3.25 3
      vertex 72.0744 -0.726384 3
      vertex 71.9783 -0.494427 3
    endloop
  endfacet
  facet normal 0 0 1
    outer loop
      vertex 71.9197 0.250295 3
      vertex 66.25 -3.25 3
      vertex 71.9 0 3
    endloop
  endfacet
  facet normal 0 0 1
    outer loop
      vertex 71.9 0 3
      vertex 66.25 -3.25 3
      vertex 71.9197 -0.250295 3
    endloop
  endfacet
  facet normal 0 0 1
    outer loop
      vertex 71.9197 -0.250295 3
      vertex 66.25 -3.25 3
      vertex 71.9783 -0.494427 3
    endloop
  endfacet
  facet normal 0 0 1
    outer loop
      vertex 72.3686 -1.13137 3
      vertex 66.25 -3.25 3
      vertex 66.2285 -3.52376 3
    endloop
  endfacet
  facet normal 0 0 1
    outer loop
      vertex 72.5595 -1.29443 3
      vertex 66.2285 -3.52376 3
      vertex 66.1643 -3.79077 3
    endloop
  endfacet
  facet normal 0 0 1
    outer loop
      vertex 72.7736 -1.42561 3
      vertex 66.1643 -3.79077 3
      vertex 66.0592 -4.04448 3
    endloop
  endfacet
  facet normal 0 0 1
    outer loop
      vertex 73.0056 -1.52169 3
      vertex 66.0592 -4.04448 3
      vertex 65.9158 -4.27861 3
    endloop
  endfacet
  facet normal 0 0 1
    outer loop
      vertex 73.2497 -1.5803 3
      vertex 65.9158 -4.27861 3
      vertex 65.7374 -4.48743 3
    endloop
  endfacet
  facet normal 0 0 1
    outer loop
      vertex 73.5 -1.6 3
      vertex 65.7374 -4.48743 3
      vertex 65.5286 -4.66577 3
    endloop
  endfacet
  facet normal 0 0 1
    outer loop
      vertex 73.5 -1.6 3
      vertex 65.5286 -4.66577 3
      vertex 81.5 -31 3
    endloop
  endfacet
  facet normal -0 0 1
    outer loop
      vertex 65.2945 -4.80925 3
      vertex 81.5 -31 3
      vertex 65.5286 -4.66577 3
    endloop
  endfacet
  facet normal -0 0 1
    outer loop
      vertex 65.0408 -4.91434 3
      vertex 81.5 -31 3
      vertex 65.2945 -4.80925 3
    endloop
  endfacet
  facet normal -0 0 1
    outer loop
      vertex 64.7738 -4.97845 3
      vertex 81.5 -31 3
      vertex 65.0408 -4.91434 3
    endloop
  endfacet
  facet normal -0 0 1
    outer loop
      vertex 64.5 -5 3
      vertex 81.5 -31 3
      vertex 64.7738 -4.97845 3
    endloop
  endfacet
  facet normal 0 0 1
    outer loop
      vertex 64.2262 -4.97845 3
      vertex 81.5 -31 3
      vertex 64.5 -5 3
    endloop
  endfacet
  facet normal 0 0 1
    outer loop
      vertex 58.2738 -4.97845 3
      vertex 64.2262 -4.97845 3
      vertex 63.9592 -4.91434 3
    endloop
  endfacet
  facet normal 0 0 1
    outer loop
      vertex 58.5408 -4.91434 3
      vertex 63.9592 -4.91434 3
      vertex 63.7055 -4.80925 3
    endloop
  endfacet
  facet normal 0 0 1
    outer loop
      vertex 58.7945 -4.80925 3
      vertex 63.7055 -4.80925 3
      vertex 63.4714 -4.66577 3
    endloop
  endfacet
  facet normal 0 0 1
    outer loop
      vertex 59.0286 -4.66577 3
      vertex 63.4714 -4.66577 3
      vertex 63.2626 -4.48743 3
    endloop
  endfacet
  facet normal 0 0 1
    outer loop
      vertex 59.2374 -4.48743 3
      vertex 63.2626 -4.48743 3
      vertex 63.0842 -4.27861 3
    endloop
  endfacet
  facet normal 0 0 1
    outer loop
      vertex 59.75 -3.25 3
      vertex 62.75 -3.25 3
      vertex 59.75 15.25 3
    endloop
  endfacet
  facet normal 0 0 1
    outer loop
      vertex 62.75 -3.25 3
      vertex 59.75 -3.25 3
      vertex 62.7715 -3.52376 3
    endloop
  endfacet
  facet normal 0 0 1
    outer loop
      vertex 59.7285 -3.52376 3
      vertex 62.7715 -3.52376 3
      vertex 59.75 -3.25 3
    endloop
  endfacet
  facet normal 0 0 1
    outer loop
      vertex 62.7715 -3.52376 3
      vertex 59.7285 -3.52376 3
      vertex 62.8357 -3.79077 3
    endloop
  endfacet
  facet normal 0 0 1
    outer loop
      vertex 59.6643 -3.79077 3
      vertex 62.8357 -3.79077 3
      vertex 59.7285 -3.52376 3
    endloop
  endfacet
  facet normal 0 0 1
    outer loop
      vertex 62.8357 -3.79077 3
      vertex 59.6643 -3.79077 3
      vertex 62.9408 -4.04448 3
    endloop
  endfacet
  facet normal 0 0 1
    outer loop
      vertex 59.5592 -4.04448 3
      vertex 62.9408 -4.04448 3
      vertex 59.6643 -3.79077 3
    endloop
  endfacet
  facet normal 0 0 1
    outer loop
      vertex 62.9408 -4.04448 3
      vertex 59.5592 -4.04448 3
      vertex 63.0842 -4.27861 3
    endloop
  endfacet
  facet normal 0 0 1
    outer loop
      vertex 59.4158 -4.27861 3
      vertex 63.0842 -4.27861 3
      vertex 59.5592 -4.04448 3
    endloop
  endfacet
  facet normal 0 0 1
    outer loop
      vertex 59.2374 -4.48743 3
      vertex 63.0842 -4.27861 3
      vertex 59.4158 -4.27861 3
    endloop
  endfacet
  facet normal 0 0 1
    outer loop
      vertex 63.2626 -4.48743 3
      vertex 59.2374 -4.48743 3
      vertex 59.0286 -4.66577 3
    endloop
  endfacet
  facet normal 0 0 1
    outer loop
      vertex 63.4714 -4.66577 3
      vertex 59.0286 -4.66577 3
      vertex 58.7945 -4.80925 3
    endloop
  endfacet
  facet normal 0 0 1
    outer loop
      vertex 63.7055 -4.80925 3
      vertex 58.7945 -4.80925 3
      vertex 58.5408 -4.91434 3
    endloop
  endfacet
  facet normal 0 0 1
    outer loop
      vertex 63.9592 -4.91434 3
      vertex 58.5408 -4.91434 3
      vertex 58.2738 -4.97845 3
    endloop
  endfacet
  facet normal 0 0 1
    outer loop
      vertex 64.2262 -4.97845 3
      vertex 58.2738 -4.97845 3
      vertex 81.5 -31 3
    endloop
  endfacet
  facet normal -0 0 1
    outer loop
      vertex 58 -5 3
      vertex 81.5 -31 3
      vertex 58.2738 -4.97845 3
    endloop
  endfacet
  facet normal 0 0 1
    outer loop
      vertex 57.7262 -4.97845 3
      vertex 81.5 -31 3
      vertex 58 -5 3
    endloop
  endfacet
  facet normal 0 0 1
    outer loop
      vertex 51.7738 -4.97845 3
      vertex 57.7262 -4.97845 3
      vertex 57.4592 -4.91434 3
    endloop
  endfacet
  facet normal 0 0 1
    outer loop
      vertex 52.0408 -4.91434 3
      vertex 57.4592 -4.91434 3
      vertex 57.2055 -4.80925 3
    endloop
  endfacet
  facet normal 0 0 1
    outer loop
      vertex 52.2945 -4.80925 3
      vertex 57.2055 -4.80925 3
      vertex 56.9714 -4.66577 3
    endloop
  endfacet
  facet normal 0 0 1
    outer loop
      vertex 52.5286 -4.66577 3
      vertex 56.9714 -4.66577 3
      vertex 56.7626 -4.48743 3
    endloop
  endfacet
  facet normal 0 0 1
    outer loop
      vertex 53.25 -3.25 3
      vertex 56.25 -3.25 3
      vertex 53.25 15.25 3
    endloop
  endfacet
  facet normal 0 0 1
    outer loop
      vertex 56.25 -3.25 3
      vertex 53.25 -3.25 3
      vertex 56.2715 -3.52376 3
    endloop
  endfacet
  facet normal 0 0 1
    outer loop
      vertex 53.2285 -3.52376 3
      vertex 56.2715 -3.52376 3
      vertex 53.25 -3.25 3
    endloop
  endfacet
  facet normal 0 0 1
    outer loop
      vertex 56.2715 -3.52376 3
      vertex 53.2285 -3.52376 3
      vertex 56.3357 -3.79077 3
    endloop
  endfacet
  facet normal 0 0 1
    outer loop
      vertex 53.1643 -3.79077 3
      vertex 56.3357 -3.79077 3
      vertex 53.2285 -3.52376 3
    endloop
  endfacet
  facet normal 0 0 1
    outer loop
      vertex 56.3357 -3.79077 3
      vertex 53.1643 -3.79077 3
      vertex 56.4408 -4.04448 3
    endloop
  endfacet
  facet normal 0 0 1
    outer loop
      vertex 53.0592 -4.04448 3
      vertex 56.4408 -4.04448 3
      vertex 53.1643 -3.79077 3
    endloop
  endfacet
  facet normal 0 0 1
    outer loop
      vertex 56.4408 -4.04448 3
      vertex 53.0592 -4.04448 3
      vertex 56.5842 -4.27861 3
    endloop
  endfacet
  facet normal 0 0 1
    outer loop
      vertex 52.9158 -4.27861 3
      vertex 56.5842 -4.27861 3
      vertex 53.0592 -4.04448 3
    endloop
  endfacet
  facet normal 0 0 1
    outer loop
      vertex 56.5842 -4.27861 3
      vertex 52.9158 -4.27861 3
      vertex 56.7626 -4.48743 3
    endloop
  endfacet
  facet normal 0 0 1
    outer loop
      vertex 52.7374 -4.48743 3
      vertex 56.7626 -4.48743 3
      vertex 52.9158 -4.27861 3
    endloop
  endfacet
  facet normal 0 0 1
    outer loop
      vertex 52.5286 -4.66577 3
      vertex 56.7626 -4.48743 3
      vertex 52.7374 -4.48743 3
    endloop
  endfacet
  facet normal 0 0 1
    outer loop
      vertex 56.9714 -4.66577 3
      vertex 52.5286 -4.66577 3
      vertex 52.2945 -4.80925 3
    endloop
  endfacet
  facet normal 0 0 1
    outer loop
      vertex 57.2055 -4.80925 3
      vertex 52.2945 -4.80925 3
      vertex 52.0408 -4.91434 3
    endloop
  endfacet
  facet normal 0 0 1
    outer loop
      vertex 57.4592 -4.91434 3
      vertex 52.0408 -4.91434 3
      vertex 51.7738 -4.97845 3
    endloop
  endfacet
  facet normal 0 0 1
    outer loop
      vertex 57.7262 -4.97845 3
      vertex 51.7738 -4.97845 3
      vertex 81.5 -31 3
    endloop
  endfacet
  facet normal -0 0 1
    outer loop
      vertex 51.5 -5 3
      vertex 81.5 -31 3
      vertex 51.7738 -4.97845 3
    endloop
  endfacet
  facet normal 0 0 1
    outer loop
      vertex 24.9332 -26.2019 3
      vertex 51.5 -5 3
      vertex 51.2262 -4.97845 3
    endloop
  endfacet
  facet normal 0 0 1
    outer loop
      vertex 24.9332 -26.2019 3
      vertex 51.2262 -4.97845 3
      vertex 50.9592 -4.91434 3
    endloop
  endfacet
  facet normal 0 0 1
    outer loop
      vertex 24.9332 -26.2019 3
      vertex 50.9592 -4.91434 3
      vertex 50.7055 -4.80925 3
    endloop
  endfacet
  facet normal 0 0 1
    outer loop
      vertex 24.9332 -26.2019 3
      vertex 50.7055 -4.80925 3
      vertex 50.4714 -4.66577 3
    endloop
  endfacet
  facet normal -0 0 1
    outer loop
      vertex 24.9692 17.1089 3
      vertex 49.75 15.25 3
      vertex 25 17.5 3
    endloop
  endfacet
  facet normal -0 0 1
    outer loop
      vertex 24.8776 16.7275 3
      vertex 49.75 15.25 3
      vertex 24.9692 17.1089 3
    endloop
  endfacet
  facet normal -0 0 1
    outer loop
      vertex 24.7275 16.365 3
      vertex 49.75 15.25 3
      vertex 24.8776 16.7275 3
    endloop
  endfacet
  facet normal 0 0 1
    outer loop
      vertex 49.75 -3.25 3
      vertex 24.9332 -26.2019 3
      vertex 49.7715 -3.52376 3
    endloop
  endfacet
  facet normal 0 0 1
    outer loop
      vertex 49.7715 -3.52376 3
      vertex 24.9332 -26.2019 3
      vertex 49.8357 -3.79077 3
    endloop
  endfacet
  facet normal 0 0 1
    outer loop
      vertex 49.8357 -3.79077 3
      vertex 24.9332 -26.2019 3
      vertex 49.9408 -4.04448 3
    endloop
  endfacet
  facet normal 0 0 1
    outer loop
      vertex 49.9408 -4.04448 3
      vertex 24.9332 -26.2019 3
      vertex 50.0842 -4.27861 3
    endloop
  endfacet
  facet normal 0 0 1
    outer loop
      vertex 50.0842 -4.27861 3
      vertex 24.9332 -26.2019 3
      vertex 50.2626 -4.48743 3
    endloop
  endfacet
  facet normal 0 0 1
    outer loop
      vertex 50.2626 -4.48743 3
      vertex 24.9332 -26.2019 3
      vertex 50.4714 -4.66577 3
    endloop
  endfacet
  facet normal 0 0 1
    outer loop
      vertex 51.5 -5 3
      vertex 24.9332 -26.2019 3
      vertex 81.5 -31 3
    endloop
  endfacet
  facet normal -0 0 1
    outer loop
      vertex 23.7431 -26.2019 3
      vertex 81.5 -31 3
      vertex 24.9332 -26.2019 3
    endloop
  endfacet
  facet normal -0 0 1
    outer loop
      vertex 18.8423 -23.6874 3
      vertex 23.7431 -26.2019 3
      vertex 22.7604 -23.6874 3
    endloop
  endfacet
  facet normal 0 0 1
    outer loop
      vertex 17.8535 -26.2019 3
      vertex 23.7431 -26.2019 3
      vertex 18.8423 -23.6874 3
    endloop
  endfacet
  facet normal -0 0 1
    outer loop
      vertex 17.8535 -26.2019 3
      vertex 81.5 -31 3
      vertex 23.7431 -26.2019 3
    endloop
  endfacet
  facet normal -0 0 1
    outer loop
      vertex 16.6451 -26.2019 3
      vertex 81.5 -31 3
      vertex 17.8535 -26.2019 3
    endloop
  endfacet
  facet normal 0 0 1
    outer loop
      vertex 20.1544 -17.6026 3
      vertex 15.8388 -17.6026 3
      vertex 16.6451 -26.2019 3
    endloop
  endfacet
  facet normal 0 0 1
    outer loop
      vertex 15.8388 -26.2019 3
      vertex 16.6451 -26.2019 3
      vertex 15.8388 -17.6026 3
    endloop
  endfacet
  facet normal -0 0 1
    outer loop
      vertex 15.8388 -26.2019 3
      vertex 81.5 -31 3
      vertex 16.6451 -26.2019 3
    endloop
  endfacet
  facet normal -0 0 1
    outer loop
      vertex 14.789 -26.2019 3
      vertex 81.5 -31 3
      vertex 15.8388 -26.2019 3
    endloop
  endfacet
  facet normal 0 0 1
    outer loop
      vertex 14.7951 -19.8383 3
      vertex 14.4723 -19.879 3
      vertex 14.7905 -20.1496 3
    endloop
  endfacet
  facet normal -0 0 1
    outer loop
      vertex 14.3879 -20.1242 3
      vertex 14.7905 -20.1496 3
      vertex 14.4723 -19.879 3
    endloop
  endfacet
  facet normal 0 0 1
    outer loop
      vertex 14.7905 -20.1496 3
      vertex 14.3879 -20.1242 3
      vertex 14.789 -20.4649 3
    endloop
  endfacet
  facet normal -0 0 1
    outer loop
      vertex 14.3069 -20.3429 3
      vertex 14.789 -20.4649 3
      vertex 14.3879 -20.1242 3
    endloop
  endfacet
  facet normal 0 0 1
    outer loop
      vertex 14.789 -20.4649 3
      vertex 14.3069 -20.3429 3
      vertex 14.789 -26.2019 3
    endloop
  endfacet
  facet normal 0 0 1
    outer loop
      vertex 12.0853 -26.2019 3
      vertex 14.789 -26.2019 3
      vertex 14.3069 -20.3429 3
    endloop
  endfacet
  facet normal -0 0 1
    outer loop
      vertex 12.0853 -26.2019 3
      vertex 81.5 -31 3
      vertex 14.789 -26.2019 3
    endloop
  endfacet
  facet normal -0 0 1
    outer loop
      vertex 11.2675 -26.2019 3
      vertex 81.5 -31 3
      vertex 12.0853 -26.2019 3
    endloop
  endfacet
  facet normal 0 0 1
    outer loop
      vertex 8.51501 -20.4649 3
      vertex 9.01543 -20.3429 3
      vertex 8.67369 -19.3054 3
    endloop
  endfacet
  facet normal 0 0 1
    outer loop
      vertex 8.51501 -26.2019 3
      vertex 9.01543 -20.3429 3
      vertex 8.51501 -20.4649 3
    endloop
  endfacet
  facet normal 0 0 1
    outer loop
      vertex 9.01543 -20.3429 3
      vertex 8.51501 -26.2019 3
      vertex 11.2675 -26.2019 3
    endloop
  endfacet
  facet normal -0 0 1
    outer loop
      vertex 8.51501 -26.2019 3
      vertex 81.5 -31 3
      vertex 11.2675 -26.2019 3
    endloop
  endfacet
  facet normal -0 0 1
    outer loop
      vertex 7.47751 -26.2019 3
      vertex 81.5 -31 3
      vertex 8.51501 -26.2019 3
    endloop
  endfacet
  facet normal 0 0 1
    outer loop
      vertex 6.51843 -16.9778 3
      vertex 7.47751 -17.6026 3
      vertex 6.8 -17 3
    endloop
  endfacet
  facet normal 0 0 1
    outer loop
      vertex 7.47751 -17.6026 3
      vertex 6.6226 -26.2019 3
      vertex 7.47751 -26.2019 3
    endloop
  endfacet
  facet normal -0 0 1
    outer loop
      vertex 6.6226 -26.2019 3
      vertex 81.5 -31 3
      vertex 7.47751 -26.2019 3
    endloop
  endfacet
  facet normal -0 0 1
    outer loop
      vertex 5.43245 -26.2019 3
      vertex 81.5 -31 3
      vertex 6.6226 -26.2019 3
    endloop
  endfacet
  facet normal -0 0 1
    outer loop
      vertex 0.531677 -23.6874 3
      vertex 5.43245 -26.2019 3
      vertex 4.44983 -23.6874 3
    endloop
  endfacet
  facet normal 0 0 1
    outer loop
      vertex -0.457047 -26.2019 3
      vertex 5.43245 -26.2019 3
      vertex 0.531677 -23.6874 3
    endloop
  endfacet
  facet normal -0 0 1
    outer loop
      vertex -0.457047 -26.2019 3
      vertex 81.5 -31 3
      vertex 5.43245 -26.2019 3
    endloop
  endfacet
  facet normal -0 0 1
    outer loop
      vertex -1.66548 -26.2019 3
      vertex 81.5 -31 3
      vertex -0.457047 -26.2019 3
    endloop
  endfacet
  facet normal 0 0 1
    outer loop
      vertex 1.8438 -17.6026 3
      vertex -1.94237 -25.2498 3
      vertex -1.66548 -26.2019 3
    endloop
  endfacet
  facet normal 0 0 1
    outer loop
      vertex -1.94237 -26.2019 3
      vertex -1.66548 -26.2019 3
      vertex -1.94237 -25.2498 3
    endloop
  endfacet
  facet normal -0 0 1
    outer loop
      vertex -1.94237 -26.2019 3
      vertex 81.5 -31 3
      vertex -1.66548 -26.2019 3
    endloop
  endfacet
  facet normal -0 0 1
    outer loop
      vertex -7.45343 -26.2019 3
      vertex 81.5 -31 3
      vertex -1.94237 -26.2019 3
    endloop
  endfacet
  facet normal 0 0 1
    outer loop
      vertex -8.01718 -16.8038 3
      vertex -7.45343 -17.6026 3
      vertex -7.75623 -16.9119 3
    endloop
  endfacet
  facet normal 0 0 1
    outer loop
      vertex -8.25801 -16.6562 3
      vertex -7.45343 -17.6026 3
      vertex -8.01718 -16.8038 3
    endloop
  endfacet
  facet normal 0 0 1
    outer loop
      vertex -8.47278 -16.4728 3
      vertex -7.45343 -17.6026 3
      vertex -8.25801 -16.6562 3
    endloop
  endfacet
  facet normal 0 0 1
    outer loop
      vertex -7.45343 -17.6026 3
      vertex -8.47278 -16.4728 3
      vertex -8.73131 -25.2498 3
    endloop
  endfacet
  facet normal 0 0 1
    outer loop
      vertex -8.73131 -25.2498 3
      vertex -8.47278 -16.4728 3
      vertex -8.65622 -16.258 3
    endloop
  endfacet
  facet normal 0 0 1
    outer loop
      vertex -7.45343 -17.6026 3
      vertex -8.73131 -25.2498 3
      vertex -7.45343 -26.2019 3
    endloop
  endfacet
  facet normal 0 0 1
    outer loop
      vertex -8.73131 -26.2019 3
      vertex -7.45343 -26.2019 3
      vertex -8.73131 -25.2498 3
    endloop
  endfacet
  facet normal 0 0 1
    outer loop
      vertex -81.5 -31 3
      vertex -7.45343 -26.2019 3
      vertex -8.73131 -26.2019 3
    endloop
  endfacet
  facet normal 0 0 1
    outer loop
      vertex -19.9108 -26.3239 3
      vertex -8.73131 -26.2019 3
      vertex -14.2424 -26.2019 3
    endloop
  endfacet
  facet normal -0 0 1
    outer loop
      vertex -15.6529 -22.3028 3
      vertex -14.2424 -26.2019 3
      vertex -15.6385 -21.8625 3
    endloop
  endfacet
  facet normal -0 0 1
    outer loop
      vertex -15.6958 -22.7244 3
      vertex -14.2424 -26.2019 3
      vertex -15.6529 -22.3028 3
    endloop
  endfacet
  facet normal -0 0 1
    outer loop
      vertex -15.7675 -23.1274 3
      vertex -14.2424 -26.2019 3
      vertex -15.6958 -22.7244 3
    endloop
  endfacet
  facet normal -0 0 1
    outer loop
      vertex -15.8678 -23.5118 3
      vertex -14.2424 -26.2019 3
      vertex -15.7675 -23.1274 3
    endloop
  endfacet
  facet normal -0 0 1
    outer loop
      vertex -15.9967 -23.8774 3
      vertex -14.2424 -26.2019 3
      vertex -15.8678 -23.5118 3
    endloop
  endfacet
  facet normal -0 0 1
    outer loop
      vertex -16.1543 -24.2245 3
      vertex -14.2424 -26.2019 3
      vertex -15.9967 -23.8774 3
    endloop
  endfacet
  facet normal -0 0 1
    outer loop
      vertex -16.3387 -24.5491 3
      vertex -14.2424 -26.2019 3
      vertex -16.1543 -24.2245 3
    endloop
  endfacet
  facet normal -0 0 1
    outer loop
      vertex -16.548 -24.8477 3
      vertex -14.2424 -26.2019 3
      vertex -16.3387 -24.5491 3
    endloop
  endfacet
  facet normal -0 0 1
    outer loop
      vertex -16.7822 -25.1201 3
      vertex -14.2424 -26.2019 3
      vertex -16.548 -24.8477 3
    endloop
  endfacet
  facet normal -0 0 1
    outer loop
      vertex -17.0413 -25.3664 3
      vertex -14.2424 -26.2019 3
      vertex -16.7822 -25.1201 3
    endloop
  endfacet
  facet normal -0 0 1
    outer loop
      vertex -17.3253 -25.5867 3
      vertex -14.2424 -26.2019 3
      vertex -17.0413 -25.3664 3
    endloop
  endfacet
  facet normal -0 0 1
    outer loop
      vertex -17.6343 -25.7808 3
      vertex -14.2424 -26.2019 3
      vertex -17.3253 -25.5867 3
    endloop
  endfacet
  facet normal -0 0 1
    outer loop
      vertex -17.9654 -25.9467 3
      vertex -14.2424 -26.2019 3
      vertex -17.6343 -25.7808 3
    endloop
  endfacet
  facet normal -0 0 1
    outer loop
      vertex -18.3158 -26.0825 3
      vertex -14.2424 -26.2019 3
      vertex -17.9654 -25.9467 3
    endloop
  endfacet
  facet normal -0 0 1
    outer loop
      vertex -18.6855 -26.1881 3
      vertex -14.2424 -26.2019 3
      vertex -18.3158 -26.0825 3
    endloop
  endfacet
  facet normal 0 0 1
    outer loop
      vertex -19.0746 -26.2635 3
      vertex -14.2424 -26.2019 3
      vertex -18.6855 -26.1881 3
    endloop
  endfacet
  facet normal 0 0 1
    outer loop
      vertex -19.483 -26.3088 3
      vertex -14.2424 -26.2019 3
      vertex -19.0746 -26.2635 3
    endloop
  endfacet
  facet normal 0 0 1
    outer loop
      vertex -19.9108 -26.3239 3
      vertex -14.2424 -26.2019 3
      vertex -19.483 -26.3088 3
    endloop
  endfacet
  facet normal 0 0 1
    outer loop
      vertex -81.5 -31 3
      vertex -8.73131 -26.2019 3
      vertex -19.9108 -26.3239 3
    endloop
  endfacet
  facet normal 0 0 1
    outer loop
      vertex -81.5 -31 3
      vertex -19.9108 -26.3239 3
      vertex -20.3421 -26.309 3
    endloop
  endfacet
  facet normal -0 0 1
    outer loop
      vertex -50.0842 -4.27861 3
      vertex -23.6689 -19.5122 3
      vertex -49.9408 -4.04448 3
    endloop
  endfacet
  facet normal 0 0 1
    outer loop
      vertex -23.6689 -19.5122 3
      vertex -50.0842 -4.27861 3
      vertex -23.8885 -20.0248 3
    endloop
  endfacet
  facet normal -0 0 1
    outer loop
      vertex -50.2626 -4.48743 3
      vertex -23.8885 -20.0248 3
      vertex -50.0842 -4.27861 3
    endloop
  endfacet
  facet normal 0 0 1
    outer loop
      vertex -23.8885 -20.0248 3
      vertex -50.2626 -4.48743 3
      vertex -24.0453 -20.5874 3
    endloop
  endfacet
  facet normal -0 0 1
    outer loop
      vertex -50.4714 -4.66577 3
      vertex -24.0453 -20.5874 3
      vertex -50.2626 -4.48743 3
    endloop
  endfacet
  facet normal 0 0 1
    outer loop
      vertex -24.0453 -20.5874 3
      vertex -50.4714 -4.66577 3
      vertex -24.1394 -21.1999 3
    endloop
  endfacet
  facet normal -0 0 1
    outer loop
      vertex -50.7055 -4.80925 3
      vertex -24.1394 -21.1999 3
      vertex -50.4714 -4.66577 3
    endloop
  endfacet
  facet normal 0 0 1
    outer loop
      vertex -24.1394 -21.1999 3
      vertex -50.7055 -4.80925 3
      vertex -24.1707 -21.8625 3
    endloop
  endfacet
  facet normal 0 0 1
    outer loop
      vertex -24.1707 -21.8625 3
      vertex -50.7055 -4.80925 3
      vertex -24.1566 -22.3048 3
    endloop
  endfacet
  facet normal -0 0 1
    outer loop
      vertex -50.9592 -4.91434 3
      vertex -24.1566 -22.3048 3
      vertex -50.7055 -4.80925 3
    endloop
  endfacet
  facet normal 0 0 1
    outer loop
      vertex -24.1566 -22.3048 3
      vertex -50.9592 -4.91434 3
      vertex -24.1144 -22.7282 3
    endloop
  endfacet
  facet normal -0 0 1
    outer loop
      vertex -51.2262 -4.97845 3
      vertex -24.1144 -22.7282 3
      vertex -50.9592 -4.91434 3
    endloop
  endfacet
  facet normal 0 0 1
    outer loop
      vertex -24.1144 -22.7282 3
      vertex -51.2262 -4.97845 3
      vertex -24.0441 -23.1328 3
    endloop
  endfacet
  facet normal 0 0 1
    outer loop
      vertex -24.0441 -23.1328 3
      vertex -51.2262 -4.97845 3
      vertex -23.9456 -23.5186 3
    endloop
  endfacet
  facet normal -0 0 1
    outer loop
      vertex -51.5 -5 3
      vertex -23.9456 -23.5186 3
      vertex -51.2262 -4.97845 3
    endloop
  endfacet
  facet normal 0 0 1
    outer loop
      vertex -23.9456 -23.5186 3
      vertex -51.5 -5 3
      vertex -23.819 -23.8855 3
    endloop
  endfacet
  facet normal 0 0 1
    outer loop
      vertex -81.5 -31 3
      vertex -23.819 -23.8855 3
      vertex -51.5 -5 3
    endloop
  endfacet
  facet normal 0 0 1
    outer loop
      vertex -23.819 -23.8855 3
      vertex -81.5 -31 3
      vertex -23.6642 -24.2337 3
    endloop
  endfacet
  facet normal 0 0 1
    outer loop
      vertex -23.6642 -24.2337 3
      vertex -81.5 -31 3
      vertex -23.4827 -24.5591 3
    endloop
  endfacet
  facet normal 0 0 1
    outer loop
      vertex -23.4827 -24.5591 3
      vertex -81.5 -31 3
      vertex -23.2759 -24.8578 3
    endloop
  endfacet
  facet normal 0 0 1
    outer loop
      vertex -23.2759 -24.8578 3
      vertex -81.5 -31 3
      vertex -23.0439 -25.13 3
    endloop
  endfacet
  facet normal 0 0 1
    outer loop
      vertex -23.0439 -25.13 3
      vertex -81.5 -31 3
      vertex -22.7867 -25.3756 3
    endloop
  endfacet
  facet normal 0 0 1
    outer loop
      vertex -81.5 -31 3
      vertex -51.5 -5 3
      vertex -51.7738 -4.97845 3
    endloop
  endfacet
  facet normal 0 0 1
    outer loop
      vertex -57.7262 -4.97845 3
      vertex -51.7738 -4.97845 3
      vertex -52.0408 -4.91434 3
    endloop
  endfacet
  facet normal 0 0 1
    outer loop
      vertex -57.4592 -4.91434 3
      vertex -52.0408 -4.91434 3
      vertex -52.2945 -4.80925 3
    endloop
  endfacet
  facet normal 0 0 1
    outer loop
      vertex -57.2055 -4.80925 3
      vertex -52.2945 -4.80925 3
      vertex -52.5286 -4.66577 3
    endloop
  endfacet
  facet normal 0 0 1
    outer loop
      vertex -56.25 -3.25 3
      vertex -53.25 -3.25 3
      vertex -56.25 15.25 3
    endloop
  endfacet
  facet normal 0 0 1
    outer loop
      vertex -53.25 -3.25 3
      vertex -56.25 -3.25 3
      vertex -53.2285 -3.52376 3
    endloop
  endfacet
  facet normal 0 0 1
    outer loop
      vertex -56.2715 -3.52376 3
      vertex -53.2285 -3.52376 3
      vertex -56.25 -3.25 3
    endloop
  endfacet
  facet normal 0 0 1
    outer loop
      vertex -53.2285 -3.52376 3
      vertex -56.2715 -3.52376 3
      vertex -53.1643 -3.79077 3
    endloop
  endfacet
  facet normal 0 0 1
    outer loop
      vertex -56.3357 -3.79077 3
      vertex -53.1643 -3.79077 3
      vertex -56.2715 -3.52376 3
    endloop
  endfacet
  facet normal 0 0 1
    outer loop
      vertex -53.1643 -3.79077 3
      vertex -56.3357 -3.79077 3
      vertex -53.0592 -4.04448 3
    endloop
  endfacet
  facet normal 0 0 1
    outer loop
      vertex -56.4408 -4.04448 3
      vertex -53.0592 -4.04448 3
      vertex -56.3357 -3.79077 3
    endloop
  endfacet
  facet normal 0 0 1
    outer loop
      vertex -53.0592 -4.04448 3
      vertex -56.4408 -4.04448 3
      vertex -52.9158 -4.27861 3
    endloop
  endfacet
  facet normal 0 0 1
    outer loop
      vertex -56.5842 -4.27861 3
      vertex -52.9158 -4.27861 3
      vertex -56.4408 -4.04448 3
    endloop
  endfacet
  facet normal 0 0 1
    outer loop
      vertex -52.9158 -4.27861 3
      vertex -56.5842 -4.27861 3
      vertex -52.7374 -4.48743 3
    endloop
  endfacet
  facet normal 0 0 1
    outer loop
      vertex -56.7626 -4.48743 3
      vertex -52.7374 -4.48743 3
      vertex -56.5842 -4.27861 3
    endloop
  endfacet
  facet normal 0 0 1
    outer loop
      vertex -52.7374 -4.48743 3
      vertex -56.7626 -4.48743 3
      vertex -52.5286 -4.66577 3
    endloop
  endfacet
  facet normal 0 0 1
    outer loop
      vertex -56.9714 -4.66577 3
      vertex -52.5286 -4.66577 3
      vertex -56.7626 -4.48743 3
    endloop
  endfacet
  facet normal 0 0 1
    outer loop
      vertex -57.2055 -4.80925 3
      vertex -52.5286 -4.66577 3
      vertex -56.9714 -4.66577 3
    endloop
  endfacet
  facet normal 0 0 1
    outer loop
      vertex -52.2945 -4.80925 3
      vertex -57.2055 -4.80925 3
      vertex -57.4592 -4.91434 3
    endloop
  endfacet
  facet normal 0 0 1
    outer loop
      vertex -52.0408 -4.91434 3
      vertex -57.4592 -4.91434 3
      vertex -57.7262 -4.97845 3
    endloop
  endfacet
  facet normal 0 0 1
    outer loop
      vertex -51.7738 -4.97845 3
      vertex -57.7262 -4.97845 3
      vertex -81.5 -31 3
    endloop
  endfacet
  facet normal 0 0 1
    outer loop
      vertex -22.7867 -25.3756 3
      vertex -81.5 -31 3
      vertex -22.5042 -25.5945 3
    endloop
  endfacet
  facet normal 0 0 1
    outer loop
      vertex -81.5 -31 3
      vertex -57.7262 -4.97845 3
      vertex -58 -5 3
    endloop
  endfacet
  facet normal 0 0 1
    outer loop
      vertex -81.5 -31 3
      vertex -58 -5 3
      vertex -58.2738 -4.97845 3
    endloop
  endfacet
  facet normal 0 0 1
    outer loop
      vertex -64.2262 -4.97845 3
      vertex -58.2738 -4.97845 3
      vertex -58.5408 -4.91434 3
    endloop
  endfacet
  facet normal 0 0 1
    outer loop
      vertex -63.9592 -4.91434 3
      vertex -58.5408 -4.91434 3
      vertex -58.7945 -4.80925 3
    endloop
  endfacet
  facet normal 0 0 1
    outer loop
      vertex -62.75 -3.25 3
      vertex -59.75 -3.25 3
      vertex -62.75 15.25 3
    endloop
  endfacet
  facet normal 0 0 1
    outer loop
      vertex -59.75 -3.25 3
      vertex -62.75 -3.25 3
      vertex -59.7285 -3.52376 3
    endloop
  endfacet
  facet normal 0 0 1
    outer loop
      vertex -62.7715 -3.52376 3
      vertex -59.7285 -3.52376 3
      vertex -62.75 -3.25 3
    endloop
  endfacet
  facet normal 0 0 1
    outer loop
      vertex -59.7285 -3.52376 3
      vertex -62.7715 -3.52376 3
      vertex -59.6643 -3.79077 3
    endloop
  endfacet
  facet normal 0 0 1
    outer loop
      vertex -62.8357 -3.79077 3
      vertex -59.6643 -3.79077 3
      vertex -62.7715 -3.52376 3
    endloop
  endfacet
  facet normal 0 0 1
    outer loop
      vertex -59.6643 -3.79077 3
      vertex -62.8357 -3.79077 3
      vertex -59.5592 -4.04448 3
    endloop
  endfacet
  facet normal 0 0 1
    outer loop
      vertex -62.9408 -4.04448 3
      vertex -59.5592 -4.04448 3
      vertex -62.8357 -3.79077 3
    endloop
  endfacet
  facet normal 0 0 1
    outer loop
      vertex -59.5592 -4.04448 3
      vertex -62.9408 -4.04448 3
      vertex -59.4158 -4.27861 3
    endloop
  endfacet
  facet normal 0 0 1
    outer loop
      vertex -63.0842 -4.27861 3
      vertex -59.4158 -4.27861 3
      vertex -62.9408 -4.04448 3
    endloop
  endfacet
  facet normal 0 0 1
    outer loop
      vertex -59.4158 -4.27861 3
      vertex -63.0842 -4.27861 3
      vertex -59.2374 -4.48743 3
    endloop
  endfacet
  facet normal 0 0 1
    outer loop
      vertex -63.2626 -4.48743 3
      vertex -59.2374 -4.48743 3
      vertex -63.0842 -4.27861 3
    endloop
  endfacet
  facet normal 0 0 1
    outer loop
      vertex -59.2374 -4.48743 3
      vertex -63.2626 -4.48743 3
      vertex -59.0286 -4.66577 3
    endloop
  endfacet
  facet normal 0 0 1
    outer loop
      vertex -63.4714 -4.66577 3
      vertex -59.0286 -4.66577 3
      vertex -63.2626 -4.48743 3
    endloop
  endfacet
  facet normal 0 0 1
    outer loop
      vertex -59.0286 -4.66577 3
      vertex -63.4714 -4.66577 3
      vertex -58.7945 -4.80925 3
    endloop
  endfacet
  facet normal 0 0 1
    outer loop
      vertex -63.7055 -4.80925 3
      vertex -58.7945 -4.80925 3
      vertex -63.4714 -4.66577 3
    endloop
  endfacet
  facet normal 0 0 1
    outer loop
      vertex -63.9592 -4.91434 3
      vertex -58.7945 -4.80925 3
      vertex -63.7055 -4.80925 3
    endloop
  endfacet
  facet normal 0 0 1
    outer loop
      vertex -58.5408 -4.91434 3
      vertex -63.9592 -4.91434 3
      vertex -64.2262 -4.97845 3
    endloop
  endfacet
  facet normal 0 0 1
    outer loop
      vertex -58.2738 -4.97845 3
      vertex -64.2262 -4.97845 3
      vertex -81.5 -31 3
    endloop
  endfacet
  facet normal 0 0 1
    outer loop
      vertex -22.5042 -25.5945 3
      vertex -81.5 -31 3
      vertex -22.1964 -25.7869 3
    endloop
  endfacet
  facet normal 0 0 1
    outer loop
      vertex -81.5 -31 3
      vertex -64.2262 -4.97845 3
      vertex -64.5 -5 3
    endloop
  endfacet
  facet normal 0 0 1
    outer loop
      vertex -81.5 -31 3
      vertex -64.5 -5 3
      vertex -64.7738 -4.97845 3
    endloop
  endfacet
  facet normal 0 0 1
    outer loop
      vertex -81.5 -31 3
      vertex -64.7738 -4.97845 3
      vertex -65.0408 -4.91434 3
    endloop
  endfacet
  facet normal 0 0 1
    outer loop
      vertex -81.5 -31 3
      vertex -65.0408 -4.91434 3
      vertex -65.2945 -4.80925 3
    endloop
  endfacet
  facet normal -0 0 1
    outer loop
      vertex -71.9197 -0.250295 3
      vertex -66.25 -3.25 3
      vertex -71.9 0 3
    endloop
  endfacet
  facet normal -0 0 1
    outer loop
      vertex -71.9783 -0.494427 3
      vertex -66.25 -3.25 3
      vertex -71.9197 -0.250295 3
    endloop
  endfacet
  facet normal -0 0 1
    outer loop
      vertex -72.0744 -0.726384 3
      vertex -66.25 -3.25 3
      vertex -71.9783 -0.494427 3
    endloop
  endfacet
  facet normal -0 0 1
    outer loop
      vertex -72.2056 -0.940456 3
      vertex -66.25 -3.25 3
      vertex -72.0744 -0.726384 3
    endloop
  endfacet
  facet normal -0 0 1
    outer loop
      vertex -72.3686 -1.13137 3
      vertex -66.25 -3.25 3
      vertex -72.2056 -0.940456 3
    endloop
  endfacet
  facet normal 0 0 1
    outer loop
      vertex -66.25 -3.25 3
      vertex -72.3686 -1.13137 3
      vertex -66.2285 -3.52376 3
    endloop
  endfacet
  facet normal -0 0 1
    outer loop
      vertex -72.5595 -1.29443 3
      vertex -66.2285 -3.52376 3
      vertex -72.3686 -1.13137 3
    endloop
  endfacet
  facet normal 0 0 1
    outer loop
      vertex -66.2285 -3.52376 3
      vertex -72.5595 -1.29443 3
      vertex -66.1643 -3.79077 3
    endloop
  endfacet
  facet normal -0 0 1
    outer loop
      vertex -72.7736 -1.42561 3
      vertex -66.1643 -3.79077 3
      vertex -72.5595 -1.29443 3
    endloop
  endfacet
  facet normal 0 0 1
    outer loop
      vertex -66.1643 -3.79077 3
      vertex -72.7736 -1.42561 3
      vertex -66.0592 -4.04448 3
    endloop
  endfacet
  facet normal -0 0 1
    outer loop
      vertex -73.0056 -1.52169 3
      vertex -66.0592 -4.04448 3
      vertex -72.7736 -1.42561 3
    endloop
  endfacet
  facet normal 0 0 1
    outer loop
      vertex -66.0592 -4.04448 3
      vertex -73.0056 -1.52169 3
      vertex -65.9158 -4.27861 3
    endloop
  endfacet
  facet normal -0 0 1
    outer loop
      vertex -73.2497 -1.5803 3
      vertex -65.9158 -4.27861 3
      vertex -73.0056 -1.52169 3
    endloop
  endfacet
  facet normal 0 0 1
    outer loop
      vertex -65.9158 -4.27861 3
      vertex -73.2497 -1.5803 3
      vertex -65.7374 -4.48743 3
    endloop
  endfacet
  facet normal -0 0 1
    outer loop
      vertex -73.5 -1.6 3
      vertex -65.7374 -4.48743 3
      vertex -73.2497 -1.5803 3
    endloop
  endfacet
  facet normal 0 0 1
    outer loop
      vertex -65.7374 -4.48743 3
      vertex -73.5 -1.6 3
      vertex -65.5286 -4.66577 3
    endloop
  endfacet
  facet normal 0 0 1
    outer loop
      vertex -81.5 -31 3
      vertex -65.5286 -4.66577 3
      vertex -73.5 -1.6 3
    endloop
  endfacet
  facet normal 0 0 1
    outer loop
      vertex -65.5286 -4.66577 3
      vertex -81.5 -31 3
      vertex -65.2945 -4.80925 3
    endloop
  endfacet
  facet normal 0 0 1
    outer loop
      vertex -81.5 -31 3
      vertex -73.5 -1.6 3
      vertex -73.7503 -1.5803 3
    endloop
  endfacet
  facet normal 0 0 1
    outer loop
      vertex -81.5 -31 3
      vertex -73.7503 -1.5803 3
      vertex -73.9944 -1.52169 3
    endloop
  endfacet
  facet normal 0 0 1
    outer loop
      vertex -81.5 -31 3
      vertex -73.9944 -1.52169 3
      vertex -74.2264 -1.42561 3
    endloop
  endfacet
  facet normal 0 0 1
    outer loop
      vertex -81.5 -31 3
      vertex -75.1 0 3
      vertex -81.5 31 3
    endloop
  endfacet
  facet normal 0 0 1
    outer loop
      vertex -7.45343 -26.2019 3
      vertex -81.5 -31 3
      vertex 81.5 -31 3
    endloop
  endfacet
  facet normal 0 0 1
    outer loop
      vertex -20.7533 -26.2642 3
      vertex -81.5 -31 3
      vertex -20.3421 -26.309 3
    endloop
  endfacet
  facet normal 0 0 1
    outer loop
      vertex -21.1443 -26.1897 3
      vertex -81.5 -31 3
      vertex -20.7533 -26.2642 3
    endloop
  endfacet
  facet normal 0 0 1
    outer loop
      vertex -21.5152 -26.0852 3
      vertex -81.5 -31 3
      vertex -21.1443 -26.1897 3
    endloop
  endfacet
  facet normal 0 0 1
    outer loop
      vertex -21.8659 -25.951 3
      vertex -81.5 -31 3
      vertex -21.5152 -26.0852 3
    endloop
  endfacet
  facet normal 0 0 1
    outer loop
      vertex -22.1964 -25.7869 3
      vertex -81.5 -31 3
      vertex -21.8659 -25.951 3
    endloop
  endfacet
  facet normal 0 0 1
    outer loop
      vertex -74.4405 -1.29443 3
      vertex -81.5 -31 3
      vertex -74.2264 -1.42561 3
    endloop
  endfacet
  facet normal 0 0 1
    outer loop
      vertex -74.6314 -1.13137 3
      vertex -81.5 -31 3
      vertex -74.4405 -1.29443 3
    endloop
  endfacet
  facet normal 0 0 1
    outer loop
      vertex -74.7944 -0.940456 3
      vertex -81.5 -31 3
      vertex -74.6314 -1.13137 3
    endloop
  endfacet
  facet normal 0 0 1
    outer loop
      vertex -74.9256 -0.726384 3
      vertex -81.5 -31 3
      vertex -74.7944 -0.940456 3
    endloop
  endfacet
  facet normal 0 0 1
    outer loop
      vertex -75.0217 -0.494427 3
      vertex -81.5 -31 3
      vertex -74.9256 -0.726384 3
    endloop
  endfacet
  facet normal 0 0 1
    outer loop
      vertex -75.0803 -0.250295 3
      vertex -81.5 -31 3
      vertex -75.0217 -0.494427 3
    endloop
  endfacet
  facet normal 0 0 1
    outer loop
      vertex -75.1 0 3
      vertex -81.5 -31 3
      vertex -75.0803 -0.250295 3
    endloop
  endfacet
  facet normal 0 0 1
    outer loop
      vertex 19.4982 28.1939 3
      vertex 19.0323 23.6131 3
      vertex 19.5685 23.4943 3
    endloop
  endfacet
  facet normal 0 -0 1
    outer loop
      vertex 19.0323 23.6131 3
      vertex 19.4982 28.1939 3
      vertex 18.6987 23.66 3
    endloop
  endfacet
  facet normal 0 0 1
    outer loop
      vertex -22.9868 -21.8625 3
      vertex -16.8287 -21.8625 3
      vertex -16.851 -21.3467 3
    endloop
  endfacet
  facet normal 0 0 1
    outer loop
      vertex -16.8287 -21.8625 3
      vertex -22.9868 -21.8625 3
      vertex -16.8508 -22.4009 3
    endloop
  endfacet
  facet normal -0 0 1
    outer loop
      vertex -22.9644 -21.3395 3
      vertex -16.851 -21.3467 3
      vertex -16.9179 -20.8691 3
    endloop
  endfacet
  facet normal -0 -0 1
    outer loop
      vertex -22.9641 -22.3831 3
      vertex -16.8508 -22.4009 3
      vertex -22.9868 -21.8625 3
    endloop
  endfacet
  facet normal 0 0 1
    outer loop
      vertex -19.8985 -18.4265 3
      vertex -16.9179 -20.8691 3
      vertex -17.0293 -20.4299 3
    endloop
  endfacet
  facet normal 0 -0 1
    outer loop
      vertex -22.8962 -22.8665 3
      vertex -16.8508 -22.4009 3
      vertex -22.9641 -22.3831 3
    endloop
  endfacet
  facet normal 0 0 1
    outer loop
      vertex -19.4286 -18.452 3
      vertex -17.0293 -20.4299 3
      vertex -17.1854 -20.0289 3
    endloop
  endfacet
  facet normal 0 0 1
    outer loop
      vertex -16.8508 -22.4009 3
      vertex -22.8962 -22.8665 3
      vertex -16.9172 -22.897 3
    endloop
  endfacet
  facet normal 0 0 1
    outer loop
      vertex -18.9956 -18.5282 3
      vertex -17.1854 -20.0289 3
      vertex -17.386 -19.6663 3
    endloop
  endfacet
  facet normal 0 -0 1
    outer loop
      vertex -19.9108 -25.3779 3
      vertex -16.9172 -22.897 3
      vertex -22.8962 -22.8665 3
    endloop
  endfacet
  facet normal 0 0 1
    outer loop
      vertex -18.9956 -18.5282 3
      vertex -17.386 -19.6663 3
      vertex -17.6312 -19.342 3
    endloop
  endfacet
  facet normal 0 0 1
    outer loop
      vertex -16.9172 -22.897 3
      vertex -19.9108 -25.3779 3
      vertex -17.0278 -23.351 3
    endloop
  endfacet
  facet normal 0 0 1
    outer loop
      vertex -18.9956 -18.5282 3
      vertex -17.6312 -19.342 3
      vertex -17.9171 -19.0623 3
    endloop
  endfacet
  facet normal 0 -0 1
    outer loop
      vertex -19.4336 -25.3524 3
      vertex -17.0278 -23.351 3
      vertex -19.9108 -25.3779 3
    endloop
  endfacet
  facet normal 0 0 1
    outer loop
      vertex -18.9956 -18.5282 3
      vertex -17.9171 -19.0623 3
      vertex -18.2398 -18.8334 3
    endloop
  endfacet
  facet normal 0 -0 1
    outer loop
      vertex -18.9949 -25.2759 3
      vertex -17.1827 -23.7627 3
      vertex -19.4336 -25.3524 3
    endloop
  endfacet
  facet normal 0 0 1
    outer loop
      vertex -18.9956 -18.5282 3
      vertex -18.2398 -18.8334 3
      vertex -18.5993 -18.6554 3
    endloop
  endfacet
  facet normal 0 0 1
    outer loop
      vertex -17.3818 -24.1322 3
      vertex -18.9949 -25.2759 3
      vertex -17.6252 -24.4595 3
    endloop
  endfacet
  facet normal 0 0 1
    outer loop
      vertex -17.1854 -20.0289 3
      vertex -18.9956 -18.5282 3
      vertex -19.4286 -18.452 3
    endloop
  endfacet
  facet normal 0 0 1
    outer loop
      vertex -17.0293 -20.4299 3
      vertex -19.4286 -18.452 3
      vertex -19.8985 -18.4265 3
    endloop
  endfacet
  facet normal 0 0 1
    outer loop
      vertex -17.6252 -24.4595 3
      vertex -18.9949 -25.2759 3
      vertex -17.9099 -24.7401 3
    endloop
  endfacet
  facet normal 0 0 1
    outer loop
      vertex -16.9179 -20.8691 3
      vertex -19.8985 -18.4265 3
      vertex -22.8973 -20.8569 3
    endloop
  endfacet
  facet normal 0 0 1
    outer loop
      vertex -18.2331 -24.9697 3
      vertex -18.9949 -25.2759 3
      vertex -18.5948 -25.1483 3
    endloop
  endfacet
  facet normal 0 0 1
    outer loop
      vertex -22.8973 -20.8569 3
      vertex -19.8985 -18.4265 3
      vertex -20.3722 -18.4516 3
    endloop
  endfacet
  facet normal 0 0 1
    outer loop
      vertex -17.9099 -24.7401 3
      vertex -18.9949 -25.2759 3
      vertex -18.2331 -24.9697 3
    endloop
  endfacet
  facet normal 0 0 1
    outer loop
      vertex -17.1827 -23.7627 3
      vertex -18.9949 -25.2759 3
      vertex -17.3818 -24.1322 3
    endloop
  endfacet
  facet normal 0 0 1
    outer loop
      vertex -22.7854 -20.4146 3
      vertex -20.3722 -18.4516 3
      vertex -20.8086 -18.5269 3
    endloop
  endfacet
  facet normal 0 0 1
    outer loop
      vertex -17.0278 -23.351 3
      vertex -19.4336 -25.3524 3
      vertex -17.1827 -23.7627 3
    endloop
  endfacet
  facet normal 0 0 1
    outer loop
      vertex -22.6287 -20.0126 3
      vertex -20.8086 -18.5269 3
      vertex -21.2077 -18.6523 3
    endloop
  endfacet
  facet normal -0 -0 1
    outer loop
      vertex -22.7831 -23.3128 3
      vertex -19.9108 -25.3779 3
      vertex -22.8962 -22.8665 3
    endloop
  endfacet
  facet normal 0 0 1
    outer loop
      vertex -22.4273 -19.651 3
      vertex -21.2077 -18.6523 3
      vertex -21.5695 -18.828 3
    endloop
  endfacet
  facet normal 0 0 1
    outer loop
      vertex -19.9108 -25.3779 3
      vertex -22.7831 -23.3128 3
      vertex -20.3754 -25.3516 3
    endloop
  endfacet
  facet normal 0 0 1
    outer loop
      vertex -22.4273 -19.651 3
      vertex -21.5695 -18.828 3
      vertex -21.894 -19.0538 3
    endloop
  endfacet
  facet normal -0 -0 1
    outer loop
      vertex -22.6246 -23.722 3
      vertex -20.3754 -25.3516 3
      vertex -22.7831 -23.3128 3
    endloop
  endfacet
  facet normal 0 0 1
    outer loop
      vertex -22.4273 -19.651 3
      vertex -21.894 -19.0538 3
      vertex -22.1812 -19.3298 3
    endloop
  endfacet
  facet normal 0 0 1
    outer loop
      vertex -20.3754 -25.3516 3
      vertex -22.6246 -23.722 3
      vertex -20.8049 -25.2725 3
    endloop
  endfacet
  facet normal 0 0 1
    outer loop
      vertex -21.2077 -18.6523 3
      vertex -22.4273 -19.651 3
      vertex -22.6287 -20.0126 3
    endloop
  endfacet
  facet normal -0 -0 1
    outer loop
      vertex -22.421 -24.094 3
      vertex -20.8049 -25.2725 3
      vertex -22.6246 -23.722 3
    endloop
  endfacet
  facet normal 0 0 1
    outer loop
      vertex -20.8086 -18.5269 3
      vertex -22.6287 -20.0126 3
      vertex -22.7854 -20.4146 3
    endloop
  endfacet
  facet normal 0 0 1
    outer loop
      vertex -20.8049 -25.2725 3
      vertex -22.421 -24.094 3
      vertex -21.1993 -25.1407 3
    endloop
  endfacet
  facet normal 0 0 1
    outer loop
      vertex -20.3722 -18.4516 3
      vertex -22.7854 -20.4146 3
      vertex -22.8973 -20.8569 3
    endloop
  endfacet
  facet normal 0 0 1
    outer loop
      vertex -21.1993 -25.1407 3
      vertex -22.172 -24.429 3
      vertex -21.5586 -24.9562 3
    endloop
  endfacet
  facet normal 0 0 1
    outer loop
      vertex -16.9179 -20.8691 3
      vertex -22.8973 -20.8569 3
      vertex -22.9644 -21.3395 3
    endloop
  endfacet
  facet normal -0 -0 1
    outer loop
      vertex -22.172 -24.429 3
      vertex -21.1993 -25.1407 3
      vertex -22.421 -24.094 3
    endloop
  endfacet
  facet normal 0 0 1
    outer loop
      vertex -16.851 -21.3467 3
      vertex -22.9644 -21.3395 3
      vertex -22.9868 -21.8625 3
    endloop
  endfacet
  facet normal 0 0 1
    outer loop
      vertex -21.5586 -24.9562 3
      vertex -22.172 -24.429 3
      vertex -21.8829 -24.7189 3
    endloop
  endfacet
  facet normal 0 0 1
    outer loop
      vertex 1.98419 -19.9523 3
      vertex 2.99731 -19.94 3
      vertex 2.94035 -19.7966 3
    endloop
  endfacet
  facet normal -0 0 1
    outer loop
      vertex 2.43581 -18.6523 3
      vertex 2.65559 -18.988 3
      vertex 2.4908 -18.4814 3
    endloop
  endfacet
  facet normal -0 0 1
    outer loop
      vertex 2.38089 -18.8291 3
      vertex 2.65559 -18.988 3
      vertex 2.43581 -18.6523 3
    endloop
  endfacet
  facet normal 0 0 1
    outer loop
      vertex 2.31783 -19.0219 3
      vertex 2.65559 -18.988 3
      vertex 2.38089 -18.8291 3
    endloop
  endfacet
  facet normal 0 0 1
    outer loop
      vertex 2.65559 -18.988 3
      vertex 2.31783 -19.0219 3
      vertex 2.71252 -19.1619 3
    endloop
  endfacet
  facet normal 0 0 1
    outer loop
      vertex 2.24663 -19.2306 3
      vertex 2.71252 -19.1619 3
      vertex 2.31783 -19.0219 3
    endloop
  endfacet
  facet normal 0 0 1
    outer loop
      vertex 2.71252 -19.1619 3
      vertex 2.24663 -19.2306 3
      vertex 2.76949 -19.3298 3
    endloop
  endfacet
  facet normal 0 0 1
    outer loop
      vertex 2.16728 -19.4552 3
      vertex 2.76949 -19.3298 3
      vertex 2.24663 -19.2306 3
    endloop
  endfacet
  facet normal 0 0 1
    outer loop
      vertex 2.76949 -19.3298 3
      vertex 2.16728 -19.4552 3
      vertex 2.82643 -19.4915 3
    endloop
  endfacet
  facet normal 0 0 1
    outer loop
      vertex 2.82643 -19.4915 3
      vertex 2.16728 -19.4552 3
      vertex 2.88339 -19.6471 3
    endloop
  endfacet
  facet normal 0 0 1
    outer loop
      vertex 2.0798 -19.6958 3
      vertex 2.88339 -19.6471 3
      vertex 2.16728 -19.4552 3
    endloop
  endfacet
  facet normal 0 0 1
    outer loop
      vertex 2.88339 -19.6471 3
      vertex 2.0798 -19.6958 3
      vertex 2.94035 -19.7966 3
    endloop
  endfacet
  facet normal 0 0 1
    outer loop
      vertex 1.98419 -19.9523 3
      vertex 2.94035 -19.7966 3
      vertex 2.0798 -19.6958 3
    endloop
  endfacet
  facet normal 0 0 1
    outer loop
      vertex 2.99731 -19.94 3
      vertex 1.98419 -19.9523 3
      vertex 4.10197 -22.778 3
    endloop
  endfacet
  facet normal 0 0 1
    outer loop
      vertex 4.10197 -22.778 3
      vertex 1.98419 -19.9523 3
      vertex 0.885651 -22.778 3
    endloop
  endfacet
  facet normal 0 0 1
    outer loop
      vertex 20.2948 -19.9523 3
      vertex 21.3079 -19.94 3
      vertex 21.251 -19.7966 3
    endloop
  endfacet
  facet normal -0 0 1
    outer loop
      vertex 20.7464 -18.6523 3
      vertex 20.9662 -18.988 3
      vertex 20.8014 -18.4814 3
    endloop
  endfacet
  facet normal -0 0 1
    outer loop
      vertex 20.6915 -18.8291 3
      vertex 20.9662 -18.988 3
      vertex 20.7464 -18.6523 3
    endloop
  endfacet
  facet normal 0 0 1
    outer loop
      vertex 20.6284 -19.0219 3
      vertex 20.9662 -18.988 3
      vertex 20.6915 -18.8291 3
    endloop
  endfacet
  facet normal 0 0 1
    outer loop
      vertex 20.9662 -18.988 3
      vertex 20.6284 -19.0219 3
      vertex 21.0231 -19.1619 3
    endloop
  endfacet
  facet normal 0 0 1
    outer loop
      vertex 20.5572 -19.2306 3
      vertex 21.0231 -19.1619 3
      vertex 20.6284 -19.0219 3
    endloop
  endfacet
  facet normal 0 0 1
    outer loop
      vertex 21.0231 -19.1619 3
      vertex 20.5572 -19.2306 3
      vertex 21.0801 -19.3298 3
    endloop
  endfacet
  facet normal 0 0 1
    outer loop
      vertex 20.4779 -19.4552 3
      vertex 21.0801 -19.3298 3
      vertex 20.5572 -19.2306 3
    endloop
  endfacet
  facet normal 0 0 1
    outer loop
      vertex 21.0801 -19.3298 3
      vertex 20.4779 -19.4552 3
      vertex 21.137 -19.4915 3
    endloop
  endfacet
  facet normal 0 0 1
    outer loop
      vertex 21.137 -19.4915 3
      vertex 20.4779 -19.4552 3
      vertex 21.194 -19.6471 3
    endloop
  endfacet
  facet normal 0 0 1
    outer loop
      vertex 20.3904 -19.6958 3
      vertex 21.194 -19.6471 3
      vertex 20.4779 -19.4552 3
    endloop
  endfacet
  facet normal 0 0 1
    outer loop
      vertex 21.194 -19.6471 3
      vertex 20.3904 -19.6958 3
      vertex 21.251 -19.7966 3
    endloop
  endfacet
  facet normal 0 0 1
    outer loop
      vertex 20.2948 -19.9523 3
      vertex 21.251 -19.7966 3
      vertex 20.3904 -19.6958 3
    endloop
  endfacet
  facet normal 0 0 1
    outer loop
      vertex 21.3079 -19.94 3
      vertex 20.2948 -19.9523 3
      vertex 22.4126 -22.778 3
    endloop
  endfacet
  facet normal 0 0 1
    outer loop
      vertex 22.4126 -22.778 3
      vertex 20.2948 -19.9523 3
      vertex 19.1963 -22.778 3
    endloop
  endfacet
  facet normal 1 -0 0
    outer loop
      vertex 81.5 -31 3
      vertex 81.5 31 0
      vertex 81.5 31 3
    endloop
  endfacet
  facet normal 1 0 0
    outer loop
      vertex 81.5 31 0
      vertex 81.5 -31 3
      vertex 81.5 -31 0
    endloop
  endfacet
  facet normal 0 1 -0
    outer loop
      vertex 81.5 31 0
      vertex -81.5 31 3
      vertex 81.5 31 3
    endloop
  endfacet
  facet normal 0 1 0
    outer loop
      vertex -81.5 31 3
      vertex 81.5 31 0
      vertex -81.5 31 0
    endloop
  endfacet
  facet normal 0 0 -1
    outer loop
      vertex 81.5 -31 0
      vertex 75.1 0 0
      vertex 81.5 31 0
    endloop
  endfacet
  facet normal 0 0 -1
    outer loop
      vertex 81.5 -31 0
      vertex 75.0803 -0.250295 0
      vertex 75.1 0 0
    endloop
  endfacet
  facet normal 0 0 -1
    outer loop
      vertex 81.5 -31 0
      vertex 75.0217 -0.494427 0
      vertex 75.0803 -0.250295 0
    endloop
  endfacet
  facet normal 0 0 -1
    outer loop
      vertex 81.5 -31 0
      vertex 74.9256 -0.726384 0
      vertex 75.0217 -0.494427 0
    endloop
  endfacet
  facet normal 0 0 -1
    outer loop
      vertex 81.5 -31 0
      vertex 74.7944 -0.940456 0
      vertex 74.9256 -0.726384 0
    endloop
  endfacet
  facet normal 0 0 -1
    outer loop
      vertex 81.5 -31 0
      vertex 74.6314 -1.13137 0
      vertex 74.7944 -0.940456 0
    endloop
  endfacet
  facet normal 0 0 -1
    outer loop
      vertex 81.5 -31 0
      vertex 74.4405 -1.29443 0
      vertex 74.6314 -1.13137 0
    endloop
  endfacet
  facet normal 0 0 -1
    outer loop
      vertex 81.5 -31 0
      vertex 74.2264 -1.42561 0
      vertex 74.4405 -1.29443 0
    endloop
  endfacet
  facet normal 0 0 -1
    outer loop
      vertex 81.5 -31 0
      vertex 73.9944 -1.52169 0
      vertex 74.2264 -1.42561 0
    endloop
  endfacet
  facet normal 0 0 -1
    outer loop
      vertex 81.5 -31 0
      vertex 73.7503 -1.5803 0
      vertex 73.9944 -1.52169 0
    endloop
  endfacet
  facet normal 0 0 -1
    outer loop
      vertex 81.5 -31 0
      vertex 73.5 -1.6 0
      vertex 73.7503 -1.5803 0
    endloop
  endfacet
  facet normal 0 0 -1
    outer loop
      vertex 65.5286 -4.66577 0
      vertex 73.5 -1.6 0
      vertex 81.5 -31 0
    endloop
  endfacet
  facet normal 0 -0 -1
    outer loop
      vertex 65.7374 -4.48743 0
      vertex 73.5 -1.6 0
      vertex 65.5286 -4.66577 0
    endloop
  endfacet
  facet normal -0 0 -1
    outer loop
      vertex 73.5 -1.6 0
      vertex 65.7374 -4.48743 0
      vertex 73.2497 -1.5803 0
    endloop
  endfacet
  facet normal 0 -0 -1
    outer loop
      vertex 65.9158 -4.27861 0
      vertex 73.2497 -1.5803 0
      vertex 65.7374 -4.48743 0
    endloop
  endfacet
  facet normal -0 0 -1
    outer loop
      vertex 73.2497 -1.5803 0
      vertex 65.9158 -4.27861 0
      vertex 73.0056 -1.52169 0
    endloop
  endfacet
  facet normal -0 0 -1
    outer loop
      vertex 73.0056 -1.52169 0
      vertex 66.0592 -4.04448 0
      vertex 72.7736 -1.42561 0
    endloop
  endfacet
  facet normal 0 -0 -1
    outer loop
      vertex 66.1643 -3.79077 0
      vertex 72.7736 -1.42561 0
      vertex 66.0592 -4.04448 0
    endloop
  endfacet
  facet normal -0 0 -1
    outer loop
      vertex 72.7736 -1.42561 0
      vertex 66.1643 -3.79077 0
      vertex 72.5595 -1.29443 0
    endloop
  endfacet
  facet normal -0 0 -1
    outer loop
      vertex 71.9197 -0.250295 0
      vertex 66.25 -3.25 0
      vertex 71.9 0 0
    endloop
  endfacet
  facet normal -0 0 -1
    outer loop
      vertex 71.9783 -0.494427 0
      vertex 66.25 -3.25 0
      vertex 71.9197 -0.250295 0
    endloop
  endfacet
  facet normal 0 -0 -1
    outer loop
      vertex 66.2285 -3.52376 0
      vertex 72.5595 -1.29443 0
      vertex 66.1643 -3.79077 0
    endloop
  endfacet
  facet normal -0 0 -1
    outer loop
      vertex 72.0744 -0.726384 0
      vertex 66.25 -3.25 0
      vertex 71.9783 -0.494427 0
    endloop
  endfacet
  facet normal -0 0 -1
    outer loop
      vertex 72.2056 -0.940456 0
      vertex 66.25 -3.25 0
      vertex 72.0744 -0.726384 0
    endloop
  endfacet
  facet normal -0 0 -1
    outer loop
      vertex 72.3686 -1.13137 0
      vertex 66.25 -3.25 0
      vertex 72.2056 -0.940456 0
    endloop
  endfacet
  facet normal 0 -0 -1
    outer loop
      vertex 66.25 -3.25 0
      vertex 72.3686 -1.13137 0
      vertex 66.2285 -3.52376 0
    endloop
  endfacet
  facet normal -0 0 -1
    outer loop
      vertex 72.5595 -1.29443 0
      vertex 66.2285 -3.52376 0
      vertex 72.3686 -1.13137 0
    endloop
  endfacet
  facet normal 0 -0 -1
    outer loop
      vertex 66.0592 -4.04448 0
      vertex 73.0056 -1.52169 0
      vertex 65.9158 -4.27861 0
    endloop
  endfacet
  facet normal 0 0 -1
    outer loop
      vertex 81.5 -31 0
      vertex 65.2945 -4.80925 0
      vertex 65.5286 -4.66577 0
    endloop
  endfacet
  facet normal 0 0 -1
    outer loop
      vertex 81.5 -31 0
      vertex 65.0408 -4.91434 0
      vertex 65.2945 -4.80925 0
    endloop
  endfacet
  facet normal 0 0 -1
    outer loop
      vertex 81.5 -31 0
      vertex 64.7738 -4.97845 0
      vertex 65.0408 -4.91434 0
    endloop
  endfacet
  facet normal 0 0 -1
    outer loop
      vertex 81.5 -31 0
      vertex 64.5 -5 0
      vertex 64.7738 -4.97845 0
    endloop
  endfacet
  facet normal 0 0 -1
    outer loop
      vertex 81.5 -31 0
      vertex 64.2262 -4.97845 0
      vertex 64.5 -5 0
    endloop
  endfacet
  facet normal 0 0 -1
    outer loop
      vertex 58.2738 -4.97845 0
      vertex 64.2262 -4.97845 0
      vertex 81.5 -31 0
    endloop
  endfacet
  facet normal 0 0 -1
    outer loop
      vertex 64.2262 -4.97845 0
      vertex 58.2738 -4.97845 0
      vertex 63.9592 -4.91434 0
    endloop
  endfacet
  facet normal 0 -0 -1
    outer loop
      vertex 58.5408 -4.91434 0
      vertex 63.9592 -4.91434 0
      vertex 58.2738 -4.97845 0
    endloop
  endfacet
  facet normal 0 0 -1
    outer loop
      vertex 63.9592 -4.91434 0
      vertex 58.5408 -4.91434 0
      vertex 63.7055 -4.80925 0
    endloop
  endfacet
  facet normal 0 -0 -1
    outer loop
      vertex 58.7945 -4.80925 0
      vertex 63.7055 -4.80925 0
      vertex 58.5408 -4.91434 0
    endloop
  endfacet
  facet normal 0 0 -1
    outer loop
      vertex 62.75 -3.25 0
      vertex 59.75 -3.25 0
      vertex 62.75 15.25 0
    endloop
  endfacet
  facet normal 0 0 -1
    outer loop
      vertex 62.7715 -3.52376 0
      vertex 59.75 -3.25 0
      vertex 62.75 -3.25 0
    endloop
  endfacet
  facet normal 0 0 -1
    outer loop
      vertex 59.7285 -3.52376 0
      vertex 62.7715 -3.52376 0
      vertex 62.8357 -3.79077 0
    endloop
  endfacet
  facet normal 0 0 -1
    outer loop
      vertex 59.6643 -3.79077 0
      vertex 62.8357 -3.79077 0
      vertex 62.9408 -4.04448 0
    endloop
  endfacet
  facet normal 0 0 -1
    outer loop
      vertex 59.5592 -4.04448 0
      vertex 62.9408 -4.04448 0
      vertex 63.0842 -4.27861 0
    endloop
  endfacet
  facet normal 0 -0 -1
    outer loop
      vertex 59.0286 -4.66577 0
      vertex 63.4714 -4.66577 0
      vertex 58.7945 -4.80925 0
    endloop
  endfacet
  facet normal 0 0 -1
    outer loop
      vertex 62.7715 -3.52376 0
      vertex 59.7285 -3.52376 0
      vertex 59.75 -3.25 0
    endloop
  endfacet
  facet normal 0 0 -1
    outer loop
      vertex 62.8357 -3.79077 0
      vertex 59.6643 -3.79077 0
      vertex 59.7285 -3.52376 0
    endloop
  endfacet
  facet normal 0 0 -1
    outer loop
      vertex 62.9408 -4.04448 0
      vertex 59.5592 -4.04448 0
      vertex 59.6643 -3.79077 0
    endloop
  endfacet
  facet normal 0 0 -1
    outer loop
      vertex 63.0842 -4.27861 0
      vertex 59.4158 -4.27861 0
      vertex 59.5592 -4.04448 0
    endloop
  endfacet
  facet normal -0 0 -1
    outer loop
      vertex 63.0842 -4.27861 0
      vertex 59.2374 -4.48743 0
      vertex 59.4158 -4.27861 0
    endloop
  endfacet
  facet normal 0 0 -1
    outer loop
      vertex 63.2626 -4.48743 0
      vertex 59.2374 -4.48743 0
      vertex 63.0842 -4.27861 0
    endloop
  endfacet
  facet normal 0 -0 -1
    outer loop
      vertex 59.2374 -4.48743 0
      vertex 63.2626 -4.48743 0
      vertex 59.0286 -4.66577 0
    endloop
  endfacet
  facet normal 0 0 -1
    outer loop
      vertex 63.4714 -4.66577 0
      vertex 59.0286 -4.66577 0
      vertex 63.2626 -4.48743 0
    endloop
  endfacet
  facet normal 0 0 -1
    outer loop
      vertex 63.7055 -4.80925 0
      vertex 58.7945 -4.80925 0
      vertex 63.4714 -4.66577 0
    endloop
  endfacet
  facet normal 0 0 -1
    outer loop
      vertex 81.5 -31 0
      vertex 58 -5 0
      vertex 58.2738 -4.97845 0
    endloop
  endfacet
  facet normal 0 0 -1
    outer loop
      vertex 81.5 -31 0
      vertex 57.7262 -4.97845 0
      vertex 58 -5 0
    endloop
  endfacet
  facet normal 0 0 -1
    outer loop
      vertex 51.7738 -4.97845 0
      vertex 57.7262 -4.97845 0
      vertex 81.5 -31 0
    endloop
  endfacet
  facet normal 0 0 -1
    outer loop
      vertex 57.7262 -4.97845 0
      vertex 51.7738 -4.97845 0
      vertex 57.4592 -4.91434 0
    endloop
  endfacet
  facet normal 0 -0 -1
    outer loop
      vertex 52.0408 -4.91434 0
      vertex 57.4592 -4.91434 0
      vertex 51.7738 -4.97845 0
    endloop
  endfacet
  facet normal 0 0 -1
    outer loop
      vertex 57.4592 -4.91434 0
      vertex 52.0408 -4.91434 0
      vertex 57.2055 -4.80925 0
    endloop
  endfacet
  facet normal 0 0 -1
    outer loop
      vertex 56.25 -3.25 0
      vertex 53.25 -3.25 0
      vertex 56.25 15.25 0
    endloop
  endfacet
  facet normal 0 0 -1
    outer loop
      vertex 56.2715 -3.52376 0
      vertex 53.25 -3.25 0
      vertex 56.25 -3.25 0
    endloop
  endfacet
  facet normal 0 0 -1
    outer loop
      vertex 53.2285 -3.52376 0
      vertex 56.2715 -3.52376 0
      vertex 56.3357 -3.79077 0
    endloop
  endfacet
  facet normal 0 0 -1
    outer loop
      vertex 53.1643 -3.79077 0
      vertex 56.3357 -3.79077 0
      vertex 56.4408 -4.04448 0
    endloop
  endfacet
  facet normal 0 0 -1
    outer loop
      vertex 53.0592 -4.04448 0
      vertex 56.4408 -4.04448 0
      vertex 56.5842 -4.27861 0
    endloop
  endfacet
  facet normal 0 0 -1
    outer loop
      vertex 52.9158 -4.27861 0
      vertex 56.5842 -4.27861 0
      vertex 56.7626 -4.48743 0
    endloop
  endfacet
  facet normal 0 -0 -1
    outer loop
      vertex 52.2945 -4.80925 0
      vertex 57.2055 -4.80925 0
      vertex 52.0408 -4.91434 0
    endloop
  endfacet
  facet normal 0 0 -1
    outer loop
      vertex 56.2715 -3.52376 0
      vertex 53.2285 -3.52376 0
      vertex 53.25 -3.25 0
    endloop
  endfacet
  facet normal 0 0 -1
    outer loop
      vertex 56.3357 -3.79077 0
      vertex 53.1643 -3.79077 0
      vertex 53.2285 -3.52376 0
    endloop
  endfacet
  facet normal 0 0 -1
    outer loop
      vertex 56.4408 -4.04448 0
      vertex 53.0592 -4.04448 0
      vertex 53.1643 -3.79077 0
    endloop
  endfacet
  facet normal 0 0 -1
    outer loop
      vertex 56.5842 -4.27861 0
      vertex 52.9158 -4.27861 0
      vertex 53.0592 -4.04448 0
    endloop
  endfacet
  facet normal 0 0 -1
    outer loop
      vertex 56.7626 -4.48743 0
      vertex 52.7374 -4.48743 0
      vertex 52.9158 -4.27861 0
    endloop
  endfacet
  facet normal -0 0 -1
    outer loop
      vertex 56.7626 -4.48743 0
      vertex 52.5286 -4.66577 0
      vertex 52.7374 -4.48743 0
    endloop
  endfacet
  facet normal 0 0 -1
    outer loop
      vertex 56.9714 -4.66577 0
      vertex 52.5286 -4.66577 0
      vertex 56.7626 -4.48743 0
    endloop
  endfacet
  facet normal 0 -0 -1
    outer loop
      vertex 52.5286 -4.66577 0
      vertex 56.9714 -4.66577 0
      vertex 52.2945 -4.80925 0
    endloop
  endfacet
  facet normal 0 0 -1
    outer loop
      vertex 57.2055 -4.80925 0
      vertex 52.2945 -4.80925 0
      vertex 56.9714 -4.66577 0
    endloop
  endfacet
  facet normal 0 0 -1
    outer loop
      vertex 81.5 -31 0
      vertex 51.5 -5 0
      vertex 51.7738 -4.97845 0
    endloop
  endfacet
  facet normal 0 0 -1
    outer loop
      vertex 81.5 -31 0
      vertex 51.2262 -4.97845 0
      vertex 51.5 -5 0
    endloop
  endfacet
  facet normal 0 0 -1
    outer loop
      vertex 81.5 -31 0
      vertex 50.9592 -4.91434 0
      vertex 51.2262 -4.97845 0
    endloop
  endfacet
  facet normal 0 0 -1
    outer loop
      vertex 81.5 -31 0
      vertex 50.7055 -4.80925 0
      vertex 50.9592 -4.91434 0
    endloop
  endfacet
  facet normal 0 0 -1
    outer loop
      vertex -50.7055 -4.80925 0
      vertex 50.7055 -4.80925 0
      vertex 81.5 -31 0
    endloop
  endfacet
  facet normal 0 0 -1
    outer loop
      vertex 49.75 -3.25 0
      vertex -49.75 -3.25 0
      vertex 49.75 15.25 0
    endloop
  endfacet
  facet normal 0 0 -1
    outer loop
      vertex 49.7715 -3.52376 0
      vertex -49.75 -3.25 0
      vertex 49.75 -3.25 0
    endloop
  endfacet
  facet normal 0 0 -1
    outer loop
      vertex -49.7715 -3.52376 0
      vertex 49.7715 -3.52376 0
      vertex 49.8357 -3.79077 0
    endloop
  endfacet
  facet normal 0 0 -1
    outer loop
      vertex -49.8357 -3.79077 0
      vertex 49.8357 -3.79077 0
      vertex 49.9408 -4.04448 0
    endloop
  endfacet
  facet normal 0 0 -1
    outer loop
      vertex -49.9408 -4.04448 0
      vertex 49.9408 -4.04448 0
      vertex 50.0842 -4.27861 0
    endloop
  endfacet
  facet normal 0 0 -1
    outer loop
      vertex -50.0842 -4.27861 0
      vertex 50.0842 -4.27861 0
      vertex 50.2626 -4.48743 0
    endloop
  endfacet
  facet normal 0 0 -1
    outer loop
      vertex -50.2626 -4.48743 0
      vertex 50.2626 -4.48743 0
      vertex 50.4714 -4.66577 0
    endloop
  endfacet
  facet normal 0 0 -1
    outer loop
      vertex 50.7055 -4.80925 0
      vertex -50.7055 -4.80925 0
      vertex 50.4714 -4.66577 0
    endloop
  endfacet
  facet normal 0 0 -1
    outer loop
      vertex 49.7715 -3.52376 0
      vertex -49.7715 -3.52376 0
      vertex -49.75 -3.25 0
    endloop
  endfacet
  facet normal 0 0 -1
    outer loop
      vertex 49.8357 -3.79077 0
      vertex -49.8357 -3.79077 0
      vertex -49.7715 -3.52376 0
    endloop
  endfacet
  facet normal 0 0 -1
    outer loop
      vertex 49.9408 -4.04448 0
      vertex -49.9408 -4.04448 0
      vertex -49.8357 -3.79077 0
    endloop
  endfacet
  facet normal 0 0 -1
    outer loop
      vertex 50.0842 -4.27861 0
      vertex -50.0842 -4.27861 0
      vertex -49.9408 -4.04448 0
    endloop
  endfacet
  facet normal 0 0 -1
    outer loop
      vertex 50.2626 -4.48743 0
      vertex -50.2626 -4.48743 0
      vertex -50.0842 -4.27861 0
    endloop
  endfacet
  facet normal 0 0 -1
    outer loop
      vertex 50.4714 -4.66577 0
      vertex -50.4714 -4.66577 0
      vertex -50.2626 -4.48743 0
    endloop
  endfacet
  facet normal -0 0 -1
    outer loop
      vertex 50.4714 -4.66577 0
      vertex -50.7055 -4.80925 0
      vertex -50.4714 -4.66577 0
    endloop
  endfacet
  facet normal 0 0 -1
    outer loop
      vertex -81.5 -31 0
      vertex -50.7055 -4.80925 0
      vertex 81.5 -31 0
    endloop
  endfacet
  facet normal 0 0 -1
    outer loop
      vertex -50.7055 -4.80925 0
      vertex -81.5 -31 0
      vertex -50.9592 -4.91434 0
    endloop
  endfacet
  facet normal 0 0 -1
    outer loop
      vertex -50.9592 -4.91434 0
      vertex -81.5 -31 0
      vertex -51.2262 -4.97845 0
    endloop
  endfacet
  facet normal 0 0 -1
    outer loop
      vertex -51.2262 -4.97845 0
      vertex -81.5 -31 0
      vertex -51.5 -5 0
    endloop
  endfacet
  facet normal 0 0 -1
    outer loop
      vertex -53.25 -3.25 0
      vertex -56.25 -3.25 0
      vertex -53.25 15.25 0
    endloop
  endfacet
  facet normal 0 0 -1
    outer loop
      vertex -53.2285 -3.52376 0
      vertex -56.25 -3.25 0
      vertex -53.25 -3.25 0
    endloop
  endfacet
  facet normal 0 0 -1
    outer loop
      vertex -56.2715 -3.52376 0
      vertex -53.2285 -3.52376 0
      vertex -53.1643 -3.79077 0
    endloop
  endfacet
  facet normal 0 0 -1
    outer loop
      vertex -56.3357 -3.79077 0
      vertex -53.1643 -3.79077 0
      vertex -53.0592 -4.04448 0
    endloop
  endfacet
  facet normal 0 0 -1
    outer loop
      vertex -56.4408 -4.04448 0
      vertex -53.0592 -4.04448 0
      vertex -52.9158 -4.27861 0
    endloop
  endfacet
  facet normal 0 0 -1
    outer loop
      vertex -56.5842 -4.27861 0
      vertex -52.9158 -4.27861 0
      vertex -52.7374 -4.48743 0
    endloop
  endfacet
  facet normal 0 0 -1
    outer loop
      vertex -56.7626 -4.48743 0
      vertex -52.7374 -4.48743 0
      vertex -52.5286 -4.66577 0
    endloop
  endfacet
  facet normal 0 0 -1
    outer loop
      vertex -56.9714 -4.66577 0
      vertex -52.5286 -4.66577 0
      vertex -52.2945 -4.80925 0
    endloop
  endfacet
  facet normal 0 0 -1
    outer loop
      vertex -57.2055 -4.80925 0
      vertex -52.2945 -4.80925 0
      vertex -52.0408 -4.91434 0
    endloop
  endfacet
  facet normal 0 0 -1
    outer loop
      vertex -53.2285 -3.52376 0
      vertex -56.2715 -3.52376 0
      vertex -56.25 -3.25 0
    endloop
  endfacet
  facet normal 0 0 -1
    outer loop
      vertex -53.1643 -3.79077 0
      vertex -56.3357 -3.79077 0
      vertex -56.2715 -3.52376 0
    endloop
  endfacet
  facet normal 0 0 -1
    outer loop
      vertex -53.0592 -4.04448 0
      vertex -56.4408 -4.04448 0
      vertex -56.3357 -3.79077 0
    endloop
  endfacet
  facet normal 0 0 -1
    outer loop
      vertex -57.4592 -4.91434 0
      vertex -52.0408 -4.91434 0
      vertex -51.7738 -4.97845 0
    endloop
  endfacet
  facet normal 0 0 -1
    outer loop
      vertex -52.9158 -4.27861 0
      vertex -56.5842 -4.27861 0
      vertex -56.4408 -4.04448 0
    endloop
  endfacet
  facet normal -0 0 -1
    outer loop
      vertex -51.5 -5 0
      vertex -81.5 -31 0
      vertex -51.7738 -4.97845 0
    endloop
  endfacet
  facet normal 0 0 -1
    outer loop
      vertex -52.7374 -4.48743 0
      vertex -56.7626 -4.48743 0
      vertex -56.5842 -4.27861 0
    endloop
  endfacet
  facet normal 0 0 -1
    outer loop
      vertex -52.5286 -4.66577 0
      vertex -56.9714 -4.66577 0
      vertex -56.7626 -4.48743 0
    endloop
  endfacet
  facet normal 0 -0 -1
    outer loop
      vertex -57.7262 -4.97845 0
      vertex -51.7738 -4.97845 0
      vertex -81.5 -31 0
    endloop
  endfacet
  facet normal 0 0 -1
    outer loop
      vertex -52.2945 -4.80925 0
      vertex -57.2055 -4.80925 0
      vertex -56.9714 -4.66577 0
    endloop
  endfacet
  facet normal 0 0 -1
    outer loop
      vertex -52.0408 -4.91434 0
      vertex -57.4592 -4.91434 0
      vertex -57.2055 -4.80925 0
    endloop
  endfacet
  facet normal 0 0 -1
    outer loop
      vertex -51.7738 -4.97845 0
      vertex -57.7262 -4.97845 0
      vertex -57.4592 -4.91434 0
    endloop
  endfacet
  facet normal 0 0 -1
    outer loop
      vertex -57.7262 -4.97845 0
      vertex -81.5 -31 0
      vertex -58 -5 0
    endloop
  endfacet
  facet normal 0 0 -1
    outer loop
      vertex -59.75 -3.25 0
      vertex -62.75 -3.25 0
      vertex -59.75 15.25 0
    endloop
  endfacet
  facet normal 0 0 -1
    outer loop
      vertex -59.7285 -3.52376 0
      vertex -62.75 -3.25 0
      vertex -59.75 -3.25 0
    endloop
  endfacet
  facet normal 0 0 -1
    outer loop
      vertex -62.7715 -3.52376 0
      vertex -59.7285 -3.52376 0
      vertex -59.6643 -3.79077 0
    endloop
  endfacet
  facet normal 0 0 -1
    outer loop
      vertex -62.8357 -3.79077 0
      vertex -59.6643 -3.79077 0
      vertex -59.5592 -4.04448 0
    endloop
  endfacet
  facet normal 0 0 -1
    outer loop
      vertex -62.9408 -4.04448 0
      vertex -59.5592 -4.04448 0
      vertex -59.4158 -4.27861 0
    endloop
  endfacet
  facet normal 0 0 -1
    outer loop
      vertex -63.0842 -4.27861 0
      vertex -59.4158 -4.27861 0
      vertex -59.2374 -4.48743 0
    endloop
  endfacet
  facet normal 0 0 -1
    outer loop
      vertex -63.2626 -4.48743 0
      vertex -59.2374 -4.48743 0
      vertex -59.0286 -4.66577 0
    endloop
  endfacet
  facet normal 0 0 -1
    outer loop
      vertex -63.4714 -4.66577 0
      vertex -59.0286 -4.66577 0
      vertex -58.7945 -4.80925 0
    endloop
  endfacet
  facet normal 0 0 -1
    outer loop
      vertex -63.7055 -4.80925 0
      vertex -58.7945 -4.80925 0
      vertex -58.5408 -4.91434 0
    endloop
  endfacet
  facet normal 0 0 -1
    outer loop
      vertex -59.7285 -3.52376 0
      vertex -62.7715 -3.52376 0
      vertex -62.75 -3.25 0
    endloop
  endfacet
  facet normal 0 0 -1
    outer loop
      vertex -59.6643 -3.79077 0
      vertex -62.8357 -3.79077 0
      vertex -62.7715 -3.52376 0
    endloop
  endfacet
  facet normal 0 0 -1
    outer loop
      vertex -59.5592 -4.04448 0
      vertex -62.9408 -4.04448 0
      vertex -62.8357 -3.79077 0
    endloop
  endfacet
  facet normal 0 0 -1
    outer loop
      vertex -63.9592 -4.91434 0
      vertex -58.5408 -4.91434 0
      vertex -58.2738 -4.97845 0
    endloop
  endfacet
  facet normal 0 0 -1
    outer loop
      vertex -59.4158 -4.27861 0
      vertex -63.0842 -4.27861 0
      vertex -62.9408 -4.04448 0
    endloop
  endfacet
  facet normal -0 0 -1
    outer loop
      vertex -58 -5 0
      vertex -81.5 -31 0
      vertex -58.2738 -4.97845 0
    endloop
  endfacet
  facet normal 0 0 -1
    outer loop
      vertex -59.2374 -4.48743 0
      vertex -63.2626 -4.48743 0
      vertex -63.0842 -4.27861 0
    endloop
  endfacet
  facet normal 0 -0 -1
    outer loop
      vertex -64.2262 -4.97845 0
      vertex -58.2738 -4.97845 0
      vertex -81.5 -31 0
    endloop
  endfacet
  facet normal 0 0 -1
    outer loop
      vertex -59.0286 -4.66577 0
      vertex -63.4714 -4.66577 0
      vertex -63.2626 -4.48743 0
    endloop
  endfacet
  facet normal 0 0 -1
    outer loop
      vertex -58.7945 -4.80925 0
      vertex -63.7055 -4.80925 0
      vertex -63.4714 -4.66577 0
    endloop
  endfacet
  facet normal 0 0 -1
    outer loop
      vertex -58.5408 -4.91434 0
      vertex -63.9592 -4.91434 0
      vertex -63.7055 -4.80925 0
    endloop
  endfacet
  facet normal 0 0 -1
    outer loop
      vertex -58.2738 -4.97845 0
      vertex -64.2262 -4.97845 0
      vertex -63.9592 -4.91434 0
    endloop
  endfacet
  facet normal 0 0 -1
    outer loop
      vertex -64.2262 -4.97845 0
      vertex -81.5 -31 0
      vertex -64.5 -5 0
    endloop
  endfacet
  facet normal 0 0 -1
    outer loop
      vertex -71.9197 0.250295 0
      vertex -66.25 -3.25 0
      vertex -71.9 0 0
    endloop
  endfacet
  facet normal 0 0 -1
    outer loop
      vertex -72.3686 -1.13137 0
      vertex -66.25 -3.25 0
      vertex -66.2285 -3.52376 0
    endloop
  endfacet
  facet normal 0 0 -1
    outer loop
      vertex -72.5595 -1.29443 0
      vertex -66.2285 -3.52376 0
      vertex -66.1643 -3.79077 0
    endloop
  endfacet
  facet normal 0 0 -1
    outer loop
      vertex -72.7736 -1.42561 0
      vertex -66.1643 -3.79077 0
      vertex -66.0592 -4.04448 0
    endloop
  endfacet
  facet normal 0 0 -1
    outer loop
      vertex -73.0056 -1.52169 0
      vertex -66.0592 -4.04448 0
      vertex -65.9158 -4.27861 0
    endloop
  endfacet
  facet normal 0 0 -1
    outer loop
      vertex -73.2497 -1.5803 0
      vertex -65.9158 -4.27861 0
      vertex -65.7374 -4.48743 0
    endloop
  endfacet
  facet normal 0 0 -1
    outer loop
      vertex -73.5 -1.6 0
      vertex -65.7374 -4.48743 0
      vertex -65.5286 -4.66577 0
    endloop
  endfacet
  facet normal 0 0 -1
    outer loop
      vertex -66.25 -3.25 0
      vertex -71.9197 -0.250295 0
      vertex -71.9 0 0
    endloop
  endfacet
  facet normal 0 0 -1
    outer loop
      vertex -66.25 -3.25 0
      vertex -71.9783 -0.494427 0
      vertex -71.9197 -0.250295 0
    endloop
  endfacet
  facet normal 0 0 -1
    outer loop
      vertex -66.25 -3.25 0
      vertex -72.0744 -0.726384 0
      vertex -71.9783 -0.494427 0
    endloop
  endfacet
  facet normal 0 0 -1
    outer loop
      vertex -81.5 -31 0
      vertex -65.5286 -4.66577 0
      vertex -65.2945 -4.80925 0
    endloop
  endfacet
  facet normal 0 0 -1
    outer loop
      vertex -66.25 -3.25 0
      vertex -72.2056 -0.940456 0
      vertex -72.0744 -0.726384 0
    endloop
  endfacet
  facet normal 0 0 -1
    outer loop
      vertex -66.25 -3.25 0
      vertex -72.3686 -1.13137 0
      vertex -72.2056 -0.940456 0
    endloop
  endfacet
  facet normal 0 0 -1
    outer loop
      vertex -66.2285 -3.52376 0
      vertex -72.5595 -1.29443 0
      vertex -72.3686 -1.13137 0
    endloop
  endfacet
  facet normal 0 0 -1
    outer loop
      vertex -66.1643 -3.79077 0
      vertex -72.7736 -1.42561 0
      vertex -72.5595 -1.29443 0
    endloop
  endfacet
  facet normal 0 0 -1
    outer loop
      vertex -66.0592 -4.04448 0
      vertex -73.0056 -1.52169 0
      vertex -72.7736 -1.42561 0
    endloop
  endfacet
  facet normal 0 0 -1
    outer loop
      vertex -65.9158 -4.27861 0
      vertex -73.2497 -1.5803 0
      vertex -73.0056 -1.52169 0
    endloop
  endfacet
  facet normal 0 0 -1
    outer loop
      vertex -81.5 -31 0
      vertex -65.2945 -4.80925 0
      vertex -65.0408 -4.91434 0
    endloop
  endfacet
  facet normal 0 0 -1
    outer loop
      vertex -65.7374 -4.48743 0
      vertex -73.5 -1.6 0
      vertex -73.2497 -1.5803 0
    endloop
  endfacet
  facet normal -0 0 -1
    outer loop
      vertex -65.5286 -4.66577 0
      vertex -81.5 -31 0
      vertex -73.5 -1.6 0
    endloop
  endfacet
  facet normal -0 0 -1
    outer loop
      vertex -73.5 -1.6 0
      vertex -81.5 -31 0
      vertex -73.7503 -1.5803 0
    endloop
  endfacet
  facet normal -0 0 -1
    outer loop
      vertex -75.0803 -0.250295 0
      vertex -81.5 -31 0
      vertex -75.1 0 0
    endloop
  endfacet
  facet normal -0 0 -1
    outer loop
      vertex -75.0217 -0.494427 0
      vertex -81.5 -31 0
      vertex -75.0803 -0.250295 0
    endloop
  endfacet
  facet normal -0 0 -1
    outer loop
      vertex -74.9256 -0.726384 0
      vertex -81.5 -31 0
      vertex -75.0217 -0.494427 0
    endloop
  endfacet
  facet normal -0 0 -1
    outer loop
      vertex -74.7944 -0.940456 0
      vertex -81.5 -31 0
      vertex -74.9256 -0.726384 0
    endloop
  endfacet
  facet normal -0 0 -1
    outer loop
      vertex -74.6314 -1.13137 0
      vertex -81.5 -31 0
      vertex -74.7944 -0.940456 0
    endloop
  endfacet
  facet normal -0 0 -1
    outer loop
      vertex -74.4405 -1.29443 0
      vertex -81.5 -31 0
      vertex -74.6314 -1.13137 0
    endloop
  endfacet
  facet normal -0 0 -1
    outer loop
      vertex -74.2264 -1.42561 0
      vertex -81.5 -31 0
      vertex -74.4405 -1.29443 0
    endloop
  endfacet
  facet normal -0 0 -1
    outer loop
      vertex -73.9944 -1.52169 0
      vertex -81.5 -31 0
      vertex -74.2264 -1.42561 0
    endloop
  endfacet
  facet normal -0 0 -1
    outer loop
      vertex -73.7503 -1.5803 0
      vertex -81.5 -31 0
      vertex -73.9944 -1.52169 0
    endloop
  endfacet
  facet normal -0 0 -1
    outer loop
      vertex -64.7738 -4.97845 0
      vertex -81.5 -31 0
      vertex -65.0408 -4.91434 0
    endloop
  endfacet
  facet normal -0 0 -1
    outer loop
      vertex -64.5 -5 0
      vertex -81.5 -31 0
      vertex -64.7738 -4.97845 0
    endloop
  endfacet
  facet normal 0 0 -1
    outer loop
      vertex 75.0803 0.250295 0
      vertex 81.5 31 0
      vertex 75.1 0 0
    endloop
  endfacet
  facet normal 0 0 -1
    outer loop
      vertex 75.0217 0.494427 0
      vertex 81.5 31 0
      vertex 75.0803 0.250295 0
    endloop
  endfacet
  facet normal 0 0 -1
    outer loop
      vertex 74.9256 0.726384 0
      vertex 81.5 31 0
      vertex 75.0217 0.494427 0
    endloop
  endfacet
  facet normal 0 0 -1
    outer loop
      vertex 74.7944 0.940456 0
      vertex 81.5 31 0
      vertex 74.9256 0.726384 0
    endloop
  endfacet
  facet normal 0 0 -1
    outer loop
      vertex 74.6314 1.13137 0
      vertex 81.5 31 0
      vertex 74.7944 0.940456 0
    endloop
  endfacet
  facet normal 0 0 -1
    outer loop
      vertex 74.4405 1.29443 0
      vertex 81.5 31 0
      vertex 74.6314 1.13137 0
    endloop
  endfacet
  facet normal 0 0 -1
    outer loop
      vertex 74.2264 1.42561 0
      vertex 81.5 31 0
      vertex 74.4405 1.29443 0
    endloop
  endfacet
  facet normal 0 0 -1
    outer loop
      vertex 66.25 15.25 0
      vertex 74.2264 1.42561 0
      vertex 73.9944 1.52169 0
    endloop
  endfacet
  facet normal 0 0 -1
    outer loop
      vertex 66.25 15.25 0
      vertex 73.9944 1.52169 0
      vertex 73.7503 1.5803 0
    endloop
  endfacet
  facet normal 0 0 -1
    outer loop
      vertex 66.25 15.25 0
      vertex 73.7503 1.5803 0
      vertex 73.5 1.6 0
    endloop
  endfacet
  facet normal 0 0 -1
    outer loop
      vertex 66.25 15.25 0
      vertex 73.5 1.6 0
      vertex 73.2497 1.5803 0
    endloop
  endfacet
  facet normal 0 0 -1
    outer loop
      vertex 66.25 15.25 0
      vertex 73.2497 1.5803 0
      vertex 73.0056 1.52169 0
    endloop
  endfacet
  facet normal 0 0 -1
    outer loop
      vertex 66.25 15.25 0
      vertex 73.0056 1.52169 0
      vertex 72.7736 1.42561 0
    endloop
  endfacet
  facet normal 0 0 -1
    outer loop
      vertex 66.25 15.25 0
      vertex 72.7736 1.42561 0
      vertex 72.5595 1.29443 0
    endloop
  endfacet
  facet normal 0 0 -1
    outer loop
      vertex 66.25 15.25 0
      vertex 72.5595 1.29443 0
      vertex 72.3686 1.13137 0
    endloop
  endfacet
  facet normal 0 0 -1
    outer loop
      vertex 66.25 15.25 0
      vertex 72.3686 1.13137 0
      vertex 72.2056 0.940456 0
    endloop
  endfacet
  facet normal 0 0 -1
    outer loop
      vertex 66.25 -3.25 0
      vertex 72.2056 0.940456 0
      vertex 72.0744 0.726384 0
    endloop
  endfacet
  facet normal 0 0 -1
    outer loop
      vertex 66.25 -3.25 0
      vertex 72.0744 0.726384 0
      vertex 71.9783 0.494427 0
    endloop
  endfacet
  facet normal 0 0 -1
    outer loop
      vertex 66.25 -3.25 0
      vertex 71.9197 0.250295 0
      vertex 71.9 0 0
    endloop
  endfacet
  facet normal 0 0 -1
    outer loop
      vertex 66.25 -3.25 0
      vertex 71.9783 0.494427 0
      vertex 71.9197 0.250295 0
    endloop
  endfacet
  facet normal -0 0 -1
    outer loop
      vertex 72.2056 0.940456 0
      vertex 66.25 -3.25 0
      vertex 66.25 15.25 0
    endloop
  endfacet
  facet normal 0 0 -1
    outer loop
      vertex 74.2264 1.42561 0
      vertex 66.25 15.25 0
      vertex 81.5 31 0
    endloop
  endfacet
  facet normal 0 0 -1
    outer loop
      vertex 66.2285 15.5238 0
      vertex 81.5 31 0
      vertex 66.25 15.25 0
    endloop
  endfacet
  facet normal 0 0 -1
    outer loop
      vertex 66.1643 15.7908 0
      vertex 81.5 31 0
      vertex 66.2285 15.5238 0
    endloop
  endfacet
  facet normal 0 0 -1
    outer loop
      vertex 66.0592 16.0445 0
      vertex 81.5 31 0
      vertex 66.1643 15.7908 0
    endloop
  endfacet
  facet normal 0 0 -1
    outer loop
      vertex 65.9158 16.2786 0
      vertex 81.5 31 0
      vertex 66.0592 16.0445 0
    endloop
  endfacet
  facet normal 0 0 -1
    outer loop
      vertex 65.7374 16.4874 0
      vertex 81.5 31 0
      vertex 65.9158 16.2786 0
    endloop
  endfacet
  facet normal 0 0 -1
    outer loop
      vertex 65.5286 16.6658 0
      vertex 81.5 31 0
      vertex 65.7374 16.4874 0
    endloop
  endfacet
  facet normal 0 0 -1
    outer loop
      vertex 65.2945 16.8092 0
      vertex 81.5 31 0
      vertex 65.5286 16.6658 0
    endloop
  endfacet
  facet normal 0 0 -1
    outer loop
      vertex 65.0408 16.9143 0
      vertex 81.5 31 0
      vertex 65.2945 16.8092 0
    endloop
  endfacet
  facet normal 0 0 -1
    outer loop
      vertex 64.7738 16.9785 0
      vertex 81.5 31 0
      vertex 65.0408 16.9143 0
    endloop
  endfacet
  facet normal 0 0 -1
    outer loop
      vertex 64.5 17 0
      vertex 81.5 31 0
      vertex 64.7738 16.9785 0
    endloop
  endfacet
  facet normal 0 0 -1
    outer loop
      vertex 64.2262 16.9785 0
      vertex 81.5 31 0
      vertex 64.5 17 0
    endloop
  endfacet
  facet normal 0 0 -1
    outer loop
      vertex 58.2738 16.9785 0
      vertex 64.2262 16.9785 0
      vertex 63.9592 16.9143 0
    endloop
  endfacet
  facet normal 0 0 -1
    outer loop
      vertex 58.5408 16.9143 0
      vertex 63.9592 16.9143 0
      vertex 63.7055 16.8092 0
    endloop
  endfacet
  facet normal 0 0 -1
    outer loop
      vertex 58.7945 16.8092 0
      vertex 63.7055 16.8092 0
      vertex 63.4714 16.6658 0
    endloop
  endfacet
  facet normal 0 0 -1
    outer loop
      vertex 59.75 15.25 0
      vertex 62.75 15.25 0
      vertex 59.75 -3.25 0
    endloop
  endfacet
  facet normal 0 0 -1
    outer loop
      vertex 62.75 15.25 0
      vertex 59.75 15.25 0
      vertex 62.7715 15.5238 0
    endloop
  endfacet
  facet normal 0 0 -1
    outer loop
      vertex 59.7285 15.5238 0
      vertex 62.7715 15.5238 0
      vertex 59.75 15.25 0
    endloop
  endfacet
  facet normal 0 0 -1
    outer loop
      vertex 62.7715 15.5238 0
      vertex 59.7285 15.5238 0
      vertex 62.8357 15.7908 0
    endloop
  endfacet
  facet normal 0 0 -1
    outer loop
      vertex 59.6643 15.7908 0
      vertex 62.8357 15.7908 0
      vertex 59.7285 15.5238 0
    endloop
  endfacet
  facet normal 0 0 -1
    outer loop
      vertex 62.8357 15.7908 0
      vertex 59.6643 15.7908 0
      vertex 62.9408 16.0445 0
    endloop
  endfacet
  facet normal 0 0 -1
    outer loop
      vertex 59.5592 16.0445 0
      vertex 62.9408 16.0445 0
      vertex 59.6643 15.7908 0
    endloop
  endfacet
  facet normal 0 0 -1
    outer loop
      vertex 62.9408 16.0445 0
      vertex 59.5592 16.0445 0
      vertex 63.0842 16.2786 0
    endloop
  endfacet
  facet normal 0 0 -1
    outer loop
      vertex 59.4158 16.2786 0
      vertex 63.0842 16.2786 0
      vertex 59.5592 16.0445 0
    endloop
  endfacet
  facet normal 0 0 -1
    outer loop
      vertex 63.0842 16.2786 0
      vertex 59.4158 16.2786 0
      vertex 63.2626 16.4874 0
    endloop
  endfacet
  facet normal 0 0 -1
    outer loop
      vertex 59.2374 16.4874 0
      vertex 63.2626 16.4874 0
      vertex 59.4158 16.2786 0
    endloop
  endfacet
  facet normal 0 0 -1
    outer loop
      vertex 63.2626 16.4874 0
      vertex 59.2374 16.4874 0
      vertex 63.4714 16.6658 0
    endloop
  endfacet
  facet normal 0 0 -1
    outer loop
      vertex 59.0286 16.6658 0
      vertex 63.4714 16.6658 0
      vertex 59.2374 16.4874 0
    endloop
  endfacet
  facet normal 0 0 -1
    outer loop
      vertex 58.7945 16.8092 0
      vertex 63.4714 16.6658 0
      vertex 59.0286 16.6658 0
    endloop
  endfacet
  facet normal 0 0 -1
    outer loop
      vertex 63.7055 16.8092 0
      vertex 58.7945 16.8092 0
      vertex 58.5408 16.9143 0
    endloop
  endfacet
  facet normal 0 0 -1
    outer loop
      vertex 63.9592 16.9143 0
      vertex 58.5408 16.9143 0
      vertex 58.2738 16.9785 0
    endloop
  endfacet
  facet normal 0 0 -1
    outer loop
      vertex 64.2262 16.9785 0
      vertex 58.2738 16.9785 0
      vertex 81.5 31 0
    endloop
  endfacet
  facet normal 0 0 -1
    outer loop
      vertex 58 17 0
      vertex 81.5 31 0
      vertex 58.2738 16.9785 0
    endloop
  endfacet
  facet normal 0 0 -1
    outer loop
      vertex 57.7262 16.9785 0
      vertex 81.5 31 0
      vertex 58 17 0
    endloop
  endfacet
  facet normal 0 0 -1
    outer loop
      vertex 51.7738 16.9785 0
      vertex 57.7262 16.9785 0
      vertex 57.4592 16.9143 0
    endloop
  endfacet
  facet normal 0 0 -1
    outer loop
      vertex 52.0408 16.9143 0
      vertex 57.4592 16.9143 0
      vertex 57.2055 16.8092 0
    endloop
  endfacet
  facet normal 0 0 -1
    outer loop
      vertex 53.25 15.25 0
      vertex 56.25 15.25 0
      vertex 53.25 -3.25 0
    endloop
  endfacet
  facet normal 0 0 -1
    outer loop
      vertex 56.25 15.25 0
      vertex 53.25 15.25 0
      vertex 56.2715 15.5238 0
    endloop
  endfacet
  facet normal 0 0 -1
    outer loop
      vertex 53.2285 15.5238 0
      vertex 56.2715 15.5238 0
      vertex 53.25 15.25 0
    endloop
  endfacet
  facet normal 0 0 -1
    outer loop
      vertex 56.2715 15.5238 0
      vertex 53.2285 15.5238 0
      vertex 56.3357 15.7908 0
    endloop
  endfacet
  facet normal 0 0 -1
    outer loop
      vertex 53.1643 15.7908 0
      vertex 56.3357 15.7908 0
      vertex 53.2285 15.5238 0
    endloop
  endfacet
  facet normal 0 0 -1
    outer loop
      vertex 56.3357 15.7908 0
      vertex 53.1643 15.7908 0
      vertex 56.4408 16.0445 0
    endloop
  endfacet
  facet normal 0 0 -1
    outer loop
      vertex 53.0592 16.0445 0
      vertex 56.4408 16.0445 0
      vertex 53.1643 15.7908 0
    endloop
  endfacet
  facet normal 0 0 -1
    outer loop
      vertex 56.4408 16.0445 0
      vertex 53.0592 16.0445 0
      vertex 56.5842 16.2786 0
    endloop
  endfacet
  facet normal 0 0 -1
    outer loop
      vertex 52.9158 16.2786 0
      vertex 56.5842 16.2786 0
      vertex 53.0592 16.0445 0
    endloop
  endfacet
  facet normal 0 0 -1
    outer loop
      vertex 56.5842 16.2786 0
      vertex 52.9158 16.2786 0
      vertex 56.7626 16.4874 0
    endloop
  endfacet
  facet normal 0 0 -1
    outer loop
      vertex 52.7374 16.4874 0
      vertex 56.7626 16.4874 0
      vertex 52.9158 16.2786 0
    endloop
  endfacet
  facet normal 0 0 -1
    outer loop
      vertex 56.7626 16.4874 0
      vertex 52.7374 16.4874 0
      vertex 56.9714 16.6658 0
    endloop
  endfacet
  facet normal 0 0 -1
    outer loop
      vertex 52.5286 16.6658 0
      vertex 56.9714 16.6658 0
      vertex 52.7374 16.4874 0
    endloop
  endfacet
  facet normal 0 0 -1
    outer loop
      vertex 56.9714 16.6658 0
      vertex 52.5286 16.6658 0
      vertex 57.2055 16.8092 0
    endloop
  endfacet
  facet normal 0 0 -1
    outer loop
      vertex 52.2945 16.8092 0
      vertex 57.2055 16.8092 0
      vertex 52.5286 16.6658 0
    endloop
  endfacet
  facet normal 0 0 -1
    outer loop
      vertex 52.0408 16.9143 0
      vertex 57.2055 16.8092 0
      vertex 52.2945 16.8092 0
    endloop
  endfacet
  facet normal 0 0 -1
    outer loop
      vertex 57.4592 16.9143 0
      vertex 52.0408 16.9143 0
      vertex 51.7738 16.9785 0
    endloop
  endfacet
  facet normal 0 0 -1
    outer loop
      vertex 57.7262 16.9785 0
      vertex 51.7738 16.9785 0
      vertex 81.5 31 0
    endloop
  endfacet
  facet normal 0 0 -1
    outer loop
      vertex 51.5 17 0
      vertex 81.5 31 0
      vertex 51.7738 16.9785 0
    endloop
  endfacet
  facet normal 0 0 -1
    outer loop
      vertex 51.2262 16.9785 0
      vertex 81.5 31 0
      vertex 51.5 17 0
    endloop
  endfacet
  facet normal 0 0 -1
    outer loop
      vertex 50.9592 16.9143 0
      vertex 81.5 31 0
      vertex 51.2262 16.9785 0
    endloop
  endfacet
  facet normal 0 0 -1
    outer loop
      vertex -50.9592 16.9143 0
      vertex 50.9592 16.9143 0
      vertex 50.7055 16.8092 0
    endloop
  endfacet
  facet normal 0 0 -1
    outer loop
      vertex -49.75 15.25 0
      vertex 49.75 15.25 0
      vertex -49.75 -3.25 0
    endloop
  endfacet
  facet normal 0 0 -1
    outer loop
      vertex 49.75 15.25 0
      vertex -49.75 15.25 0
      vertex 49.7715 15.5238 0
    endloop
  endfacet
  facet normal 0 0 -1
    outer loop
      vertex -49.7715 15.5238 0
      vertex 49.7715 15.5238 0
      vertex -49.75 15.25 0
    endloop
  endfacet
  facet normal 0 0 -1
    outer loop
      vertex 49.7715 15.5238 0
      vertex -49.7715 15.5238 0
      vertex 49.8357 15.7908 0
    endloop
  endfacet
  facet normal 0 0 -1
    outer loop
      vertex -49.8357 15.7908 0
      vertex 49.8357 15.7908 0
      vertex -49.7715 15.5238 0
    endloop
  endfacet
  facet normal 0 0 -1
    outer loop
      vertex 49.8357 15.7908 0
      vertex -49.8357 15.7908 0
      vertex 49.9408 16.0445 0
    endloop
  endfacet
  facet normal 0 0 -1
    outer loop
      vertex -49.9408 16.0445 0
      vertex 49.9408 16.0445 0
      vertex -49.8357 15.7908 0
    endloop
  endfacet
  facet normal 0 0 -1
    outer loop
      vertex 49.9408 16.0445 0
      vertex -49.9408 16.0445 0
      vertex 50.0842 16.2786 0
    endloop
  endfacet
  facet normal 0 0 -1
    outer loop
      vertex -50.0842 16.2786 0
      vertex 50.0842 16.2786 0
      vertex -49.9408 16.0445 0
    endloop
  endfacet
  facet normal 0 0 -1
    outer loop
      vertex 50.0842 16.2786 0
      vertex -50.0842 16.2786 0
      vertex 50.2626 16.4874 0
    endloop
  endfacet
  facet normal 0 0 -1
    outer loop
      vertex -50.2626 16.4874 0
      vertex 50.2626 16.4874 0
      vertex -50.0842 16.2786 0
    endloop
  endfacet
  facet normal 0 0 -1
    outer loop
      vertex 50.2626 16.4874 0
      vertex -50.2626 16.4874 0
      vertex 50.4714 16.6658 0
    endloop
  endfacet
  facet normal 0 0 -1
    outer loop
      vertex -50.4714 16.6658 0
      vertex 50.4714 16.6658 0
      vertex -50.2626 16.4874 0
    endloop
  endfacet
  facet normal 0 0 -1
    outer loop
      vertex 50.4714 16.6658 0
      vertex -50.4714 16.6658 0
      vertex 50.7055 16.8092 0
    endloop
  endfacet
  facet normal 0 0 -1
    outer loop
      vertex -50.7055 16.8092 0
      vertex 50.7055 16.8092 0
      vertex -50.4714 16.6658 0
    endloop
  endfacet
  facet normal 0 0 -1
    outer loop
      vertex -50.9592 16.9143 0
      vertex 50.7055 16.8092 0
      vertex -50.7055 16.8092 0
    endloop
  endfacet
  facet normal 0 0 -1
    outer loop
      vertex 50.9592 16.9143 0
      vertex -50.9592 16.9143 0
      vertex 81.5 31 0
    endloop
  endfacet
  facet normal 0 0 -1
    outer loop
      vertex -81.5 31 0
      vertex -50.9592 16.9143 0
      vertex -51.2262 16.9785 0
    endloop
  endfacet
  facet normal 0 0 -1
    outer loop
      vertex -81.5 31 0
      vertex -51.2262 16.9785 0
      vertex -51.5 17 0
    endloop
  endfacet
  facet normal 0 0 -1
    outer loop
      vertex -81.5 31 0
      vertex -51.5 17 0
      vertex -51.7738 16.9785 0
    endloop
  endfacet
  facet normal 0 0 -1
    outer loop
      vertex -56.25 15.25 0
      vertex -53.25 15.25 0
      vertex -56.25 -3.25 0
    endloop
  endfacet
  facet normal 0 0 -1
    outer loop
      vertex -53.25 15.25 0
      vertex -56.25 15.25 0
      vertex -53.2285 15.5238 0
    endloop
  endfacet
  facet normal 0 0 -1
    outer loop
      vertex -56.2715 15.5238 0
      vertex -53.2285 15.5238 0
      vertex -56.25 15.25 0
    endloop
  endfacet
  facet normal 0 0 -1
    outer loop
      vertex -53.2285 15.5238 0
      vertex -56.2715 15.5238 0
      vertex -53.1643 15.7908 0
    endloop
  endfacet
  facet normal 0 0 -1
    outer loop
      vertex -56.3357 15.7908 0
      vertex -53.1643 15.7908 0
      vertex -56.2715 15.5238 0
    endloop
  endfacet
  facet normal 0 0 -1
    outer loop
      vertex -53.1643 15.7908 0
      vertex -56.3357 15.7908 0
      vertex -53.0592 16.0445 0
    endloop
  endfacet
  facet normal 0 0 -1
    outer loop
      vertex -56.4408 16.0445 0
      vertex -53.0592 16.0445 0
      vertex -56.3357 15.7908 0
    endloop
  endfacet
  facet normal 0 0 -1
    outer loop
      vertex -53.0592 16.0445 0
      vertex -56.4408 16.0445 0
      vertex -52.9158 16.2786 0
    endloop
  endfacet
  facet normal 0 0 -1
    outer loop
      vertex -56.5842 16.2786 0
      vertex -52.9158 16.2786 0
      vertex -56.4408 16.0445 0
    endloop
  endfacet
  facet normal 0 0 -1
    outer loop
      vertex -52.9158 16.2786 0
      vertex -56.5842 16.2786 0
      vertex -52.7374 16.4874 0
    endloop
  endfacet
  facet normal 0 0 -1
    outer loop
      vertex -56.7626 16.4874 0
      vertex -52.7374 16.4874 0
      vertex -56.5842 16.2786 0
    endloop
  endfacet
  facet normal 0 0 -1
    outer loop
      vertex -52.7374 16.4874 0
      vertex -56.7626 16.4874 0
      vertex -52.5286 16.6658 0
    endloop
  endfacet
  facet normal 0 0 -1
    outer loop
      vertex -56.9714 16.6658 0
      vertex -52.5286 16.6658 0
      vertex -56.7626 16.4874 0
    endloop
  endfacet
  facet normal 0 0 -1
    outer loop
      vertex -52.5286 16.6658 0
      vertex -56.9714 16.6658 0
      vertex -52.2945 16.8092 0
    endloop
  endfacet
  facet normal 0 0 -1
    outer loop
      vertex -57.2055 16.8092 0
      vertex -52.2945 16.8092 0
      vertex -56.9714 16.6658 0
    endloop
  endfacet
  facet normal 0 0 -1
    outer loop
      vertex -52.2945 16.8092 0
      vertex -57.2055 16.8092 0
      vertex -52.0408 16.9143 0
    endloop
  endfacet
  facet normal 0 0 -1
    outer loop
      vertex -57.4592 16.9143 0
      vertex -52.0408 16.9143 0
      vertex -57.2055 16.8092 0
    endloop
  endfacet
  facet normal 0 0 -1
    outer loop
      vertex -52.0408 16.9143 0
      vertex -57.4592 16.9143 0
      vertex -51.7738 16.9785 0
    endloop
  endfacet
  facet normal 0 0 -1
    outer loop
      vertex -57.7262 16.9785 0
      vertex -51.7738 16.9785 0
      vertex -57.4592 16.9143 0
    endloop
  endfacet
  facet normal 0 0 -1
    outer loop
      vertex -51.7738 16.9785 0
      vertex -57.7262 16.9785 0
      vertex -81.5 31 0
    endloop
  endfacet
  facet normal 0 0 -1
    outer loop
      vertex -81.5 31 0
      vertex -57.7262 16.9785 0
      vertex -58 17 0
    endloop
  endfacet
  facet normal 0 0 -1
    outer loop
      vertex -81.5 31 0
      vertex -58 17 0
      vertex -58.2738 16.9785 0
    endloop
  endfacet
  facet normal 0 0 -1
    outer loop
      vertex -62.75 15.25 0
      vertex -59.75 15.25 0
      vertex -62.75 -3.25 0
    endloop
  endfacet
  facet normal 0 0 -1
    outer loop
      vertex -59.75 15.25 0
      vertex -62.75 15.25 0
      vertex -59.7285 15.5238 0
    endloop
  endfacet
  facet normal 0 0 -1
    outer loop
      vertex -62.7715 15.5238 0
      vertex -59.7285 15.5238 0
      vertex -62.75 15.25 0
    endloop
  endfacet
  facet normal 0 0 -1
    outer loop
      vertex -59.7285 15.5238 0
      vertex -62.7715 15.5238 0
      vertex -59.6643 15.7908 0
    endloop
  endfacet
  facet normal 0 0 -1
    outer loop
      vertex -62.8357 15.7908 0
      vertex -59.6643 15.7908 0
      vertex -62.7715 15.5238 0
    endloop
  endfacet
  facet normal 0 0 -1
    outer loop
      vertex -59.6643 15.7908 0
      vertex -62.8357 15.7908 0
      vertex -59.5592 16.0445 0
    endloop
  endfacet
  facet normal 0 0 -1
    outer loop
      vertex -62.9408 16.0445 0
      vertex -59.5592 16.0445 0
      vertex -62.8357 15.7908 0
    endloop
  endfacet
  facet normal 0 0 -1
    outer loop
      vertex -59.5592 16.0445 0
      vertex -62.9408 16.0445 0
      vertex -59.4158 16.2786 0
    endloop
  endfacet
  facet normal 0 0 -1
    outer loop
      vertex -63.0842 16.2786 0
      vertex -59.4158 16.2786 0
      vertex -62.9408 16.0445 0
    endloop
  endfacet
  facet normal 0 0 -1
    outer loop
      vertex -59.4158 16.2786 0
      vertex -63.0842 16.2786 0
      vertex -59.2374 16.4874 0
    endloop
  endfacet
  facet normal 0 0 -1
    outer loop
      vertex -63.2626 16.4874 0
      vertex -59.2374 16.4874 0
      vertex -63.0842 16.2786 0
    endloop
  endfacet
  facet normal 0 0 -1
    outer loop
      vertex -59.2374 16.4874 0
      vertex -63.2626 16.4874 0
      vertex -59.0286 16.6658 0
    endloop
  endfacet
  facet normal 0 0 -1
    outer loop
      vertex -63.4714 16.6658 0
      vertex -59.0286 16.6658 0
      vertex -63.2626 16.4874 0
    endloop
  endfacet
  facet normal 0 0 -1
    outer loop
      vertex -59.0286 16.6658 0
      vertex -63.4714 16.6658 0
      vertex -58.7945 16.8092 0
    endloop
  endfacet
  facet normal 0 0 -1
    outer loop
      vertex -63.7055 16.8092 0
      vertex -58.7945 16.8092 0
      vertex -63.4714 16.6658 0
    endloop
  endfacet
  facet normal 0 0 -1
    outer loop
      vertex -58.7945 16.8092 0
      vertex -63.7055 16.8092 0
      vertex -58.5408 16.9143 0
    endloop
  endfacet
  facet normal 0 0 -1
    outer loop
      vertex -63.9592 16.9143 0
      vertex -58.5408 16.9143 0
      vertex -63.7055 16.8092 0
    endloop
  endfacet
  facet normal 0 0 -1
    outer loop
      vertex -58.5408 16.9143 0
      vertex -63.9592 16.9143 0
      vertex -58.2738 16.9785 0
    endloop
  endfacet
  facet normal 0 0 -1
    outer loop
      vertex -64.2262 16.9785 0
      vertex -58.2738 16.9785 0
      vertex -63.9592 16.9143 0
    endloop
  endfacet
  facet normal 0 0 -1
    outer loop
      vertex -58.2738 16.9785 0
      vertex -64.2262 16.9785 0
      vertex -81.5 31 0
    endloop
  endfacet
  facet normal 0 0 -1
    outer loop
      vertex -81.5 31 0
      vertex -64.2262 16.9785 0
      vertex -64.5 17 0
    endloop
  endfacet
  facet normal 0 0 -1
    outer loop
      vertex -81.5 31 0
      vertex -64.5 17 0
      vertex -64.7738 16.9785 0
    endloop
  endfacet
  facet normal 0 0 -1
    outer loop
      vertex -71.9783 0.494427 0
      vertex -66.25 -3.25 0
      vertex -71.9197 0.250295 0
    endloop
  endfacet
  facet normal 0 0 -1
    outer loop
      vertex -72.0744 0.726384 0
      vertex -66.25 -3.25 0
      vertex -71.9783 0.494427 0
    endloop
  endfacet
  facet normal 0 0 -1
    outer loop
      vertex -72.2056 0.940456 0
      vertex -66.25 -3.25 0
      vertex -72.0744 0.726384 0
    endloop
  endfacet
  facet normal 0 0 -1
    outer loop
      vertex -66.25 -3.25 0
      vertex -72.2056 0.940456 0
      vertex -66.25 15.25 0
    endloop
  endfacet
  facet normal 0 0 -1
    outer loop
      vertex -72.3686 1.13137 0
      vertex -66.25 15.25 0
      vertex -72.2056 0.940456 0
    endloop
  endfacet
  facet normal 0 0 -1
    outer loop
      vertex -72.5595 1.29443 0
      vertex -66.25 15.25 0
      vertex -72.3686 1.13137 0
    endloop
  endfacet
  facet normal 0 0 -1
    outer loop
      vertex -72.7736 1.42561 0
      vertex -66.25 15.25 0
      vertex -72.5595 1.29443 0
    endloop
  endfacet
  facet normal 0 0 -1
    outer loop
      vertex -73.0056 1.52169 0
      vertex -66.25 15.25 0
      vertex -72.7736 1.42561 0
    endloop
  endfacet
  facet normal 0 0 -1
    outer loop
      vertex -73.2497 1.5803 0
      vertex -66.25 15.25 0
      vertex -73.0056 1.52169 0
    endloop
  endfacet
  facet normal 0 0 -1
    outer loop
      vertex -73.5 1.6 0
      vertex -66.25 15.25 0
      vertex -73.2497 1.5803 0
    endloop
  endfacet
  facet normal 0 0 -1
    outer loop
      vertex -73.7503 1.5803 0
      vertex -66.25 15.25 0
      vertex -73.5 1.6 0
    endloop
  endfacet
  facet normal 0 0 -1
    outer loop
      vertex -73.9944 1.52169 0
      vertex -66.25 15.25 0
      vertex -73.7503 1.5803 0
    endloop
  endfacet
  facet normal 0 0 -1
    outer loop
      vertex -74.2264 1.42561 0
      vertex -66.25 15.25 0
      vertex -73.9944 1.52169 0
    endloop
  endfacet
  facet normal 0 0 -1
    outer loop
      vertex -81.5 31 0
      vertex -66.25 15.25 0
      vertex -74.2264 1.42561 0
    endloop
  endfacet
  facet normal 0 0 -1
    outer loop
      vertex -66.25 15.25 0
      vertex -81.5 31 0
      vertex -66.2285 15.5238 0
    endloop
  endfacet
  facet normal 0 0 -1
    outer loop
      vertex -66.2285 15.5238 0
      vertex -81.5 31 0
      vertex -66.1643 15.7908 0
    endloop
  endfacet
  facet normal 0 0 -1
    outer loop
      vertex -81.5 31 0
      vertex -74.2264 1.42561 0
      vertex -74.4405 1.29443 0
    endloop
  endfacet
  facet normal 0 0 -1
    outer loop
      vertex -81.5 31 0
      vertex -74.4405 1.29443 0
      vertex -74.6314 1.13137 0
    endloop
  endfacet
  facet normal 0 0 -1
    outer loop
      vertex -81.5 31 0
      vertex -74.6314 1.13137 0
      vertex -74.7944 0.940456 0
    endloop
  endfacet
  facet normal 0 0 -1
    outer loop
      vertex -81.5 31 0
      vertex -74.7944 0.940456 0
      vertex -74.9256 0.726384 0
    endloop
  endfacet
  facet normal 0 0 -1
    outer loop
      vertex -81.5 31 0
      vertex -75.1 0 0
      vertex -81.5 -31 0
    endloop
  endfacet
  facet normal 0 0 -1
    outer loop
      vertex -50.9592 16.9143 0
      vertex -81.5 31 0
      vertex 81.5 31 0
    endloop
  endfacet
  facet normal 0 0 -1
    outer loop
      vertex -65.0408 16.9143 0
      vertex -81.5 31 0
      vertex -64.7738 16.9785 0
    endloop
  endfacet
  facet normal 0 0 -1
    outer loop
      vertex -65.2945 16.8092 0
      vertex -81.5 31 0
      vertex -65.0408 16.9143 0
    endloop
  endfacet
  facet normal 0 0 -1
    outer loop
      vertex -65.5286 16.6658 0
      vertex -81.5 31 0
      vertex -65.2945 16.8092 0
    endloop
  endfacet
  facet normal 0 0 -1
    outer loop
      vertex -65.7374 16.4874 0
      vertex -81.5 31 0
      vertex -65.5286 16.6658 0
    endloop
  endfacet
  facet normal 0 0 -1
    outer loop
      vertex -65.9158 16.2786 0
      vertex -81.5 31 0
      vertex -65.7374 16.4874 0
    endloop
  endfacet
  facet normal 0 0 -1
    outer loop
      vertex -66.0592 16.0445 0
      vertex -81.5 31 0
      vertex -65.9158 16.2786 0
    endloop
  endfacet
  facet normal 0 0 -1
    outer loop
      vertex -66.1643 15.7908 0
      vertex -81.5 31 0
      vertex -66.0592 16.0445 0
    endloop
  endfacet
  facet normal 0 0 -1
    outer loop
      vertex -75.0217 0.494427 0
      vertex -81.5 31 0
      vertex -74.9256 0.726384 0
    endloop
  endfacet
  facet normal 0 0 -1
    outer loop
      vertex -75.0803 0.250295 0
      vertex -81.5 31 0
      vertex -75.0217 0.494427 0
    endloop
  endfacet
  facet normal 0 0 -1
    outer loop
      vertex -75.1 0 0
      vertex -81.5 31 0
      vertex -75.0803 0.250295 0
    endloop
  endfacet
  facet normal 0 -1 0
    outer loop
      vertex -81.5 -31 0
      vertex 81.5 -31 3
      vertex -81.5 -31 3
    endloop
  endfacet
  facet normal 0 -1 -0
    outer loop
      vertex 81.5 -31 3
      vertex -81.5 -31 0
      vertex 81.5 -31 0
    endloop
  endfacet
  facet normal 0.97229 0.233778 0
    outer loop
      vertex -66.1643 -3.79077 3
      vertex -66.2285 -3.52376 0
      vertex -66.2285 -3.52376 3
    endloop
  endfacet
  facet normal 0.97229 0.233778 0
    outer loop
      vertex -66.2285 -3.52376 0
      vertex -66.1643 -3.79077 3
      vertex -66.1643 -3.79077 0
    endloop
  endfacet
  facet normal 1 -0 0
    outer loop
      vertex -66.25 -3.25 3
      vertex -66.25 15.25 0
      vertex -66.25 15.25 3
    endloop
  endfacet
  facet normal 1 0 0
    outer loop
      vertex -66.25 15.25 0
      vertex -66.25 -3.25 3
      vertex -66.25 -3.25 0
    endloop
  endfacet
  facet normal -0.996931 -0.0782835 0
    outer loop
      vertex -62.75 15.25 0
      vertex -62.7715 15.5238 3
      vertex -62.7715 15.5238 0
    endloop
  endfacet
  facet normal -0.996931 -0.0782835 0
    outer loop
      vertex -62.7715 15.5238 3
      vertex -62.75 15.25 0
      vertex -62.75 15.25 3
    endloop
  endfacet
  facet normal 0.99693 0.0782949 0
    outer loop
      vertex -66.2285 -3.52376 3
      vertex -66.25 -3.25 0
      vertex -66.25 -3.25 3
    endloop
  endfacet
  facet normal 0.99693 0.0782949 0
    outer loop
      vertex -66.25 -3.25 0
      vertex -66.2285 -3.52376 3
      vertex -66.2285 -3.52376 0
    endloop
  endfacet
  facet normal 0.972288 -0.233786 0
    outer loop
      vertex -66.2285 15.5238 3
      vertex -66.1643 15.7908 0
      vertex -66.1643 15.7908 3
    endloop
  endfacet
  facet normal 0.972288 -0.233786 0
    outer loop
      vertex -66.1643 15.7908 0
      vertex -66.2285 15.5238 3
      vertex -66.2285 15.5238 0
    endloop
  endfacet
  facet normal 0.996931 -0.0782835 0
    outer loop
      vertex -66.25 15.25 3
      vertex -66.2285 15.5238 0
      vertex -66.2285 15.5238 3
    endloop
  endfacet
  facet normal 0.996931 -0.0782835 0
    outer loop
      vertex -66.2285 15.5238 0
      vertex -66.25 15.25 3
      vertex -66.25 15.25 0
    endloop
  endfacet
  facet normal -0.99693 0.0782949 0
    outer loop
      vertex -62.7715 -3.52376 0
      vertex -62.75 -3.25 3
      vertex -62.75 -3.25 0
    endloop
  endfacet
  facet normal -0.99693 0.0782949 0
    outer loop
      vertex -62.75 -3.25 3
      vertex -62.7715 -3.52376 0
      vertex -62.7715 -3.52376 3
    endloop
  endfacet
  facet normal -0.0782835 -0.996931 0
    outer loop
      vertex -64.5 17 0
      vertex -64.2262 16.9785 3
      vertex -64.5 17 3
    endloop
  endfacet
  facet normal -0.0782835 -0.996931 -0
    outer loop
      vertex -64.2262 16.9785 3
      vertex -64.5 17 0
      vertex -64.2262 16.9785 0
    endloop
  endfacet
  facet normal -1 0 0
    outer loop
      vertex -62.75 -3.25 0
      vertex -62.75 15.25 3
      vertex -62.75 15.25 0
    endloop
  endfacet
  facet normal -1 -0 0
    outer loop
      vertex -62.75 15.25 3
      vertex -62.75 -3.25 0
      vertex -62.75 -3.25 3
    endloop
  endfacet
  facet normal 0.649465 0.760392 -0
    outer loop
      vertex -65.5286 -4.66577 0
      vertex -65.7374 -4.48743 3
      vertex -65.5286 -4.66577 3
    endloop
  endfacet
  facet normal 0.649465 0.760392 0
    outer loop
      vertex -65.7374 -4.48743 3
      vertex -65.5286 -4.66577 0
      vertex -65.7374 -4.48743 0
    endloop
  endfacet
  facet normal -0.760284 -0.649591 0
    outer loop
      vertex -63.0842 16.2786 0
      vertex -63.2626 16.4874 3
      vertex -63.2626 16.4874 0
    endloop
  endfacet
  facet normal -0.760284 -0.649591 0
    outer loop
      vertex -63.2626 16.4874 3
      vertex -63.0842 16.2786 0
      vertex -63.0842 16.2786 3
    endloop
  endfacet
  facet normal 0.649591 -0.760284 0
    outer loop
      vertex -65.7374 16.4874 0
      vertex -65.5286 16.6658 3
      vertex -65.7374 16.4874 3
    endloop
  endfacet
  facet normal 0.649591 -0.760284 0
    outer loop
      vertex -65.5286 16.6658 3
      vertex -65.7374 16.4874 0
      vertex -65.5286 16.6658 0
    endloop
  endfacet
  facet normal 0.382727 -0.923861 0
    outer loop
      vertex -65.2945 16.8092 0
      vertex -65.0408 16.9143 3
      vertex -65.2945 16.8092 3
    endloop
  endfacet
  facet normal 0.382727 -0.923861 0
    outer loop
      vertex -65.0408 16.9143 3
      vertex -65.2945 16.8092 0
      vertex -65.0408 16.9143 0
    endloop
  endfacet
  facet normal -0.923861 -0.382727 0
    outer loop
      vertex -62.8357 15.7908 0
      vertex -62.9408 16.0445 3
      vertex -62.9408 16.0445 0
    endloop
  endfacet
  facet normal -0.923861 -0.382727 0
    outer loop
      vertex -62.9408 16.0445 3
      vertex -62.8357 15.7908 0
      vertex -62.8357 15.7908 3
    endloop
  endfacet
  facet normal -0.972288 -0.233786 0
    outer loop
      vertex -62.7715 15.5238 0
      vertex -62.8357 15.7908 3
      vertex -62.8357 15.7908 0
    endloop
  endfacet
  facet normal -0.972288 -0.233786 0
    outer loop
      vertex -62.8357 15.7908 3
      vertex -62.7715 15.5238 0
      vertex -62.7715 15.5238 3
    endloop
  endfacet
  facet normal -0.852732 -0.522349 0
    outer loop
      vertex -62.9408 16.0445 0
      vertex -63.0842 16.2786 3
      vertex -63.0842 16.2786 0
    endloop
  endfacet
  facet normal -0.852732 -0.522349 0
    outer loop
      vertex -63.0842 16.2786 3
      vertex -62.9408 16.0445 0
      vertex -62.9408 16.0445 3
    endloop
  endfacet
  facet normal -0.522349 -0.852732 0
    outer loop
      vertex -63.7055 16.8092 0
      vertex -63.4714 16.6658 3
      vertex -63.7055 16.8092 3
    endloop
  endfacet
  facet normal -0.522349 -0.852732 -0
    outer loop
      vertex -63.4714 16.6658 3
      vertex -63.7055 16.8092 0
      vertex -63.4714 16.6658 0
    endloop
  endfacet
  facet normal -0.649591 -0.760284 0
    outer loop
      vertex -63.4714 16.6658 0
      vertex -63.2626 16.4874 3
      vertex -63.4714 16.6658 3
    endloop
  endfacet
  facet normal -0.649591 -0.760284 -0
    outer loop
      vertex -63.2626 16.4874 3
      vertex -63.4714 16.6658 0
      vertex -63.2626 16.4874 0
    endloop
  endfacet
  facet normal 0.852732 -0.522349 0
    outer loop
      vertex -66.0592 16.0445 3
      vertex -65.9158 16.2786 0
      vertex -65.9158 16.2786 3
    endloop
  endfacet
  facet normal 0.852732 -0.522349 0
    outer loop
      vertex -65.9158 16.2786 0
      vertex -66.0592 16.0445 3
      vertex -66.0592 16.0445 0
    endloop
  endfacet
  facet normal 0.760284 -0.649591 0
    outer loop
      vertex -65.9158 16.2786 3
      vertex -65.7374 16.4874 0
      vertex -65.7374 16.4874 3
    endloop
  endfacet
  facet normal 0.760284 -0.649591 0
    outer loop
      vertex -65.7374 16.4874 0
      vertex -65.9158 16.2786 3
      vertex -65.9158 16.2786 0
    endloop
  endfacet
  facet normal 0.923861 -0.382727 0
    outer loop
      vertex -66.1643 15.7908 3
      vertex -66.0592 16.0445 0
      vertex -66.0592 16.0445 3
    endloop
  endfacet
  facet normal 0.923861 -0.382727 0
    outer loop
      vertex -66.0592 16.0445 0
      vertex -66.1643 15.7908 3
      vertex -66.1643 15.7908 0
    endloop
  endfacet
  facet normal 0.522349 -0.852732 0
    outer loop
      vertex -65.5286 16.6658 0
      vertex -65.2945 16.8092 3
      vertex -65.5286 16.6658 3
    endloop
  endfacet
  facet normal 0.522349 -0.852732 0
    outer loop
      vertex -65.2945 16.8092 3
      vertex -65.5286 16.6658 0
      vertex -65.2945 16.8092 0
    endloop
  endfacet
  facet normal 0.0782835 -0.996931 0
    outer loop
      vertex -64.7738 16.9785 0
      vertex -64.5 17 3
      vertex -64.7738 16.9785 3
    endloop
  endfacet
  facet normal 0.0782835 -0.996931 0
    outer loop
      vertex -64.5 17 3
      vertex -64.7738 16.9785 0
      vertex -64.5 17 0
    endloop
  endfacet
  facet normal -0.382696 0.923874 0
    outer loop
      vertex -63.7055 -4.80925 0
      vertex -63.9592 -4.91434 3
      vertex -63.7055 -4.80925 3
    endloop
  endfacet
  facet normal -0.382696 0.923874 0
    outer loop
      vertex -63.9592 -4.91434 3
      vertex -63.7055 -4.80925 0
      vertex -63.9592 -4.91434 0
    endloop
  endfacet
  facet normal -0.0784644 0.996917 0
    outer loop
      vertex -64.2262 -4.97845 0
      vertex -64.5 -5 3
      vertex -64.2262 -4.97845 3
    endloop
  endfacet
  facet normal -0.0784644 0.996917 0
    outer loop
      vertex -64.5 -5 3
      vertex -64.2262 -4.97845 0
      vertex -64.5 -5 0
    endloop
  endfacet
  facet normal -0.52256 0.852602 0
    outer loop
      vertex -63.4714 -4.66577 0
      vertex -63.7055 -4.80925 3
      vertex -63.4714 -4.66577 3
    endloop
  endfacet
  facet normal -0.52256 0.852602 0
    outer loop
      vertex -63.7055 -4.80925 3
      vertex -63.4714 -4.66577 0
      vertex -63.7055 -4.80925 0
    endloop
  endfacet
  facet normal -0.760314 0.649555 0
    outer loop
      vertex -63.2626 -4.48743 0
      vertex -63.0842 -4.27861 3
      vertex -63.0842 -4.27861 0
    endloop
  endfacet
  facet normal -0.760314 0.649555 0
    outer loop
      vertex -63.0842 -4.27861 3
      vertex -63.2626 -4.48743 0
      vertex -63.2626 -4.48743 3
    endloop
  endfacet
  facet normal -0.923867 0.382714 0
    outer loop
      vertex -62.9408 -4.04448 0
      vertex -62.8357 -3.79077 3
      vertex -62.8357 -3.79077 0
    endloop
  endfacet
  facet normal -0.923867 0.382714 0
    outer loop
      vertex -62.8357 -3.79077 3
      vertex -62.9408 -4.04448 0
      vertex -62.9408 -4.04448 3
    endloop
  endfacet
  facet normal 0.52256 0.852602 -0
    outer loop
      vertex -65.2945 -4.80925 0
      vertex -65.5286 -4.66577 3
      vertex -65.2945 -4.80925 3
    endloop
  endfacet
  facet normal 0.52256 0.852602 0
    outer loop
      vertex -65.5286 -4.66577 3
      vertex -65.2945 -4.80925 0
      vertex -65.5286 -4.66577 0
    endloop
  endfacet
  facet normal 0.233476 0.972363 -0
    outer loop
      vertex -64.7738 -4.97845 0
      vertex -65.0408 -4.91434 3
      vertex -64.7738 -4.97845 3
    endloop
  endfacet
  facet normal 0.233476 0.972363 0
    outer loop
      vertex -65.0408 -4.91434 3
      vertex -64.7738 -4.97845 0
      vertex -65.0408 -4.91434 0
    endloop
  endfacet
  facet normal 0.760314 0.649555 0
    outer loop
      vertex -65.7374 -4.48743 3
      vertex -65.9158 -4.27861 0
      vertex -65.9158 -4.27861 3
    endloop
  endfacet
  facet normal 0.760314 0.649555 0
    outer loop
      vertex -65.9158 -4.27861 0
      vertex -65.7374 -4.48743 3
      vertex -65.7374 -4.48743 0
    endloop
  endfacet
  facet normal 0.923867 0.382714 0
    outer loop
      vertex -66.0592 -4.04448 3
      vertex -66.1643 -3.79077 0
      vertex -66.1643 -3.79077 3
    endloop
  endfacet
  facet normal 0.923867 0.382714 0
    outer loop
      vertex -66.1643 -3.79077 0
      vertex -66.0592 -4.04448 3
      vertex -66.0592 -4.04448 0
    endloop
  endfacet
  facet normal -0.382727 -0.923861 0
    outer loop
      vertex -63.9592 16.9143 0
      vertex -63.7055 16.8092 3
      vertex -63.9592 16.9143 3
    endloop
  endfacet
  facet normal -0.382727 -0.923861 -0
    outer loop
      vertex -63.7055 16.8092 3
      vertex -63.9592 16.9143 0
      vertex -63.7055 16.8092 0
    endloop
  endfacet
  facet normal -0.233786 -0.972288 0
    outer loop
      vertex -64.2262 16.9785 0
      vertex -63.9592 16.9143 3
      vertex -64.2262 16.9785 3
    endloop
  endfacet
  facet normal -0.233786 -0.972288 -0
    outer loop
      vertex -63.9592 16.9143 3
      vertex -64.2262 16.9785 0
      vertex -63.9592 16.9143 0
    endloop
  endfacet
  facet normal 0.233786 -0.972288 0
    outer loop
      vertex -65.0408 16.9143 0
      vertex -64.7738 16.9785 3
      vertex -65.0408 16.9143 3
    endloop
  endfacet
  facet normal 0.233786 -0.972288 0
    outer loop
      vertex -64.7738 16.9785 3
      vertex -65.0408 16.9143 0
      vertex -64.7738 16.9785 0
    endloop
  endfacet
  facet normal -0.233476 0.972363 0
    outer loop
      vertex -63.9592 -4.91434 0
      vertex -64.2262 -4.97845 3
      vertex -63.9592 -4.91434 3
    endloop
  endfacet
  facet normal -0.233476 0.972363 0
    outer loop
      vertex -64.2262 -4.97845 3
      vertex -63.9592 -4.91434 0
      vertex -64.2262 -4.97845 0
    endloop
  endfacet
  facet normal -0.649465 0.760392 0
    outer loop
      vertex -63.2626 -4.48743 0
      vertex -63.4714 -4.66577 3
      vertex -63.2626 -4.48743 3
    endloop
  endfacet
  facet normal -0.649465 0.760392 0
    outer loop
      vertex -63.4714 -4.66577 3
      vertex -63.2626 -4.48743 0
      vertex -63.4714 -4.66577 0
    endloop
  endfacet
  facet normal -0.852762 0.5223 0
    outer loop
      vertex -63.0842 -4.27861 0
      vertex -62.9408 -4.04448 3
      vertex -62.9408 -4.04448 0
    endloop
  endfacet
  facet normal -0.852762 0.5223 0
    outer loop
      vertex -62.9408 -4.04448 3
      vertex -63.0842 -4.27861 0
      vertex -63.0842 -4.27861 3
    endloop
  endfacet
  facet normal -0.97229 0.233778 0
    outer loop
      vertex -62.8357 -3.79077 0
      vertex -62.7715 -3.52376 3
      vertex -62.7715 -3.52376 0
    endloop
  endfacet
  facet normal -0.97229 0.233778 0
    outer loop
      vertex -62.7715 -3.52376 3
      vertex -62.8357 -3.79077 0
      vertex -62.8357 -3.79077 3
    endloop
  endfacet
  facet normal 0.382696 0.923874 -0
    outer loop
      vertex -65.0408 -4.91434 0
      vertex -65.2945 -4.80925 3
      vertex -65.0408 -4.91434 3
    endloop
  endfacet
  facet normal 0.382696 0.923874 0
    outer loop
      vertex -65.2945 -4.80925 3
      vertex -65.0408 -4.91434 0
      vertex -65.2945 -4.80925 0
    endloop
  endfacet
  facet normal 0.0784644 0.996917 -0
    outer loop
      vertex -64.5 -5 0
      vertex -64.7738 -4.97845 3
      vertex -64.5 -5 3
    endloop
  endfacet
  facet normal 0.0784644 0.996917 0
    outer loop
      vertex -64.7738 -4.97845 3
      vertex -64.5 -5 0
      vertex -64.7738 -4.97845 0
    endloop
  endfacet
  facet normal 0.852762 0.5223 0
    outer loop
      vertex -65.9158 -4.27861 3
      vertex -66.0592 -4.04448 0
      vertex -66.0592 -4.04448 3
    endloop
  endfacet
  facet normal 0.852762 0.5223 0
    outer loop
      vertex -66.0592 -4.04448 0
      vertex -65.9158 -4.27861 3
      vertex -65.9158 -4.27861 0
    endloop
  endfacet
  facet normal 0.97229 0.233778 0
    outer loop
      vertex -59.6643 -3.79077 3
      vertex -59.7285 -3.52376 0
      vertex -59.7285 -3.52376 3
    endloop
  endfacet
  facet normal 0.97229 0.233778 0
    outer loop
      vertex -59.7285 -3.52376 0
      vertex -59.6643 -3.79077 3
      vertex -59.6643 -3.79077 0
    endloop
  endfacet
  facet normal 1 -0 0
    outer loop
      vertex -59.75 -3.25 3
      vertex -59.75 15.25 0
      vertex -59.75 15.25 3
    endloop
  endfacet
  facet normal 1 0 0
    outer loop
      vertex -59.75 15.25 0
      vertex -59.75 -3.25 3
      vertex -59.75 -3.25 0
    endloop
  endfacet
  facet normal -0.996931 -0.0782835 0
    outer loop
      vertex -56.25 15.25 0
      vertex -56.2715 15.5238 3
      vertex -56.2715 15.5238 0
    endloop
  endfacet
  facet normal -0.996931 -0.0782835 0
    outer loop
      vertex -56.2715 15.5238 3
      vertex -56.25 15.25 0
      vertex -56.25 15.25 3
    endloop
  endfacet
  facet normal 0.99693 0.0782949 0
    outer loop
      vertex -59.7285 -3.52376 3
      vertex -59.75 -3.25 0
      vertex -59.75 -3.25 3
    endloop
  endfacet
  facet normal 0.99693 0.0782949 0
    outer loop
      vertex -59.75 -3.25 0
      vertex -59.7285 -3.52376 3
      vertex -59.7285 -3.52376 0
    endloop
  endfacet
  facet normal 0.972288 -0.233786 0
    outer loop
      vertex -59.7285 15.5238 3
      vertex -59.6643 15.7908 0
      vertex -59.6643 15.7908 3
    endloop
  endfacet
  facet normal 0.972288 -0.233786 0
    outer loop
      vertex -59.6643 15.7908 0
      vertex -59.7285 15.5238 3
      vertex -59.7285 15.5238 0
    endloop
  endfacet
  facet normal 0.996931 -0.0782835 0
    outer loop
      vertex -59.75 15.25 3
      vertex -59.7285 15.5238 0
      vertex -59.7285 15.5238 3
    endloop
  endfacet
  facet normal 0.996931 -0.0782835 0
    outer loop
      vertex -59.7285 15.5238 0
      vertex -59.75 15.25 3
      vertex -59.75 15.25 0
    endloop
  endfacet
  facet normal -0.99693 0.0782949 0
    outer loop
      vertex -56.2715 -3.52376 0
      vertex -56.25 -3.25 3
      vertex -56.25 -3.25 0
    endloop
  endfacet
  facet normal -0.99693 0.0782949 0
    outer loop
      vertex -56.25 -3.25 3
      vertex -56.2715 -3.52376 0
      vertex -56.2715 -3.52376 3
    endloop
  endfacet
  facet normal -0.0782835 -0.996931 0
    outer loop
      vertex -58 17 0
      vertex -57.7262 16.9785 3
      vertex -58 17 3
    endloop
  endfacet
  facet normal -0.0782835 -0.996931 -0
    outer loop
      vertex -57.7262 16.9785 3
      vertex -58 17 0
      vertex -57.7262 16.9785 0
    endloop
  endfacet
  facet normal -1 0 0
    outer loop
      vertex -56.25 -3.25 0
      vertex -56.25 15.25 3
      vertex -56.25 15.25 0
    endloop
  endfacet
  facet normal -1 -0 0
    outer loop
      vertex -56.25 15.25 3
      vertex -56.25 -3.25 0
      vertex -56.25 -3.25 3
    endloop
  endfacet
  facet normal -0.760284 -0.649591 0
    outer loop
      vertex -56.5842 16.2786 0
      vertex -56.7626 16.4874 3
      vertex -56.7626 16.4874 0
    endloop
  endfacet
  facet normal -0.760284 -0.649591 0
    outer loop
      vertex -56.7626 16.4874 3
      vertex -56.5842 16.2786 0
      vertex -56.5842 16.2786 3
    endloop
  endfacet
  facet normal 0.649591 -0.760284 0
    outer loop
      vertex -59.2374 16.4874 0
      vertex -59.0286 16.6658 3
      vertex -59.2374 16.4874 3
    endloop
  endfacet
  facet normal 0.649591 -0.760284 0
    outer loop
      vertex -59.0286 16.6658 3
      vertex -59.2374 16.4874 0
      vertex -59.0286 16.6658 0
    endloop
  endfacet
  facet normal -0.52256 0.852602 0
    outer loop
      vertex -56.9714 -4.66577 0
      vertex -57.2055 -4.80925 3
      vertex -56.9714 -4.66577 3
    endloop
  endfacet
  facet normal -0.52256 0.852602 0
    outer loop
      vertex -57.2055 -4.80925 3
      vertex -56.9714 -4.66577 0
      vertex -57.2055 -4.80925 0
    endloop
  endfacet
  facet normal -0.97229 0.233778 0
    outer loop
      vertex -56.3357 -3.79077 0
      vertex -56.2715 -3.52376 3
      vertex -56.2715 -3.52376 0
    endloop
  endfacet
  facet normal -0.97229 0.233778 0
    outer loop
      vertex -56.2715 -3.52376 3
      vertex -56.3357 -3.79077 0
      vertex -56.3357 -3.79077 3
    endloop
  endfacet
  facet normal 0.0784644 0.996917 -0
    outer loop
      vertex -58 -5 0
      vertex -58.2738 -4.97845 3
      vertex -58 -5 3
    endloop
  endfacet
  facet normal 0.0784644 0.996917 0
    outer loop
      vertex -58.2738 -4.97845 3
      vertex -58 -5 0
      vertex -58.2738 -4.97845 0
    endloop
  endfacet
  facet normal -0.923861 -0.382727 0
    outer loop
      vertex -56.3357 15.7908 0
      vertex -56.4408 16.0445 3
      vertex -56.4408 16.0445 0
    endloop
  endfacet
  facet normal -0.923861 -0.382727 0
    outer loop
      vertex -56.4408 16.0445 3
      vertex -56.3357 15.7908 0
      vertex -56.3357 15.7908 3
    endloop
  endfacet
  facet normal -0.972288 -0.233786 0
    outer loop
      vertex -56.2715 15.5238 0
      vertex -56.3357 15.7908 3
      vertex -56.3357 15.7908 0
    endloop
  endfacet
  facet normal -0.972288 -0.233786 0
    outer loop
      vertex -56.3357 15.7908 3
      vertex -56.2715 15.5238 0
      vertex -56.2715 15.5238 3
    endloop
  endfacet
  facet normal -0.852732 -0.522349 0
    outer loop
      vertex -56.4408 16.0445 0
      vertex -56.5842 16.2786 3
      vertex -56.5842 16.2786 0
    endloop
  endfacet
  facet normal -0.852732 -0.522349 0
    outer loop
      vertex -56.5842 16.2786 3
      vertex -56.4408 16.0445 0
      vertex -56.4408 16.0445 3
    endloop
  endfacet
  facet normal -0.522349 -0.852732 0
    outer loop
      vertex -57.2055 16.8092 0
      vertex -56.9714 16.6658 3
      vertex -57.2055 16.8092 3
    endloop
  endfacet
  facet normal -0.522349 -0.852732 -0
    outer loop
      vertex -56.9714 16.6658 3
      vertex -57.2055 16.8092 0
      vertex -56.9714 16.6658 0
    endloop
  endfacet
  facet normal -0.233786 -0.972288 0
    outer loop
      vertex -57.7262 16.9785 0
      vertex -57.4592 16.9143 3
      vertex -57.7262 16.9785 3
    endloop
  endfacet
  facet normal -0.233786 -0.972288 -0
    outer loop
      vertex -57.4592 16.9143 3
      vertex -57.7262 16.9785 0
      vertex -57.4592 16.9143 0
    endloop
  endfacet
  facet normal -0.649591 -0.760284 0
    outer loop
      vertex -56.9714 16.6658 0
      vertex -56.7626 16.4874 3
      vertex -56.9714 16.6658 3
    endloop
  endfacet
  facet normal -0.649591 -0.760284 -0
    outer loop
      vertex -56.7626 16.4874 3
      vertex -56.9714 16.6658 0
      vertex -56.7626 16.4874 0
    endloop
  endfacet
  facet normal 0.852732 -0.522349 0
    outer loop
      vertex -59.5592 16.0445 3
      vertex -59.4158 16.2786 0
      vertex -59.4158 16.2786 3
    endloop
  endfacet
  facet normal 0.852732 -0.522349 0
    outer loop
      vertex -59.4158 16.2786 0
      vertex -59.5592 16.0445 3
      vertex -59.5592 16.0445 0
    endloop
  endfacet
  facet normal 0.923861 -0.382727 0
    outer loop
      vertex -59.6643 15.7908 3
      vertex -59.5592 16.0445 0
      vertex -59.5592 16.0445 3
    endloop
  endfacet
  facet normal 0.923861 -0.382727 0
    outer loop
      vertex -59.5592 16.0445 0
      vertex -59.6643 15.7908 3
      vertex -59.6643 15.7908 0
    endloop
  endfacet
  facet normal 0.522349 -0.852732 0
    outer loop
      vertex -59.0286 16.6658 0
      vertex -58.7945 16.8092 3
      vertex -59.0286 16.6658 3
    endloop
  endfacet
  facet normal 0.522349 -0.852732 0
    outer loop
      vertex -58.7945 16.8092 3
      vertex -59.0286 16.6658 0
      vertex -58.7945 16.8092 0
    endloop
  endfacet
  facet normal 0.0782835 -0.996931 0
    outer loop
      vertex -58.2738 16.9785 0
      vertex -58 17 3
      vertex -58.2738 16.9785 3
    endloop
  endfacet
  facet normal 0.0782835 -0.996931 0
    outer loop
      vertex -58 17 3
      vertex -58.2738 16.9785 0
      vertex -58 17 0
    endloop
  endfacet
  facet normal -0.852762 0.5223 0
    outer loop
      vertex -56.5842 -4.27861 0
      vertex -56.4408 -4.04448 3
      vertex -56.4408 -4.04448 0
    endloop
  endfacet
  facet normal -0.852762 0.5223 0
    outer loop
      vertex -56.4408 -4.04448 3
      vertex -56.5842 -4.27861 0
      vertex -56.5842 -4.27861 3
    endloop
  endfacet
  facet normal -0.0784644 0.996917 0
    outer loop
      vertex -57.7262 -4.97845 0
      vertex -58 -5 3
      vertex -57.7262 -4.97845 3
    endloop
  endfacet
  facet normal -0.0784644 0.996917 0
    outer loop
      vertex -58 -5 3
      vertex -57.7262 -4.97845 0
      vertex -58 -5 0
    endloop
  endfacet
  facet normal -0.760314 0.649555 0
    outer loop
      vertex -56.7626 -4.48743 0
      vertex -56.5842 -4.27861 3
      vertex -56.5842 -4.27861 0
    endloop
  endfacet
  facet normal -0.760314 0.649555 0
    outer loop
      vertex -56.5842 -4.27861 3
      vertex -56.7626 -4.48743 0
      vertex -56.7626 -4.48743 3
    endloop
  endfacet
  facet normal -0.923867 0.382714 0
    outer loop
      vertex -56.4408 -4.04448 0
      vertex -56.3357 -3.79077 3
      vertex -56.3357 -3.79077 0
    endloop
  endfacet
  facet normal -0.923867 0.382714 0
    outer loop
      vertex -56.3357 -3.79077 3
      vertex -56.4408 -4.04448 0
      vertex -56.4408 -4.04448 3
    endloop
  endfacet
  facet normal 0.382696 0.923874 -0
    outer loop
      vertex -58.5408 -4.91434 0
      vertex -58.7945 -4.80925 3
      vertex -58.5408 -4.91434 3
    endloop
  endfacet
  facet normal 0.382696 0.923874 0
    outer loop
      vertex -58.7945 -4.80925 3
      vertex -58.5408 -4.91434 0
      vertex -58.7945 -4.80925 0
    endloop
  endfacet
  facet normal 0.52256 0.852602 -0
    outer loop
      vertex -58.7945 -4.80925 0
      vertex -59.0286 -4.66577 3
      vertex -58.7945 -4.80925 3
    endloop
  endfacet
  facet normal 0.52256 0.852602 0
    outer loop
      vertex -59.0286 -4.66577 3
      vertex -58.7945 -4.80925 0
      vertex -59.0286 -4.66577 0
    endloop
  endfacet
  facet normal 0.233476 0.972363 -0
    outer loop
      vertex -58.2738 -4.97845 0
      vertex -58.5408 -4.91434 3
      vertex -58.2738 -4.97845 3
    endloop
  endfacet
  facet normal 0.233476 0.972363 0
    outer loop
      vertex -58.5408 -4.91434 3
      vertex -58.2738 -4.97845 0
      vertex -58.5408 -4.91434 0
    endloop
  endfacet
  facet normal 0.760314 0.649555 0
    outer loop
      vertex -59.2374 -4.48743 3
      vertex -59.4158 -4.27861 0
      vertex -59.4158 -4.27861 3
    endloop
  endfacet
  facet normal 0.760314 0.649555 0
    outer loop
      vertex -59.4158 -4.27861 0
      vertex -59.2374 -4.48743 3
      vertex -59.2374 -4.48743 0
    endloop
  endfacet
  facet normal 0.649465 0.760392 -0
    outer loop
      vertex -59.0286 -4.66577 0
      vertex -59.2374 -4.48743 3
      vertex -59.0286 -4.66577 3
    endloop
  endfacet
  facet normal 0.649465 0.760392 0
    outer loop
      vertex -59.2374 -4.48743 3
      vertex -59.0286 -4.66577 0
      vertex -59.2374 -4.48743 0
    endloop
  endfacet
  facet normal 0.923867 0.382714 0
    outer loop
      vertex -59.5592 -4.04448 3
      vertex -59.6643 -3.79077 0
      vertex -59.6643 -3.79077 3
    endloop
  endfacet
  facet normal 0.923867 0.382714 0
    outer loop
      vertex -59.6643 -3.79077 0
      vertex -59.5592 -4.04448 3
      vertex -59.5592 -4.04448 0
    endloop
  endfacet
  facet normal -0.382727 -0.923861 0
    outer loop
      vertex -57.4592 16.9143 0
      vertex -57.2055 16.8092 3
      vertex -57.4592 16.9143 3
    endloop
  endfacet
  facet normal -0.382727 -0.923861 -0
    outer loop
      vertex -57.2055 16.8092 3
      vertex -57.4592 16.9143 0
      vertex -57.2055 16.8092 0
    endloop
  endfacet
  facet normal 0.760284 -0.649591 0
    outer loop
      vertex -59.4158 16.2786 3
      vertex -59.2374 16.4874 0
      vertex -59.2374 16.4874 3
    endloop
  endfacet
  facet normal 0.760284 -0.649591 0
    outer loop
      vertex -59.2374 16.4874 0
      vertex -59.4158 16.2786 3
      vertex -59.4158 16.2786 0
    endloop
  endfacet
  facet normal 0.382727 -0.923861 0
    outer loop
      vertex -58.7945 16.8092 0
      vertex -58.5408 16.9143 3
      vertex -58.7945 16.8092 3
    endloop
  endfacet
  facet normal 0.382727 -0.923861 0
    outer loop
      vertex -58.5408 16.9143 3
      vertex -58.7945 16.8092 0
      vertex -58.5408 16.9143 0
    endloop
  endfacet
  facet normal 0.233786 -0.972288 0
    outer loop
      vertex -58.5408 16.9143 0
      vertex -58.2738 16.9785 3
      vertex -58.5408 16.9143 3
    endloop
  endfacet
  facet normal 0.233786 -0.972288 0
    outer loop
      vertex -58.2738 16.9785 3
      vertex -58.5408 16.9143 0
      vertex -58.2738 16.9785 0
    endloop
  endfacet
  facet normal -0.233476 0.972363 0
    outer loop
      vertex -57.4592 -4.91434 0
      vertex -57.7262 -4.97845 3
      vertex -57.4592 -4.91434 3
    endloop
  endfacet
  facet normal -0.233476 0.972363 0
    outer loop
      vertex -57.7262 -4.97845 3
      vertex -57.4592 -4.91434 0
      vertex -57.7262 -4.97845 0
    endloop
  endfacet
  facet normal -0.649465 0.760392 0
    outer loop
      vertex -56.7626 -4.48743 0
      vertex -56.9714 -4.66577 3
      vertex -56.7626 -4.48743 3
    endloop
  endfacet
  facet normal -0.649465 0.760392 0
    outer loop
      vertex -56.9714 -4.66577 3
      vertex -56.7626 -4.48743 0
      vertex -56.9714 -4.66577 0
    endloop
  endfacet
  facet normal 0.852762 0.5223 0
    outer loop
      vertex -59.4158 -4.27861 3
      vertex -59.5592 -4.04448 0
      vertex -59.5592 -4.04448 3
    endloop
  endfacet
  facet normal 0.852762 0.5223 0
    outer loop
      vertex -59.5592 -4.04448 0
      vertex -59.4158 -4.27861 3
      vertex -59.4158 -4.27861 0
    endloop
  endfacet
  facet normal -0.382696 0.923874 0
    outer loop
      vertex -57.2055 -4.80925 0
      vertex -57.4592 -4.91434 3
      vertex -57.2055 -4.80925 3
    endloop
  endfacet
  facet normal -0.382696 0.923874 0
    outer loop
      vertex -57.4592 -4.91434 3
      vertex -57.2055 -4.80925 0
      vertex -57.4592 -4.91434 0
    endloop
  endfacet
  facet normal 0.97229 0.233778 0
    outer loop
      vertex -53.1643 -3.79077 3
      vertex -53.2285 -3.52376 0
      vertex -53.2285 -3.52376 3
    endloop
  endfacet
  facet normal 0.97229 0.233778 0
    outer loop
      vertex -53.2285 -3.52376 0
      vertex -53.1643 -3.79077 3
      vertex -53.1643 -3.79077 0
    endloop
  endfacet
  facet normal 1 -0 0
    outer loop
      vertex -53.25 -3.25 3
      vertex -53.25 15.25 0
      vertex -53.25 15.25 3
    endloop
  endfacet
  facet normal 1 0 0
    outer loop
      vertex -53.25 15.25 0
      vertex -53.25 -3.25 3
      vertex -53.25 -3.25 0
    endloop
  endfacet
  facet normal -0.996931 -0.0782835 0
    outer loop
      vertex -49.75 15.25 0
      vertex -49.7715 15.5238 3
      vertex -49.7715 15.5238 0
    endloop
  endfacet
  facet normal -0.996931 -0.0782835 0
    outer loop
      vertex -49.7715 15.5238 3
      vertex -49.75 15.25 0
      vertex -49.75 15.25 3
    endloop
  endfacet
  facet normal 0.99693 0.0782949 0
    outer loop
      vertex -53.2285 -3.52376 3
      vertex -53.25 -3.25 0
      vertex -53.25 -3.25 3
    endloop
  endfacet
  facet normal 0.99693 0.0782949 0
    outer loop
      vertex -53.25 -3.25 0
      vertex -53.2285 -3.52376 3
      vertex -53.2285 -3.52376 0
    endloop
  endfacet
  facet normal -0.97229 0.233778 0
    outer loop
      vertex -49.8357 -3.79077 0
      vertex -49.7715 -3.52376 3
      vertex -49.7715 -3.52376 0
    endloop
  endfacet
  facet normal -0.97229 0.233778 0
    outer loop
      vertex -49.7715 -3.52376 3
      vertex -49.8357 -3.79077 0
      vertex -49.8357 -3.79077 3
    endloop
  endfacet
  facet normal 0.972288 -0.233786 0
    outer loop
      vertex -53.2285 15.5238 3
      vertex -53.1643 15.7908 0
      vertex -53.1643 15.7908 3
    endloop
  endfacet
  facet normal 0.972288 -0.233786 0
    outer loop
      vertex -53.1643 15.7908 0
      vertex -53.2285 15.5238 3
      vertex -53.2285 15.5238 0
    endloop
  endfacet
  facet normal 0.996931 -0.0782835 0
    outer loop
      vertex -53.25 15.25 3
      vertex -53.2285 15.5238 0
      vertex -53.2285 15.5238 3
    endloop
  endfacet
  facet normal 0.996931 -0.0782835 0
    outer loop
      vertex -53.2285 15.5238 0
      vertex -53.25 15.25 3
      vertex -53.25 15.25 0
    endloop
  endfacet
  facet normal -0.99693 0.0782949 0
    outer loop
      vertex -49.7715 -3.52376 0
      vertex -49.75 -3.25 3
      vertex -49.75 -3.25 0
    endloop
  endfacet
  facet normal -0.99693 0.0782949 0
    outer loop
      vertex -49.75 -3.25 3
      vertex -49.7715 -3.52376 0
      vertex -49.7715 -3.52376 3
    endloop
  endfacet
  facet normal -0.0782835 -0.996931 0
    outer loop
      vertex -51.5 17 0
      vertex -51.2262 16.9785 3
      vertex -51.5 17 3
    endloop
  endfacet
  facet normal -0.0782835 -0.996931 -0
    outer loop
      vertex -51.2262 16.9785 3
      vertex -51.5 17 0
      vertex -51.2262 16.9785 0
    endloop
  endfacet
  facet normal -1 0 0
    outer loop
      vertex -49.75 -3.25 0
      vertex -49.75 15.25 3
      vertex -49.75 15.25 0
    endloop
  endfacet
  facet normal -1 -0 0
    outer loop
      vertex -49.75 15.25 3
      vertex -49.75 -3.25 0
      vertex -49.75 -3.25 3
    endloop
  endfacet
  facet normal 0.649465 0.760392 -0
    outer loop
      vertex -52.5286 -4.66577 0
      vertex -52.7374 -4.48743 3
      vertex -52.5286 -4.66577 3
    endloop
  endfacet
  facet normal 0.649465 0.760392 0
    outer loop
      vertex -52.7374 -4.48743 3
      vertex -52.5286 -4.66577 0
      vertex -52.7374 -4.48743 0
    endloop
  endfacet
  facet normal -0.760284 -0.649591 0
    outer loop
      vertex -50.0842 16.2786 0
      vertex -50.2626 16.4874 3
      vertex -50.2626 16.4874 0
    endloop
  endfacet
  facet normal -0.760284 -0.649591 0
    outer loop
      vertex -50.2626 16.4874 3
      vertex -50.0842 16.2786 0
      vertex -50.0842 16.2786 3
    endloop
  endfacet
  facet normal 0.649591 -0.760284 0
    outer loop
      vertex -52.7374 16.4874 0
      vertex -52.5286 16.6658 3
      vertex -52.7374 16.4874 3
    endloop
  endfacet
  facet normal 0.649591 -0.760284 0
    outer loop
      vertex -52.5286 16.6658 3
      vertex -52.7374 16.4874 0
      vertex -52.5286 16.6658 0
    endloop
  endfacet
  facet normal 0.382727 -0.923861 0
    outer loop
      vertex -52.2945 16.8092 0
      vertex -52.0408 16.9143 3
      vertex -52.2945 16.8092 3
    endloop
  endfacet
  facet normal 0.382727 -0.923861 0
    outer loop
      vertex -52.0408 16.9143 3
      vertex -52.2945 16.8092 0
      vertex -52.0408 16.9143 0
    endloop
  endfacet
  facet normal -0.923861 -0.382727 0
    outer loop
      vertex -49.8357 15.7908 0
      vertex -49.9408 16.0445 3
      vertex -49.9408 16.0445 0
    endloop
  endfacet
  facet normal -0.923861 -0.382727 0
    outer loop
      vertex -49.9408 16.0445 3
      vertex -49.8357 15.7908 0
      vertex -49.8357 15.7908 3
    endloop
  endfacet
  facet normal -0.972288 -0.233786 0
    outer loop
      vertex -49.7715 15.5238 0
      vertex -49.8357 15.7908 3
      vertex -49.8357 15.7908 0
    endloop
  endfacet
  facet normal -0.972288 -0.233786 0
    outer loop
      vertex -49.8357 15.7908 3
      vertex -49.7715 15.5238 0
      vertex -49.7715 15.5238 3
    endloop
  endfacet
  facet normal -0.852732 -0.522349 0
    outer loop
      vertex -49.9408 16.0445 0
      vertex -50.0842 16.2786 3
      vertex -50.0842 16.2786 0
    endloop
  endfacet
  facet normal -0.852732 -0.522349 0
    outer loop
      vertex -50.0842 16.2786 3
      vertex -49.9408 16.0445 0
      vertex -49.9408 16.0445 3
    endloop
  endfacet
  facet normal -0.522349 -0.852732 0
    outer loop
      vertex -50.7055 16.8092 0
      vertex -50.4714 16.6658 3
      vertex -50.7055 16.8092 3
    endloop
  endfacet
  facet normal -0.522349 -0.852732 -0
    outer loop
      vertex -50.4714 16.6658 3
      vertex -50.7055 16.8092 0
      vertex -50.4714 16.6658 0
    endloop
  endfacet
  facet normal -0.649591 -0.760284 0
    outer loop
      vertex -50.4714 16.6658 0
      vertex -50.2626 16.4874 3
      vertex -50.4714 16.6658 3
    endloop
  endfacet
  facet normal -0.649591 -0.760284 -0
    outer loop
      vertex -50.2626 16.4874 3
      vertex -50.4714 16.6658 0
      vertex -50.2626 16.4874 0
    endloop
  endfacet
  facet normal 0.852732 -0.522349 0
    outer loop
      vertex -53.0592 16.0445 3
      vertex -52.9158 16.2786 0
      vertex -52.9158 16.2786 3
    endloop
  endfacet
  facet normal 0.852732 -0.522349 0
    outer loop
      vertex -52.9158 16.2786 0
      vertex -53.0592 16.0445 3
      vertex -53.0592 16.0445 0
    endloop
  endfacet
  facet normal 0.760284 -0.649591 0
    outer loop
      vertex -52.9158 16.2786 3
      vertex -52.7374 16.4874 0
      vertex -52.7374 16.4874 3
    endloop
  endfacet
  facet normal 0.760284 -0.649591 0
    outer loop
      vertex -52.7374 16.4874 0
      vertex -52.9158 16.2786 3
      vertex -52.9158 16.2786 0
    endloop
  endfacet
  facet normal 0.923861 -0.382727 0
    outer loop
      vertex -53.1643 15.7908 3
      vertex -53.0592 16.0445 0
      vertex -53.0592 16.0445 3
    endloop
  endfacet
  facet normal 0.923861 -0.382727 0
    outer loop
      vertex -53.0592 16.0445 0
      vertex -53.1643 15.7908 3
      vertex -53.1643 15.7908 0
    endloop
  endfacet
  facet normal 0.522349 -0.852732 0
    outer loop
      vertex -52.5286 16.6658 0
      vertex -52.2945 16.8092 3
      vertex -52.5286 16.6658 3
    endloop
  endfacet
  facet normal 0.522349 -0.852732 0
    outer loop
      vertex -52.2945 16.8092 3
      vertex -52.5286 16.6658 0
      vertex -52.2945 16.8092 0
    endloop
  endfacet
  facet normal 0.0782835 -0.996931 0
    outer loop
      vertex -51.7738 16.9785 0
      vertex -51.5 17 3
      vertex -51.7738 16.9785 3
    endloop
  endfacet
  facet normal 0.0782835 -0.996931 0
    outer loop
      vertex -51.5 17 3
      vertex -51.7738 16.9785 0
      vertex -51.5 17 0
    endloop
  endfacet
  facet normal -0.0784644 0.996917 0
    outer loop
      vertex -51.2262 -4.97845 0
      vertex -51.5 -5 3
      vertex -51.2262 -4.97845 3
    endloop
  endfacet
  facet normal -0.0784644 0.996917 0
    outer loop
      vertex -51.5 -5 3
      vertex -51.2262 -4.97845 0
      vertex -51.5 -5 0
    endloop
  endfacet
  facet normal -0.52256 0.852602 0
    outer loop
      vertex -50.4714 -4.66577 0
      vertex -50.7055 -4.80925 3
      vertex -50.4714 -4.66577 3
    endloop
  endfacet
  facet normal -0.52256 0.852602 0
    outer loop
      vertex -50.7055 -4.80925 3
      vertex -50.4714 -4.66577 0
      vertex -50.7055 -4.80925 0
    endloop
  endfacet
  facet normal -0.760314 0.649555 0
    outer loop
      vertex -50.2626 -4.48743 0
      vertex -50.0842 -4.27861 3
      vertex -50.0842 -4.27861 0
    endloop
  endfacet
  facet normal -0.760314 0.649555 0
    outer loop
      vertex -50.0842 -4.27861 3
      vertex -50.2626 -4.48743 0
      vertex -50.2626 -4.48743 3
    endloop
  endfacet
  facet normal -0.923867 0.382714 0
    outer loop
      vertex -49.9408 -4.04448 0
      vertex -49.8357 -3.79077 3
      vertex -49.8357 -3.79077 0
    endloop
  endfacet
  facet normal -0.923867 0.382714 0
    outer loop
      vertex -49.8357 -3.79077 3
      vertex -49.9408 -4.04448 0
      vertex -49.9408 -4.04448 3
    endloop
  endfacet
  facet normal 0.52256 0.852602 -0
    outer loop
      vertex -52.2945 -4.80925 0
      vertex -52.5286 -4.66577 3
      vertex -52.2945 -4.80925 3
    endloop
  endfacet
  facet normal 0.52256 0.852602 0
    outer loop
      vertex -52.5286 -4.66577 3
      vertex -52.2945 -4.80925 0
      vertex -52.5286 -4.66577 0
    endloop
  endfacet
  facet normal 0.233476 0.972363 -0
    outer loop
      vertex -51.7738 -4.97845 0
      vertex -52.0408 -4.91434 3
      vertex -51.7738 -4.97845 3
    endloop
  endfacet
  facet normal 0.233476 0.972363 0
    outer loop
      vertex -52.0408 -4.91434 3
      vertex -51.7738 -4.97845 0
      vertex -52.0408 -4.91434 0
    endloop
  endfacet
  facet normal 0.760314 0.649555 0
    outer loop
      vertex -52.7374 -4.48743 3
      vertex -52.9158 -4.27861 0
      vertex -52.9158 -4.27861 3
    endloop
  endfacet
  facet normal 0.760314 0.649555 0
    outer loop
      vertex -52.9158 -4.27861 0
      vertex -52.7374 -4.48743 3
      vertex -52.7374 -4.48743 0
    endloop
  endfacet
  facet normal 0.923867 0.382714 0
    outer loop
      vertex -53.0592 -4.04448 3
      vertex -53.1643 -3.79077 0
      vertex -53.1643 -3.79077 3
    endloop
  endfacet
  facet normal 0.923867 0.382714 0
    outer loop
      vertex -53.1643 -3.79077 0
      vertex -53.0592 -4.04448 3
      vertex -53.0592 -4.04448 0
    endloop
  endfacet
  facet normal -0.382727 -0.923861 0
    outer loop
      vertex -50.9592 16.9143 0
      vertex -50.7055 16.8092 3
      vertex -50.9592 16.9143 3
    endloop
  endfacet
  facet normal -0.382727 -0.923861 -0
    outer loop
      vertex -50.7055 16.8092 3
      vertex -50.9592 16.9143 0
      vertex -50.7055 16.8092 0
    endloop
  endfacet
  facet normal -0.233786 -0.972288 0
    outer loop
      vertex -51.2262 16.9785 0
      vertex -50.9592 16.9143 3
      vertex -51.2262 16.9785 3
    endloop
  endfacet
  facet normal -0.233786 -0.972288 -0
    outer loop
      vertex -50.9592 16.9143 3
      vertex -51.2262 16.9785 0
      vertex -50.9592 16.9143 0
    endloop
  endfacet
  facet normal 0.233786 -0.972288 0
    outer loop
      vertex -52.0408 16.9143 0
      vertex -51.7738 16.9785 3
      vertex -52.0408 16.9143 3
    endloop
  endfacet
  facet normal 0.233786 -0.972288 0
    outer loop
      vertex -51.7738 16.9785 3
      vertex -52.0408 16.9143 0
      vertex -51.7738 16.9785 0
    endloop
  endfacet
  facet normal -0.233476 0.972363 0
    outer loop
      vertex -50.9592 -4.91434 0
      vertex -51.2262 -4.97845 3
      vertex -50.9592 -4.91434 3
    endloop
  endfacet
  facet normal -0.233476 0.972363 0
    outer loop
      vertex -51.2262 -4.97845 3
      vertex -50.9592 -4.91434 0
      vertex -51.2262 -4.97845 0
    endloop
  endfacet
  facet normal -0.649465 0.760392 0
    outer loop
      vertex -50.2626 -4.48743 0
      vertex -50.4714 -4.66577 3
      vertex -50.2626 -4.48743 3
    endloop
  endfacet
  facet normal -0.649465 0.760392 0
    outer loop
      vertex -50.4714 -4.66577 3
      vertex -50.2626 -4.48743 0
      vertex -50.4714 -4.66577 0
    endloop
  endfacet
  facet normal -0.852762 0.5223 0
    outer loop
      vertex -50.0842 -4.27861 0
      vertex -49.9408 -4.04448 3
      vertex -49.9408 -4.04448 0
    endloop
  endfacet
  facet normal -0.852762 0.5223 0
    outer loop
      vertex -49.9408 -4.04448 3
      vertex -50.0842 -4.27861 0
      vertex -50.0842 -4.27861 3
    endloop
  endfacet
  facet normal 0.382696 0.923874 -0
    outer loop
      vertex -52.0408 -4.91434 0
      vertex -52.2945 -4.80925 3
      vertex -52.0408 -4.91434 3
    endloop
  endfacet
  facet normal 0.382696 0.923874 0
    outer loop
      vertex -52.2945 -4.80925 3
      vertex -52.0408 -4.91434 0
      vertex -52.2945 -4.80925 0
    endloop
  endfacet
  facet normal 0.0784644 0.996917 -0
    outer loop
      vertex -51.5 -5 0
      vertex -51.7738 -4.97845 3
      vertex -51.5 -5 3
    endloop
  endfacet
  facet normal 0.0784644 0.996917 0
    outer loop
      vertex -51.7738 -4.97845 3
      vertex -51.5 -5 0
      vertex -51.7738 -4.97845 0
    endloop
  endfacet
  facet normal 0.852762 0.5223 0
    outer loop
      vertex -52.9158 -4.27861 3
      vertex -53.0592 -4.04448 0
      vertex -53.0592 -4.04448 3
    endloop
  endfacet
  facet normal 0.852762 0.5223 0
    outer loop
      vertex -53.0592 -4.04448 0
      vertex -52.9158 -4.27861 3
      vertex -52.9158 -4.27861 0
    endloop
  endfacet
  facet normal -0.382696 0.923874 0
    outer loop
      vertex -50.7055 -4.80925 0
      vertex -50.9592 -4.91434 3
      vertex -50.7055 -4.80925 3
    endloop
  endfacet
  facet normal -0.382696 0.923874 0
    outer loop
      vertex -50.9592 -4.91434 3
      vertex -50.7055 -4.80925 0
      vertex -50.9592 -4.91434 0
    endloop
  endfacet
  facet normal 0.97229 0.233778 0
    outer loop
      vertex 62.8357 -3.79077 3
      vertex 62.7715 -3.52376 0
      vertex 62.7715 -3.52376 3
    endloop
  endfacet
  facet normal 0.97229 0.233778 0
    outer loop
      vertex 62.7715 -3.52376 0
      vertex 62.8357 -3.79077 3
      vertex 62.8357 -3.79077 0
    endloop
  endfacet
  facet normal 1 -0 0
    outer loop
      vertex 62.75 -3.25 3
      vertex 62.75 15.25 0
      vertex 62.75 15.25 3
    endloop
  endfacet
  facet normal 1 0 0
    outer loop
      vertex 62.75 15.25 0
      vertex 62.75 -3.25 3
      vertex 62.75 -3.25 0
    endloop
  endfacet
  facet normal -0.996931 -0.0782835 0
    outer loop
      vertex 66.25 15.25 0
      vertex 66.2285 15.5238 3
      vertex 66.2285 15.5238 0
    endloop
  endfacet
  facet normal -0.996931 -0.0782835 0
    outer loop
      vertex 66.2285 15.5238 3
      vertex 66.25 15.25 0
      vertex 66.25 15.25 3
    endloop
  endfacet
  facet normal 0.99693 0.0782949 0
    outer loop
      vertex 62.7715 -3.52376 3
      vertex 62.75 -3.25 0
      vertex 62.75 -3.25 3
    endloop
  endfacet
  facet normal 0.99693 0.0782949 0
    outer loop
      vertex 62.75 -3.25 0
      vertex 62.7715 -3.52376 3
      vertex 62.7715 -3.52376 0
    endloop
  endfacet
  facet normal 0.0782835 -0.996931 0
    outer loop
      vertex 64.2262 16.9785 0
      vertex 64.5 17 3
      vertex 64.2262 16.9785 3
    endloop
  endfacet
  facet normal 0.0782835 -0.996931 0
    outer loop
      vertex 64.5 17 3
      vertex 64.2262 16.9785 0
      vertex 64.5 17 0
    endloop
  endfacet
  facet normal 0.996931 -0.0782835 0
    outer loop
      vertex 62.75 15.25 3
      vertex 62.7715 15.5238 0
      vertex 62.7715 15.5238 3
    endloop
  endfacet
  facet normal 0.996931 -0.0782835 0
    outer loop
      vertex 62.7715 15.5238 0
      vertex 62.75 15.25 3
      vertex 62.75 15.25 0
    endloop
  endfacet
  facet normal -0.99693 0.0782949 0
    outer loop
      vertex 66.2285 -3.52376 0
      vertex 66.25 -3.25 3
      vertex 66.25 -3.25 0
    endloop
  endfacet
  facet normal -0.99693 0.0782949 0
    outer loop
      vertex 66.25 -3.25 3
      vertex 66.2285 -3.52376 0
      vertex 66.2285 -3.52376 3
    endloop
  endfacet
  facet normal -0.649591 -0.760284 0
    outer loop
      vertex 65.5286 16.6658 0
      vertex 65.7374 16.4874 3
      vertex 65.5286 16.6658 3
    endloop
  endfacet
  facet normal -0.649591 -0.760284 -0
    outer loop
      vertex 65.7374 16.4874 3
      vertex 65.5286 16.6658 0
      vertex 65.7374 16.4874 0
    endloop
  endfacet
  facet normal -1 0 0
    outer loop
      vertex 66.25 -3.25 0
      vertex 66.25 15.25 3
      vertex 66.25 15.25 0
    endloop
  endfacet
  facet normal -1 -0 0
    outer loop
      vertex 66.25 15.25 3
      vertex 66.25 -3.25 0
      vertex 66.25 -3.25 3
    endloop
  endfacet
  facet normal 0.649591 -0.760284 0
    outer loop
      vertex 63.2626 16.4874 0
      vertex 63.4714 16.6658 3
      vertex 63.2626 16.4874 3
    endloop
  endfacet
  facet normal 0.649591 -0.760284 0
    outer loop
      vertex 63.4714 16.6658 3
      vertex 63.2626 16.4874 0
      vertex 63.4714 16.6658 0
    endloop
  endfacet
  facet normal 0.852762 0.5223 0
    outer loop
      vertex 63.0842 -4.27861 3
      vertex 62.9408 -4.04448 0
      vertex 62.9408 -4.04448 3
    endloop
  endfacet
  facet normal 0.852762 0.5223 0
    outer loop
      vertex 62.9408 -4.04448 0
      vertex 63.0842 -4.27861 3
      vertex 63.0842 -4.27861 0
    endloop
  endfacet
  facet normal -0.382696 0.923874 0
    outer loop
      vertex 65.2945 -4.80925 0
      vertex 65.0408 -4.91434 3
      vertex 65.2945 -4.80925 3
    endloop
  endfacet
  facet normal -0.382696 0.923874 0
    outer loop
      vertex 65.0408 -4.91434 3
      vertex 65.2945 -4.80925 0
      vertex 65.0408 -4.91434 0
    endloop
  endfacet
  facet normal 0.382727 -0.923861 0
    outer loop
      vertex 63.7055 16.8092 0
      vertex 63.9592 16.9143 3
      vertex 63.7055 16.8092 3
    endloop
  endfacet
  facet normal 0.382727 -0.923861 0
    outer loop
      vertex 63.9592 16.9143 3
      vertex 63.7055 16.8092 0
      vertex 63.9592 16.9143 0
    endloop
  endfacet
  facet normal 0.972288 -0.233786 0
    outer loop
      vertex 62.7715 15.5238 3
      vertex 62.8357 15.7908 0
      vertex 62.8357 15.7908 3
    endloop
  endfacet
  facet normal 0.972288 -0.233786 0
    outer loop
      vertex 62.8357 15.7908 0
      vertex 62.7715 15.5238 3
      vertex 62.7715 15.5238 0
    endloop
  endfacet
  facet normal 0.522349 -0.852732 0
    outer loop
      vertex 63.4714 16.6658 0
      vertex 63.7055 16.8092 3
      vertex 63.4714 16.6658 3
    endloop
  endfacet
  facet normal 0.522349 -0.852732 0
    outer loop
      vertex 63.7055 16.8092 3
      vertex 63.4714 16.6658 0
      vertex 63.7055 16.8092 0
    endloop
  endfacet
  facet normal 0.760284 -0.649591 0
    outer loop
      vertex 63.0842 16.2786 3
      vertex 63.2626 16.4874 0
      vertex 63.2626 16.4874 3
    endloop
  endfacet
  facet normal 0.760284 -0.649591 0
    outer loop
      vertex 63.2626 16.4874 0
      vertex 63.0842 16.2786 3
      vertex 63.0842 16.2786 0
    endloop
  endfacet
  facet normal 0.852732 -0.522349 0
    outer loop
      vertex 62.9408 16.0445 3
      vertex 63.0842 16.2786 0
      vertex 63.0842 16.2786 3
    endloop
  endfacet
  facet normal 0.852732 -0.522349 0
    outer loop
      vertex 63.0842 16.2786 0
      vertex 62.9408 16.0445 3
      vertex 62.9408 16.0445 0
    endloop
  endfacet
  facet normal 0.52256 0.852602 -0
    outer loop
      vertex 63.7055 -4.80925 0
      vertex 63.4714 -4.66577 3
      vertex 63.7055 -4.80925 3
    endloop
  endfacet
  facet normal 0.52256 0.852602 0
    outer loop
      vertex 63.4714 -4.66577 3
      vertex 63.7055 -4.80925 0
      vertex 63.4714 -4.66577 0
    endloop
  endfacet
  facet normal 0.233476 0.972363 -0
    outer loop
      vertex 64.2262 -4.97845 0
      vertex 63.9592 -4.91434 3
      vertex 64.2262 -4.97845 3
    endloop
  endfacet
  facet normal 0.233476 0.972363 0
    outer loop
      vertex 63.9592 -4.91434 3
      vertex 64.2262 -4.97845 0
      vertex 63.9592 -4.91434 0
    endloop
  endfacet
  facet normal 0.760314 0.649555 0
    outer loop
      vertex 63.2626 -4.48743 3
      vertex 63.0842 -4.27861 0
      vertex 63.0842 -4.27861 3
    endloop
  endfacet
  facet normal 0.760314 0.649555 0
    outer loop
      vertex 63.0842 -4.27861 0
      vertex 63.2626 -4.48743 3
      vertex 63.2626 -4.48743 0
    endloop
  endfacet
  facet normal 0.923867 0.382714 0
    outer loop
      vertex 62.9408 -4.04448 3
      vertex 62.8357 -3.79077 0
      vertex 62.8357 -3.79077 3
    endloop
  endfacet
  facet normal 0.923867 0.382714 0
    outer loop
      vertex 62.8357 -3.79077 0
      vertex 62.9408 -4.04448 3
      vertex 62.9408 -4.04448 0
    endloop
  endfacet
  facet normal -0.52256 0.852602 0
    outer loop
      vertex 65.5286 -4.66577 0
      vertex 65.2945 -4.80925 3
      vertex 65.5286 -4.66577 3
    endloop
  endfacet
  facet normal -0.52256 0.852602 0
    outer loop
      vertex 65.2945 -4.80925 3
      vertex 65.5286 -4.66577 0
      vertex 65.2945 -4.80925 0
    endloop
  endfacet
  facet normal -0.0784644 0.996917 0
    outer loop
      vertex 64.7738 -4.97845 0
      vertex 64.5 -5 3
      vertex 64.7738 -4.97845 3
    endloop
  endfacet
  facet normal -0.0784644 0.996917 0
    outer loop
      vertex 64.5 -5 3
      vertex 64.7738 -4.97845 0
      vertex 64.5 -5 0
    endloop
  endfacet
  facet normal -0.923867 0.382714 0
    outer loop
      vertex 66.0592 -4.04448 0
      vertex 66.1643 -3.79077 3
      vertex 66.1643 -3.79077 0
    endloop
  endfacet
  facet normal -0.923867 0.382714 0
    outer loop
      vertex 66.1643 -3.79077 3
      vertex 66.0592 -4.04448 0
      vertex 66.0592 -4.04448 3
    endloop
  endfacet
  facet normal -0.760314 0.649555 0
    outer loop
      vertex 65.7374 -4.48743 0
      vertex 65.9158 -4.27861 3
      vertex 65.9158 -4.27861 0
    endloop
  endfacet
  facet normal -0.760314 0.649555 0
    outer loop
      vertex 65.9158 -4.27861 3
      vertex 65.7374 -4.48743 0
      vertex 65.7374 -4.48743 3
    endloop
  endfacet
  facet normal -0.852732 -0.522349 0
    outer loop
      vertex 66.0592 16.0445 0
      vertex 65.9158 16.2786 3
      vertex 65.9158 16.2786 0
    endloop
  endfacet
  facet normal -0.852732 -0.522349 0
    outer loop
      vertex 65.9158 16.2786 3
      vertex 66.0592 16.0445 0
      vertex 66.0592 16.0445 3
    endloop
  endfacet
  facet normal -0.522349 -0.852732 0
    outer loop
      vertex 65.2945 16.8092 0
      vertex 65.5286 16.6658 3
      vertex 65.2945 16.8092 3
    endloop
  endfacet
  facet normal -0.522349 -0.852732 -0
    outer loop
      vertex 65.5286 16.6658 3
      vertex 65.2945 16.8092 0
      vertex 65.5286 16.6658 0
    endloop
  endfacet
  facet normal -0.0782835 -0.996931 0
    outer loop
      vertex 64.5 17 0
      vertex 64.7738 16.9785 3
      vertex 64.5 17 3
    endloop
  endfacet
  facet normal -0.0782835 -0.996931 -0
    outer loop
      vertex 64.7738 16.9785 3
      vertex 64.5 17 0
      vertex 64.7738 16.9785 0
    endloop
  endfacet
  facet normal 0.233786 -0.972288 0
    outer loop
      vertex 63.9592 16.9143 0
      vertex 64.2262 16.9785 3
      vertex 63.9592 16.9143 3
    endloop
  endfacet
  facet normal 0.233786 -0.972288 0
    outer loop
      vertex 64.2262 16.9785 3
      vertex 63.9592 16.9143 0
      vertex 64.2262 16.9785 0
    endloop
  endfacet
  facet normal 0.923861 -0.382727 0
    outer loop
      vertex 62.8357 15.7908 3
      vertex 62.9408 16.0445 0
      vertex 62.9408 16.0445 3
    endloop
  endfacet
  facet normal 0.923861 -0.382727 0
    outer loop
      vertex 62.9408 16.0445 0
      vertex 62.8357 15.7908 3
      vertex 62.8357 15.7908 0
    endloop
  endfacet
  facet normal 0.382696 0.923874 -0
    outer loop
      vertex 63.9592 -4.91434 0
      vertex 63.7055 -4.80925 3
      vertex 63.9592 -4.91434 3
    endloop
  endfacet
  facet normal 0.382696 0.923874 0
    outer loop
      vertex 63.7055 -4.80925 3
      vertex 63.9592 -4.91434 0
      vertex 63.7055 -4.80925 0
    endloop
  endfacet
  facet normal 0.0784644 0.996917 -0
    outer loop
      vertex 64.5 -5 0
      vertex 64.2262 -4.97845 3
      vertex 64.5 -5 3
    endloop
  endfacet
  facet normal 0.0784644 0.996917 0
    outer loop
      vertex 64.2262 -4.97845 3
      vertex 64.5 -5 0
      vertex 64.2262 -4.97845 0
    endloop
  endfacet
  facet normal 0.649465 0.760392 -0
    outer loop
      vertex 63.4714 -4.66577 0
      vertex 63.2626 -4.48743 3
      vertex 63.4714 -4.66577 3
    endloop
  endfacet
  facet normal 0.649465 0.760392 0
    outer loop
      vertex 63.2626 -4.48743 3
      vertex 63.4714 -4.66577 0
      vertex 63.2626 -4.48743 0
    endloop
  endfacet
  facet normal -0.649465 0.760392 0
    outer loop
      vertex 65.7374 -4.48743 0
      vertex 65.5286 -4.66577 3
      vertex 65.7374 -4.48743 3
    endloop
  endfacet
  facet normal -0.649465 0.760392 0
    outer loop
      vertex 65.5286 -4.66577 3
      vertex 65.7374 -4.48743 0
      vertex 65.5286 -4.66577 0
    endloop
  endfacet
  facet normal -0.233476 0.972363 0
    outer loop
      vertex 65.0408 -4.91434 0
      vertex 64.7738 -4.97845 3
      vertex 65.0408 -4.91434 3
    endloop
  endfacet
  facet normal -0.233476 0.972363 0
    outer loop
      vertex 64.7738 -4.97845 3
      vertex 65.0408 -4.91434 0
      vertex 64.7738 -4.97845 0
    endloop
  endfacet
  facet normal -0.852762 0.5223 0
    outer loop
      vertex 65.9158 -4.27861 0
      vertex 66.0592 -4.04448 3
      vertex 66.0592 -4.04448 0
    endloop
  endfacet
  facet normal -0.852762 0.5223 0
    outer loop
      vertex 66.0592 -4.04448 3
      vertex 65.9158 -4.27861 0
      vertex 65.9158 -4.27861 3
    endloop
  endfacet
  facet normal -0.97229 0.233778 0
    outer loop
      vertex 66.1643 -3.79077 0
      vertex 66.2285 -3.52376 3
      vertex 66.2285 -3.52376 0
    endloop
  endfacet
  facet normal -0.97229 0.233778 0
    outer loop
      vertex 66.2285 -3.52376 3
      vertex 66.1643 -3.79077 0
      vertex 66.1643 -3.79077 3
    endloop
  endfacet
  facet normal -0.760284 -0.649591 0
    outer loop
      vertex 65.9158 16.2786 0
      vertex 65.7374 16.4874 3
      vertex 65.7374 16.4874 0
    endloop
  endfacet
  facet normal -0.760284 -0.649591 0
    outer loop
      vertex 65.7374 16.4874 3
      vertex 65.9158 16.2786 0
      vertex 65.9158 16.2786 3
    endloop
  endfacet
  facet normal -0.923861 -0.382727 0
    outer loop
      vertex 66.1643 15.7908 0
      vertex 66.0592 16.0445 3
      vertex 66.0592 16.0445 0
    endloop
  endfacet
  facet normal -0.923861 -0.382727 0
    outer loop
      vertex 66.0592 16.0445 3
      vertex 66.1643 15.7908 0
      vertex 66.1643 15.7908 3
    endloop
  endfacet
  facet normal -0.233786 -0.972288 0
    outer loop
      vertex 64.7738 16.9785 0
      vertex 65.0408 16.9143 3
      vertex 64.7738 16.9785 3
    endloop
  endfacet
  facet normal -0.233786 -0.972288 -0
    outer loop
      vertex 65.0408 16.9143 3
      vertex 64.7738 16.9785 0
      vertex 65.0408 16.9143 0
    endloop
  endfacet
  facet normal -0.382727 -0.923861 0
    outer loop
      vertex 65.0408 16.9143 0
      vertex 65.2945 16.8092 3
      vertex 65.0408 16.9143 3
    endloop
  endfacet
  facet normal -0.382727 -0.923861 -0
    outer loop
      vertex 65.2945 16.8092 3
      vertex 65.0408 16.9143 0
      vertex 65.2945 16.8092 0
    endloop
  endfacet
  facet normal -0.972288 -0.233786 0
    outer loop
      vertex 66.2285 15.5238 0
      vertex 66.1643 15.7908 3
      vertex 66.1643 15.7908 0
    endloop
  endfacet
  facet normal -0.972288 -0.233786 0
    outer loop
      vertex 66.1643 15.7908 3
      vertex 66.2285 15.5238 0
      vertex 66.2285 15.5238 3
    endloop
  endfacet
  facet normal 0.97229 0.233778 0
    outer loop
      vertex 56.3357 -3.79077 3
      vertex 56.2715 -3.52376 0
      vertex 56.2715 -3.52376 3
    endloop
  endfacet
  facet normal 0.97229 0.233778 0
    outer loop
      vertex 56.2715 -3.52376 0
      vertex 56.3357 -3.79077 3
      vertex 56.3357 -3.79077 0
    endloop
  endfacet
  facet normal 1 -0 0
    outer loop
      vertex 56.25 -3.25 3
      vertex 56.25 15.25 0
      vertex 56.25 15.25 3
    endloop
  endfacet
  facet normal 1 0 0
    outer loop
      vertex 56.25 15.25 0
      vertex 56.25 -3.25 3
      vertex 56.25 -3.25 0
    endloop
  endfacet
  facet normal -0.996931 -0.0782835 0
    outer loop
      vertex 59.75 15.25 0
      vertex 59.7285 15.5238 3
      vertex 59.7285 15.5238 0
    endloop
  endfacet
  facet normal -0.996931 -0.0782835 0
    outer loop
      vertex 59.7285 15.5238 3
      vertex 59.75 15.25 0
      vertex 59.75 15.25 3
    endloop
  endfacet
  facet normal 0.99693 0.0782949 0
    outer loop
      vertex 56.2715 -3.52376 3
      vertex 56.25 -3.25 0
      vertex 56.25 -3.25 3
    endloop
  endfacet
  facet normal 0.99693 0.0782949 0
    outer loop
      vertex 56.25 -3.25 0
      vertex 56.2715 -3.52376 3
      vertex 56.2715 -3.52376 0
    endloop
  endfacet
  facet normal 0.972288 -0.233786 0
    outer loop
      vertex 56.2715 15.5238 3
      vertex 56.3357 15.7908 0
      vertex 56.3357 15.7908 3
    endloop
  endfacet
  facet normal 0.972288 -0.233786 0
    outer loop
      vertex 56.3357 15.7908 0
      vertex 56.2715 15.5238 3
      vertex 56.2715 15.5238 0
    endloop
  endfacet
  facet normal 0.996931 -0.0782835 0
    outer loop
      vertex 56.25 15.25 3
      vertex 56.2715 15.5238 0
      vertex 56.2715 15.5238 3
    endloop
  endfacet
  facet normal 0.996931 -0.0782835 0
    outer loop
      vertex 56.2715 15.5238 0
      vertex 56.25 15.25 3
      vertex 56.25 15.25 0
    endloop
  endfacet
  facet normal -0.99693 0.0782949 0
    outer loop
      vertex 59.7285 -3.52376 0
      vertex 59.75 -3.25 3
      vertex 59.75 -3.25 0
    endloop
  endfacet
  facet normal -0.99693 0.0782949 0
    outer loop
      vertex 59.75 -3.25 3
      vertex 59.7285 -3.52376 0
      vertex 59.7285 -3.52376 3
    endloop
  endfacet
  facet normal -0.0782835 -0.996931 0
    outer loop
      vertex 58 17 0
      vertex 58.2738 16.9785 3
      vertex 58 17 3
    endloop
  endfacet
  facet normal -0.0782835 -0.996931 -0
    outer loop
      vertex 58.2738 16.9785 3
      vertex 58 17 0
      vertex 58.2738 16.9785 0
    endloop
  endfacet
  facet normal -1 0 0
    outer loop
      vertex 59.75 -3.25 0
      vertex 59.75 15.25 3
      vertex 59.75 15.25 0
    endloop
  endfacet
  facet normal -1 -0 0
    outer loop
      vertex 59.75 15.25 3
      vertex 59.75 -3.25 0
      vertex 59.75 -3.25 3
    endloop
  endfacet
  facet normal -0.760284 -0.649591 0
    outer loop
      vertex 59.4158 16.2786 0
      vertex 59.2374 16.4874 3
      vertex 59.2374 16.4874 0
    endloop
  endfacet
  facet normal -0.760284 -0.649591 0
    outer loop
      vertex 59.2374 16.4874 3
      vertex 59.4158 16.2786 0
      vertex 59.4158 16.2786 3
    endloop
  endfacet
  facet normal 0.649591 -0.760284 0
    outer loop
      vertex 56.7626 16.4874 0
      vertex 56.9714 16.6658 3
      vertex 56.7626 16.4874 3
    endloop
  endfacet
  facet normal 0.649591 -0.760284 0
    outer loop
      vertex 56.9714 16.6658 3
      vertex 56.7626 16.4874 0
      vertex 56.9714 16.6658 0
    endloop
  endfacet
  facet normal -0.52256 0.852602 0
    outer loop
      vertex 59.0286 -4.66577 0
      vertex 58.7945 -4.80925 3
      vertex 59.0286 -4.66577 3
    endloop
  endfacet
  facet normal -0.52256 0.852602 0
    outer loop
      vertex 58.7945 -4.80925 3
      vertex 59.0286 -4.66577 0
      vertex 58.7945 -4.80925 0
    endloop
  endfacet
  facet normal -0.97229 0.233778 0
    outer loop
      vertex 59.6643 -3.79077 0
      vertex 59.7285 -3.52376 3
      vertex 59.7285 -3.52376 0
    endloop
  endfacet
  facet normal -0.97229 0.233778 0
    outer loop
      vertex 59.7285 -3.52376 3
      vertex 59.6643 -3.79077 0
      vertex 59.6643 -3.79077 3
    endloop
  endfacet
  facet normal 0.0784644 0.996917 -0
    outer loop
      vertex 58 -5 0
      vertex 57.7262 -4.97845 3
      vertex 58 -5 3
    endloop
  endfacet
  facet normal 0.0784644 0.996917 0
    outer loop
      vertex 57.7262 -4.97845 3
      vertex 58 -5 0
      vertex 57.7262 -4.97845 0
    endloop
  endfacet
  facet normal 0.649465 0.760392 -0
    outer loop
      vertex 56.9714 -4.66577 0
      vertex 56.7626 -4.48743 3
      vertex 56.9714 -4.66577 3
    endloop
  endfacet
  facet normal 0.649465 0.760392 0
    outer loop
      vertex 56.7626 -4.48743 3
      vertex 56.9714 -4.66577 0
      vertex 56.7626 -4.48743 0
    endloop
  endfacet
  facet normal -0.923861 -0.382727 0
    outer loop
      vertex 59.6643 15.7908 0
      vertex 59.5592 16.0445 3
      vertex 59.5592 16.0445 0
    endloop
  endfacet
  facet normal -0.923861 -0.382727 0
    outer loop
      vertex 59.5592 16.0445 3
      vertex 59.6643 15.7908 0
      vertex 59.6643 15.7908 3
    endloop
  endfacet
  facet normal -0.972288 -0.233786 0
    outer loop
      vertex 59.7285 15.5238 0
      vertex 59.6643 15.7908 3
      vertex 59.6643 15.7908 0
    endloop
  endfacet
  facet normal -0.972288 -0.233786 0
    outer loop
      vertex 59.6643 15.7908 3
      vertex 59.7285 15.5238 0
      vertex 59.7285 15.5238 3
    endloop
  endfacet
  facet normal -0.852732 -0.522349 0
    outer loop
      vertex 59.5592 16.0445 0
      vertex 59.4158 16.2786 3
      vertex 59.4158 16.2786 0
    endloop
  endfacet
  facet normal -0.852732 -0.522349 0
    outer loop
      vertex 59.4158 16.2786 3
      vertex 59.5592 16.0445 0
      vertex 59.5592 16.0445 3
    endloop
  endfacet
  facet normal -0.522349 -0.852732 0
    outer loop
      vertex 58.7945 16.8092 0
      vertex 59.0286 16.6658 3
      vertex 58.7945 16.8092 3
    endloop
  endfacet
  facet normal -0.522349 -0.852732 -0
    outer loop
      vertex 59.0286 16.6658 3
      vertex 58.7945 16.8092 0
      vertex 59.0286 16.6658 0
    endloop
  endfacet
  facet normal -0.233786 -0.972288 0
    outer loop
      vertex 58.2738 16.9785 0
      vertex 58.5408 16.9143 3
      vertex 58.2738 16.9785 3
    endloop
  endfacet
  facet normal -0.233786 -0.972288 -0
    outer loop
      vertex 58.5408 16.9143 3
      vertex 58.2738 16.9785 0
      vertex 58.5408 16.9143 0
    endloop
  endfacet
  facet normal -0.649591 -0.760284 0
    outer loop
      vertex 59.0286 16.6658 0
      vertex 59.2374 16.4874 3
      vertex 59.0286 16.6658 3
    endloop
  endfacet
  facet normal -0.649591 -0.760284 -0
    outer loop
      vertex 59.2374 16.4874 3
      vertex 59.0286 16.6658 0
      vertex 59.2374 16.4874 0
    endloop
  endfacet
  facet normal 0.852732 -0.522349 0
    outer loop
      vertex 56.4408 16.0445 3
      vertex 56.5842 16.2786 0
      vertex 56.5842 16.2786 3
    endloop
  endfacet
  facet normal 0.852732 -0.522349 0
    outer loop
      vertex 56.5842 16.2786 0
      vertex 56.4408 16.0445 3
      vertex 56.4408 16.0445 0
    endloop
  endfacet
  facet normal 0.0782835 -0.996931 0
    outer loop
      vertex 57.7262 16.9785 0
      vertex 58 17 3
      vertex 57.7262 16.9785 3
    endloop
  endfacet
  facet normal 0.0782835 -0.996931 0
    outer loop
      vertex 58 17 3
      vertex 57.7262 16.9785 0
      vertex 58 17 0
    endloop
  endfacet
  facet normal -0.852762 0.5223 0
    outer loop
      vertex 59.4158 -4.27861 0
      vertex 59.5592 -4.04448 3
      vertex 59.5592 -4.04448 0
    endloop
  endfacet
  facet normal -0.852762 0.5223 0
    outer loop
      vertex 59.5592 -4.04448 3
      vertex 59.4158 -4.27861 0
      vertex 59.4158 -4.27861 3
    endloop
  endfacet
  facet normal -0.0784644 0.996917 0
    outer loop
      vertex 58.2738 -4.97845 0
      vertex 58 -5 3
      vertex 58.2738 -4.97845 3
    endloop
  endfacet
  facet normal -0.0784644 0.996917 0
    outer loop
      vertex 58 -5 3
      vertex 58.2738 -4.97845 0
      vertex 58 -5 0
    endloop
  endfacet
  facet normal -0.760314 0.649555 0
    outer loop
      vertex 59.2374 -4.48743 0
      vertex 59.4158 -4.27861 3
      vertex 59.4158 -4.27861 0
    endloop
  endfacet
  facet normal -0.760314 0.649555 0
    outer loop
      vertex 59.4158 -4.27861 3
      vertex 59.2374 -4.48743 0
      vertex 59.2374 -4.48743 3
    endloop
  endfacet
  facet normal -0.923867 0.382714 0
    outer loop
      vertex 59.5592 -4.04448 0
      vertex 59.6643 -3.79077 3
      vertex 59.6643 -3.79077 0
    endloop
  endfacet
  facet normal -0.923867 0.382714 0
    outer loop
      vertex 59.6643 -3.79077 3
      vertex 59.5592 -4.04448 0
      vertex 59.5592 -4.04448 3
    endloop
  endfacet
  facet normal 0.382696 0.923874 -0
    outer loop
      vertex 57.4592 -4.91434 0
      vertex 57.2055 -4.80925 3
      vertex 57.4592 -4.91434 3
    endloop
  endfacet
  facet normal 0.382696 0.923874 0
    outer loop
      vertex 57.2055 -4.80925 3
      vertex 57.4592 -4.91434 0
      vertex 57.2055 -4.80925 0
    endloop
  endfacet
  facet normal 0.52256 0.852602 -0
    outer loop
      vertex 57.2055 -4.80925 0
      vertex 56.9714 -4.66577 3
      vertex 57.2055 -4.80925 3
    endloop
  endfacet
  facet normal 0.52256 0.852602 0
    outer loop
      vertex 56.9714 -4.66577 3
      vertex 57.2055 -4.80925 0
      vertex 56.9714 -4.66577 0
    endloop
  endfacet
  facet normal 0.233476 0.972363 -0
    outer loop
      vertex 57.7262 -4.97845 0
      vertex 57.4592 -4.91434 3
      vertex 57.7262 -4.97845 3
    endloop
  endfacet
  facet normal 0.233476 0.972363 0
    outer loop
      vertex 57.4592 -4.91434 3
      vertex 57.7262 -4.97845 0
      vertex 57.4592 -4.91434 0
    endloop
  endfacet
  facet normal 0.923867 0.382714 0
    outer loop
      vertex 56.4408 -4.04448 3
      vertex 56.3357 -3.79077 0
      vertex 56.3357 -3.79077 3
    endloop
  endfacet
  facet normal 0.923867 0.382714 0
    outer loop
      vertex 56.3357 -3.79077 0
      vertex 56.4408 -4.04448 3
      vertex 56.4408 -4.04448 0
    endloop
  endfacet
  facet normal 0.760314 0.649555 0
    outer loop
      vertex 56.7626 -4.48743 3
      vertex 56.5842 -4.27861 0
      vertex 56.5842 -4.27861 3
    endloop
  endfacet
  facet normal 0.760314 0.649555 0
    outer loop
      vertex 56.5842 -4.27861 0
      vertex 56.7626 -4.48743 3
      vertex 56.7626 -4.48743 0
    endloop
  endfacet
  facet normal -0.382727 -0.923861 0
    outer loop
      vertex 58.5408 16.9143 0
      vertex 58.7945 16.8092 3
      vertex 58.5408 16.9143 3
    endloop
  endfacet
  facet normal -0.382727 -0.923861 -0
    outer loop
      vertex 58.7945 16.8092 3
      vertex 58.5408 16.9143 0
      vertex 58.7945 16.8092 0
    endloop
  endfacet
  facet normal 0.923861 -0.382727 0
    outer loop
      vertex 56.3357 15.7908 3
      vertex 56.4408 16.0445 0
      vertex 56.4408 16.0445 3
    endloop
  endfacet
  facet normal 0.923861 -0.382727 0
    outer loop
      vertex 56.4408 16.0445 0
      vertex 56.3357 15.7908 3
      vertex 56.3357 15.7908 0
    endloop
  endfacet
  facet normal 0.760284 -0.649591 0
    outer loop
      vertex 56.5842 16.2786 3
      vertex 56.7626 16.4874 0
      vertex 56.7626 16.4874 3
    endloop
  endfacet
  facet normal 0.760284 -0.649591 0
    outer loop
      vertex 56.7626 16.4874 0
      vertex 56.5842 16.2786 3
      vertex 56.5842 16.2786 0
    endloop
  endfacet
  facet normal 0.522349 -0.852732 0
    outer loop
      vertex 56.9714 16.6658 0
      vertex 57.2055 16.8092 3
      vertex 56.9714 16.6658 3
    endloop
  endfacet
  facet normal 0.522349 -0.852732 0
    outer loop
      vertex 57.2055 16.8092 3
      vertex 56.9714 16.6658 0
      vertex 57.2055 16.8092 0
    endloop
  endfacet
  facet normal 0.233786 -0.972288 0
    outer loop
      vertex 57.4592 16.9143 0
      vertex 57.7262 16.9785 3
      vertex 57.4592 16.9143 3
    endloop
  endfacet
  facet normal 0.233786 -0.972288 0
    outer loop
      vertex 57.7262 16.9785 3
      vertex 57.4592 16.9143 0
      vertex 57.7262 16.9785 0
    endloop
  endfacet
  facet normal 0.382727 -0.923861 0
    outer loop
      vertex 57.2055 16.8092 0
      vertex 57.4592 16.9143 3
      vertex 57.2055 16.8092 3
    endloop
  endfacet
  facet normal 0.382727 -0.923861 0
    outer loop
      vertex 57.4592 16.9143 3
      vertex 57.2055 16.8092 0
      vertex 57.4592 16.9143 0
    endloop
  endfacet
  facet normal -0.233476 0.972363 0
    outer loop
      vertex 58.5408 -4.91434 0
      vertex 58.2738 -4.97845 3
      vertex 58.5408 -4.91434 3
    endloop
  endfacet
  facet normal -0.233476 0.972363 0
    outer loop
      vertex 58.2738 -4.97845 3
      vertex 58.5408 -4.91434 0
      vertex 58.2738 -4.97845 0
    endloop
  endfacet
  facet normal -0.649465 0.760392 0
    outer loop
      vertex 59.2374 -4.48743 0
      vertex 59.0286 -4.66577 3
      vertex 59.2374 -4.48743 3
    endloop
  endfacet
  facet normal -0.649465 0.760392 0
    outer loop
      vertex 59.0286 -4.66577 3
      vertex 59.2374 -4.48743 0
      vertex 59.0286 -4.66577 0
    endloop
  endfacet
  facet normal 0.852762 0.5223 0
    outer loop
      vertex 56.5842 -4.27861 3
      vertex 56.4408 -4.04448 0
      vertex 56.4408 -4.04448 3
    endloop
  endfacet
  facet normal 0.852762 0.5223 0
    outer loop
      vertex 56.4408 -4.04448 0
      vertex 56.5842 -4.27861 3
      vertex 56.5842 -4.27861 0
    endloop
  endfacet
  facet normal -0.382696 0.923874 0
    outer loop
      vertex 58.7945 -4.80925 0
      vertex 58.5408 -4.91434 3
      vertex 58.7945 -4.80925 3
    endloop
  endfacet
  facet normal -0.382696 0.923874 0
    outer loop
      vertex 58.5408 -4.91434 3
      vertex 58.7945 -4.80925 0
      vertex 58.5408 -4.91434 0
    endloop
  endfacet
  facet normal 0.97229 0.233778 0
    outer loop
      vertex 49.8357 -3.79077 3
      vertex 49.7715 -3.52376 0
      vertex 49.7715 -3.52376 3
    endloop
  endfacet
  facet normal 0.97229 0.233778 0
    outer loop
      vertex 49.7715 -3.52376 0
      vertex 49.8357 -3.79077 3
      vertex 49.8357 -3.79077 0
    endloop
  endfacet
  facet normal 1 -0 0
    outer loop
      vertex 49.75 -3.25 3
      vertex 49.75 15.25 0
      vertex 49.75 15.25 3
    endloop
  endfacet
  facet normal 1 0 0
    outer loop
      vertex 49.75 15.25 0
      vertex 49.75 -3.25 3
      vertex 49.75 -3.25 0
    endloop
  endfacet
  facet normal -0.996931 -0.0782835 0
    outer loop
      vertex 53.25 15.25 0
      vertex 53.2285 15.5238 3
      vertex 53.2285 15.5238 0
    endloop
  endfacet
  facet normal -0.996931 -0.0782835 0
    outer loop
      vertex 53.2285 15.5238 3
      vertex 53.25 15.25 0
      vertex 53.25 15.25 3
    endloop
  endfacet
  facet normal 0.99693 0.0782949 0
    outer loop
      vertex 49.7715 -3.52376 3
      vertex 49.75 -3.25 0
      vertex 49.75 -3.25 3
    endloop
  endfacet
  facet normal 0.99693 0.0782949 0
    outer loop
      vertex 49.75 -3.25 0
      vertex 49.7715 -3.52376 3
      vertex 49.7715 -3.52376 0
    endloop
  endfacet
  facet normal 0.972288 -0.233786 0
    outer loop
      vertex 49.7715 15.5238 3
      vertex 49.8357 15.7908 0
      vertex 49.8357 15.7908 3
    endloop
  endfacet
  facet normal 0.972288 -0.233786 0
    outer loop
      vertex 49.8357 15.7908 0
      vertex 49.7715 15.5238 3
      vertex 49.7715 15.5238 0
    endloop
  endfacet
  facet normal 0.996931 -0.0782835 0
    outer loop
      vertex 49.75 15.25 3
      vertex 49.7715 15.5238 0
      vertex 49.7715 15.5238 3
    endloop
  endfacet
  facet normal 0.996931 -0.0782835 0
    outer loop
      vertex 49.7715 15.5238 0
      vertex 49.75 15.25 3
      vertex 49.75 15.25 0
    endloop
  endfacet
  facet normal -0.99693 0.0782949 0
    outer loop
      vertex 53.2285 -3.52376 0
      vertex 53.25 -3.25 3
      vertex 53.25 -3.25 0
    endloop
  endfacet
  facet normal -0.99693 0.0782949 0
    outer loop
      vertex 53.25 -3.25 3
      vertex 53.2285 -3.52376 0
      vertex 53.2285 -3.52376 3
    endloop
  endfacet
  facet normal -0.0782835 -0.996931 0
    outer loop
      vertex 51.5 17 0
      vertex 51.7738 16.9785 3
      vertex 51.5 17 3
    endloop
  endfacet
  facet normal -0.0782835 -0.996931 -0
    outer loop
      vertex 51.7738 16.9785 3
      vertex 51.5 17 0
      vertex 51.7738 16.9785 0
    endloop
  endfacet
  facet normal -1 0 0
    outer loop
      vertex 53.25 -3.25 0
      vertex 53.25 15.25 3
      vertex 53.25 15.25 0
    endloop
  endfacet
  facet normal -1 -0 0
    outer loop
      vertex 53.25 15.25 3
      vertex 53.25 -3.25 0
      vertex 53.25 -3.25 3
    endloop
  endfacet
  facet normal -0.760284 -0.649591 0
    outer loop
      vertex 52.9158 16.2786 0
      vertex 52.7374 16.4874 3
      vertex 52.7374 16.4874 0
    endloop
  endfacet
  facet normal -0.760284 -0.649591 0
    outer loop
      vertex 52.7374 16.4874 3
      vertex 52.9158 16.2786 0
      vertex 52.9158 16.2786 3
    endloop
  endfacet
  facet normal 0.649591 -0.760284 0
    outer loop
      vertex 50.2626 16.4874 0
      vertex 50.4714 16.6658 3
      vertex 50.2626 16.4874 3
    endloop
  endfacet
  facet normal 0.649591 -0.760284 0
    outer loop
      vertex 50.4714 16.6658 3
      vertex 50.2626 16.4874 0
      vertex 50.4714 16.6658 0
    endloop
  endfacet
  facet normal -0.52256 0.852602 0
    outer loop
      vertex 52.5286 -4.66577 0
      vertex 52.2945 -4.80925 3
      vertex 52.5286 -4.66577 3
    endloop
  endfacet
  facet normal -0.52256 0.852602 0
    outer loop
      vertex 52.2945 -4.80925 3
      vertex 52.5286 -4.66577 0
      vertex 52.2945 -4.80925 0
    endloop
  endfacet
  facet normal -0.97229 0.233778 0
    outer loop
      vertex 53.1643 -3.79077 0
      vertex 53.2285 -3.52376 3
      vertex 53.2285 -3.52376 0
    endloop
  endfacet
  facet normal -0.97229 0.233778 0
    outer loop
      vertex 53.2285 -3.52376 3
      vertex 53.1643 -3.79077 0
      vertex 53.1643 -3.79077 3
    endloop
  endfacet
  facet normal 0.0784644 0.996917 -0
    outer loop
      vertex 51.5 -5 0
      vertex 51.2262 -4.97845 3
      vertex 51.5 -5 3
    endloop
  endfacet
  facet normal 0.0784644 0.996917 0
    outer loop
      vertex 51.2262 -4.97845 3
      vertex 51.5 -5 0
      vertex 51.2262 -4.97845 0
    endloop
  endfacet
  facet normal -0.923861 -0.382727 0
    outer loop
      vertex 53.1643 15.7908 0
      vertex 53.0592 16.0445 3
      vertex 53.0592 16.0445 0
    endloop
  endfacet
  facet normal -0.923861 -0.382727 0
    outer loop
      vertex 53.0592 16.0445 3
      vertex 53.1643 15.7908 0
      vertex 53.1643 15.7908 3
    endloop
  endfacet
  facet normal -0.972288 -0.233786 0
    outer loop
      vertex 53.2285 15.5238 0
      vertex 53.1643 15.7908 3
      vertex 53.1643 15.7908 0
    endloop
  endfacet
  facet normal -0.972288 -0.233786 0
    outer loop
      vertex 53.1643 15.7908 3
      vertex 53.2285 15.5238 0
      vertex 53.2285 15.5238 3
    endloop
  endfacet
  facet normal -0.852732 -0.522349 0
    outer loop
      vertex 53.0592 16.0445 0
      vertex 52.9158 16.2786 3
      vertex 52.9158 16.2786 0
    endloop
  endfacet
  facet normal -0.852732 -0.522349 0
    outer loop
      vertex 52.9158 16.2786 3
      vertex 53.0592 16.0445 0
      vertex 53.0592 16.0445 3
    endloop
  endfacet
  facet normal -0.522349 -0.852732 0
    outer loop
      vertex 52.2945 16.8092 0
      vertex 52.5286 16.6658 3
      vertex 52.2945 16.8092 3
    endloop
  endfacet
  facet normal -0.522349 -0.852732 -0
    outer loop
      vertex 52.5286 16.6658 3
      vertex 52.2945 16.8092 0
      vertex 52.5286 16.6658 0
    endloop
  endfacet
  facet normal -0.233786 -0.972288 0
    outer loop
      vertex 51.7738 16.9785 0
      vertex 52.0408 16.9143 3
      vertex 51.7738 16.9785 3
    endloop
  endfacet
  facet normal -0.233786 -0.972288 -0
    outer loop
      vertex 52.0408 16.9143 3
      vertex 51.7738 16.9785 0
      vertex 52.0408 16.9143 0
    endloop
  endfacet
  facet normal -0.649591 -0.760284 0
    outer loop
      vertex 52.5286 16.6658 0
      vertex 52.7374 16.4874 3
      vertex 52.5286 16.6658 3
    endloop
  endfacet
  facet normal -0.649591 -0.760284 -0
    outer loop
      vertex 52.7374 16.4874 3
      vertex 52.5286 16.6658 0
      vertex 52.7374 16.4874 0
    endloop
  endfacet
  facet normal 0.852732 -0.522349 0
    outer loop
      vertex 49.9408 16.0445 3
      vertex 50.0842 16.2786 0
      vertex 50.0842 16.2786 3
    endloop
  endfacet
  facet normal 0.852732 -0.522349 0
    outer loop
      vertex 50.0842 16.2786 0
      vertex 49.9408 16.0445 3
      vertex 49.9408 16.0445 0
    endloop
  endfacet
  facet normal 0.923861 -0.382727 0
    outer loop
      vertex 49.8357 15.7908 3
      vertex 49.9408 16.0445 0
      vertex 49.9408 16.0445 3
    endloop
  endfacet
  facet normal 0.923861 -0.382727 0
    outer loop
      vertex 49.9408 16.0445 0
      vertex 49.8357 15.7908 3
      vertex 49.8357 15.7908 0
    endloop
  endfacet
  facet normal 0.522349 -0.852732 0
    outer loop
      vertex 50.4714 16.6658 0
      vertex 50.7055 16.8092 3
      vertex 50.4714 16.6658 3
    endloop
  endfacet
  facet normal 0.522349 -0.852732 0
    outer loop
      vertex 50.7055 16.8092 3
      vertex 50.4714 16.6658 0
      vertex 50.7055 16.8092 0
    endloop
  endfacet
  facet normal 0.0782835 -0.996931 0
    outer loop
      vertex 51.2262 16.9785 0
      vertex 51.5 17 3
      vertex 51.2262 16.9785 3
    endloop
  endfacet
  facet normal 0.0782835 -0.996931 0
    outer loop
      vertex 51.5 17 3
      vertex 51.2262 16.9785 0
      vertex 51.5 17 0
    endloop
  endfacet
  facet normal -0.852762 0.5223 0
    outer loop
      vertex 52.9158 -4.27861 0
      vertex 53.0592 -4.04448 3
      vertex 53.0592 -4.04448 0
    endloop
  endfacet
  facet normal -0.852762 0.5223 0
    outer loop
      vertex 53.0592 -4.04448 3
      vertex 52.9158 -4.27861 0
      vertex 52.9158 -4.27861 3
    endloop
  endfacet
  facet normal -0.0784644 0.996917 0
    outer loop
      vertex 51.7738 -4.97845 0
      vertex 51.5 -5 3
      vertex 51.7738 -4.97845 3
    endloop
  endfacet
  facet normal -0.0784644 0.996917 0
    outer loop
      vertex 51.5 -5 3
      vertex 51.7738 -4.97845 0
      vertex 51.5 -5 0
    endloop
  endfacet
  facet normal -0.760314 0.649555 0
    outer loop
      vertex 52.7374 -4.48743 0
      vertex 52.9158 -4.27861 3
      vertex 52.9158 -4.27861 0
    endloop
  endfacet
  facet normal -0.760314 0.649555 0
    outer loop
      vertex 52.9158 -4.27861 3
      vertex 52.7374 -4.48743 0
      vertex 52.7374 -4.48743 3
    endloop
  endfacet
  facet normal -0.923867 0.382714 0
    outer loop
      vertex 53.0592 -4.04448 0
      vertex 53.1643 -3.79077 3
      vertex 53.1643 -3.79077 0
    endloop
  endfacet
  facet normal -0.923867 0.382714 0
    outer loop
      vertex 53.1643 -3.79077 3
      vertex 53.0592 -4.04448 0
      vertex 53.0592 -4.04448 3
    endloop
  endfacet
  facet normal 0.382696 0.923874 -0
    outer loop
      vertex 50.9592 -4.91434 0
      vertex 50.7055 -4.80925 3
      vertex 50.9592 -4.91434 3
    endloop
  endfacet
  facet normal 0.382696 0.923874 0
    outer loop
      vertex 50.7055 -4.80925 3
      vertex 50.9592 -4.91434 0
      vertex 50.7055 -4.80925 0
    endloop
  endfacet
  facet normal 0.52256 0.852602 -0
    outer loop
      vertex 50.7055 -4.80925 0
      vertex 50.4714 -4.66577 3
      vertex 50.7055 -4.80925 3
    endloop
  endfacet
  facet normal 0.52256 0.852602 0
    outer loop
      vertex 50.4714 -4.66577 3
      vertex 50.7055 -4.80925 0
      vertex 50.4714 -4.66577 0
    endloop
  endfacet
  facet normal 0.233476 0.972363 -0
    outer loop
      vertex 51.2262 -4.97845 0
      vertex 50.9592 -4.91434 3
      vertex 51.2262 -4.97845 3
    endloop
  endfacet
  facet normal 0.233476 0.972363 0
    outer loop
      vertex 50.9592 -4.91434 3
      vertex 51.2262 -4.97845 0
      vertex 50.9592 -4.91434 0
    endloop
  endfacet
  facet normal 0.760314 0.649555 0
    outer loop
      vertex 50.2626 -4.48743 3
      vertex 50.0842 -4.27861 0
      vertex 50.0842 -4.27861 3
    endloop
  endfacet
  facet normal 0.760314 0.649555 0
    outer loop
      vertex 50.0842 -4.27861 0
      vertex 50.2626 -4.48743 3
      vertex 50.2626 -4.48743 0
    endloop
  endfacet
  facet normal 0.649465 0.760392 -0
    outer loop
      vertex 50.4714 -4.66577 0
      vertex 50.2626 -4.48743 3
      vertex 50.4714 -4.66577 3
    endloop
  endfacet
  facet normal 0.649465 0.760392 0
    outer loop
      vertex 50.2626 -4.48743 3
      vertex 50.4714 -4.66577 0
      vertex 50.2626 -4.48743 0
    endloop
  endfacet
  facet normal 0.923867 0.382714 0
    outer loop
      vertex 49.9408 -4.04448 3
      vertex 49.8357 -3.79077 0
      vertex 49.8357 -3.79077 3
    endloop
  endfacet
  facet normal 0.923867 0.382714 0
    outer loop
      vertex 49.8357 -3.79077 0
      vertex 49.9408 -4.04448 3
      vertex 49.9408 -4.04448 0
    endloop
  endfacet
  facet normal 0.760284 -0.649591 0
    outer loop
      vertex 50.0842 16.2786 3
      vertex 50.2626 16.4874 0
      vertex 50.2626 16.4874 3
    endloop
  endfacet
  facet normal 0.760284 -0.649591 0
    outer loop
      vertex 50.2626 16.4874 0
      vertex 50.0842 16.2786 3
      vertex 50.0842 16.2786 0
    endloop
  endfacet
  facet normal 0.382727 -0.923861 0
    outer loop
      vertex 50.7055 16.8092 0
      vertex 50.9592 16.9143 3
      vertex 50.7055 16.8092 3
    endloop
  endfacet
  facet normal 0.382727 -0.923861 0
    outer loop
      vertex 50.9592 16.9143 3
      vertex 50.7055 16.8092 0
      vertex 50.9592 16.9143 0
    endloop
  endfacet
  facet normal 0.233786 -0.972288 0
    outer loop
      vertex 50.9592 16.9143 0
      vertex 51.2262 16.9785 3
      vertex 50.9592 16.9143 3
    endloop
  endfacet
  facet normal 0.233786 -0.972288 0
    outer loop
      vertex 51.2262 16.9785 3
      vertex 50.9592 16.9143 0
      vertex 51.2262 16.9785 0
    endloop
  endfacet
  facet normal -0.233476 0.972363 0
    outer loop
      vertex 52.0408 -4.91434 0
      vertex 51.7738 -4.97845 3
      vertex 52.0408 -4.91434 3
    endloop
  endfacet
  facet normal -0.233476 0.972363 0
    outer loop
      vertex 51.7738 -4.97845 3
      vertex 52.0408 -4.91434 0
      vertex 51.7738 -4.97845 0
    endloop
  endfacet
  facet normal -0.649465 0.760392 0
    outer loop
      vertex 52.7374 -4.48743 0
      vertex 52.5286 -4.66577 3
      vertex 52.7374 -4.48743 3
    endloop
  endfacet
  facet normal -0.649465 0.760392 0
    outer loop
      vertex 52.5286 -4.66577 3
      vertex 52.7374 -4.48743 0
      vertex 52.5286 -4.66577 0
    endloop
  endfacet
  facet normal 0.852762 0.5223 0
    outer loop
      vertex 50.0842 -4.27861 3
      vertex 49.9408 -4.04448 0
      vertex 49.9408 -4.04448 3
    endloop
  endfacet
  facet normal 0.852762 0.5223 0
    outer loop
      vertex 49.9408 -4.04448 0
      vertex 50.0842 -4.27861 3
      vertex 50.0842 -4.27861 0
    endloop
  endfacet
  facet normal -0.382727 -0.923861 0
    outer loop
      vertex 52.0408 16.9143 0
      vertex 52.2945 16.8092 3
      vertex 52.0408 16.9143 3
    endloop
  endfacet
  facet normal -0.382727 -0.923861 -0
    outer loop
      vertex 52.2945 16.8092 3
      vertex 52.0408 16.9143 0
      vertex 52.2945 16.8092 0
    endloop
  endfacet
  facet normal -0.382696 0.923874 0
    outer loop
      vertex 52.2945 -4.80925 0
      vertex 52.0408 -4.91434 3
      vertex 52.2945 -4.80925 3
    endloop
  endfacet
  facet normal -0.382696 0.923874 0
    outer loop
      vertex 52.0408 -4.91434 3
      vertex 52.2945 -4.80925 0
      vertex 52.0408 -4.91434 0
    endloop
  endfacet
  facet normal 0 0 1
    outer loop
      vertex 19.6098 15.8756 4.5
      vertex 17.919 15.691 4.5
      vertex 18.4671 15.6575 4.5
    endloop
  endfacet
  facet normal 0 0 1
    outer loop
      vertex 15.9539 25.3696 4.5
      vertex 19.4982 28.1939 4.5
      vertex 16.5437 28.7149 4.5
    endloop
  endfacet
  facet normal 0 0 1
    outer loop
      vertex 19.4982 28.1939 4.5
      vertex 15.9539 25.3696 4.5
      vertex 18.6987 23.66 4.5
    endloop
  endfacet
  facet normal -0 0 1
    outer loop
      vertex 13.1335 24.3041 4.5
      vertex 18.6987 23.66 4.5
      vertex 15.9539 25.3696 4.5
    endloop
  endfacet
  facet normal 0 0 1
    outer loop
      vertex 18.6987 23.66 4.5
      vertex 15.8169 15.9864 4.5
      vertex 17.919 15.691 4.5
    endloop
  endfacet
  facet normal -0 0 1
    outer loop
      vertex 12.2746 27.5095 4.5
      vertex 15.9539 25.3696 4.5
      vertex 15.1724 28.286 4.5
    endloop
  endfacet
  facet normal 0 0 1
    outer loop
      vertex 18.6987 23.66 4.5
      vertex 13.1335 24.3041 4.5
      vertex 15.8169 15.9864 4.5
    endloop
  endfacet
  facet normal -0 0 1
    outer loop
      vertex 10.0249 20.5967 4.5
      vertex 15.8169 15.9864 4.5
      vertex 13.1335 24.3041 4.5
    endloop
  endfacet
  facet normal 0 0 1
    outer loop
      vertex 8.81091 -8 4.5
      vertex 15 -3 4.5
      vertex 15 -0.820633 4.5
    endloop
  endfacet
  facet normal 0 0 1
    outer loop
      vertex 15.8169 15.9864 4.5
      vertex 9.76086 6 4.5
      vertex 15.7761 -0.65567 4.5
    endloop
  endfacet
  facet normal 0 0 1
    outer loop
      vertex 15.7761 -0.65567 4.5
      vertex 9.76086 6 4.5
      vertex 15 -0.820633 4.5
    endloop
  endfacet
  facet normal 0 0 1
    outer loop
      vertex 8.81091 -8 4.5
      vertex 15 -0.820633 4.5
      vertex 9.76086 6 4.5
    endloop
  endfacet
  facet normal 0 -0 1
    outer loop
      vertex 10 -8 4.5
      vertex 15 -3 4.5
      vertex 8.81091 -8 4.5
    endloop
  endfacet
  facet normal 0 0 1
    outer loop
      vertex 15 -3 4.5
      vertex 10 -8 4.5
      vertex 14.9384 -3.78217 4.5
    endloop
  endfacet
  facet normal 0 0 1
    outer loop
      vertex 14.9384 -3.78217 4.5
      vertex 10 -8 4.5
      vertex 14.7553 -4.54507 4.5
    endloop
  endfacet
  facet normal 0 0 1
    outer loop
      vertex 15.9539 25.3696 4.5
      vertex 12.2746 27.5095 4.5
      vertex 13.1335 24.3041 4.5
    endloop
  endfacet
  facet normal 0 0 1
    outer loop
      vertex 22.5 21 4.5
      vertex 25 18.5 4.5
      vertex 24.9692 18.8911 4.5
    endloop
  endfacet
  facet normal 0 0 1
    outer loop
      vertex 25 18.5 4.5
      vertex 21.9287 21 4.5
      vertex 25 17.5 4.5
    endloop
  endfacet
  facet normal 0 0 1
    outer loop
      vertex 22.5 21 4.5
      vertex 24.9692 18.8911 4.5
      vertex 24.8776 19.2725 4.5
    endloop
  endfacet
  facet normal 0 -0 1
    outer loop
      vertex 22.5 15 4.5
      vertex 25 17.5 4.5
      vertex 21.9287 21 4.5
    endloop
  endfacet
  facet normal 0 0 1
    outer loop
      vertex 22.5 21 4.5
      vertex 24.8776 19.2725 4.5
      vertex 24.7275 19.635 4.5
    endloop
  endfacet
  facet normal 0 0 1
    outer loop
      vertex 25 18.5 4.5
      vertex 22.5 21 4.5
      vertex 21.9287 21 4.5
    endloop
  endfacet
  facet normal 0 0 1
    outer loop
      vertex 22.5 21 4.5
      vertex 24.7275 19.635 4.5
      vertex 24.5225 19.9695 4.5
    endloop
  endfacet
  facet normal 0 0 1
    outer loop
      vertex 25 17.5 4.5
      vertex 22.5 15 4.5
      vertex 24.9692 17.1089 4.5
    endloop
  endfacet
  facet normal 0 0 1
    outer loop
      vertex 22.5 21 4.5
      vertex 24.5225 19.9695 4.5
      vertex 24.2678 20.2678 4.5
    endloop
  endfacet
  facet normal 0 0 1
    outer loop
      vertex 24.8776 16.7275 4.5
      vertex 22.5 15 4.5
      vertex 24.7275 16.365 4.5
    endloop
  endfacet
  facet normal 0 0 1
    outer loop
      vertex 22.5 21 4.5
      vertex 24.2678 20.2678 4.5
      vertex 23.9695 20.5225 4.5
    endloop
  endfacet
  facet normal 0 0 1
    outer loop
      vertex 24.7275 16.365 4.5
      vertex 22.5 15 4.5
      vertex 24.5225 16.0305 4.5
    endloop
  endfacet
  facet normal 0 0 1
    outer loop
      vertex 22.5 21 4.5
      vertex 23.9695 20.5225 4.5
      vertex 23.635 20.7275 4.5
    endloop
  endfacet
  facet normal 0 0 1
    outer loop
      vertex 24.5225 16.0305 4.5
      vertex 22.5 15 4.5
      vertex 24.2678 15.7322 4.5
    endloop
  endfacet
  facet normal 0 0 1
    outer loop
      vertex 22.5 21 4.5
      vertex 23.635 20.7275 4.5
      vertex 23.2725 20.8776 4.5
    endloop
  endfacet
  facet normal 0 0 1
    outer loop
      vertex 24.2678 15.7322 4.5
      vertex 22.5 15 4.5
      vertex 23.9695 15.4775 4.5
    endloop
  endfacet
  facet normal 0 0 1
    outer loop
      vertex 22.5 21 4.5
      vertex 23.2725 20.8776 4.5
      vertex 22.8911 20.9692 4.5
    endloop
  endfacet
  facet normal 0 0 1
    outer loop
      vertex 23.9695 15.4775 4.5
      vertex 22.5 15 4.5
      vertex 23.635 15.2725 4.5
    endloop
  endfacet
  facet normal 0 0 1
    outer loop
      vertex 23.635 15.2725 4.5
      vertex 22.5 15 4.5
      vertex 23.2725 15.1224 4.5
    endloop
  endfacet
  facet normal 0 0 1
    outer loop
      vertex 23.2725 15.1224 4.5
      vertex 22.5 15 4.5
      vertex 22.8911 15.0308 4.5
    endloop
  endfacet
  facet normal 0 0 1
    outer loop
      vertex 24.9692 17.1089 4.5
      vertex 22.5 15 4.5
      vertex 24.8776 16.7275 4.5
    endloop
  endfacet
  facet normal 0 0 1
    outer loop
      vertex 21.6356 21.7903 4.5
      vertex 21.9287 21 4.5
      vertex 21.8546 21.2867 4.5
    endloop
  endfacet
  facet normal 0 0 1
    outer loop
      vertex 21.3405 22.2535 4.5
      vertex 21.9287 21 4.5
      vertex 21.6356 21.7903 4.5
    endloop
  endfacet
  facet normal 0 0 1
    outer loop
      vertex 21.9287 21 4.5
      vertex 21.5 15 4.5
      vertex 22.5 15 4.5
    endloop
  endfacet
  facet normal 0 0 1
    outer loop
      vertex 21.9287 21 4.5
      vertex 21.3405 22.2535 4.5
      vertex 19.0323 23.6131 4.5
    endloop
  endfacet
  facet normal 0 0 1
    outer loop
      vertex 21.9287 21 4.5
      vertex 19.6098 15.8756 4.5
      vertex 21.5 15 4.5
    endloop
  endfacet
  facet normal 0 0 1
    outer loop
      vertex 19.0323 23.6131 4.5
      vertex 21.3405 22.2535 4.5
      vertex 20.9765 22.6649 4.5
    endloop
  endfacet
  facet normal 0 0 1
    outer loop
      vertex 21.5 15 4.5
      vertex 19.6098 15.8756 4.5
      vertex 21.1089 15.0308 4.5
    endloop
  endfacet
  facet normal 0 0 1
    outer loop
      vertex 19.0323 23.6131 4.5
      vertex 20.9765 22.6649 4.5
      vertex 20.5528 23.0142 4.5
    endloop
  endfacet
  facet normal 0 0 1
    outer loop
      vertex 21.1089 15.0308 4.5
      vertex 19.6098 15.8756 4.5
      vertex 20.7275 15.1224 4.5
    endloop
  endfacet
  facet normal 0 0 1
    outer loop
      vertex 19.0323 23.6131 4.5
      vertex 20.5528 23.0142 4.5
      vertex 20.0795 23.293 4.5
    endloop
  endfacet
  facet normal 0 0 1
    outer loop
      vertex 20.7275 15.1224 4.5
      vertex 19.6098 15.8756 4.5
      vertex 20.365 15.2725 4.5
    endloop
  endfacet
  facet normal 0 0 1
    outer loop
      vertex 20.365 15.2725 4.5
      vertex 19.6098 15.8756 4.5
      vertex 20.0305 15.4775 4.5
    endloop
  endfacet
  facet normal 0 0 1
    outer loop
      vertex 20.0305 15.4775 4.5
      vertex 19.6098 15.8756 4.5
      vertex 19.7322 15.7322 4.5
    endloop
  endfacet
  facet normal 0 0 1
    outer loop
      vertex 19.0323 23.6131 4.5
      vertex 20.0795 23.293 4.5
      vertex 19.5685 23.4943 4.5
    endloop
  endfacet
  facet normal 0 0 1
    outer loop
      vertex 21.9287 21 4.5
      vertex 19.0323 23.6131 4.5
      vertex 18.6987 23.66 4.5
    endloop
  endfacet
  facet normal 0 0 1
    outer loop
      vertex 17.919 15.691 4.5
      vertex 19.6098 15.8756 4.5
      vertex 21.9287 21 4.5
    endloop
  endfacet
  facet normal 0 -0 1
    outer loop
      vertex 19.0138 15.7101 4.5
      vertex 19.6098 15.8756 4.5
      vertex 18.4671 15.6575 4.5
    endloop
  endfacet
  facet normal 0 0 1
    outer loop
      vertex 17.919 15.691 4.5
      vertex 21.9287 21 4.5
      vertex 18.6987 23.66 4.5
    endloop
  endfacet
  facet normal 0 0 1
    outer loop
      vertex 19.6098 15.8756 4.5
      vertex 19.0138 15.7101 4.5
      vertex 19.5456 15.8476 4.5
    endloop
  endfacet
  facet normal 0 0 1
    outer loop
      vertex 18.4719 3.49553 4.5
      vertex 18.5292 2.40199 4.5
      vertex 18.5436 2.95102 4.5
    endloop
  endfacet
  facet normal 0 0 1
    outer loop
      vertex 18.4719 3.49553 4.5
      vertex 18.4291 1.86198 4.5
      vertex 18.5292 2.40199 4.5
    endloop
  endfacet
  facet normal 0 0 1
    outer loop
      vertex 18.4719 3.49553 4.5
      vertex 18.2458 1.34427 4.5
      vertex 18.4291 1.86198 4.5
    endloop
  endfacet
  facet normal 0 0 1
    outer loop
      vertex 18.4719 3.49553 4.5
      vertex 17.9837 0.861603 4.5
      vertex 18.2458 1.34427 4.5
    endloop
  endfacet
  facet normal 0 0 1
    outer loop
      vertex 18.4719 3.49553 4.5
      vertex 17.6494 0.425888 4.5
      vertex 17.9837 0.861603 4.5
    endloop
  endfacet
  facet normal 0 0 1
    outer loop
      vertex 18.4719 3.49553 4.5
      vertex 17.251 0.0478363 4.5
      vertex 17.6494 0.425888 4.5
    endloop
  endfacet
  facet normal 0 0 1
    outer loop
      vertex 18.4719 3.49553 4.5
      vertex 16.7984 -0.263245 4.5
      vertex 17.251 0.0478363 4.5
    endloop
  endfacet
  facet normal 0 0 1
    outer loop
      vertex 18.4719 3.49553 4.5
      vertex 16.3027 -0.499695 4.5
      vertex 16.7984 -0.263245 4.5
    endloop
  endfacet
  facet normal 0 0 1
    outer loop
      vertex 15.7761 -0.65567 4.5
      vertex 18.4719 3.49553 4.5
      vertex 15.8169 15.9864 4.5
    endloop
  endfacet
  facet normal 0 0 1
    outer loop
      vertex 18.4719 3.49553 4.5
      vertex 15.7761 -0.65567 4.5
      vertex 16.3027 -0.499695 4.5
    endloop
  endfacet
  facet normal 0 0 1
    outer loop
      vertex 14.7553 -4.54507 4.5
      vertex 10 -8 4.5
      vertex 14.455 -5.26994 4.5
    endloop
  endfacet
  facet normal 0 0 1
    outer loop
      vertex 12.4544 24.1524 4.5
      vertex 13.1335 24.3041 4.5
      vertex 12.9861 24.2899 4.5
    endloop
  endfacet
  facet normal 0 0 1
    outer loop
      vertex 13.2 -7 4.5
      vertex 15 -8.8 4.5
      vertex 14.9778 -8.51843 4.5
    endloop
  endfacet
  facet normal 0 0 1
    outer loop
      vertex 15 -8.8 4.5
      vertex 11 -8.8 4.5
      vertex 15 -15.2 4.5
    endloop
  endfacet
  facet normal 0 0 1
    outer loop
      vertex 13.2 -7 4.5
      vertex 14.9778 -8.51843 4.5
      vertex 14.9119 -8.24377 4.5
    endloop
  endfacet
  facet normal 0 0 1
    outer loop
      vertex 11 -15.2 4.5
      vertex 15 -15.2 4.5
      vertex 11 -8.8 4.5
    endloop
  endfacet
  facet normal 0 0 1
    outer loop
      vertex 13.2 -7 4.5
      vertex 14.9119 -8.24377 4.5
      vertex 14.8038 -7.98282 4.5
    endloop
  endfacet
  facet normal 0 -0 1
    outer loop
      vertex 13.2 -17 4.5
      vertex 15 -15.2 4.5
      vertex 11 -15.2 4.5
    endloop
  endfacet
  facet normal 0 0 1
    outer loop
      vertex 13.2 -7 4.5
      vertex 14.8038 -7.98282 4.5
      vertex 14.6562 -7.74199 4.5
    endloop
  endfacet
  facet normal 0 0 1
    outer loop
      vertex 15 -15.2 4.5
      vertex 13.2 -17 4.5
      vertex 14.9778 -15.4816 4.5
    endloop
  endfacet
  facet normal 0 0 1
    outer loop
      vertex 13.2 -7 4.5
      vertex 14.6562 -7.74199 4.5
      vertex 14.4728 -7.52722 4.5
    endloop
  endfacet
  facet normal 0 0 1
    outer loop
      vertex 14.9778 -15.4816 4.5
      vertex 13.2 -17 4.5
      vertex 14.9119 -15.7562 4.5
    endloop
  endfacet
  facet normal 0 0 1
    outer loop
      vertex 13.2 -7 4.5
      vertex 14.4728 -7.52722 4.5
      vertex 14.258 -7.34378 4.5
    endloop
  endfacet
  facet normal 0 0 1
    outer loop
      vertex 14.9119 -15.7562 4.5
      vertex 13.2 -17 4.5
      vertex 14.8038 -16.0172 4.5
    endloop
  endfacet
  facet normal 0 0 1
    outer loop
      vertex 13.2 -7 4.5
      vertex 14.258 -7.34378 4.5
      vertex 14.0172 -7.1962 4.5
    endloop
  endfacet
  facet normal 0 0 1
    outer loop
      vertex 14.8038 -16.0172 4.5
      vertex 13.2 -17 4.5
      vertex 14.6562 -16.258 4.5
    endloop
  endfacet
  facet normal 0 0 1
    outer loop
      vertex 13.2 -7 4.5
      vertex 14.0172 -7.1962 4.5
      vertex 13.7562 -7.0881 4.5
    endloop
  endfacet
  facet normal 0 0 1
    outer loop
      vertex 14.6562 -16.258 4.5
      vertex 13.2 -17 4.5
      vertex 14.4728 -16.4728 4.5
    endloop
  endfacet
  facet normal 0 0 1
    outer loop
      vertex 13.2 -7 4.5
      vertex 13.7562 -7.0881 4.5
      vertex 13.4816 -7.02217 4.5
    endloop
  endfacet
  facet normal 0 0 1
    outer loop
      vertex 14.4728 -16.4728 4.5
      vertex 13.2 -17 4.5
      vertex 14.258 -16.6562 4.5
    endloop
  endfacet
  facet normal 0 0 1
    outer loop
      vertex 15 -8.8 4.5
      vertex 13.2 -7 4.5
      vertex 12.9917 -7 4.5
    endloop
  endfacet
  facet normal 0 0 1
    outer loop
      vertex 14.258 -16.6562 4.5
      vertex 13.2 -17 4.5
      vertex 14.0172 -16.8038 4.5
    endloop
  endfacet
  facet normal 0 0 1
    outer loop
      vertex 15 -8.8 4.5
      vertex 12.9917 -7 4.5
      vertex 11 -8.8 4.5
    endloop
  endfacet
  facet normal 0 0 1
    outer loop
      vertex 14.0172 -16.8038 4.5
      vertex 13.2 -17 4.5
      vertex 13.7562 -16.9119 4.5
    endloop
  endfacet
  facet normal 0 0 1
    outer loop
      vertex 14.455 -5.26994 4.5
      vertex 10 -8 4.5
      vertex 14.0451 -5.93892 4.5
    endloop
  endfacet
  facet normal 0 0 1
    outer loop
      vertex 11 -8.8 4.5
      vertex 12.9917 -7 4.5
      vertex 11.2995 -7.81424 4.5
    endloop
  endfacet
  facet normal 0 0 1
    outer loop
      vertex 11.9508 23.9334 4.5
      vertex 13.1335 24.3041 4.5
      vertex 12.4544 24.1524 4.5
    endloop
  endfacet
  facet normal 0 0 1
    outer loop
      vertex 13.7562 -16.9119 4.5
      vertex 13.2 -17 4.5
      vertex 13.4816 -16.9778 4.5
    endloop
  endfacet
  facet normal 0 0 1
    outer loop
      vertex 13.2 -17 4.5
      vertex 11 -15.2 4.5
      vertex 12.8 -17 4.5
    endloop
  endfacet
  facet normal 0 0 1
    outer loop
      vertex 13.1335 24.3041 4.5
      vertex 11.9508 23.9334 4.5
      vertex 10.128 21.3302 4.5
    endloop
  endfacet
  facet normal 0 0 1
    outer loop
      vertex 12.8 -17 4.5
      vertex 11 -15.2 4.5
      vertex 12.5184 -16.9778 4.5
    endloop
  endfacet
  facet normal 0 0 1
    outer loop
      vertex 12.5184 -16.9778 4.5
      vertex 11 -15.2 4.5
      vertex 12.2438 -16.9119 4.5
    endloop
  endfacet
  facet normal 0 0 1
    outer loop
      vertex 10.128 21.3302 4.5
      vertex 11.9508 23.9334 4.5
      vertex 11.4876 23.6383 4.5
    endloop
  endfacet
  facet normal 0 0 1
    outer loop
      vertex 12.2438 -16.9119 4.5
      vertex 11 -15.2 4.5
      vertex 11.9828 -16.8038 4.5
    endloop
  endfacet
  facet normal 0 0 1
    outer loop
      vertex 11.9828 -16.8038 4.5
      vertex 11 -15.2 4.5
      vertex 11.742 -16.6562 4.5
    endloop
  endfacet
  facet normal 0 0 1
    outer loop
      vertex 10.128 21.3302 4.5
      vertex 11.4876 23.6383 4.5
      vertex 11.0762 23.2744 4.5
    endloop
  endfacet
  facet normal 0 0 1
    outer loop
      vertex 14.0451 -5.93892 4.5
      vertex 10 -8 4.5
      vertex 13.5355 -6.53552 4.5
    endloop
  endfacet
  facet normal 0 0 1
    outer loop
      vertex 10.128 21.3302 4.5
      vertex 11.0762 23.2744 4.5
      vertex 10.7269 22.8506 4.5
    endloop
  endfacet
  facet normal 0 0 1
    outer loop
      vertex 10.128 21.3302 4.5
      vertex 10.7269 22.8506 4.5
      vertex 10.4481 22.3773 4.5
    endloop
  endfacet
  facet normal 0 0 1
    outer loop
      vertex 10.128 21.3302 4.5
      vertex 10.4481 22.3773 4.5
      vertex 10.2468 21.8663 4.5
    endloop
  endfacet
  facet normal 0 0 1
    outer loop
      vertex 13.1335 24.3041 4.5
      vertex 10.128 21.3302 4.5
      vertex 10.0249 20.5967 4.5
    endloop
  endfacet
  facet normal -0 0 1
    outer loop
      vertex 7.52806 16.5045 4.5
      vertex 15.8169 15.9864 4.5
      vertex 10.0249 20.5967 4.5
    endloop
  endfacet
  facet normal 0 0 1
    outer loop
      vertex 12.9917 -7 4.5
      vertex 10 -8 4.5
      vertex 11.2995 -7.81424 4.5
    endloop
  endfacet
  facet normal 0 0 1
    outer loop
      vertex 11.2995 -7.81424 4.5
      vertex 10 -8 4.5
      vertex 10.7822 -7.93843 4.5
    endloop
  endfacet
  facet normal 0 0 1
    outer loop
      vertex 9.20158 20.2632 4.5
      vertex 10.0249 20.5967 4.5
      vertex 9.6973 20.4997 4.5
    endloop
  endfacet
  facet normal 0 0 1
    outer loop
      vertex 10.0249 20.5967 4.5
      vertex 9.20158 20.2632 4.5
      vertex 7.52806 16.5045 4.5
    endloop
  endfacet
  facet normal 0 0 1
    outer loop
      vertex 7.52806 16.5045 4.5
      vertex 9.20158 20.2632 4.5
      vertex 8.74896 19.9521 4.5
    endloop
  endfacet
  facet normal 0 0 1
    outer loop
      vertex 7.52806 16.5045 4.5
      vertex 8.74896 19.9521 4.5
      vertex 8.35059 19.5741 4.5
    endloop
  endfacet
  facet normal 0 0 1
    outer loop
      vertex 7.52806 16.5045 4.5
      vertex 8.35059 19.5741 4.5
      vertex 8.01624 19.1384 4.5
    endloop
  endfacet
  facet normal 0 0 1
    outer loop
      vertex 7.52806 16.5045 4.5
      vertex 8.01624 19.1384 4.5
      vertex 7.75418 18.6557 4.5
    endloop
  endfacet
  facet normal 0 0 1
    outer loop
      vertex 7.52806 16.5045 4.5
      vertex 7.75418 18.6557 4.5
      vertex 7.57085 18.138 4.5
    endloop
  endfacet
  facet normal 0 0 1
    outer loop
      vertex 15.8169 15.9864 4.5
      vertex 7.52806 16.5045 4.5
      vertex 9.76086 6 4.5
    endloop
  endfacet
  facet normal -0 0 1
    outer loop
      vertex 7.47076 17.598 4.5
      vertex 7.52806 16.5045 4.5
      vertex 7.57085 18.138 4.5
    endloop
  endfacet
  facet normal 0 0 1
    outer loop
      vertex 7.52806 16.5045 4.5
      vertex 7.47076 17.598 4.5
      vertex 7.45638 17.049 4.5
    endloop
  endfacet
  facet normal 0 0 1
    outer loop
      vertex -6 6 4.5
      vertex -11 1 4.5
      vertex -5.18909 -8 4.5
    endloop
  endfacet
  facet normal -0 0 1
    outer loop
      vertex -11 -3 4.5
      vertex -5.18909 -8 4.5
      vertex -11 1 4.5
    endloop
  endfacet
  facet normal 0 0 1
    outer loop
      vertex -11 1 4.5
      vertex -8.93892 5.04507 4.5
      vertex -9.53552 4.53552 4.5
    endloop
  endfacet
  facet normal 0 0 1
    outer loop
      vertex -5.18909 -8 4.5
      vertex -11 -3 4.5
      vertex -8.33884 -7.41281 4.5
    endloop
  endfacet
  facet normal 0 0 1
    outer loop
      vertex -11 1 4.5
      vertex -9.53552 4.53552 4.5
      vertex -10.0451 3.93892 4.5
    endloop
  endfacet
  facet normal 0 0 1
    outer loop
      vertex -8.33884 -7.41281 4.5
      vertex -11 -3 4.5
      vertex -8.93892 -7.04507 4.5
    endloop
  endfacet
  facet normal 0 0 1
    outer loop
      vertex -11 1 4.5
      vertex -10.0451 3.93892 4.5
      vertex -10.455 3.26994 4.5
    endloop
  endfacet
  facet normal 0 0 1
    outer loop
      vertex -8.93892 -7.04507 4.5
      vertex -11 -3 4.5
      vertex -9.53552 -6.53552 4.5
    endloop
  endfacet
  facet normal 0 0 1
    outer loop
      vertex -11 1 4.5
      vertex -10.455 3.26994 4.5
      vertex -10.7553 2.54507 4.5
    endloop
  endfacet
  facet normal 0 0 1
    outer loop
      vertex -9.53552 -6.53552 4.5
      vertex -11 -3 4.5
      vertex -10.0451 -5.93892 4.5
    endloop
  endfacet
  facet normal 0 0 1
    outer loop
      vertex -11 1 4.5
      vertex -10.7553 2.54507 4.5
      vertex -10.9384 1.78217 4.5
    endloop
  endfacet
  facet normal 0 0 1
    outer loop
      vertex -10.0451 -5.93892 4.5
      vertex -11 -3 4.5
      vertex -10.455 -5.26994 4.5
    endloop
  endfacet
  facet normal 0 0 1
    outer loop
      vertex -10.455 -5.26994 4.5
      vertex -11 -3 4.5
      vertex -10.7553 -4.54507 4.5
    endloop
  endfacet
  facet normal 0 0 1
    outer loop
      vertex -10.7553 -4.54507 4.5
      vertex -11 -3 4.5
      vertex -10.9384 -3.78217 4.5
    endloop
  endfacet
  facet normal 0 0 1
    outer loop
      vertex 11.0881 -8.24377 4.5
      vertex 11.2995 -7.81424 4.5
      vertex 11.1962 -7.98282 4.5
    endloop
  endfacet
  facet normal 0 0 1
    outer loop
      vertex 11.742 -16.6562 4.5
      vertex 11 -15.2 4.5
      vertex 11.5272 -16.4728 4.5
    endloop
  endfacet
  facet normal 0 0 1
    outer loop
      vertex 11.2995 -7.81424 4.5
      vertex 11.0881 -8.24377 4.5
      vertex 11 -8.8 4.5
    endloop
  endfacet
  facet normal 0 0 1
    outer loop
      vertex 11.5272 -16.4728 4.5
      vertex 11 -15.2 4.5
      vertex 11.3438 -16.258 4.5
    endloop
  endfacet
  facet normal 0 0 1
    outer loop
      vertex 11 -8.8 4.5
      vertex 11.0881 -8.24377 4.5
      vertex 11.0222 -8.51843 4.5
    endloop
  endfacet
  facet normal 0 0 1
    outer loop
      vertex 11.3438 -16.258 4.5
      vertex 11 -15.2 4.5
      vertex 11.1962 -16.0172 4.5
    endloop
  endfacet
  facet normal 0 0 1
    outer loop
      vertex 11.1962 -16.0172 4.5
      vertex 11 -15.2 4.5
      vertex 11.0881 -15.7562 4.5
    endloop
  endfacet
  facet normal 0 0 1
    outer loop
      vertex 11.0881 -15.7562 4.5
      vertex 11 -15.2 4.5
      vertex 11.0222 -15.4816 4.5
    endloop
  endfacet
  facet normal 0 0 1
    outer loop
      vertex 13.5355 -6.53552 4.5
      vertex 10 -8 4.5
      vertex 12.9917 -7 4.5
    endloop
  endfacet
  facet normal 0 0 1
    outer loop
      vertex 9 -15.2 4.5
      vertex 8.65622 -16.258 4.5
      vertex 8.8038 -16.0172 4.5
    endloop
  endfacet
  facet normal 0 0 1
    outer loop
      vertex 9 -8.8 4.5
      vertex 5 -15.2 4.5
      vertex 8.65622 -16.258 4.5
    endloop
  endfacet
  facet normal 0 -0 1
    outer loop
      vertex 7.2 -17 4.5
      vertex 8.65622 -16.258 4.5
      vertex 5 -15.2 4.5
    endloop
  endfacet
  facet normal 0 0 1
    outer loop
      vertex 8.65622 -16.258 4.5
      vertex 7.2 -17 4.5
      vertex 8.47278 -16.4728 4.5
    endloop
  endfacet
  facet normal 0 0 1
    outer loop
      vertex 5.18909 -8 4.5
      vertex 8.81091 -8 4.5
      vertex 9.76086 6 4.5
    endloop
  endfacet
  facet normal 0 0 1
    outer loop
      vertex 5 -8.8 4.5
      vertex 8.81091 -8 4.5
      vertex 5.18909 -8 4.5
    endloop
  endfacet
  facet normal 0 0 1
    outer loop
      vertex 9 -8.8 4.5
      vertex 5 -8.8 4.5
      vertex 5 -15.2 4.5
    endloop
  endfacet
  facet normal 0 0 1
    outer loop
      vertex 8.47278 -16.4728 4.5
      vertex 7.2 -17 4.5
      vertex 8.25801 -16.6562 4.5
    endloop
  endfacet
  facet normal 0 0 1
    outer loop
      vertex 8.25801 -16.6562 4.5
      vertex 7.2 -17 4.5
      vertex 8.01718 -16.8038 4.5
    endloop
  endfacet
  facet normal 0 0 1
    outer loop
      vertex 8.01718 -16.8038 4.5
      vertex 7.2 -17 4.5
      vertex 7.75623 -16.9119 4.5
    endloop
  endfacet
  facet normal 0 0 1
    outer loop
      vertex 7.75623 -16.9119 4.5
      vertex 7.2 -17 4.5
      vertex 7.48157 -16.9778 4.5
    endloop
  endfacet
  facet normal 0 0 1
    outer loop
      vertex 7.2 -17 4.5
      vertex 5 -15.2 4.5
      vertex 6.8 -17 4.5
    endloop
  endfacet
  facet normal 0 0 1
    outer loop
      vertex 6.8 -17 4.5
      vertex 5 -15.2 4.5
      vertex 6.51843 -16.9778 4.5
    endloop
  endfacet
  facet normal 0 0 1
    outer loop
      vertex 6.51843 -16.9778 4.5
      vertex 5 -15.2 4.5
      vertex 6.24377 -16.9119 4.5
    endloop
  endfacet
  facet normal 0 0 1
    outer loop
      vertex 6.24377 -16.9119 4.5
      vertex 5 -15.2 4.5
      vertex 5.98282 -16.8038 4.5
    endloop
  endfacet
  facet normal 0 0 1
    outer loop
      vertex 5.98282 -16.8038 4.5
      vertex 5 -15.2 4.5
      vertex 5.74199 -16.6562 4.5
    endloop
  endfacet
  facet normal 0 0 1
    outer loop
      vertex 5.74199 -16.6562 4.5
      vertex 5 -15.2 4.5
      vertex 5.52722 -16.4728 4.5
    endloop
  endfacet
  facet normal 0 0 1
    outer loop
      vertex 9.76086 6 4.5
      vertex 0.810913 -8 4.5
      vertex 5.18909 -8 4.5
    endloop
  endfacet
  facet normal 0 0 1
    outer loop
      vertex 1 -15.2 4.5
      vertex 0.656219 -16.258 4.5
      vertex 0.803802 -16.0172 4.5
    endloop
  endfacet
  facet normal 0 0 1
    outer loop
      vertex 1 -8.8 4.5
      vertex -3 -15.2 4.5
      vertex 0.656219 -16.258 4.5
    endloop
  endfacet
  facet normal 0 -0 1
    outer loop
      vertex -0.800003 -17 4.5
      vertex 0.656219 -16.258 4.5
      vertex -3 -15.2 4.5
    endloop
  endfacet
  facet normal 0 0 1
    outer loop
      vertex 0.656219 -16.258 4.5
      vertex -0.800003 -17 4.5
      vertex 0.472778 -16.4728 4.5
    endloop
  endfacet
  facet normal 0 0 1
    outer loop
      vertex 0.472778 -16.4728 4.5
      vertex -0.800003 -17 4.5
      vertex 0.258011 -16.6562 4.5
    endloop
  endfacet
  facet normal 0 0 1
    outer loop
      vertex 0.258011 -16.6562 4.5
      vertex -0.800003 -17 4.5
      vertex 0.0171814 -16.8038 4.5
    endloop
  endfacet
  facet normal 0 0 1
    outer loop
      vertex 0.0171814 -16.8038 4.5
      vertex -0.800003 -17 4.5
      vertex -0.243774 -16.9119 4.5
    endloop
  endfacet
  facet normal 0 0 1
    outer loop
      vertex -0.243774 -16.9119 4.5
      vertex -0.800003 -17 4.5
      vertex -0.518433 -16.9778 4.5
    endloop
  endfacet
  facet normal 0 0 1
    outer loop
      vertex -0.800003 -17 4.5
      vertex -3 -15.2 4.5
      vertex -1.2 -17 4.5
    endloop
  endfacet
  facet normal 0 0 1
    outer loop
      vertex -1.2 -17 4.5
      vertex -3 -15.2 4.5
      vertex -1.48157 -16.9778 4.5
    endloop
  endfacet
  facet normal 0 0 1
    outer loop
      vertex -1.48157 -16.9778 4.5
      vertex -3 -15.2 4.5
      vertex -1.75623 -16.9119 4.5
    endloop
  endfacet
  facet normal 0 0 1
    outer loop
      vertex -1.75623 -16.9119 4.5
      vertex -3 -15.2 4.5
      vertex -2.01718 -16.8038 4.5
    endloop
  endfacet
  facet normal 0 0 1
    outer loop
      vertex -2.01718 -16.8038 4.5
      vertex -3 -15.2 4.5
      vertex -2.25801 -16.6562 4.5
    endloop
  endfacet
  facet normal 0 0 1
    outer loop
      vertex -2.25801 -16.6562 4.5
      vertex -3 -15.2 4.5
      vertex -2.47278 -16.4728 4.5
    endloop
  endfacet
  facet normal 0 0 1
    outer loop
      vertex -2.47278 -16.4728 4.5
      vertex -3 -15.2 4.5
      vertex -2.65622 -16.258 4.5
    endloop
  endfacet
  facet normal 0 0 1
    outer loop
      vertex -3 -8.8 4.5
      vertex 0.810913 -8 4.5
      vertex -2.81091 -8 4.5
    endloop
  endfacet
  facet normal -0 0 1
    outer loop
      vertex -6 6 4.5
      vertex 0.810913 -8 4.5
      vertex 9.76086 6 4.5
    endloop
  endfacet
  facet normal 0 0 1
    outer loop
      vertex 0.810913 -8 4.5
      vertex -6 6 4.5
      vertex -2.81091 -8 4.5
    endloop
  endfacet
  facet normal 0 0 1
    outer loop
      vertex -5 -15.2 4.5
      vertex -5.34378 -16.258 4.5
      vertex -5.1962 -16.0172 4.5
    endloop
  endfacet
  facet normal 0 0 1
    outer loop
      vertex -5 -8.8 4.5
      vertex -9 -15.2 4.5
      vertex -5.34378 -16.258 4.5
    endloop
  endfacet
  facet normal 0 -0 1
    outer loop
      vertex -6.8 -17 4.5
      vertex -5.34378 -16.258 4.5
      vertex -9 -15.2 4.5
    endloop
  endfacet
  facet normal 0 0 1
    outer loop
      vertex -5.34378 -16.258 4.5
      vertex -6.8 -17 4.5
      vertex -5.52722 -16.4728 4.5
    endloop
  endfacet
  facet normal 0 0 1
    outer loop
      vertex -2.81091 -8 4.5
      vertex -6 6 4.5
      vertex -5.18909 -8 4.5
    endloop
  endfacet
  facet normal 0 0 1
    outer loop
      vertex -11 1 4.5
      vertex -6 6 4.5
      vertex -8.93892 5.04507 4.5
    endloop
  endfacet
  facet normal 0 0 1
    outer loop
      vertex -5 -8.8 4.5
      vertex -8.33884 -7.41281 4.5
      vertex -9 -8.8 4.5
    endloop
  endfacet
  facet normal 0 0 1
    outer loop
      vertex -5 -8.8 4.5
      vertex -9 -8.8 4.5
      vertex -9 -15.2 4.5
    endloop
  endfacet
  facet normal 0 0 1
    outer loop
      vertex -8.26994 5.45503 4.5
      vertex -6 6 4.5
      vertex -6.78217 5.93843 4.5
    endloop
  endfacet
  facet normal 0 0 1
    outer loop
      vertex -5.52722 -16.4728 4.5
      vertex -6.8 -17 4.5
      vertex -5.74199 -16.6562 4.5
    endloop
  endfacet
  facet normal 0 0 1
    outer loop
      vertex -5.74199 -16.6562 4.5
      vertex -6.8 -17 4.5
      vertex -5.98282 -16.8038 4.5
    endloop
  endfacet
  facet normal 0 0 1
    outer loop
      vertex -5.98282 -16.8038 4.5
      vertex -6.8 -17 4.5
      vertex -6.24377 -16.9119 4.5
    endloop
  endfacet
  facet normal 0 0 1
    outer loop
      vertex -8.26994 5.45503 4.5
      vertex -6.78217 5.93843 4.5
      vertex -7.54507 5.75528 4.5
    endloop
  endfacet
  facet normal 0 0 1
    outer loop
      vertex -6.24377 -16.9119 4.5
      vertex -6.8 -17 4.5
      vertex -6.51843 -16.9778 4.5
    endloop
  endfacet
  facet normal 0 0 1
    outer loop
      vertex -6.8 -17 4.5
      vertex -9 -15.2 4.5
      vertex -7.2 -17 4.5
    endloop
  endfacet
  facet normal 0 0 1
    outer loop
      vertex -7.2 -17 4.5
      vertex -9 -15.2 4.5
      vertex -7.48157 -16.9778 4.5
    endloop
  endfacet
  facet normal 0 0 1
    outer loop
      vertex -8.93892 5.04507 4.5
      vertex -6 6 4.5
      vertex -8.26994 5.45503 4.5
    endloop
  endfacet
  facet normal 0 0 1
    outer loop
      vertex -7.48157 -16.9778 4.5
      vertex -9 -15.2 4.5
      vertex -7.75623 -16.9119 4.5
    endloop
  endfacet
  facet normal 0 0 1
    outer loop
      vertex -8.65622 -7.74199 4.5
      vertex -8.33884 -7.41281 4.5
      vertex -8.47278 -7.52722 4.5
    endloop
  endfacet
  facet normal 0 0 1
    outer loop
      vertex -7.75623 -16.9119 4.5
      vertex -9 -15.2 4.5
      vertex -8.01718 -16.8038 4.5
    endloop
  endfacet
  facet normal 0 0 1
    outer loop
      vertex -8.33884 -7.41281 4.5
      vertex -8.65622 -7.74199 4.5
      vertex -9 -8.8 4.5
    endloop
  endfacet
  facet normal 0 0 1
    outer loop
      vertex -8.01718 -16.8038 4.5
      vertex -9 -15.2 4.5
      vertex -8.25801 -16.6562 4.5
    endloop
  endfacet
  facet normal 0 0 1
    outer loop
      vertex -9 -8.8 4.5
      vertex -8.65622 -7.74199 4.5
      vertex -8.8038 -7.98282 4.5
    endloop
  endfacet
  facet normal 0 0 1
    outer loop
      vertex -8.25801 -16.6562 4.5
      vertex -9 -15.2 4.5
      vertex -8.47278 -16.4728 4.5
    endloop
  endfacet
  facet normal 0 0 1
    outer loop
      vertex -9 -8.8 4.5
      vertex -8.8038 -7.98282 4.5
      vertex -8.9119 -8.24377 4.5
    endloop
  endfacet
  facet normal 0 0 1
    outer loop
      vertex -8.47278 -16.4728 4.5
      vertex -9 -15.2 4.5
      vertex -8.65622 -16.258 4.5
    endloop
  endfacet
  facet normal 0 0 1
    outer loop
      vertex -9 -8.8 4.5
      vertex -8.9119 -8.24377 4.5
      vertex -8.97783 -8.51843 4.5
    endloop
  endfacet
  facet normal 0 0 1
    outer loop
      vertex -8.65622 -16.258 4.5
      vertex -9 -15.2 4.5
      vertex -8.8038 -16.0172 4.5
    endloop
  endfacet
  facet normal 0 0 1
    outer loop
      vertex -8.8038 -16.0172 4.5
      vertex -9 -15.2 4.5
      vertex -8.9119 -15.7562 4.5
    endloop
  endfacet
  facet normal 0 0 1
    outer loop
      vertex -8.9119 -15.7562 4.5
      vertex -9 -15.2 4.5
      vertex -8.97783 -15.4816 4.5
    endloop
  endfacet
  facet normal 0 0 1
    outer loop
      vertex 8.81091 -8 4.5
      vertex 9 -8.8 4.5
      vertex 8.97783 -8.51843 4.5
    endloop
  endfacet
  facet normal 0 0 1
    outer loop
      vertex 5 -8.8 4.5
      vertex 9 -8.8 4.5
      vertex 8.81091 -8 4.5
    endloop
  endfacet
  facet normal 0 0 1
    outer loop
      vertex 8.81091 -8 4.5
      vertex 8.97783 -8.51843 4.5
      vertex 8.9119 -8.24377 4.5
    endloop
  endfacet
  facet normal 0 0 1
    outer loop
      vertex 9 -8.8 4.5
      vertex 8.65622 -16.258 4.5
      vertex 9 -15.2 4.5
    endloop
  endfacet
  facet normal 0 0 1
    outer loop
      vertex 9 -15.2 4.5
      vertex 8.8038 -16.0172 4.5
      vertex 8.97783 -15.4816 4.5
    endloop
  endfacet
  facet normal 0 0 1
    outer loop
      vertex 8.97783 -15.4816 4.5
      vertex 8.8038 -16.0172 4.5
      vertex 8.9119 -15.7562 4.5
    endloop
  endfacet
  facet normal 0 0 1
    outer loop
      vertex 5 -8.8 4.5
      vertex 5.18909 -8 4.5
      vertex 5.0881 -8.24377 4.5
    endloop
  endfacet
  facet normal 0 0 1
    outer loop
      vertex 5.52722 -16.4728 4.5
      vertex 5 -15.2 4.5
      vertex 5.34378 -16.258 4.5
    endloop
  endfacet
  facet normal 0 0 1
    outer loop
      vertex 5 -8.8 4.5
      vertex 5.0881 -8.24377 4.5
      vertex 5.02217 -8.51843 4.5
    endloop
  endfacet
  facet normal 0 0 1
    outer loop
      vertex 5.34378 -16.258 4.5
      vertex 5 -15.2 4.5
      vertex 5.1962 -16.0172 4.5
    endloop
  endfacet
  facet normal 0 0 1
    outer loop
      vertex 5.1962 -16.0172 4.5
      vertex 5 -15.2 4.5
      vertex 5.0881 -15.7562 4.5
    endloop
  endfacet
  facet normal 0 0 1
    outer loop
      vertex 5.0881 -15.7562 4.5
      vertex 5 -15.2 4.5
      vertex 5.02217 -15.4816 4.5
    endloop
  endfacet
  facet normal 0 0 1
    outer loop
      vertex 0.810913 -8 4.5
      vertex 1 -8.8 4.5
      vertex 0.977829 -8.51843 4.5
    endloop
  endfacet
  facet normal 0 0 1
    outer loop
      vertex -3 -8.8 4.5
      vertex 1 -8.8 4.5
      vertex 0.810913 -8 4.5
    endloop
  endfacet
  facet normal 0 0 1
    outer loop
      vertex 0.810913 -8 4.5
      vertex 0.977829 -8.51843 4.5
      vertex 0.911896 -8.24377 4.5
    endloop
  endfacet
  facet normal 0 0 1
    outer loop
      vertex 1 -8.8 4.5
      vertex 0.656219 -16.258 4.5
      vertex 1 -15.2 4.5
    endloop
  endfacet
  facet normal 0 0 1
    outer loop
      vertex 1 -15.2 4.5
      vertex 0.803802 -16.0172 4.5
      vertex 0.977829 -15.4816 4.5
    endloop
  endfacet
  facet normal 0 0 1
    outer loop
      vertex 0.977829 -15.4816 4.5
      vertex 0.803802 -16.0172 4.5
      vertex 0.911896 -15.7562 4.5
    endloop
  endfacet
  facet normal 0 0 1
    outer loop
      vertex -3 -8.8 4.5
      vertex -2.81091 -8 4.5
      vertex -2.9119 -8.24377 4.5
    endloop
  endfacet
  facet normal 0 0 1
    outer loop
      vertex 1 -8.8 4.5
      vertex -3 -8.8 4.5
      vertex -3 -15.2 4.5
    endloop
  endfacet
  facet normal 0 0 1
    outer loop
      vertex -3 -8.8 4.5
      vertex -2.9119 -8.24377 4.5
      vertex -2.97783 -8.51843 4.5
    endloop
  endfacet
  facet normal 0 0 1
    outer loop
      vertex -2.65622 -16.258 4.5
      vertex -3 -15.2 4.5
      vertex -2.8038 -16.0172 4.5
    endloop
  endfacet
  facet normal 0 0 1
    outer loop
      vertex -2.8038 -16.0172 4.5
      vertex -3 -15.2 4.5
      vertex -2.9119 -15.7562 4.5
    endloop
  endfacet
  facet normal 0 0 1
    outer loop
      vertex -2.9119 -15.7562 4.5
      vertex -3 -15.2 4.5
      vertex -2.97783 -15.4816 4.5
    endloop
  endfacet
  facet normal 0 0 1
    outer loop
      vertex -5.18909 -8 4.5
      vertex -5 -8.8 4.5
      vertex -5.02217 -8.51843 4.5
    endloop
  endfacet
  facet normal 0 0 1
    outer loop
      vertex -8.33884 -7.41281 4.5
      vertex -5 -8.8 4.5
      vertex -5.18909 -8 4.5
    endloop
  endfacet
  facet normal 0 0 1
    outer loop
      vertex -5.18909 -8 4.5
      vertex -5.02217 -8.51843 4.5
      vertex -5.0881 -8.24377 4.5
    endloop
  endfacet
  facet normal 0 0 1
    outer loop
      vertex -5 -8.8 4.5
      vertex -5.34378 -16.258 4.5
      vertex -5 -15.2 4.5
    endloop
  endfacet
  facet normal 0 0 1
    outer loop
      vertex -5 -15.2 4.5
      vertex -5.1962 -16.0172 4.5
      vertex -5.02217 -15.4816 4.5
    endloop
  endfacet
  facet normal 0 0 1
    outer loop
      vertex -5.02217 -15.4816 4.5
      vertex -5.1962 -16.0172 4.5
      vertex -5.0881 -15.7562 4.5
    endloop
  endfacet
  facet normal 0.233311 -0.972402 0
    outer loop
      vertex -6.51843 -16.9778 3
      vertex -6.24377 -16.9119 4.5
      vertex -6.51843 -16.9778 4.5
    endloop
  endfacet
  facet normal 0.233311 -0.972402 0
    outer loop
      vertex -6.24377 -16.9119 4.5
      vertex -6.51843 -16.9778 3
      vertex -6.24377 -16.9119 3
    endloop
  endfacet
  facet normal 0.382717 -0.923866 0
    outer loop
      vertex -6.24377 -16.9119 3
      vertex -5.98282 -16.8038 4.5
      vertex -6.24377 -16.9119 4.5
    endloop
  endfacet
  facet normal 0.382717 -0.923866 0
    outer loop
      vertex -5.98282 -16.8038 4.5
      vertex -6.24377 -16.9119 3
      vertex -5.98282 -16.8038 3
    endloop
  endfacet
  facet normal 0.522548 -0.85261 0
    outer loop
      vertex -5.98282 -16.8038 3
      vertex -5.74199 -16.6562 4.5
      vertex -5.98282 -16.8038 4.5
    endloop
  endfacet
  facet normal 0.522548 -0.85261 0
    outer loop
      vertex -5.74199 -16.6562 4.5
      vertex -5.98282 -16.8038 3
      vertex -5.74199 -16.6562 3
    endloop
  endfacet
  facet normal 0.649385 -0.76046 0
    outer loop
      vertex -5.74199 -16.6562 3
      vertex -5.52722 -16.4728 4.5
      vertex -5.74199 -16.6562 4.5
    endloop
  endfacet
  facet normal 0.649385 -0.76046 0
    outer loop
      vertex -5.52722 -16.4728 4.5
      vertex -5.74199 -16.6562 3
      vertex -5.52722 -16.4728 3
    endloop
  endfacet
  facet normal 0.760435 -0.649414 0
    outer loop
      vertex -5.52722 -16.4728 4.5
      vertex -5.34378 -16.258 3
      vertex -5.34378 -16.258 4.5
    endloop
  endfacet
  facet normal 0.760435 -0.649414 0
    outer loop
      vertex -5.34378 -16.258 3
      vertex -5.52722 -16.4728 4.5
      vertex -5.52722 -16.4728 3
    endloop
  endfacet
  facet normal 0.852612 -0.522544 0
    outer loop
      vertex -5.34378 -16.258 4.5
      vertex -5.1962 -16.0172 3
      vertex -5.1962 -16.0172 4.5
    endloop
  endfacet
  facet normal 0.852612 -0.522544 0
    outer loop
      vertex -5.1962 -16.0172 3
      vertex -5.34378 -16.258 4.5
      vertex -5.34378 -16.258 3
    endloop
  endfacet
  facet normal 0.923892 -0.382654 0
    outer loop
      vertex -5.1962 -16.0172 4.5
      vertex -5.0881 -15.7562 3
      vertex -5.0881 -15.7562 4.5
    endloop
  endfacet
  facet normal 0.923892 -0.382654 0
    outer loop
      vertex -5.0881 -15.7562 3
      vertex -5.1962 -16.0172 4.5
      vertex -5.1962 -16.0172 3
    endloop
  endfacet
  facet normal 0.972366 -0.23346 0
    outer loop
      vertex -5.0881 -15.7562 4.5
      vertex -5.02217 -15.4816 3
      vertex -5.02217 -15.4816 4.5
    endloop
  endfacet
  facet normal 0.972366 -0.23346 0
    outer loop
      vertex -5.02217 -15.4816 3
      vertex -5.0881 -15.7562 4.5
      vertex -5.0881 -15.7562 3
    endloop
  endfacet
  facet normal 0.996915 -0.0784858 0
    outer loop
      vertex -5.02217 -15.4816 4.5
      vertex -5 -15.2 3
      vertex -5 -15.2 4.5
    endloop
  endfacet
  facet normal 0.996915 -0.0784858 0
    outer loop
      vertex -5 -15.2 3
      vertex -5.02217 -15.4816 4.5
      vertex -5.02217 -15.4816 3
    endloop
  endfacet
  facet normal 1 -0 0
    outer loop
      vertex -5 -15.2 4.5
      vertex -5 -8.8 3
      vertex -5 -8.8 4.5
    endloop
  endfacet
  facet normal 1 0 0
    outer loop
      vertex -5 -8.8 3
      vertex -5 -15.2 4.5
      vertex -5 -15.2 3
    endloop
  endfacet
  facet normal 0.996915 0.0784941 0
    outer loop
      vertex -5 -8.8 4.5
      vertex -5.02217 -8.51843 3
      vertex -5.02217 -8.51843 4.5
    endloop
  endfacet
  facet normal 0.996915 0.0784941 0
    outer loop
      vertex -5.02217 -8.51843 3
      vertex -5 -8.8 4.5
      vertex -5 -8.8 3
    endloop
  endfacet
  facet normal 0.972378 0.233412 0
    outer loop
      vertex -5.02217 -8.51843 4.5
      vertex -5.0881 -8.24377 3
      vertex -5.0881 -8.24377 4.5
    endloop
  endfacet
  facet normal 0.972378 0.233412 0
    outer loop
      vertex -5.0881 -8.24377 3
      vertex -5.02217 -8.51843 4.5
      vertex -5.02217 -8.51843 3
    endloop
  endfacet
  facet normal 0.923857 0.382739 0
    outer loop
      vertex -5.0881 -8.24377 4.5
      vertex -5.18909 -8 3
      vertex -5.18909 -8 4.5
    endloop
  endfacet
  facet normal 0.923857 0.382739 0
    outer loop
      vertex -5.18909 -8 3
      vertex -5.0881 -8.24377 4.5
      vertex -5.0881 -8.24377 3
    endloop
  endfacet
  facet normal 0 -1 0
    outer loop
      vertex -5.18909 -8 3
      vertex -2.81091 -8 4.5
      vertex -5.18909 -8 4.5
    endloop
  endfacet
  facet normal 0 -1 -0
    outer loop
      vertex -2.81091 -8 4.5
      vertex -5.18909 -8 3
      vertex -2.81091 -8 3
    endloop
  endfacet
  facet normal -0.923857 0.382739 0
    outer loop
      vertex -2.9119 -8.24377 3
      vertex -2.81091 -8 4.5
      vertex -2.81091 -8 3
    endloop
  endfacet
  facet normal -0.923857 0.382739 0
    outer loop
      vertex -2.81091 -8 4.5
      vertex -2.9119 -8.24377 3
      vertex -2.9119 -8.24377 4.5
    endloop
  endfacet
  facet normal -0.972378 0.233412 0
    outer loop
      vertex -2.97783 -8.51843 3
      vertex -2.9119 -8.24377 4.5
      vertex -2.9119 -8.24377 3
    endloop
  endfacet
  facet normal -0.972378 0.233412 0
    outer loop
      vertex -2.9119 -8.24377 4.5
      vertex -2.97783 -8.51843 3
      vertex -2.97783 -8.51843 4.5
    endloop
  endfacet
  facet normal -0.996915 0.0784941 0
    outer loop
      vertex -3 -8.8 3
      vertex -2.97783 -8.51843 4.5
      vertex -2.97783 -8.51843 3
    endloop
  endfacet
  facet normal -0.996915 0.0784941 0
    outer loop
      vertex -2.97783 -8.51843 4.5
      vertex -3 -8.8 3
      vertex -3 -8.8 4.5
    endloop
  endfacet
  facet normal -1 0 0
    outer loop
      vertex -3 -15.2 3
      vertex -3 -8.8 4.5
      vertex -3 -8.8 3
    endloop
  endfacet
  facet normal -1 -0 0
    outer loop
      vertex -3 -8.8 4.5
      vertex -3 -15.2 3
      vertex -3 -15.2 4.5
    endloop
  endfacet
  facet normal -0.996915 -0.0784858 0
    outer loop
      vertex -2.97783 -15.4816 3
      vertex -3 -15.2 4.5
      vertex -3 -15.2 3
    endloop
  endfacet
  facet normal -0.996915 -0.0784858 0
    outer loop
      vertex -3 -15.2 4.5
      vertex -2.97783 -15.4816 3
      vertex -2.97783 -15.4816 4.5
    endloop
  endfacet
  facet normal -0.972366 -0.23346 0
    outer loop
      vertex -2.9119 -15.7562 3
      vertex -2.97783 -15.4816 4.5
      vertex -2.97783 -15.4816 3
    endloop
  endfacet
  facet normal -0.972366 -0.23346 0
    outer loop
      vertex -2.97783 -15.4816 4.5
      vertex -2.9119 -15.7562 3
      vertex -2.9119 -15.7562 4.5
    endloop
  endfacet
  facet normal -0.923892 -0.382654 0
    outer loop
      vertex -2.8038 -16.0172 3
      vertex -2.9119 -15.7562 4.5
      vertex -2.9119 -15.7562 3
    endloop
  endfacet
  facet normal -0.923892 -0.382654 0
    outer loop
      vertex -2.9119 -15.7562 4.5
      vertex -2.8038 -16.0172 3
      vertex -2.8038 -16.0172 4.5
    endloop
  endfacet
  facet normal -0.852612 -0.522544 0
    outer loop
      vertex -2.65622 -16.258 3
      vertex -2.8038 -16.0172 4.5
      vertex -2.8038 -16.0172 3
    endloop
  endfacet
  facet normal -0.852612 -0.522544 0
    outer loop
      vertex -2.8038 -16.0172 4.5
      vertex -2.65622 -16.258 3
      vertex -2.65622 -16.258 4.5
    endloop
  endfacet
  facet normal -0.760435 -0.649414 0
    outer loop
      vertex -2.47278 -16.4728 3
      vertex -2.65622 -16.258 4.5
      vertex -2.65622 -16.258 3
    endloop
  endfacet
  facet normal -0.760435 -0.649414 0
    outer loop
      vertex -2.65622 -16.258 4.5
      vertex -2.47278 -16.4728 3
      vertex -2.47278 -16.4728 4.5
    endloop
  endfacet
  facet normal -0.649385 -0.76046 0
    outer loop
      vertex -2.47278 -16.4728 3
      vertex -2.25801 -16.6562 4.5
      vertex -2.47278 -16.4728 4.5
    endloop
  endfacet
  facet normal -0.649385 -0.76046 -0
    outer loop
      vertex -2.25801 -16.6562 4.5
      vertex -2.47278 -16.4728 3
      vertex -2.25801 -16.6562 3
    endloop
  endfacet
  facet normal -0.522548 -0.85261 0
    outer loop
      vertex -2.25801 -16.6562 3
      vertex -2.01718 -16.8038 4.5
      vertex -2.25801 -16.6562 4.5
    endloop
  endfacet
  facet normal -0.522548 -0.85261 -0
    outer loop
      vertex -2.01718 -16.8038 4.5
      vertex -2.25801 -16.6562 3
      vertex -2.01718 -16.8038 3
    endloop
  endfacet
  facet normal -0.382717 -0.923866 0
    outer loop
      vertex -2.01718 -16.8038 3
      vertex -1.75623 -16.9119 4.5
      vertex -2.01718 -16.8038 4.5
    endloop
  endfacet
  facet normal -0.382717 -0.923866 -0
    outer loop
      vertex -1.75623 -16.9119 4.5
      vertex -2.01718 -16.8038 3
      vertex -1.75623 -16.9119 3
    endloop
  endfacet
  facet normal -0.233311 -0.972402 0
    outer loop
      vertex -1.75623 -16.9119 3
      vertex -1.48157 -16.9778 4.5
      vertex -1.75623 -16.9119 4.5
    endloop
  endfacet
  facet normal -0.233311 -0.972402 -0
    outer loop
      vertex -1.48157 -16.9778 4.5
      vertex -1.75623 -16.9119 3
      vertex -1.48157 -16.9778 3
    endloop
  endfacet
  facet normal -0.0785997 -0.996906 0
    outer loop
      vertex -1.48157 -16.9778 3
      vertex -1.2 -17 4.5
      vertex -1.48157 -16.9778 4.5
    endloop
  endfacet
  facet normal -0.0785997 -0.996906 -0
    outer loop
      vertex -1.2 -17 4.5
      vertex -1.48157 -16.9778 3
      vertex -1.2 -17 3
    endloop
  endfacet
  facet normal 0 -1 0
    outer loop
      vertex -1.2 -17 3
      vertex -0.800003 -17 4.5
      vertex -1.2 -17 4.5
    endloop
  endfacet
  facet normal 0 -1 -0
    outer loop
      vertex -0.800003 -17 4.5
      vertex -1.2 -17 3
      vertex -0.800003 -17 3
    endloop
  endfacet
  facet normal 0.0785997 -0.996906 0
    outer loop
      vertex -0.800003 -17 3
      vertex -0.518433 -16.9778 4.5
      vertex -0.800003 -17 4.5
    endloop
  endfacet
  facet normal 0.0785997 -0.996906 0
    outer loop
      vertex -0.518433 -16.9778 4.5
      vertex -0.800003 -17 3
      vertex -0.518433 -16.9778 3
    endloop
  endfacet
  facet normal 0.233312 -0.972402 0
    outer loop
      vertex -0.518433 -16.9778 3
      vertex -0.243774 -16.9119 4.5
      vertex -0.518433 -16.9778 4.5
    endloop
  endfacet
  facet normal 0.233312 -0.972402 0
    outer loop
      vertex -0.243774 -16.9119 4.5
      vertex -0.518433 -16.9778 3
      vertex -0.243774 -16.9119 3
    endloop
  endfacet
  facet normal 0.38271 -0.923869 0
    outer loop
      vertex -0.243774 -16.9119 3
      vertex 0.0171814 -16.8038 4.5
      vertex -0.243774 -16.9119 4.5
    endloop
  endfacet
  facet normal 0.38271 -0.923869 0
    outer loop
      vertex 0.0171814 -16.8038 4.5
      vertex -0.243774 -16.9119 3
      vertex 0.0171814 -16.8038 3
    endloop
  endfacet
  facet normal 0.522549 -0.85261 0
    outer loop
      vertex 0.0171814 -16.8038 3
      vertex 0.258011 -16.6562 4.5
      vertex 0.0171814 -16.8038 4.5
    endloop
  endfacet
  facet normal 0.522549 -0.85261 0
    outer loop
      vertex 0.258011 -16.6562 4.5
      vertex 0.0171814 -16.8038 3
      vertex 0.258011 -16.6562 3
    endloop
  endfacet
  facet normal 0.64939 -0.760456 0
    outer loop
      vertex 0.258011 -16.6562 3
      vertex 0.472778 -16.4728 4.5
      vertex 0.258011 -16.6562 4.5
    endloop
  endfacet
  facet normal 0.64939 -0.760456 0
    outer loop
      vertex 0.472778 -16.4728 4.5
      vertex 0.258011 -16.6562 3
      vertex 0.472778 -16.4728 3
    endloop
  endfacet
  facet normal 0.760433 -0.649416 0
    outer loop
      vertex 0.472778 -16.4728 4.5
      vertex 0.656219 -16.258 3
      vertex 0.656219 -16.258 4.5
    endloop
  endfacet
  facet normal 0.760433 -0.649416 0
    outer loop
      vertex 0.656219 -16.258 3
      vertex 0.472778 -16.4728 4.5
      vertex 0.472778 -16.4728 3
    endloop
  endfacet
  facet normal 0.852608 -0.522552 0
    outer loop
      vertex 0.656219 -16.258 4.5
      vertex 0.803802 -16.0172 3
      vertex 0.803802 -16.0172 4.5
    endloop
  endfacet
  facet normal 0.852608 -0.522552 0
    outer loop
      vertex 0.803802 -16.0172 3
      vertex 0.656219 -16.258 4.5
      vertex 0.656219 -16.258 3
    endloop
  endfacet
  facet normal 0.923899 -0.382636 0
    outer loop
      vertex 0.803802 -16.0172 4.5
      vertex 0.911896 -15.7562 3
      vertex 0.911896 -15.7562 4.5
    endloop
  endfacet
  facet normal 0.923899 -0.382636 0
    outer loop
      vertex 0.911896 -15.7562 3
      vertex 0.803802 -16.0172 4.5
      vertex 0.803802 -16.0172 3
    endloop
  endfacet
  facet normal 0.972364 -0.23347 0
    outer loop
      vertex 0.911896 -15.7562 4.5
      vertex 0.977829 -15.4816 3
      vertex 0.977829 -15.4816 4.5
    endloop
  endfacet
  facet normal 0.972364 -0.23347 0
    outer loop
      vertex 0.977829 -15.4816 3
      vertex 0.911896 -15.7562 4.5
      vertex 0.911896 -15.7562 3
    endloop
  endfacet
  facet normal 0.996915 -0.0784894 0
    outer loop
      vertex 0.977829 -15.4816 4.5
      vertex 1 -15.2 3
      vertex 1 -15.2 4.5
    endloop
  endfacet
  facet normal 0.996915 -0.0784894 0
    outer loop
      vertex 1 -15.2 3
      vertex 0.977829 -15.4816 4.5
      vertex 0.977829 -15.4816 3
    endloop
  endfacet
  facet normal 1 -0 0
    outer loop
      vertex 1 -15.2 4.5
      vertex 1 -8.8 3
      vertex 1 -8.8 4.5
    endloop
  endfacet
  facet normal 1 0 0
    outer loop
      vertex 1 -8.8 3
      vertex 1 -15.2 4.5
      vertex 1 -15.2 3
    endloop
  endfacet
  facet normal 0.996914 0.0784977 0
    outer loop
      vertex 1 -8.8 4.5
      vertex 0.977829 -8.51843 3
      vertex 0.977829 -8.51843 4.5
    endloop
  endfacet
  facet normal 0.996914 0.0784977 0
    outer loop
      vertex 0.977829 -8.51843 3
      vertex 1 -8.8 4.5
      vertex 1 -8.8 3
    endloop
  endfacet
  facet normal 0.972376 0.233422 0
    outer loop
      vertex 0.977829 -8.51843 4.5
      vertex 0.911896 -8.24377 3
      vertex 0.911896 -8.24377 4.5
    endloop
  endfacet
  facet normal 0.972376 0.233422 0
    outer loop
      vertex 0.911896 -8.24377 3
      vertex 0.977829 -8.51843 4.5
      vertex 0.977829 -8.51843 3
    endloop
  endfacet
  facet normal 0.923866 0.382716 0
    outer loop
      vertex 0.911896 -8.24377 4.5
      vertex 0.810913 -8 3
      vertex 0.810913 -8 4.5
    endloop
  endfacet
  facet normal 0.923866 0.382716 0
    outer loop
      vertex 0.810913 -8 3
      vertex 0.911896 -8.24377 4.5
      vertex 0.911896 -8.24377 3
    endloop
  endfacet
  facet normal 0 -1 0
    outer loop
      vertex 0.810913 -8 3
      vertex 5.18909 -8 4.5
      vertex 0.810913 -8 4.5
    endloop
  endfacet
  facet normal 0 -1 -0
    outer loop
      vertex 5.18909 -8 4.5
      vertex 0.810913 -8 3
      vertex 5.18909 -8 3
    endloop
  endfacet
  facet normal -0.923857 0.382739 0
    outer loop
      vertex 5.0881 -8.24377 3
      vertex 5.18909 -8 4.5
      vertex 5.18909 -8 3
    endloop
  endfacet
  facet normal -0.923857 0.382739 0
    outer loop
      vertex 5.18909 -8 4.5
      vertex 5.0881 -8.24377 3
      vertex 5.0881 -8.24377 4.5
    endloop
  endfacet
  facet normal -0.972378 0.233412 0
    outer loop
      vertex 5.02217 -8.51843 3
      vertex 5.0881 -8.24377 4.5
      vertex 5.0881 -8.24377 3
    endloop
  endfacet
  facet normal -0.972378 0.233412 0
    outer loop
      vertex 5.0881 -8.24377 4.5
      vertex 5.02217 -8.51843 3
      vertex 5.02217 -8.51843 4.5
    endloop
  endfacet
  facet normal -0.996915 0.0784941 0
    outer loop
      vertex 5 -8.8 3
      vertex 5.02217 -8.51843 4.5
      vertex 5.02217 -8.51843 3
    endloop
  endfacet
  facet normal -0.996915 0.0784941 0
    outer loop
      vertex 5.02217 -8.51843 4.5
      vertex 5 -8.8 3
      vertex 5 -8.8 4.5
    endloop
  endfacet
  facet normal -1 0 0
    outer loop
      vertex 5 -15.2 3
      vertex 5 -8.8 4.5
      vertex 5 -8.8 3
    endloop
  endfacet
  facet normal -1 -0 0
    outer loop
      vertex 5 -8.8 4.5
      vertex 5 -15.2 3
      vertex 5 -15.2 4.5
    endloop
  endfacet
  facet normal -0.996915 -0.0784858 0
    outer loop
      vertex 5.02217 -15.4816 3
      vertex 5 -15.2 4.5
      vertex 5 -15.2 3
    endloop
  endfacet
  facet normal -0.996915 -0.0784858 0
    outer loop
      vertex 5 -15.2 4.5
      vertex 5.02217 -15.4816 3
      vertex 5.02217 -15.4816 4.5
    endloop
  endfacet
  facet normal -0.972366 -0.23346 0
    outer loop
      vertex 5.0881 -15.7562 3
      vertex 5.02217 -15.4816 4.5
      vertex 5.02217 -15.4816 3
    endloop
  endfacet
  facet normal -0.972366 -0.23346 0
    outer loop
      vertex 5.02217 -15.4816 4.5
      vertex 5.0881 -15.7562 3
      vertex 5.0881 -15.7562 4.5
    endloop
  endfacet
  facet normal -0.923892 -0.382654 0
    outer loop
      vertex 5.1962 -16.0172 3
      vertex 5.0881 -15.7562 4.5
      vertex 5.0881 -15.7562 3
    endloop
  endfacet
  facet normal -0.923892 -0.382654 0
    outer loop
      vertex 5.0881 -15.7562 4.5
      vertex 5.1962 -16.0172 3
      vertex 5.1962 -16.0172 4.5
    endloop
  endfacet
  facet normal -0.852612 -0.522544 0
    outer loop
      vertex 5.34378 -16.258 3
      vertex 5.1962 -16.0172 4.5
      vertex 5.1962 -16.0172 3
    endloop
  endfacet
  facet normal -0.852612 -0.522544 0
    outer loop
      vertex 5.1962 -16.0172 4.5
      vertex 5.34378 -16.258 3
      vertex 5.34378 -16.258 4.5
    endloop
  endfacet
  facet normal -0.760435 -0.649414 0
    outer loop
      vertex 5.52722 -16.4728 3
      vertex 5.34378 -16.258 4.5
      vertex 5.34378 -16.258 3
    endloop
  endfacet
  facet normal -0.760435 -0.649414 0
    outer loop
      vertex 5.34378 -16.258 4.5
      vertex 5.52722 -16.4728 3
      vertex 5.52722 -16.4728 4.5
    endloop
  endfacet
  facet normal -0.649385 -0.76046 0
    outer loop
      vertex 5.52722 -16.4728 3
      vertex 5.74199 -16.6562 4.5
      vertex 5.52722 -16.4728 4.5
    endloop
  endfacet
  facet normal -0.649385 -0.76046 -0
    outer loop
      vertex 5.74199 -16.6562 4.5
      vertex 5.52722 -16.4728 3
      vertex 5.74199 -16.6562 3
    endloop
  endfacet
  facet normal -0.522548 -0.85261 0
    outer loop
      vertex 5.74199 -16.6562 3
      vertex 5.98282 -16.8038 4.5
      vertex 5.74199 -16.6562 4.5
    endloop
  endfacet
  facet normal -0.522548 -0.85261 -0
    outer loop
      vertex 5.98282 -16.8038 4.5
      vertex 5.74199 -16.6562 3
      vertex 5.98282 -16.8038 3
    endloop
  endfacet
  facet normal -0.382717 -0.923866 0
    outer loop
      vertex 5.98282 -16.8038 3
      vertex 6.24377 -16.9119 4.5
      vertex 5.98282 -16.8038 4.5
    endloop
  endfacet
  facet normal -0.382717 -0.923866 -0
    outer loop
      vertex 6.24377 -16.9119 4.5
      vertex 5.98282 -16.8038 3
      vertex 6.24377 -16.9119 3
    endloop
  endfacet
  facet normal -0.233311 -0.972402 0
    outer loop
      vertex 6.24377 -16.9119 3
      vertex 6.51843 -16.9778 4.5
      vertex 6.24377 -16.9119 4.5
    endloop
  endfacet
  facet normal -0.233311 -0.972402 -0
    outer loop
      vertex 6.51843 -16.9778 4.5
      vertex 6.24377 -16.9119 3
      vertex 6.51843 -16.9778 3
    endloop
  endfacet
  facet normal -0.0785997 -0.996906 0
    outer loop
      vertex 6.51843 -16.9778 3
      vertex 6.8 -17 4.5
      vertex 6.51843 -16.9778 4.5
    endloop
  endfacet
  facet normal -0.0785997 -0.996906 -0
    outer loop
      vertex 6.8 -17 4.5
      vertex 6.51843 -16.9778 3
      vertex 6.8 -17 3
    endloop
  endfacet
  facet normal 0 -1 0
    outer loop
      vertex 6.8 -17 3
      vertex 7.2 -17 4.5
      vertex 6.8 -17 4.5
    endloop
  endfacet
  facet normal 0 -1 -0
    outer loop
      vertex 7.2 -17 4.5
      vertex 6.8 -17 3
      vertex 7.2 -17 3
    endloop
  endfacet
  facet normal 0.0785997 -0.996906 0
    outer loop
      vertex 7.2 -17 3
      vertex 7.48157 -16.9778 4.5
      vertex 7.2 -17 4.5
    endloop
  endfacet
  facet normal 0.0785997 -0.996906 0
    outer loop
      vertex 7.48157 -16.9778 4.5
      vertex 7.2 -17 3
      vertex 7.48157 -16.9778 3
    endloop
  endfacet
  facet normal 0.233311 -0.972402 0
    outer loop
      vertex 7.48157 -16.9778 3
      vertex 7.75623 -16.9119 4.5
      vertex 7.48157 -16.9778 4.5
    endloop
  endfacet
  facet normal 0.233311 -0.972402 0
    outer loop
      vertex 7.75623 -16.9119 4.5
      vertex 7.48157 -16.9778 3
      vertex 7.75623 -16.9119 3
    endloop
  endfacet
  facet normal 0.382717 -0.923866 0
    outer loop
      vertex 7.75623 -16.9119 3
      vertex 8.01718 -16.8038 4.5
      vertex 7.75623 -16.9119 4.5
    endloop
  endfacet
  facet normal 0.382717 -0.923866 0
    outer loop
      vertex 8.01718 -16.8038 4.5
      vertex 7.75623 -16.9119 3
      vertex 8.01718 -16.8038 3
    endloop
  endfacet
  facet normal 0.522548 -0.85261 0
    outer loop
      vertex 8.01718 -16.8038 3
      vertex 8.25801 -16.6562 4.5
      vertex 8.01718 -16.8038 4.5
    endloop
  endfacet
  facet normal 0.522548 -0.85261 0
    outer loop
      vertex 8.25801 -16.6562 4.5
      vertex 8.01718 -16.8038 3
      vertex 8.25801 -16.6562 3
    endloop
  endfacet
  facet normal 0.649385 -0.76046 0
    outer loop
      vertex 8.25801 -16.6562 3
      vertex 8.47278 -16.4728 4.5
      vertex 8.25801 -16.6562 4.5
    endloop
  endfacet
  facet normal 0.649385 -0.76046 0
    outer loop
      vertex 8.47278 -16.4728 4.5
      vertex 8.25801 -16.6562 3
      vertex 8.47278 -16.4728 3
    endloop
  endfacet
  facet normal 0.760435 -0.649414 0
    outer loop
      vertex 8.47278 -16.4728 4.5
      vertex 8.65622 -16.258 3
      vertex 8.65622 -16.258 4.5
    endloop
  endfacet
  facet normal 0.760435 -0.649414 0
    outer loop
      vertex 8.65622 -16.258 3
      vertex 8.47278 -16.4728 4.5
      vertex 8.47278 -16.4728 3
    endloop
  endfacet
  facet normal 0.852612 -0.522544 0
    outer loop
      vertex 8.65622 -16.258 4.5
      vertex 8.8038 -16.0172 3
      vertex 8.8038 -16.0172 4.5
    endloop
  endfacet
  facet normal 0.852612 -0.522544 0
    outer loop
      vertex 8.8038 -16.0172 3
      vertex 8.65622 -16.258 4.5
      vertex 8.65622 -16.258 3
    endloop
  endfacet
  facet normal 0.923892 -0.382654 0
    outer loop
      vertex 8.8038 -16.0172 4.5
      vertex 8.9119 -15.7562 3
      vertex 8.9119 -15.7562 4.5
    endloop
  endfacet
  facet normal 0.923892 -0.382654 0
    outer loop
      vertex 8.9119 -15.7562 3
      vertex 8.8038 -16.0172 4.5
      vertex 8.8038 -16.0172 3
    endloop
  endfacet
  facet normal 0.972366 -0.23346 0
    outer loop
      vertex 8.9119 -15.7562 4.5
      vertex 8.97783 -15.4816 3
      vertex 8.97783 -15.4816 4.5
    endloop
  endfacet
  facet normal 0.972366 -0.23346 0
    outer loop
      vertex 8.97783 -15.4816 3
      vertex 8.9119 -15.7562 4.5
      vertex 8.9119 -15.7562 3
    endloop
  endfacet
  facet normal 0.996915 -0.0784858 0
    outer loop
      vertex 8.97783 -15.4816 4.5
      vertex 9 -15.2 3
      vertex 9 -15.2 4.5
    endloop
  endfacet
  facet normal 0.996915 -0.0784858 0
    outer loop
      vertex 9 -15.2 3
      vertex 8.97783 -15.4816 4.5
      vertex 8.97783 -15.4816 3
    endloop
  endfacet
  facet normal 1 -0 0
    outer loop
      vertex 9 -15.2 4.5
      vertex 9 -8.8 3
      vertex 9 -8.8 4.5
    endloop
  endfacet
  facet normal 1 0 0
    outer loop
      vertex 9 -8.8 3
      vertex 9 -15.2 4.5
      vertex 9 -15.2 3
    endloop
  endfacet
  facet normal 0.996915 0.0784941 0
    outer loop
      vertex 9 -8.8 4.5
      vertex 8.97783 -8.51843 3
      vertex 8.97783 -8.51843 4.5
    endloop
  endfacet
  facet normal 0.996915 0.0784941 0
    outer loop
      vertex 8.97783 -8.51843 3
      vertex 9 -8.8 4.5
      vertex 9 -8.8 3
    endloop
  endfacet
  facet normal 0.972378 0.233412 0
    outer loop
      vertex 8.97783 -8.51843 4.5
      vertex 8.9119 -8.24377 3
      vertex 8.9119 -8.24377 4.5
    endloop
  endfacet
  facet normal 0.972378 0.233412 0
    outer loop
      vertex 8.9119 -8.24377 3
      vertex 8.97783 -8.51843 4.5
      vertex 8.97783 -8.51843 3
    endloop
  endfacet
  facet normal 0.923857 0.382739 0
    outer loop
      vertex 8.9119 -8.24377 4.5
      vertex 8.81091 -8 3
      vertex 8.81091 -8 4.5
    endloop
  endfacet
  facet normal 0.923857 0.382739 0
    outer loop
      vertex 8.81091 -8 3
      vertex 8.9119 -8.24377 4.5
      vertex 8.9119 -8.24377 3
    endloop
  endfacet
  facet normal 0 -1 0
    outer loop
      vertex 8.81091 -8 3
      vertex 10 -8 4.5
      vertex 8.81091 -8 4.5
    endloop
  endfacet
  facet normal 0 -1 -0
    outer loop
      vertex 10 -8 4.5
      vertex 8.81091 -8 3
      vertex 10 -8 3
    endloop
  endfacet
  facet normal 0.0784712 -0.996916 0
    outer loop
      vertex 10 -8 3
      vertex 10.7822 -7.93843 4.5
      vertex 10 -8 4.5
    endloop
  endfacet
  facet normal 0.0784712 -0.996916 0
    outer loop
      vertex 10.7822 -7.93843 4.5
      vertex 10 -8 3
      vertex 10.7822 -7.93843 3
    endloop
  endfacet
  facet normal 0.23344 -0.972371 0
    outer loop
      vertex 10.7822 -7.93843 3
      vertex 11.2995 -7.81424 4.5
      vertex 10.7822 -7.93843 4.5
    endloop
  endfacet
  facet normal 0.23344 -0.972371 0
    outer loop
      vertex 11.2995 -7.81424 4.5
      vertex 10.7822 -7.93843 3
      vertex 11.2995 -7.81424 3
    endloop
  endfacet
  facet normal -0.852654 0.522477 0
    outer loop
      vertex 11.1962 -7.98282 3
      vertex 11.2995 -7.81424 4.5
      vertex 11.2995 -7.81424 3
    endloop
  endfacet
  facet normal -0.852654 0.522477 0
    outer loop
      vertex 11.2995 -7.81424 4.5
      vertex 11.1962 -7.98282 3
      vertex 11.1962 -7.98282 4.5
    endloop
  endfacet
  facet normal -0.923866 0.382717 0
    outer loop
      vertex 11.0881 -8.24377 3
      vertex 11.1962 -7.98282 4.5
      vertex 11.1962 -7.98282 3
    endloop
  endfacet
  facet normal -0.923866 0.382717 0
    outer loop
      vertex 11.1962 -7.98282 4.5
      vertex 11.0881 -8.24377 3
      vertex 11.0881 -8.24377 4.5
    endloop
  endfacet
  facet normal -0.972402 0.233311 0
    outer loop
      vertex 11.0222 -8.51843 3
      vertex 11.0881 -8.24377 4.5
      vertex 11.0881 -8.24377 3
    endloop
  endfacet
  facet normal -0.972402 0.233311 0
    outer loop
      vertex 11.0881 -8.24377 4.5
      vertex 11.0222 -8.51843 3
      vertex 11.0222 -8.51843 4.5
    endloop
  endfacet
  facet normal -0.996906 0.0785997 0
    outer loop
      vertex 11 -8.8 3
      vertex 11.0222 -8.51843 4.5
      vertex 11.0222 -8.51843 3
    endloop
  endfacet
  facet normal -0.996906 0.0785997 0
    outer loop
      vertex 11.0222 -8.51843 4.5
      vertex 11 -8.8 3
      vertex 11 -8.8 4.5
    endloop
  endfacet
  facet normal -1 0 0
    outer loop
      vertex 11 -15.2 3
      vertex 11 -8.8 4.5
      vertex 11 -8.8 3
    endloop
  endfacet
  facet normal -1 -0 0
    outer loop
      vertex 11 -8.8 4.5
      vertex 11 -15.2 3
      vertex 11 -15.2 4.5
    endloop
  endfacet
  facet normal -0.996907 -0.0785914 0
    outer loop
      vertex 11.0222 -15.4816 3
      vertex 11 -15.2 4.5
      vertex 11 -15.2 3
    endloop
  endfacet
  facet normal -0.996907 -0.0785914 0
    outer loop
      vertex 11 -15.2 4.5
      vertex 11.0222 -15.4816 3
      vertex 11.0222 -15.4816 4.5
    endloop
  endfacet
  facet normal -0.972391 -0.23336 0
    outer loop
      vertex 11.0881 -15.7562 3
      vertex 11.0222 -15.4816 4.5
      vertex 11.0222 -15.4816 3
    endloop
  endfacet
  facet normal -0.972391 -0.23336 0
    outer loop
      vertex 11.0222 -15.4816 4.5
      vertex 11.0881 -15.7562 3
      vertex 11.0881 -15.7562 4.5
    endloop
  endfacet
  facet normal -0.923892 -0.382654 0
    outer loop
      vertex 11.1962 -16.0172 3
      vertex 11.0881 -15.7562 4.5
      vertex 11.0881 -15.7562 3
    endloop
  endfacet
  facet normal -0.923892 -0.382654 0
    outer loop
      vertex 11.0881 -15.7562 4.5
      vertex 11.1962 -16.0172 3
      vertex 11.1962 -16.0172 4.5
    endloop
  endfacet
  facet normal -0.852581 -0.522595 0
    outer loop
      vertex 11.3438 -16.258 3
      vertex 11.1962 -16.0172 4.5
      vertex 11.1962 -16.0172 3
    endloop
  endfacet
  facet normal -0.852581 -0.522595 0
    outer loop
      vertex 11.1962 -16.0172 4.5
      vertex 11.3438 -16.258 3
      vertex 11.3438 -16.258 4.5
    endloop
  endfacet
  facet normal -0.760505 -0.649332 0
    outer loop
      vertex 11.5272 -16.4728 3
      vertex 11.3438 -16.258 4.5
      vertex 11.3438 -16.258 3
    endloop
  endfacet
  facet normal -0.760505 -0.649332 0
    outer loop
      vertex 11.3438 -16.258 4.5
      vertex 11.5272 -16.4728 3
      vertex 11.5272 -16.4728 4.5
    endloop
  endfacet
  facet normal -0.649332 -0.760505 0
    outer loop
      vertex 11.5272 -16.4728 3
      vertex 11.742 -16.6562 4.5
      vertex 11.5272 -16.4728 4.5
    endloop
  endfacet
  facet normal -0.649332 -0.760505 -0
    outer loop
      vertex 11.742 -16.6562 4.5
      vertex 11.5272 -16.4728 3
      vertex 11.742 -16.6562 3
    endloop
  endfacet
  facet normal -0.522595 -0.852581 0
    outer loop
      vertex 11.742 -16.6562 3
      vertex 11.9828 -16.8038 4.5
      vertex 11.742 -16.6562 4.5
    endloop
  endfacet
  facet normal -0.522595 -0.852581 -0
    outer loop
      vertex 11.9828 -16.8038 4.5
      vertex 11.742 -16.6562 3
      vertex 11.9828 -16.8038 3
    endloop
  endfacet
  facet normal -0.382654 -0.923892 0
    outer loop
      vertex 11.9828 -16.8038 3
      vertex 12.2438 -16.9119 4.5
      vertex 11.9828 -16.8038 4.5
    endloop
  endfacet
  facet normal -0.382654 -0.923892 -0
    outer loop
      vertex 12.2438 -16.9119 4.5
      vertex 11.9828 -16.8038 3
      vertex 12.2438 -16.9119 3
    endloop
  endfacet
  facet normal -0.23336 -0.972391 0
    outer loop
      vertex 12.2438 -16.9119 3
      vertex 12.5184 -16.9778 4.5
      vertex 12.2438 -16.9119 4.5
    endloop
  endfacet
  facet normal -0.23336 -0.972391 -0
    outer loop
      vertex 12.5184 -16.9778 4.5
      vertex 12.2438 -16.9119 3
      vertex 12.5184 -16.9778 3
    endloop
  endfacet
  facet normal -0.0785914 -0.996907 0
    outer loop
      vertex 12.5184 -16.9778 3
      vertex 12.8 -17 4.5
      vertex 12.5184 -16.9778 4.5
    endloop
  endfacet
  facet normal -0.0785914 -0.996907 -0
    outer loop
      vertex 12.8 -17 4.5
      vertex 12.5184 -16.9778 3
      vertex 12.8 -17 3
    endloop
  endfacet
  facet normal 0 -1 0
    outer loop
      vertex 12.8 -17 3
      vertex 13.2 -17 4.5
      vertex 12.8 -17 4.5
    endloop
  endfacet
  facet normal 0 -1 -0
    outer loop
      vertex 13.2 -17 4.5
      vertex 12.8 -17 3
      vertex 13.2 -17 3
    endloop
  endfacet
  facet normal 0.0785914 -0.996907 0
    outer loop
      vertex 13.2 -17 3
      vertex 13.4816 -16.9778 4.5
      vertex 13.2 -17 4.5
    endloop
  endfacet
  facet normal 0.0785914 -0.996907 0
    outer loop
      vertex 13.4816 -16.9778 4.5
      vertex 13.2 -17 3
      vertex 13.4816 -16.9778 3
    endloop
  endfacet
  facet normal 0.23336 -0.972391 0
    outer loop
      vertex 13.4816 -16.9778 3
      vertex 13.7562 -16.9119 4.5
      vertex 13.4816 -16.9778 4.5
    endloop
  endfacet
  facet normal 0.23336 -0.972391 0
    outer loop
      vertex 13.7562 -16.9119 4.5
      vertex 13.4816 -16.9778 3
      vertex 13.7562 -16.9119 3
    endloop
  endfacet
  facet normal 0.382654 -0.923892 0
    outer loop
      vertex 13.7562 -16.9119 3
      vertex 14.0172 -16.8038 4.5
      vertex 13.7562 -16.9119 4.5
    endloop
  endfacet
  facet normal 0.382654 -0.923892 0
    outer loop
      vertex 14.0172 -16.8038 4.5
      vertex 13.7562 -16.9119 3
      vertex 14.0172 -16.8038 3
    endloop
  endfacet
  facet normal 0.522595 -0.852581 0
    outer loop
      vertex 14.0172 -16.8038 3
      vertex 14.258 -16.6562 4.5
      vertex 14.0172 -16.8038 4.5
    endloop
  endfacet
  facet normal 0.522595 -0.852581 0
    outer loop
      vertex 14.258 -16.6562 4.5
      vertex 14.0172 -16.8038 3
      vertex 14.258 -16.6562 3
    endloop
  endfacet
  facet normal 0.649332 -0.760505 0
    outer loop
      vertex 14.258 -16.6562 3
      vertex 14.4728 -16.4728 4.5
      vertex 14.258 -16.6562 4.5
    endloop
  endfacet
  facet normal 0.649332 -0.760505 0
    outer loop
      vertex 14.4728 -16.4728 4.5
      vertex 14.258 -16.6562 3
      vertex 14.4728 -16.4728 3
    endloop
  endfacet
  facet normal 0.760505 -0.649332 0
    outer loop
      vertex 14.4728 -16.4728 4.5
      vertex 14.6562 -16.258 3
      vertex 14.6562 -16.258 4.5
    endloop
  endfacet
  facet normal 0.760505 -0.649332 0
    outer loop
      vertex 14.6562 -16.258 3
      vertex 14.4728 -16.4728 4.5
      vertex 14.4728 -16.4728 3
    endloop
  endfacet
  facet normal 0.852581 -0.522595 0
    outer loop
      vertex 14.6562 -16.258 4.5
      vertex 14.8038 -16.0172 3
      vertex 14.8038 -16.0172 4.5
    endloop
  endfacet
  facet normal 0.852581 -0.522595 0
    outer loop
      vertex 14.8038 -16.0172 3
      vertex 14.6562 -16.258 4.5
      vertex 14.6562 -16.258 3
    endloop
  endfacet
  facet normal 0.923892 -0.382654 0
    outer loop
      vertex 14.8038 -16.0172 4.5
      vertex 14.9119 -15.7562 3
      vertex 14.9119 -15.7562 4.5
    endloop
  endfacet
  facet normal 0.923892 -0.382654 0
    outer loop
      vertex 14.9119 -15.7562 3
      vertex 14.8038 -16.0172 4.5
      vertex 14.8038 -16.0172 3
    endloop
  endfacet
  facet normal 0.972391 -0.23336 0
    outer loop
      vertex 14.9119 -15.7562 4.5
      vertex 14.9778 -15.4816 3
      vertex 14.9778 -15.4816 4.5
    endloop
  endfacet
  facet normal 0.972391 -0.23336 0
    outer loop
      vertex 14.9778 -15.4816 3
      vertex 14.9119 -15.7562 4.5
      vertex 14.9119 -15.7562 3
    endloop
  endfacet
  facet normal 0.996907 -0.0785914 0
    outer loop
      vertex 14.9778 -15.4816 4.5
      vertex 15 -15.2 3
      vertex 15 -15.2 4.5
    endloop
  endfacet
  facet normal 0.996907 -0.0785914 0
    outer loop
      vertex 15 -15.2 3
      vertex 14.9778 -15.4816 4.5
      vertex 14.9778 -15.4816 3
    endloop
  endfacet
  facet normal 1 -0 0
    outer loop
      vertex 15 -15.2 4.5
      vertex 15 -8.8 3
      vertex 15 -8.8 4.5
    endloop
  endfacet
  facet normal 1 0 0
    outer loop
      vertex 15 -8.8 3
      vertex 15 -15.2 4.5
      vertex 15 -15.2 3
    endloop
  endfacet
  facet normal 0.996906 0.0785997 0
    outer loop
      vertex 15 -8.8 4.5
      vertex 14.9778 -8.51843 3
      vertex 14.9778 -8.51843 4.5
    endloop
  endfacet
  facet normal 0.996906 0.0785997 0
    outer loop
      vertex 14.9778 -8.51843 3
      vertex 15 -8.8 4.5
      vertex 15 -8.8 3
    endloop
  endfacet
  facet normal 0.972402 0.233311 0
    outer loop
      vertex 14.9778 -8.51843 4.5
      vertex 14.9119 -8.24377 3
      vertex 14.9119 -8.24377 4.5
    endloop
  endfacet
  facet normal 0.972402 0.233311 0
    outer loop
      vertex 14.9119 -8.24377 3
      vertex 14.9778 -8.51843 4.5
      vertex 14.9778 -8.51843 3
    endloop
  endfacet
  facet normal 0.923866 0.382717 0
    outer loop
      vertex 14.9119 -8.24377 4.5
      vertex 14.8038 -7.98282 3
      vertex 14.8038 -7.98282 4.5
    endloop
  endfacet
  facet normal 0.923866 0.382717 0
    outer loop
      vertex 14.8038 -7.98282 3
      vertex 14.9119 -8.24377 4.5
      vertex 14.9119 -8.24377 3
    endloop
  endfacet
  facet normal 0.85261 0.522548 0
    outer loop
      vertex 14.8038 -7.98282 4.5
      vertex 14.6562 -7.74199 3
      vertex 14.6562 -7.74199 4.5
    endloop
  endfacet
  facet normal 0.85261 0.522548 0
    outer loop
      vertex 14.6562 -7.74199 3
      vertex 14.8038 -7.98282 4.5
      vertex 14.8038 -7.98282 3
    endloop
  endfacet
  facet normal 0.76046 0.649385 0
    outer loop
      vertex 14.6562 -7.74199 4.5
      vertex 14.4728 -7.52722 3
      vertex 14.4728 -7.52722 4.5
    endloop
  endfacet
  facet normal 0.76046 0.649385 0
    outer loop
      vertex 14.4728 -7.52722 3
      vertex 14.6562 -7.74199 4.5
      vertex 14.6562 -7.74199 3
    endloop
  endfacet
  facet normal 0.649414 0.760435 -0
    outer loop
      vertex 14.4728 -7.52722 3
      vertex 14.258 -7.34378 4.5
      vertex 14.4728 -7.52722 4.5
    endloop
  endfacet
  facet normal 0.649414 0.760435 0
    outer loop
      vertex 14.258 -7.34378 4.5
      vertex 14.4728 -7.52722 3
      vertex 14.258 -7.34378 3
    endloop
  endfacet
  facet normal 0.522544 0.852612 -0
    outer loop
      vertex 14.258 -7.34378 3
      vertex 14.0172 -7.1962 4.5
      vertex 14.258 -7.34378 4.5
    endloop
  endfacet
  facet normal 0.522544 0.852612 0
    outer loop
      vertex 14.0172 -7.1962 4.5
      vertex 14.258 -7.34378 3
      vertex 14.0172 -7.1962 3
    endloop
  endfacet
  facet normal 0.382654 0.923892 -0
    outer loop
      vertex 14.0172 -7.1962 3
      vertex 13.7562 -7.0881 4.5
      vertex 14.0172 -7.1962 4.5
    endloop
  endfacet
  facet normal 0.382654 0.923892 0
    outer loop
      vertex 13.7562 -7.0881 4.5
      vertex 14.0172 -7.1962 3
      vertex 13.7562 -7.0881 3
    endloop
  endfacet
  facet normal 0.23346 0.972366 -0
    outer loop
      vertex 13.7562 -7.0881 3
      vertex 13.4816 -7.02217 4.5
      vertex 13.7562 -7.0881 4.5
    endloop
  endfacet
  facet normal 0.23346 0.972366 0
    outer loop
      vertex 13.4816 -7.02217 4.5
      vertex 13.7562 -7.0881 3
      vertex 13.4816 -7.02217 3
    endloop
  endfacet
  facet normal 0.0784858 0.996915 -0
    outer loop
      vertex 13.4816 -7.02217 3
      vertex 13.2 -7 4.5
      vertex 13.4816 -7.02217 4.5
    endloop
  endfacet
  facet normal 0.0784858 0.996915 0
    outer loop
      vertex 13.2 -7 4.5
      vertex 13.4816 -7.02217 3
      vertex 13.2 -7 3
    endloop
  endfacet
  facet normal 0 1 -0
    outer loop
      vertex 13.2 -7 3
      vertex 12.9917 -7 4.5
      vertex 13.2 -7 4.5
    endloop
  endfacet
  facet normal 0 1 0
    outer loop
      vertex 12.9917 -7 4.5
      vertex 13.2 -7 3
      vertex 12.9917 -7 3
    endloop
  endfacet
  facet normal 0.649473 -0.760385 0
    outer loop
      vertex 12.9917 -7 3
      vertex 13.5355 -6.53552 4.5
      vertex 12.9917 -7 4.5
    endloop
  endfacet
  facet normal 0.649473 -0.760385 0
    outer loop
      vertex 13.5355 -6.53552 4.5
      vertex 12.9917 -7 3
      vertex 13.5355 -6.53552 3
    endloop
  endfacet
  facet normal 0.760371 -0.649489 0
    outer loop
      vertex 13.5355 -6.53552 4.5
      vertex 14.0451 -5.93892 3
      vertex 14.0451 -5.93892 4.5
    endloop
  endfacet
  facet normal 0.760371 -0.649489 0
    outer loop
      vertex 14.0451 -5.93892 3
      vertex 13.5355 -6.53552 4.5
      vertex 13.5355 -6.53552 3
    endloop
  endfacet
  facet normal 0.852669 -0.522451 0
    outer loop
      vertex 14.0451 -5.93892 4.5
      vertex 14.455 -5.26994 3
      vertex 14.455 -5.26994 4.5
    endloop
  endfacet
  facet normal 0.852669 -0.522451 0
    outer loop
      vertex 14.455 -5.26994 3
      vertex 14.0451 -5.93892 4.5
      vertex 14.0451 -5.93892 3
    endloop
  endfacet
  facet normal 0.923857 -0.382737 0
    outer loop
      vertex 14.455 -5.26994 4.5
      vertex 14.7553 -4.54507 3
      vertex 14.7553 -4.54507 4.5
    endloop
  endfacet
  facet normal 0.923857 -0.382737 0
    outer loop
      vertex 14.7553 -4.54507 3
      vertex 14.455 -5.26994 4.5
      vertex 14.455 -5.26994 3
    endloop
  endfacet
  facet normal 0.972386 -0.233378 0
    outer loop
      vertex 14.7553 -4.54507 4.5
      vertex 14.9384 -3.78217 3
      vertex 14.9384 -3.78217 4.5
    endloop
  endfacet
  facet normal 0.972386 -0.233378 0
    outer loop
      vertex 14.9384 -3.78217 3
      vertex 14.7553 -4.54507 4.5
      vertex 14.7553 -4.54507 3
    endloop
  endfacet
  facet normal 0.996913 -0.0785122 0
    outer loop
      vertex 14.9384 -3.78217 4.5
      vertex 15 -3 3
      vertex 15 -3 4.5
    endloop
  endfacet
  facet normal 0.996913 -0.0785122 0
    outer loop
      vertex 15 -3 3
      vertex 14.9384 -3.78217 4.5
      vertex 14.9384 -3.78217 3
    endloop
  endfacet
  facet normal 1 -0 0
    outer loop
      vertex 15 -3 4.5
      vertex 15 -0.820633 3
      vertex 15 -0.820633 4.5
    endloop
  endfacet
  facet normal 1 0 0
    outer loop
      vertex 15 -0.820633 3
      vertex 15 -3 4.5
      vertex 15 -3 3
    endloop
  endfacet
  facet normal 0.207909 -0.978148 0
    outer loop
      vertex 15 -0.820633 3
      vertex 15.7761 -0.65567 4.5
      vertex 15 -0.820633 4.5
    endloop
  endfacet
  facet normal 0.207909 -0.978148 0
    outer loop
      vertex 15.7761 -0.65567 4.5
      vertex 15 -0.820633 3
      vertex 15.7761 -0.65567 3
    endloop
  endfacet
  facet normal 0.283997 -0.958825 0
    outer loop
      vertex 15.7761 -0.65567 3
      vertex 16.3027 -0.499695 4.5
      vertex 15.7761 -0.65567 4.5
    endloop
  endfacet
  facet normal 0.283997 -0.958825 0
    outer loop
      vertex 16.3027 -0.499695 4.5
      vertex 15.7761 -0.65567 3
      vertex 16.3027 -0.499695 3
    endloop
  endfacet
  facet normal 0.430531 -0.902576 0
    outer loop
      vertex 16.3027 -0.499695 3
      vertex 16.7984 -0.263245 4.5
      vertex 16.3027 -0.499695 4.5
    endloop
  endfacet
  facet normal 0.430531 -0.902576 0
    outer loop
      vertex 16.7984 -0.263245 4.5
      vertex 16.3027 -0.499695 3
      vertex 16.7984 -0.263245 3
    endloop
  endfacet
  facet normal 0.566428 -0.824111 0
    outer loop
      vertex 16.7984 -0.263245 3
      vertex 17.251 0.0478363 4.5
      vertex 16.7984 -0.263245 4.5
    endloop
  endfacet
  facet normal 0.566428 -0.824111 0
    outer loop
      vertex 17.251 0.0478363 4.5
      vertex 16.7984 -0.263245 3
      vertex 17.251 0.0478363 3
    endloop
  endfacet
  facet normal 0.688339 -0.725389 0
    outer loop
      vertex 17.251 0.0478363 3
      vertex 17.6494 0.425888 4.5
      vertex 17.251 0.0478363 4.5
    endloop
  endfacet
  facet normal 0.688339 -0.725389 0
    outer loop
      vertex 17.6494 0.425888 4.5
      vertex 17.251 0.0478363 3
      vertex 17.6494 0.425888 3
    endloop
  endfacet
  facet normal 0.793385 -0.60872 0
    outer loop
      vertex 17.6494 0.425888 4.5
      vertex 17.9837 0.861603 3
      vertex 17.9837 0.861603 4.5
    endloop
  endfacet
  facet normal 0.793385 -0.60872 0
    outer loop
      vertex 17.9837 0.861603 3
      vertex 17.6494 0.425888 4.5
      vertex 17.6494 0.425888 3
    endloop
  endfacet
  facet normal 0.878792 -0.477205 0
    outer loop
      vertex 17.9837 0.861603 4.5
      vertex 18.2458 1.34427 3
      vertex 18.2458 1.34427 4.5
    endloop
  endfacet
  facet normal 0.878792 -0.477205 0
    outer loop
      vertex 18.2458 1.34427 3
      vertex 17.9837 0.861603 4.5
      vertex 17.9837 0.861603 3
    endloop
  endfacet
  facet normal 0.942659 -0.333757 0
    outer loop
      vertex 18.2458 1.34427 4.5
      vertex 18.4291 1.86198 3
      vertex 18.4291 1.86198 4.5
    endloop
  endfacet
  facet normal 0.942659 -0.333757 0
    outer loop
      vertex 18.4291 1.86198 3
      vertex 18.2458 1.34427 4.5
      vertex 18.2458 1.34427 3
    endloop
  endfacet
  facet normal 0.98325 -0.182262 0
    outer loop
      vertex 18.4291 1.86198 4.5
      vertex 18.5292 2.40199 3
      vertex 18.5292 2.40199 4.5
    endloop
  endfacet
  facet normal 0.98325 -0.182262 0
    outer loop
      vertex 18.5292 2.40199 3
      vertex 18.4291 1.86198 4.5
      vertex 18.4291 1.86198 3
    endloop
  endfacet
  facet normal 0.999656 -0.0262191 0
    outer loop
      vertex 18.5292 2.40199 4.5
      vertex 18.5436 2.95102 3
      vertex 18.5436 2.95102 4.5
    endloop
  endfacet
  facet normal 0.999656 -0.0262191 0
    outer loop
      vertex 18.5436 2.95102 3
      vertex 18.5292 2.40199 4.5
      vertex 18.5292 2.40199 3
    endloop
  endfacet
  facet normal 0.991442 0.130551 0
    outer loop
      vertex 18.5436 2.95102 4.5
      vertex 18.4719 3.49553 3
      vertex 18.4719 3.49553 4.5
    endloop
  endfacet
  facet normal 0.991442 0.130551 0
    outer loop
      vertex 18.4719 3.49553 3
      vertex 18.5436 2.95102 4.5
      vertex 18.5436 2.95102 3
    endloop
  endfacet
  facet normal 0.978148 0.20791 0
    outer loop
      vertex 18.4719 3.49553 4.5
      vertex 15.8169 15.9864 3
      vertex 15.8169 15.9864 4.5
    endloop
  endfacet
  facet normal 0.978148 0.20791 0
    outer loop
      vertex 15.8169 15.9864 3
      vertex 18.4719 3.49553 4.5
      vertex 18.4719 3.49553 3
    endloop
  endfacet
  facet normal -0.139159 -0.99027 0
    outer loop
      vertex 15.8169 15.9864 3
      vertex 17.919 15.691 4.5
      vertex 15.8169 15.9864 4.5
    endloop
  endfacet
  facet normal -0.139159 -0.99027 -0
    outer loop
      vertex 17.919 15.691 4.5
      vertex 15.8169 15.9864 3
      vertex 17.919 15.691 3
    endloop
  endfacet
  facet normal -0.0610064 -0.998137 0
    outer loop
      vertex 17.919 15.691 3
      vertex 18.4671 15.6575 4.5
      vertex 17.919 15.691 4.5
    endloop
  endfacet
  facet normal -0.0610064 -0.998137 -0
    outer loop
      vertex 18.4671 15.6575 4.5
      vertex 17.919 15.691 3
      vertex 18.4671 15.6575 3
    endloop
  endfacet
  facet normal 0.0957714 -0.995403 0
    outer loop
      vertex 18.4671 15.6575 3
      vertex 19.0138 15.7101 4.5
      vertex 18.4671 15.6575 4.5
    endloop
  endfacet
  facet normal 0.0957714 -0.995403 0
    outer loop
      vertex 19.0138 15.7101 4.5
      vertex 18.4671 15.6575 3
      vertex 19.0138 15.7101 3
    endloop
  endfacet
  facet normal 0.250324 -0.968162 0
    outer loop
      vertex 19.0138 15.7101 3
      vertex 19.5456 15.8476 4.5
      vertex 19.0138 15.7101 4.5
    endloop
  endfacet
  facet normal 0.250324 -0.968162 0
    outer loop
      vertex 19.5456 15.8476 4.5
      vertex 19.0138 15.7101 3
      vertex 19.5456 15.8476 3
    endloop
  endfacet
  facet normal 0.39977 -0.916615 0
    outer loop
      vertex 19.5456 15.8476 3
      vertex 19.6098 15.8756 4.5
      vertex 19.5456 15.8476 4.5
    endloop
  endfacet
  facet normal 0.39977 -0.916615 0
    outer loop
      vertex 19.6098 15.8756 4.5
      vertex 19.5456 15.8476 3
      vertex 19.6098 15.8756 3
    endloop
  endfacet
  facet normal -0.760603 -0.649217 0
    outer loop
      vertex 19.7322 15.7322 3
      vertex 19.6098 15.8756 4.5
      vertex 19.6098 15.8756 3
    endloop
  endfacet
  facet normal -0.760603 -0.649217 0
    outer loop
      vertex 19.6098 15.8756 4.5
      vertex 19.7322 15.7322 3
      vertex 19.7322 15.7322 4.5
    endloop
  endfacet
  facet normal -0.649342 -0.760497 0
    outer loop
      vertex 19.7322 15.7322 3
      vertex 20.0305 15.4775 4.5
      vertex 19.7322 15.7322 4.5
    endloop
  endfacet
  facet normal -0.649342 -0.760497 -0
    outer loop
      vertex 20.0305 15.4775 4.5
      vertex 19.7322 15.7322 3
      vertex 20.0305 15.4775 3
    endloop
  endfacet
  facet normal -0.522532 -0.85262 0
    outer loop
      vertex 20.0305 15.4775 3
      vertex 20.365 15.2725 4.5
      vertex 20.0305 15.4775 4.5
    endloop
  endfacet
  facet normal -0.522532 -0.85262 -0
    outer loop
      vertex 20.365 15.2725 4.5
      vertex 20.0305 15.4775 3
      vertex 20.365 15.2725 3
    endloop
  endfacet
  facet normal -0.382569 -0.923927 0
    outer loop
      vertex 20.365 15.2725 3
      vertex 20.7275 15.1224 4.5
      vertex 20.365 15.2725 4.5
    endloop
  endfacet
  facet normal -0.382569 -0.923927 -0
    outer loop
      vertex 20.7275 15.1224 4.5
      vertex 20.365 15.2725 3
      vertex 20.7275 15.1224 3
    endloop
  endfacet
  facet normal -0.233527 -0.97235 0
    outer loop
      vertex 20.7275 15.1224 3
      vertex 21.1089 15.0308 4.5
      vertex 20.7275 15.1224 4.5
    endloop
  endfacet
  facet normal -0.233527 -0.97235 -0
    outer loop
      vertex 21.1089 15.0308 4.5
      vertex 20.7275 15.1224 3
      vertex 21.1089 15.0308 3
    endloop
  endfacet
  facet normal -0.0785092 -0.996913 0
    outer loop
      vertex 21.1089 15.0308 3
      vertex 21.5 15 4.5
      vertex 21.1089 15.0308 4.5
    endloop
  endfacet
  facet normal -0.0785092 -0.996913 -0
    outer loop
      vertex 21.5 15 4.5
      vertex 21.1089 15.0308 3
      vertex 21.5 15 3
    endloop
  endfacet
  facet normal 0 -1 0
    outer loop
      vertex 21.5 15 3
      vertex 22.5 15 4.5
      vertex 21.5 15 4.5
    endloop
  endfacet
  facet normal 0 -1 -0
    outer loop
      vertex 22.5 15 4.5
      vertex 21.5 15 3
      vertex 22.5 15 3
    endloop
  endfacet
  facet normal 0.0785092 -0.996913 0
    outer loop
      vertex 22.5 15 3
      vertex 22.8911 15.0308 4.5
      vertex 22.5 15 4.5
    endloop
  endfacet
  facet normal 0.0785092 -0.996913 0
    outer loop
      vertex 22.8911 15.0308 4.5
      vertex 22.5 15 3
      vertex 22.8911 15.0308 3
    endloop
  endfacet
  facet normal 0.233527 -0.97235 0
    outer loop
      vertex 22.8911 15.0308 3
      vertex 23.2725 15.1224 4.5
      vertex 22.8911 15.0308 4.5
    endloop
  endfacet
  facet normal 0.233527 -0.97235 0
    outer loop
      vertex 23.2725 15.1224 4.5
      vertex 22.8911 15.0308 3
      vertex 23.2725 15.1224 3
    endloop
  endfacet
  facet normal 0.382569 -0.923927 0
    outer loop
      vertex 23.2725 15.1224 3
      vertex 23.635 15.2725 4.5
      vertex 23.2725 15.1224 4.5
    endloop
  endfacet
  facet normal 0.382569 -0.923927 0
    outer loop
      vertex 23.635 15.2725 4.5
      vertex 23.2725 15.1224 3
      vertex 23.635 15.2725 3
    endloop
  endfacet
  facet normal 0.522532 -0.85262 0
    outer loop
      vertex 23.635 15.2725 3
      vertex 23.9695 15.4775 4.5
      vertex 23.635 15.2725 4.5
    endloop
  endfacet
  facet normal 0.522532 -0.85262 0
    outer loop
      vertex 23.9695 15.4775 4.5
      vertex 23.635 15.2725 3
      vertex 23.9695 15.4775 3
    endloop
  endfacet
  facet normal 0.649342 -0.760497 0
    outer loop
      vertex 23.9695 15.4775 3
      vertex 24.2678 15.7322 4.5
      vertex 23.9695 15.4775 4.5
    endloop
  endfacet
  facet normal 0.649342 -0.760497 0
    outer loop
      vertex 24.2678 15.7322 4.5
      vertex 23.9695 15.4775 3
      vertex 24.2678 15.7322 3
    endloop
  endfacet
  facet normal 0.760497 -0.649342 0
    outer loop
      vertex 24.2678 15.7322 4.5
      vertex 24.5225 16.0305 3
      vertex 24.5225 16.0305 4.5
    endloop
  endfacet
  facet normal 0.760497 -0.649342 0
    outer loop
      vertex 24.5225 16.0305 3
      vertex 24.2678 15.7322 4.5
      vertex 24.2678 15.7322 3
    endloop
  endfacet
  facet normal 0.85262 -0.522532 0
    outer loop
      vertex 24.5225 16.0305 4.5
      vertex 24.7275 16.365 3
      vertex 24.7275 16.365 4.5
    endloop
  endfacet
  facet normal 0.85262 -0.522532 0
    outer loop
      vertex 24.7275 16.365 3
      vertex 24.5225 16.0305 4.5
      vertex 24.5225 16.0305 3
    endloop
  endfacet
  facet normal 0.923927 -0.382569 0
    outer loop
      vertex 24.7275 16.365 4.5
      vertex 24.8776 16.7275 3
      vertex 24.8776 16.7275 4.5
    endloop
  endfacet
  facet normal 0.923927 -0.382569 0
    outer loop
      vertex 24.8776 16.7275 3
      vertex 24.7275 16.365 4.5
      vertex 24.7275 16.365 3
    endloop
  endfacet
  facet normal 0.97235 -0.233527 0
    outer loop
      vertex 24.8776 16.7275 4.5
      vertex 24.9692 17.1089 3
      vertex 24.9692 17.1089 4.5
    endloop
  endfacet
  facet normal 0.97235 -0.233527 0
    outer loop
      vertex 24.9692 17.1089 3
      vertex 24.8776 16.7275 4.5
      vertex 24.8776 16.7275 3
    endloop
  endfacet
  facet normal 0.996913 -0.0785092 0
    outer loop
      vertex 24.9692 17.1089 4.5
      vertex 25 17.5 3
      vertex 25 17.5 4.5
    endloop
  endfacet
  facet normal 0.996913 -0.0785092 0
    outer loop
      vertex 25 17.5 3
      vertex 24.9692 17.1089 4.5
      vertex 24.9692 17.1089 3
    endloop
  endfacet
  facet normal 1 -0 0
    outer loop
      vertex 25 17.5 4.5
      vertex 25 18.5 3
      vertex 25 18.5 4.5
    endloop
  endfacet
  facet normal 1 0 0
    outer loop
      vertex 25 18.5 3
      vertex 25 17.5 4.5
      vertex 25 17.5 3
    endloop
  endfacet
  facet normal 0.996913 0.0785092 0
    outer loop
      vertex 25 18.5 4.5
      vertex 24.9692 18.8911 3
      vertex 24.9692 18.8911 4.5
    endloop
  endfacet
  facet normal 0.996913 0.0785092 0
    outer loop
      vertex 24.9692 18.8911 3
      vertex 25 18.5 4.5
      vertex 25 18.5 3
    endloop
  endfacet
  facet normal 0.97235 0.233527 0
    outer loop
      vertex 24.9692 18.8911 4.5
      vertex 24.8776 19.2725 3
      vertex 24.8776 19.2725 4.5
    endloop
  endfacet
  facet normal 0.97235 0.233527 0
    outer loop
      vertex 24.8776 19.2725 3
      vertex 24.9692 18.8911 4.5
      vertex 24.9692 18.8911 3
    endloop
  endfacet
  facet normal 0.923927 0.382569 0
    outer loop
      vertex 24.8776 19.2725 4.5
      vertex 24.7275 19.635 3
      vertex 24.7275 19.635 4.5
    endloop
  endfacet
  facet normal 0.923927 0.382569 0
    outer loop
      vertex 24.7275 19.635 3
      vertex 24.8776 19.2725 4.5
      vertex 24.8776 19.2725 3
    endloop
  endfacet
  facet normal 0.85262 0.522532 0
    outer loop
      vertex 24.7275 19.635 4.5
      vertex 24.5225 19.9695 3
      vertex 24.5225 19.9695 4.5
    endloop
  endfacet
  facet normal 0.85262 0.522532 0
    outer loop
      vertex 24.5225 19.9695 3
      vertex 24.7275 19.635 4.5
      vertex 24.7275 19.635 3
    endloop
  endfacet
  facet normal 0.760497 0.649342 0
    outer loop
      vertex 24.5225 19.9695 4.5
      vertex 24.2678 20.2678 3
      vertex 24.2678 20.2678 4.5
    endloop
  endfacet
  facet normal 0.760497 0.649342 0
    outer loop
      vertex 24.2678 20.2678 3
      vertex 24.5225 19.9695 4.5
      vertex 24.5225 19.9695 3
    endloop
  endfacet
  facet normal 0.649342 0.760497 -0
    outer loop
      vertex 24.2678 20.2678 3
      vertex 23.9695 20.5225 4.5
      vertex 24.2678 20.2678 4.5
    endloop
  endfacet
  facet normal 0.649342 0.760497 0
    outer loop
      vertex 23.9695 20.5225 4.5
      vertex 24.2678 20.2678 3
      vertex 23.9695 20.5225 3
    endloop
  endfacet
  facet normal 0.522532 0.85262 -0
    outer loop
      vertex 23.9695 20.5225 3
      vertex 23.635 20.7275 4.5
      vertex 23.9695 20.5225 4.5
    endloop
  endfacet
  facet normal 0.522532 0.85262 0
    outer loop
      vertex 23.635 20.7275 4.5
      vertex 23.9695 20.5225 3
      vertex 23.635 20.7275 3
    endloop
  endfacet
  facet normal 0.382569 0.923927 -0
    outer loop
      vertex 23.635 20.7275 3
      vertex 23.2725 20.8776 4.5
      vertex 23.635 20.7275 4.5
    endloop
  endfacet
  facet normal 0.382569 0.923927 0
    outer loop
      vertex 23.2725 20.8776 4.5
      vertex 23.635 20.7275 3
      vertex 23.2725 20.8776 3
    endloop
  endfacet
  facet normal 0.233527 0.97235 -0
    outer loop
      vertex 23.2725 20.8776 3
      vertex 22.8911 20.9692 4.5
      vertex 23.2725 20.8776 4.5
    endloop
  endfacet
  facet normal 0.233527 0.97235 0
    outer loop
      vertex 22.8911 20.9692 4.5
      vertex 23.2725 20.8776 3
      vertex 22.8911 20.9692 3
    endloop
  endfacet
  facet normal 0.0785092 0.996913 -0
    outer loop
      vertex 22.8911 20.9692 3
      vertex 22.5 21 4.5
      vertex 22.8911 20.9692 4.5
    endloop
  endfacet
  facet normal 0.0785092 0.996913 0
    outer loop
      vertex 22.5 21 4.5
      vertex 22.8911 20.9692 3
      vertex 22.5 21 3
    endloop
  endfacet
  facet normal 0 1 -0
    outer loop
      vertex 22.5 21 3
      vertex 21.9287 21 4.5
      vertex 22.5 21 4.5
    endloop
  endfacet
  facet normal 0 1 0
    outer loop
      vertex 21.9287 21 4.5
      vertex 22.5 21 3
      vertex 21.9287 21 3
    endloop
  endfacet
  facet normal 0.968185 0.250235 0
    outer loop
      vertex 21.9287 21 4.5
      vertex 21.8546 21.2867 3
      vertex 21.8546 21.2867 4.5
    endloop
  endfacet
  facet normal 0.968185 0.250235 0
    outer loop
      vertex 21.8546 21.2867 3
      vertex 21.9287 21 4.5
      vertex 21.9287 21 3
    endloop
  endfacet
  facet normal 0.917041 0.398793 0
    outer loop
      vertex 21.8546 21.2867 4.5
      vertex 21.6356 21.7903 3
      vertex 21.6356 21.7903 4.5
    endloop
  endfacet
  facet normal 0.917041 0.398793 0
    outer loop
      vertex 21.6356 21.7903 3
      vertex 21.8546 21.2867 4.5
      vertex 21.8546 21.2867 3
    endloop
  endfacet
  facet normal 0.843384 0.537311 0
    outer loop
      vertex 21.6356 21.7903 4.5
      vertex 21.3405 22.2535 3
      vertex 21.3405 22.2535 4.5
    endloop
  endfacet
  facet normal 0.843384 0.537311 0
    outer loop
      vertex 21.3405 22.2535 3
      vertex 21.6356 21.7903 4.5
      vertex 21.6356 21.7903 3
    endloop
  endfacet
  facet normal 0.748934 0.662645 0
    outer loop
      vertex 21.3405 22.2535 4.5
      vertex 20.9765 22.6649 3
      vertex 20.9765 22.6649 4.5
    endloop
  endfacet
  facet normal 0.748934 0.662645 0
    outer loop
      vertex 20.9765 22.6649 3
      vertex 21.3405 22.2535 4.5
      vertex 21.3405 22.2535 3
    endloop
  endfacet
  facet normal 0.636109 0.771599 -0
    outer loop
      vertex 20.9765 22.6649 3
      vertex 20.5528 23.0142 4.5
      vertex 20.9765 22.6649 4.5
    endloop
  endfacet
  facet normal 0.636109 0.771599 0
    outer loop
      vertex 20.5528 23.0142 4.5
      vertex 20.9765 22.6649 3
      vertex 20.5528 23.0142 3
    endloop
  endfacet
  facet normal 0.507545 0.861625 -0
    outer loop
      vertex 20.5528 23.0142 3
      vertex 20.0795 23.293 4.5
      vertex 20.5528 23.0142 4.5
    endloop
  endfacet
  facet normal 0.507545 0.861625 0
    outer loop
      vertex 20.0795 23.293 4.5
      vertex 20.5528 23.0142 3
      vertex 20.0795 23.293 3
    endloop
  endfacet
  facet normal 0.36652 0.93041 -0
    outer loop
      vertex 20.0795 23.293 3
      vertex 19.5685 23.4943 4.5
      vertex 20.0795 23.293 4.5
    endloop
  endfacet
  facet normal 0.36652 0.93041 0
    outer loop
      vertex 19.5685 23.4943 4.5
      vertex 20.0795 23.293 3
      vertex 19.5685 23.4943 3
    endloop
  endfacet
  facet normal 0.216313 0.976324 -0
    outer loop
      vertex 19.5685 23.4943 3
      vertex 19.0323 23.6131 4.5
      vertex 19.5685 23.4943 4.5
    endloop
  endfacet
  facet normal 0.216313 0.976324 0
    outer loop
      vertex 19.0323 23.6131 4.5
      vertex 19.5685 23.4943 3
      vertex 19.0323 23.6131 3
    endloop
  endfacet
  facet normal 0.139218 0.990262 -0
    outer loop
      vertex 19.0323 23.6131 3
      vertex 18.6987 23.66 4.5
      vertex 19.0323 23.6131 4.5
    endloop
  endfacet
  facet normal 0.139218 0.990262 0
    outer loop
      vertex 18.6987 23.66 4.5
      vertex 19.0323 23.6131 3
      vertex 18.6987 23.66 3
    endloop
  endfacet
  facet normal 0.984806 -0.173659 0
    outer loop
      vertex 18.6987 23.66 4.5
      vertex 19.4982 28.1939 3
      vertex 19.4982 28.1939 4.5
    endloop
  endfacet
  facet normal 0.984806 -0.173659 0
    outer loop
      vertex 19.4982 28.1939 3
      vertex 18.6987 23.66 4.5
      vertex 18.6987 23.66 3
    endloop
  endfacet
  facet normal 0.173662 0.984805 -0
    outer loop
      vertex 19.4982 28.1939 3
      vertex 16.5437 28.7149 4.5
      vertex 19.4982 28.1939 4.5
    endloop
  endfacet
  facet normal 0.173662 0.984805 0
    outer loop
      vertex 16.5437 28.7149 4.5
      vertex 19.4982 28.1939 3
      vertex 16.5437 28.7149 3
    endloop
  endfacet
  facet normal -0.984811 0.173629 0
    outer loop
      vertex 15.9539 25.3696 3
      vertex 16.5437 28.7149 4.5
      vertex 16.5437 28.7149 3
    endloop
  endfacet
  facet normal -0.984811 0.173629 0
    outer loop
      vertex 16.5437 28.7149 4.5
      vertex 15.9539 25.3696 3
      vertex 15.9539 25.3696 4.5
    endloop
  endfacet
  facet normal 0.965921 0.258835 0
    outer loop
      vertex 15.9539 25.3696 4.5
      vertex 15.1724 28.286 3
      vertex 15.1724 28.286 4.5
    endloop
  endfacet
  facet normal 0.965921 0.258835 0
    outer loop
      vertex 15.1724 28.286 3
      vertex 15.9539 25.3696 4.5
      vertex 15.9539 25.3696 3
    endloop
  endfacet
  facet normal -0.25883 0.965923 0
    outer loop
      vertex 15.1724 28.286 3
      vertex 12.2746 27.5095 4.5
      vertex 15.1724 28.286 4.5
    endloop
  endfacet
  facet normal -0.25883 0.965923 0
    outer loop
      vertex 12.2746 27.5095 4.5
      vertex 15.1724 28.286 3
      vertex 12.2746 27.5095 3
    endloop
  endfacet
  facet normal -0.965925 -0.258823 0
    outer loop
      vertex 13.1335 24.3041 3
      vertex 12.2746 27.5095 4.5
      vertex 12.2746 27.5095 3
    endloop
  endfacet
  facet normal -0.965925 -0.258823 0
    outer loop
      vertex 12.2746 27.5095 4.5
      vertex 13.1335 24.3041 3
      vertex 13.1335 24.3041 4.5
    endloop
  endfacet
  facet normal -0.0958926 0.995392 0
    outer loop
      vertex 13.1335 24.3041 3
      vertex 12.9861 24.2899 4.5
      vertex 13.1335 24.3041 4.5
    endloop
  endfacet
  facet normal -0.0958926 0.995392 0
    outer loop
      vertex 12.9861 24.2899 4.5
      vertex 13.1335 24.3041 3
      vertex 12.9861 24.2899 3
    endloop
  endfacet
  facet normal -0.250368 0.968151 0
    outer loop
      vertex 12.9861 24.2899 3
      vertex 12.4544 24.1524 4.5
      vertex 12.9861 24.2899 4.5
    endloop
  endfacet
  facet normal -0.250368 0.968151 0
    outer loop
      vertex 12.4544 24.1524 4.5
      vertex 12.9861 24.2899 3
      vertex 12.4544 24.1524 3
    endloop
  endfacet
  facet normal -0.398793 0.917041 0
    outer loop
      vertex 12.4544 24.1524 3
      vertex 11.9508 23.9334 4.5
      vertex 12.4544 24.1524 4.5
    endloop
  endfacet
  facet normal -0.398793 0.917041 0
    outer loop
      vertex 11.9508 23.9334 4.5
      vertex 12.4544 24.1524 3
      vertex 11.9508 23.9334 3
    endloop
  endfacet
  facet normal -0.537311 0.843384 0
    outer loop
      vertex 11.9508 23.9334 3
      vertex 11.4876 23.6383 4.5
      vertex 11.9508 23.9334 4.5
    endloop
  endfacet
  facet normal -0.537311 0.843384 0
    outer loop
      vertex 11.4876 23.6383 4.5
      vertex 11.9508 23.9334 3
      vertex 11.4876 23.6383 3
    endloop
  endfacet
  facet normal -0.662542 0.749024 0
    outer loop
      vertex 11.4876 23.6383 3
      vertex 11.0762 23.2744 4.5
      vertex 11.4876 23.6383 4.5
    endloop
  endfacet
  facet normal -0.662542 0.749024 0
    outer loop
      vertex 11.0762 23.2744 4.5
      vertex 11.4876 23.6383 3
      vertex 11.0762 23.2744 3
    endloop
  endfacet
  facet normal -0.771673 0.63602 0
    outer loop
      vertex 10.7269 22.8506 3
      vertex 11.0762 23.2744 4.5
      vertex 11.0762 23.2744 3
    endloop
  endfacet
  facet normal -0.771673 0.63602 0
    outer loop
      vertex 11.0762 23.2744 4.5
      vertex 10.7269 22.8506 3
      vertex 10.7269 22.8506 4.5
    endloop
  endfacet
  facet normal -0.861625 0.507545 0
    outer loop
      vertex 10.4481 22.3773 3
      vertex 10.7269 22.8506 4.5
      vertex 10.7269 22.8506 3
    endloop
  endfacet
  facet normal -0.861625 0.507545 0
    outer loop
      vertex 10.7269 22.8506 4.5
      vertex 10.4481 22.3773 3
      vertex 10.4481 22.3773 4.5
    endloop
  endfacet
  facet normal -0.93041 0.36652 0
    outer loop
      vertex 10.2468 21.8663 3
      vertex 10.4481 22.3773 4.5
      vertex 10.4481 22.3773 3
    endloop
  endfacet
  facet normal -0.93041 0.36652 0
    outer loop
      vertex 10.4481 22.3773 4.5
      vertex 10.2468 21.8663 3
      vertex 10.2468 21.8663 4.5
    endloop
  endfacet
  facet normal -0.976315 0.216352 0
    outer loop
      vertex 10.128 21.3302 3
      vertex 10.2468 21.8663 4.5
      vertex 10.2468 21.8663 3
    endloop
  endfacet
  facet normal -0.976315 0.216352 0
    outer loop
      vertex 10.2468 21.8663 4.5
      vertex 10.128 21.3302 3
      vertex 10.128 21.3302 4.5
    endloop
  endfacet
  facet normal -0.990266 0.139191 0
    outer loop
      vertex 10.0249 20.5967 3
      vertex 10.128 21.3302 4.5
      vertex 10.128 21.3302 3
    endloop
  endfacet
  facet normal -0.990266 0.139191 0
    outer loop
      vertex 10.128 21.3302 4.5
      vertex 10.0249 20.5967 3
      vertex 10.0249 20.5967 4.5
    endloop
  endfacet
  facet normal -0.283909 0.958851 0
    outer loop
      vertex 10.0249 20.5967 3
      vertex 9.6973 20.4997 4.5
      vertex 10.0249 20.5967 4.5
    endloop
  endfacet
  facet normal -0.283909 0.958851 0
    outer loop
      vertex 9.6973 20.4997 4.5
      vertex 10.0249 20.5967 3
      vertex 9.6973 20.4997 3
    endloop
  endfacet
  facet normal -0.430591 0.902547 0
    outer loop
      vertex 9.6973 20.4997 3
      vertex 9.20158 20.2632 4.5
      vertex 9.6973 20.4997 4.5
    endloop
  endfacet
  facet normal -0.430591 0.902547 0
    outer loop
      vertex 9.20158 20.2632 4.5
      vertex 9.6973 20.4997 3
      vertex 9.20158 20.2632 3
    endloop
  endfacet
  facet normal -0.566435 0.824107 0
    outer loop
      vertex 9.20158 20.2632 3
      vertex 8.74896 19.9521 4.5
      vertex 9.20158 20.2632 4.5
    endloop
  endfacet
  facet normal -0.566435 0.824107 0
    outer loop
      vertex 8.74896 19.9521 4.5
      vertex 9.20158 20.2632 3
      vertex 8.74896 19.9521 3
    endloop
  endfacet
  facet normal -0.688317 0.72541 0
    outer loop
      vertex 8.74896 19.9521 3
      vertex 8.35059 19.5741 4.5
      vertex 8.74896 19.9521 4.5
    endloop
  endfacet
  facet normal -0.688317 0.72541 0
    outer loop
      vertex 8.35059 19.5741 4.5
      vertex 8.74896 19.9521 3
      vertex 8.35059 19.5741 3
    endloop
  endfacet
  facet normal -0.793331 0.608791 0
    outer loop
      vertex 8.01624 19.1384 3
      vertex 8.35059 19.5741 4.5
      vertex 8.35059 19.5741 3
    endloop
  endfacet
  facet normal -0.793331 0.608791 0
    outer loop
      vertex 8.35059 19.5741 4.5
      vertex 8.01624 19.1384 3
      vertex 8.01624 19.1384 4.5
    endloop
  endfacet
  facet normal -0.878836 0.477124 0
    outer loop
      vertex 7.75418 18.6557 3
      vertex 8.01624 19.1384 4.5
      vertex 8.01624 19.1384 3
    endloop
  endfacet
  facet normal -0.878836 0.477124 0
    outer loop
      vertex 8.01624 19.1384 4.5
      vertex 7.75418 18.6557 3
      vertex 7.75418 18.6557 4.5
    endloop
  endfacet
  facet normal -0.94264 0.333811 0
    outer loop
      vertex 7.57085 18.138 3
      vertex 7.75418 18.6557 4.5
      vertex 7.75418 18.6557 3
    endloop
  endfacet
  facet normal -0.94264 0.333811 0
    outer loop
      vertex 7.75418 18.6557 4.5
      vertex 7.57085 18.138 3
      vertex 7.57085 18.138 4.5
    endloop
  endfacet
  facet normal -0.983253 0.182248 0
    outer loop
      vertex 7.47076 17.598 3
      vertex 7.57085 18.138 4.5
      vertex 7.57085 18.138 3
    endloop
  endfacet
  facet normal -0.983253 0.182248 0
    outer loop
      vertex 7.57085 18.138 4.5
      vertex 7.47076 17.598 3
      vertex 7.47076 17.598 4.5
    endloop
  endfacet
  facet normal -0.999657 0.0261841 0
    outer loop
      vertex 7.45638 17.049 3
      vertex 7.47076 17.598 4.5
      vertex 7.47076 17.598 3
    endloop
  endfacet
  facet normal -0.999657 0.0261841 0
    outer loop
      vertex 7.47076 17.598 4.5
      vertex 7.45638 17.049 3
      vertex 7.45638 17.049 4.5
    endloop
  endfacet
  facet normal -0.991446 -0.130518 0
    outer loop
      vertex 7.52806 16.5045 3
      vertex 7.45638 17.049 4.5
      vertex 7.45638 17.049 3
    endloop
  endfacet
  facet normal -0.991446 -0.130518 0
    outer loop
      vertex 7.45638 17.049 4.5
      vertex 7.52806 16.5045 3
      vertex 7.52806 16.5045 4.5
    endloop
  endfacet
  facet normal -0.978148 -0.207912 0
    outer loop
      vertex 9.76086 6 3
      vertex 7.52806 16.5045 4.5
      vertex 7.52806 16.5045 3
    endloop
  endfacet
  facet normal -0.978148 -0.207912 0
    outer loop
      vertex 7.52806 16.5045 4.5
      vertex 9.76086 6 3
      vertex 9.76086 6 4.5
    endloop
  endfacet
  facet normal 0 1 -0
    outer loop
      vertex 9.76086 6 3
      vertex -6 6 4.5
      vertex 9.76086 6 4.5
    endloop
  endfacet
  facet normal 0 1 0
    outer loop
      vertex -6 6 4.5
      vertex 9.76086 6 3
      vertex -6 6 3
    endloop
  endfacet
  facet normal -0.0784742 0.996916 0
    outer loop
      vertex -6 6 3
      vertex -6.78217 5.93843 4.5
      vertex -6 6 4.5
    endloop
  endfacet
  facet normal -0.0784742 0.996916 0
    outer loop
      vertex -6.78217 5.93843 4.5
      vertex -6 6 3
      vertex -6.78217 5.93843 3
    endloop
  endfacet
  facet normal -0.233438 0.972372 0
    outer loop
      vertex -6.78217 5.93843 3
      vertex -7.54507 5.75528 4.5
      vertex -6.78217 5.93843 4.5
    endloop
  endfacet
  facet normal -0.233438 0.972372 0
    outer loop
      vertex -7.54507 5.75528 4.5
      vertex -6.78217 5.93843 3
      vertex -7.54507 5.75528 3
    endloop
  endfacet
  facet normal -0.382682 0.92388 0
    outer loop
      vertex -7.54507 5.75528 3
      vertex -8.26994 5.45503 4.5
      vertex -7.54507 5.75528 4.5
    endloop
  endfacet
  facet normal -0.382682 0.92388 0
    outer loop
      vertex -8.26994 5.45503 4.5
      vertex -7.54507 5.75528 3
      vertex -8.26994 5.45503 3
    endloop
  endfacet
  facet normal -0.522506 0.852635 0
    outer loop
      vertex -8.26994 5.45503 3
      vertex -8.93892 5.04507 4.5
      vertex -8.26994 5.45503 4.5
    endloop
  endfacet
  facet normal -0.522506 0.852635 0
    outer loop
      vertex -8.93892 5.04507 4.5
      vertex -8.26994 5.45503 3
      vertex -8.93892 5.04507 3
    endloop
  endfacet
  facet normal -0.649452 0.760403 0
    outer loop
      vertex -8.93892 5.04507 3
      vertex -9.53552 4.53552 4.5
      vertex -8.93892 5.04507 4.5
    endloop
  endfacet
  facet normal -0.649452 0.760403 0
    outer loop
      vertex -9.53552 4.53552 4.5
      vertex -8.93892 5.04507 3
      vertex -9.53552 4.53552 3
    endloop
  endfacet
  facet normal -0.760384 0.649474 0
    outer loop
      vertex -10.0451 3.93892 3
      vertex -9.53552 4.53552 4.5
      vertex -9.53552 4.53552 3
    endloop
  endfacet
  facet normal -0.760384 0.649474 0
    outer loop
      vertex -9.53552 4.53552 4.5
      vertex -10.0451 3.93892 3
      vertex -10.0451 3.93892 4.5
    endloop
  endfacet
  facet normal -0.852669 0.522451 0
    outer loop
      vertex -10.455 3.26994 3
      vertex -10.0451 3.93892 4.5
      vertex -10.0451 3.93892 3
    endloop
  endfacet
  facet normal -0.852669 0.522451 0
    outer loop
      vertex -10.0451 3.93892 4.5
      vertex -10.455 3.26994 3
      vertex -10.455 3.26994 4.5
    endloop
  endfacet
  facet normal -0.923857 0.382737 0
    outer loop
      vertex -10.7553 2.54507 3
      vertex -10.455 3.26994 4.5
      vertex -10.455 3.26994 3
    endloop
  endfacet
  facet normal -0.923857 0.382737 0
    outer loop
      vertex -10.455 3.26994 4.5
      vertex -10.7553 2.54507 3
      vertex -10.7553 2.54507 4.5
    endloop
  endfacet
  facet normal -0.972386 0.233378 0
    outer loop
      vertex -10.9384 1.78217 3
      vertex -10.7553 2.54507 4.5
      vertex -10.7553 2.54507 3
    endloop
  endfacet
  facet normal -0.972386 0.233378 0
    outer loop
      vertex -10.7553 2.54507 4.5
      vertex -10.9384 1.78217 3
      vertex -10.9384 1.78217 4.5
    endloop
  endfacet
  facet normal -0.996913 0.0785122 0
    outer loop
      vertex -11 1 3
      vertex -10.9384 1.78217 4.5
      vertex -10.9384 1.78217 3
    endloop
  endfacet
  facet normal -0.996913 0.0785122 0
    outer loop
      vertex -10.9384 1.78217 4.5
      vertex -11 1 3
      vertex -11 1 4.5
    endloop
  endfacet
  facet normal -1 0 0
    outer loop
      vertex -11 -3 3
      vertex -11 1 4.5
      vertex -11 1 3
    endloop
  endfacet
  facet normal -1 -0 0
    outer loop
      vertex -11 1 4.5
      vertex -11 -3 3
      vertex -11 -3 4.5
    endloop
  endfacet
  facet normal -0.996913 -0.0785122 0
    outer loop
      vertex -10.9384 -3.78217 3
      vertex -11 -3 4.5
      vertex -11 -3 3
    endloop
  endfacet
  facet normal -0.996913 -0.0785122 0
    outer loop
      vertex -11 -3 4.5
      vertex -10.9384 -3.78217 3
      vertex -10.9384 -3.78217 4.5
    endloop
  endfacet
  facet normal -0.972386 -0.233378 0
    outer loop
      vertex -10.7553 -4.54507 3
      vertex -10.9384 -3.78217 4.5
      vertex -10.9384 -3.78217 3
    endloop
  endfacet
  facet normal -0.972386 -0.233378 0
    outer loop
      vertex -10.9384 -3.78217 4.5
      vertex -10.7553 -4.54507 3
      vertex -10.7553 -4.54507 4.5
    endloop
  endfacet
  facet normal -0.923857 -0.382737 0
    outer loop
      vertex -10.455 -5.26994 3
      vertex -10.7553 -4.54507 4.5
      vertex -10.7553 -4.54507 3
    endloop
  endfacet
  facet normal -0.923857 -0.382737 0
    outer loop
      vertex -10.7553 -4.54507 4.5
      vertex -10.455 -5.26994 3
      vertex -10.455 -5.26994 4.5
    endloop
  endfacet
  facet normal -0.852669 -0.522451 0
    outer loop
      vertex -10.0451 -5.93892 3
      vertex -10.455 -5.26994 4.5
      vertex -10.455 -5.26994 3
    endloop
  endfacet
  facet normal -0.852669 -0.522451 0
    outer loop
      vertex -10.455 -5.26994 4.5
      vertex -10.0451 -5.93892 3
      vertex -10.0451 -5.93892 4.5
    endloop
  endfacet
  facet normal -0.760384 -0.649474 0
    outer loop
      vertex -9.53552 -6.53552 3
      vertex -10.0451 -5.93892 4.5
      vertex -10.0451 -5.93892 3
    endloop
  endfacet
  facet normal -0.760384 -0.649474 0
    outer loop
      vertex -10.0451 -5.93892 4.5
      vertex -9.53552 -6.53552 3
      vertex -9.53552 -6.53552 4.5
    endloop
  endfacet
  facet normal -0.649452 -0.760403 0
    outer loop
      vertex -9.53552 -6.53552 3
      vertex -8.93892 -7.04507 4.5
      vertex -9.53552 -6.53552 4.5
    endloop
  endfacet
  facet normal -0.649452 -0.760403 -0
    outer loop
      vertex -8.93892 -7.04507 4.5
      vertex -9.53552 -6.53552 3
      vertex -8.93892 -7.04507 3
    endloop
  endfacet
  facet normal -0.522509 -0.852634 0
    outer loop
      vertex -8.93892 -7.04507 3
      vertex -8.33884 -7.41281 4.5
      vertex -8.93892 -7.04507 4.5
    endloop
  endfacet
  facet normal -0.522509 -0.852634 -0
    outer loop
      vertex -8.33884 -7.41281 4.5
      vertex -8.93892 -7.04507 3
      vertex -8.33884 -7.41281 3
    endloop
  endfacet
  facet normal -0.649495 0.760366 0
    outer loop
      vertex -8.33884 -7.41281 3
      vertex -8.47278 -7.52722 4.5
      vertex -8.33884 -7.41281 4.5
    endloop
  endfacet
  facet normal -0.649495 0.760366 0
    outer loop
      vertex -8.47278 -7.52722 4.5
      vertex -8.33884 -7.41281 3
      vertex -8.47278 -7.52722 3
    endloop
  endfacet
  facet normal -0.76039 0.649467 0
    outer loop
      vertex -8.65622 -7.74199 3
      vertex -8.47278 -7.52722 4.5
      vertex -8.47278 -7.52722 3
    endloop
  endfacet
  facet normal -0.76039 0.649467 0
    outer loop
      vertex -8.47278 -7.52722 4.5
      vertex -8.65622 -7.74199 3
      vertex -8.65622 -7.74199 4.5
    endloop
  endfacet
  facet normal -0.852641 0.522496 0
    outer loop
      vertex -8.8038 -7.98282 3
      vertex -8.65622 -7.74199 4.5
      vertex -8.65622 -7.74199 3
    endloop
  endfacet
  facet normal -0.852641 0.522496 0
    outer loop
      vertex -8.65622 -7.74199 4.5
      vertex -8.8038 -7.98282 3
      vertex -8.8038 -7.98282 4.5
    endloop
  endfacet
  facet normal -0.923866 0.382717 0
    outer loop
      vertex -8.9119 -8.24377 3
      vertex -8.8038 -7.98282 4.5
      vertex -8.8038 -7.98282 3
    endloop
  endfacet
  facet normal -0.923866 0.382717 0
    outer loop
      vertex -8.8038 -7.98282 4.5
      vertex -8.9119 -8.24377 3
      vertex -8.9119 -8.24377 4.5
    endloop
  endfacet
  facet normal -0.972378 0.233412 0
    outer loop
      vertex -8.97783 -8.51843 3
      vertex -8.9119 -8.24377 4.5
      vertex -8.9119 -8.24377 3
    endloop
  endfacet
  facet normal -0.972378 0.233412 0
    outer loop
      vertex -8.9119 -8.24377 4.5
      vertex -8.97783 -8.51843 3
      vertex -8.97783 -8.51843 4.5
    endloop
  endfacet
  facet normal -0.996915 0.0784941 0
    outer loop
      vertex -9 -8.8 3
      vertex -8.97783 -8.51843 4.5
      vertex -8.97783 -8.51843 3
    endloop
  endfacet
  facet normal -0.996915 0.0784941 0
    outer loop
      vertex -8.97783 -8.51843 4.5
      vertex -9 -8.8 3
      vertex -9 -8.8 4.5
    endloop
  endfacet
  facet normal -1 0 0
    outer loop
      vertex -9 -15.2 3
      vertex -9 -8.8 4.5
      vertex -9 -8.8 3
    endloop
  endfacet
  facet normal -1 -0 0
    outer loop
      vertex -9 -8.8 4.5
      vertex -9 -15.2 3
      vertex -9 -15.2 4.5
    endloop
  endfacet
  facet normal -0.996915 -0.0784858 0
    outer loop
      vertex -8.97783 -15.4816 3
      vertex -9 -15.2 4.5
      vertex -9 -15.2 3
    endloop
  endfacet
  facet normal -0.996915 -0.0784858 0
    outer loop
      vertex -9 -15.2 4.5
      vertex -8.97783 -15.4816 3
      vertex -8.97783 -15.4816 4.5
    endloop
  endfacet
  facet normal -0.972366 -0.23346 0
    outer loop
      vertex -8.9119 -15.7562 3
      vertex -8.97783 -15.4816 4.5
      vertex -8.97783 -15.4816 3
    endloop
  endfacet
  facet normal -0.972366 -0.23346 0
    outer loop
      vertex -8.97783 -15.4816 4.5
      vertex -8.9119 -15.7562 3
      vertex -8.9119 -15.7562 4.5
    endloop
  endfacet
  facet normal -0.923892 -0.382654 0
    outer loop
      vertex -8.8038 -16.0172 3
      vertex -8.9119 -15.7562 4.5
      vertex -8.9119 -15.7562 3
    endloop
  endfacet
  facet normal -0.923892 -0.382654 0
    outer loop
      vertex -8.9119 -15.7562 4.5
      vertex -8.8038 -16.0172 3
      vertex -8.8038 -16.0172 4.5
    endloop
  endfacet
  facet normal -0.852612 -0.522544 0
    outer loop
      vertex -8.65622 -16.258 3
      vertex -8.8038 -16.0172 4.5
      vertex -8.8038 -16.0172 3
    endloop
  endfacet
  facet normal -0.852612 -0.522544 0
    outer loop
      vertex -8.8038 -16.0172 4.5
      vertex -8.65622 -16.258 3
      vertex -8.65622 -16.258 4.5
    endloop
  endfacet
  facet normal -0.760435 -0.649414 0
    outer loop
      vertex -8.47278 -16.4728 3
      vertex -8.65622 -16.258 4.5
      vertex -8.65622 -16.258 3
    endloop
  endfacet
  facet normal -0.760435 -0.649414 0
    outer loop
      vertex -8.65622 -16.258 4.5
      vertex -8.47278 -16.4728 3
      vertex -8.47278 -16.4728 4.5
    endloop
  endfacet
  facet normal -0.649385 -0.76046 0
    outer loop
      vertex -8.47278 -16.4728 3
      vertex -8.25801 -16.6562 4.5
      vertex -8.47278 -16.4728 4.5
    endloop
  endfacet
  facet normal -0.649385 -0.76046 -0
    outer loop
      vertex -8.25801 -16.6562 4.5
      vertex -8.47278 -16.4728 3
      vertex -8.25801 -16.6562 3
    endloop
  endfacet
  facet normal -0.522548 -0.85261 0
    outer loop
      vertex -8.25801 -16.6562 3
      vertex -8.01718 -16.8038 4.5
      vertex -8.25801 -16.6562 4.5
    endloop
  endfacet
  facet normal -0.522548 -0.85261 -0
    outer loop
      vertex -8.01718 -16.8038 4.5
      vertex -8.25801 -16.6562 3
      vertex -8.01718 -16.8038 3
    endloop
  endfacet
  facet normal -0.382717 -0.923866 0
    outer loop
      vertex -8.01718 -16.8038 3
      vertex -7.75623 -16.9119 4.5
      vertex -8.01718 -16.8038 4.5
    endloop
  endfacet
  facet normal -0.382717 -0.923866 -0
    outer loop
      vertex -7.75623 -16.9119 4.5
      vertex -8.01718 -16.8038 3
      vertex -7.75623 -16.9119 3
    endloop
  endfacet
  facet normal -0.233311 -0.972402 0
    outer loop
      vertex -7.75623 -16.9119 3
      vertex -7.48157 -16.9778 4.5
      vertex -7.75623 -16.9119 4.5
    endloop
  endfacet
  facet normal -0.233311 -0.972402 -0
    outer loop
      vertex -7.48157 -16.9778 4.5
      vertex -7.75623 -16.9119 3
      vertex -7.48157 -16.9778 3
    endloop
  endfacet
  facet normal -0.0785997 -0.996906 0
    outer loop
      vertex -7.48157 -16.9778 3
      vertex -7.2 -17 4.5
      vertex -7.48157 -16.9778 4.5
    endloop
  endfacet
  facet normal -0.0785997 -0.996906 -0
    outer loop
      vertex -7.2 -17 4.5
      vertex -7.48157 -16.9778 3
      vertex -7.2 -17 3
    endloop
  endfacet
  facet normal 0 -1 0
    outer loop
      vertex -7.2 -17 3
      vertex -6.8 -17 4.5
      vertex -7.2 -17 4.5
    endloop
  endfacet
  facet normal 0 -1 -0
    outer loop
      vertex -6.8 -17 4.5
      vertex -7.2 -17 3
      vertex -6.8 -17 3
    endloop
  endfacet
  facet normal 0.0785997 -0.996906 0
    outer loop
      vertex -6.8 -17 3
      vertex -6.51843 -16.9778 4.5
      vertex -6.8 -17 4.5
    endloop
  endfacet
  facet normal 0.0785997 -0.996906 0
    outer loop
      vertex -6.51843 -16.9778 4.5
      vertex -6.8 -17 3
      vertex -6.51843 -16.9778 3
    endloop
  endfacet
  facet normal 0 0 1
    outer loop
      vertex -13.0767 -17.6026 4.2
      vertex -14.2424 -17.6026 4.2
      vertex -13.0767 -25.2498 4.2
    endloop
  endfacet
  facet normal -0 0 1
    outer loop
      vertex -13.0767 -25.2498 4.2
      vertex -8.73131 -26.2019 4.2
      vertex -8.73131 -25.2498 4.2
    endloop
  endfacet
  facet normal 0 0 1
    outer loop
      vertex -13.0767 -25.2498 4.2
      vertex -14.2424 -26.2019 4.2
      vertex -8.73131 -26.2019 4.2
    endloop
  endfacet
  facet normal 0 0 1
    outer loop
      vertex -14.2424 -26.2019 4.2
      vertex -13.0767 -25.2498 4.2
      vertex -14.2424 -17.6026 4.2
    endloop
  endfacet
  facet normal 0 0 1
    outer loop
      vertex -6.28775 -17.6026 4.2
      vertex -7.45343 -17.6026 4.2
      vertex -6.28775 -25.2498 4.2
    endloop
  endfacet
  facet normal -0 0 1
    outer loop
      vertex -6.28775 -25.2498 4.2
      vertex -1.94237 -26.2019 4.2
      vertex -1.94237 -25.2498 4.2
    endloop
  endfacet
  facet normal 0 0 1
    outer loop
      vertex -6.28775 -25.2498 4.2
      vertex -7.45343 -26.2019 4.2
      vertex -1.94237 -26.2019 4.2
    endloop
  endfacet
  facet normal 0 0 1
    outer loop
      vertex -7.45343 -26.2019 4.2
      vertex -6.28775 -25.2498 4.2
      vertex -7.45343 -17.6026 4.2
    endloop
  endfacet
  facet normal 0 0 1
    outer loop
      vertex -16.8287 -21.8625 4.2
      vertex -15.6385 -21.8625 4.2
      vertex -15.6527 -21.4209 4.2
    endloop
  endfacet
  facet normal -0 0 1
    outer loop
      vertex -16.851 -21.3467 4.2
      vertex -15.6527 -21.4209 4.2
      vertex -15.6952 -20.9993 4.2
    endloop
  endfacet
  facet normal 0 0 1
    outer loop
      vertex -15.6385 -21.8625 4.2
      vertex -16.8287 -21.8625 4.2
      vertex -15.6529 -22.3028 4.2
    endloop
  endfacet
  facet normal -0 0 1
    outer loop
      vertex -16.9179 -20.8691 4.2
      vertex -15.6952 -20.9993 4.2
      vertex -15.766 -20.5977 4.2
    endloop
  endfacet
  facet normal 0 0 1
    outer loop
      vertex -16.8508 -22.4009 4.2
      vertex -15.6529 -22.3028 4.2
      vertex -16.8287 -21.8625 4.2
    endloop
  endfacet
  facet normal 0 0 1
    outer loop
      vertex -16.9179 -20.8691 4.2
      vertex -15.766 -20.5977 4.2
      vertex -15.8651 -20.2161 4.2
    endloop
  endfacet
  facet normal 0 0 1
    outer loop
      vertex -15.6529 -22.3028 4.2
      vertex -16.8508 -22.4009 4.2
      vertex -15.6958 -22.7244 4.2
    endloop
  endfacet
  facet normal 0 0 1
    outer loop
      vertex -17.0293 -20.4299 4.2
      vertex -15.8651 -20.2161 4.2
      vertex -15.9925 -19.8545 4.2
    endloop
  endfacet
  facet normal 0 0 1
    outer loop
      vertex -16.9172 -22.897 4.2
      vertex -15.6958 -22.7244 4.2
      vertex -16.8508 -22.4009 4.2
    endloop
  endfacet
  facet normal 0 0 1
    outer loop
      vertex -17.1854 -20.0289 4.2
      vertex -15.9925 -19.8545 4.2
      vertex -16.1482 -19.5129 4.2
    endloop
  endfacet
  facet normal 0 0 1
    outer loop
      vertex -15.6958 -22.7244 4.2
      vertex -16.9172 -22.897 4.2
      vertex -15.7675 -23.1274 4.2
    endloop
  endfacet
  facet normal 0 0 1
    outer loop
      vertex -17.1854 -20.0289 4.2
      vertex -16.1482 -19.5129 4.2
      vertex -16.3307 -19.1944 4.2
    endloop
  endfacet
  facet normal 0 0 1
    outer loop
      vertex -15.7675 -23.1274 4.2
      vertex -16.9172 -22.897 4.2
      vertex -15.8678 -23.5118 4.2
    endloop
  endfacet
  facet normal 0 0 1
    outer loop
      vertex -17.386 -19.6663 4.2
      vertex -16.3307 -19.1944 4.2
      vertex -16.5385 -18.9022 4.2
    endloop
  endfacet
  facet normal -0 0 1
    outer loop
      vertex -17.0278 -23.351 4.2
      vertex -15.8678 -23.5118 4.2
      vertex -16.9172 -22.897 4.2
    endloop
  endfacet
  facet normal 0 0 1
    outer loop
      vertex -17.6312 -19.342 4.2
      vertex -16.5385 -18.9022 4.2
      vertex -16.7715 -18.6363 4.2
    endloop
  endfacet
  facet normal 0 0 1
    outer loop
      vertex -15.8678 -23.5118 4.2
      vertex -17.0278 -23.351 4.2
      vertex -15.9967 -23.8774 4.2
    endloop
  endfacet
  facet normal -0 0 1
    outer loop
      vertex -17.1827 -23.7627 4.2
      vertex -15.9967 -23.8774 4.2
      vertex -17.0278 -23.351 4.2
    endloop
  endfacet
  facet normal 0 0 1
    outer loop
      vertex -15.6527 -21.4209 4.2
      vertex -16.851 -21.3467 4.2
      vertex -16.8287 -21.8625 4.2
    endloop
  endfacet
  facet normal 0 0 1
    outer loop
      vertex -15.6952 -20.9993 4.2
      vertex -16.9179 -20.8691 4.2
      vertex -16.851 -21.3467 4.2
    endloop
  endfacet
  facet normal 0 0 1
    outer loop
      vertex -15.8651 -20.2161 4.2
      vertex -17.0293 -20.4299 4.2
      vertex -16.9179 -20.8691 4.2
    endloop
  endfacet
  facet normal 0 0 1
    outer loop
      vertex -17.6312 -19.342 4.2
      vertex -16.7715 -18.6363 4.2
      vertex -17.0298 -18.3967 4.2
    endloop
  endfacet
  facet normal 0 0 1
    outer loop
      vertex -15.9925 -19.8545 4.2
      vertex -17.1854 -20.0289 4.2
      vertex -17.0293 -20.4299 4.2
    endloop
  endfacet
  facet normal 0 0 1
    outer loop
      vertex -17.9171 -19.0623 4.2
      vertex -17.0298 -18.3967 4.2
      vertex -17.3133 -18.1833 4.2
    endloop
  endfacet
  facet normal 0 0 1
    outer loop
      vertex -16.3307 -19.1944 4.2
      vertex -17.386 -19.6663 4.2
      vertex -17.1854 -20.0289 4.2
    endloop
  endfacet
  facet normal 0 0 1
    outer loop
      vertex -17.9171 -19.0623 4.2
      vertex -17.3133 -18.1833 4.2
      vertex -17.6221 -17.9962 4.2
    endloop
  endfacet
  facet normal 0 0 1
    outer loop
      vertex -16.5385 -18.9022 4.2
      vertex -17.6312 -19.342 4.2
      vertex -17.386 -19.6663 4.2
    endloop
  endfacet
  facet normal 0 0 1
    outer loop
      vertex -17.0298 -18.3967 4.2
      vertex -17.9171 -19.0623 4.2
      vertex -17.6312 -19.342 4.2
    endloop
  endfacet
  facet normal 0 0 1
    outer loop
      vertex -18.2398 -18.8334 4.2
      vertex -17.6221 -17.9962 4.2
      vertex -17.9532 -17.8368 4.2
    endloop
  endfacet
  facet normal 0 0 1
    outer loop
      vertex -17.6221 -17.9962 4.2
      vertex -18.2398 -18.8334 4.2
      vertex -17.9171 -19.0623 4.2
    endloop
  endfacet
  facet normal 0 0 1
    outer loop
      vertex -18.5993 -18.6554 4.2
      vertex -17.9532 -17.8368 4.2
      vertex -18.3036 -17.7063 4.2
    endloop
  endfacet
  facet normal 0 0 1
    outer loop
      vertex -17.9532 -17.8368 4.2
      vertex -18.5993 -18.6554 4.2
      vertex -18.2398 -18.8334 4.2
    endloop
  endfacet
  facet normal 0 0 1
    outer loop
      vertex -18.6734 -17.6049 4.2
      vertex -18.5993 -18.6554 4.2
      vertex -18.3036 -17.7063 4.2
    endloop
  endfacet
  facet normal 0 0 1
    outer loop
      vertex -18.6734 -17.6049 4.2
      vertex -18.9956 -18.5282 4.2
      vertex -18.5993 -18.6554 4.2
    endloop
  endfacet
  facet normal 0 0 1
    outer loop
      vertex -19.0624 -17.5324 4.2
      vertex -18.9956 -18.5282 4.2
      vertex -18.6734 -17.6049 4.2
    endloop
  endfacet
  facet normal 0 0 1
    outer loop
      vertex -19.0624 -17.5324 4.2
      vertex -19.4286 -18.452 4.2
      vertex -18.9956 -18.5282 4.2
    endloop
  endfacet
  facet normal 0 0 1
    outer loop
      vertex -19.4708 -17.4889 4.2
      vertex -19.4286 -18.452 4.2
      vertex -19.0624 -17.5324 4.2
    endloop
  endfacet
  facet normal 0 0 1
    outer loop
      vertex -19.8985 -18.4265 4.2
      vertex -19.4708 -17.4889 4.2
      vertex -19.8985 -17.4744 4.2
    endloop
  endfacet
  facet normal 0 0 1
    outer loop
      vertex -19.4708 -17.4889 4.2
      vertex -19.8985 -18.4265 4.2
      vertex -19.4286 -18.452 4.2
    endloop
  endfacet
  facet normal 0 0 1
    outer loop
      vertex -19.8985 -17.4744 4.2
      vertex -20.3722 -18.4516 4.2
      vertex -19.8985 -18.4265 4.2
    endloop
  endfacet
  facet normal -0 0 1
    outer loop
      vertex -20.5453 -17.5067 4.2
      vertex -20.3722 -18.4516 4.2
      vertex -19.8985 -17.4744 4.2
    endloop
  endfacet
  facet normal 0 0 1
    outer loop
      vertex -20.5453 -17.5067 4.2
      vertex -20.8086 -18.5269 4.2
      vertex -20.3722 -18.4516 4.2
    endloop
  endfacet
  facet normal -0 0 1
    outer loop
      vertex -21.1429 -17.6036 4.2
      vertex -20.8086 -18.5269 4.2
      vertex -20.5453 -17.5067 4.2
    endloop
  endfacet
  facet normal 0 0 1
    outer loop
      vertex -21.1429 -17.6036 4.2
      vertex -21.2077 -18.6523 4.2
      vertex -20.8086 -18.5269 4.2
    endloop
  endfacet
  facet normal -0 0 1
    outer loop
      vertex -21.6913 -17.7651 4.2
      vertex -21.2077 -18.6523 4.2
      vertex -21.1429 -17.6036 4.2
    endloop
  endfacet
  facet normal 0 0 1
    outer loop
      vertex -21.2077 -18.6523 4.2
      vertex -21.6913 -17.7651 4.2
      vertex -21.5695 -18.828 4.2
    endloop
  endfacet
  facet normal -0 0 1
    outer loop
      vertex -22.1906 -17.9912 4.2
      vertex -21.5695 -18.828 4.2
      vertex -21.6913 -17.7651 4.2
    endloop
  endfacet
  facet normal 0 0 1
    outer loop
      vertex -21.5695 -18.828 4.2
      vertex -22.1906 -17.9912 4.2
      vertex -21.894 -19.0538 4.2
    endloop
  endfacet
  facet normal -0 0 1
    outer loop
      vertex -22.6407 -18.2818 4.2
      vertex -21.894 -19.0538 4.2
      vertex -22.1906 -17.9912 4.2
    endloop
  endfacet
  facet normal 0 0 1
    outer loop
      vertex -21.894 -19.0538 4.2
      vertex -22.6407 -18.2818 4.2
      vertex -22.1812 -19.3298 4.2
    endloop
  endfacet
  facet normal -0 0 1
    outer loop
      vertex -23.0417 -18.6371 4.2
      vertex -22.1812 -19.3298 4.2
      vertex -22.6407 -18.2818 4.2
    endloop
  endfacet
  facet normal 0 0 1
    outer loop
      vertex -22.1812 -19.3298 4.2
      vertex -23.0417 -18.6371 4.2
      vertex -22.4273 -19.651 4.2
    endloop
  endfacet
  facet normal -0 0 1
    outer loop
      vertex -23.3867 -19.0497 4.2
      vertex -22.4273 -19.651 4.2
      vertex -23.0417 -18.6371 4.2
    endloop
  endfacet
  facet normal 0 0 1
    outer loop
      vertex -22.4273 -19.651 4.2
      vertex -23.3867 -19.0497 4.2
      vertex -22.6287 -20.0126 4.2
    endloop
  endfacet
  facet normal -0 0 1
    outer loop
      vertex -23.6689 -19.5122 4.2
      vertex -22.6287 -20.0126 4.2
      vertex -23.3867 -19.0497 4.2
    endloop
  endfacet
  facet normal 0 0 1
    outer loop
      vertex -22.6287 -20.0126 4.2
      vertex -23.8885 -20.0248 4.2
      vertex -22.7854 -20.4146 4.2
    endloop
  endfacet
  facet normal 0 0 1
    outer loop
      vertex -23.8885 -20.0248 4.2
      vertex -22.6287 -20.0126 4.2
      vertex -23.6689 -19.5122 4.2
    endloop
  endfacet
  facet normal 0 0 1
    outer loop
      vertex -15.9967 -23.8774 4.2
      vertex -17.1827 -23.7627 4.2
      vertex -16.1543 -24.2245 4.2
    endloop
  endfacet
  facet normal 0 0 1
    outer loop
      vertex -16.1543 -24.2245 4.2
      vertex -17.1827 -23.7627 4.2
      vertex -16.3387 -24.5491 4.2
    endloop
  endfacet
  facet normal -0 0 1
    outer loop
      vertex -17.3818 -24.1322 4.2
      vertex -16.3387 -24.5491 4.2
      vertex -17.1827 -23.7627 4.2
    endloop
  endfacet
  facet normal 0 0 1
    outer loop
      vertex -16.3387 -24.5491 4.2
      vertex -17.3818 -24.1322 4.2
      vertex -16.548 -24.8477 4.2
    endloop
  endfacet
  facet normal -0 0 1
    outer loop
      vertex -17.6252 -24.4595 4.2
      vertex -16.548 -24.8477 4.2
      vertex -17.3818 -24.1322 4.2
    endloop
  endfacet
  facet normal 0 0 1
    outer loop
      vertex -16.548 -24.8477 4.2
      vertex -17.6252 -24.4595 4.2
      vertex -16.7822 -25.1201 4.2
    endloop
  endfacet
  facet normal 0 0 1
    outer loop
      vertex -16.7822 -25.1201 4.2
      vertex -17.6252 -24.4595 4.2
      vertex -17.0413 -25.3664 4.2
    endloop
  endfacet
  facet normal -0 0 1
    outer loop
      vertex -17.9099 -24.7401 4.2
      vertex -17.0413 -25.3664 4.2
      vertex -17.6252 -24.4595 4.2
    endloop
  endfacet
  facet normal 0 0 1
    outer loop
      vertex -17.0413 -25.3664 4.2
      vertex -17.9099 -24.7401 4.2
      vertex -17.3253 -25.5867 4.2
    endloop
  endfacet
  facet normal 0 0 1
    outer loop
      vertex -17.3253 -25.5867 4.2
      vertex -17.9099 -24.7401 4.2
      vertex -17.6343 -25.7808 4.2
    endloop
  endfacet
  facet normal -0 0 1
    outer loop
      vertex -18.2331 -24.9697 4.2
      vertex -17.6343 -25.7808 4.2
      vertex -17.9099 -24.7401 4.2
    endloop
  endfacet
  facet normal 0 0 1
    outer loop
      vertex -17.6343 -25.7808 4.2
      vertex -18.2331 -24.9697 4.2
      vertex -17.9654 -25.9467 4.2
    endloop
  endfacet
  facet normal -0 0 1
    outer loop
      vertex -18.5948 -25.1483 4.2
      vertex -17.9654 -25.9467 4.2
      vertex -18.2331 -24.9697 4.2
    endloop
  endfacet
  facet normal 0 0 1
    outer loop
      vertex -17.9654 -25.9467 4.2
      vertex -18.5948 -25.1483 4.2
      vertex -18.3158 -26.0825 4.2
    endloop
  endfacet
  facet normal 0 0 1
    outer loop
      vertex -18.5948 -25.1483 4.2
      vertex -18.6855 -26.1881 4.2
      vertex -18.3158 -26.0825 4.2
    endloop
  endfacet
  facet normal -0 0 1
    outer loop
      vertex -18.9949 -25.2759 4.2
      vertex -18.6855 -26.1881 4.2
      vertex -18.5948 -25.1483 4.2
    endloop
  endfacet
  facet normal 0 0 1
    outer loop
      vertex -18.9949 -25.2759 4.2
      vertex -19.0746 -26.2635 4.2
      vertex -18.6855 -26.1881 4.2
    endloop
  endfacet
  facet normal -0 0 1
    outer loop
      vertex -19.4336 -25.3524 4.2
      vertex -19.0746 -26.2635 4.2
      vertex -18.9949 -25.2759 4.2
    endloop
  endfacet
  facet normal 0 0 1
    outer loop
      vertex -19.4336 -25.3524 4.2
      vertex -19.483 -26.3088 4.2
      vertex -19.0746 -26.2635 4.2
    endloop
  endfacet
  facet normal -0 0 1
    outer loop
      vertex -19.9108 -25.3779 4.2
      vertex -19.483 -26.3088 4.2
      vertex -19.4336 -25.3524 4.2
    endloop
  endfacet
  facet normal 0 0 1
    outer loop
      vertex -19.9108 -25.3779 4.2
      vertex -19.9108 -26.3239 4.2
      vertex -19.483 -26.3088 4.2
    endloop
  endfacet
  facet normal 0 0 1
    outer loop
      vertex -19.9108 -25.3779 4.2
      vertex -20.3421 -26.309 4.2
      vertex -19.9108 -26.3239 4.2
    endloop
  endfacet
  facet normal 0 0 1
    outer loop
      vertex -20.3754 -25.3516 4.2
      vertex -20.3421 -26.309 4.2
      vertex -19.9108 -25.3779 4.2
    endloop
  endfacet
  facet normal 0 0 1
    outer loop
      vertex -20.3754 -25.3516 4.2
      vertex -20.7533 -26.2642 4.2
      vertex -20.3421 -26.309 4.2
    endloop
  endfacet
  facet normal 0 0 1
    outer loop
      vertex -20.8049 -25.2725 4.2
      vertex -20.7533 -26.2642 4.2
      vertex -20.3754 -25.3516 4.2
    endloop
  endfacet
  facet normal 0 0 1
    outer loop
      vertex -20.8049 -25.2725 4.2
      vertex -21.1443 -26.1897 4.2
      vertex -20.7533 -26.2642 4.2
    endloop
  endfacet
  facet normal 0 0 1
    outer loop
      vertex -21.1993 -25.1407 4.2
      vertex -21.1443 -26.1897 4.2
      vertex -20.8049 -25.2725 4.2
    endloop
  endfacet
  facet normal 0 0 1
    outer loop
      vertex -21.1993 -25.1407 4.2
      vertex -21.5152 -26.0852 4.2
      vertex -21.1443 -26.1897 4.2
    endloop
  endfacet
  facet normal 0 0 1
    outer loop
      vertex -21.8659 -25.951 4.2
      vertex -21.1993 -25.1407 4.2
      vertex -21.5586 -24.9562 4.2
    endloop
  endfacet
  facet normal 0 0 1
    outer loop
      vertex -21.1993 -25.1407 4.2
      vertex -21.8659 -25.951 4.2
      vertex -21.5152 -26.0852 4.2
    endloop
  endfacet
  facet normal 0 0 1
    outer loop
      vertex -22.1964 -25.7869 4.2
      vertex -21.5586 -24.9562 4.2
      vertex -21.8829 -24.7189 4.2
    endloop
  endfacet
  facet normal 0 0 1
    outer loop
      vertex -22.7867 -25.3756 4.2
      vertex -21.8829 -24.7189 4.2
      vertex -22.172 -24.429 4.2
    endloop
  endfacet
  facet normal 0 0 1
    outer loop
      vertex -21.5586 -24.9562 4.2
      vertex -22.1964 -25.7869 4.2
      vertex -21.8659 -25.951 4.2
    endloop
  endfacet
  facet normal 0 0 1
    outer loop
      vertex -23.2759 -24.8578 4.2
      vertex -22.172 -24.429 4.2
      vertex -22.421 -24.094 4.2
    endloop
  endfacet
  facet normal 0 0 1
    outer loop
      vertex -21.8829 -24.7189 4.2
      vertex -22.5042 -25.5945 4.2
      vertex -22.1964 -25.7869 4.2
    endloop
  endfacet
  facet normal 0 0 1
    outer loop
      vertex -23.4827 -24.5591 4.2
      vertex -22.421 -24.094 4.2
      vertex -22.6246 -23.722 4.2
    endloop
  endfacet
  facet normal 0 0 1
    outer loop
      vertex -23.819 -23.8855 4.2
      vertex -22.6246 -23.722 4.2
      vertex -22.7831 -23.3128 4.2
    endloop
  endfacet
  facet normal 0 0 1
    outer loop
      vertex -21.8829 -24.7189 4.2
      vertex -22.7867 -25.3756 4.2
      vertex -22.5042 -25.5945 4.2
    endloop
  endfacet
  facet normal 0 0 1
    outer loop
      vertex -23.9456 -23.5186 4.2
      vertex -22.7831 -23.3128 4.2
      vertex -22.8962 -22.8665 4.2
    endloop
  endfacet
  facet normal -0 0 1
    outer loop
      vertex -24.1144 -22.7282 4.2
      vertex -22.8962 -22.8665 4.2
      vertex -22.9641 -22.3831 4.2
    endloop
  endfacet
  facet normal 0 0 1
    outer loop
      vertex -22.172 -24.429 4.2
      vertex -23.0439 -25.13 4.2
      vertex -22.7867 -25.3756 4.2
    endloop
  endfacet
  facet normal -0 0 1
    outer loop
      vertex -24.1566 -22.3048 4.2
      vertex -22.9641 -22.3831 4.2
      vertex -22.9868 -21.8625 4.2
    endloop
  endfacet
  facet normal 0 0 1
    outer loop
      vertex -24.0453 -20.5874 4.2
      vertex -22.7854 -20.4146 4.2
      vertex -23.8885 -20.0248 4.2
    endloop
  endfacet
  facet normal 0 0 1
    outer loop
      vertex -22.9641 -22.3831 4.2
      vertex -24.1566 -22.3048 4.2
      vertex -24.1144 -22.7282 4.2
    endloop
  endfacet
  facet normal 0 0 1
    outer loop
      vertex -22.7854 -20.4146 4.2
      vertex -24.0453 -20.5874 4.2
      vertex -22.8973 -20.8569 4.2
    endloop
  endfacet
  facet normal 0 0 1
    outer loop
      vertex -22.8962 -22.8665 4.2
      vertex -24.1144 -22.7282 4.2
      vertex -24.0441 -23.1328 4.2
    endloop
  endfacet
  facet normal 0 0 1
    outer loop
      vertex -22.8962 -22.8665 4.2
      vertex -24.0441 -23.1328 4.2
      vertex -23.9456 -23.5186 4.2
    endloop
  endfacet
  facet normal 0 0 1
    outer loop
      vertex -24.1394 -21.1999 4.2
      vertex -22.8973 -20.8569 4.2
      vertex -24.0453 -20.5874 4.2
    endloop
  endfacet
  facet normal 0 0 1
    outer loop
      vertex -22.7831 -23.3128 4.2
      vertex -23.9456 -23.5186 4.2
      vertex -23.819 -23.8855 4.2
    endloop
  endfacet
  facet normal 0 0 1
    outer loop
      vertex -22.8973 -20.8569 4.2
      vertex -24.1394 -21.1999 4.2
      vertex -22.9644 -21.3395 4.2
    endloop
  endfacet
  facet normal 0 0 1
    outer loop
      vertex -22.421 -24.094 4.2
      vertex -23.4827 -24.5591 4.2
      vertex -23.2759 -24.8578 4.2
    endloop
  endfacet
  facet normal 0 0 1
    outer loop
      vertex -22.172 -24.429 4.2
      vertex -23.2759 -24.8578 4.2
      vertex -23.0439 -25.13 4.2
    endloop
  endfacet
  facet normal 0 0 1
    outer loop
      vertex -24.1707 -21.8625 4.2
      vertex -22.9644 -21.3395 4.2
      vertex -24.1394 -21.1999 4.2
    endloop
  endfacet
  facet normal 0 0 1
    outer loop
      vertex -22.6246 -23.722 4.2
      vertex -23.819 -23.8855 4.2
      vertex -23.6642 -24.2337 4.2
    endloop
  endfacet
  facet normal 0 0 1
    outer loop
      vertex -22.9644 -21.3395 4.2
      vertex -24.1707 -21.8625 4.2
      vertex -22.9868 -21.8625 4.2
    endloop
  endfacet
  facet normal 0 0 1
    outer loop
      vertex -22.6246 -23.722 4.2
      vertex -23.6642 -24.2337 4.2
      vertex -23.4827 -24.5591 4.2
    endloop
  endfacet
  facet normal 0 0 1
    outer loop
      vertex -22.9868 -21.8625 4.2
      vertex -24.1707 -21.8625 4.2
      vertex -24.1566 -22.3048 4.2
    endloop
  endfacet
  facet normal 0 0 1
    outer loop
      vertex 6.6226 -26.2019 4.2
      vertex 4.44983 -23.6874 4.2
      vertex 5.43245 -26.2019 4.2
    endloop
  endfacet
  facet normal 0 0 1
    outer loop
      vertex 6.6226 -26.2019 4.2
      vertex 4.10197 -22.778 4.2
      vertex 4.44983 -23.6874 4.2
    endloop
  endfacet
  facet normal 0 0 1
    outer loop
      vertex 3.16823 -17.6026 4.2
      vertex 4.10197 -22.778 4.2
      vertex 6.6226 -26.2019 4.2
    endloop
  endfacet
  facet normal 0 0 1
    outer loop
      vertex 3.16823 -17.6026 4.2
      vertex 2.99731 -19.94 4.2
      vertex 4.10197 -22.778 4.2
    endloop
  endfacet
  facet normal 0 0 1
    outer loop
      vertex 3.16823 -17.6026 4.2
      vertex 2.94035 -19.7966 4.2
      vertex 2.99731 -19.94 4.2
    endloop
  endfacet
  facet normal 0 0 1
    outer loop
      vertex 3.16823 -17.6026 4.2
      vertex 2.88339 -19.6471 4.2
      vertex 2.94035 -19.7966 4.2
    endloop
  endfacet
  facet normal 0 0 1
    outer loop
      vertex 3.16823 -17.6026 4.2
      vertex 2.82643 -19.4915 4.2
      vertex 2.88339 -19.6471 4.2
    endloop
  endfacet
  facet normal 0 0 1
    outer loop
      vertex 3.16823 -17.6026 4.2
      vertex 2.76949 -19.3298 4.2
      vertex 2.82643 -19.4915 4.2
    endloop
  endfacet
  facet normal 0 0 1
    outer loop
      vertex 3.16823 -17.6026 4.2
      vertex 2.71252 -19.1619 4.2
      vertex 2.76949 -19.3298 4.2
    endloop
  endfacet
  facet normal 0 0 1
    outer loop
      vertex 3.16823 -17.6026 4.2
      vertex 2.65559 -18.988 4.2
      vertex 2.71252 -19.1619 4.2
    endloop
  endfacet
  facet normal 0 0 1
    outer loop
      vertex 3.16823 -17.6026 4.2
      vertex 2.4908 -18.4814 4.2
      vertex 2.65559 -18.988 4.2
    endloop
  endfacet
  facet normal 0 0 1
    outer loop
      vertex 1.8438 -17.6026 4.2
      vertex 2.38089 -18.8291 4.2
      vertex 2.43581 -18.6523 4.2
    endloop
  endfacet
  facet normal 0 0 1
    outer loop
      vertex 2.38089 -18.8291 4.2
      vertex 1.8438 -17.6026 4.2
      vertex 2.31783 -19.0219 4.2
    endloop
  endfacet
  facet normal 0 0 1
    outer loop
      vertex 1.8438 -17.6026 4.2
      vertex 2.43581 -18.6523 4.2
      vertex 2.4908 -18.4814 4.2
    endloop
  endfacet
  facet normal 0 0 1
    outer loop
      vertex 2.31783 -19.0219 4.2
      vertex 1.8438 -17.6026 4.2
      vertex 2.24663 -19.2306 4.2
    endloop
  endfacet
  facet normal 0 0 1
    outer loop
      vertex 2.24663 -19.2306 4.2
      vertex 1.8438 -17.6026 4.2
      vertex 2.16728 -19.4552 4.2
    endloop
  endfacet
  facet normal 0 0 1
    outer loop
      vertex 2.16728 -19.4552 4.2
      vertex 1.8438 -17.6026 4.2
      vertex 2.0798 -19.6958 4.2
    endloop
  endfacet
  facet normal -0 0 1
    outer loop
      vertex 1.8438 -17.6026 4.2
      vertex 2.4908 -18.4814 4.2
      vertex 3.16823 -17.6026 4.2
    endloop
  endfacet
  facet normal 0 0 1
    outer loop
      vertex 2.0798 -19.6958 4.2
      vertex 1.8438 -17.6026 4.2
      vertex 1.98419 -19.9523 4.2
    endloop
  endfacet
  facet normal 0 0 1
    outer loop
      vertex 1.8438 -17.6026 4.2
      vertex 0.885651 -22.778 4.2
      vertex 1.98419 -19.9523 4.2
    endloop
  endfacet
  facet normal 0 0 1
    outer loop
      vertex -1.66548 -26.2019 4.2
      vertex 0.885651 -22.778 4.2
      vertex 1.8438 -17.6026 4.2
    endloop
  endfacet
  facet normal 0 0 1
    outer loop
      vertex 0.885651 -22.778 4.2
      vertex -1.66548 -26.2019 4.2
      vertex 0.531677 -23.6874 4.2
    endloop
  endfacet
  facet normal 0 0 1
    outer loop
      vertex 0.531677 -23.6874 4.2
      vertex -1.66548 -26.2019 4.2
      vertex -0.457047 -26.2019 4.2
    endloop
  endfacet
  facet normal -0 0 1
    outer loop
      vertex 0.885651 -22.778 4.2
      vertex 4.44983 -23.6874 4.2
      vertex 4.10197 -22.778 4.2
    endloop
  endfacet
  facet normal 0 0 1
    outer loop
      vertex 4.44983 -23.6874 4.2
      vertex 0.885651 -22.778 4.2
      vertex 0.531677 -23.6874 4.2
    endloop
  endfacet
  facet normal 0 0 1
    outer loop
      vertex 14.8271 -18.929 4.2
      vertex 15.8388 -17.6026 4.2
      vertex 14.8439 -18.634 4.2
    endloop
  endfacet
  facet normal 0 0 1
    outer loop
      vertex 14.3435 -17.6026 4.2
      vertex 14.7459 -18.9849 4.2
      vertex 14.8439 -18.634 4.2
    endloop
  endfacet
  facet normal 0 0 1
    outer loop
      vertex 14.7459 -18.9849 4.2
      vertex 14.3435 -17.6026 4.2
      vertex 14.6513 -19.3094 4.2
    endloop
  endfacet
  facet normal 0 0 1
    outer loop
      vertex 14.6513 -19.3094 4.2
      vertex 14.3435 -17.6026 4.2
      vertex 14.5601 -19.6075 4.2
    endloop
  endfacet
  facet normal 0 0 1
    outer loop
      vertex 14.5601 -19.6075 4.2
      vertex 14.3435 -17.6026 4.2
      vertex 14.4723 -19.879 4.2
    endloop
  endfacet
  facet normal -0 0 1
    outer loop
      vertex 14.3435 -17.6026 4.2
      vertex 14.8439 -18.634 4.2
      vertex 15.8388 -17.6026 4.2
    endloop
  endfacet
  facet normal 0 0 1
    outer loop
      vertex 14.4723 -19.879 4.2
      vertex 14.3435 -17.6026 4.2
      vertex 14.3879 -20.1242 4.2
    endloop
  endfacet
  facet normal 0 0 1
    outer loop
      vertex 14.3435 -17.6026 4.2
      vertex 14.3069 -20.3429 4.2
      vertex 14.3879 -20.1242 4.2
    endloop
  endfacet
  facet normal 0 0 1
    outer loop
      vertex 12.0976 -23.5653 4.2
      vertex 14.3069 -20.3429 4.2
      vertex 14.3435 -17.6026 4.2
    endloop
  endfacet
  facet normal -0 0 1
    outer loop
      vertex 12.0976 -23.5653 4.2
      vertex 12.0853 -26.2019 4.2
      vertex 14.3069 -20.3429 4.2
    endloop
  endfacet
  facet normal 0 0 1
    outer loop
      vertex 12.0497 -23.6918 4.2
      vertex 12.0976 -23.5653 4.2
      vertex 12.0764 -23.6183 4.2
    endloop
  endfacet
  facet normal 0 0 1
    outer loop
      vertex 12.0976 -23.5653 4.2
      vertex 12.0497 -23.6918 4.2
      vertex 12.0853 -26.2019 4.2
    endloop
  endfacet
  facet normal -0 0 1
    outer loop
      vertex 12.0174 -23.7858 4.2
      vertex 12.0853 -26.2019 4.2
      vertex 12.0497 -23.6918 4.2
    endloop
  endfacet
  facet normal -0 0 1
    outer loop
      vertex 11.9795 -23.9003 4.2
      vertex 12.0853 -26.2019 4.2
      vertex 12.0174 -23.7858 4.2
    endloop
  endfacet
  facet normal -0 0 1
    outer loop
      vertex 11.936 -24.0354 4.2
      vertex 12.0853 -26.2019 4.2
      vertex 11.9795 -23.9003 4.2
    endloop
  endfacet
  facet normal -0 0 1
    outer loop
      vertex 11.887 -24.1909 4.2
      vertex 12.0853 -26.2019 4.2
      vertex 11.936 -24.0354 4.2
    endloop
  endfacet
  facet normal -0 0 1
    outer loop
      vertex 11.8381 -24.3497 4.2
      vertex 12.0853 -26.2019 4.2
      vertex 11.887 -24.1909 4.2
    endloop
  endfacet
  facet normal -0 0 1
    outer loop
      vertex 11.7951 -24.4943 4.2
      vertex 12.0853 -26.2019 4.2
      vertex 11.8381 -24.3497 4.2
    endloop
  endfacet
  facet normal -0 0 1
    outer loop
      vertex 11.758 -24.625 4.2
      vertex 12.0853 -26.2019 4.2
      vertex 11.7951 -24.4943 4.2
    endloop
  endfacet
  facet normal -0 0 1
    outer loop
      vertex 11.7269 -24.7415 4.2
      vertex 12.0853 -26.2019 4.2
      vertex 11.758 -24.625 4.2
    endloop
  endfacet
  facet normal -0 0 1
    outer loop
      vertex 11.7017 -24.844 4.2
      vertex 12.0853 -26.2019 4.2
      vertex 11.7269 -24.7415 4.2
    endloop
  endfacet
  facet normal -0 0 1
    outer loop
      vertex 11.6825 -24.9324 4.2
      vertex 12.0853 -26.2019 4.2
      vertex 11.7017 -24.844 4.2
    endloop
  endfacet
  facet normal 0 0 1
    outer loop
      vertex 11.2675 -26.2019 4.2
      vertex 11.6682 -24.865 4.2
      vertex 11.6496 -24.7849 4.2
    endloop
  endfacet
  facet normal 0 0 1
    outer loop
      vertex 11.2675 -26.2019 4.2
      vertex 11.6496 -24.7849 4.2
      vertex 11.6268 -24.6921 4.2
    endloop
  endfacet
  facet normal 0 0 1
    outer loop
      vertex 11.2675 -26.2019 4.2
      vertex 11.6268 -24.6921 4.2
      vertex 11.5997 -24.5866 4.2
    endloop
  endfacet
  facet normal 0 0 1
    outer loop
      vertex 11.2675 -26.2019 4.2
      vertex 11.5997 -24.5866 4.2
      vertex 11.5684 -24.4684 4.2
    endloop
  endfacet
  facet normal 0 0 1
    outer loop
      vertex 11.2675 -26.2019 4.2
      vertex 11.5684 -24.4684 4.2
      vertex 11.5329 -24.3374 4.2
    endloop
  endfacet
  facet normal 0 0 1
    outer loop
      vertex 11.2675 -26.2019 4.2
      vertex 11.5329 -24.3374 4.2
      vertex 11.495 -24.2015 4.2
    endloop
  endfacet
  facet normal 0 0 1
    outer loop
      vertex 11.2675 -26.2019 4.2
      vertex 11.495 -24.2015 4.2
      vertex 11.4566 -24.0685 4.2
    endloop
  endfacet
  facet normal 0 0 1
    outer loop
      vertex 11.2675 -26.2019 4.2
      vertex 11.4566 -24.0685 4.2
      vertex 11.4177 -23.9384 4.2
    endloop
  endfacet
  facet normal 0 0 1
    outer loop
      vertex 11.2675 -26.2019 4.2
      vertex 11.4177 -23.9384 4.2
      vertex 11.3783 -23.8111 4.2
    endloop
  endfacet
  facet normal 0 0 1
    outer loop
      vertex 11.2675 -26.2019 4.2
      vertex 11.3783 -23.8111 4.2
      vertex 11.3384 -23.6868 4.2
    endloop
  endfacet
  facet normal 0 0 1
    outer loop
      vertex 11.2675 -26.2019 4.2
      vertex 11.3384 -23.6868 4.2
      vertex 11.298 -23.5653 4.2
    endloop
  endfacet
  facet normal 0 0 1
    outer loop
      vertex 11.6825 -24.9324 4.2
      vertex 11.2675 -26.2019 4.2
      vertex 12.0853 -26.2019 4.2
    endloop
  endfacet
  facet normal 0 0 1
    outer loop
      vertex 11.6682 -24.865 4.2
      vertex 11.2675 -26.2019 4.2
      vertex 11.6825 -24.9324 4.2
    endloop
  endfacet
  facet normal 0 0 1
    outer loop
      vertex 11.298 -23.5653 4.2
      vertex 9.01543 -20.3429 4.2
      vertex 11.2675 -26.2019 4.2
    endloop
  endfacet
  facet normal 0 0 1
    outer loop
      vertex 9.00931 -17.6026 4.2
      vertex 9.01543 -20.3429 4.2
      vertex 11.298 -23.5653 4.2
    endloop
  endfacet
  facet normal 0 0 1
    outer loop
      vertex 9.00931 -17.6026 4.2
      vertex 8.67369 -19.3054 4.2
      vertex 9.01543 -20.3429 4.2
    endloop
  endfacet
  facet normal 0 0 1
    outer loop
      vertex 9.00931 -17.6026 4.2
      vertex 8.47227 -18.634 4.2
      vertex 8.67369 -19.3054 4.2
    endloop
  endfacet
  facet normal 0 -0 1
    outer loop
      vertex 8.47227 -18.634 4.2
      vertex 9.00931 -17.6026 4.2
      vertex 7.47751 -17.6026 4.2
    endloop
  endfacet
  facet normal 0 0 1
    outer loop
      vertex 14.8134 -19.228 4.2
      vertex 15.8388 -17.6026 4.2
      vertex 14.8271 -18.929 4.2
    endloop
  endfacet
  facet normal 0 0 1
    outer loop
      vertex 14.8027 -19.5311 4.2
      vertex 15.8388 -17.6026 4.2
      vertex 14.8134 -19.228 4.2
    endloop
  endfacet
  facet normal 0 0 1
    outer loop
      vertex 14.7951 -19.8383 4.2
      vertex 15.8388 -17.6026 4.2
      vertex 14.8027 -19.5311 4.2
    endloop
  endfacet
  facet normal 0 0 1
    outer loop
      vertex 14.7905 -20.1496 4.2
      vertex 15.8388 -17.6026 4.2
      vertex 14.7951 -19.8383 4.2
    endloop
  endfacet
  facet normal 0 0 1
    outer loop
      vertex 14.789 -20.4649 4.2
      vertex 15.8388 -17.6026 4.2
      vertex 14.7905 -20.1496 4.2
    endloop
  endfacet
  facet normal 0 0 1
    outer loop
      vertex 15.8388 -17.6026 4.2
      vertex 14.789 -20.4649 4.2
      vertex 15.8388 -26.2019 4.2
    endloop
  endfacet
  facet normal 0 0 1
    outer loop
      vertex 15.8388 -26.2019 4.2
      vertex 14.789 -20.4649 4.2
      vertex 14.789 -26.2019 4.2
    endloop
  endfacet
  facet normal 0 0 1
    outer loop
      vertex 7.47751 -17.6026 4.2
      vertex 8.51501 -20.4649 4.2
      vertex 8.49054 -19.3115 4.2
    endloop
  endfacet
  facet normal 0 0 1
    outer loop
      vertex 7.47751 -17.6026 4.2
      vertex 8.49054 -19.3115 4.2
      vertex 8.47227 -18.634 4.2
    endloop
  endfacet
  facet normal 0 0 1
    outer loop
      vertex 8.51501 -20.4649 4.2
      vertex 7.47751 -17.6026 4.2
      vertex 7.47751 -26.2019 4.2
    endloop
  endfacet
  facet normal 0 0 1
    outer loop
      vertex 8.51501 -20.4649 4.2
      vertex 7.47751 -26.2019 4.2
      vertex 8.51501 -26.2019 4.2
    endloop
  endfacet
  facet normal 0 0 1
    outer loop
      vertex 24.9332 -26.2019 4.2
      vertex 22.7604 -23.6874 4.2
      vertex 23.7431 -26.2019 4.2
    endloop
  endfacet
  facet normal 0 0 1
    outer loop
      vertex 24.9332 -26.2019 4.2
      vertex 22.4126 -22.778 4.2
      vertex 22.7604 -23.6874 4.2
    endloop
  endfacet
  facet normal 0 0 1
    outer loop
      vertex 21.4788 -17.6026 4.2
      vertex 22.4126 -22.778 4.2
      vertex 24.9332 -26.2019 4.2
    endloop
  endfacet
  facet normal 0 0 1
    outer loop
      vertex 21.4788 -17.6026 4.2
      vertex 21.3079 -19.94 4.2
      vertex 22.4126 -22.778 4.2
    endloop
  endfacet
  facet normal 0 0 1
    outer loop
      vertex 21.4788 -17.6026 4.2
      vertex 21.251 -19.7966 4.2
      vertex 21.3079 -19.94 4.2
    endloop
  endfacet
  facet normal 0 0 1
    outer loop
      vertex 21.4788 -17.6026 4.2
      vertex 21.194 -19.6471 4.2
      vertex 21.251 -19.7966 4.2
    endloop
  endfacet
  facet normal 0 0 1
    outer loop
      vertex 21.4788 -17.6026 4.2
      vertex 21.137 -19.4915 4.2
      vertex 21.194 -19.6471 4.2
    endloop
  endfacet
  facet normal 0 0 1
    outer loop
      vertex 21.4788 -17.6026 4.2
      vertex 21.0801 -19.3298 4.2
      vertex 21.137 -19.4915 4.2
    endloop
  endfacet
  facet normal 0 0 1
    outer loop
      vertex 21.4788 -17.6026 4.2
      vertex 21.0231 -19.1619 4.2
      vertex 21.0801 -19.3298 4.2
    endloop
  endfacet
  facet normal 0 0 1
    outer loop
      vertex 21.4788 -17.6026 4.2
      vertex 20.9662 -18.988 4.2
      vertex 21.0231 -19.1619 4.2
    endloop
  endfacet
  facet normal 0 0 1
    outer loop
      vertex 21.4788 -17.6026 4.2
      vertex 20.8014 -18.4814 4.2
      vertex 20.9662 -18.988 4.2
    endloop
  endfacet
  facet normal 0 0 1
    outer loop
      vertex 20.1544 -17.6026 4.2
      vertex 20.6915 -18.8291 4.2
      vertex 20.7464 -18.6523 4.2
    endloop
  endfacet
  facet normal 0 0 1
    outer loop
      vertex 20.6915 -18.8291 4.2
      vertex 20.1544 -17.6026 4.2
      vertex 20.6284 -19.0219 4.2
    endloop
  endfacet
  facet normal 0 0 1
    outer loop
      vertex 20.1544 -17.6026 4.2
      vertex 20.7464 -18.6523 4.2
      vertex 20.8014 -18.4814 4.2
    endloop
  endfacet
  facet normal 0 0 1
    outer loop
      vertex 20.6284 -19.0219 4.2
      vertex 20.1544 -17.6026 4.2
      vertex 20.5572 -19.2306 4.2
    endloop
  endfacet
  facet normal 0 0 1
    outer loop
      vertex 20.5572 -19.2306 4.2
      vertex 20.1544 -17.6026 4.2
      vertex 20.4779 -19.4552 4.2
    endloop
  endfacet
  facet normal 0 0 1
    outer loop
      vertex 20.4779 -19.4552 4.2
      vertex 20.1544 -17.6026 4.2
      vertex 20.3904 -19.6958 4.2
    endloop
  endfacet
  facet normal -0 0 1
    outer loop
      vertex 20.1544 -17.6026 4.2
      vertex 20.8014 -18.4814 4.2
      vertex 21.4788 -17.6026 4.2
    endloop
  endfacet
  facet normal 0 0 1
    outer loop
      vertex 20.3904 -19.6958 4.2
      vertex 20.1544 -17.6026 4.2
      vertex 20.2948 -19.9523 4.2
    endloop
  endfacet
  facet normal 0 0 1
    outer loop
      vertex 20.1544 -17.6026 4.2
      vertex 19.1963 -22.778 4.2
      vertex 20.2948 -19.9523 4.2
    endloop
  endfacet
  facet normal 0 0 1
    outer loop
      vertex 16.6451 -26.2019 4.2
      vertex 19.1963 -22.778 4.2
      vertex 20.1544 -17.6026 4.2
    endloop
  endfacet
  facet normal 0 0 1
    outer loop
      vertex 19.1963 -22.778 4.2
      vertex 16.6451 -26.2019 4.2
      vertex 18.8423 -23.6874 4.2
    endloop
  endfacet
  facet normal 0 0 1
    outer loop
      vertex 18.8423 -23.6874 4.2
      vertex 16.6451 -26.2019 4.2
      vertex 17.8535 -26.2019 4.2
    endloop
  endfacet
  facet normal -0 0 1
    outer loop
      vertex 19.1963 -22.778 4.2
      vertex 22.7604 -23.6874 4.2
      vertex 22.4126 -22.778 4.2
    endloop
  endfacet
  facet normal 0 0 1
    outer loop
      vertex 22.7604 -23.6874 4.2
      vertex 19.1963 -22.778 4.2
      vertex 18.8423 -23.6874 4.2
    endloop
  endfacet
  facet normal 0.110245 -0.993904 0
    outer loop
      vertex -19.483 -26.3088 3
      vertex -19.0746 -26.2635 4.2
      vertex -19.483 -26.3088 4.2
    endloop
  endfacet
  facet normal 0.110245 -0.993904 0
    outer loop
      vertex -19.0746 -26.2635 4.2
      vertex -19.483 -26.3088 3
      vertex -19.0746 -26.2635 3
    endloop
  endfacet
  facet normal 0.190242 -0.981737 0
    outer loop
      vertex -19.0746 -26.2635 3
      vertex -18.6855 -26.1881 4.2
      vertex -19.0746 -26.2635 4.2
    endloop
  endfacet
  facet normal 0.190242 -0.981737 0
    outer loop
      vertex -18.6855 -26.1881 4.2
      vertex -19.0746 -26.2635 3
      vertex -18.6855 -26.1881 3
    endloop
  endfacet
  facet normal 0.274652 -0.961544 0
    outer loop
      vertex -18.6855 -26.1881 3
      vertex -18.3158 -26.0825 4.2
      vertex -18.6855 -26.1881 4.2
    endloop
  endfacet
  facet normal 0.274652 -0.961544 0
    outer loop
      vertex -18.3158 -26.0825 4.2
      vertex -18.6855 -26.1881 3
      vertex -18.3158 -26.0825 3
    endloop
  endfacet
  facet normal 0.361367 -0.932424 0
    outer loop
      vertex -18.3158 -26.0825 3
      vertex -17.9654 -25.9467 4.2
      vertex -18.3158 -26.0825 4.2
    endloop
  endfacet
  facet normal 0.361367 -0.932424 0
    outer loop
      vertex -17.9654 -25.9467 4.2
      vertex -18.3158 -26.0825 3
      vertex -17.9654 -25.9467 3
    endloop
  endfacet
  facet normal 0.44797 -0.894049 0
    outer loop
      vertex -17.9654 -25.9467 3
      vertex -17.6343 -25.7808 4.2
      vertex -17.9654 -25.9467 4.2
    endloop
  endfacet
  facet normal 0.44797 -0.894049 0
    outer loop
      vertex -17.6343 -25.7808 4.2
      vertex -17.9654 -25.9467 3
      vertex -17.6343 -25.7808 3
    endloop
  endfacet
  facet normal 0.531919 -0.846795 0
    outer loop
      vertex -17.6343 -25.7808 3
      vertex -17.3253 -25.5867 4.2
      vertex -17.6343 -25.7808 4.2
    endloop
  endfacet
  facet normal 0.531919 -0.846795 0
    outer loop
      vertex -17.3253 -25.5867 4.2
      vertex -17.6343 -25.7808 3
      vertex -17.3253 -25.5867 3
    endloop
  endfacet
  facet normal 0.612919 -0.790146 0
    outer loop
      vertex -17.3253 -25.5867 3
      vertex -17.0413 -25.3664 4.2
      vertex -17.3253 -25.5867 4.2
    endloop
  endfacet
  facet normal 0.612919 -0.790146 0
    outer loop
      vertex -17.0413 -25.3664 4.2
      vertex -17.3253 -25.5867 3
      vertex -17.0413 -25.3664 3
    endloop
  endfacet
  facet normal 0.688977 -0.724783 0
    outer loop
      vertex -17.0413 -25.3664 3
      vertex -16.7822 -25.1201 4.2
      vertex -17.0413 -25.3664 4.2
    endloop
  endfacet
  facet normal 0.688977 -0.724783 0
    outer loop
      vertex -16.7822 -25.1201 4.2
      vertex -17.0413 -25.3664 3
      vertex -16.7822 -25.1201 3
    endloop
  endfacet
  facet normal 0.758273 -0.651937 0
    outer loop
      vertex -16.7822 -25.1201 4.2
      vertex -16.548 -24.8477 3
      vertex -16.548 -24.8477 4.2
    endloop
  endfacet
  facet normal 0.758273 -0.651937 0
    outer loop
      vertex -16.548 -24.8477 3
      vertex -16.7822 -25.1201 4.2
      vertex -16.7822 -25.1201 3
    endloop
  endfacet
  facet normal 0.818871 -0.573978 0
    outer loop
      vertex -16.548 -24.8477 4.2
      vertex -16.3387 -24.5491 3
      vertex -16.3387 -24.5491 4.2
    endloop
  endfacet
  facet normal 0.818871 -0.573978 0
    outer loop
      vertex -16.3387 -24.5491 3
      vertex -16.548 -24.8477 4.2
      vertex -16.548 -24.8477 3
    endloop
  endfacet
  facet normal 0.869493 -0.493945 0
    outer loop
      vertex -16.3387 -24.5491 4.2
      vertex -16.1543 -24.2245 3
      vertex -16.1543 -24.2245 4.2
    endloop
  endfacet
  facet normal 0.869493 -0.493945 0
    outer loop
      vertex -16.1543 -24.2245 3
      vertex -16.3387 -24.5491 4.2
      vertex -16.3387 -24.5491 3
    endloop
  endfacet
  facet normal 0.910537 -0.413427 0
    outer loop
      vertex -16.1543 -24.2245 4.2
      vertex -15.9967 -23.8774 3
      vertex -15.9967 -23.8774 4.2
    endloop
  endfacet
  facet normal 0.910537 -0.413427 0
    outer loop
      vertex -15.9967 -23.8774 3
      vertex -16.1543 -24.2245 4.2
      vertex -16.1543 -24.2245 3
    endloop
  endfacet
  facet normal 0.9431 -0.33251 0
    outer loop
      vertex -15.9967 -23.8774 4.2
      vertex -15.8678 -23.5118 3
      vertex -15.8678 -23.5118 4.2
    endloop
  endfacet
  facet normal 0.9431 -0.33251 0
    outer loop
      vertex -15.8678 -23.5118 3
      vertex -15.9967 -23.8774 4.2
      vertex -15.9967 -23.8774 3
    endloop
  endfacet
  facet normal 0.967604 -0.252473 0
    outer loop
      vertex -15.8678 -23.5118 4.2
      vertex -15.7675 -23.1274 3
      vertex -15.7675 -23.1274 4.2
    endloop
  endfacet
  facet normal 0.967604 -0.252473 0
    outer loop
      vertex -15.7675 -23.1274 3
      vertex -15.8678 -23.5118 4.2
      vertex -15.8678 -23.5118 3
    endloop
  endfacet
  facet normal 0.984539 -0.175165 0
    outer loop
      vertex -15.7675 -23.1274 4.2
      vertex -15.6958 -22.7244 3
      vertex -15.6958 -22.7244 4.2
    endloop
  endfacet
  facet normal 0.984539 -0.175165 0
    outer loop
      vertex -15.6958 -22.7244 3
      vertex -15.7675 -23.1274 4.2
      vertex -15.7675 -23.1274 3
    endloop
  endfacet
  facet normal 0.994863 -0.101232 0
    outer loop
      vertex -15.6958 -22.7244 4.2
      vertex -15.6529 -22.3028 3
      vertex -15.6529 -22.3028 4.2
    endloop
  endfacet
  facet normal 0.994863 -0.101232 0
    outer loop
      vertex -15.6529 -22.3028 3
      vertex -15.6958 -22.7244 4.2
      vertex -15.6958 -22.7244 3
    endloop
  endfacet
  facet normal 0.999466 -0.0326875 0
    outer loop
      vertex -15.6529 -22.3028 4.2
      vertex -15.6385 -21.8625 3
      vertex -15.6385 -21.8625 4.2
    endloop
  endfacet
  facet normal 0.999466 -0.0326875 0
    outer loop
      vertex -15.6385 -21.8625 3
      vertex -15.6529 -22.3028 4.2
      vertex -15.6529 -22.3028 3
    endloop
  endfacet
  facet normal 0.999483 0.0321392 0
    outer loop
      vertex -15.6385 -21.8625 4.2
      vertex -15.6527 -21.4209 3
      vertex -15.6527 -21.4209 4.2
    endloop
  endfacet
  facet normal 0.999483 0.0321392 0
    outer loop
      vertex -15.6527 -21.4209 3
      vertex -15.6385 -21.8625 4.2
      vertex -15.6385 -21.8625 3
    endloop
  endfacet
  facet normal 0.994957 0.100298 0
    outer loop
      vertex -15.6527 -21.4209 4.2
      vertex -15.6952 -20.9993 3
      vertex -15.6952 -20.9993 4.2
    endloop
  endfacet
  facet normal 0.994957 0.100298 0
    outer loop
      vertex -15.6952 -20.9993 3
      vertex -15.6527 -21.4209 4.2
      vertex -15.6527 -21.4209 3
    endloop
  endfacet
  facet normal 0.984813 0.173617 0
    outer loop
      vertex -15.6952 -20.9993 4.2
      vertex -15.766 -20.5977 3
      vertex -15.766 -20.5977 4.2
    endloop
  endfacet
  facet normal 0.984813 0.173617 0
    outer loop
      vertex -15.766 -20.5977 3
      vertex -15.6952 -20.9993 4.2
      vertex -15.6952 -20.9993 3
    endloop
  endfacet
  facet normal 0.967894 0.251358 0
    outer loop
      vertex -15.766 -20.5977 4.2
      vertex -15.8651 -20.2161 3
      vertex -15.8651 -20.2161 4.2
    endloop
  endfacet
  facet normal 0.967894 0.251358 0
    outer loop
      vertex -15.8651 -20.2161 3
      vertex -15.766 -20.5977 4.2
      vertex -15.766 -20.5977 3
    endloop
  endfacet
  facet normal 0.943173 0.332302 0
    outer loop
      vertex -15.8651 -20.2161 4.2
      vertex -15.9925 -19.8545 3
      vertex -15.9925 -19.8545 4.2
    endloop
  endfacet
  facet normal 0.943173 0.332302 0
    outer loop
      vertex -15.9925 -19.8545 3
      vertex -15.8651 -20.2161 4.2
      vertex -15.8651 -20.2161 3
    endloop
  endfacet
  facet normal 0.909937 0.414746 0
    outer loop
      vertex -15.9925 -19.8545 4.2
      vertex -16.1482 -19.5129 3
      vertex -16.1482 -19.5129 4.2
    endloop
  endfacet
  facet normal 0.909937 0.414746 0
    outer loop
      vertex -16.1482 -19.5129 3
      vertex -15.9925 -19.8545 4.2
      vertex -15.9925 -19.8545 3
    endloop
  endfacet
  facet normal 0.867656 0.497165 0
    outer loop
      vertex -16.1482 -19.5129 4.2
      vertex -16.3307 -19.1944 3
      vertex -16.3307 -19.1944 4.2
    endloop
  endfacet
  facet normal 0.867656 0.497165 0
    outer loop
      vertex -16.3307 -19.1944 3
      vertex -16.1482 -19.5129 4.2
      vertex -16.1482 -19.5129 3
    endloop
  endfacet
  facet normal 0.814938 0.579548 0
    outer loop
      vertex -16.3307 -19.1944 4.2
      vertex -16.5385 -18.9022 3
      vertex -16.5385 -18.9022 4.2
    endloop
  endfacet
  facet normal 0.814938 0.579548 0
    outer loop
      vertex -16.5385 -18.9022 3
      vertex -16.3307 -19.1944 4.2
      vertex -16.3307 -19.1944 3
    endloop
  endfacet
  facet normal 0.752103 0.659045 0
    outer loop
      vertex -16.5385 -18.9022 4.2
      vertex -16.7715 -18.6363 3
      vertex -16.7715 -18.6363 4.2
    endloop
  endfacet
  facet normal 0.752103 0.659045 0
    outer loop
      vertex -16.7715 -18.6363 3
      vertex -16.5385 -18.9022 4.2
      vertex -16.5385 -18.9022 3
    endloop
  endfacet
  facet normal 0.68007 0.733147 -0
    outer loop
      vertex -16.7715 -18.6363 3
      vertex -17.0298 -18.3967 4.2
      vertex -16.7715 -18.6363 4.2
    endloop
  endfacet
  facet normal 0.68007 0.733147 0
    outer loop
      vertex -17.0298 -18.3967 4.2
      vertex -16.7715 -18.6363 3
      vertex -17.0298 -18.3967 3
    endloop
  endfacet
  facet normal 0.601397 0.79895 -0
    outer loop
      vertex -17.0298 -18.3967 3
      vertex -17.3133 -18.1833 4.2
      vertex -17.0298 -18.3967 4.2
    endloop
  endfacet
  facet normal 0.601397 0.79895 0
    outer loop
      vertex -17.3133 -18.1833 4.2
      vertex -17.0298 -18.3967 3
      vertex -17.3133 -18.1833 3
    endloop
  endfacet
  facet normal 0.518197 0.855261 -0
    outer loop
      vertex -17.3133 -18.1833 3
      vertex -17.6221 -17.9962 4.2
      vertex -17.3133 -18.1833 4.2
    endloop
  endfacet
  facet normal 0.518197 0.855261 0
    outer loop
      vertex -17.6221 -17.9962 4.2
      vertex -17.3133 -18.1833 3
      vertex -17.6221 -17.9962 3
    endloop
  endfacet
  facet normal 0.433775 0.901021 -0
    outer loop
      vertex -17.6221 -17.9962 3
      vertex -17.9532 -17.8368 4.2
      vertex -17.6221 -17.9962 4.2
    endloop
  endfacet
  facet normal 0.433775 0.901021 0
    outer loop
      vertex -17.9532 -17.8368 4.2
      vertex -17.6221 -17.9962 3
      vertex -17.9532 -17.8368 3
    endloop
  endfacet
  facet normal 0.349012 0.937118 -0
    outer loop
      vertex -17.9532 -17.8368 3
      vertex -18.3036 -17.7063 4.2
      vertex -17.9532 -17.8368 4.2
    endloop
  endfacet
  facet normal 0.349012 0.937118 0
    outer loop
      vertex -18.3036 -17.7063 4.2
      vertex -17.9532 -17.8368 3
      vertex -18.3036 -17.7063 3
    endloop
  endfacet
  facet normal 0.264441 0.964402 -0
    outer loop
      vertex -18.3036 -17.7063 3
      vertex -18.6734 -17.6049 4.2
      vertex -18.3036 -17.7063 4.2
    endloop
  endfacet
  facet normal 0.264441 0.964402 0
    outer loop
      vertex -18.6734 -17.6049 4.2
      vertex -18.3036 -17.7063 3
      vertex -18.6734 -17.6049 3
    endloop
  endfacet
  facet normal 0.18322 0.983072 -0
    outer loop
      vertex -18.6734 -17.6049 3
      vertex -19.0624 -17.5324 4.2
      vertex -18.6734 -17.6049 4.2
    endloop
  endfacet
  facet normal 0.18322 0.983072 0
    outer loop
      vertex -19.0624 -17.5324 4.2
      vertex -18.6734 -17.6049 3
      vertex -19.0624 -17.5324 3
    endloop
  endfacet
  facet normal 0.105914 0.994375 -0
    outer loop
      vertex -19.0624 -17.5324 3
      vertex -19.4708 -17.4889 4.2
      vertex -19.0624 -17.5324 4.2
    endloop
  endfacet
  facet normal 0.105914 0.994375 0
    outer loop
      vertex -19.4708 -17.4889 4.2
      vertex -19.0624 -17.5324 3
      vertex -19.4708 -17.4889 3
    endloop
  endfacet
  facet normal 0.0338828 0.999426 -0
    outer loop
      vertex -19.4708 -17.4889 3
      vertex -19.8985 -17.4744 4.2
      vertex -19.4708 -17.4889 4.2
    endloop
  endfacet
  facet normal 0.0338828 0.999426 0
    outer loop
      vertex -19.8985 -17.4744 4.2
      vertex -19.4708 -17.4889 3
      vertex -19.8985 -17.4744 3
    endloop
  endfacet
  facet normal -0.049876 0.998755 0
    outer loop
      vertex -19.8985 -17.4744 3
      vertex -20.5453 -17.5067 4.2
      vertex -19.8985 -17.4744 4.2
    endloop
  endfacet
  facet normal -0.049876 0.998755 0
    outer loop
      vertex -20.5453 -17.5067 4.2
      vertex -19.8985 -17.4744 3
      vertex -20.5453 -17.5067 3
    endloop
  endfacet
  facet normal -0.160058 0.987108 0
    outer loop
      vertex -20.5453 -17.5067 3
      vertex -21.1429 -17.6036 4.2
      vertex -20.5453 -17.5067 4.2
    endloop
  endfacet
  facet normal -0.160058 0.987108 0
    outer loop
      vertex -21.1429 -17.6036 4.2
      vertex -20.5453 -17.5067 3
      vertex -21.1429 -17.6036 3
    endloop
  endfacet
  facet normal -0.282498 0.959268 0
    outer loop
      vertex -21.1429 -17.6036 3
      vertex -21.6913 -17.7651 4.2
      vertex -21.1429 -17.6036 4.2
    endloop
  endfacet
  facet normal -0.282498 0.959268 0
    outer loop
      vertex -21.6913 -17.7651 4.2
      vertex -21.1429 -17.6036 3
      vertex -21.6913 -17.7651 3
    endloop
  endfacet
  facet normal -0.41251 0.910953 0
    outer loop
      vertex -21.6913 -17.7651 3
      vertex -22.1906 -17.9912 4.2
      vertex -21.6913 -17.7651 4.2
    endloop
  endfacet
  facet normal -0.41251 0.910953 0
    outer loop
      vertex -22.1906 -17.9912 4.2
      vertex -21.6913 -17.7651 3
      vertex -22.1906 -17.9912 3
    endloop
  endfacet
  facet normal -0.542407 0.840116 0
    outer loop
      vertex -22.1906 -17.9912 3
      vertex -22.6407 -18.2818 4.2
      vertex -22.1906 -17.9912 4.2
    endloop
  endfacet
  facet normal -0.542407 0.840116 0
    outer loop
      vertex -22.6407 -18.2818 4.2
      vertex -22.1906 -17.9912 3
      vertex -22.6407 -18.2818 3
    endloop
  endfacet
  facet normal -0.66317 0.748469 0
    outer loop
      vertex -22.6407 -18.2818 3
      vertex -23.0417 -18.6371 4.2
      vertex -22.6407 -18.2818 4.2
    endloop
  endfacet
  facet normal -0.66317 0.748469 0
    outer loop
      vertex -23.0417 -18.6371 4.2
      vertex -22.6407 -18.2818 3
      vertex -23.0417 -18.6371 3
    endloop
  endfacet
  facet normal -0.767153 0.641464 0
    outer loop
      vertex -23.3867 -19.0497 3
      vertex -23.0417 -18.6371 4.2
      vertex -23.0417 -18.6371 3
    endloop
  endfacet
  facet normal -0.767153 0.641464 0
    outer loop
      vertex -23.0417 -18.6371 4.2
      vertex -23.3867 -19.0497 3
      vertex -23.3867 -19.0497 4.2
    endloop
  endfacet
  facet normal -0.853642 0.52086 0
    outer loop
      vertex -23.6689 -19.5122 3
      vertex -23.3867 -19.0497 4.2
      vertex -23.3867 -19.0497 3
    endloop
  endfacet
  facet normal -0.853642 0.52086 0
    outer loop
      vertex -23.3867 -19.0497 4.2
      vertex -23.6689 -19.5122 3
      vertex -23.6689 -19.5122 4.2
    endloop
  endfacet
  facet normal -0.919201 0.393789 0
    outer loop
      vertex -23.8885 -20.0248 3
      vertex -23.6689 -19.5122 4.2
      vertex -23.6689 -19.5122 3
    endloop
  endfacet
  facet normal -0.919201 0.393789 0
    outer loop
      vertex -23.6689 -19.5122 4.2
      vertex -23.8885 -20.0248 3
      vertex -23.8885 -20.0248 4.2
    endloop
  endfacet
  facet normal -0.963287 0.268474 0
    outer loop
      vertex -24.0453 -20.5874 3
      vertex -23.8885 -20.0248 4.2
      vertex -23.8885 -20.0248 3
    endloop
  endfacet
  facet normal -0.963287 0.268474 0
    outer loop
      vertex -23.8885 -20.0248 4.2
      vertex -24.0453 -20.5874 3
      vertex -24.0453 -20.5874 4.2
    endloop
  endfacet
  facet normal -0.988403 0.151851 0
    outer loop
      vertex -24.1394 -21.1999 3
      vertex -24.0453 -20.5874 4.2
      vertex -24.0453 -20.5874 3
    endloop
  endfacet
  facet normal -0.988403 0.151851 0
    outer loop
      vertex -24.0453 -20.5874 4.2
      vertex -24.1394 -21.1999 3
      vertex -24.1394 -21.1999 4.2
    endloop
  endfacet
  facet normal -0.998886 0.0471855 0
    outer loop
      vertex -24.1707 -21.8625 3
      vertex -24.1394 -21.1999 4.2
      vertex -24.1394 -21.1999 3
    endloop
  endfacet
  facet normal -0.998886 0.0471855 0
    outer loop
      vertex -24.1394 -21.1999 4.2
      vertex -24.1707 -21.8625 3
      vertex -24.1707 -21.8625 4.2
    endloop
  endfacet
  facet normal -0.999492 -0.0318626 0
    outer loop
      vertex -24.1566 -22.3048 3
      vertex -24.1707 -21.8625 4.2
      vertex -24.1707 -21.8625 3
    endloop
  endfacet
  facet normal -0.999492 -0.0318626 0
    outer loop
      vertex -24.1707 -21.8625 4.2
      vertex -24.1566 -22.3048 3
      vertex -24.1566 -22.3048 4.2
    endloop
  endfacet
  facet normal -0.99507 -0.0991779 0
    outer loop
      vertex -24.1144 -22.7282 3
      vertex -24.1566 -22.3048 4.2
      vertex -24.1566 -22.3048 3
    endloop
  endfacet
  facet normal -0.99507 -0.0991779 0
    outer loop
      vertex -24.1566 -22.3048 4.2
      vertex -24.1144 -22.7282 3
      vertex -24.1144 -22.7282 4.2
    endloop
  endfacet
  facet normal -0.985239 -0.171187 0
    outer loop
      vertex -24.0441 -23.1328 3
      vertex -24.1144 -22.7282 4.2
      vertex -24.1144 -22.7282 3
    endloop
  endfacet
  facet normal -0.985239 -0.171187 0
    outer loop
      vertex -24.1144 -22.7282 4.2
      vertex -24.0441 -23.1328 3
      vertex -24.0441 -23.1328 4.2
    endloop
  endfacet
  facet normal -0.968919 -0.247378 0
    outer loop
      vertex -23.9456 -23.5186 3
      vertex -24.0441 -23.1328 4.2
      vertex -24.0441 -23.1328 3
    endloop
  endfacet
  facet normal -0.968919 -0.247378 0
    outer loop
      vertex -24.0441 -23.1328 4.2
      vertex -23.9456 -23.5186 3
      vertex -23.9456 -23.5186 4.2
    endloop
  endfacet
  facet normal -0.945307 -0.326181 0
    outer loop
      vertex -23.819 -23.8855 3
      vertex -23.9456 -23.5186 4.2
      vertex -23.9456 -23.5186 3
    endloop
  endfacet
  facet normal -0.945307 -0.326181 0
    outer loop
      vertex -23.9456 -23.5186 4.2
      vertex -23.819 -23.8855 3
      vertex -23.819 -23.8855 4.2
    endloop
  endfacet
  facet normal -0.913768 -0.406236 0
    outer loop
      vertex -23.6642 -24.2337 3
      vertex -23.819 -23.8855 4.2
      vertex -23.819 -23.8855 3
    endloop
  endfacet
  facet normal -0.913768 -0.406236 0
    outer loop
      vertex -23.819 -23.8855 4.2
      vertex -23.6642 -24.2337 3
      vertex -23.6642 -24.2337 4.2
    endloop
  endfacet
  facet normal -0.873333 -0.487123 0
    outer loop
      vertex -23.4827 -24.5591 3
      vertex -23.6642 -24.2337 4.2
      vertex -23.6642 -24.2337 3
    endloop
  endfacet
  facet normal -0.873333 -0.487123 0
    outer loop
      vertex -23.6642 -24.2337 4.2
      vertex -23.4827 -24.5591 3
      vertex -23.4827 -24.5591 4.2
    endloop
  endfacet
  facet normal -0.822182 -0.569224 0
    outer loop
      vertex -23.2759 -24.8578 3
      vertex -23.4827 -24.5591 4.2
      vertex -23.4827 -24.5591 3
    endloop
  endfacet
  facet normal -0.822182 -0.569224 0
    outer loop
      vertex -23.4827 -24.5591 4.2
      vertex -23.2759 -24.8578 3
      vertex -23.2759 -24.8578 4.2
    endloop
  endfacet
  facet normal -0.761069 -0.64867 0
    outer loop
      vertex -23.0439 -25.13 3
      vertex -23.2759 -24.8578 4.2
      vertex -23.2759 -24.8578 3
    endloop
  endfacet
  facet normal -0.761069 -0.64867 0
    outer loop
      vertex -23.2759 -24.8578 4.2
      vertex -23.0439 -25.13 3
      vertex -23.0439 -25.13 4.2
    endloop
  endfacet
  facet normal -0.690609 -0.723228 0
    outer loop
      vertex -23.0439 -25.13 3
      vertex -22.7867 -25.3756 4.2
      vertex -23.0439 -25.13 4.2
    endloop
  endfacet
  facet normal -0.690609 -0.723228 -0
    outer loop
      vertex -22.7867 -25.3756 4.2
      vertex -23.0439 -25.13 3
      vertex -22.7867 -25.3756 3
    endloop
  endfacet
  facet normal -0.612506 -0.790466 0
    outer loop
      vertex -22.7867 -25.3756 3
      vertex -22.5042 -25.5945 4.2
      vertex -22.7867 -25.3756 4.2
    endloop
  endfacet
  facet normal -0.612506 -0.790466 -0
    outer loop
      vertex -22.5042 -25.5945 4.2
      vertex -22.7867 -25.3756 3
      vertex -22.5042 -25.5945 3
    endloop
  endfacet
  facet normal -0.530048 -0.847967 0
    outer loop
      vertex -22.5042 -25.5945 3
      vertex -22.1964 -25.7869 4.2
      vertex -22.5042 -25.5945 4.2
    endloop
  endfacet
  facet normal -0.530048 -0.847967 -0
    outer loop
      vertex -22.1964 -25.7869 4.2
      vertex -22.5042 -25.5945 3
      vertex -22.1964 -25.7869 3
    endloop
  endfacet
  facet normal -0.444719 -0.89567 0
    outer loop
      vertex -22.1964 -25.7869 3
      vertex -21.8659 -25.951 4.2
      vertex -22.1964 -25.7869 4.2
    endloop
  endfacet
  facet normal -0.444719 -0.89567 -0
    outer loop
      vertex -21.8659 -25.951 4.2
      vertex -22.1964 -25.7869 3
      vertex -21.8659 -25.951 3
    endloop
  endfacet
  facet normal -0.35739 -0.933955 0
    outer loop
      vertex -21.8659 -25.951 3
      vertex -21.5152 -26.0852 4.2
      vertex -21.8659 -25.951 4.2
    endloop
  endfacet
  facet normal -0.35739 -0.933955 -0
    outer loop
      vertex -21.5152 -26.0852 4.2
      vertex -21.8659 -25.951 3
      vertex -21.5152 -26.0852 3
    endloop
  endfacet
  facet normal -0.271189 -0.962526 0
    outer loop
      vertex -21.5152 -26.0852 3
      vertex -21.1443 -26.1897 4.2
      vertex -21.5152 -26.0852 4.2
    endloop
  endfacet
  facet normal -0.271189 -0.962526 -0
    outer loop
      vertex -21.1443 -26.1897 4.2
      vertex -21.5152 -26.0852 3
      vertex -21.1443 -26.1897 3
    endloop
  endfacet
  facet normal -0.18717 -0.982328 0
    outer loop
      vertex -21.1443 -26.1897 3
      vertex -20.7533 -26.2642 4.2
      vertex -21.1443 -26.1897 4.2
    endloop
  endfacet
  facet normal -0.18717 -0.982328 -0
    outer loop
      vertex -20.7533 -26.2642 4.2
      vertex -21.1443 -26.1897 3
      vertex -20.7533 -26.2642 3
    endloop
  endfacet
  facet normal -0.108309 -0.994117 0
    outer loop
      vertex -20.7533 -26.2642 3
      vertex -20.3421 -26.309 4.2
      vertex -20.7533 -26.2642 4.2
    endloop
  endfacet
  facet normal -0.108309 -0.994117 -0
    outer loop
      vertex -20.3421 -26.309 4.2
      vertex -20.7533 -26.2642 3
      vertex -20.3421 -26.309 3
    endloop
  endfacet
  facet normal -0.0345261 -0.999404 0
    outer loop
      vertex -20.3421 -26.309 3
      vertex -19.9108 -26.3239 4.2
      vertex -20.3421 -26.309 4.2
    endloop
  endfacet
  facet normal -0.0345261 -0.999404 -0
    outer loop
      vertex -19.9108 -26.3239 4.2
      vertex -20.3421 -26.309 3
      vertex -19.9108 -26.3239 3
    endloop
  endfacet
  facet normal 0.0352749 -0.999378 0
    outer loop
      vertex -19.9108 -26.3239 3
      vertex -19.483 -26.3088 4.2
      vertex -19.9108 -26.3239 4.2
    endloop
  endfacet
  facet normal 0.0352749 -0.999378 0
    outer loop
      vertex -19.483 -26.3088 4.2
      vertex -19.9108 -26.3239 3
      vertex -19.483 -26.3088 3
    endloop
  endfacet
  facet normal 0.181122 0.983461 -0
    outer loop
      vertex -20.3754 -25.3516 3
      vertex -20.8049 -25.2725 4.2
      vertex -20.3754 -25.3516 4.2
    endloop
  endfacet
  facet normal 0.181122 0.983461 0
    outer loop
      vertex -20.8049 -25.2725 4.2
      vertex -20.3754 -25.3516 3
      vertex -20.8049 -25.2725 3
    endloop
  endfacet
  facet normal 0.316949 0.948443 -0
    outer loop
      vertex -20.8049 -25.2725 3
      vertex -21.1993 -25.1407 4.2
      vertex -20.8049 -25.2725 4.2
    endloop
  endfacet
  facet normal 0.316949 0.948443 0
    outer loop
      vertex -21.1993 -25.1407 4.2
      vertex -20.8049 -25.2725 3
      vertex -21.1993 -25.1407 3
    endloop
  endfacet
  facet normal 0.456794 0.889572 -0
    outer loop
      vertex -21.1993 -25.1407 3
      vertex -21.5586 -24.9562 4.2
      vertex -21.1993 -25.1407 4.2
    endloop
  endfacet
  facet normal 0.456794 0.889572 0
    outer loop
      vertex -21.5586 -24.9562 4.2
      vertex -21.1993 -25.1407 3
      vertex -21.5586 -24.9562 3
    endloop
  endfacet
  facet normal 0.590522 0.807022 -0
    outer loop
      vertex -21.5586 -24.9562 3
      vertex -21.8829 -24.7189 4.2
      vertex -21.5586 -24.9562 4.2
    endloop
  endfacet
  facet normal 0.590522 0.807022 0
    outer loop
      vertex -21.8829 -24.7189 4.2
      vertex -21.5586 -24.9562 3
      vertex -21.8829 -24.7189 3
    endloop
  endfacet
  facet normal 0.708083 0.706129 0
    outer loop
      vertex -21.8829 -24.7189 4.2
      vertex -22.172 -24.429 3
      vertex -22.172 -24.429 4.2
    endloop
  endfacet
  facet normal 0.708083 0.706129 0
    outer loop
      vertex -22.172 -24.429 3
      vertex -21.8829 -24.7189 4.2
      vertex -21.8829 -24.7189 3
    endloop
  endfacet
  facet normal 0.80258 0.596545 0
    outer loop
      vertex -22.172 -24.429 4.2
      vertex -22.421 -24.094 3
      vertex -22.421 -24.094 4.2
    endloop
  endfacet
  facet normal 0.80258 0.596545 0
    outer loop
      vertex -22.421 -24.094 3
      vertex -22.172 -24.429 4.2
      vertex -22.172 -24.429 3
    endloop
  endfacet
  facet normal 0.87721 0.480107 0
    outer loop
      vertex -22.421 -24.094 4.2
      vertex -22.6246 -23.722 3
      vertex -22.6246 -23.722 4.2
    endloop
  endfacet
  facet normal 0.87721 0.480107 0
    outer loop
      vertex -22.6246 -23.722 3
      vertex -22.421 -24.094 4.2
      vertex -22.421 -24.094 3
    endloop
  endfacet
  facet normal 0.932491 0.361192 0
    outer loop
      vertex -22.6246 -23.722 4.2
      vertex -22.7831 -23.3128 3
      vertex -22.7831 -23.3128 4.2
    endloop
  endfacet
  facet normal 0.932491 0.361192 0
    outer loop
      vertex -22.7831 -23.3128 3
      vertex -22.6246 -23.722 4.2
      vertex -22.6246 -23.722 3
    endloop
  endfacet
  facet normal 0.969358 0.245652 0
    outer loop
      vertex -22.7831 -23.3128 4.2
      vertex -22.8962 -22.8665 3
      vertex -22.8962 -22.8665 4.2
    endloop
  endfacet
  facet normal 0.969358 0.245652 0
    outer loop
      vertex -22.8962 -22.8665 3
      vertex -22.7831 -23.3128 4.2
      vertex -22.7831 -23.3128 3
    endloop
  endfacet
  facet normal 0.990279 0.139098 0
    outer loop
      vertex -22.8962 -22.8665 4.2
      vertex -22.9641 -22.3831 3
      vertex -22.9641 -22.3831 4.2
    endloop
  endfacet
  facet normal 0.990279 0.139098 0
    outer loop
      vertex -22.9641 -22.3831 3
      vertex -22.8962 -22.8665 4.2
      vertex -22.8962 -22.8665 3
    endloop
  endfacet
  facet normal 0.999051 0.0435621 0
    outer loop
      vertex -22.9641 -22.3831 4.2
      vertex -22.9868 -21.8625 3
      vertex -22.9868 -21.8625 4.2
    endloop
  endfacet
  facet normal 0.999051 0.0435621 0
    outer loop
      vertex -22.9868 -21.8625 3
      vertex -22.9641 -22.3831 4.2
      vertex -22.9641 -22.3831 3
    endloop
  endfacet
  facet normal 0.999084 -0.0427906 0
    outer loop
      vertex -22.9868 -21.8625 4.2
      vertex -22.9644 -21.3395 3
      vertex -22.9644 -21.3395 4.2
    endloop
  endfacet
  facet normal 0.999084 -0.0427906 0
    outer loop
      vertex -22.9644 -21.3395 3
      vertex -22.9868 -21.8625 4.2
      vertex -22.9868 -21.8625 3
    endloop
  endfacet
  facet normal 0.990472 -0.137714 0
    outer loop
      vertex -22.9644 -21.3395 4.2
      vertex -22.8973 -20.8569 3
      vertex -22.8973 -20.8569 4.2
    endloop
  endfacet
  facet normal 0.990472 -0.137714 0
    outer loop
      vertex -22.8973 -20.8569 3
      vertex -22.9644 -21.3395 4.2
      vertex -22.9644 -21.3395 3
    endloop
  endfacet
  facet normal 0.969455 -0.245268 0
    outer loop
      vertex -22.8973 -20.8569 4.2
      vertex -22.7854 -20.4146 3
      vertex -22.7854 -20.4146 4.2
    endloop
  endfacet
  facet normal 0.969455 -0.245268 0
    outer loop
      vertex -22.7854 -20.4146 3
      vertex -22.8973 -20.8569 4.2
      vertex -22.8973 -20.8569 3
    endloop
  endfacet
  facet normal 0.931717 -0.363184 0
    outer loop
      vertex -22.7854 -20.4146 4.2
      vertex -22.6287 -20.0126 3
      vertex -22.6287 -20.0126 4.2
    endloop
  endfacet
  facet normal 0.931717 -0.363184 0
    outer loop
      vertex -22.6287 -20.0126 3
      vertex -22.7854 -20.4146 4.2
      vertex -22.7854 -20.4146 3
    endloop
  endfacet
  facet normal 0.873633 -0.486586 0
    outer loop
      vertex -22.6287 -20.0126 4.2
      vertex -22.4273 -19.651 3
      vertex -22.4273 -19.651 4.2
    endloop
  endfacet
  facet normal 0.873633 -0.486586 0
    outer loop
      vertex -22.4273 -19.651 3
      vertex -22.6287 -20.0126 4.2
      vertex -22.6287 -20.0126 3
    endloop
  endfacet
  facet normal 0.793789 -0.608193 0
    outer loop
      vertex -22.4273 -19.651 4.2
      vertex -22.1812 -19.3298 3
      vertex -22.1812 -19.3298 4.2
    endloop
  endfacet
  facet normal 0.793789 -0.608193 0
    outer loop
      vertex -22.1812 -19.3298 3
      vertex -22.4273 -19.651 4.2
      vertex -22.4273 -19.651 3
    endloop
  endfacet
  facet normal 0.692908 -0.721026 0
    outer loop
      vertex -22.1812 -19.3298 3
      vertex -21.894 -19.0538 4.2
      vertex -22.1812 -19.3298 4.2
    endloop
  endfacet
  facet normal 0.692908 -0.721026 0
    outer loop
      vertex -21.894 -19.0538 4.2
      vertex -22.1812 -19.3298 3
      vertex -21.894 -19.0538 3
    endloop
  endfacet
  facet normal 0.571168 -0.820833 0
    outer loop
      vertex -21.894 -19.0538 3
      vertex -21.5695 -18.828 4.2
      vertex -21.894 -19.0538 4.2
    endloop
  endfacet
  facet normal 0.571168 -0.820833 0
    outer loop
      vertex -21.5695 -18.828 4.2
      vertex -21.894 -19.0538 3
      vertex -21.5695 -18.828 3
    endloop
  endfacet
  facet normal 0.436841 -0.899539 0
    outer loop
      vertex -21.5695 -18.828 3
      vertex -21.2077 -18.6523 4.2
      vertex -21.5695 -18.828 4.2
    endloop
  endfacet
  facet normal 0.436841 -0.899539 0
    outer loop
      vertex -21.2077 -18.6523 4.2
      vertex -21.5695 -18.828 3
      vertex -21.2077 -18.6523 3
    endloop
  endfacet
  facet normal 0.299758 -0.954015 0
    outer loop
      vertex -21.2077 -18.6523 3
      vertex -20.8086 -18.5269 4.2
      vertex -21.2077 -18.6523 4.2
    endloop
  endfacet
  facet normal 0.299758 -0.954015 0
    outer loop
      vertex -20.8086 -18.5269 4.2
      vertex -21.2077 -18.6523 3
      vertex -20.8086 -18.5269 3
    endloop
  endfacet
  facet normal 0.170035 -0.985438 0
    outer loop
      vertex -20.8086 -18.5269 3
      vertex -20.3722 -18.4516 4.2
      vertex -20.8086 -18.5269 4.2
    endloop
  endfacet
  facet normal 0.170035 -0.985438 0
    outer loop
      vertex -20.3722 -18.4516 4.2
      vertex -20.8086 -18.5269 3
      vertex -20.3722 -18.4516 3
    endloop
  endfacet
  facet normal 0.0529129 -0.998599 0
    outer loop
      vertex -20.3722 -18.4516 3
      vertex -19.8985 -18.4265 4.2
      vertex -20.3722 -18.4516 4.2
    endloop
  endfacet
  facet normal 0.0529129 -0.998599 0
    outer loop
      vertex -19.8985 -18.4265 4.2
      vertex -20.3722 -18.4516 3
      vertex -19.8985 -18.4265 3
    endloop
  endfacet
  facet normal -0.0541871 -0.998531 0
    outer loop
      vertex -19.8985 -18.4265 3
      vertex -19.4286 -18.452 4.2
      vertex -19.8985 -18.4265 4.2
    endloop
  endfacet
  facet normal -0.0541871 -0.998531 -0
    outer loop
      vertex -19.4286 -18.452 4.2
      vertex -19.8985 -18.4265 3
      vertex -19.4286 -18.452 3
    endloop
  endfacet
  facet normal -0.173318 -0.984866 0
    outer loop
      vertex -19.4286 -18.452 3
      vertex -18.9956 -18.5282 4.2
      vertex -19.4286 -18.452 4.2
    endloop
  endfacet
  facet normal -0.173318 -0.984866 -0
    outer loop
      vertex -18.9956 -18.5282 4.2
      vertex -19.4286 -18.452 3
      vertex -18.9956 -18.5282 3
    endloop
  endfacet
  facet normal -0.305613 -0.952156 0
    outer loop
      vertex -18.9956 -18.5282 3
      vertex -18.5993 -18.6554 4.2
      vertex -18.9956 -18.5282 4.2
    endloop
  endfacet
  facet normal -0.305613 -0.952156 -0
    outer loop
      vertex -18.5993 -18.6554 4.2
      vertex -18.9956 -18.5282 3
      vertex -18.5993 -18.6554 3
    endloop
  endfacet
  facet normal -0.44372 -0.896165 0
    outer loop
      vertex -18.5993 -18.6554 3
      vertex -18.2398 -18.8334 4.2
      vertex -18.5993 -18.6554 4.2
    endloop
  endfacet
  facet normal -0.44372 -0.896165 -0
    outer loop
      vertex -18.2398 -18.8334 4.2
      vertex -18.5993 -18.6554 3
      vertex -18.2398 -18.8334 3
    endloop
  endfacet
  facet normal -0.578557 -0.815642 0
    outer loop
      vertex -18.2398 -18.8334 3
      vertex -17.9171 -19.0623 4.2
      vertex -18.2398 -18.8334 4.2
    endloop
  endfacet
  facet normal -0.578557 -0.815642 -0
    outer loop
      vertex -17.9171 -19.0623 4.2
      vertex -18.2398 -18.8334 3
      vertex -17.9171 -19.0623 3
    endloop
  endfacet
  facet normal -0.699314 -0.714815 0
    outer loop
      vertex -17.9171 -19.0623 3
      vertex -17.6312 -19.342 4.2
      vertex -17.9171 -19.0623 4.2
    endloop
  endfacet
  facet normal -0.699314 -0.714815 -0
    outer loop
      vertex -17.6312 -19.342 4.2
      vertex -17.9171 -19.0623 3
      vertex -17.6312 -19.342 3
    endloop
  endfacet
  facet normal -0.797662 -0.603104 0
    outer loop
      vertex -17.386 -19.6663 3
      vertex -17.6312 -19.342 4.2
      vertex -17.6312 -19.342 3
    endloop
  endfacet
  facet normal -0.797662 -0.603104 0
    outer loop
      vertex -17.6312 -19.342 4.2
      vertex -17.386 -19.6663 3
      vertex -17.386 -19.6663 4.2
    endloop
  endfacet
  facet normal -0.875021 -0.484085 0
    outer loop
      vertex -17.1854 -20.0289 3
      vertex -17.386 -19.6663 4.2
      vertex -17.386 -19.6663 3
    endloop
  endfacet
  facet normal -0.875021 -0.484085 0
    outer loop
      vertex -17.386 -19.6663 4.2
      vertex -17.1854 -20.0289 3
      vertex -17.1854 -20.0289 4.2
    endloop
  endfacet
  facet normal -0.931883 -0.36276 0
    outer loop
      vertex -17.0293 -20.4299 3
      vertex -17.1854 -20.0289 4.2
      vertex -17.1854 -20.0289 3
    endloop
  endfacet
  facet normal -0.931883 -0.36276 0
    outer loop
      vertex -17.1854 -20.0289 4.2
      vertex -17.0293 -20.4299 3
      vertex -17.0293 -20.4299 4.2
    endloop
  endfacet
  facet normal -0.969306 -0.245858 0
    outer loop
      vertex -16.9179 -20.8691 3
      vertex -17.0293 -20.4299 4.2
      vertex -17.0293 -20.4299 3
    endloop
  endfacet
  facet normal -0.969306 -0.245858 0
    outer loop
      vertex -17.0293 -20.4299 4.2
      vertex -16.9179 -20.8691 3
      vertex -16.9179 -20.8691 4.2
    endloop
  endfacet
  facet normal -0.990331 -0.138721 0
    outer loop
      vertex -16.851 -21.3467 3
      vertex -16.9179 -20.8691 4.2
      vertex -16.9179 -20.8691 3
    endloop
  endfacet
  facet normal -0.990331 -0.138721 0
    outer loop
      vertex -16.9179 -20.8691 4.2
      vertex -16.851 -21.3467 3
      vertex -16.851 -21.3467 4.2
    endloop
  endfacet
  facet normal -0.999067 -0.0431935 0
    outer loop
      vertex -16.8287 -21.8625 3
      vertex -16.851 -21.3467 4.2
      vertex -16.851 -21.3467 3
    endloop
  endfacet
  facet normal -0.999067 -0.0431935 0
    outer loop
      vertex -16.851 -21.3467 4.2
      vertex -16.8287 -21.8625 3
      vertex -16.8287 -21.8625 4.2
    endloop
  endfacet
  facet normal -0.999159 0.041013 0
    outer loop
      vertex -16.8508 -22.4009 3
      vertex -16.8287 -21.8625 4.2
      vertex -16.8287 -21.8625 3
    endloop
  endfacet
  facet normal -0.999159 0.041013 0
    outer loop
      vertex -16.8287 -21.8625 4.2
      vertex -16.8508 -22.4009 3
      vertex -16.8508 -22.4009 4.2
    endloop
  endfacet
  facet normal -0.991161 0.132661 0
    outer loop
      vertex -16.9172 -22.897 3
      vertex -16.8508 -22.4009 4.2
      vertex -16.8508 -22.4009 3
    endloop
  endfacet
  facet normal -0.991161 0.132661 0
    outer loop
      vertex -16.8508 -22.4009 4.2
      vertex -16.9172 -22.897 3
      vertex -16.9172 -22.897 4.2
    endloop
  endfacet
  facet normal -0.971585 0.23669 0
    outer loop
      vertex -17.0278 -23.351 3
      vertex -16.9172 -22.897 4.2
      vertex -16.9172 -22.897 3
    endloop
  endfacet
  facet normal -0.971585 0.23669 0
    outer loop
      vertex -16.9172 -22.897 4.2
      vertex -17.0278 -23.351 3
      vertex -17.0278 -23.351 4.2
    endloop
  endfacet
  facet normal -0.935946 0.352145 0
    outer loop
      vertex -17.1827 -23.7627 3
      vertex -17.0278 -23.351 4.2
      vertex -17.0278 -23.351 3
    endloop
  endfacet
  facet normal -0.935946 0.352145 0
    outer loop
      vertex -17.0278 -23.351 4.2
      vertex -17.1827 -23.7627 3
      vertex -17.1827 -23.7627 4.2
    endloop
  endfacet
  facet normal -0.880333 0.474356 0
    outer loop
      vertex -17.3818 -24.1322 3
      vertex -17.1827 -23.7627 4.2
      vertex -17.1827 -23.7627 3
    endloop
  endfacet
  facet normal -0.880333 0.474356 0
    outer loop
      vertex -17.1827 -23.7627 4.2
      vertex -17.3818 -24.1322 3
      vertex -17.3818 -24.1322 4.2
    endloop
  endfacet
  facet normal -0.802435 0.596739 0
    outer loop
      vertex -17.6252 -24.4595 3
      vertex -17.3818 -24.1322 4.2
      vertex -17.3818 -24.1322 3
    endloop
  endfacet
  facet normal -0.802435 0.596739 0
    outer loop
      vertex -17.3818 -24.1322 4.2
      vertex -17.6252 -24.4595 3
      vertex -17.6252 -24.4595 4.2
    endloop
  endfacet
  facet normal -0.70196 0.712217 0
    outer loop
      vertex -17.6252 -24.4595 3
      vertex -17.9099 -24.7401 4.2
      vertex -17.6252 -24.4595 4.2
    endloop
  endfacet
  facet normal -0.70196 0.712217 0
    outer loop
      vertex -17.9099 -24.7401 4.2
      vertex -17.6252 -24.4595 3
      vertex -17.9099 -24.7401 3
    endloop
  endfacet
  facet normal -0.579137 0.815231 0
    outer loop
      vertex -17.9099 -24.7401 3
      vertex -18.2331 -24.9697 4.2
      vertex -17.9099 -24.7401 4.2
    endloop
  endfacet
  facet normal -0.579137 0.815231 0
    outer loop
      vertex -18.2331 -24.9697 4.2
      vertex -17.9099 -24.7401 3
      vertex -18.2331 -24.9697 3
    endloop
  endfacet
  facet normal -0.442746 0.896647 0
    outer loop
      vertex -18.2331 -24.9697 3
      vertex -18.5948 -25.1483 4.2
      vertex -18.2331 -24.9697 4.2
    endloop
  endfacet
  facet normal -0.442746 0.896647 0
    outer loop
      vertex -18.5948 -25.1483 4.2
      vertex -18.2331 -24.9697 3
      vertex -18.5948 -25.1483 3
    endloop
  endfacet
  facet normal -0.303842 0.952722 0
    outer loop
      vertex -18.5948 -25.1483 3
      vertex -18.9949 -25.2759 4.2
      vertex -18.5948 -25.1483 4.2
    endloop
  endfacet
  facet normal -0.303842 0.952722 0
    outer loop
      vertex -18.9949 -25.2759 4.2
      vertex -18.5948 -25.1483 3
      vertex -18.9949 -25.2759 3
    endloop
  endfacet
  facet normal -0.171787 0.985134 0
    outer loop
      vertex -18.9949 -25.2759 3
      vertex -19.4336 -25.3524 4.2
      vertex -18.9949 -25.2759 4.2
    endloop
  endfacet
  facet normal -0.171787 0.985134 0
    outer loop
      vertex -19.4336 -25.3524 4.2
      vertex -18.9949 -25.2759 3
      vertex -19.4336 -25.3524 3
    endloop
  endfacet
  facet normal -0.0533606 0.998575 0
    outer loop
      vertex -19.4336 -25.3524 3
      vertex -19.9108 -25.3779 4.2
      vertex -19.4336 -25.3524 4.2
    endloop
  endfacet
  facet normal -0.0533606 0.998575 0
    outer loop
      vertex -19.9108 -25.3779 4.2
      vertex -19.4336 -25.3524 3
      vertex -19.9108 -25.3779 3
    endloop
  endfacet
  facet normal 0.0565174 0.998402 -0
    outer loop
      vertex -19.9108 -25.3779 3
      vertex -20.3754 -25.3516 4.2
      vertex -19.9108 -25.3779 4.2
    endloop
  endfacet
  facet normal 0.0565174 0.998402 0
    outer loop
      vertex -20.3754 -25.3516 4.2
      vertex -19.9108 -25.3779 3
      vertex -20.3754 -25.3516 3
    endloop
  endfacet
  facet normal 0 1 -0
    outer loop
      vertex -8.73131 -25.2498 3
      vertex -13.0767 -25.2498 4.2
      vertex -8.73131 -25.2498 4.2
    endloop
  endfacet
  facet normal 0 1 0
    outer loop
      vertex -13.0767 -25.2498 4.2
      vertex -8.73131 -25.2498 3
      vertex -13.0767 -25.2498 3
    endloop
  endfacet
  facet normal 1 -0 0
    outer loop
      vertex -13.0767 -25.2498 4.2
      vertex -13.0767 -17.6026 3
      vertex -13.0767 -17.6026 4.2
    endloop
  endfacet
  facet normal 1 0 0
    outer loop
      vertex -13.0767 -17.6026 3
      vertex -13.0767 -25.2498 4.2
      vertex -13.0767 -25.2498 3
    endloop
  endfacet
  facet normal 0 1 -0
    outer loop
      vertex -13.0767 -17.6026 3
      vertex -14.2424 -17.6026 4.2
      vertex -13.0767 -17.6026 4.2
    endloop
  endfacet
  facet normal 0 1 0
    outer loop
      vertex -14.2424 -17.6026 4.2
      vertex -13.0767 -17.6026 3
      vertex -14.2424 -17.6026 3
    endloop
  endfacet
  facet normal -1 0 0
    outer loop
      vertex -14.2424 -26.2019 3
      vertex -14.2424 -17.6026 4.2
      vertex -14.2424 -17.6026 3
    endloop
  endfacet
  facet normal -1 -0 0
    outer loop
      vertex -14.2424 -17.6026 4.2
      vertex -14.2424 -26.2019 3
      vertex -14.2424 -26.2019 4.2
    endloop
  endfacet
  facet normal 0 -1 0
    outer loop
      vertex -14.2424 -26.2019 3
      vertex -8.73131 -26.2019 4.2
      vertex -14.2424 -26.2019 4.2
    endloop
  endfacet
  facet normal 0 -1 -0
    outer loop
      vertex -8.73131 -26.2019 4.2
      vertex -14.2424 -26.2019 3
      vertex -8.73131 -26.2019 3
    endloop
  endfacet
  facet normal 1 -0 0
    outer loop
      vertex -8.73131 -26.2019 4.2
      vertex -8.73131 -25.2498 3
      vertex -8.73131 -25.2498 4.2
    endloop
  endfacet
  facet normal 1 0 0
    outer loop
      vertex -8.73131 -25.2498 3
      vertex -8.73131 -26.2019 4.2
      vertex -8.73131 -26.2019 3
    endloop
  endfacet
  facet normal 0 1 -0
    outer loop
      vertex -1.94237 -25.2498 3
      vertex -6.28775 -25.2498 4.2
      vertex -1.94237 -25.2498 4.2
    endloop
  endfacet
  facet normal 0 1 0
    outer loop
      vertex -6.28775 -25.2498 4.2
      vertex -1.94237 -25.2498 3
      vertex -6.28775 -25.2498 3
    endloop
  endfacet
  facet normal 1 -0 0
    outer loop
      vertex -6.28775 -25.2498 4.2
      vertex -6.28775 -17.6026 3
      vertex -6.28775 -17.6026 4.2
    endloop
  endfacet
  facet normal 1 0 0
    outer loop
      vertex -6.28775 -17.6026 3
      vertex -6.28775 -25.2498 4.2
      vertex -6.28775 -25.2498 3
    endloop
  endfacet
  facet normal 0 1 -0
    outer loop
      vertex -6.28775 -17.6026 3
      vertex -7.45343 -17.6026 4.2
      vertex -6.28775 -17.6026 4.2
    endloop
  endfacet
  facet normal 0 1 0
    outer loop
      vertex -7.45343 -17.6026 4.2
      vertex -6.28775 -17.6026 3
      vertex -7.45343 -17.6026 3
    endloop
  endfacet
  facet normal -1 0 0
    outer loop
      vertex -7.45343 -26.2019 3
      vertex -7.45343 -17.6026 4.2
      vertex -7.45343 -17.6026 3
    endloop
  endfacet
  facet normal -1 -0 0
    outer loop
      vertex -7.45343 -17.6026 4.2
      vertex -7.45343 -26.2019 3
      vertex -7.45343 -26.2019 4.2
    endloop
  endfacet
  facet normal 0 -1 0
    outer loop
      vertex -7.45343 -26.2019 3
      vertex -1.94237 -26.2019 4.2
      vertex -7.45343 -26.2019 4.2
    endloop
  endfacet
  facet normal 0 -1 -0
    outer loop
      vertex -1.94237 -26.2019 4.2
      vertex -7.45343 -26.2019 3
      vertex -1.94237 -26.2019 3
    endloop
  endfacet
  facet normal 1 -0 0
    outer loop
      vertex -1.94237 -26.2019 4.2
      vertex -1.94237 -25.2498 3
      vertex -1.94237 -25.2498 4.2
    endloop
  endfacet
  facet normal 1 0 0
    outer loop
      vertex -1.94237 -25.2498 3
      vertex -1.94237 -26.2019 4.2
      vertex -1.94237 -26.2019 3
    endloop
  endfacet
  facet normal 0 -1 0
    outer loop
      vertex 0.531677 -23.6874 3
      vertex 4.44983 -23.6874 4.2
      vertex 0.531677 -23.6874 4.2
    endloop
  endfacet
  facet normal 0 -1 -0
    outer loop
      vertex 4.44983 -23.6874 4.2
      vertex 0.531677 -23.6874 3
      vertex 4.44983 -23.6874 3
    endloop
  endfacet
  facet normal -0.931408 -0.363977 0
    outer loop
      vertex 5.43245 -26.2019 3
      vertex 4.44983 -23.6874 4.2
      vertex 4.44983 -23.6874 3
    endloop
  endfacet
  facet normal -0.931408 -0.363977 0
    outer loop
      vertex 4.44983 -23.6874 4.2
      vertex 5.43245 -26.2019 3
      vertex 5.43245 -26.2019 4.2
    endloop
  endfacet
  facet normal 0 -1 0
    outer loop
      vertex 5.43245 -26.2019 3
      vertex 6.6226 -26.2019 4.2
      vertex 5.43245 -26.2019 4.2
    endloop
  endfacet
  facet normal 0 -1 -0
    outer loop
      vertex 6.6226 -26.2019 4.2
      vertex 5.43245 -26.2019 3
      vertex 6.6226 -26.2019 3
    endloop
  endfacet
  facet normal 0.927931 0.372753 0
    outer loop
      vertex 6.6226 -26.2019 4.2
      vertex 3.16823 -17.6026 3
      vertex 3.16823 -17.6026 4.2
    endloop
  endfacet
  facet normal 0.927931 0.372753 0
    outer loop
      vertex 3.16823 -17.6026 3
      vertex 6.6226 -26.2019 4.2
      vertex 6.6226 -26.2019 3
    endloop
  endfacet
  facet normal 0 1 -0
    outer loop
      vertex 3.16823 -17.6026 3
      vertex 1.8438 -17.6026 4.2
      vertex 3.16823 -17.6026 4.2
    endloop
  endfacet
  facet normal 0 1 0
    outer loop
      vertex 1.8438 -17.6026 4.2
      vertex 3.16823 -17.6026 3
      vertex 1.8438 -17.6026 3
    endloop
  endfacet
  facet normal -0.925872 0.377838 0
    outer loop
      vertex -1.66548 -26.2019 3
      vertex 1.8438 -17.6026 4.2
      vertex 1.8438 -17.6026 3
    endloop
  endfacet
  facet normal -0.925872 0.377838 0
    outer loop
      vertex 1.8438 -17.6026 4.2
      vertex -1.66548 -26.2019 3
      vertex -1.66548 -26.2019 4.2
    endloop
  endfacet
  facet normal 0 -1 0
    outer loop
      vertex -1.66548 -26.2019 3
      vertex -0.457047 -26.2019 4.2
      vertex -1.66548 -26.2019 4.2
    endloop
  endfacet
  facet normal 0 -1 -0
    outer loop
      vertex -0.457047 -26.2019 4.2
      vertex -1.66548 -26.2019 3
      vertex -0.457047 -26.2019 3
    endloop
  endfacet
  facet normal 0.93064 -0.365936 0
    outer loop
      vertex -0.457047 -26.2019 4.2
      vertex 0.531677 -23.6874 3
      vertex 0.531677 -23.6874 4.2
    endloop
  endfacet
  facet normal 0.93064 -0.365936 0
    outer loop
      vertex 0.531677 -23.6874 3
      vertex -0.457047 -26.2019 4.2
      vertex -0.457047 -26.2019 3
    endloop
  endfacet
  facet normal 0.932043 -0.362348 0
    outer loop
      vertex 0.885651 -22.778 4.2
      vertex 1.98419 -19.9523 3
      vertex 1.98419 -19.9523 4.2
    endloop
  endfacet
  facet normal 0.932043 -0.362348 0
    outer loop
      vertex 1.98419 -19.9523 3
      vertex 0.885651 -22.778 4.2
      vertex 0.885651 -22.778 3
    endloop
  endfacet
  facet normal 0.937021 -0.349273 0
    outer loop
      vertex 1.98419 -19.9523 4.2
      vertex 2.0798 -19.6958 3
      vertex 2.0798 -19.6958 4.2
    endloop
  endfacet
  facet normal 0.937021 -0.349273 0
    outer loop
      vertex 2.0798 -19.6958 3
      vertex 1.98419 -19.9523 4.2
      vertex 1.98419 -19.9523 3
    endloop
  endfacet
  facet normal 0.939807 -0.341705 0
    outer loop
      vertex 2.0798 -19.6958 4.2
      vertex 2.16728 -19.4552 3
      vertex 2.16728 -19.4552 4.2
    endloop
  endfacet
  facet normal 0.939807 -0.341705 0
    outer loop
      vertex 2.16728 -19.4552 3
      vertex 2.0798 -19.6958 4.2
      vertex 2.0798 -19.6958 3
    endloop
  endfacet
  facet normal 0.942886 -0.333117 0
    outer loop
      vertex 2.16728 -19.4552 4.2
      vertex 2.24663 -19.2306 3
      vertex 2.24663 -19.2306 4.2
    endloop
  endfacet
  facet normal 0.942886 -0.333117 0
    outer loop
      vertex 2.24663 -19.2306 3
      vertex 2.16728 -19.4552 4.2
      vertex 2.16728 -19.4552 3
    endloop
  endfacet
  facet normal 0.946438 -0.322886 0
    outer loop
      vertex 2.24663 -19.2306 4.2
      vertex 2.31783 -19.0219 3
      vertex 2.31783 -19.0219 4.2
    endloop
  endfacet
  facet normal 0.946438 -0.322886 0
    outer loop
      vertex 2.31783 -19.0219 3
      vertex 2.24663 -19.2306 4.2
      vertex 2.24663 -19.2306 3
    endloop
  endfacet
  facet normal 0.950453 -0.310869 0
    outer loop
      vertex 2.31783 -19.0219 4.2
      vertex 2.38089 -18.8291 3
      vertex 2.38089 -18.8291 4.2
    endloop
  endfacet
  facet normal 0.950453 -0.310869 0
    outer loop
      vertex 2.38089 -18.8291 3
      vertex 2.31783 -19.0219 4.2
      vertex 2.31783 -19.0219 3
    endloop
  endfacet
  facet normal 0.954986 -0.296651 0
    outer loop
      vertex 2.38089 -18.8291 4.2
      vertex 2.43581 -18.6523 3
      vertex 2.43581 -18.6523 4.2
    endloop
  endfacet
  facet normal 0.954986 -0.296651 0
    outer loop
      vertex 2.43581 -18.6523 3
      vertex 2.38089 -18.8291 4.2
      vertex 2.38089 -18.8291 3
    endloop
  endfacet
  facet normal 0.951935 -0.306301 0
    outer loop
      vertex 2.43581 -18.6523 4.2
      vertex 2.4908 -18.4814 3
      vertex 2.4908 -18.4814 4.2
    endloop
  endfacet
  facet normal 0.951935 -0.306301 0
    outer loop
      vertex 2.4908 -18.4814 3
      vertex 2.43581 -18.6523 4.2
      vertex 2.43581 -18.6523 3
    endloop
  endfacet
  facet normal -0.950954 -0.309332 0
    outer loop
      vertex 2.65559 -18.988 3
      vertex 2.4908 -18.4814 4.2
      vertex 2.4908 -18.4814 3
    endloop
  endfacet
  facet normal -0.950954 -0.309332 0
    outer loop
      vertex 2.4908 -18.4814 4.2
      vertex 2.65559 -18.988 3
      vertex 2.65559 -18.988 4.2
    endloop
  endfacet
  facet normal -0.950369 -0.311124 0
    outer loop
      vertex 2.71252 -19.1619 3
      vertex 2.65559 -18.988 4.2
      vertex 2.65559 -18.988 3
    endloop
  endfacet
  facet normal -0.950369 -0.311124 0
    outer loop
      vertex 2.65559 -18.988 4.2
      vertex 2.71252 -19.1619 3
      vertex 2.71252 -19.1619 4.2
    endloop
  endfacet
  facet normal -0.946972 -0.321316 0
    outer loop
      vertex 2.76949 -19.3298 3
      vertex 2.71252 -19.1619 4.2
      vertex 2.71252 -19.1619 3
    endloop
  endfacet
  facet normal -0.946972 -0.321316 0
    outer loop
      vertex 2.71252 -19.1619 4.2
      vertex 2.76949 -19.3298 3
      vertex 2.76949 -19.3298 4.2
    endloop
  endfacet
  facet normal -0.943229 -0.332143 0
    outer loop
      vertex 2.82643 -19.4915 3
      vertex 2.76949 -19.3298 4.2
      vertex 2.76949 -19.3298 3
    endloop
  endfacet
  facet normal -0.943229 -0.332143 0
    outer loop
      vertex 2.76949 -19.3298 4.2
      vertex 2.82643 -19.4915 3
      vertex 2.82643 -19.4915 4.2
    endloop
  endfacet
  facet normal -0.939058 -0.343758 0
    outer loop
      vertex 2.88339 -19.6471 3
      vertex 2.82643 -19.4915 4.2
      vertex 2.82643 -19.4915 3
    endloop
  endfacet
  facet normal -0.939058 -0.343758 0
    outer loop
      vertex 2.82643 -19.4915 4.2
      vertex 2.88339 -19.6471 3
      vertex 2.88339 -19.6471 4.2
    endloop
  endfacet
  facet normal -0.934472 -0.356037 0
    outer loop
      vertex 2.94035 -19.7966 3
      vertex 2.88339 -19.6471 4.2
      vertex 2.88339 -19.6471 3
    endloop
  endfacet
  facet normal -0.934472 -0.356037 0
    outer loop
      vertex 2.88339 -19.6471 4.2
      vertex 2.94035 -19.7966 3
      vertex 2.94035 -19.7966 4.2
    endloop
  endfacet
  facet normal -0.929368 -0.369155 0
    outer loop
      vertex 2.99731 -19.94 3
      vertex 2.94035 -19.7966 4.2
      vertex 2.94035 -19.7966 3
    endloop
  endfacet
  facet normal -0.929368 -0.369155 0
    outer loop
      vertex 2.94035 -19.7966 4.2
      vertex 2.99731 -19.94 3
      vertex 2.99731 -19.94 4.2
    endloop
  endfacet
  facet normal -0.931894 -0.36273 0
    outer loop
      vertex 4.10197 -22.778 3
      vertex 2.99731 -19.94 4.2
      vertex 2.99731 -19.94 3
    endloop
  endfacet
  facet normal -0.931894 -0.36273 0
    outer loop
      vertex 2.99731 -19.94 4.2
      vertex 4.10197 -22.778 3
      vertex 4.10197 -22.778 4.2
    endloop
  endfacet
  facet normal 0 1 -0
    outer loop
      vertex 4.10197 -22.778 3
      vertex 0.885651 -22.778 4.2
      vertex 4.10197 -22.778 4.2
    endloop
  endfacet
  facet normal 0 1 0
    outer loop
      vertex 0.885651 -22.778 4.2
      vertex 4.10197 -22.778 3
      vertex 0.885651 -22.778 3
    endloop
  endfacet
  facet normal 0.999775 0.0212108 0
    outer loop
      vertex 8.51501 -20.4649 4.2
      vertex 8.49054 -19.3115 3
      vertex 8.49054 -19.3115 4.2
    endloop
  endfacet
  facet normal 0.999775 0.0212108 0
    outer loop
      vertex 8.49054 -19.3115 3
      vertex 8.51501 -20.4649 4.2
      vertex 8.51501 -20.4649 3
    endloop
  endfacet
  facet normal 0.999637 0.026957 0
    outer loop
      vertex 8.49054 -19.3115 4.2
      vertex 8.47227 -18.634 3
      vertex 8.47227 -18.634 4.2
    endloop
  endfacet
  facet normal 0.999637 0.026957 0
    outer loop
      vertex 8.47227 -18.634 3
      vertex 8.49054 -19.3115 4.2
      vertex 8.49054 -19.3115 3
    endloop
  endfacet
  facet normal -0.957826 -0.287348 0
    outer loop
      vertex 8.67369 -19.3054 3
      vertex 8.47227 -18.634 4.2
      vertex 8.47227 -18.634 3
    endloop
  endfacet
  facet normal -0.957826 -0.287348 0
    outer loop
      vertex 8.47227 -18.634 4.2
      vertex 8.67369 -19.3054 3
      vertex 8.67369 -19.3054 4.2
    endloop
  endfacet
  facet normal -0.949802 -0.312853 0
    outer loop
      vertex 9.01543 -20.3429 3
      vertex 8.67369 -19.3054 4.2
      vertex 8.67369 -19.3054 3
    endloop
  endfacet
  facet normal -0.949802 -0.312853 0
    outer loop
      vertex 8.67369 -19.3054 4.2
      vertex 9.01543 -20.3429 3
      vertex 9.01543 -20.3429 4.2
    endloop
  endfacet
  facet normal -0.93342 -0.358786 0
    outer loop
      vertex 11.2675 -26.2019 3
      vertex 9.01543 -20.3429 4.2
      vertex 9.01543 -20.3429 3
    endloop
  endfacet
  facet normal -0.93342 -0.358786 0
    outer loop
      vertex 9.01543 -20.3429 4.2
      vertex 11.2675 -26.2019 3
      vertex 11.2675 -26.2019 4.2
    endloop
  endfacet
  facet normal 0 -1 0
    outer loop
      vertex 11.2675 -26.2019 3
      vertex 12.0853 -26.2019 4.2
      vertex 11.2675 -26.2019 4.2
    endloop
  endfacet
  facet normal 0 -1 -0
    outer loop
      vertex 12.0853 -26.2019 4.2
      vertex 11.2675 -26.2019 3
      vertex 12.0853 -26.2019 3
    endloop
  endfacet
  facet normal 0.935039 -0.354546 0
    outer loop
      vertex 12.0853 -26.2019 4.2
      vertex 14.3069 -20.3429 3
      vertex 14.3069 -20.3429 4.2
    endloop
  endfacet
  facet normal 0.935039 -0.354546 0
    outer loop
      vertex 14.3069 -20.3429 3
      vertex 12.0853 -26.2019 4.2
      vertex 12.0853 -26.2019 3
    endloop
  endfacet
  facet normal 0.937749 -0.347314 0
    outer loop
      vertex 14.3069 -20.3429 4.2
      vertex 14.3879 -20.1242 3
      vertex 14.3879 -20.1242 4.2
    endloop
  endfacet
  facet normal 0.937749 -0.347314 0
    outer loop
      vertex 14.3879 -20.1242 3
      vertex 14.3069 -20.3429 4.2
      vertex 14.3069 -20.3429 3
    endloop
  endfacet
  facet normal 0.945553 -0.325468 0
    outer loop
      vertex 14.3879 -20.1242 4.2
      vertex 14.4723 -19.879 3
      vertex 14.4723 -19.879 4.2
    endloop
  endfacet
  facet normal 0.945553 -0.325468 0
    outer loop
      vertex 14.4723 -19.879 3
      vertex 14.3879 -20.1242 4.2
      vertex 14.3879 -20.1242 3
    endloop
  endfacet
  facet normal 0.951484 -0.307699 0
    outer loop
      vertex 14.4723 -19.879 4.2
      vertex 14.5601 -19.6075 3
      vertex 14.5601 -19.6075 4.2
    endloop
  endfacet
  facet normal 0.951484 -0.307699 0
    outer loop
      vertex 14.5601 -19.6075 3
      vertex 14.4723 -19.879 4.2
      vertex 14.4723 -19.879 3
    endloop
  endfacet
  facet normal 0.956249 -0.292553 0
    outer loop
      vertex 14.5601 -19.6075 4.2
      vertex 14.6513 -19.3094 3
      vertex 14.6513 -19.3094 4.2
    endloop
  endfacet
  facet normal 0.956249 -0.292553 0
    outer loop
      vertex 14.6513 -19.3094 3
      vertex 14.5601 -19.6075 4.2
      vertex 14.5601 -19.6075 3
    endloop
  endfacet
  facet normal 0.960036 -0.279875 0
    outer loop
      vertex 14.6513 -19.3094 4.2
      vertex 14.7459 -18.9849 3
      vertex 14.7459 -18.9849 4.2
    endloop
  endfacet
  facet normal 0.960036 -0.279875 0
    outer loop
      vertex 14.7459 -18.9849 3
      vertex 14.6513 -19.3094 4.2
      vertex 14.6513 -19.3094 3
    endloop
  endfacet
  facet normal 0.963143 -0.268988 0
    outer loop
      vertex 14.7459 -18.9849 4.2
      vertex 14.8439 -18.634 3
      vertex 14.8439 -18.634 4.2
    endloop
  endfacet
  facet normal 0.963143 -0.268988 0
    outer loop
      vertex 14.8439 -18.634 3
      vertex 14.7459 -18.9849 4.2
      vertex 14.7459 -18.9849 3
    endloop
  endfacet
  facet normal -0.998382 0.056857 0
    outer loop
      vertex 14.8271 -18.929 3
      vertex 14.8439 -18.634 4.2
      vertex 14.8439 -18.634 3
    endloop
  endfacet
  facet normal -0.998382 0.056857 0
    outer loop
      vertex 14.8439 -18.634 4.2
      vertex 14.8271 -18.929 3
      vertex 14.8271 -18.929 4.2
    endloop
  endfacet
  facet normal -0.998952 0.0457714 0
    outer loop
      vertex 14.8134 -19.228 3
      vertex 14.8271 -18.929 4.2
      vertex 14.8271 -18.929 3
    endloop
  endfacet
  facet normal -0.998952 0.0457714 0
    outer loop
      vertex 14.8271 -18.929 4.2
      vertex 14.8134 -19.228 3
      vertex 14.8134 -19.228 4.2
    endloop
  endfacet
  facet normal -0.999377 0.0352799 0
    outer loop
      vertex 14.8027 -19.5311 3
      vertex 14.8134 -19.228 4.2
      vertex 14.8134 -19.228 3
    endloop
  endfacet
  facet normal -0.999377 0.0352799 0
    outer loop
      vertex 14.8134 -19.228 4.2
      vertex 14.8027 -19.5311 3
      vertex 14.8027 -19.5311 4.2
    endloop
  endfacet
  facet normal -0.999694 0.024732 0
    outer loop
      vertex 14.7951 -19.8383 3
      vertex 14.8027 -19.5311 4.2
      vertex 14.8027 -19.5311 3
    endloop
  endfacet
  facet normal -0.999694 0.024732 0
    outer loop
      vertex 14.8027 -19.5311 4.2
      vertex 14.7951 -19.8383 3
      vertex 14.7951 -19.8383 4.2
    endloop
  endfacet
  facet normal -0.999891 0.0147751 0
    outer loop
      vertex 14.7905 -20.1496 3
      vertex 14.7951 -19.8383 4.2
      vertex 14.7951 -19.8383 3
    endloop
  endfacet
  facet normal -0.999891 0.0147751 0
    outer loop
      vertex 14.7951 -19.8383 4.2
      vertex 14.7905 -20.1496 3
      vertex 14.7905 -20.1496 4.2
    endloop
  endfacet
  facet normal -0.999989 0.00475732 0
    outer loop
      vertex 14.789 -20.4649 3
      vertex 14.7905 -20.1496 4.2
      vertex 14.7905 -20.1496 3
    endloop
  endfacet
  facet normal -0.999989 0.00475732 0
    outer loop
      vertex 14.7905 -20.1496 4.2
      vertex 14.789 -20.4649 3
      vertex 14.789 -20.4649 4.2
    endloop
  endfacet
  facet normal -1 0 0
    outer loop
      vertex 14.789 -26.2019 3
      vertex 14.789 -20.4649 4.2
      vertex 14.789 -20.4649 3
    endloop
  endfacet
  facet normal -1 -0 0
    outer loop
      vertex 14.789 -20.4649 4.2
      vertex 14.789 -26.2019 3
      vertex 14.789 -26.2019 4.2
    endloop
  endfacet
  facet normal 0 -1 0
    outer loop
      vertex 14.789 -26.2019 3
      vertex 15.8388 -26.2019 4.2
      vertex 14.789 -26.2019 4.2
    endloop
  endfacet
  facet normal 0 -1 -0
    outer loop
      vertex 15.8388 -26.2019 4.2
      vertex 14.789 -26.2019 3
      vertex 15.8388 -26.2019 3
    endloop
  endfacet
  facet normal 1 -0 0
    outer loop
      vertex 15.8388 -26.2019 4.2
      vertex 15.8388 -17.6026 3
      vertex 15.8388 -17.6026 4.2
    endloop
  endfacet
  facet normal 1 0 0
    outer loop
      vertex 15.8388 -17.6026 3
      vertex 15.8388 -26.2019 4.2
      vertex 15.8388 -26.2019 3
    endloop
  endfacet
  facet normal 0 1 -0
    outer loop
      vertex 15.8388 -17.6026 3
      vertex 14.3435 -17.6026 4.2
      vertex 15.8388 -17.6026 4.2
    endloop
  endfacet
  facet normal 0 1 0
    outer loop
      vertex 14.3435 -17.6026 4.2
      vertex 15.8388 -17.6026 3
      vertex 14.3435 -17.6026 3
    endloop
  endfacet
  facet normal -0.935818 0.352484 0
    outer loop
      vertex 12.0976 -23.5653 3
      vertex 14.3435 -17.6026 4.2
      vertex 14.3435 -17.6026 3
    endloop
  endfacet
  facet normal -0.935818 0.352484 0
    outer loop
      vertex 14.3435 -17.6026 4.2
      vertex 12.0976 -23.5653 3
      vertex 12.0976 -23.5653 4.2
    endloop
  endfacet
  facet normal -0.928477 0.371391 0
    outer loop
      vertex 12.0764 -23.6183 3
      vertex 12.0976 -23.5653 4.2
      vertex 12.0976 -23.5653 3
    endloop
  endfacet
  facet normal -0.928477 0.371391 0
    outer loop
      vertex 12.0976 -23.5653 4.2
      vertex 12.0764 -23.6183 3
      vertex 12.0764 -23.6183 4.2
    endloop
  endfacet
  facet normal -0.939905 0.341435 0
    outer loop
      vertex 12.0497 -23.6918 3
      vertex 12.0764 -23.6183 4.2
      vertex 12.0764 -23.6183 3
    endloop
  endfacet
  facet normal -0.939905 0.341435 0
    outer loop
      vertex 12.0764 -23.6183 4.2
      vertex 12.0497 -23.6918 3
      vertex 12.0497 -23.6918 4.2
    endloop
  endfacet
  facet normal -0.945725 0.324967 0
    outer loop
      vertex 12.0174 -23.7858 3
      vertex 12.0497 -23.6918 4.2
      vertex 12.0497 -23.6918 3
    endloop
  endfacet
  facet normal -0.945725 0.324967 0
    outer loop
      vertex 12.0497 -23.6918 4.2
      vertex 12.0174 -23.7858 3
      vertex 12.0174 -23.7858 4.2
    endloop
  endfacet
  facet normal -0.949345 0.314237 0
    outer loop
      vertex 11.9795 -23.9003 3
      vertex 12.0174 -23.7858 4.2
      vertex 12.0174 -23.7858 3
    endloop
  endfacet
  facet normal -0.949345 0.314237 0
    outer loop
      vertex 12.0174 -23.7858 4.2
      vertex 11.9795 -23.9003 3
      vertex 11.9795 -23.9003 4.2
    endloop
  endfacet
  facet normal -0.951874 0.306488 0
    outer loop
      vertex 11.936 -24.0354 3
      vertex 11.9795 -23.9003 4.2
      vertex 11.9795 -23.9003 3
    endloop
  endfacet
  facet normal -0.951874 0.306488 0
    outer loop
      vertex 11.9795 -23.9003 4.2
      vertex 11.936 -24.0354 3
      vertex 11.936 -24.0354 4.2
    endloop
  endfacet
  facet normal -0.953768 0.300544 0
    outer loop
      vertex 11.887 -24.1909 3
      vertex 11.936 -24.0354 4.2
      vertex 11.936 -24.0354 3
    endloop
  endfacet
  facet normal -0.953768 0.300544 0
    outer loop
      vertex 11.936 -24.0354 4.2
      vertex 11.887 -24.1909 3
      vertex 11.887 -24.1909 4.2
    endloop
  endfacet
  facet normal -0.955714 0.294297 0
    outer loop
      vertex 11.8381 -24.3497 3
      vertex 11.887 -24.1909 4.2
      vertex 11.887 -24.1909 3
    endloop
  endfacet
  facet normal -0.955714 0.294297 0
    outer loop
      vertex 11.887 -24.1909 4.2
      vertex 11.8381 -24.3497 3
      vertex 11.8381 -24.3497 4.2
    endloop
  endfacet
  facet normal -0.958517 0.285036 0
    outer loop
      vertex 11.7951 -24.4943 3
      vertex 11.8381 -24.3497 4.2
      vertex 11.8381 -24.3497 3
    endloop
  endfacet
  facet normal -0.958517 0.285036 0
    outer loop
      vertex 11.8381 -24.3497 4.2
      vertex 11.7951 -24.4943 3
      vertex 11.7951 -24.4943 4.2
    endloop
  endfacet
  facet normal -0.961995 0.273068 0
    outer loop
      vertex 11.758 -24.625 3
      vertex 11.7951 -24.4943 4.2
      vertex 11.7951 -24.4943 3
    endloop
  endfacet
  facet normal -0.961995 0.273068 0
    outer loop
      vertex 11.7951 -24.4943 4.2
      vertex 11.758 -24.625 3
      vertex 11.758 -24.625 4.2
    endloop
  endfacet
  facet normal -0.966166 0.257921 0
    outer loop
      vertex 11.7269 -24.7415 3
      vertex 11.758 -24.625 4.2
      vertex 11.758 -24.625 3
    endloop
  endfacet
  facet normal -0.966166 0.257921 0
    outer loop
      vertex 11.758 -24.625 4.2
      vertex 11.7269 -24.7415 3
      vertex 11.7269 -24.7415 4.2
    endloop
  endfacet
  facet normal -0.971082 0.238744 0
    outer loop
      vertex 11.7017 -24.844 3
      vertex 11.7269 -24.7415 4.2
      vertex 11.7269 -24.7415 3
    endloop
  endfacet
  facet normal -0.971082 0.238744 0
    outer loop
      vertex 11.7269 -24.7415 4.2
      vertex 11.7017 -24.844 3
      vertex 11.7017 -24.844 4.2
    endloop
  endfacet
  facet normal -0.977216 0.212246 0
    outer loop
      vertex 11.6825 -24.9324 3
      vertex 11.7017 -24.844 4.2
      vertex 11.7017 -24.844 3
    endloop
  endfacet
  facet normal -0.977216 0.212246 0
    outer loop
      vertex 11.7017 -24.844 4.2
      vertex 11.6825 -24.9324 3
      vertex 11.6825 -24.9324 4.2
    endloop
  endfacet
  facet normal 0.978225 0.207546 0
    outer loop
      vertex 11.6825 -24.9324 4.2
      vertex 11.6682 -24.865 3
      vertex 11.6682 -24.865 4.2
    endloop
  endfacet
  facet normal 0.978225 0.207546 0
    outer loop
      vertex 11.6682 -24.865 3
      vertex 11.6825 -24.9324 4.2
      vertex 11.6825 -24.9324 3
    endloop
  endfacet
  facet normal 0.974083 0.226192 0
    outer loop
      vertex 11.6682 -24.865 4.2
      vertex 11.6496 -24.7849 3
      vertex 11.6496 -24.7849 4.2
    endloop
  endfacet
  facet normal 0.974083 0.226192 0
    outer loop
      vertex 11.6496 -24.7849 3
      vertex 11.6682 -24.865 4.2
      vertex 11.6682 -24.865 3
    endloop
  endfacet
  facet normal 0.971119 0.238594 0
    outer loop
      vertex 11.6496 -24.7849 4.2
      vertex 11.6268 -24.6921 3
      vertex 11.6268 -24.6921 4.2
    endloop
  endfacet
  facet normal 0.971119 0.238594 0
    outer loop
      vertex 11.6268 -24.6921 3
      vertex 11.6496 -24.7849 4.2
      vertex 11.6496 -24.7849 3
    endloop
  endfacet
  facet normal 0.968556 0.248795 0
    outer loop
      vertex 11.6268 -24.6921 4.2
      vertex 11.5997 -24.5866 3
      vertex 11.5997 -24.5866 4.2
    endloop
  endfacet
  facet normal 0.968556 0.248795 0
    outer loop
      vertex 11.5997 -24.5866 3
      vertex 11.6268 -24.6921 4.2
      vertex 11.6268 -24.6921 3
    endloop
  endfacet
  facet normal 0.966681 0.255982 0
    outer loop
      vertex 11.5997 -24.5866 4.2
      vertex 11.5684 -24.4684 3
      vertex 11.5684 -24.4684 4.2
    endloop
  endfacet
  facet normal 0.966681 0.255982 0
    outer loop
      vertex 11.5684 -24.4684 3
      vertex 11.5997 -24.5866 4.2
      vertex 11.5997 -24.5866 3
    endloop
  endfacet
  facet normal 0.965188 0.261558 0
    outer loop
      vertex 11.5684 -24.4684 4.2
      vertex 11.5329 -24.3374 3
      vertex 11.5329 -24.3374 4.2
    endloop
  endfacet
  facet normal 0.965188 0.261558 0
    outer loop
      vertex 11.5329 -24.3374 3
      vertex 11.5684 -24.4684 4.2
      vertex 11.5684 -24.4684 3
    endloop
  endfacet
  facet normal 0.963243 0.268631 0
    outer loop
      vertex 11.5329 -24.3374 4.2
      vertex 11.495 -24.2015 3
      vertex 11.495 -24.2015 4.2
    endloop
  endfacet
  facet normal 0.963243 0.268631 0
    outer loop
      vertex 11.495 -24.2015 3
      vertex 11.5329 -24.3374 4.2
      vertex 11.5329 -24.3374 3
    endloop
  endfacet
  facet normal 0.960757 0.277391 0
    outer loop
      vertex 11.495 -24.2015 4.2
      vertex 11.4566 -24.0685 3
      vertex 11.4566 -24.0685 4.2
    endloop
  endfacet
  facet normal 0.960757 0.277391 0
    outer loop
      vertex 11.4566 -24.0685 3
      vertex 11.495 -24.2015 4.2
      vertex 11.495 -24.2015 3
    endloop
  endfacet
  facet normal 0.958089 0.286469 0
    outer loop
      vertex 11.4566 -24.0685 4.2
      vertex 11.4177 -23.9384 3
      vertex 11.4177 -23.9384 4.2
    endloop
  endfacet
  facet normal 0.958089 0.286469 0
    outer loop
      vertex 11.4177 -23.9384 3
      vertex 11.4566 -24.0685 4.2
      vertex 11.4566 -24.0685 3
    endloop
  endfacet
  facet normal 0.955291 0.295667 0
    outer loop
      vertex 11.4177 -23.9384 4.2
      vertex 11.3783 -23.8111 3
      vertex 11.3783 -23.8111 4.2
    endloop
  endfacet
  facet normal 0.955291 0.295667 0
    outer loop
      vertex 11.3783 -23.8111 3
      vertex 11.4177 -23.9384 4.2
      vertex 11.4177 -23.9384 3
    endloop
  endfacet
  facet normal 0.952148 0.305637 0
    outer loop
      vertex 11.3783 -23.8111 4.2
      vertex 11.3384 -23.6868 3
      vertex 11.3384 -23.6868 4.2
    endloop
  endfacet
  facet normal 0.952148 0.305637 0
    outer loop
      vertex 11.3384 -23.6868 3
      vertex 11.3783 -23.8111 4.2
      vertex 11.3783 -23.8111 3
    endloop
  endfacet
  facet normal 0.948917 0.315525 0
    outer loop
      vertex 11.3384 -23.6868 4.2
      vertex 11.298 -23.5653 3
      vertex 11.298 -23.5653 4.2
    endloop
  endfacet
  facet normal 0.948917 0.315525 0
    outer loop
      vertex 11.298 -23.5653 3
      vertex 11.3384 -23.6868 4.2
      vertex 11.3384 -23.6868 3
    endloop
  endfacet
  facet normal 0.93359 0.358344 0
    outer loop
      vertex 11.298 -23.5653 4.2
      vertex 9.00931 -17.6026 3
      vertex 9.00931 -17.6026 4.2
    endloop
  endfacet
  facet normal 0.93359 0.358344 0
    outer loop
      vertex 9.00931 -17.6026 3
      vertex 11.298 -23.5653 4.2
      vertex 11.298 -23.5653 3
    endloop
  endfacet
  facet normal 0 1 -0
    outer loop
      vertex 9.00931 -17.6026 3
      vertex 7.47751 -17.6026 4.2
      vertex 9.00931 -17.6026 4.2
    endloop
  endfacet
  facet normal 0 1 0
    outer loop
      vertex 7.47751 -17.6026 4.2
      vertex 9.00931 -17.6026 3
      vertex 7.47751 -17.6026 3
    endloop
  endfacet
  facet normal -1 0 0
    outer loop
      vertex 7.47751 -26.2019 3
      vertex 7.47751 -17.6026 4.2
      vertex 7.47751 -17.6026 3
    endloop
  endfacet
  facet normal -1 -0 0
    outer loop
      vertex 7.47751 -17.6026 4.2
      vertex 7.47751 -26.2019 3
      vertex 7.47751 -26.2019 4.2
    endloop
  endfacet
  facet normal 0 -1 0
    outer loop
      vertex 7.47751 -26.2019 3
      vertex 8.51501 -26.2019 4.2
      vertex 7.47751 -26.2019 4.2
    endloop
  endfacet
  facet normal 0 -1 -0
    outer loop
      vertex 8.51501 -26.2019 4.2
      vertex 7.47751 -26.2019 3
      vertex 8.51501 -26.2019 3
    endloop
  endfacet
  facet normal 1 -0 0
    outer loop
      vertex 8.51501 -26.2019 4.2
      vertex 8.51501 -20.4649 3
      vertex 8.51501 -20.4649 4.2
    endloop
  endfacet
  facet normal 1 0 0
    outer loop
      vertex 8.51501 -20.4649 3
      vertex 8.51501 -26.2019 4.2
      vertex 8.51501 -26.2019 3
    endloop
  endfacet
  facet normal 0 -1 0
    outer loop
      vertex 18.8423 -23.6874 3
      vertex 22.7604 -23.6874 4.2
      vertex 18.8423 -23.6874 4.2
    endloop
  endfacet
  facet normal 0 -1 -0
    outer loop
      vertex 22.7604 -23.6874 4.2
      vertex 18.8423 -23.6874 3
      vertex 22.7604 -23.6874 3
    endloop
  endfacet
  facet normal -0.931398 -0.364003 0
    outer loop
      vertex 23.7431 -26.2019 3
      vertex 22.7604 -23.6874 4.2
      vertex 22.7604 -23.6874 3
    endloop
  endfacet
  facet normal -0.931398 -0.364003 0
    outer loop
      vertex 22.7604 -23.6874 4.2
      vertex 23.7431 -26.2019 3
      vertex 23.7431 -26.2019 4.2
    endloop
  endfacet
  facet normal 0 -1 0
    outer loop
      vertex 23.7431 -26.2019 3
      vertex 24.9332 -26.2019 4.2
      vertex 23.7431 -26.2019 4.2
    endloop
  endfacet
  facet normal 0 -1 -0
    outer loop
      vertex 24.9332 -26.2019 4.2
      vertex 23.7431 -26.2019 3
      vertex 24.9332 -26.2019 3
    endloop
  endfacet
  facet normal 0.927929 0.372756 0
    outer loop
      vertex 24.9332 -26.2019 4.2
      vertex 21.4788 -17.6026 3
      vertex 21.4788 -17.6026 4.2
    endloop
  endfacet
  facet normal 0.927929 0.372756 0
    outer loop
      vertex 21.4788 -17.6026 3
      vertex 24.9332 -26.2019 4.2
      vertex 24.9332 -26.2019 3
    endloop
  endfacet
  facet normal 0 1 -0
    outer loop
      vertex 21.4788 -17.6026 3
      vertex 20.1544 -17.6026 4.2
      vertex 21.4788 -17.6026 4.2
    endloop
  endfacet
  facet normal 0 1 0
    outer loop
      vertex 20.1544 -17.6026 4.2
      vertex 21.4788 -17.6026 3
      vertex 20.1544 -17.6026 3
    endloop
  endfacet
  facet normal -0.925871 0.37784 0
    outer loop
      vertex 16.6451 -26.2019 3
      vertex 20.1544 -17.6026 4.2
      vertex 20.1544 -17.6026 3
    endloop
  endfacet
  facet normal -0.925871 0.37784 0
    outer loop
      vertex 20.1544 -17.6026 4.2
      vertex 16.6451 -26.2019 3
      vertex 16.6451 -26.2019 4.2
    endloop
  endfacet
  facet normal 0 -1 0
    outer loop
      vertex 16.6451 -26.2019 3
      vertex 17.8535 -26.2019 4.2
      vertex 16.6451 -26.2019 4.2
    endloop
  endfacet
  facet normal 0 -1 -0
    outer loop
      vertex 17.8535 -26.2019 4.2
      vertex 16.6451 -26.2019 3
      vertex 17.8535 -26.2019 3
    endloop
  endfacet
  facet normal 0.93063 -0.36596 0
    outer loop
      vertex 17.8535 -26.2019 4.2
      vertex 18.8423 -23.6874 3
      vertex 18.8423 -23.6874 4.2
    endloop
  endfacet
  facet normal 0.93063 -0.36596 0
    outer loop
      vertex 18.8423 -23.6874 3
      vertex 17.8535 -26.2019 4.2
      vertex 17.8535 -26.2019 3
    endloop
  endfacet
  facet normal 0.932047 -0.362336 0
    outer loop
      vertex 19.1963 -22.778 4.2
      vertex 20.2948 -19.9523 3
      vertex 20.2948 -19.9523 4.2
    endloop
  endfacet
  facet normal 0.932047 -0.362336 0
    outer loop
      vertex 20.2948 -19.9523 3
      vertex 19.1963 -22.778 4.2
      vertex 19.1963 -22.778 3
    endloop
  endfacet
  facet normal 0.937033 -0.349241 0
    outer loop
      vertex 20.2948 -19.9523 4.2
      vertex 20.3904 -19.6958 3
      vertex 20.3904 -19.6958 4.2
    endloop
  endfacet
  facet normal 0.937033 -0.349241 0
    outer loop
      vertex 20.3904 -19.6958 3
      vertex 20.2948 -19.9523 4.2
      vertex 20.2948 -19.9523 3
    endloop
  endfacet
  facet normal 0.939782 -0.341774 0
    outer loop
      vertex 20.3904 -19.6958 4.2
      vertex 20.4779 -19.4552 3
      vertex 20.4779 -19.4552 4.2
    endloop
  endfacet
  facet normal 0.939782 -0.341774 0
    outer loop
      vertex 20.4779 -19.4552 3
      vertex 20.3904 -19.6958 4.2
      vertex 20.3904 -19.6958 3
    endloop
  endfacet
  facet normal 0.942952 -0.33293 0
    outer loop
      vertex 20.4779 -19.4552 4.2
      vertex 20.5572 -19.2306 3
      vertex 20.5572 -19.2306 4.2
    endloop
  endfacet
  facet normal 0.942952 -0.33293 0
    outer loop
      vertex 20.5572 -19.2306 3
      vertex 20.4779 -19.4552 4.2
      vertex 20.4779 -19.4552 3
    endloop
  endfacet
  facet normal 0.946438 -0.322886 0
    outer loop
      vertex 20.5572 -19.2306 4.2
      vertex 20.6284 -19.0219 3
      vertex 20.6284 -19.0219 4.2
    endloop
  endfacet
  facet normal 0.946438 -0.322886 0
    outer loop
      vertex 20.6284 -19.0219 3
      vertex 20.5572 -19.2306 4.2
      vertex 20.5572 -19.2306 3
    endloop
  endfacet
  facet normal 0.950394 -0.311047 0
    outer loop
      vertex 20.6284 -19.0219 4.2
      vertex 20.6915 -18.8291 3
      vertex 20.6915 -18.8291 4.2
    endloop
  endfacet
  facet normal 0.950394 -0.311047 0
    outer loop
      vertex 20.6915 -18.8291 3
      vertex 20.6284 -19.0219 4.2
      vertex 20.6284 -19.0219 3
    endloop
  endfacet
  facet normal 0.955017 -0.296552 0
    outer loop
      vertex 20.6915 -18.8291 4.2
      vertex 20.7464 -18.6523 3
      vertex 20.7464 -18.6523 4.2
    endloop
  endfacet
  facet normal 0.955017 -0.296552 0
    outer loop
      vertex 20.7464 -18.6523 3
      vertex 20.6915 -18.8291 4.2
      vertex 20.6915 -18.8291 3
    endloop
  endfacet
  facet normal 0.951918 -0.306352 0
    outer loop
      vertex 20.7464 -18.6523 4.2
      vertex 20.8014 -18.4814 3
      vertex 20.8014 -18.4814 4.2
    endloop
  endfacet
  facet normal 0.951918 -0.306352 0
    outer loop
      vertex 20.8014 -18.4814 3
      vertex 20.7464 -18.6523 4.2
      vertex 20.7464 -18.6523 3
    endloop
  endfacet
  facet normal -0.950949 -0.309349 0
    outer loop
      vertex 20.9662 -18.988 3
      vertex 20.8014 -18.4814 4.2
      vertex 20.8014 -18.4814 3
    endloop
  endfacet
  facet normal -0.950949 -0.309349 0
    outer loop
      vertex 20.8014 -18.4814 4.2
      vertex 20.9662 -18.988 3
      vertex 20.9662 -18.988 4.2
    endloop
  endfacet
  facet normal -0.950418 -0.310976 0
    outer loop
      vertex 21.0231 -19.1619 3
      vertex 20.9662 -18.988 4.2
      vertex 20.9662 -18.988 3
    endloop
  endfacet
  facet normal -0.950418 -0.310976 0
    outer loop
      vertex 20.9662 -18.988 4.2
      vertex 21.0231 -19.1619 3
      vertex 21.0231 -19.1619 4.2
    endloop
  endfacet
  facet normal -0.94692 -0.321468 0
    outer loop
      vertex 21.0801 -19.3298 3
      vertex 21.0231 -19.1619 4.2
      vertex 21.0231 -19.1619 3
    endloop
  endfacet
  facet normal -0.94692 -0.321468 0
    outer loop
      vertex 21.0231 -19.1619 4.2
      vertex 21.0801 -19.3298 3
      vertex 21.0801 -19.3298 4.2
    endloop
  endfacet
  facet normal -0.943302 -0.331935 0
    outer loop
      vertex 21.137 -19.4915 3
      vertex 21.0801 -19.3298 4.2
      vertex 21.0801 -19.3298 3
    endloop
  endfacet
  facet normal -0.943302 -0.331935 0
    outer loop
      vertex 21.0801 -19.3298 4.2
      vertex 21.137 -19.4915 3
      vertex 21.137 -19.4915 4.2
    endloop
  endfacet
  facet normal -0.93898 -0.343971 0
    outer loop
      vertex 21.194 -19.6471 3
      vertex 21.137 -19.4915 4.2
      vertex 21.137 -19.4915 3
    endloop
  endfacet
  facet normal -0.93898 -0.343971 0
    outer loop
      vertex 21.137 -19.4915 4.2
      vertex 21.194 -19.6471 3
      vertex 21.194 -19.6471 4.2
    endloop
  endfacet
  facet normal -0.934389 -0.356255 0
    outer loop
      vertex 21.251 -19.7966 3
      vertex 21.194 -19.6471 4.2
      vertex 21.194 -19.6471 3
    endloop
  endfacet
  facet normal -0.934389 -0.356255 0
    outer loop
      vertex 21.194 -19.6471 4.2
      vertex 21.251 -19.7966 3
      vertex 21.251 -19.7966 4.2
    endloop
  endfacet
  facet normal -0.929501 -0.368819 0
    outer loop
      vertex 21.3079 -19.94 3
      vertex 21.251 -19.7966 4.2
      vertex 21.251 -19.7966 3
    endloop
  endfacet
  facet normal -0.929501 -0.368819 0
    outer loop
      vertex 21.251 -19.7966 4.2
      vertex 21.3079 -19.94 3
      vertex 21.3079 -19.94 4.2
    endloop
  endfacet
  facet normal -0.93189 -0.362741 0
    outer loop
      vertex 22.4126 -22.778 3
      vertex 21.3079 -19.94 4.2
      vertex 21.3079 -19.94 3
    endloop
  endfacet
  facet normal -0.93189 -0.362741 0
    outer loop
      vertex 21.3079 -19.94 4.2
      vertex 22.4126 -22.778 3
      vertex 22.4126 -22.778 4.2
    endloop
  endfacet
  facet normal 0 1 -0
    outer loop
      vertex 22.4126 -22.778 3
      vertex 19.1963 -22.778 4.2
      vertex 22.4126 -22.778 4.2
    endloop
  endfacet
  facet normal 0 1 0
    outer loop
      vertex 19.1963 -22.778 4.2
      vertex 22.4126 -22.778 3
      vertex 19.1963 -22.778 3
    endloop
  endfacet
endsolid OpenSCAD_Model
