solid OpenSCAD_Model
  facet normal -0.996917 -0.0784645 0
    outer loop
      vertex -71.9 0 0
      vertex -71.9197 0.250295 3
      vertex -71.9197 0.250295 0
    endloop
  endfacet
  facet normal -0.996917 -0.0784645 0
    outer loop
      vertex -71.9197 0.250295 3
      vertex -71.9 0 0
      vertex -71.9 0 3
    endloop
  endfacet
  facet normal 0.996917 -0.0784645 0
    outer loop
      vertex -75.1 0 3
      vertex -75.0803 0.250295 0
      vertex -75.0803 0.250295 3
    endloop
  endfacet
  facet normal 0.996917 -0.0784645 0
    outer loop
      vertex -75.0803 0.250295 0
      vertex -75.1 0 3
      vertex -75.1 0 0
    endloop
  endfacet
  facet normal 0.0784629 -0.996917 0
    outer loop
      vertex -73.7503 1.5803 0
      vertex -73.5 1.6 3
      vertex -73.7503 1.5803 3
    endloop
  endfacet
  facet normal 0.0784629 -0.996917 0
    outer loop
      vertex -73.5 1.6 3
      vertex -73.7503 1.5803 0
      vertex -73.5 1.6 0
    endloop
  endfacet
  facet normal -0.0784629 0.996917 0
    outer loop
      vertex -73.2497 -1.5803 0
      vertex -73.5 -1.6 3
      vertex -73.2497 -1.5803 3
    endloop
  endfacet
  facet normal -0.0784629 0.996917 0
    outer loop
      vertex -73.5 -1.6 3
      vertex -73.2497 -1.5803 0
      vertex -73.5 -1.6 0
    endloop
  endfacet
  facet normal -0.649485 -0.760374 0
    outer loop
      vertex -72.5595 1.29443 0
      vertex -72.3686 1.13137 3
      vertex -72.5595 1.29443 3
    endloop
  endfacet
  facet normal -0.649485 -0.760374 -0
    outer loop
      vertex -72.3686 1.13137 3
      vertex -72.5595 1.29443 0
      vertex -72.3686 1.13137 0
    endloop
  endfacet
  facet normal 0.760516 -0.649319 0
    outer loop
      vertex -74.7944 0.940456 3
      vertex -74.6314 1.13137 0
      vertex -74.6314 1.13137 3
    endloop
  endfacet
  facet normal 0.760516 -0.649319 0
    outer loop
      vertex -74.6314 1.13137 0
      vertex -74.7944 0.940456 3
      vertex -74.7944 0.940456 0
    endloop
  endfacet
  facet normal 0.522439 -0.852677 0
    outer loop
      vertex -74.4405 1.29443 0
      vertex -74.2264 1.42561 3
      vertex -74.4405 1.29443 3
    endloop
  endfacet
  facet normal 0.522439 -0.852677 0
    outer loop
      vertex -74.2264 1.42561 3
      vertex -74.4405 1.29443 0
      vertex -74.2264 1.42561 0
    endloop
  endfacet
  facet normal -0.852611 -0.522546 0
    outer loop
      vertex -72.0744 0.726384 0
      vertex -72.2056 0.940456 3
      vertex -72.2056 0.940456 0
    endloop
  endfacet
  facet normal -0.852611 -0.522546 0
    outer loop
      vertex -72.2056 0.940456 3
      vertex -72.0744 0.726384 0
      vertex -72.0744 0.726384 3
    endloop
  endfacet
  facet normal -0.97238 -0.233404 0
    outer loop
      vertex -71.9197 0.250295 0
      vertex -71.9783 0.494427 3
      vertex -71.9783 0.494427 0
    endloop
  endfacet
  facet normal -0.97238 -0.233404 0
    outer loop
      vertex -71.9783 0.494427 3
      vertex -71.9197 0.250295 0
      vertex -71.9197 0.250295 3
    endloop
  endfacet
  facet normal -0.760516 -0.649319 0
    outer loop
      vertex -72.2056 0.940456 0
      vertex -72.3686 1.13137 3
      vertex -72.3686 1.13137 0
    endloop
  endfacet
  facet normal -0.760516 -0.649319 0
    outer loop
      vertex -72.3686 1.13137 3
      vertex -72.2056 0.940456 0
      vertex -72.2056 0.940456 3
    endloop
  endfacet
  facet normal -0.382624 -0.923904 0
    outer loop
      vertex -73.0056 1.52169 0
      vertex -72.7736 1.42561 3
      vertex -73.0056 1.52169 3
    endloop
  endfacet
  facet normal -0.382624 -0.923904 -0
    outer loop
      vertex -72.7736 1.42561 3
      vertex -73.0056 1.52169 0
      vertex -72.7736 1.42561 0
    endloop
  endfacet
  facet normal -0.233471 -0.972364 0
    outer loop
      vertex -73.2497 1.5803 0
      vertex -73.0056 1.52169 3
      vertex -73.2497 1.5803 3
    endloop
  endfacet
  facet normal -0.233471 -0.972364 -0
    outer loop
      vertex -73.0056 1.52169 3
      vertex -73.2497 1.5803 0
      vertex -73.0056 1.52169 0
    endloop
  endfacet
  facet normal -0.522439 -0.852677 0
    outer loop
      vertex -72.7736 1.42561 0
      vertex -72.5595 1.29443 3
      vertex -72.7736 1.42561 3
    endloop
  endfacet
  facet normal -0.522439 -0.852677 -0
    outer loop
      vertex -72.5595 1.29443 3
      vertex -72.7736 1.42561 0
      vertex -72.5595 1.29443 0
    endloop
  endfacet
  facet normal 0.923851 -0.382752 0
    outer loop
      vertex -75.0217 0.494427 3
      vertex -74.9256 0.726384 0
      vertex -74.9256 0.726384 3
    endloop
  endfacet
  facet normal 0.923851 -0.382752 0
    outer loop
      vertex -74.9256 0.726384 0
      vertex -75.0217 0.494427 3
      vertex -75.0217 0.494427 0
    endloop
  endfacet
  facet normal 0.852611 -0.522546 0
    outer loop
      vertex -74.9256 0.726384 3
      vertex -74.7944 0.940456 0
      vertex -74.7944 0.940456 3
    endloop
  endfacet
  facet normal 0.852611 -0.522546 0
    outer loop
      vertex -74.7944 0.940456 0
      vertex -74.9256 0.726384 3
      vertex -74.9256 0.726384 0
    endloop
  endfacet
  facet normal 0.97238 -0.233404 0
    outer loop
      vertex -75.0803 0.250295 3
      vertex -75.0217 0.494427 0
      vertex -75.0217 0.494427 3
    endloop
  endfacet
  facet normal 0.97238 -0.233404 0
    outer loop
      vertex -75.0217 0.494427 0
      vertex -75.0803 0.250295 3
      vertex -75.0803 0.250295 0
    endloop
  endfacet
  facet normal 0.649485 -0.760374 0
    outer loop
      vertex -74.6314 1.13137 0
      vertex -74.4405 1.29443 3
      vertex -74.6314 1.13137 3
    endloop
  endfacet
  facet normal 0.649485 -0.760374 0
    outer loop
      vertex -74.4405 1.29443 3
      vertex -74.6314 1.13137 0
      vertex -74.4405 1.29443 0
    endloop
  endfacet
  facet normal 0.233471 -0.972364 0
    outer loop
      vertex -73.9944 1.52169 0
      vertex -73.7503 1.5803 3
      vertex -73.9944 1.52169 3
    endloop
  endfacet
  facet normal 0.233471 -0.972364 0
    outer loop
      vertex -73.7503 1.5803 3
      vertex -73.9944 1.52169 0
      vertex -73.7503 1.5803 0
    endloop
  endfacet
  facet normal 0.923851 0.382752 0
    outer loop
      vertex -74.9256 -0.726384 3
      vertex -75.0217 -0.494427 0
      vertex -75.0217 -0.494427 3
    endloop
  endfacet
  facet normal 0.923851 0.382752 0
    outer loop
      vertex -75.0217 -0.494427 0
      vertex -74.9256 -0.726384 3
      vertex -74.9256 -0.726384 0
    endloop
  endfacet
  facet normal -0.233471 0.972364 0
    outer loop
      vertex -73.0056 -1.52169 0
      vertex -73.2497 -1.5803 3
      vertex -73.0056 -1.52169 3
    endloop
  endfacet
  facet normal -0.233471 0.972364 0
    outer loop
      vertex -73.2497 -1.5803 3
      vertex -73.0056 -1.52169 0
      vertex -73.2497 -1.5803 0
    endloop
  endfacet
  facet normal -0.97238 0.233404 0
    outer loop
      vertex -71.9783 -0.494427 0
      vertex -71.9197 -0.250295 3
      vertex -71.9197 -0.250295 0
    endloop
  endfacet
  facet normal -0.97238 0.233404 0
    outer loop
      vertex -71.9197 -0.250295 3
      vertex -71.9783 -0.494427 0
      vertex -71.9783 -0.494427 3
    endloop
  endfacet
  facet normal -0.923851 -0.382752 0
    outer loop
      vertex -71.9783 0.494427 0
      vertex -72.0744 0.726384 3
      vertex -72.0744 0.726384 0
    endloop
  endfacet
  facet normal -0.923851 -0.382752 0
    outer loop
      vertex -72.0744 0.726384 3
      vertex -71.9783 0.494427 0
      vertex -71.9783 0.494427 3
    endloop
  endfacet
  facet normal -0.0784629 -0.996917 0
    outer loop
      vertex -73.5 1.6 0
      vertex -73.2497 1.5803 3
      vertex -73.5 1.6 3
    endloop
  endfacet
  facet normal -0.0784629 -0.996917 -0
    outer loop
      vertex -73.2497 1.5803 3
      vertex -73.5 1.6 0
      vertex -73.2497 1.5803 0
    endloop
  endfacet
  facet normal 0.382624 -0.923904 0
    outer loop
      vertex -74.2264 1.42561 0
      vertex -73.9944 1.52169 3
      vertex -74.2264 1.42561 3
    endloop
  endfacet
  facet normal 0.382624 -0.923904 0
    outer loop
      vertex -73.9944 1.52169 3
      vertex -74.2264 1.42561 0
      vertex -73.9944 1.52169 0
    endloop
  endfacet
  facet normal -0.996917 0.0784645 0
    outer loop
      vertex -71.9197 -0.250295 0
      vertex -71.9 0 3
      vertex -71.9 0 0
    endloop
  endfacet
  facet normal -0.996917 0.0784645 0
    outer loop
      vertex -71.9 0 3
      vertex -71.9197 -0.250295 0
      vertex -71.9197 -0.250295 3
    endloop
  endfacet
  facet normal -0.649485 0.760374 0
    outer loop
      vertex -72.3686 -1.13137 0
      vertex -72.5595 -1.29443 3
      vertex -72.3686 -1.13137 3
    endloop
  endfacet
  facet normal -0.649485 0.760374 0
    outer loop
      vertex -72.5595 -1.29443 3
      vertex -72.3686 -1.13137 0
      vertex -72.5595 -1.29443 0
    endloop
  endfacet
  facet normal -0.923851 0.382752 0
    outer loop
      vertex -72.0744 -0.726384 0
      vertex -71.9783 -0.494427 3
      vertex -71.9783 -0.494427 0
    endloop
  endfacet
  facet normal -0.923851 0.382752 0
    outer loop
      vertex -71.9783 -0.494427 3
      vertex -72.0744 -0.726384 0
      vertex -72.0744 -0.726384 3
    endloop
  endfacet
  facet normal -0.852611 0.522546 0
    outer loop
      vertex -72.2056 -0.940456 0
      vertex -72.0744 -0.726384 3
      vertex -72.0744 -0.726384 0
    endloop
  endfacet
  facet normal -0.852611 0.522546 0
    outer loop
      vertex -72.0744 -0.726384 3
      vertex -72.2056 -0.940456 0
      vertex -72.2056 -0.940456 3
    endloop
  endfacet
  facet normal 0.233471 0.972364 -0
    outer loop
      vertex -73.7503 -1.5803 0
      vertex -73.9944 -1.52169 3
      vertex -73.7503 -1.5803 3
    endloop
  endfacet
  facet normal 0.233471 0.972364 0
    outer loop
      vertex -73.9944 -1.52169 3
      vertex -73.7503 -1.5803 0
      vertex -73.9944 -1.52169 0
    endloop
  endfacet
  facet normal -0.522439 0.852677 0
    outer loop
      vertex -72.5595 -1.29443 0
      vertex -72.7736 -1.42561 3
      vertex -72.5595 -1.29443 3
    endloop
  endfacet
  facet normal -0.522439 0.852677 0
    outer loop
      vertex -72.7736 -1.42561 3
      vertex -72.5595 -1.29443 0
      vertex -72.7736 -1.42561 0
    endloop
  endfacet
  facet normal -0.382624 0.923904 0
    outer loop
      vertex -72.7736 -1.42561 0
      vertex -73.0056 -1.52169 3
      vertex -72.7736 -1.42561 3
    endloop
  endfacet
  facet normal -0.382624 0.923904 0
    outer loop
      vertex -73.0056 -1.52169 3
      vertex -72.7736 -1.42561 0
      vertex -73.0056 -1.52169 0
    endloop
  endfacet
  facet normal -0.760516 0.649319 0
    outer loop
      vertex -72.3686 -1.13137 0
      vertex -72.2056 -0.940456 3
      vertex -72.2056 -0.940456 0
    endloop
  endfacet
  facet normal -0.760516 0.649319 0
    outer loop
      vertex -72.2056 -0.940456 3
      vertex -72.3686 -1.13137 0
      vertex -72.3686 -1.13137 3
    endloop
  endfacet
  facet normal 0.0784629 0.996917 -0
    outer loop
      vertex -73.5 -1.6 0
      vertex -73.7503 -1.5803 3
      vertex -73.5 -1.6 3
    endloop
  endfacet
  facet normal 0.0784629 0.996917 0
    outer loop
      vertex -73.7503 -1.5803 3
      vertex -73.5 -1.6 0
      vertex -73.7503 -1.5803 0
    endloop
  endfacet
  facet normal 0.522439 0.852677 -0
    outer loop
      vertex -74.2264 -1.42561 0
      vertex -74.4405 -1.29443 3
      vertex -74.2264 -1.42561 3
    endloop
  endfacet
  facet normal 0.522439 0.852677 0
    outer loop
      vertex -74.4405 -1.29443 3
      vertex -74.2264 -1.42561 0
      vertex -74.4405 -1.29443 0
    endloop
  endfacet
  facet normal 0.760516 0.649319 0
    outer loop
      vertex -74.6314 -1.13137 3
      vertex -74.7944 -0.940456 0
      vertex -74.7944 -0.940456 3
    endloop
  endfacet
  facet normal 0.760516 0.649319 0
    outer loop
      vertex -74.7944 -0.940456 0
      vertex -74.6314 -1.13137 3
      vertex -74.6314 -1.13137 0
    endloop
  endfacet
  facet normal 0.649485 0.760374 -0
    outer loop
      vertex -74.4405 -1.29443 0
      vertex -74.6314 -1.13137 3
      vertex -74.4405 -1.29443 3
    endloop
  endfacet
  facet normal 0.649485 0.760374 0
    outer loop
      vertex -74.6314 -1.13137 3
      vertex -74.4405 -1.29443 0
      vertex -74.6314 -1.13137 0
    endloop
  endfacet
  facet normal 0.97238 0.233404 0
    outer loop
      vertex -75.0217 -0.494427 3
      vertex -75.0803 -0.250295 0
      vertex -75.0803 -0.250295 3
    endloop
  endfacet
  facet normal 0.97238 0.233404 0
    outer loop
      vertex -75.0803 -0.250295 0
      vertex -75.0217 -0.494427 3
      vertex -75.0217 -0.494427 0
    endloop
  endfacet
  facet normal 0.996917 0.0784645 0
    outer loop
      vertex -75.0803 -0.250295 3
      vertex -75.1 0 0
      vertex -75.1 0 3
    endloop
  endfacet
  facet normal 0.996917 0.0784645 0
    outer loop
      vertex -75.1 0 0
      vertex -75.0803 -0.250295 3
      vertex -75.0803 -0.250295 0
    endloop
  endfacet
  facet normal 0.382624 0.923904 -0
    outer loop
      vertex -73.9944 -1.52169 0
      vertex -74.2264 -1.42561 3
      vertex -73.9944 -1.52169 3
    endloop
  endfacet
  facet normal 0.382624 0.923904 0
    outer loop
      vertex -74.2264 -1.42561 3
      vertex -73.9944 -1.52169 0
      vertex -74.2264 -1.42561 0
    endloop
  endfacet
  facet normal 0.852611 0.522546 0
    outer loop
      vertex -74.7944 -0.940456 3
      vertex -74.9256 -0.726384 0
      vertex -74.9256 -0.726384 3
    endloop
  endfacet
  facet normal 0.852611 0.522546 0
    outer loop
      vertex -74.9256 -0.726384 0
      vertex -74.7944 -0.940456 3
      vertex -74.7944 -0.940456 0
    endloop
  endfacet
  facet normal -0.996917 -0.0784645 0
    outer loop
      vertex 75.1 0 0
      vertex 75.0803 0.250295 3
      vertex 75.0803 0.250295 0
    endloop
  endfacet
  facet normal -0.996917 -0.0784645 0
    outer loop
      vertex 75.0803 0.250295 3
      vertex 75.1 0 0
      vertex 75.1 0 3
    endloop
  endfacet
  facet normal 0.996917 -0.0784645 0
    outer loop
      vertex 71.9 0 3
      vertex 71.9197 0.250295 0
      vertex 71.9197 0.250295 3
    endloop
  endfacet
  facet normal 0.996917 -0.0784645 0
    outer loop
      vertex 71.9197 0.250295 0
      vertex 71.9 0 3
      vertex 71.9 0 0
    endloop
  endfacet
  facet normal 0.0784629 -0.996917 0
    outer loop
      vertex 73.2497 1.5803 0
      vertex 73.5 1.6 3
      vertex 73.2497 1.5803 3
    endloop
  endfacet
  facet normal 0.0784629 -0.996917 0
    outer loop
      vertex 73.5 1.6 3
      vertex 73.2497 1.5803 0
      vertex 73.5 1.6 0
    endloop
  endfacet
  facet normal -0.0784629 0.996917 0
    outer loop
      vertex 73.7503 -1.5803 0
      vertex 73.5 -1.6 3
      vertex 73.7503 -1.5803 3
    endloop
  endfacet
  facet normal -0.0784629 0.996917 0
    outer loop
      vertex 73.5 -1.6 3
      vertex 73.7503 -1.5803 0
      vertex 73.5 -1.6 0
    endloop
  endfacet
  facet normal -0.649485 -0.760374 0
    outer loop
      vertex 74.4405 1.29443 0
      vertex 74.6314 1.13137 3
      vertex 74.4405 1.29443 3
    endloop
  endfacet
  facet normal -0.649485 -0.760374 -0
    outer loop
      vertex 74.6314 1.13137 3
      vertex 74.4405 1.29443 0
      vertex 74.6314 1.13137 0
    endloop
  endfacet
  facet normal 0.760516 -0.649319 0
    outer loop
      vertex 72.2056 0.940456 3
      vertex 72.3686 1.13137 0
      vertex 72.3686 1.13137 3
    endloop
  endfacet
  facet normal 0.760516 -0.649319 0
    outer loop
      vertex 72.3686 1.13137 0
      vertex 72.2056 0.940456 3
      vertex 72.2056 0.940456 0
    endloop
  endfacet
  facet normal 0.522439 -0.852677 0
    outer loop
      vertex 72.5595 1.29443 0
      vertex 72.7736 1.42561 3
      vertex 72.5595 1.29443 3
    endloop
  endfacet
  facet normal 0.522439 -0.852677 0
    outer loop
      vertex 72.7736 1.42561 3
      vertex 72.5595 1.29443 0
      vertex 72.7736 1.42561 0
    endloop
  endfacet
  facet normal -0.852611 0.522546 0
    outer loop
      vertex 74.7944 -0.940456 0
      vertex 74.9256 -0.726384 3
      vertex 74.9256 -0.726384 0
    endloop
  endfacet
  facet normal -0.852611 0.522546 0
    outer loop
      vertex 74.9256 -0.726384 3
      vertex 74.7944 -0.940456 0
      vertex 74.7944 -0.940456 3
    endloop
  endfacet
  facet normal -0.852611 -0.522546 0
    outer loop
      vertex 74.9256 0.726384 0
      vertex 74.7944 0.940456 3
      vertex 74.7944 0.940456 0
    endloop
  endfacet
  facet normal -0.852611 -0.522546 0
    outer loop
      vertex 74.7944 0.940456 3
      vertex 74.9256 0.726384 0
      vertex 74.9256 0.726384 3
    endloop
  endfacet
  facet normal -0.97238 -0.233404 0
    outer loop
      vertex 75.0803 0.250295 0
      vertex 75.0217 0.494427 3
      vertex 75.0217 0.494427 0
    endloop
  endfacet
  facet normal -0.97238 -0.233404 0
    outer loop
      vertex 75.0217 0.494427 3
      vertex 75.0803 0.250295 0
      vertex 75.0803 0.250295 3
    endloop
  endfacet
  facet normal -0.760516 -0.649319 0
    outer loop
      vertex 74.7944 0.940456 0
      vertex 74.6314 1.13137 3
      vertex 74.6314 1.13137 0
    endloop
  endfacet
  facet normal -0.760516 -0.649319 0
    outer loop
      vertex 74.6314 1.13137 3
      vertex 74.7944 0.940456 0
      vertex 74.7944 0.940456 3
    endloop
  endfacet
  facet normal -0.382624 -0.923904 0
    outer loop
      vertex 73.9944 1.52169 0
      vertex 74.2264 1.42561 3
      vertex 73.9944 1.52169 3
    endloop
  endfacet
  facet normal -0.382624 -0.923904 -0
    outer loop
      vertex 74.2264 1.42561 3
      vertex 73.9944 1.52169 0
      vertex 74.2264 1.42561 0
    endloop
  endfacet
  facet normal -0.233471 -0.972364 0
    outer loop
      vertex 73.7503 1.5803 0
      vertex 73.9944 1.52169 3
      vertex 73.7503 1.5803 3
    endloop
  endfacet
  facet normal -0.233471 -0.972364 -0
    outer loop
      vertex 73.9944 1.52169 3
      vertex 73.7503 1.5803 0
      vertex 73.9944 1.52169 0
    endloop
  endfacet
  facet normal -0.522439 -0.852677 0
    outer loop
      vertex 74.2264 1.42561 0
      vertex 74.4405 1.29443 3
      vertex 74.2264 1.42561 3
    endloop
  endfacet
  facet normal -0.522439 -0.852677 -0
    outer loop
      vertex 74.4405 1.29443 3
      vertex 74.2264 1.42561 0
      vertex 74.4405 1.29443 0
    endloop
  endfacet
  facet normal 0.923851 -0.382752 0
    outer loop
      vertex 71.9783 0.494427 3
      vertex 72.0744 0.726384 0
      vertex 72.0744 0.726384 3
    endloop
  endfacet
  facet normal 0.923851 -0.382752 0
    outer loop
      vertex 72.0744 0.726384 0
      vertex 71.9783 0.494427 3
      vertex 71.9783 0.494427 0
    endloop
  endfacet
  facet normal 0.852611 -0.522546 0
    outer loop
      vertex 72.0744 0.726384 3
      vertex 72.2056 0.940456 0
      vertex 72.2056 0.940456 3
    endloop
  endfacet
  facet normal 0.852611 -0.522546 0
    outer loop
      vertex 72.2056 0.940456 0
      vertex 72.0744 0.726384 3
      vertex 72.0744 0.726384 0
    endloop
  endfacet
  facet normal 0.97238 -0.233404 0
    outer loop
      vertex 71.9197 0.250295 3
      vertex 71.9783 0.494427 0
      vertex 71.9783 0.494427 3
    endloop
  endfacet
  facet normal 0.97238 -0.233404 0
    outer loop
      vertex 71.9783 0.494427 0
      vertex 71.9197 0.250295 3
      vertex 71.9197 0.250295 0
    endloop
  endfacet
  facet normal 0.649485 -0.760374 0
    outer loop
      vertex 72.3686 1.13137 0
      vertex 72.5595 1.29443 3
      vertex 72.3686 1.13137 3
    endloop
  endfacet
  facet normal 0.649485 -0.760374 0
    outer loop
      vertex 72.5595 1.29443 3
      vertex 72.3686 1.13137 0
      vertex 72.5595 1.29443 0
    endloop
  endfacet
  facet normal 0.233471 -0.972364 0
    outer loop
      vertex 73.0056 1.52169 0
      vertex 73.2497 1.5803 3
      vertex 73.0056 1.52169 3
    endloop
  endfacet
  facet normal 0.233471 -0.972364 0
    outer loop
      vertex 73.2497 1.5803 3
      vertex 73.0056 1.52169 0
      vertex 73.2497 1.5803 0
    endloop
  endfacet
  facet normal 0.923851 0.382752 0
    outer loop
      vertex 72.0744 -0.726384 3
      vertex 71.9783 -0.494427 0
      vertex 71.9783 -0.494427 3
    endloop
  endfacet
  facet normal 0.923851 0.382752 0
    outer loop
      vertex 71.9783 -0.494427 0
      vertex 72.0744 -0.726384 3
      vertex 72.0744 -0.726384 0
    endloop
  endfacet
  facet normal -0.233471 0.972364 0
    outer loop
      vertex 73.9944 -1.52169 0
      vertex 73.7503 -1.5803 3
      vertex 73.9944 -1.52169 3
    endloop
  endfacet
  facet normal -0.233471 0.972364 0
    outer loop
      vertex 73.7503 -1.5803 3
      vertex 73.9944 -1.52169 0
      vertex 73.7503 -1.5803 0
    endloop
  endfacet
  facet normal -0.97238 0.233404 0
    outer loop
      vertex 75.0217 -0.494427 0
      vertex 75.0803 -0.250295 3
      vertex 75.0803 -0.250295 0
    endloop
  endfacet
  facet normal -0.97238 0.233404 0
    outer loop
      vertex 75.0803 -0.250295 3
      vertex 75.0217 -0.494427 0
      vertex 75.0217 -0.494427 3
    endloop
  endfacet
  facet normal -0.923851 -0.382752 0
    outer loop
      vertex 75.0217 0.494427 0
      vertex 74.9256 0.726384 3
      vertex 74.9256 0.726384 0
    endloop
  endfacet
  facet normal -0.923851 -0.382752 0
    outer loop
      vertex 74.9256 0.726384 3
      vertex 75.0217 0.494427 0
      vertex 75.0217 0.494427 3
    endloop
  endfacet
  facet normal -0.0784629 -0.996917 0
    outer loop
      vertex 73.5 1.6 0
      vertex 73.7503 1.5803 3
      vertex 73.5 1.6 3
    endloop
  endfacet
  facet normal -0.0784629 -0.996917 -0
    outer loop
      vertex 73.7503 1.5803 3
      vertex 73.5 1.6 0
      vertex 73.7503 1.5803 0
    endloop
  endfacet
  facet normal 0.382624 -0.923904 0
    outer loop
      vertex 72.7736 1.42561 0
      vertex 73.0056 1.52169 3
      vertex 72.7736 1.42561 3
    endloop
  endfacet
  facet normal 0.382624 -0.923904 0
    outer loop
      vertex 73.0056 1.52169 3
      vertex 72.7736 1.42561 0
      vertex 73.0056 1.52169 0
    endloop
  endfacet
  facet normal -0.996917 0.0784645 0
    outer loop
      vertex 75.0803 -0.250295 0
      vertex 75.1 0 3
      vertex 75.1 0 0
    endloop
  endfacet
  facet normal -0.996917 0.0784645 0
    outer loop
      vertex 75.1 0 3
      vertex 75.0803 -0.250295 0
      vertex 75.0803 -0.250295 3
    endloop
  endfacet
  facet normal -0.649485 0.760374 0
    outer loop
      vertex 74.6314 -1.13137 0
      vertex 74.4405 -1.29443 3
      vertex 74.6314 -1.13137 3
    endloop
  endfacet
  facet normal -0.649485 0.760374 0
    outer loop
      vertex 74.4405 -1.29443 3
      vertex 74.6314 -1.13137 0
      vertex 74.4405 -1.29443 0
    endloop
  endfacet
  facet normal -0.923851 0.382752 0
    outer loop
      vertex 74.9256 -0.726384 0
      vertex 75.0217 -0.494427 3
      vertex 75.0217 -0.494427 0
    endloop
  endfacet
  facet normal -0.923851 0.382752 0
    outer loop
      vertex 75.0217 -0.494427 3
      vertex 74.9256 -0.726384 0
      vertex 74.9256 -0.726384 3
    endloop
  endfacet
  facet normal 0.233471 0.972364 -0
    outer loop
      vertex 73.2497 -1.5803 0
      vertex 73.0056 -1.52169 3
      vertex 73.2497 -1.5803 3
    endloop
  endfacet
  facet normal 0.233471 0.972364 0
    outer loop
      vertex 73.0056 -1.52169 3
      vertex 73.2497 -1.5803 0
      vertex 73.0056 -1.52169 0
    endloop
  endfacet
  facet normal -0.522439 0.852677 0
    outer loop
      vertex 74.4405 -1.29443 0
      vertex 74.2264 -1.42561 3
      vertex 74.4405 -1.29443 3
    endloop
  endfacet
  facet normal -0.522439 0.852677 0
    outer loop
      vertex 74.2264 -1.42561 3
      vertex 74.4405 -1.29443 0
      vertex 74.2264 -1.42561 0
    endloop
  endfacet
  facet normal -0.382624 0.923904 0
    outer loop
      vertex 74.2264 -1.42561 0
      vertex 73.9944 -1.52169 3
      vertex 74.2264 -1.42561 3
    endloop
  endfacet
  facet normal -0.382624 0.923904 0
    outer loop
      vertex 73.9944 -1.52169 3
      vertex 74.2264 -1.42561 0
      vertex 73.9944 -1.52169 0
    endloop
  endfacet
  facet normal -0.760516 0.649319 0
    outer loop
      vertex 74.6314 -1.13137 0
      vertex 74.7944 -0.940456 3
      vertex 74.7944 -0.940456 0
    endloop
  endfacet
  facet normal -0.760516 0.649319 0
    outer loop
      vertex 74.7944 -0.940456 3
      vertex 74.6314 -1.13137 0
      vertex 74.6314 -1.13137 3
    endloop
  endfacet
  facet normal 0.382624 0.923904 -0
    outer loop
      vertex 73.0056 -1.52169 0
      vertex 72.7736 -1.42561 3
      vertex 73.0056 -1.52169 3
    endloop
  endfacet
  facet normal 0.382624 0.923904 0
    outer loop
      vertex 72.7736 -1.42561 3
      vertex 73.0056 -1.52169 0
      vertex 72.7736 -1.42561 0
    endloop
  endfacet
  facet normal 0.522439 0.852677 -0
    outer loop
      vertex 72.7736 -1.42561 0
      vertex 72.5595 -1.29443 3
      vertex 72.7736 -1.42561 3
    endloop
  endfacet
  facet normal 0.522439 0.852677 0
    outer loop
      vertex 72.5595 -1.29443 3
      vertex 72.7736 -1.42561 0
      vertex 72.5595 -1.29443 0
    endloop
  endfacet
  facet normal 0.0784629 0.996917 -0
    outer loop
      vertex 73.5 -1.6 0
      vertex 73.2497 -1.5803 3
      vertex 73.5 -1.6 3
    endloop
  endfacet
  facet normal 0.0784629 0.996917 0
    outer loop
      vertex 73.2497 -1.5803 3
      vertex 73.5 -1.6 0
      vertex 73.2497 -1.5803 0
    endloop
  endfacet
  facet normal 0.760516 0.649319 0
    outer loop
      vertex 72.3686 -1.13137 3
      vertex 72.2056 -0.940456 0
      vertex 72.2056 -0.940456 3
    endloop
  endfacet
  facet normal 0.760516 0.649319 0
    outer loop
      vertex 72.2056 -0.940456 0
      vertex 72.3686 -1.13137 3
      vertex 72.3686 -1.13137 0
    endloop
  endfacet
  facet normal 0.649485 0.760374 -0
    outer loop
      vertex 72.5595 -1.29443 0
      vertex 72.3686 -1.13137 3
      vertex 72.5595 -1.29443 3
    endloop
  endfacet
  facet normal 0.649485 0.760374 0
    outer loop
      vertex 72.3686 -1.13137 3
      vertex 72.5595 -1.29443 0
      vertex 72.3686 -1.13137 0
    endloop
  endfacet
  facet normal 0.97238 0.233404 0
    outer loop
      vertex 71.9783 -0.494427 3
      vertex 71.9197 -0.250295 0
      vertex 71.9197 -0.250295 3
    endloop
  endfacet
  facet normal 0.97238 0.233404 0
    outer loop
      vertex 71.9197 -0.250295 0
      vertex 71.9783 -0.494427 3
      vertex 71.9783 -0.494427 0
    endloop
  endfacet
  facet normal 0.996917 0.0784645 0
    outer loop
      vertex 71.9197 -0.250295 3
      vertex 71.9 0 0
      vertex 71.9 0 3
    endloop
  endfacet
  facet normal 0.996917 0.0784645 0
    outer loop
      vertex 71.9 0 0
      vertex 71.9197 -0.250295 3
      vertex 71.9197 -0.250295 0
    endloop
  endfacet
  facet normal 0.852611 0.522546 0
    outer loop
      vertex 72.2056 -0.940456 3
      vertex 72.0744 -0.726384 0
      vertex 72.0744 -0.726384 3
    endloop
  endfacet
  facet normal 0.852611 0.522546 0
    outer loop
      vertex 72.0744 -0.726384 0
      vertex 72.2056 -0.940456 3
      vertex 72.2056 -0.940456 0
    endloop
  endfacet
  facet normal -1 0 0
    outer loop
      vertex -81.5 -31 0
      vertex -81.5 31 3
      vertex -81.5 31 0
    endloop
  endfacet
  facet normal -1 -0 0
    outer loop
      vertex -81.5 31 3
      vertex -81.5 -31 0
      vertex -81.5 -31 3
    endloop
  endfacet
  facet normal -0 0 1
    outer loop
      vertex -63 1.2744 3
      vertex -57.8038 -4.2744 3
      vertex -57.8038 4.2744 3
    endloop
  endfacet
  facet normal 0 0 1
    outer loop
      vertex -63 1.2744 3
      vertex -63 -1.2744 3
      vertex -57.8038 -4.2744 3
    endloop
  endfacet
  facet normal 0 0 1
    outer loop
      vertex -68.1962 4.2744 3
      vertex -63 -1.2744 3
      vertex -63 1.2744 3
    endloop
  endfacet
  facet normal 0 0 1
    outer loop
      vertex -63 -1.2744 3
      vertex -68.1962 4.2744 3
      vertex -68.1962 -4.2744 3
    endloop
  endfacet
  facet normal -0 0 1
    outer loop
      vertex -50.4 -6 3
      vertex -45.2038 -11.5488 3
      vertex -45.2038 -3 3
    endloop
  endfacet
  facet normal 0 0 1
    outer loop
      vertex -50.4 -6 3
      vertex -50.4 -8.5488 3
      vertex -45.2038 -11.5488 3
    endloop
  endfacet
  facet normal 0 0 1
    outer loop
      vertex -55.5962 -3 3
      vertex -50.4 -8.5488 3
      vertex -50.4 -6 3
    endloop
  endfacet
  facet normal 0 0 1
    outer loop
      vertex -50.4 -8.5488 3
      vertex -55.5962 -3 3
      vertex -55.5962 -11.5488 3
    endloop
  endfacet
  facet normal -0 0 1
    outer loop
      vertex -50.4 8.5488 3
      vertex -45.2038 3 3
      vertex -45.2038 11.5488 3
    endloop
  endfacet
  facet normal 0 0 1
    outer loop
      vertex -50.4 8.5488 3
      vertex -50.4 6 3
      vertex -45.2038 3 3
    endloop
  endfacet
  facet normal 0 0 1
    outer loop
      vertex -55.5962 11.5488 3
      vertex -50.4 6 3
      vertex -50.4 8.5488 3
    endloop
  endfacet
  facet normal 0 0 1
    outer loop
      vertex -50.4 6 3
      vertex -55.5962 11.5488 3
      vertex -55.5962 3 3
    endloop
  endfacet
  facet normal -0 0 1
    outer loop
      vertex 50.4 -6 3
      vertex 55.5962 -11.5488 3
      vertex 55.5962 -3 3
    endloop
  endfacet
  facet normal 0 0 1
    outer loop
      vertex 50.4 -6 3
      vertex 50.4 -8.5488 3
      vertex 55.5962 -11.5488 3
    endloop
  endfacet
  facet normal 0 0 1
    outer loop
      vertex 45.2038 -3 3
      vertex 50.4 -8.5488 3
      vertex 50.4 -6 3
    endloop
  endfacet
  facet normal 0 0 1
    outer loop
      vertex 50.4 -8.5488 3
      vertex 45.2038 -3 3
      vertex 45.2038 -11.5488 3
    endloop
  endfacet
  facet normal -0 0 1
    outer loop
      vertex 50.4 8.5488 3
      vertex 55.5962 3 3
      vertex 55.5962 11.5488 3
    endloop
  endfacet
  facet normal 0 0 1
    outer loop
      vertex 50.4 8.5488 3
      vertex 50.4 6 3
      vertex 55.5962 3 3
    endloop
  endfacet
  facet normal 0 0 1
    outer loop
      vertex 45.2038 11.5488 3
      vertex 50.4 6 3
      vertex 50.4 8.5488 3
    endloop
  endfacet
  facet normal 0 0 1
    outer loop
      vertex 50.4 6 3
      vertex 45.2038 11.5488 3
      vertex 45.2038 3 3
    endloop
  endfacet
  facet normal -0 0 1
    outer loop
      vertex 63 1.2744 3
      vertex 68.1962 -4.2744 3
      vertex 68.1962 4.2744 3
    endloop
  endfacet
  facet normal 0 0 1
    outer loop
      vertex 63 1.2744 3
      vertex 63 -1.2744 3
      vertex 68.1962 -4.2744 3
    endloop
  endfacet
  facet normal 0 0 1
    outer loop
      vertex 57.8038 4.2744 3
      vertex 63 -1.2744 3
      vertex 63 1.2744 3
    endloop
  endfacet
  facet normal 0 0 1
    outer loop
      vertex 63 -1.2744 3
      vertex 57.8038 4.2744 3
      vertex 57.8038 -4.2744 3
    endloop
  endfacet
  facet normal 0 0 1
    outer loop
      vertex 81.5 31 3
      vertex 75.1 0 3
      vertex 81.5 -31 3
    endloop
  endfacet
  facet normal 0 0 1
    outer loop
      vertex 81.5 31 3
      vertex 75.0803 0.250295 3
      vertex 75.1 0 3
    endloop
  endfacet
  facet normal 0 0 1
    outer loop
      vertex 81.5 31 3
      vertex 75.0217 0.494427 3
      vertex 75.0803 0.250295 3
    endloop
  endfacet
  facet normal 0 0 1
    outer loop
      vertex 81.5 31 3
      vertex 74.9256 0.726384 3
      vertex 75.0217 0.494427 3
    endloop
  endfacet
  facet normal 0 0 1
    outer loop
      vertex 81.5 31 3
      vertex 74.7944 0.940456 3
      vertex 74.9256 0.726384 3
    endloop
  endfacet
  facet normal 0 0 1
    outer loop
      vertex 81.5 31 3
      vertex 74.6314 1.13137 3
      vertex 74.7944 0.940456 3
    endloop
  endfacet
  facet normal 0 0 1
    outer loop
      vertex 81.5 31 3
      vertex 74.4405 1.29443 3
      vertex 74.6314 1.13137 3
    endloop
  endfacet
  facet normal -0 0 1
    outer loop
      vertex 68.1962 10.2744 3
      vertex 74.4405 1.29443 3
      vertex 81.5 31 3
    endloop
  endfacet
  facet normal 0 0 1
    outer loop
      vertex 74.4405 1.29443 3
      vertex 68.1962 10.2744 3
      vertex 74.2264 1.42561 3
    endloop
  endfacet
  facet normal 0 0 1
    outer loop
      vertex 74.2264 1.42561 3
      vertex 68.1962 10.2744 3
      vertex 73.9944 1.52169 3
    endloop
  endfacet
  facet normal 0 0 1
    outer loop
      vertex 73.9944 1.52169 3
      vertex 68.1962 10.2744 3
      vertex 73.7503 1.5803 3
    endloop
  endfacet
  facet normal 0 0 1
    outer loop
      vertex 73.7503 1.5803 3
      vertex 68.1962 10.2744 3
      vertex 73.5 1.6 3
    endloop
  endfacet
  facet normal -0 0 1
    outer loop
      vertex 68.1962 4.2744 3
      vertex 73.5 1.6 3
      vertex 68.1962 10.2744 3
    endloop
  endfacet
  facet normal 0 0 1
    outer loop
      vertex 73.5 1.6 3
      vertex 68.1962 4.2744 3
      vertex 73.2497 1.5803 3
    endloop
  endfacet
  facet normal 0 0 1
    outer loop
      vertex 73.2497 1.5803 3
      vertex 68.1962 4.2744 3
      vertex 73.0056 1.52169 3
    endloop
  endfacet
  facet normal 0 0 1
    outer loop
      vertex 73.0056 1.52169 3
      vertex 68.1962 4.2744 3
      vertex 72.7736 1.42561 3
    endloop
  endfacet
  facet normal 0 0 1
    outer loop
      vertex 72.7736 1.42561 3
      vertex 68.1962 4.2744 3
      vertex 72.5595 1.29443 3
    endloop
  endfacet
  facet normal 0 0 1
    outer loop
      vertex 72.5595 1.29443 3
      vertex 68.1962 4.2744 3
      vertex 72.3686 1.13137 3
    endloop
  endfacet
  facet normal 0 0 1
    outer loop
      vertex 72.3686 1.13137 3
      vertex 68.1962 4.2744 3
      vertex 72.2056 0.940456 3
    endloop
  endfacet
  facet normal 0 0 1
    outer loop
      vertex 71.9783 0.494427 3
      vertex 68.1962 4.2744 3
      vertex 71.9197 0.250295 3
    endloop
  endfacet
  facet normal 0 0 1
    outer loop
      vertex 72.0744 0.726384 3
      vertex 68.1962 4.2744 3
      vertex 71.9783 0.494427 3
    endloop
  endfacet
  facet normal 0 0 1
    outer loop
      vertex 72.2056 0.940456 3
      vertex 68.1962 4.2744 3
      vertex 72.0744 0.726384 3
    endloop
  endfacet
  facet normal 0 0 1
    outer loop
      vertex 81.5 31 3
      vertex 63 13.2744 3
      vertex 68.1962 10.2744 3
    endloop
  endfacet
  facet normal -0 0 1
    outer loop
      vertex 55.5962 17.5488 3
      vertex 63 13.2744 3
      vertex 81.5 31 3
    endloop
  endfacet
  facet normal 0 0 1
    outer loop
      vertex 55.5962 3 3
      vertex 57.8038 4.2744 3
      vertex 57.8038 10.2744 3
    endloop
  endfacet
  facet normal 0 0 1
    outer loop
      vertex 57.8038 4.2744 3
      vertex 55.5962 3 3
      vertex 57.8038 -4.2744 3
    endloop
  endfacet
  facet normal -0 0 1
    outer loop
      vertex 55.5962 11.5488 3
      vertex 57.8038 10.2744 3
      vertex 55.5962 17.5488 3
    endloop
  endfacet
  facet normal 0 0 1
    outer loop
      vertex 63 13.2744 3
      vertex 55.5962 17.5488 3
      vertex 57.8038 10.2744 3
    endloop
  endfacet
  facet normal 0 0 1
    outer loop
      vertex 81.5 31 3
      vertex 50.4 20.5488 3
      vertex 55.5962 17.5488 3
    endloop
  endfacet
  facet normal -0 0 1
    outer loop
      vertex 34.673 12.362 3
      vertex 45.2038 11.5488 3
      vertex 45.2038 17.5488 3
    endloop
  endfacet
  facet normal 0 0 1
    outer loop
      vertex 45.2038 11.5488 3
      vertex 35 11 3
      vertex 45.2038 3 3
    endloop
  endfacet
  facet normal 0 0 1
    outer loop
      vertex 45.2038 3 3
      vertex 35 11 3
      vertex 45.2038 -3 3
    endloop
  endfacet
  facet normal 0 0 1
    outer loop
      vertex 35 -11 3
      vertex 45.2038 -3 3
      vertex 35 11 3
    endloop
  endfacet
  facet normal 0 0 1
    outer loop
      vertex 45.2038 -3 3
      vertex 35 -11 3
      vertex 45.2038 -11.5488 3
    endloop
  endfacet
  facet normal 0 0 1
    outer loop
      vertex 45.2038 11.5488 3
      vertex 34.9631 11.4693 3
      vertex 35 11 3
    endloop
  endfacet
  facet normal 0 0 1
    outer loop
      vertex 45.2038 11.5488 3
      vertex 34.8532 11.927 3
      vertex 34.9631 11.4693 3
    endloop
  endfacet
  facet normal 0 0 1
    outer loop
      vertex 32 14 3
      vertex 45.2038 17.5488 3
      vertex 50.4 20.5488 3
    endloop
  endfacet
  facet normal 0 0 1
    outer loop
      vertex 45.2038 11.5488 3
      vertex 34.673 12.362 3
      vertex 34.8532 11.927 3
    endloop
  endfacet
  facet normal 0 0 1
    outer loop
      vertex 45.2038 17.5488 3
      vertex 34.427 12.7634 3
      vertex 34.673 12.362 3
    endloop
  endfacet
  facet normal 0 0 1
    outer loop
      vertex 45.2038 17.5488 3
      vertex 34.1213 13.1213 3
      vertex 34.427 12.7634 3
    endloop
  endfacet
  facet normal 0 0 1
    outer loop
      vertex 45.2038 17.5488 3
      vertex 33.7634 13.427 3
      vertex 34.1213 13.1213 3
    endloop
  endfacet
  facet normal 0 0 1
    outer loop
      vertex 45.2038 17.5488 3
      vertex 33.362 13.673 3
      vertex 33.7634 13.427 3
    endloop
  endfacet
  facet normal 0 0 1
    outer loop
      vertex 45.2038 17.5488 3
      vertex 32.927 13.8532 3
      vertex 33.362 13.673 3
    endloop
  endfacet
  facet normal 0 0 1
    outer loop
      vertex 45.2038 17.5488 3
      vertex 32.4693 13.9631 3
      vertex 32.927 13.8532 3
    endloop
  endfacet
  facet normal 0 0 1
    outer loop
      vertex 45.2038 17.5488 3
      vertex 32 14 3
      vertex 32.4693 13.9631 3
    endloop
  endfacet
  facet normal 0 0 1
    outer loop
      vertex 50.4 20.5488 3
      vertex -32 14 3
      vertex 32 14 3
    endloop
  endfacet
  facet normal 0 0 1
    outer loop
      vertex -50.4 20.5488 3
      vertex 50.4 20.5488 3
      vertex 81.5 31 3
    endloop
  endfacet
  facet normal 0 0 1
    outer loop
      vertex 50.4 20.5488 3
      vertex -50.4 20.5488 3
      vertex -32 14 3
    endloop
  endfacet
  facet normal 0 0 1
    outer loop
      vertex -34.9631 11.4693 3
      vertex -45.2038 11.5488 3
      vertex -35 11 3
    endloop
  endfacet
  facet normal 0 0 1
    outer loop
      vertex -34.8532 11.927 3
      vertex -45.2038 11.5488 3
      vertex -34.9631 11.4693 3
    endloop
  endfacet
  facet normal 0 0 1
    outer loop
      vertex -34.673 12.362 3
      vertex -45.2038 11.5488 3
      vertex -34.8532 11.927 3
    endloop
  endfacet
  facet normal 0 0 1
    outer loop
      vertex -45.2038 11.5488 3
      vertex -34.673 12.362 3
      vertex -45.2038 17.5488 3
    endloop
  endfacet
  facet normal 0 0 1
    outer loop
      vertex -34.427 12.7634 3
      vertex -45.2038 17.5488 3
      vertex -34.673 12.362 3
    endloop
  endfacet
  facet normal 0 0 1
    outer loop
      vertex -34.1213 13.1213 3
      vertex -45.2038 17.5488 3
      vertex -34.427 12.7634 3
    endloop
  endfacet
  facet normal 0 0 1
    outer loop
      vertex -33.7634 13.427 3
      vertex -45.2038 17.5488 3
      vertex -34.1213 13.1213 3
    endloop
  endfacet
  facet normal 0 0 1
    outer loop
      vertex -33.362 13.673 3
      vertex -45.2038 17.5488 3
      vertex -33.7634 13.427 3
    endloop
  endfacet
  facet normal 0 0 1
    outer loop
      vertex -32.927 13.8532 3
      vertex -45.2038 17.5488 3
      vertex -33.362 13.673 3
    endloop
  endfacet
  facet normal 0 0 1
    outer loop
      vertex -32.4693 13.9631 3
      vertex -45.2038 17.5488 3
      vertex -32.927 13.8532 3
    endloop
  endfacet
  facet normal -0 -0 1
    outer loop
      vertex -45.2038 17.5488 3
      vertex -32 14 3
      vertex -50.4 20.5488 3
    endloop
  endfacet
  facet normal 0 0 1
    outer loop
      vertex -32 14 3
      vertex -45.2038 17.5488 3
      vertex -32.4693 13.9631 3
    endloop
  endfacet
  facet normal 0 0 1
    outer loop
      vertex -57.8038 10.2744 3
      vertex -55.5962 11.5488 3
      vertex -55.5962 17.5488 3
    endloop
  endfacet
  facet normal 0 0 1
    outer loop
      vertex -55.5962 11.5488 3
      vertex -57.8038 10.2744 3
      vertex -55.5962 3 3
    endloop
  endfacet
  facet normal 0 0 1
    outer loop
      vertex -55.5962 3 3
      vertex -57.8038 4.2744 3
      vertex -55.5962 -3 3
    endloop
  endfacet
  facet normal 0 0 1
    outer loop
      vertex -57.8038 -4.2744 3
      vertex -55.5962 -3 3
      vertex -57.8038 4.2744 3
    endloop
  endfacet
  facet normal 0 0 1
    outer loop
      vertex -55.5962 3 3
      vertex -57.8038 10.2744 3
      vertex -57.8038 4.2744 3
    endloop
  endfacet
  facet normal 0 0 1
    outer loop
      vertex -55.5962 17.5488 3
      vertex -63 13.2744 3
      vertex -57.8038 10.2744 3
    endloop
  endfacet
  facet normal 0 0 1
    outer loop
      vertex -81.5 31 3
      vertex -55.5962 17.5488 3
      vertex -50.4 20.5488 3
    endloop
  endfacet
  facet normal 0 0 1
    outer loop
      vertex -73.5 1.6 3
      vertex -68.1962 4.2744 3
      vertex -68.1962 10.2744 3
    endloop
  endfacet
  facet normal 0 -0 1
    outer loop
      vertex -71.9197 0.250295 3
      vertex -68.1962 4.2744 3
      vertex -71.9783 0.494427 3
    endloop
  endfacet
  facet normal -0 0 1
    outer loop
      vertex -71.9197 -0.250295 3
      vertex -68.1962 -4.2744 3
      vertex -71.9 0 3
    endloop
  endfacet
  facet normal 0 0 1
    outer loop
      vertex -68.1962 4.2744 3
      vertex -71.9 0 3
      vertex -68.1962 -4.2744 3
    endloop
  endfacet
  facet normal 0 -0 1
    outer loop
      vertex -71.9 0 3
      vertex -68.1962 4.2744 3
      vertex -71.9197 0.250295 3
    endloop
  endfacet
  facet normal 0 0 1
    outer loop
      vertex -68.1962 4.2744 3
      vertex -72.0744 0.726384 3
      vertex -71.9783 0.494427 3
    endloop
  endfacet
  facet normal 0 0 1
    outer loop
      vertex -68.1962 4.2744 3
      vertex -72.2056 0.940456 3
      vertex -72.0744 0.726384 3
    endloop
  endfacet
  facet normal 0 0 1
    outer loop
      vertex -68.1962 4.2744 3
      vertex -72.3686 1.13137 3
      vertex -72.2056 0.940456 3
    endloop
  endfacet
  facet normal 0 0 1
    outer loop
      vertex -68.1962 4.2744 3
      vertex -72.5595 1.29443 3
      vertex -72.3686 1.13137 3
    endloop
  endfacet
  facet normal 0 0 1
    outer loop
      vertex -68.1962 4.2744 3
      vertex -72.7736 1.42561 3
      vertex -72.5595 1.29443 3
    endloop
  endfacet
  facet normal 0 0 1
    outer loop
      vertex -68.1962 4.2744 3
      vertex -73.0056 1.52169 3
      vertex -72.7736 1.42561 3
    endloop
  endfacet
  facet normal 0 0 1
    outer loop
      vertex -68.1962 4.2744 3
      vertex -73.2497 1.5803 3
      vertex -73.0056 1.52169 3
    endloop
  endfacet
  facet normal 0 0 1
    outer loop
      vertex -68.1962 4.2744 3
      vertex -73.5 1.6 3
      vertex -73.2497 1.5803 3
    endloop
  endfacet
  facet normal 0 0 1
    outer loop
      vertex -68.1962 10.2744 3
      vertex -73.7503 1.5803 3
      vertex -73.5 1.6 3
    endloop
  endfacet
  facet normal 0 0 1
    outer loop
      vertex -68.1962 10.2744 3
      vertex -73.9944 1.52169 3
      vertex -73.7503 1.5803 3
    endloop
  endfacet
  facet normal 0 0 1
    outer loop
      vertex -68.1962 10.2744 3
      vertex -74.2264 1.42561 3
      vertex -73.9944 1.52169 3
    endloop
  endfacet
  facet normal 0 0 1
    outer loop
      vertex -68.1962 10.2744 3
      vertex -74.4405 1.29443 3
      vertex -74.2264 1.42561 3
    endloop
  endfacet
  facet normal 0 0 1
    outer loop
      vertex -81.5 31 3
      vertex -74.4405 1.29443 3
      vertex -68.1962 10.2744 3
    endloop
  endfacet
  facet normal 0 0 1
    outer loop
      vertex -74.4405 1.29443 3
      vertex -81.5 31 3
      vertex -74.6314 1.13137 3
    endloop
  endfacet
  facet normal 0 0 1
    outer loop
      vertex -75.0803 0.250295 3
      vertex -81.5 31 3
      vertex -75.1 0 3
    endloop
  endfacet
  facet normal 0 0 1
    outer loop
      vertex -75.0217 0.494427 3
      vertex -81.5 31 3
      vertex -75.0803 0.250295 3
    endloop
  endfacet
  facet normal 0 0 1
    outer loop
      vertex -74.9256 0.726384 3
      vertex -81.5 31 3
      vertex -75.0217 0.494427 3
    endloop
  endfacet
  facet normal 0 0 1
    outer loop
      vertex -74.7944 0.940456 3
      vertex -81.5 31 3
      vertex -74.9256 0.726384 3
    endloop
  endfacet
  facet normal 0 0 1
    outer loop
      vertex -74.6314 1.13137 3
      vertex -81.5 31 3
      vertex -74.7944 0.940456 3
    endloop
  endfacet
  facet normal 0 0 1
    outer loop
      vertex -63 13.2744 3
      vertex -81.5 31 3
      vertex -68.1962 10.2744 3
    endloop
  endfacet
  facet normal 0 0 1
    outer loop
      vertex -55.5962 17.5488 3
      vertex -81.5 31 3
      vertex -63 13.2744 3
    endloop
  endfacet
  facet normal -0 0 1
    outer loop
      vertex -81.5 31 3
      vertex -50.4 20.5488 3
      vertex 81.5 31 3
    endloop
  endfacet
  facet normal -0 0 1
    outer loop
      vertex 75.0803 -0.250295 3
      vertex 81.5 -31 3
      vertex 75.1 0 3
    endloop
  endfacet
  facet normal -0 0 1
    outer loop
      vertex 75.0217 -0.494427 3
      vertex 81.5 -31 3
      vertex 75.0803 -0.250295 3
    endloop
  endfacet
  facet normal -0 0 1
    outer loop
      vertex 74.9256 -0.726384 3
      vertex 81.5 -31 3
      vertex 75.0217 -0.494427 3
    endloop
  endfacet
  facet normal -0 0 1
    outer loop
      vertex 74.7944 -0.940456 3
      vertex 81.5 -31 3
      vertex 74.9256 -0.726384 3
    endloop
  endfacet
  facet normal -0 0 1
    outer loop
      vertex 74.6314 -1.13137 3
      vertex 81.5 -31 3
      vertex 74.7944 -0.940456 3
    endloop
  endfacet
  facet normal -0 0 1
    outer loop
      vertex 74.4405 -1.29443 3
      vertex 81.5 -31 3
      vertex 74.6314 -1.13137 3
    endloop
  endfacet
  facet normal 0 0 1
    outer loop
      vertex 68.1962 -10.2744 3
      vertex 74.4405 -1.29443 3
      vertex 74.2264 -1.42561 3
    endloop
  endfacet
  facet normal 0 0 1
    outer loop
      vertex 68.1962 -10.2744 3
      vertex 74.2264 -1.42561 3
      vertex 73.9944 -1.52169 3
    endloop
  endfacet
  facet normal 0 0 1
    outer loop
      vertex 68.1962 -10.2744 3
      vertex 73.9944 -1.52169 3
      vertex 73.7503 -1.5803 3
    endloop
  endfacet
  facet normal 0 0 1
    outer loop
      vertex 68.1962 -10.2744 3
      vertex 73.7503 -1.5803 3
      vertex 73.5 -1.6 3
    endloop
  endfacet
  facet normal 0 0 1
    outer loop
      vertex 68.1962 -4.2744 3
      vertex 73.5 -1.6 3
      vertex 73.2497 -1.5803 3
    endloop
  endfacet
  facet normal 0 0 1
    outer loop
      vertex 68.1962 -4.2744 3
      vertex 73.2497 -1.5803 3
      vertex 73.0056 -1.52169 3
    endloop
  endfacet
  facet normal 0 0 1
    outer loop
      vertex 68.1962 -4.2744 3
      vertex 73.0056 -1.52169 3
      vertex 72.7736 -1.42561 3
    endloop
  endfacet
  facet normal 0 0 1
    outer loop
      vertex 68.1962 -4.2744 3
      vertex 72.7736 -1.42561 3
      vertex 72.5595 -1.29443 3
    endloop
  endfacet
  facet normal 0 0 1
    outer loop
      vertex 68.1962 -4.2744 3
      vertex 72.5595 -1.29443 3
      vertex 72.3686 -1.13137 3
    endloop
  endfacet
  facet normal 0 0 1
    outer loop
      vertex 68.1962 -4.2744 3
      vertex 72.3686 -1.13137 3
      vertex 72.2056 -0.940456 3
    endloop
  endfacet
  facet normal 0 0 1
    outer loop
      vertex 68.1962 -4.2744 3
      vertex 72.2056 -0.940456 3
      vertex 72.0744 -0.726384 3
    endloop
  endfacet
  facet normal 0 0 1
    outer loop
      vertex 68.1962 -4.2744 3
      vertex 72.0744 -0.726384 3
      vertex 71.9783 -0.494427 3
    endloop
  endfacet
  facet normal 0 0 1
    outer loop
      vertex 71.9197 0.250295 3
      vertex 68.1962 4.2744 3
      vertex 71.9 0 3
    endloop
  endfacet
  facet normal 0 0 1
    outer loop
      vertex 68.1962 -4.2744 3
      vertex 71.9 0 3
      vertex 68.1962 4.2744 3
    endloop
  endfacet
  facet normal 0 0 1
    outer loop
      vertex 71.9 0 3
      vertex 68.1962 -4.2744 3
      vertex 71.9197 -0.250295 3
    endloop
  endfacet
  facet normal 0 0 1
    outer loop
      vertex 71.9197 -0.250295 3
      vertex 68.1962 -4.2744 3
      vertex 71.9783 -0.494427 3
    endloop
  endfacet
  facet normal 0 0 1
    outer loop
      vertex 73.5 -1.6 3
      vertex 68.1962 -4.2744 3
      vertex 68.1962 -10.2744 3
    endloop
  endfacet
  facet normal 0 0 1
    outer loop
      vertex 74.4405 -1.29443 3
      vertex 68.1962 -10.2744 3
      vertex 81.5 -31 3
    endloop
  endfacet
  facet normal -0 0 1
    outer loop
      vertex 63 -13.2744 3
      vertex 81.5 -31 3
      vertex 68.1962 -10.2744 3
    endloop
  endfacet
  facet normal 0 0 1
    outer loop
      vertex 55.5962 -17.5488 3
      vertex 63 -13.2744 3
      vertex 57.8038 -10.2744 3
    endloop
  endfacet
  facet normal 0 0 1
    outer loop
      vertex 55.5962 3 3
      vertex 57.8038 10.2744 3
      vertex 55.5962 11.5488 3
    endloop
  endfacet
  facet normal -0 0 1
    outer loop
      vertex 55.5962 -3 3
      vertex 57.8038 -4.2744 3
      vertex 55.5962 3 3
    endloop
  endfacet
  facet normal 0 0 1
    outer loop
      vertex 57.8038 -4.2744 3
      vertex 55.5962 -3 3
      vertex 57.8038 -10.2744 3
    endloop
  endfacet
  facet normal 0 0 1
    outer loop
      vertex 55.5962 -11.5488 3
      vertex 57.8038 -10.2744 3
      vertex 55.5962 -3 3
    endloop
  endfacet
  facet normal 0 0 1
    outer loop
      vertex 55.5962 -17.5488 3
      vertex 57.8038 -10.2744 3
      vertex 55.5962 -11.5488 3
    endloop
  endfacet
  facet normal 0 0 1
    outer loop
      vertex 63 -13.2744 3
      vertex 55.5962 -17.5488 3
      vertex 81.5 -31 3
    endloop
  endfacet
  facet normal -0 0 1
    outer loop
      vertex 50.4 -20.5488 3
      vertex 81.5 -31 3
      vertex 55.5962 -17.5488 3
    endloop
  endfacet
  facet normal -0 0 1
    outer loop
      vertex 34.9631 -11.4693 3
      vertex 45.2038 -11.5488 3
      vertex 35 -11 3
    endloop
  endfacet
  facet normal 0 0 1
    outer loop
      vertex 34.8532 -11.927 3
      vertex 45.2038 -11.5488 3
      vertex 34.9631 -11.4693 3
    endloop
  endfacet
  facet normal 0 0 1
    outer loop
      vertex 34.673 -12.362 3
      vertex 45.2038 -11.5488 3
      vertex 34.8532 -11.927 3
    endloop
  endfacet
  facet normal 0 0 1
    outer loop
      vertex 45.2038 -11.5488 3
      vertex 34.673 -12.362 3
      vertex 45.2038 -17.5488 3
    endloop
  endfacet
  facet normal -0 0 1
    outer loop
      vertex 34.427 -12.7634 3
      vertex 45.2038 -17.5488 3
      vertex 34.673 -12.362 3
    endloop
  endfacet
  facet normal -0 0 1
    outer loop
      vertex 34.1213 -13.1213 3
      vertex 45.2038 -17.5488 3
      vertex 34.427 -12.7634 3
    endloop
  endfacet
  facet normal -0 0 1
    outer loop
      vertex 33.7634 -13.427 3
      vertex 45.2038 -17.5488 3
      vertex 34.1213 -13.1213 3
    endloop
  endfacet
  facet normal -0 0 1
    outer loop
      vertex 33.362 -13.673 3
      vertex 45.2038 -17.5488 3
      vertex 33.7634 -13.427 3
    endloop
  endfacet
  facet normal -0 0 1
    outer loop
      vertex 32.927 -13.8532 3
      vertex 45.2038 -17.5488 3
      vertex 33.362 -13.673 3
    endloop
  endfacet
  facet normal -0 0 1
    outer loop
      vertex 32.4693 -13.9631 3
      vertex 45.2038 -17.5488 3
      vertex 32.927 -13.8532 3
    endloop
  endfacet
  facet normal -0 0 1
    outer loop
      vertex 32 -14 3
      vertex 45.2038 -17.5488 3
      vertex 32.4693 -13.9631 3
    endloop
  endfacet
  facet normal 0 0 1
    outer loop
      vertex 45.2038 -17.5488 3
      vertex 32 -14 3
      vertex 50.4 -20.5488 3
    endloop
  endfacet
  facet normal -0 0 1
    outer loop
      vertex -32 -14 3
      vertex 50.4 -20.5488 3
      vertex 32 -14 3
    endloop
  endfacet
  facet normal 0 0 1
    outer loop
      vertex -50.4 -20.5488 3
      vertex 50.4 -20.5488 3
      vertex -32 -14 3
    endloop
  endfacet
  facet normal 0 0 1
    outer loop
      vertex -45.2038 -17.5488 3
      vertex -32 -14 3
      vertex -32.4693 -13.9631 3
    endloop
  endfacet
  facet normal 0 0 1
    outer loop
      vertex -45.2038 3 3
      vertex -35 11 3
      vertex -45.2038 11.5488 3
    endloop
  endfacet
  facet normal 0 0 1
    outer loop
      vertex -35 11 3
      vertex -45.2038 3 3
      vertex -35 -11 3
    endloop
  endfacet
  facet normal -0 0 1
    outer loop
      vertex -45.2038 -3 3
      vertex -35 -11 3
      vertex -45.2038 3 3
    endloop
  endfacet
  facet normal 0 0 1
    outer loop
      vertex -45.2038 -11.5488 3
      vertex -35 -11 3
      vertex -45.2038 -3 3
    endloop
  endfacet
  facet normal 0 0 1
    outer loop
      vertex -35 -11 3
      vertex -45.2038 -11.5488 3
      vertex -34.9631 -11.4693 3
    endloop
  endfacet
  facet normal 0 0 1
    outer loop
      vertex -34.9631 -11.4693 3
      vertex -45.2038 -11.5488 3
      vertex -34.8532 -11.927 3
    endloop
  endfacet
  facet normal 0 0 1
    outer loop
      vertex -34.8532 -11.927 3
      vertex -45.2038 -11.5488 3
      vertex -34.673 -12.362 3
    endloop
  endfacet
  facet normal 0 0 1
    outer loop
      vertex -45.2038 -17.5488 3
      vertex -34.673 -12.362 3
      vertex -45.2038 -11.5488 3
    endloop
  endfacet
  facet normal 0 0 1
    outer loop
      vertex -34.673 -12.362 3
      vertex -45.2038 -17.5488 3
      vertex -34.427 -12.7634 3
    endloop
  endfacet
  facet normal 0 0 1
    outer loop
      vertex -34.427 -12.7634 3
      vertex -45.2038 -17.5488 3
      vertex -34.1213 -13.1213 3
    endloop
  endfacet
  facet normal 0 0 1
    outer loop
      vertex -34.1213 -13.1213 3
      vertex -45.2038 -17.5488 3
      vertex -33.7634 -13.427 3
    endloop
  endfacet
  facet normal 0 0 1
    outer loop
      vertex -33.7634 -13.427 3
      vertex -45.2038 -17.5488 3
      vertex -33.362 -13.673 3
    endloop
  endfacet
  facet normal 0 0 1
    outer loop
      vertex -33.362 -13.673 3
      vertex -45.2038 -17.5488 3
      vertex -32.927 -13.8532 3
    endloop
  endfacet
  facet normal 0 0 1
    outer loop
      vertex -32.927 -13.8532 3
      vertex -45.2038 -17.5488 3
      vertex -32.4693 -13.9631 3
    endloop
  endfacet
  facet normal 0 0 1
    outer loop
      vertex -32 -14 3
      vertex -45.2038 -17.5488 3
      vertex -50.4 -20.5488 3
    endloop
  endfacet
  facet normal 0 0 1
    outer loop
      vertex 50.4 -20.5488 3
      vertex -50.4 -20.5488 3
      vertex 81.5 -31 3
    endloop
  endfacet
  facet normal 0 0 1
    outer loop
      vertex -55.5962 -3 3
      vertex -57.8038 -4.2744 3
      vertex -55.5962 -11.5488 3
    endloop
  endfacet
  facet normal -0 0 1
    outer loop
      vertex -57.8038 -10.2744 3
      vertex -55.5962 -11.5488 3
      vertex -57.8038 -4.2744 3
    endloop
  endfacet
  facet normal 0 0 1
    outer loop
      vertex -55.5962 -11.5488 3
      vertex -57.8038 -10.2744 3
      vertex -55.5962 -17.5488 3
    endloop
  endfacet
  facet normal -0 0 1
    outer loop
      vertex -63 -13.2744 3
      vertex -55.5962 -17.5488 3
      vertex -57.8038 -10.2744 3
    endloop
  endfacet
  facet normal 0 0 1
    outer loop
      vertex -81.5 -31 3
      vertex -55.5962 -17.5488 3
      vertex -63 -13.2744 3
    endloop
  endfacet
  facet normal -0 0 1
    outer loop
      vertex -71.9783 -0.494427 3
      vertex -68.1962 -4.2744 3
      vertex -71.9197 -0.250295 3
    endloop
  endfacet
  facet normal -0 0 1
    outer loop
      vertex -72.0744 -0.726384 3
      vertex -68.1962 -4.2744 3
      vertex -71.9783 -0.494427 3
    endloop
  endfacet
  facet normal -0 0 1
    outer loop
      vertex -72.2056 -0.940456 3
      vertex -68.1962 -4.2744 3
      vertex -72.0744 -0.726384 3
    endloop
  endfacet
  facet normal -0 0 1
    outer loop
      vertex -72.3686 -1.13137 3
      vertex -68.1962 -4.2744 3
      vertex -72.2056 -0.940456 3
    endloop
  endfacet
  facet normal -0 0 1
    outer loop
      vertex -72.5595 -1.29443 3
      vertex -68.1962 -4.2744 3
      vertex -72.3686 -1.13137 3
    endloop
  endfacet
  facet normal -0 0 1
    outer loop
      vertex -72.7736 -1.42561 3
      vertex -68.1962 -4.2744 3
      vertex -72.5595 -1.29443 3
    endloop
  endfacet
  facet normal -0 0 1
    outer loop
      vertex -73.0056 -1.52169 3
      vertex -68.1962 -4.2744 3
      vertex -72.7736 -1.42561 3
    endloop
  endfacet
  facet normal -0 0 1
    outer loop
      vertex -73.2497 -1.5803 3
      vertex -68.1962 -4.2744 3
      vertex -73.0056 -1.52169 3
    endloop
  endfacet
  facet normal -0 0 1
    outer loop
      vertex -73.5 -1.6 3
      vertex -68.1962 -4.2744 3
      vertex -73.2497 -1.5803 3
    endloop
  endfacet
  facet normal 0 0 1
    outer loop
      vertex -68.1962 -4.2744 3
      vertex -73.5 -1.6 3
      vertex -68.1962 -10.2744 3
    endloop
  endfacet
  facet normal 0 0 1
    outer loop
      vertex -73.7503 -1.5803 3
      vertex -68.1962 -10.2744 3
      vertex -73.5 -1.6 3
    endloop
  endfacet
  facet normal 0 0 1
    outer loop
      vertex -73.9944 -1.52169 3
      vertex -68.1962 -10.2744 3
      vertex -73.7503 -1.5803 3
    endloop
  endfacet
  facet normal 0 0 1
    outer loop
      vertex -74.2264 -1.42561 3
      vertex -68.1962 -10.2744 3
      vertex -73.9944 -1.52169 3
    endloop
  endfacet
  facet normal 0 0 1
    outer loop
      vertex -74.4405 -1.29443 3
      vertex -68.1962 -10.2744 3
      vertex -74.2264 -1.42561 3
    endloop
  endfacet
  facet normal 0 0 1
    outer loop
      vertex -81.5 -31 3
      vertex -74.4405 -1.29443 3
      vertex -74.6314 -1.13137 3
    endloop
  endfacet
  facet normal 0 0 1
    outer loop
      vertex -81.5 -31 3
      vertex -74.6314 -1.13137 3
      vertex -74.7944 -0.940456 3
    endloop
  endfacet
  facet normal 0 0 1
    outer loop
      vertex -81.5 -31 3
      vertex -75.1 0 3
      vertex -81.5 31 3
    endloop
  endfacet
  facet normal 0 0 1
    outer loop
      vertex -50.4 -20.5488 3
      vertex -81.5 -31 3
      vertex 81.5 -31 3
    endloop
  endfacet
  facet normal 0 0 1
    outer loop
      vertex -55.5962 -17.5488 3
      vertex -81.5 -31 3
      vertex -50.4 -20.5488 3
    endloop
  endfacet
  facet normal 0 0 1
    outer loop
      vertex -68.1962 -10.2744 3
      vertex -81.5 -31 3
      vertex -63 -13.2744 3
    endloop
  endfacet
  facet normal 0 0 1
    outer loop
      vertex -74.4405 -1.29443 3
      vertex -81.5 -31 3
      vertex -68.1962 -10.2744 3
    endloop
  endfacet
  facet normal 0 0 1
    outer loop
      vertex -74.9256 -0.726384 3
      vertex -81.5 -31 3
      vertex -74.7944 -0.940456 3
    endloop
  endfacet
  facet normal 0 0 1
    outer loop
      vertex -75.0217 -0.494427 3
      vertex -81.5 -31 3
      vertex -74.9256 -0.726384 3
    endloop
  endfacet
  facet normal 0 0 1
    outer loop
      vertex -75.0803 -0.250295 3
      vertex -81.5 -31 3
      vertex -75.0217 -0.494427 3
    endloop
  endfacet
  facet normal 0 0 1
    outer loop
      vertex -75.1 0 3
      vertex -81.5 -31 3
      vertex -75.0803 -0.250295 3
    endloop
  endfacet
  facet normal 1 -0 0
    outer loop
      vertex 81.5 -31 3
      vertex 81.5 31 0
      vertex 81.5 31 3
    endloop
  endfacet
  facet normal 1 0 0
    outer loop
      vertex 81.5 31 0
      vertex 81.5 -31 3
      vertex 81.5 -31 0
    endloop
  endfacet
  facet normal 0 0 -1
    outer loop
      vertex -63 -1.2744 0
      vertex -57.8038 4.2744 0
      vertex -57.8038 -4.2744 0
    endloop
  endfacet
  facet normal 0 0 -1
    outer loop
      vertex -63 -1.2744 0
      vertex -63 1.2744 0
      vertex -57.8038 4.2744 0
    endloop
  endfacet
  facet normal 0 0 -1
    outer loop
      vertex -68.1962 -4.2744 0
      vertex -63 1.2744 0
      vertex -63 -1.2744 0
    endloop
  endfacet
  facet normal -0 0 -1
    outer loop
      vertex -63 1.2744 0
      vertex -68.1962 -4.2744 0
      vertex -68.1962 4.2744 0
    endloop
  endfacet
  facet normal 0 0 -1
    outer loop
      vertex -50.4 6 0
      vertex -45.2038 11.5488 0
      vertex -45.2038 3 0
    endloop
  endfacet
  facet normal 0 0 -1
    outer loop
      vertex -50.4 6 0
      vertex -50.4 8.5488 0
      vertex -45.2038 11.5488 0
    endloop
  endfacet
  facet normal 0 0 -1
    outer loop
      vertex -55.5962 3 0
      vertex -50.4 8.5488 0
      vertex -50.4 6 0
    endloop
  endfacet
  facet normal -0 0 -1
    outer loop
      vertex -50.4 8.5488 0
      vertex -55.5962 3 0
      vertex -55.5962 11.5488 0
    endloop
  endfacet
  facet normal 0 0 -1
    outer loop
      vertex -50.4 -8.5488 0
      vertex -45.2038 -3 0
      vertex -45.2038 -11.5488 0
    endloop
  endfacet
  facet normal 0 0 -1
    outer loop
      vertex -50.4 -8.5488 0
      vertex -50.4 -6 0
      vertex -45.2038 -3 0
    endloop
  endfacet
  facet normal 0 0 -1
    outer loop
      vertex -55.5962 -11.5488 0
      vertex -50.4 -6 0
      vertex -50.4 -8.5488 0
    endloop
  endfacet
  facet normal -0 0 -1
    outer loop
      vertex -50.4 -6 0
      vertex -55.5962 -11.5488 0
      vertex -55.5962 -3 0
    endloop
  endfacet
  facet normal 0 0 -1
    outer loop
      vertex 50.4 6 0
      vertex 55.5962 11.5488 0
      vertex 55.5962 3 0
    endloop
  endfacet
  facet normal 0 0 -1
    outer loop
      vertex 50.4 6 0
      vertex 50.4 8.5488 0
      vertex 55.5962 11.5488 0
    endloop
  endfacet
  facet normal 0 0 -1
    outer loop
      vertex 45.2038 3 0
      vertex 50.4 8.5488 0
      vertex 50.4 6 0
    endloop
  endfacet
  facet normal -0 0 -1
    outer loop
      vertex 50.4 8.5488 0
      vertex 45.2038 3 0
      vertex 45.2038 11.5488 0
    endloop
  endfacet
  facet normal 0 0 -1
    outer loop
      vertex 50.4 -8.5488 0
      vertex 55.5962 -3 0
      vertex 55.5962 -11.5488 0
    endloop
  endfacet
  facet normal 0 0 -1
    outer loop
      vertex 50.4 -8.5488 0
      vertex 50.4 -6 0
      vertex 55.5962 -3 0
    endloop
  endfacet
  facet normal 0 0 -1
    outer loop
      vertex 45.2038 -11.5488 0
      vertex 50.4 -6 0
      vertex 50.4 -8.5488 0
    endloop
  endfacet
  facet normal -0 0 -1
    outer loop
      vertex 50.4 -6 0
      vertex 45.2038 -11.5488 0
      vertex 45.2038 -3 0
    endloop
  endfacet
  facet normal 0 0 -1
    outer loop
      vertex 63 -1.2744 0
      vertex 68.1962 4.2744 0
      vertex 68.1962 -4.2744 0
    endloop
  endfacet
  facet normal 0 0 -1
    outer loop
      vertex 63 -1.2744 0
      vertex 63 1.2744 0
      vertex 68.1962 4.2744 0
    endloop
  endfacet
  facet normal 0 0 -1
    outer loop
      vertex 57.8038 -4.2744 0
      vertex 63 1.2744 0
      vertex 63 -1.2744 0
    endloop
  endfacet
  facet normal -0 0 -1
    outer loop
      vertex 63 1.2744 0
      vertex 57.8038 -4.2744 0
      vertex 57.8038 4.2744 0
    endloop
  endfacet
  facet normal 0 0 -1
    outer loop
      vertex 81.5 -31 0
      vertex 75.1 0 0
      vertex 81.5 31 0
    endloop
  endfacet
  facet normal 0 0 -1
    outer loop
      vertex 81.5 -31 0
      vertex 75.0803 -0.250295 0
      vertex 75.1 0 0
    endloop
  endfacet
  facet normal 0 0 -1
    outer loop
      vertex 81.5 -31 0
      vertex 75.0217 -0.494427 0
      vertex 75.0803 -0.250295 0
    endloop
  endfacet
  facet normal 0 0 -1
    outer loop
      vertex 81.5 -31 0
      vertex 74.9256 -0.726384 0
      vertex 75.0217 -0.494427 0
    endloop
  endfacet
  facet normal 0 0 -1
    outer loop
      vertex 81.5 -31 0
      vertex 74.7944 -0.940456 0
      vertex 74.9256 -0.726384 0
    endloop
  endfacet
  facet normal 0 0 -1
    outer loop
      vertex 81.5 -31 0
      vertex 74.6314 -1.13137 0
      vertex 74.7944 -0.940456 0
    endloop
  endfacet
  facet normal 0 0 -1
    outer loop
      vertex 81.5 -31 0
      vertex 74.4405 -1.29443 0
      vertex 74.6314 -1.13137 0
    endloop
  endfacet
  facet normal 0 0 -1
    outer loop
      vertex 68.1962 -10.2744 0
      vertex 74.4405 -1.29443 0
      vertex 81.5 -31 0
    endloop
  endfacet
  facet normal 0 0 -1
    outer loop
      vertex 74.4405 -1.29443 0
      vertex 68.1962 -10.2744 0
      vertex 74.2264 -1.42561 0
    endloop
  endfacet
  facet normal 0 0 -1
    outer loop
      vertex 74.2264 -1.42561 0
      vertex 68.1962 -10.2744 0
      vertex 73.9944 -1.52169 0
    endloop
  endfacet
  facet normal 0 0 -1
    outer loop
      vertex 73.9944 -1.52169 0
      vertex 68.1962 -10.2744 0
      vertex 73.7503 -1.5803 0
    endloop
  endfacet
  facet normal 0 0 -1
    outer loop
      vertex 73.7503 -1.5803 0
      vertex 68.1962 -10.2744 0
      vertex 73.5 -1.6 0
    endloop
  endfacet
  facet normal 0 0 -1
    outer loop
      vertex 68.1962 -4.2744 0
      vertex 73.5 -1.6 0
      vertex 68.1962 -10.2744 0
    endloop
  endfacet
  facet normal -0 0 -1
    outer loop
      vertex 73.5 -1.6 0
      vertex 68.1962 -4.2744 0
      vertex 73.2497 -1.5803 0
    endloop
  endfacet
  facet normal -0 0 -1
    outer loop
      vertex 73.2497 -1.5803 0
      vertex 68.1962 -4.2744 0
      vertex 73.0056 -1.52169 0
    endloop
  endfacet
  facet normal -0 0 -1
    outer loop
      vertex 73.0056 -1.52169 0
      vertex 68.1962 -4.2744 0
      vertex 72.7736 -1.42561 0
    endloop
  endfacet
  facet normal -0 0 -1
    outer loop
      vertex 72.7736 -1.42561 0
      vertex 68.1962 -4.2744 0
      vertex 72.5595 -1.29443 0
    endloop
  endfacet
  facet normal -0 0 -1
    outer loop
      vertex 72.5595 -1.29443 0
      vertex 68.1962 -4.2744 0
      vertex 72.3686 -1.13137 0
    endloop
  endfacet
  facet normal -0 0 -1
    outer loop
      vertex 72.3686 -1.13137 0
      vertex 68.1962 -4.2744 0
      vertex 72.2056 -0.940456 0
    endloop
  endfacet
  facet normal -0 0 -1
    outer loop
      vertex 71.9783 -0.494427 0
      vertex 68.1962 -4.2744 0
      vertex 71.9197 -0.250295 0
    endloop
  endfacet
  facet normal -0 0 -1
    outer loop
      vertex 72.0744 -0.726384 0
      vertex 68.1962 -4.2744 0
      vertex 71.9783 -0.494427 0
    endloop
  endfacet
  facet normal -0 0 -1
    outer loop
      vertex 72.2056 -0.940456 0
      vertex 68.1962 -4.2744 0
      vertex 72.0744 -0.726384 0
    endloop
  endfacet
  facet normal 0 0 -1
    outer loop
      vertex 81.5 -31 0
      vertex 63 -13.2744 0
      vertex 68.1962 -10.2744 0
    endloop
  endfacet
  facet normal 0 0 -1
    outer loop
      vertex 55.5962 -17.5488 0
      vertex 63 -13.2744 0
      vertex 81.5 -31 0
    endloop
  endfacet
  facet normal 0 0 -1
    outer loop
      vertex 55.5962 -3 0
      vertex 57.8038 -4.2744 0
      vertex 57.8038 -10.2744 0
    endloop
  endfacet
  facet normal 0 0 -1
    outer loop
      vertex 57.8038 -4.2744 0
      vertex 55.5962 -3 0
      vertex 57.8038 4.2744 0
    endloop
  endfacet
  facet normal 0 0 -1
    outer loop
      vertex 55.5962 -11.5488 0
      vertex 57.8038 -10.2744 0
      vertex 55.5962 -17.5488 0
    endloop
  endfacet
  facet normal -0 0 -1
    outer loop
      vertex 63 -13.2744 0
      vertex 55.5962 -17.5488 0
      vertex 57.8038 -10.2744 0
    endloop
  endfacet
  facet normal 0 0 -1
    outer loop
      vertex 81.5 -31 0
      vertex 50.4 -20.5488 0
      vertex 55.5962 -17.5488 0
    endloop
  endfacet
  facet normal 0 0 -1
    outer loop
      vertex -45.2038 -11.5488 0
      vertex 45.2038 -11.5488 0
      vertex 45.2038 -17.5488 0
    endloop
  endfacet
  facet normal 0 0 -1
    outer loop
      vertex 45.2038 -11.5488 0
      vertex -45.2038 -11.5488 0
      vertex 45.2038 -3 0
    endloop
  endfacet
  facet normal 0 0 -1
    outer loop
      vertex 45.2038 -3 0
      vertex -45.2038 -3 0
      vertex 45.2038 3 0
    endloop
  endfacet
  facet normal 0 0 -1
    outer loop
      vertex -45.2038 3 0
      vertex 45.2038 3 0
      vertex -45.2038 -3 0
    endloop
  endfacet
  facet normal 0 0 -1
    outer loop
      vertex -45.2038 -11.5488 0
      vertex 45.2038 -17.5488 0
      vertex -45.2038 -17.5488 0
    endloop
  endfacet
  facet normal 0 0 -1
    outer loop
      vertex 50.4 -20.5488 0
      vertex -45.2038 -17.5488 0
      vertex 45.2038 -17.5488 0
    endloop
  endfacet
  facet normal 0 0 -1
    outer loop
      vertex -50.4 -20.5488 0
      vertex 50.4 -20.5488 0
      vertex 81.5 -31 0
    endloop
  endfacet
  facet normal 0 0 -1
    outer loop
      vertex 50.4 -20.5488 0
      vertex -50.4 -20.5488 0
      vertex -45.2038 -17.5488 0
    endloop
  endfacet
  facet normal 0 0 -1
    outer loop
      vertex -57.8038 -10.2744 0
      vertex -55.5962 -11.5488 0
      vertex -55.5962 -17.5488 0
    endloop
  endfacet
  facet normal 0 0 -1
    outer loop
      vertex -55.5962 -11.5488 0
      vertex -57.8038 -10.2744 0
      vertex -55.5962 -3 0
    endloop
  endfacet
  facet normal -0 0 -1
    outer loop
      vertex -55.5962 -3 0
      vertex -57.8038 -4.2744 0
      vertex -55.5962 3 0
    endloop
  endfacet
  facet normal 0 0 -1
    outer loop
      vertex -57.8038 4.2744 0
      vertex -55.5962 3 0
      vertex -57.8038 -4.2744 0
    endloop
  endfacet
  facet normal 0 0 -1
    outer loop
      vertex -55.5962 -3 0
      vertex -57.8038 -10.2744 0
      vertex -57.8038 -4.2744 0
    endloop
  endfacet
  facet normal 0 0 -1
    outer loop
      vertex -55.5962 -17.5488 0
      vertex -63 -13.2744 0
      vertex -57.8038 -10.2744 0
    endloop
  endfacet
  facet normal 0 0 -1
    outer loop
      vertex -81.5 -31 0
      vertex -55.5962 -17.5488 0
      vertex -50.4 -20.5488 0
    endloop
  endfacet
  facet normal 0 0 -1
    outer loop
      vertex -73.5 -1.6 0
      vertex -68.1962 -4.2744 0
      vertex -68.1962 -10.2744 0
    endloop
  endfacet
  facet normal 0 -0 -1
    outer loop
      vertex -71.9197 -0.250295 0
      vertex -68.1962 -4.2744 0
      vertex -71.9783 -0.494427 0
    endloop
  endfacet
  facet normal 0 0 -1
    outer loop
      vertex -71.9197 0.250295 0
      vertex -68.1962 4.2744 0
      vertex -71.9 0 0
    endloop
  endfacet
  facet normal 0 0 -1
    outer loop
      vertex -68.1962 -4.2744 0
      vertex -71.9 0 0
      vertex -68.1962 4.2744 0
    endloop
  endfacet
  facet normal 0 -0 -1
    outer loop
      vertex -71.9 0 0
      vertex -68.1962 -4.2744 0
      vertex -71.9197 -0.250295 0
    endloop
  endfacet
  facet normal 0 0 -1
    outer loop
      vertex -68.1962 -4.2744 0
      vertex -72.0744 -0.726384 0
      vertex -71.9783 -0.494427 0
    endloop
  endfacet
  facet normal 0 0 -1
    outer loop
      vertex -68.1962 -4.2744 0
      vertex -72.2056 -0.940456 0
      vertex -72.0744 -0.726384 0
    endloop
  endfacet
  facet normal 0 0 -1
    outer loop
      vertex -68.1962 -4.2744 0
      vertex -72.3686 -1.13137 0
      vertex -72.2056 -0.940456 0
    endloop
  endfacet
  facet normal 0 0 -1
    outer loop
      vertex -68.1962 -4.2744 0
      vertex -72.5595 -1.29443 0
      vertex -72.3686 -1.13137 0
    endloop
  endfacet
  facet normal 0 0 -1
    outer loop
      vertex -68.1962 -4.2744 0
      vertex -72.7736 -1.42561 0
      vertex -72.5595 -1.29443 0
    endloop
  endfacet
  facet normal 0 0 -1
    outer loop
      vertex -68.1962 -4.2744 0
      vertex -73.0056 -1.52169 0
      vertex -72.7736 -1.42561 0
    endloop
  endfacet
  facet normal 0 0 -1
    outer loop
      vertex -68.1962 -4.2744 0
      vertex -73.2497 -1.5803 0
      vertex -73.0056 -1.52169 0
    endloop
  endfacet
  facet normal 0 0 -1
    outer loop
      vertex -68.1962 -4.2744 0
      vertex -73.5 -1.6 0
      vertex -73.2497 -1.5803 0
    endloop
  endfacet
  facet normal 0 0 -1
    outer loop
      vertex -68.1962 -10.2744 0
      vertex -73.7503 -1.5803 0
      vertex -73.5 -1.6 0
    endloop
  endfacet
  facet normal 0 0 -1
    outer loop
      vertex -68.1962 -10.2744 0
      vertex -73.9944 -1.52169 0
      vertex -73.7503 -1.5803 0
    endloop
  endfacet
  facet normal 0 0 -1
    outer loop
      vertex -68.1962 -10.2744 0
      vertex -74.2264 -1.42561 0
      vertex -73.9944 -1.52169 0
    endloop
  endfacet
  facet normal 0 0 -1
    outer loop
      vertex -68.1962 -10.2744 0
      vertex -74.4405 -1.29443 0
      vertex -74.2264 -1.42561 0
    endloop
  endfacet
  facet normal 0 0 -1
    outer loop
      vertex -81.5 -31 0
      vertex -74.4405 -1.29443 0
      vertex -68.1962 -10.2744 0
    endloop
  endfacet
  facet normal -0 0 -1
    outer loop
      vertex -74.4405 -1.29443 0
      vertex -81.5 -31 0
      vertex -74.6314 -1.13137 0
    endloop
  endfacet
  facet normal -0 0 -1
    outer loop
      vertex -75.0803 -0.250295 0
      vertex -81.5 -31 0
      vertex -75.1 0 0
    endloop
  endfacet
  facet normal -0 0 -1
    outer loop
      vertex -75.0217 -0.494427 0
      vertex -81.5 -31 0
      vertex -75.0803 -0.250295 0
    endloop
  endfacet
  facet normal -0 0 -1
    outer loop
      vertex -74.9256 -0.726384 0
      vertex -81.5 -31 0
      vertex -75.0217 -0.494427 0
    endloop
  endfacet
  facet normal -0 0 -1
    outer loop
      vertex -74.7944 -0.940456 0
      vertex -81.5 -31 0
      vertex -74.9256 -0.726384 0
    endloop
  endfacet
  facet normal -0 0 -1
    outer loop
      vertex -74.6314 -1.13137 0
      vertex -81.5 -31 0
      vertex -74.7944 -0.940456 0
    endloop
  endfacet
  facet normal -0 0 -1
    outer loop
      vertex -63 -13.2744 0
      vertex -81.5 -31 0
      vertex -68.1962 -10.2744 0
    endloop
  endfacet
  facet normal -0 0 -1
    outer loop
      vertex -55.5962 -17.5488 0
      vertex -81.5 -31 0
      vertex -63 -13.2744 0
    endloop
  endfacet
  facet normal 0 0 -1
    outer loop
      vertex -81.5 -31 0
      vertex -50.4 -20.5488 0
      vertex 81.5 -31 0
    endloop
  endfacet
  facet normal 0 0 -1
    outer loop
      vertex 75.0803 0.250295 0
      vertex 81.5 31 0
      vertex 75.1 0 0
    endloop
  endfacet
  facet normal 0 0 -1
    outer loop
      vertex 75.0217 0.494427 0
      vertex 81.5 31 0
      vertex 75.0803 0.250295 0
    endloop
  endfacet
  facet normal 0 0 -1
    outer loop
      vertex 74.9256 0.726384 0
      vertex 81.5 31 0
      vertex 75.0217 0.494427 0
    endloop
  endfacet
  facet normal 0 0 -1
    outer loop
      vertex 74.7944 0.940456 0
      vertex 81.5 31 0
      vertex 74.9256 0.726384 0
    endloop
  endfacet
  facet normal 0 0 -1
    outer loop
      vertex 74.6314 1.13137 0
      vertex 81.5 31 0
      vertex 74.7944 0.940456 0
    endloop
  endfacet
  facet normal 0 0 -1
    outer loop
      vertex 74.4405 1.29443 0
      vertex 81.5 31 0
      vertex 74.6314 1.13137 0
    endloop
  endfacet
  facet normal 0 0 -1
    outer loop
      vertex 68.1962 10.2744 0
      vertex 74.4405 1.29443 0
      vertex 74.2264 1.42561 0
    endloop
  endfacet
  facet normal 0 0 -1
    outer loop
      vertex 68.1962 10.2744 0
      vertex 74.2264 1.42561 0
      vertex 73.9944 1.52169 0
    endloop
  endfacet
  facet normal 0 0 -1
    outer loop
      vertex 68.1962 10.2744 0
      vertex 73.9944 1.52169 0
      vertex 73.7503 1.5803 0
    endloop
  endfacet
  facet normal 0 0 -1
    outer loop
      vertex 68.1962 10.2744 0
      vertex 73.7503 1.5803 0
      vertex 73.5 1.6 0
    endloop
  endfacet
  facet normal 0 0 -1
    outer loop
      vertex 68.1962 4.2744 0
      vertex 73.5 1.6 0
      vertex 73.2497 1.5803 0
    endloop
  endfacet
  facet normal 0 0 -1
    outer loop
      vertex 68.1962 4.2744 0
      vertex 73.2497 1.5803 0
      vertex 73.0056 1.52169 0
    endloop
  endfacet
  facet normal 0 0 -1
    outer loop
      vertex 68.1962 4.2744 0
      vertex 73.0056 1.52169 0
      vertex 72.7736 1.42561 0
    endloop
  endfacet
  facet normal 0 0 -1
    outer loop
      vertex 68.1962 4.2744 0
      vertex 72.7736 1.42561 0
      vertex 72.5595 1.29443 0
    endloop
  endfacet
  facet normal 0 0 -1
    outer loop
      vertex 68.1962 4.2744 0
      vertex 72.5595 1.29443 0
      vertex 72.3686 1.13137 0
    endloop
  endfacet
  facet normal 0 0 -1
    outer loop
      vertex 68.1962 4.2744 0
      vertex 72.3686 1.13137 0
      vertex 72.2056 0.940456 0
    endloop
  endfacet
  facet normal 0 0 -1
    outer loop
      vertex 68.1962 4.2744 0
      vertex 72.2056 0.940456 0
      vertex 72.0744 0.726384 0
    endloop
  endfacet
  facet normal 0 0 -1
    outer loop
      vertex 68.1962 4.2744 0
      vertex 72.0744 0.726384 0
      vertex 71.9783 0.494427 0
    endloop
  endfacet
  facet normal -0 0 -1
    outer loop
      vertex 71.9197 -0.250295 0
      vertex 68.1962 -4.2744 0
      vertex 71.9 0 0
    endloop
  endfacet
  facet normal 0 0 -1
    outer loop
      vertex 68.1962 4.2744 0
      vertex 71.9 0 0
      vertex 68.1962 -4.2744 0
    endloop
  endfacet
  facet normal 0 0 -1
    outer loop
      vertex 71.9 0 0
      vertex 68.1962 4.2744 0
      vertex 71.9197 0.250295 0
    endloop
  endfacet
  facet normal 0 0 -1
    outer loop
      vertex 71.9197 0.250295 0
      vertex 68.1962 4.2744 0
      vertex 71.9783 0.494427 0
    endloop
  endfacet
  facet normal 0 0 -1
    outer loop
      vertex 73.5 1.6 0
      vertex 68.1962 4.2744 0
      vertex 68.1962 10.2744 0
    endloop
  endfacet
  facet normal 0 0 -1
    outer loop
      vertex 74.4405 1.29443 0
      vertex 68.1962 10.2744 0
      vertex 81.5 31 0
    endloop
  endfacet
  facet normal 0 0 -1
    outer loop
      vertex 63 13.2744 0
      vertex 81.5 31 0
      vertex 68.1962 10.2744 0
    endloop
  endfacet
  facet normal 0 0 -1
    outer loop
      vertex 55.5962 17.5488 0
      vertex 63 13.2744 0
      vertex 57.8038 10.2744 0
    endloop
  endfacet
  facet normal 0 0 -1
    outer loop
      vertex 55.5962 -3 0
      vertex 57.8038 -10.2744 0
      vertex 55.5962 -11.5488 0
    endloop
  endfacet
  facet normal 0 0 -1
    outer loop
      vertex 55.5962 3 0
      vertex 57.8038 4.2744 0
      vertex 55.5962 -3 0
    endloop
  endfacet
  facet normal -0 0 -1
    outer loop
      vertex 57.8038 4.2744 0
      vertex 55.5962 3 0
      vertex 57.8038 10.2744 0
    endloop
  endfacet
  facet normal 0 0 -1
    outer loop
      vertex 55.5962 11.5488 0
      vertex 57.8038 10.2744 0
      vertex 55.5962 3 0
    endloop
  endfacet
  facet normal 0 0 -1
    outer loop
      vertex 55.5962 17.5488 0
      vertex 57.8038 10.2744 0
      vertex 55.5962 11.5488 0
    endloop
  endfacet
  facet normal 0 0 -1
    outer loop
      vertex 63 13.2744 0
      vertex 55.5962 17.5488 0
      vertex 81.5 31 0
    endloop
  endfacet
  facet normal 0 0 -1
    outer loop
      vertex 50.4 20.5488 0
      vertex 81.5 31 0
      vertex 55.5962 17.5488 0
    endloop
  endfacet
  facet normal -0 0 -1
    outer loop
      vertex 45.2038 -3 0
      vertex -45.2038 -11.5488 0
      vertex -45.2038 -3 0
    endloop
  endfacet
  facet normal 0 0 -1
    outer loop
      vertex 45.2038 3 0
      vertex -45.2038 3 0
      vertex 45.2038 11.5488 0
    endloop
  endfacet
  facet normal 0 0 -1
    outer loop
      vertex -45.2038 11.5488 0
      vertex 45.2038 11.5488 0
      vertex -45.2038 3 0
    endloop
  endfacet
  facet normal 0 0 -1
    outer loop
      vertex 45.2038 11.5488 0
      vertex -45.2038 11.5488 0
      vertex 45.2038 17.5488 0
    endloop
  endfacet
  facet normal 0 0 -1
    outer loop
      vertex -45.2038 17.5488 0
      vertex 45.2038 17.5488 0
      vertex -45.2038 11.5488 0
    endloop
  endfacet
  facet normal 0 0 -1
    outer loop
      vertex 45.2038 17.5488 0
      vertex -45.2038 17.5488 0
      vertex 50.4 20.5488 0
    endloop
  endfacet
  facet normal 0 0 -1
    outer loop
      vertex -50.4 20.5488 0
      vertex 50.4 20.5488 0
      vertex -45.2038 17.5488 0
    endloop
  endfacet
  facet normal 0 0 -1
    outer loop
      vertex 50.4 20.5488 0
      vertex -50.4 20.5488 0
      vertex 81.5 31 0
    endloop
  endfacet
  facet normal 0 0 -1
    outer loop
      vertex -55.5962 3 0
      vertex -57.8038 4.2744 0
      vertex -55.5962 11.5488 0
    endloop
  endfacet
  facet normal 0 0 -1
    outer loop
      vertex -57.8038 10.2744 0
      vertex -55.5962 11.5488 0
      vertex -57.8038 4.2744 0
    endloop
  endfacet
  facet normal -0 0 -1
    outer loop
      vertex -55.5962 11.5488 0
      vertex -57.8038 10.2744 0
      vertex -55.5962 17.5488 0
    endloop
  endfacet
  facet normal 0 0 -1
    outer loop
      vertex -63 13.2744 0
      vertex -55.5962 17.5488 0
      vertex -57.8038 10.2744 0
    endloop
  endfacet
  facet normal 0 0 -1
    outer loop
      vertex -81.5 31 0
      vertex -55.5962 17.5488 0
      vertex -63 13.2744 0
    endloop
  endfacet
  facet normal 0 0 -1
    outer loop
      vertex -71.9783 0.494427 0
      vertex -68.1962 4.2744 0
      vertex -71.9197 0.250295 0
    endloop
  endfacet
  facet normal 0 0 -1
    outer loop
      vertex -72.0744 0.726384 0
      vertex -68.1962 4.2744 0
      vertex -71.9783 0.494427 0
    endloop
  endfacet
  facet normal 0 0 -1
    outer loop
      vertex -72.2056 0.940456 0
      vertex -68.1962 4.2744 0
      vertex -72.0744 0.726384 0
    endloop
  endfacet
  facet normal 0 0 -1
    outer loop
      vertex -72.3686 1.13137 0
      vertex -68.1962 4.2744 0
      vertex -72.2056 0.940456 0
    endloop
  endfacet
  facet normal 0 0 -1
    outer loop
      vertex -72.5595 1.29443 0
      vertex -68.1962 4.2744 0
      vertex -72.3686 1.13137 0
    endloop
  endfacet
  facet normal 0 0 -1
    outer loop
      vertex -72.7736 1.42561 0
      vertex -68.1962 4.2744 0
      vertex -72.5595 1.29443 0
    endloop
  endfacet
  facet normal 0 0 -1
    outer loop
      vertex -73.0056 1.52169 0
      vertex -68.1962 4.2744 0
      vertex -72.7736 1.42561 0
    endloop
  endfacet
  facet normal 0 0 -1
    outer loop
      vertex -73.2497 1.5803 0
      vertex -68.1962 4.2744 0
      vertex -73.0056 1.52169 0
    endloop
  endfacet
  facet normal 0 0 -1
    outer loop
      vertex -73.5 1.6 0
      vertex -68.1962 4.2744 0
      vertex -73.2497 1.5803 0
    endloop
  endfacet
  facet normal -0 0 -1
    outer loop
      vertex -68.1962 4.2744 0
      vertex -73.5 1.6 0
      vertex -68.1962 10.2744 0
    endloop
  endfacet
  facet normal 0 0 -1
    outer loop
      vertex -73.7503 1.5803 0
      vertex -68.1962 10.2744 0
      vertex -73.5 1.6 0
    endloop
  endfacet
  facet normal 0 0 -1
    outer loop
      vertex -73.9944 1.52169 0
      vertex -68.1962 10.2744 0
      vertex -73.7503 1.5803 0
    endloop
  endfacet
  facet normal 0 0 -1
    outer loop
      vertex -74.2264 1.42561 0
      vertex -68.1962 10.2744 0
      vertex -73.9944 1.52169 0
    endloop
  endfacet
  facet normal 0 0 -1
    outer loop
      vertex -74.4405 1.29443 0
      vertex -68.1962 10.2744 0
      vertex -74.2264 1.42561 0
    endloop
  endfacet
  facet normal 0 0 -1
    outer loop
      vertex -81.5 31 0
      vertex -74.4405 1.29443 0
      vertex -74.6314 1.13137 0
    endloop
  endfacet
  facet normal 0 0 -1
    outer loop
      vertex -81.5 31 0
      vertex -74.6314 1.13137 0
      vertex -74.7944 0.940456 0
    endloop
  endfacet
  facet normal 0 0 -1
    outer loop
      vertex -81.5 31 0
      vertex -75.1 0 0
      vertex -81.5 -31 0
    endloop
  endfacet
  facet normal 0 0 -1
    outer loop
      vertex -50.4 20.5488 0
      vertex -81.5 31 0
      vertex 81.5 31 0
    endloop
  endfacet
  facet normal 0 0 -1
    outer loop
      vertex -55.5962 17.5488 0
      vertex -81.5 31 0
      vertex -50.4 20.5488 0
    endloop
  endfacet
  facet normal 0 0 -1
    outer loop
      vertex -68.1962 10.2744 0
      vertex -81.5 31 0
      vertex -63 13.2744 0
    endloop
  endfacet
  facet normal 0 0 -1
    outer loop
      vertex -74.4405 1.29443 0
      vertex -81.5 31 0
      vertex -68.1962 10.2744 0
    endloop
  endfacet
  facet normal 0 0 -1
    outer loop
      vertex -74.9256 0.726384 0
      vertex -81.5 31 0
      vertex -74.7944 0.940456 0
    endloop
  endfacet
  facet normal 0 0 -1
    outer loop
      vertex -75.0217 0.494427 0
      vertex -81.5 31 0
      vertex -74.9256 0.726384 0
    endloop
  endfacet
  facet normal 0 0 -1
    outer loop
      vertex -75.0803 0.250295 0
      vertex -81.5 31 0
      vertex -75.0217 0.494427 0
    endloop
  endfacet
  facet normal 0 0 -1
    outer loop
      vertex -75.1 0 0
      vertex -81.5 31 0
      vertex -75.0803 0.250295 0
    endloop
  endfacet
  facet normal 0 -1 0
    outer loop
      vertex -81.5 -31 0
      vertex 81.5 -31 3
      vertex -81.5 -31 3
    endloop
  endfacet
  facet normal 0 -1 -0
    outer loop
      vertex 81.5 -31 3
      vertex -81.5 -31 0
      vertex 81.5 -31 0
    endloop
  endfacet
  facet normal 0 1 -0
    outer loop
      vertex 81.5 31 0
      vertex -81.5 31 3
      vertex 81.5 31 3
    endloop
  endfacet
  facet normal 0 1 0
    outer loop
      vertex -81.5 31 3
      vertex 81.5 31 0
      vertex -81.5 31 0
    endloop
  endfacet
  facet normal -0.499997 -0.866027 0
    outer loop
      vertex -63 -1.2744 0
      vertex -57.8038 -4.2744 3
      vertex -63 -1.2744 3
    endloop
  endfacet
  facet normal -0.499997 -0.866027 -0
    outer loop
      vertex -57.8038 -4.2744 3
      vertex -63 -1.2744 0
      vertex -57.8038 -4.2744 0
    endloop
  endfacet
  facet normal 0.499997 0.866027 -0
    outer loop
      vertex -63 -13.2744 0
      vertex -68.1962 -10.2744 3
      vertex -63 -13.2744 3
    endloop
  endfacet
  facet normal 0.499997 0.866027 0
    outer loop
      vertex -68.1962 -10.2744 3
      vertex -63 -13.2744 0
      vertex -68.1962 -10.2744 0
    endloop
  endfacet
  facet normal 0.499997 -0.866027 0
    outer loop
      vertex -68.1962 -4.2744 0
      vertex -63 -1.2744 3
      vertex -68.1962 -4.2744 3
    endloop
  endfacet
  facet normal 0.499997 -0.866027 0
    outer loop
      vertex -63 -1.2744 3
      vertex -68.1962 -4.2744 0
      vertex -63 -1.2744 0
    endloop
  endfacet
  facet normal 1 -0 0
    outer loop
      vertex -68.1962 -10.2744 3
      vertex -68.1962 -4.2744 0
      vertex -68.1962 -4.2744 3
    endloop
  endfacet
  facet normal 1 0 0
    outer loop
      vertex -68.1962 -4.2744 0
      vertex -68.1962 -10.2744 3
      vertex -68.1962 -10.2744 0
    endloop
  endfacet
  facet normal -1 0 0
    outer loop
      vertex -57.8038 -10.2744 0
      vertex -57.8038 -4.2744 3
      vertex -57.8038 -4.2744 0
    endloop
  endfacet
  facet normal -1 -0 0
    outer loop
      vertex -57.8038 -4.2744 3
      vertex -57.8038 -10.2744 0
      vertex -57.8038 -10.2744 3
    endloop
  endfacet
  facet normal -0.499997 0.866027 0
    outer loop
      vertex -57.8038 -10.2744 0
      vertex -63 -13.2744 3
      vertex -57.8038 -10.2744 3
    endloop
  endfacet
  facet normal -0.499997 0.866027 0
    outer loop
      vertex -63 -13.2744 3
      vertex -57.8038 -10.2744 0
      vertex -63 -13.2744 0
    endloop
  endfacet
  facet normal -0.499997 -0.866027 0
    outer loop
      vertex -63 13.2744 0
      vertex -57.8038 10.2744 3
      vertex -63 13.2744 3
    endloop
  endfacet
  facet normal -0.499997 -0.866027 -0
    outer loop
      vertex -57.8038 10.2744 3
      vertex -63 13.2744 0
      vertex -57.8038 10.2744 0
    endloop
  endfacet
  facet normal 0.499997 0.866027 -0
    outer loop
      vertex -63 1.2744 0
      vertex -68.1962 4.2744 3
      vertex -63 1.2744 3
    endloop
  endfacet
  facet normal 0.499997 0.866027 0
    outer loop
      vertex -68.1962 4.2744 3
      vertex -63 1.2744 0
      vertex -68.1962 4.2744 0
    endloop
  endfacet
  facet normal 0.499997 -0.866027 0
    outer loop
      vertex -68.1962 10.2744 0
      vertex -63 13.2744 3
      vertex -68.1962 10.2744 3
    endloop
  endfacet
  facet normal 0.499997 -0.866027 0
    outer loop
      vertex -63 13.2744 3
      vertex -68.1962 10.2744 0
      vertex -63 13.2744 0
    endloop
  endfacet
  facet normal -0.499997 0.866027 0
    outer loop
      vertex -57.8038 4.2744 0
      vertex -63 1.2744 3
      vertex -57.8038 4.2744 3
    endloop
  endfacet
  facet normal -0.499997 0.866027 0
    outer loop
      vertex -63 1.2744 3
      vertex -57.8038 4.2744 0
      vertex -63 1.2744 0
    endloop
  endfacet
  facet normal 1 -0 0
    outer loop
      vertex -68.1962 4.2744 3
      vertex -68.1962 10.2744 0
      vertex -68.1962 10.2744 3
    endloop
  endfacet
  facet normal 1 0 0
    outer loop
      vertex -68.1962 10.2744 0
      vertex -68.1962 4.2744 3
      vertex -68.1962 4.2744 0
    endloop
  endfacet
  facet normal -1 0 0
    outer loop
      vertex -57.8038 4.2744 0
      vertex -57.8038 10.2744 3
      vertex -57.8038 10.2744 0
    endloop
  endfacet
  facet normal -1 -0 0
    outer loop
      vertex -57.8038 10.2744 3
      vertex -57.8038 4.2744 0
      vertex -57.8038 4.2744 3
    endloop
  endfacet
  facet normal -0.499997 -0.866027 0
    outer loop
      vertex -50.4 -8.5488 0
      vertex -45.2038 -11.5488 3
      vertex -50.4 -8.5488 3
    endloop
  endfacet
  facet normal -0.499997 -0.866027 -0
    outer loop
      vertex -45.2038 -11.5488 3
      vertex -50.4 -8.5488 0
      vertex -45.2038 -11.5488 0
    endloop
  endfacet
  facet normal 1 -0 0
    outer loop
      vertex -55.5962 -17.5488 3
      vertex -55.5962 -11.5488 0
      vertex -55.5962 -11.5488 3
    endloop
  endfacet
  facet normal 1 0 0
    outer loop
      vertex -55.5962 -11.5488 0
      vertex -55.5962 -17.5488 3
      vertex -55.5962 -17.5488 0
    endloop
  endfacet
  facet normal 0.499997 -0.866027 0
    outer loop
      vertex -55.5962 -11.5488 0
      vertex -50.4 -8.5488 3
      vertex -55.5962 -11.5488 3
    endloop
  endfacet
  facet normal 0.499997 -0.866027 0
    outer loop
      vertex -50.4 -8.5488 3
      vertex -55.5962 -11.5488 0
      vertex -50.4 -8.5488 0
    endloop
  endfacet
  facet normal -1 0 0
    outer loop
      vertex -45.2038 -17.5488 0
      vertex -45.2038 -11.5488 3
      vertex -45.2038 -11.5488 0
    endloop
  endfacet
  facet normal -1 -0 0
    outer loop
      vertex -45.2038 -11.5488 3
      vertex -45.2038 -17.5488 0
      vertex -45.2038 -17.5488 3
    endloop
  endfacet
  facet normal -0.499997 0.866027 0
    outer loop
      vertex -45.2038 -17.5488 0
      vertex -50.4 -20.5488 3
      vertex -45.2038 -17.5488 3
    endloop
  endfacet
  facet normal -0.499997 0.866027 0
    outer loop
      vertex -50.4 -20.5488 3
      vertex -45.2038 -17.5488 0
      vertex -50.4 -20.5488 0
    endloop
  endfacet
  facet normal 0.499997 0.866027 -0
    outer loop
      vertex -50.4 -20.5488 0
      vertex -55.5962 -17.5488 3
      vertex -50.4 -20.5488 3
    endloop
  endfacet
  facet normal 0.499997 0.866027 0
    outer loop
      vertex -55.5962 -17.5488 3
      vertex -50.4 -20.5488 0
      vertex -55.5962 -17.5488 0
    endloop
  endfacet
  facet normal -0.499997 -0.866027 0
    outer loop
      vertex -50.4 6 0
      vertex -45.2038 3 3
      vertex -50.4 6 3
    endloop
  endfacet
  facet normal -0.499997 -0.866027 -0
    outer loop
      vertex -45.2038 3 3
      vertex -50.4 6 0
      vertex -45.2038 3 0
    endloop
  endfacet
  facet normal 1 -0 0
    outer loop
      vertex -55.5962 -3 3
      vertex -55.5962 3 0
      vertex -55.5962 3 3
    endloop
  endfacet
  facet normal 1 0 0
    outer loop
      vertex -55.5962 3 0
      vertex -55.5962 -3 3
      vertex -55.5962 -3 0
    endloop
  endfacet
  facet normal 0.499997 -0.866027 0
    outer loop
      vertex -55.5962 3 0
      vertex -50.4 6 3
      vertex -55.5962 3 3
    endloop
  endfacet
  facet normal 0.499997 -0.866027 0
    outer loop
      vertex -50.4 6 3
      vertex -55.5962 3 0
      vertex -50.4 6 0
    endloop
  endfacet
  facet normal -1 0 0
    outer loop
      vertex -45.2038 -3 0
      vertex -45.2038 3 3
      vertex -45.2038 3 0
    endloop
  endfacet
  facet normal -1 -0 0
    outer loop
      vertex -45.2038 3 3
      vertex -45.2038 -3 0
      vertex -45.2038 -3 3
    endloop
  endfacet
  facet normal -0.499997 0.866027 0
    outer loop
      vertex -45.2038 -3 0
      vertex -50.4 -6 3
      vertex -45.2038 -3 3
    endloop
  endfacet
  facet normal -0.499997 0.866027 0
    outer loop
      vertex -50.4 -6 3
      vertex -45.2038 -3 0
      vertex -50.4 -6 0
    endloop
  endfacet
  facet normal 0.499997 0.866027 -0
    outer loop
      vertex -50.4 -6 0
      vertex -55.5962 -3 3
      vertex -50.4 -6 3
    endloop
  endfacet
  facet normal 0.499997 0.866027 0
    outer loop
      vertex -55.5962 -3 3
      vertex -50.4 -6 0
      vertex -55.5962 -3 0
    endloop
  endfacet
  facet normal -0.499997 -0.866027 0
    outer loop
      vertex -50.4 20.5488 0
      vertex -45.2038 17.5488 3
      vertex -50.4 20.5488 3
    endloop
  endfacet
  facet normal -0.499997 -0.866027 -0
    outer loop
      vertex -45.2038 17.5488 3
      vertex -50.4 20.5488 0
      vertex -45.2038 17.5488 0
    endloop
  endfacet
  facet normal 1 -0 0
    outer loop
      vertex -55.5962 11.5488 3
      vertex -55.5962 17.5488 0
      vertex -55.5962 17.5488 3
    endloop
  endfacet
  facet normal 1 0 0
    outer loop
      vertex -55.5962 17.5488 0
      vertex -55.5962 11.5488 3
      vertex -55.5962 11.5488 0
    endloop
  endfacet
  facet normal 0.499997 -0.866027 0
    outer loop
      vertex -55.5962 17.5488 0
      vertex -50.4 20.5488 3
      vertex -55.5962 17.5488 3
    endloop
  endfacet
  facet normal 0.499997 -0.866027 0
    outer loop
      vertex -50.4 20.5488 3
      vertex -55.5962 17.5488 0
      vertex -50.4 20.5488 0
    endloop
  endfacet
  facet normal 0.499997 0.866027 -0
    outer loop
      vertex -50.4 8.5488 0
      vertex -55.5962 11.5488 3
      vertex -50.4 8.5488 3
    endloop
  endfacet
  facet normal 0.499997 0.866027 0
    outer loop
      vertex -55.5962 11.5488 3
      vertex -50.4 8.5488 0
      vertex -55.5962 11.5488 0
    endloop
  endfacet
  facet normal -0.499997 0.866027 0
    outer loop
      vertex -45.2038 11.5488 0
      vertex -50.4 8.5488 3
      vertex -45.2038 11.5488 3
    endloop
  endfacet
  facet normal -0.499997 0.866027 0
    outer loop
      vertex -50.4 8.5488 3
      vertex -45.2038 11.5488 0
      vertex -50.4 8.5488 0
    endloop
  endfacet
  facet normal -1 0 0
    outer loop
      vertex -45.2038 11.5488 0
      vertex -45.2038 17.5488 3
      vertex -45.2038 17.5488 0
    endloop
  endfacet
  facet normal -1 -0 0
    outer loop
      vertex -45.2038 17.5488 3
      vertex -45.2038 11.5488 0
      vertex -45.2038 11.5488 3
    endloop
  endfacet
  facet normal -0.499997 -0.866027 0
    outer loop
      vertex 50.4 -8.5488 0
      vertex 55.5962 -11.5488 3
      vertex 50.4 -8.5488 3
    endloop
  endfacet
  facet normal -0.499997 -0.866027 -0
    outer loop
      vertex 55.5962 -11.5488 3
      vertex 50.4 -8.5488 0
      vertex 55.5962 -11.5488 0
    endloop
  endfacet
  facet normal 1 -0 0
    outer loop
      vertex 45.2038 -17.5488 3
      vertex 45.2038 -11.5488 0
      vertex 45.2038 -11.5488 3
    endloop
  endfacet
  facet normal 1 0 0
    outer loop
      vertex 45.2038 -11.5488 0
      vertex 45.2038 -17.5488 3
      vertex 45.2038 -17.5488 0
    endloop
  endfacet
  facet normal 0.499997 -0.866027 0
    outer loop
      vertex 45.2038 -11.5488 0
      vertex 50.4 -8.5488 3
      vertex 45.2038 -11.5488 3
    endloop
  endfacet
  facet normal 0.499997 -0.866027 0
    outer loop
      vertex 50.4 -8.5488 3
      vertex 45.2038 -11.5488 0
      vertex 50.4 -8.5488 0
    endloop
  endfacet
  facet normal -1 0 0
    outer loop
      vertex 55.5962 -17.5488 0
      vertex 55.5962 -11.5488 3
      vertex 55.5962 -11.5488 0
    endloop
  endfacet
  facet normal -1 -0 0
    outer loop
      vertex 55.5962 -11.5488 3
      vertex 55.5962 -17.5488 0
      vertex 55.5962 -17.5488 3
    endloop
  endfacet
  facet normal -0.499997 0.866027 0
    outer loop
      vertex 55.5962 -17.5488 0
      vertex 50.4 -20.5488 3
      vertex 55.5962 -17.5488 3
    endloop
  endfacet
  facet normal -0.499997 0.866027 0
    outer loop
      vertex 50.4 -20.5488 3
      vertex 55.5962 -17.5488 0
      vertex 50.4 -20.5488 0
    endloop
  endfacet
  facet normal 0.499997 0.866027 -0
    outer loop
      vertex 50.4 -20.5488 0
      vertex 45.2038 -17.5488 3
      vertex 50.4 -20.5488 3
    endloop
  endfacet
  facet normal 0.499997 0.866027 0
    outer loop
      vertex 45.2038 -17.5488 3
      vertex 50.4 -20.5488 0
      vertex 45.2038 -17.5488 0
    endloop
  endfacet
  facet normal -0.499997 -0.866027 0
    outer loop
      vertex 50.4 6 0
      vertex 55.5962 3 3
      vertex 50.4 6 3
    endloop
  endfacet
  facet normal -0.499997 -0.866027 -0
    outer loop
      vertex 55.5962 3 3
      vertex 50.4 6 0
      vertex 55.5962 3 0
    endloop
  endfacet
  facet normal 1 -0 0
    outer loop
      vertex 45.2038 -3 3
      vertex 45.2038 3 0
      vertex 45.2038 3 3
    endloop
  endfacet
  facet normal 1 0 0
    outer loop
      vertex 45.2038 3 0
      vertex 45.2038 -3 3
      vertex 45.2038 -3 0
    endloop
  endfacet
  facet normal 0.499997 -0.866027 0
    outer loop
      vertex 45.2038 3 0
      vertex 50.4 6 3
      vertex 45.2038 3 3
    endloop
  endfacet
  facet normal 0.499997 -0.866027 0
    outer loop
      vertex 50.4 6 3
      vertex 45.2038 3 0
      vertex 50.4 6 0
    endloop
  endfacet
  facet normal 0.499997 0.866027 -0
    outer loop
      vertex 50.4 -6 0
      vertex 45.2038 -3 3
      vertex 50.4 -6 3
    endloop
  endfacet
  facet normal 0.499997 0.866027 0
    outer loop
      vertex 45.2038 -3 3
      vertex 50.4 -6 0
      vertex 45.2038 -3 0
    endloop
  endfacet
  facet normal -0.499997 0.866027 0
    outer loop
      vertex 55.5962 -3 0
      vertex 50.4 -6 3
      vertex 55.5962 -3 3
    endloop
  endfacet
  facet normal -0.499997 0.866027 0
    outer loop
      vertex 50.4 -6 3
      vertex 55.5962 -3 0
      vertex 50.4 -6 0
    endloop
  endfacet
  facet normal -1 0 0
    outer loop
      vertex 55.5962 -3 0
      vertex 55.5962 3 3
      vertex 55.5962 3 0
    endloop
  endfacet
  facet normal -1 -0 0
    outer loop
      vertex 55.5962 3 3
      vertex 55.5962 -3 0
      vertex 55.5962 -3 3
    endloop
  endfacet
  facet normal -0.499997 -0.866027 0
    outer loop
      vertex 50.4 20.5488 0
      vertex 55.5962 17.5488 3
      vertex 50.4 20.5488 3
    endloop
  endfacet
  facet normal -0.499997 -0.866027 -0
    outer loop
      vertex 55.5962 17.5488 3
      vertex 50.4 20.5488 0
      vertex 55.5962 17.5488 0
    endloop
  endfacet
  facet normal 1 -0 0
    outer loop
      vertex 45.2038 11.5488 3
      vertex 45.2038 17.5488 0
      vertex 45.2038 17.5488 3
    endloop
  endfacet
  facet normal 1 0 0
    outer loop
      vertex 45.2038 17.5488 0
      vertex 45.2038 11.5488 3
      vertex 45.2038 11.5488 0
    endloop
  endfacet
  facet normal 0.499997 -0.866027 0
    outer loop
      vertex 45.2038 17.5488 0
      vertex 50.4 20.5488 3
      vertex 45.2038 17.5488 3
    endloop
  endfacet
  facet normal 0.499997 -0.866027 0
    outer loop
      vertex 50.4 20.5488 3
      vertex 45.2038 17.5488 0
      vertex 50.4 20.5488 0
    endloop
  endfacet
  facet normal 0.499997 0.866027 -0
    outer loop
      vertex 50.4 8.5488 0
      vertex 45.2038 11.5488 3
      vertex 50.4 8.5488 3
    endloop
  endfacet
  facet normal 0.499997 0.866027 0
    outer loop
      vertex 45.2038 11.5488 3
      vertex 50.4 8.5488 0
      vertex 45.2038 11.5488 0
    endloop
  endfacet
  facet normal -0.499997 0.866027 0
    outer loop
      vertex 55.5962 11.5488 0
      vertex 50.4 8.5488 3
      vertex 55.5962 11.5488 3
    endloop
  endfacet
  facet normal -0.499997 0.866027 0
    outer loop
      vertex 50.4 8.5488 3
      vertex 55.5962 11.5488 0
      vertex 50.4 8.5488 0
    endloop
  endfacet
  facet normal -1 0 0
    outer loop
      vertex 55.5962 11.5488 0
      vertex 55.5962 17.5488 3
      vertex 55.5962 17.5488 0
    endloop
  endfacet
  facet normal -1 -0 0
    outer loop
      vertex 55.5962 17.5488 3
      vertex 55.5962 11.5488 0
      vertex 55.5962 11.5488 3
    endloop
  endfacet
  facet normal -0.499997 -0.866027 0
    outer loop
      vertex 63 -1.2744 0
      vertex 68.1962 -4.2744 3
      vertex 63 -1.2744 3
    endloop
  endfacet
  facet normal -0.499997 -0.866027 -0
    outer loop
      vertex 68.1962 -4.2744 3
      vertex 63 -1.2744 0
      vertex 68.1962 -4.2744 0
    endloop
  endfacet
  facet normal 1 -0 0
    outer loop
      vertex 57.8038 -10.2744 3
      vertex 57.8038 -4.2744 0
      vertex 57.8038 -4.2744 3
    endloop
  endfacet
  facet normal 1 0 0
    outer loop
      vertex 57.8038 -4.2744 0
      vertex 57.8038 -10.2744 3
      vertex 57.8038 -10.2744 0
    endloop
  endfacet
  facet normal 0.499997 -0.866027 0
    outer loop
      vertex 57.8038 -4.2744 0
      vertex 63 -1.2744 3
      vertex 57.8038 -4.2744 3
    endloop
  endfacet
  facet normal 0.499997 -0.866027 0
    outer loop
      vertex 63 -1.2744 3
      vertex 57.8038 -4.2744 0
      vertex 63 -1.2744 0
    endloop
  endfacet
  facet normal 0.499997 0.866027 -0
    outer loop
      vertex 63 -13.2744 0
      vertex 57.8038 -10.2744 3
      vertex 63 -13.2744 3
    endloop
  endfacet
  facet normal 0.499997 0.866027 0
    outer loop
      vertex 57.8038 -10.2744 3
      vertex 63 -13.2744 0
      vertex 57.8038 -10.2744 0
    endloop
  endfacet
  facet normal -0.499997 0.866027 0
    outer loop
      vertex 68.1962 -10.2744 0
      vertex 63 -13.2744 3
      vertex 68.1962 -10.2744 3
    endloop
  endfacet
  facet normal -0.499997 0.866027 0
    outer loop
      vertex 63 -13.2744 3
      vertex 68.1962 -10.2744 0
      vertex 63 -13.2744 0
    endloop
  endfacet
  facet normal -1 0 0
    outer loop
      vertex 68.1962 -10.2744 0
      vertex 68.1962 -4.2744 3
      vertex 68.1962 -4.2744 0
    endloop
  endfacet
  facet normal -1 -0 0
    outer loop
      vertex 68.1962 -4.2744 3
      vertex 68.1962 -10.2744 0
      vertex 68.1962 -10.2744 3
    endloop
  endfacet
  facet normal -0.499997 -0.866027 0
    outer loop
      vertex 63 13.2744 0
      vertex 68.1962 10.2744 3
      vertex 63 13.2744 3
    endloop
  endfacet
  facet normal -0.499997 -0.866027 -0
    outer loop
      vertex 68.1962 10.2744 3
      vertex 63 13.2744 0
      vertex 68.1962 10.2744 0
    endloop
  endfacet
  facet normal 1 -0 0
    outer loop
      vertex 57.8038 4.2744 3
      vertex 57.8038 10.2744 0
      vertex 57.8038 10.2744 3
    endloop
  endfacet
  facet normal 1 0 0
    outer loop
      vertex 57.8038 10.2744 0
      vertex 57.8038 4.2744 3
      vertex 57.8038 4.2744 0
    endloop
  endfacet
  facet normal 0.499997 -0.866027 0
    outer loop
      vertex 57.8038 10.2744 0
      vertex 63 13.2744 3
      vertex 57.8038 10.2744 3
    endloop
  endfacet
  facet normal 0.499997 -0.866027 0
    outer loop
      vertex 63 13.2744 3
      vertex 57.8038 10.2744 0
      vertex 63 13.2744 0
    endloop
  endfacet
  facet normal -1 0 0
    outer loop
      vertex 68.1962 4.2744 0
      vertex 68.1962 10.2744 3
      vertex 68.1962 10.2744 0
    endloop
  endfacet
  facet normal -1 -0 0
    outer loop
      vertex 68.1962 10.2744 3
      vertex 68.1962 4.2744 0
      vertex 68.1962 4.2744 3
    endloop
  endfacet
  facet normal -0.499997 0.866027 0
    outer loop
      vertex 68.1962 4.2744 0
      vertex 63 1.2744 3
      vertex 68.1962 4.2744 3
    endloop
  endfacet
  facet normal -0.499997 0.866027 0
    outer loop
      vertex 63 1.2744 3
      vertex 68.1962 4.2744 0
      vertex 63 1.2744 0
    endloop
  endfacet
  facet normal 0.499997 0.866027 -0
    outer loop
      vertex 63 1.2744 0
      vertex 57.8038 4.2744 3
      vertex 63 1.2744 3
    endloop
  endfacet
  facet normal 0.499997 0.866027 0
    outer loop
      vertex 57.8038 4.2744 3
      vertex 63 1.2744 0
      vertex 57.8038 4.2744 0
    endloop
  endfacet
  facet normal 0 0 1
    outer loop
      vertex -20.4015 5.11037 4
      vertex -22.4229 8.18732 4
      vertex -20.4015 2.93219 4
    endloop
  endfacet
  facet normal 0 0 1
    outer loop
      vertex -9.08995 3.43571 4
      vertex -10.5109 4.90147 4
      vertex -10.5008 4.67116 4
    endloop
  endfacet
  facet normal 0 0 1
    outer loop
      vertex -6.18193 -6.13057 4
      vertex -9.02396 -6.13057 4
      vertex -6.18193 -8.56609 4
    endloop
  endfacet
  facet normal -0 0 1
    outer loop
      vertex -5.79874 2.93219 4
      vertex -5.46957 -3.31096 4
      vertex -5.08638 2.93219 4
    endloop
  endfacet
  facet normal 0 0 1
    outer loop
      vertex -5.46957 -3.31096 4
      vertex -5.79874 2.93219 4
      vertex -6.18193 -3.31096 4
    endloop
  endfacet
  facet normal -0 0 1
    outer loop
      vertex -9.08621 2.85762 4
      vertex -9.02396 -3.31096 4
      vertex -8.86736 2.8644 4
    endloop
  endfacet
  facet normal 0 0 1
    outer loop
      vertex -9.29674 2.86414 4
      vertex -9.02396 -3.31096 4
      vertex -9.08621 2.85762 4
    endloop
  endfacet
  facet normal 0 0 1
    outer loop
      vertex -9.73631 -3.31096 4
      vertex -9.29674 2.86414 4
      vertex -9.49814 2.88373 4
    endloop
  endfacet
  facet normal 0 0 1
    outer loop
      vertex -9.73631 -3.31096 4
      vertex -9.49814 2.88373 4
      vertex -9.69043 2.91635 4
    endloop
  endfacet
  facet normal 0 0 1
    outer loop
      vertex -9.29674 2.86414 4
      vertex -9.73631 -3.31096 4
      vertex -9.02396 -3.31096 4
    endloop
  endfacet
  facet normal 0 0 1
    outer loop
      vertex -10.0477 3.02078 4
      vertex -9.73631 -3.31096 4
      vertex -9.87361 2.96204 4
    endloop
  endfacet
  facet normal 0 0 1
    outer loop
      vertex -9.87361 2.96204 4
      vertex -9.73631 -3.31096 4
      vertex -9.69043 2.91635 4
    endloop
  endfacet
  facet normal -0 0 1
    outer loop
      vertex -6.91576 4.50323 4
      vertex -5.79874 2.93219 4
      vertex -6.89322 4.70123 4
    endloop
  endfacet
  facet normal -0 0 1
    outer loop
      vertex -6.95331 4.31499 4
      vertex -5.79874 2.93219 4
      vertex -6.91576 4.50323 4
    endloop
  endfacet
  facet normal -0 0 1
    outer loop
      vertex -7.00587 4.13647 4
      vertex -5.79874 2.93219 4
      vertex -6.95331 4.31499 4
    endloop
  endfacet
  facet normal -0 0 1
    outer loop
      vertex -7.07347 3.96771 4
      vertex -5.79874 2.93219 4
      vertex -7.00587 4.13647 4
    endloop
  endfacet
  facet normal -0 0 1
    outer loop
      vertex -7.1561 3.80867 4
      vertex -5.79874 2.93219 4
      vertex -7.07347 3.96771 4
    endloop
  endfacet
  facet normal -0 0 1
    outer loop
      vertex -7.25244 3.66057 4
      vertex -5.79874 2.93219 4
      vertex -7.1561 3.80867 4
    endloop
  endfacet
  facet normal -0 0 1
    outer loop
      vertex -7.36122 3.52458 4
      vertex -5.79874 2.93219 4
      vertex -7.25244 3.66057 4
    endloop
  endfacet
  facet normal -0 0 1
    outer loop
      vertex -7.48244 3.40073 4
      vertex -5.79874 2.93219 4
      vertex -7.36122 3.52458 4
    endloop
  endfacet
  facet normal -0 0 1
    outer loop
      vertex -7.61609 3.28899 4
      vertex -5.79874 2.93219 4
      vertex -7.48244 3.40073 4
    endloop
  endfacet
  facet normal -0 0 1
    outer loop
      vertex -7.76218 3.18936 4
      vertex -5.79874 2.93219 4
      vertex -7.61609 3.28899 4
    endloop
  endfacet
  facet normal -0 0 1
    outer loop
      vertex -7.9207 3.10187 4
      vertex -5.79874 2.93219 4
      vertex -7.76218 3.18936 4
    endloop
  endfacet
  facet normal -0 0 1
    outer loop
      vertex -8.09035 3.02724 4
      vertex -5.79874 2.93219 4
      vertex -7.9207 3.10187 4
    endloop
  endfacet
  facet normal 0 0 1
    outer loop
      vertex -5.79874 2.93219 4
      vertex -8.09035 3.02724 4
      vertex -6.18193 -3.31096 4
    endloop
  endfacet
  facet normal -0 0 1
    outer loop
      vertex -8.26984 2.96617 4
      vertex -6.18193 -3.31096 4
      vertex -8.09035 3.02724 4
    endloop
  endfacet
  facet normal -0 0 1
    outer loop
      vertex -8.45917 2.91869 4
      vertex -6.18193 -3.31096 4
      vertex -8.26984 2.96617 4
    endloop
  endfacet
  facet normal 0 0 1
    outer loop
      vertex -6.18193 -3.31096 4
      vertex -8.45917 2.91869 4
      vertex -9.02396 -3.31096 4
    endloop
  endfacet
  facet normal 0 0 1
    outer loop
      vertex -9.02396 -3.31096 4
      vertex -8.45917 2.91869 4
      vertex -8.65834 2.88475 4
    endloop
  endfacet
  facet normal 0 0 1
    outer loop
      vertex -9.02396 -3.31096 4
      vertex -8.65834 2.88475 4
      vertex -8.86736 2.8644 4
    endloop
  endfacet
  facet normal 0 0 1
    outer loop
      vertex -6.18193 -3.31096 4
      vertex -9.02396 -3.31096 4
      vertex -6.18193 -5.53384 4
    endloop
  endfacet
  facet normal 0 0 1
    outer loop
      vertex -6.18193 -5.53384 4
      vertex -9.02396 -3.31096 4
      vertex -9.02396 -5.53384 4
    endloop
  endfacet
  facet normal -0 0 1
    outer loop
      vertex -3.63669 -3.89281 4
      vertex -0.585846 -5.57861 4
      vertex -0.362045 -3.89281 4
    endloop
  endfacet
  facet normal 0 0 1
    outer loop
      vertex -0.585846 -5.57861 4
      vertex -3.63669 -3.89281 4
      vertex -3.63669 -5.57861 4
    endloop
  endfacet
  facet normal 0 0 1
    outer loop
      vertex 6.01387 -3.31096 4
      vertex 4.93961 -4.58649 4
      vertex 4.95302 -4.81406 4
    endloop
  endfacet
  facet normal 0 0 1
    outer loop
      vertex 6.01387 -3.31096 4
      vertex 4.89935 -4.37622 4
      vertex 4.93961 -4.58649 4
    endloop
  endfacet
  facet normal 0 0 1
    outer loop
      vertex 6.01387 -3.31096 4
      vertex 4.83226 -4.18324 4
      vertex 4.89935 -4.37622 4
    endloop
  endfacet
  facet normal 0 0 1
    outer loop
      vertex 6.01387 -3.31096 4
      vertex 4.73834 -4.00758 4
      vertex 4.83226 -4.18324 4
    endloop
  endfacet
  facet normal 0 0 1
    outer loop
      vertex 6.01387 -3.31096 4
      vertex 4.6176 -3.84923 4
      vertex 4.73834 -4.00758 4
    endloop
  endfacet
  facet normal 0 0 1
    outer loop
      vertex 6.01387 -3.31096 4
      vertex 4.47 -3.70818 4
      vertex 4.6176 -3.84923 4
    endloop
  endfacet
  facet normal 0 0 1
    outer loop
      vertex 6.01387 -3.31096 4
      vertex 4.29778 -3.58681 4
      vertex 4.47 -3.70818 4
    endloop
  endfacet
  facet normal 0 0 1
    outer loop
      vertex 6.01387 -3.31096 4
      vertex 4.10307 -3.4875 4
      vertex 4.29778 -3.58681 4
    endloop
  endfacet
  facet normal 0 0 1
    outer loop
      vertex 6.01387 -3.31096 4
      vertex 3.88586 -3.41026 4
      vertex 4.10307 -3.4875 4
    endloop
  endfacet
  facet normal 0 0 1
    outer loop
      vertex 5.02898 2.93219 4
      vertex 3.64618 -3.3551 4
      vertex 3.88586 -3.41026 4
    endloop
  endfacet
  facet normal 0 0 1
    outer loop
      vertex 5.02898 2.93219 4
      vertex 3.384 -3.32199 4
      vertex 3.64618 -3.3551 4
    endloop
  endfacet
  facet normal 0 0 1
    outer loop
      vertex 5.02898 2.93219 4
      vertex 3.09935 -3.31096 4
      vertex 3.384 -3.32199 4
    endloop
  endfacet
  facet normal -0 0 1
    outer loop
      vertex 1.6611 2.93219 4
      vertex 3.09935 -3.31096 4
      vertex 5.02898 2.93219 4
    endloop
  endfacet
  facet normal 0 0 1
    outer loop
      vertex 3.09935 -3.31096 4
      vertex 1.6611 2.93219 4
      vertex 0.626602 -3.31096 4
    endloop
  endfacet
  facet normal 0 0 1
    outer loop
      vertex 3.88586 -3.41026 4
      vertex 6.01387 -3.31096 4
      vertex 5.02898 2.93219 4
    endloop
  endfacet
  facet normal 0 0 1
    outer loop
      vertex 4.94354 -5.00406 4
      vertex 6.01387 -3.31096 4
      vertex 4.95302 -4.81406 4
    endloop
  endfacet
  facet normal 0 0 1
    outer loop
      vertex 4.9151 -5.1837 4
      vertex 6.01387 -3.31096 4
      vertex 4.94354 -5.00406 4
    endloop
  endfacet
  facet normal 0 0 1
    outer loop
      vertex 6.01387 -3.31096 4
      vertex 4.9151 -5.1837 4
      vertex 5.16191 -8.56609 4
    endloop
  endfacet
  facet normal -0 0 1
    outer loop
      vertex 4.86769 -5.35297 4
      vertex 5.16191 -8.56609 4
      vertex 4.9151 -5.1837 4
    endloop
  endfacet
  facet normal -0 0 1
    outer loop
      vertex 4.80135 -5.5119 4
      vertex 5.16191 -8.56609 4
      vertex 4.86769 -5.35297 4
    endloop
  endfacet
  facet normal -0 0 1
    outer loop
      vertex 4.71602 -5.66046 4
      vertex 5.16191 -8.56609 4
      vertex 4.80135 -5.5119 4
    endloop
  endfacet
  facet normal -0 0 1
    outer loop
      vertex 4.61174 -5.79866 4
      vertex 5.16191 -8.56609 4
      vertex 4.71602 -5.66046 4
    endloop
  endfacet
  facet normal -0 0 1
    outer loop
      vertex 4.49078 -5.92351 4
      vertex 5.16191 -8.56609 4
      vertex 4.61174 -5.79866 4
    endloop
  endfacet
  facet normal -0 0 1
    outer loop
      vertex 4.35542 -6.03197 4
      vertex 5.16191 -8.56609 4
      vertex 4.49078 -5.92351 4
    endloop
  endfacet
  facet normal -0 0 1
    outer loop
      vertex 4.20567 -6.12407 4
      vertex 5.16191 -8.56609 4
      vertex 4.35542 -6.03197 4
    endloop
  endfacet
  facet normal -0 0 1
    outer loop
      vertex 4.04153 -6.19981 4
      vertex 5.16191 -8.56609 4
      vertex 4.20567 -6.12407 4
    endloop
  endfacet
  facet normal -0 0 1
    outer loop
      vertex 3.86298 -6.25917 4
      vertex 5.16191 -8.56609 4
      vertex 4.04153 -6.19981 4
    endloop
  endfacet
  facet normal 0 0 1
    outer loop
      vertex 5.16191 -8.56609 4
      vertex 3.86298 -6.25917 4
      vertex 3.67003 -6.30217 4
    endloop
  endfacet
  facet normal 0 0 1
    outer loop
      vertex 5.57947 5.05501 4
      vertex 2.37347 3.51404 4
      vertex 5.02898 3.51404 4
    endloop
  endfacet
  facet normal 0 0 1
    outer loop
      vertex -0.585846 -5.57861 4
      vertex 0.626602 -3.31096 4
      vertex -0.362045 -3.89281 4
    endloop
  endfacet
  facet normal 0 0 1
    outer loop
      vertex -0.585846 -6.15295 4
      vertex 0.626602 -3.31096 4
      vertex -0.585846 -5.57861 4
    endloop
  endfacet
  facet normal 0 0 1
    outer loop
      vertex 0.626602 -3.31096 4
      vertex -0.585846 -6.15295 4
      vertex -0.209152 -7.98424 4
    endloop
  endfacet
  facet normal 0 0 1
    outer loop
      vertex -3.63669 -7.98424 4
      vertex -0.585846 -6.15295 4
      vertex -3.63669 -6.15295 4
    endloop
  endfacet
  facet normal 0 0 1
    outer loop
      vertex -0.585846 -6.15295 4
      vertex -3.63669 -7.98424 4
      vertex -0.209152 -7.98424 4
    endloop
  endfacet
  facet normal -0 0 1
    outer loop
      vertex -2.08398 2.93219 4
      vertex -0.362045 -3.31096 4
      vertex -1.26344 2.93219 4
    endloop
  endfacet
  facet normal 0 0 1
    outer loop
      vertex -5.08638 2.93219 4
      vertex -2.08398 2.93219 4
      vertex -3.44908 5.11404 4
    endloop
  endfacet
  facet normal 0 -0 1
    outer loop
      vertex -4.34904 -3.31096 4
      vertex -2.08398 2.93219 4
      vertex -5.08638 2.93219 4
    endloop
  endfacet
  facet normal 0 0 1
    outer loop
      vertex -2.08398 2.93219 4
      vertex -4.34904 -3.31096 4
      vertex -0.362045 -3.31096 4
    endloop
  endfacet
  facet normal 0 0 1
    outer loop
      vertex -5.08638 2.93219 4
      vertex -3.44908 5.11404 4
      vertex -5.08638 5.11404 4
    endloop
  endfacet
  facet normal 0 0 1
    outer loop
      vertex 1.6611 8.18732 4
      vertex -1.51024 6.31459 4
      vertex 1.6611 2.93219 4
    endloop
  endfacet
  facet normal -0 0 1
    outer loop
      vertex -1.55765 6.14531 4
      vertex 1.6611 2.93219 4
      vertex -1.51024 6.31459 4
    endloop
  endfacet
  facet normal -0 0 1
    outer loop
      vertex -1.62401 5.98639 4
      vertex 1.6611 2.93219 4
      vertex -1.55765 6.14531 4
    endloop
  endfacet
  facet normal -0 0 1
    outer loop
      vertex -1.70932 5.83781 4
      vertex 1.6611 2.93219 4
      vertex -1.62401 5.98639 4
    endloop
  endfacet
  facet normal 0 0 1
    outer loop
      vertex 1.6611 2.93219 4
      vertex -1.70932 5.83781 4
      vertex -1.26344 2.93219 4
    endloop
  endfacet
  facet normal -0 0 1
    outer loop
      vertex -1.8136 5.69962 4
      vertex -1.26344 2.93219 4
      vertex -1.70932 5.83781 4
    endloop
  endfacet
  facet normal -0 0 1
    outer loop
      vertex -1.93456 5.57477 4
      vertex -1.26344 2.93219 4
      vertex -1.8136 5.69962 4
    endloop
  endfacet
  facet normal -0 0 1
    outer loop
      vertex -2.06992 5.46631 4
      vertex -1.26344 2.93219 4
      vertex -1.93456 5.57477 4
    endloop
  endfacet
  facet normal -0 0 1
    outer loop
      vertex -2.21967 5.37421 4
      vertex -1.26344 2.93219 4
      vertex -2.06992 5.46631 4
    endloop
  endfacet
  facet normal -0 0 1
    outer loop
      vertex -2.38382 5.29848 4
      vertex -1.26344 2.93219 4
      vertex -2.21967 5.37421 4
    endloop
  endfacet
  facet normal -0 0 1
    outer loop
      vertex -2.56236 5.23911 4
      vertex -1.26344 2.93219 4
      vertex -2.38382 5.29848 4
    endloop
  endfacet
  facet normal 0 0 1
    outer loop
      vertex -1.26344 2.93219 4
      vertex -2.56236 5.23911 4
      vertex -2.75531 5.19611 4
    endloop
  endfacet
  facet normal -0 0 1
    outer loop
      vertex 6.72623 -3.89281 4
      vertex 9.77708 -5.57861 4
      vertex 10.0009 -3.89281 4
    endloop
  endfacet
  facet normal 0 0 1
    outer loop
      vertex 9.77708 -5.57861 4
      vertex 6.72623 -3.89281 4
      vertex 6.72623 -5.57861 4
    endloop
  endfacet
  facet normal 0 0 1
    outer loop
      vertex 9.53957 3.18954 4
      vertex 12.4059 3.30324 4
      vertex 9.72836 3.30817 4
    endloop
  endfacet
  facet normal 0 0 1
    outer loop
      vertex 12.4059 3.30324 4
      vertex 9.53957 3.18954 4
      vertex 12.597 3.18581 4
    endloop
  endfacet
  facet normal 0 0 1
    outer loop
      vertex 12.597 3.18581 4
      vertex 9.53957 3.18954 4
      vertex 10.0009 -3.31096 4
    endloop
  endfacet
  facet normal -0 0 1
    outer loop
      vertex 9.33723 3.08812 4
      vertex 10.0009 -3.31096 4
      vertex 9.53957 3.18954 4
    endloop
  endfacet
  facet normal -0 0 1
    outer loop
      vertex 9.12309 3.00514 4
      vertex 10.0009 -3.31096 4
      vertex 9.33723 3.08812 4
    endloop
  endfacet
  facet normal -0 0 1
    outer loop
      vertex 8.89714 2.9406 4
      vertex 10.0009 -3.31096 4
      vertex 9.12309 3.00514 4
    endloop
  endfacet
  facet normal -0 0 1
    outer loop
      vertex 8.65936 2.8945 4
      vertex 10.0009 -3.31096 4
      vertex 8.89714 2.9406 4
    endloop
  endfacet
  facet normal -0 0 1
    outer loop
      vertex 8.40979 2.86684 4
      vertex 10.0009 -3.31096 4
      vertex 8.65936 2.8945 4
    endloop
  endfacet
  facet normal -0 0 1
    outer loop
      vertex 8.14839 2.85762 4
      vertex 10.0009 -3.31096 4
      vertex 8.40979 2.86684 4
    endloop
  endfacet
  facet normal 0 0 1
    outer loop
      vertex 6.01387 -3.31096 4
      vertex 8.14839 2.85762 4
      vertex 7.88478 2.86673 4
    endloop
  endfacet
  facet normal 0 0 1
    outer loop
      vertex 6.01387 -3.31096 4
      vertex 7.88478 2.86673 4
      vertex 7.6335 2.89407 4
    endloop
  endfacet
  facet normal 0 0 1
    outer loop
      vertex 6.01387 -3.31096 4
      vertex 7.6335 2.89407 4
      vertex 7.39453 2.93967 4
    endloop
  endfacet
  facet normal 0 0 1
    outer loop
      vertex 6.01387 -3.31096 4
      vertex 7.39453 2.93967 4
      vertex 7.16789 3.00348 4
    endloop
  endfacet
  facet normal 0 0 1
    outer loop
      vertex 5.02898 2.93219 4
      vertex 7.16789 3.00348 4
      vertex 6.9536 3.08553 4
    endloop
  endfacet
  facet normal 0 0 1
    outer loop
      vertex 5.02898 2.93219 4
      vertex 6.9536 3.08553 4
      vertex 6.75162 3.18581 4
    endloop
  endfacet
  facet normal 0 0 1
    outer loop
      vertex 6.39088 3.43715 4
      vertex 5.02898 2.93219 4
      vertex 6.56352 3.30334 4
    endloop
  endfacet
  facet normal 0 0 1
    outer loop
      vertex 6.23366 3.58722 4
      vertex 5.02898 2.93219 4
      vertex 6.39088 3.43715 4
    endloop
  endfacet
  facet normal 0 0 1
    outer loop
      vertex 5.02898 2.93219 4
      vertex 6.23366 3.58722 4
      vertex 5.02898 3.51404 4
    endloop
  endfacet
  facet normal 0 0 1
    outer loop
      vertex 5.02898 3.51404 4
      vertex 6.23366 3.58722 4
      vertex 6.09187 3.75354 4
    endloop
  endfacet
  facet normal 0 0 1
    outer loop
      vertex 8.14839 2.85762 4
      vertex 6.01387 -3.31096 4
      vertex 10.0009 -3.31096 4
    endloop
  endfacet
  facet normal 0 0 1
    outer loop
      vertex 6.56352 3.30334 4
      vertex 5.02898 2.93219 4
      vertex 6.75162 3.18581 4
    endloop
  endfacet
  facet normal 0 0 1
    outer loop
      vertex 5.02898 3.51404 4
      vertex 6.09187 3.75354 4
      vertex 5.96553 3.93614 4
    endloop
  endfacet
  facet normal 0 0 1
    outer loop
      vertex 12.597 3.18581 4
      vertex 10.0009 -3.31096 4
      vertex 12.8022 3.08553 4
    endloop
  endfacet
  facet normal 0 0 1
    outer loop
      vertex 10.0009 -3.89281 4
      vertex 12.8022 3.08553 4
      vertex 10.0009 -3.31096 4
    endloop
  endfacet
  facet normal 0 0 1
    outer loop
      vertex 12.8022 3.08553 4
      vertex 10.0009 -3.89281 4
      vertex 10.1538 -7.98424 4
    endloop
  endfacet
  facet normal -0 0 1
    outer loop
      vertex 9.77708 -5.57861 4
      vertex 10.1538 -7.98424 4
      vertex 10.0009 -3.89281 4
    endloop
  endfacet
  facet normal -0 0 1
    outer loop
      vertex 9.77708 -6.15295 4
      vertex 10.1538 -7.98424 4
      vertex 9.77708 -5.57861 4
    endloop
  endfacet
  facet normal 0 0 1
    outer loop
      vertex 6.72623 -7.98424 4
      vertex 9.77708 -6.15295 4
      vertex 6.72623 -6.15295 4
    endloop
  endfacet
  facet normal 0 0 1
    outer loop
      vertex 9.77708 -6.15295 4
      vertex 6.72623 -7.98424 4
      vertex 10.1538 -7.98424 4
    endloop
  endfacet
  facet normal 0 0 1
    outer loop
      vertex 32 14 4
      vertex 35 11 4
      vertex 34.9631 11.4693 4
    endloop
  endfacet
  facet normal 0 0 1
    outer loop
      vertex 35 11 4
      vertex 22.1453 4.35268 4
      vertex 35 -11 4
    endloop
  endfacet
  facet normal 0 0 1
    outer loop
      vertex 32 14 4
      vertex 34.9631 11.4693 4
      vertex 34.8532 11.927 4
    endloop
  endfacet
  facet normal -0 0 1
    outer loop
      vertex 22.049 4.14059 4
      vertex 35 -11 4
      vertex 22.1453 4.35268 4
    endloop
  endfacet
  facet normal 0 0 1
    outer loop
      vertex 32 14 4
      vertex 34.8532 11.927 4
      vertex 34.673 12.362 4
    endloop
  endfacet
  facet normal -0 0 1
    outer loop
      vertex 21.9363 3.9422 4
      vertex 35 -11 4
      vertex 22.049 4.14059 4
    endloop
  endfacet
  facet normal 0 0 1
    outer loop
      vertex 32 14 4
      vertex 34.673 12.362 4
      vertex 34.427 12.7634 4
    endloop
  endfacet
  facet normal -0 0 1
    outer loop
      vertex 21.8084 3.75975 4
      vertex 35 -11 4
      vertex 21.9363 3.9422 4
    endloop
  endfacet
  facet normal 0 0 1
    outer loop
      vertex 32 14 4
      vertex 34.427 12.7634 4
      vertex 34.1213 13.1213 4
    endloop
  endfacet
  facet normal 0 0 1
    outer loop
      vertex 35 11 4
      vertex 22.2241 4.57616 4
      vertex 22.1453 4.35268 4
    endloop
  endfacet
  facet normal 0 0 1
    outer loop
      vertex 32 14 4
      vertex 34.1213 13.1213 4
      vertex 33.7634 13.427 4
    endloop
  endfacet
  facet normal -0 0 1
    outer loop
      vertex 21.6653 3.59326 4
      vertex 35 -11 4
      vertex 21.8084 3.75975 4
    endloop
  endfacet
  facet normal 0 0 1
    outer loop
      vertex 32 14 4
      vertex 33.7634 13.427 4
      vertex 33.362 13.673 4
    endloop
  endfacet
  facet normal -0 0 1
    outer loop
      vertex 21.5069 3.44273 4
      vertex 35 -11 4
      vertex 21.6653 3.59326 4
    endloop
  endfacet
  facet normal 0 0 1
    outer loop
      vertex 32 14 4
      vertex 33.362 13.673 4
      vertex 32.927 13.8532 4
    endloop
  endfacet
  facet normal -0 0 1
    outer loop
      vertex 21.3334 3.30817 4
      vertex 35 -11 4
      vertex 21.5069 3.44273 4
    endloop
  endfacet
  facet normal 0 0 1
    outer loop
      vertex 32 14 4
      vertex 32.927 13.8532 4
      vertex 32.4693 13.9631 4
    endloop
  endfacet
  facet normal -0 0 1
    outer loop
      vertex 21.1446 3.18954 4
      vertex 35 -11 4
      vertex 21.3334 3.30817 4
    endloop
  endfacet
  facet normal 0 0 1
    outer loop
      vertex 35 11 4
      vertex 32 14 4
      vertex 22.2863 6.35696 4
    endloop
  endfacet
  facet normal 0 0 1
    outer loop
      vertex 35 -11 4
      vertex 32 -14 4
      vertex 34.9631 -11.4693 4
    endloop
  endfacet
  facet normal 0 0 1
    outer loop
      vertex 35 11 4
      vertex 22.3642 5.584 4
      vertex 22.3554 5.31496 4
    endloop
  endfacet
  facet normal 0 0 1
    outer loop
      vertex 35 11 4
      vertex 22.3555 5.85388 4
      vertex 22.3642 5.584 4
    endloop
  endfacet
  facet normal 0 0 1
    outer loop
      vertex 35 11 4
      vertex 22.3296 6.11154 4
      vertex 22.3555 5.85388 4
    endloop
  endfacet
  facet normal 0 0 1
    outer loop
      vertex 35 11 4
      vertex 22.2863 6.35696 4
      vertex 22.3296 6.11154 4
    endloop
  endfacet
  facet normal 0 0 1
    outer loop
      vertex 32 14 4
      vertex 22.2258 6.59016 4
      vertex 22.2863 6.35696 4
    endloop
  endfacet
  facet normal 0 0 1
    outer loop
      vertex 32 14 4
      vertex 22.1479 6.81114 4
      vertex 22.2258 6.59016 4
    endloop
  endfacet
  facet normal 0 0 1
    outer loop
      vertex 32 14 4
      vertex 22.0527 7.0199 4
      vertex 22.1479 6.81114 4
    endloop
  endfacet
  facet normal 0 0 1
    outer loop
      vertex 32 14 4
      vertex 21.9412 7.21452 4
      vertex 22.0527 7.0199 4
    endloop
  endfacet
  facet normal 0 0 1
    outer loop
      vertex 32 14 4
      vertex 21.8142 7.39308 4
      vertex 21.9412 7.21452 4
    endloop
  endfacet
  facet normal 0 0 1
    outer loop
      vertex 32 14 4
      vertex 21.6718 7.55559 4
      vertex 21.8142 7.39308 4
    endloop
  endfacet
  facet normal 0 0 1
    outer loop
      vertex 32 14 4
      vertex 21.514 7.70204 4
      vertex 21.6718 7.55559 4
    endloop
  endfacet
  facet normal 0 0 1
    outer loop
      vertex 32 14 4
      vertex 21.3407 7.83243 4
      vertex 21.514 7.70204 4
    endloop
  endfacet
  facet normal 0 0 1
    outer loop
      vertex 32 14 4
      vertex 21.152 7.94675 4
      vertex 21.3407 7.83243 4
    endloop
  endfacet
  facet normal 0 0 1
    outer loop
      vertex 32 14 4
      vertex 20.9497 8.04419 4
      vertex 21.152 7.94675 4
    endloop
  endfacet
  facet normal 0 0 1
    outer loop
      vertex 32 14 4
      vertex 20.7355 8.12392 4
      vertex 20.9497 8.04419 4
    endloop
  endfacet
  facet normal 0 0 1
    outer loop
      vertex 32 14 4
      vertex 20.5096 8.18591 4
      vertex 20.7355 8.12392 4
    endloop
  endfacet
  facet normal 0 0 1
    outer loop
      vertex 32 14 4
      vertex 20.2718 8.23021 4
      vertex 20.5096 8.18591 4
    endloop
  endfacet
  facet normal 0 0 1
    outer loop
      vertex 32 14 4
      vertex 20.0222 8.25677 4
      vertex 20.2718 8.23021 4
    endloop
  endfacet
  facet normal 0 0 1
    outer loop
      vertex 32 14 4
      vertex 19.7609 8.26564 4
      vertex 20.0222 8.25677 4
    endloop
  endfacet
  facet normal 0 0 1
    outer loop
      vertex 32 14 4
      vertex 19.3656 8.2459 4
      vertex 19.7609 8.26564 4
    endloop
  endfacet
  facet normal 0 0 1
    outer loop
      vertex 14.5298 8.23291 4
      vertex 19.3656 8.2459 4
      vertex 32 14 4
    endloop
  endfacet
  facet normal 0 0 1
    outer loop
      vertex 19.3656 8.2459 4
      vertex 14.5298 8.23291 4
      vertex 19.0004 8.18669 4
    endloop
  endfacet
  facet normal 0 0 1
    outer loop
      vertex 17.1692 5.98892 4
      vertex 16.3565 5.56161 4
      vertex 17.1501 5.584 4
    endloop
  endfacet
  facet normal 0 0 1
    outer loop
      vertex 17.2267 6.36328 4
      vertex 16.3565 5.56161 4
      vertex 17.1692 5.98892 4
    endloop
  endfacet
  facet normal 0 0 1
    outer loop
      vertex 16.2409 7.02737 4
      vertex 17.2267 6.36328 4
      vertex 17.3226 6.70708 4
    endloop
  endfacet
  facet normal 0 0 1
    outer loop
      vertex 16.2409 7.02737 4
      vertex 17.3226 6.70708 4
      vertex 17.4567 7.02031 4
    endloop
  endfacet
  facet normal -0 0 1
    outer loop
      vertex 16.1358 7.23386 4
      vertex 17.4567 7.02031 4
      vertex 17.6292 7.30298 4
    endloop
  endfacet
  facet normal 0 0 1
    outer loop
      vertex 17.2267 6.36328 4
      vertex 16.2409 7.02737 4
      vertex 16.3565 5.56161 4
    endloop
  endfacet
  facet normal -0 0 1
    outer loop
      vertex 16.0167 7.42067 4
      vertex 17.6292 7.30298 4
      vertex 17.8401 7.5551 4
    endloop
  endfacet
  facet normal -0 0 1
    outer loop
      vertex 15.737 7.73521 4
      vertex 17.8401 7.5551 4
      vertex 18.0851 7.7722 4
    endloop
  endfacet
  facet normal -0 0 1
    outer loop
      vertex 15.5763 7.86295 4
      vertex 18.0851 7.7722 4
      vertex 18.3601 7.94984 4
    endloop
  endfacet
  facet normal -0 0 1
    outer loop
      vertex 15.2111 8.06104 4
      vertex 18.3601 7.94984 4
      vertex 18.6652 8.088 4
    endloop
  endfacet
  facet normal -0 -0 1
    outer loop
      vertex 14.7751 8.19199 4
      vertex 19.0004 8.18669 4
      vertex 14.5298 8.23291 4
    endloop
  endfacet
  facet normal 0 0 1
    outer loop
      vertex 17.4567 7.02031 4
      vertex 16.1358 7.23386 4
      vertex 16.2409 7.02737 4
    endloop
  endfacet
  facet normal 0 0 1
    outer loop
      vertex 17.6292 7.30298 4
      vertex 16.0167 7.42067 4
      vertex 16.1358 7.23386 4
    endloop
  endfacet
  facet normal 0 0 1
    outer loop
      vertex 17.8401 7.5551 4
      vertex 15.8838 7.58778 4
      vertex 16.0167 7.42067 4
    endloop
  endfacet
  facet normal 0 0 1
    outer loop
      vertex 17.8401 7.5551 4
      vertex 15.737 7.73521 4
      vertex 15.8838 7.58778 4
    endloop
  endfacet
  facet normal 0 0 1
    outer loop
      vertex 18.0851 7.7722 4
      vertex 15.5763 7.86295 4
      vertex 15.737 7.73521 4
    endloop
  endfacet
  facet normal 0 0 1
    outer loop
      vertex 18.3601 7.94984 4
      vertex 15.4017 7.97101 4
      vertex 15.5763 7.86295 4
    endloop
  endfacet
  facet normal 0 0 1
    outer loop
      vertex 18.3601 7.94984 4
      vertex 15.2111 8.06104 4
      vertex 15.4017 7.97101 4
    endloop
  endfacet
  facet normal 0 0 1
    outer loop
      vertex 18.6652 8.088 4
      vertex 15.0022 8.13469 4
      vertex 15.2111 8.06104 4
    endloop
  endfacet
  facet normal 0 0 1
    outer loop
      vertex 19.0004 8.18669 4
      vertex 15.0022 8.13469 4
      vertex 18.6652 8.088 4
    endloop
  endfacet
  facet normal 0 -0 1
    outer loop
      vertex 15.0022 8.13469 4
      vertex 19.0004 8.18669 4
      vertex 14.7751 8.19199 4
    endloop
  endfacet
  facet normal 0 0 1
    outer loop
      vertex 32 14 4
      vertex 14.2662 8.25746 4
      vertex 14.5298 8.23291 4
    endloop
  endfacet
  facet normal 0 0 1
    outer loop
      vertex 32 14 4
      vertex 13.9844 8.26564 4
      vertex 14.2662 8.25746 4
    endloop
  endfacet
  facet normal 0 0 1
    outer loop
      vertex 32 14 4
      vertex 13.5859 8.24615 4
      vertex 13.9844 8.26564 4
    endloop
  endfacet
  facet normal -0 0 1
    outer loop
      vertex 8.41725 8.25677 4
      vertex 13.5859 8.24615 4
      vertex 32 14 4
    endloop
  endfacet
  facet normal 0 -0 1
    outer loop
      vertex 8.66681 8.23021 4
      vertex 13.5859 8.24615 4
      vertex 8.41725 8.25677 4
    endloop
  endfacet
  facet normal -0 0 1
    outer loop
      vertex 10.7505 5.85388 4
      vertex 11.37 5.584 4
      vertex 11.389 5.99437 4
    endloop
  endfacet
  facet normal -0 0 1
    outer loop
      vertex 10.7246 6.11154 4
      vertex 11.389 5.99437 4
      vertex 11.4462 6.3726 4
    endloop
  endfacet
  facet normal -0 0 1
    outer loop
      vertex 10.6208 6.59016 4
      vertex 11.4462 6.3726 4
      vertex 11.5415 6.71873 4
    endloop
  endfacet
  facet normal -0 0 1
    outer loop
      vertex 10.5429 6.81114 4
      vertex 11.5415 6.71873 4
      vertex 11.675 7.03276 4
    endloop
  endfacet
  facet normal -0 0 1
    outer loop
      vertex 10.3362 7.21452 4
      vertex 11.675 7.03276 4
      vertex 11.8465 7.31465 4
    endloop
  endfacet
  facet normal 0 0 1
    outer loop
      vertex 11.37 5.584 4
      vertex 10.7505 5.85388 4
      vertex 10.7592 5.584 4
    endloop
  endfacet
  facet normal 0 0 1
    outer loop
      vertex 11.389 5.99437 4
      vertex 10.7246 6.11154 4
      vertex 10.7505 5.85388 4
    endloop
  endfacet
  facet normal -0 0 1
    outer loop
      vertex 10.2092 7.39308 4
      vertex 11.8465 7.31465 4
      vertex 12.0562 7.56444 4
    endloop
  endfacet
  facet normal 0 0 1
    outer loop
      vertex 11.4462 6.3726 4
      vertex 10.6813 6.35696 4
      vertex 10.7246 6.11154 4
    endloop
  endfacet
  facet normal 0 0 1
    outer loop
      vertex 11.4462 6.3726 4
      vertex 10.6208 6.59016 4
      vertex 10.6813 6.35696 4
    endloop
  endfacet
  facet normal -0 0 1
    outer loop
      vertex 9.909 7.70204 4
      vertex 12.0562 7.56444 4
      vertex 12.3004 7.7787 4
    endloop
  endfacet
  facet normal 0 0 1
    outer loop
      vertex 11.5415 6.71873 4
      vertex 10.5429 6.81114 4
      vertex 10.6208 6.59016 4
    endloop
  endfacet
  facet normal -0 0 1
    outer loop
      vertex 9.7357 7.83243 4
      vertex 12.3004 7.7787 4
      vertex 12.5755 7.95399 4
    endloop
  endfacet
  facet normal 0 0 1
    outer loop
      vertex 11.675 7.03276 4
      vertex 10.4477 7.0199 4
      vertex 10.5429 6.81114 4
    endloop
  endfacet
  facet normal -0 0 1
    outer loop
      vertex 9.34465 8.04419 4
      vertex 12.5755 7.95399 4
      vertex 12.8814 8.09035 4
    endloop
  endfacet
  facet normal 0 0 1
    outer loop
      vertex 11.675 7.03276 4
      vertex 10.3362 7.21452 4
      vertex 10.4477 7.0199 4
    endloop
  endfacet
  facet normal 0 0 1
    outer loop
      vertex 11.8465 7.31465 4
      vertex 10.2092 7.39308 4
      vertex 10.3362 7.21452 4
    endloop
  endfacet
  facet normal 0 0 1
    outer loop
      vertex 13.5859 8.24615 4
      vertex 8.66681 8.23021 4
      vertex 13.2182 8.18773 4
    endloop
  endfacet
  facet normal 0 0 1
    outer loop
      vertex 12.0562 7.56444 4
      vertex 10.0668 7.55559 4
      vertex 10.2092 7.39308 4
    endloop
  endfacet
  facet normal 0 0 1
    outer loop
      vertex 12.0562 7.56444 4
      vertex 9.909 7.70204 4
      vertex 10.0668 7.55559 4
    endloop
  endfacet
  facet normal 0 0 1
    outer loop
      vertex 12.3004 7.7787 4
      vertex 9.7357 7.83243 4
      vertex 9.909 7.70204 4
    endloop
  endfacet
  facet normal 0 0 1
    outer loop
      vertex 12.5755 7.95399 4
      vertex 9.54698 7.94675 4
      vertex 9.7357 7.83243 4
    endloop
  endfacet
  facet normal 0 0 1
    outer loop
      vertex 12.5755 7.95399 4
      vertex 9.34465 8.04419 4
      vertex 9.54698 7.94675 4
    endloop
  endfacet
  facet normal 0 0 1
    outer loop
      vertex 12.8814 8.09035 4
      vertex 9.13052 8.12392 4
      vertex 9.34465 8.04419 4
    endloop
  endfacet
  facet normal 0 0 1
    outer loop
      vertex 13.2182 8.18773 4
      vertex 9.13052 8.12392 4
      vertex 12.8814 8.09035 4
    endloop
  endfacet
  facet normal 0 -0 1
    outer loop
      vertex 9.13052 8.12392 4
      vertex 13.2182 8.18773 4
      vertex 8.90457 8.18591 4
    endloop
  endfacet
  facet normal 0 -0 1
    outer loop
      vertex 8.90457 8.18591 4
      vertex 13.2182 8.18773 4
      vertex 8.66681 8.23021 4
    endloop
  endfacet
  facet normal 0 0 1
    outer loop
      vertex 32 14 4
      vertex 8.15587 8.26564 4
      vertex 8.41725 8.25677 4
    endloop
  endfacet
  facet normal 0 0 1
    outer loop
      vertex 32 14 4
      vertex 7.76062 8.2459 4
      vertex 8.15587 8.26564 4
    endloop
  endfacet
  facet normal 0 0 1
    outer loop
      vertex 2.37347 8.18732 4
      vertex 7.76062 8.2459 4
      vertex 32 14 4
    endloop
  endfacet
  facet normal 0 0 1
    outer loop
      vertex 6.01387 -3.31096 4
      vertex 5.16191 -8.56609 4
      vertex 6.01387 -8.56609 4
    endloop
  endfacet
  facet normal 0 0 1
    outer loop
      vertex 2.37347 8.18732 4
      vertex 5.54507 5.584 4
      vertex 5.56424 5.98892 4
    endloop
  endfacet
  facet normal 0 0 1
    outer loop
      vertex 2.37347 8.18732 4
      vertex 5.56424 5.98892 4
      vertex 5.62173 6.36328 4
    endloop
  endfacet
  facet normal 0 0 1
    outer loop
      vertex 5.54507 5.584 4
      vertex 2.37347 3.51404 4
      vertex 5.55368 5.31377 4
    endloop
  endfacet
  facet normal 0 0 1
    outer loop
      vertex 5.71758 6.70708 4
      vertex 2.37347 8.18732 4
      vertex 5.62173 6.36328 4
    endloop
  endfacet
  facet normal 0 0 1
    outer loop
      vertex 5.85173 7.02031 4
      vertex 2.37347 8.18732 4
      vertex 5.71758 6.70708 4
    endloop
  endfacet
  facet normal 0 0 1
    outer loop
      vertex 6.02423 7.30298 4
      vertex 2.37347 8.18732 4
      vertex 5.85173 7.02031 4
    endloop
  endfacet
  facet normal 0 0 1
    outer loop
      vertex 6.23505 7.5551 4
      vertex 2.37347 8.18732 4
      vertex 6.02423 7.30298 4
    endloop
  endfacet
  facet normal 0 0 1
    outer loop
      vertex 6.48007 7.7722 4
      vertex 2.37347 8.18732 4
      vertex 6.23505 7.5551 4
    endloop
  endfacet
  facet normal 0 0 1
    outer loop
      vertex 6.75513 7.94984 4
      vertex 2.37347 8.18732 4
      vertex 6.48007 7.7722 4
    endloop
  endfacet
  facet normal 0 0 1
    outer loop
      vertex 7.06024 8.088 4
      vertex 2.37347 8.18732 4
      vertex 6.75513 7.94984 4
    endloop
  endfacet
  facet normal 0 0 1
    outer loop
      vertex 7.3954 8.18669 4
      vertex 2.37347 8.18732 4
      vertex 7.06024 8.088 4
    endloop
  endfacet
  facet normal 0 0 1
    outer loop
      vertex 7.76062 8.2459 4
      vertex 2.37347 8.18732 4
      vertex 7.3954 8.18669 4
    endloop
  endfacet
  facet normal 0 0 1
    outer loop
      vertex 32 14 4
      vertex 1.6611 8.18732 4
      vertex 2.37347 8.18732 4
    endloop
  endfacet
  facet normal 0 0 1
    outer loop
      vertex -1.48181 6.49423 4
      vertex 1.6611 8.18732 4
      vertex -1.47232 6.68422 4
    endloop
  endfacet
  facet normal 0 0 1
    outer loop
      vertex 0.626602 -3.31096 4
      vertex -0.209152 -7.98424 4
      vertex 0.626602 -8.56609 4
    endloop
  endfacet
  facet normal 0 0 1
    outer loop
      vertex 1.6611 2.93219 4
      vertex -1.26344 2.93219 4
      vertex 0.626602 -3.31096 4
    endloop
  endfacet
  facet normal 0 0 1
    outer loop
      vertex -0.362045 -3.89281 4
      vertex 0.626602 -3.31096 4
      vertex -0.362045 -3.31096 4
    endloop
  endfacet
  facet normal 0 0 1
    outer loop
      vertex 0.626602 -3.31096 4
      vertex -1.26344 2.93219 4
      vertex -0.362045 -3.31096 4
    endloop
  endfacet
  facet normal 0 0 1
    outer loop
      vertex -1.51024 6.31459 4
      vertex 1.6611 8.18732 4
      vertex -1.48181 6.49423 4
    endloop
  endfacet
  facet normal 0 0 1
    outer loop
      vertex 1.6611 8.18732 4
      vertex -1.48575 6.9118 4
      vertex -1.47232 6.68422 4
    endloop
  endfacet
  facet normal 0 0 1
    outer loop
      vertex 1.6611 8.18732 4
      vertex -1.526 7.12207 4
      vertex -1.48575 6.9118 4
    endloop
  endfacet
  facet normal 0 0 1
    outer loop
      vertex 1.6611 8.18732 4
      vertex -1.59308 7.31503 4
      vertex -1.526 7.12207 4
    endloop
  endfacet
  facet normal 0 0 1
    outer loop
      vertex 1.6611 8.18732 4
      vertex -1.687 7.49069 4
      vertex -1.59308 7.31503 4
    endloop
  endfacet
  facet normal 0 0 1
    outer loop
      vertex 1.6611 8.18732 4
      vertex -1.80775 7.64905 4
      vertex -1.687 7.49069 4
    endloop
  endfacet
  facet normal -0 0 1
    outer loop
      vertex -32 14 4
      vertex 1.6611 8.18732 4
      vertex 32 14 4
    endloop
  endfacet
  facet normal 0 0 1
    outer loop
      vertex 1.6611 8.18732 4
      vertex -1.95534 7.79012 4
      vertex -1.80775 7.64905 4
    endloop
  endfacet
  facet normal 0 0 1
    outer loop
      vertex 1.6611 8.18732 4
      vertex -2.12756 7.91148 4
      vertex -1.95534 7.79012 4
    endloop
  endfacet
  facet normal 0 0 1
    outer loop
      vertex 1.6611 8.18732 4
      vertex -2.32228 8.01079 4
      vertex -2.12756 7.91148 4
    endloop
  endfacet
  facet normal 0 0 1
    outer loop
      vertex 1.6611 8.18732 4
      vertex -2.53947 8.08801 4
      vertex -2.32228 8.01079 4
    endloop
  endfacet
  facet normal 0 0 1
    outer loop
      vertex 1.6611 8.18732 4
      vertex -2.77916 8.14319 4
      vertex -2.53947 8.08801 4
    endloop
  endfacet
  facet normal 0 0 1
    outer loop
      vertex 1.6611 8.18732 4
      vertex -3.04134 8.17628 4
      vertex -2.77916 8.14319 4
    endloop
  endfacet
  facet normal 0 0 1
    outer loop
      vertex 1.6611 8.18732 4
      vertex -3.32599 8.18732 4
      vertex -3.04134 8.17628 4
    endloop
  endfacet
  facet normal 0 0 1
    outer loop
      vertex 1.6611 8.18732 4
      vertex -32 14 4
      vertex -3.32599 8.18732 4
    endloop
  endfacet
  facet normal 0 0 1
    outer loop
      vertex -6.88571 4.90895 4
      vertex -5.79874 8.18732 4
      vertex -6.88571 8.18732 4
    endloop
  endfacet
  facet normal -0 0 1
    outer loop
      vertex -6.89322 4.70123 4
      vertex -5.79874 2.93219 4
      vertex -6.88571 4.90895 4
    endloop
  endfacet
  facet normal 0 0 1
    outer loop
      vertex -5.79874 8.18732 4
      vertex -6.88571 4.90895 4
      vertex -5.79874 2.93219 4
    endloop
  endfacet
  facet normal 0 0 1
    outer loop
      vertex -3.32599 8.18732 4
      vertex -32 14 4
      vertex -5.79874 8.18732 4
    endloop
  endfacet
  facet normal 0 0 1
    outer loop
      vertex -5.79874 8.18732 4
      vertex -32 14 4
      vertex -6.88571 8.18732 4
    endloop
  endfacet
  facet normal -0 0 1
    outer loop
      vertex -10.5109 8.18732 4
      vertex -7.59433 4.94998 4
      vertex -7.59433 8.18732 4
    endloop
  endfacet
  facet normal 0 0 1
    outer loop
      vertex -10.5109 4.90147 4
      vertex -7.59433 4.94998 4
      vertex -10.5109 8.18732 4
    endloop
  endfacet
  facet normal 0 0 1
    outer loop
      vertex -10.5109 4.90147 4
      vertex -8.86247 3.44644 4
      vertex -7.60526 4.71246 4
    endloop
  endfacet
  facet normal 0 0 1
    outer loop
      vertex -7.60526 4.71246 4
      vertex -8.86247 3.44644 4
      vertex -7.63805 4.49474 4
    endloop
  endfacet
  facet normal 0 -0 1
    outer loop
      vertex -8.65253 3.47861 4
      vertex -7.63805 4.49474 4
      vertex -8.86247 3.44644 4
    endloop
  endfacet
  facet normal 0 0 1
    outer loop
      vertex -7.63805 4.49474 4
      vertex -8.65253 3.47861 4
      vertex -7.6927 4.2968 4
    endloop
  endfacet
  facet normal 0 -0 1
    outer loop
      vertex -8.46007 3.53221 4
      vertex -7.6927 4.2968 4
      vertex -8.65253 3.47861 4
    endloop
  endfacet
  facet normal 0 0 1
    outer loop
      vertex -7.76921 4.11865 4
      vertex -8.46007 3.53221 4
      vertex -7.86757 3.96028 4
    endloop
  endfacet
  facet normal 0 0 1
    outer loop
      vertex -7.86757 3.96028 4
      vertex -8.46007 3.53221 4
      vertex -7.98781 3.82172 4
    endloop
  endfacet
  facet normal 0 0 1
    outer loop
      vertex -8.12772 3.70377 4
      vertex -8.46007 3.53221 4
      vertex -8.28514 3.60727 4
    endloop
  endfacet
  facet normal 0 0 1
    outer loop
      vertex -7.98781 3.82172 4
      vertex -8.46007 3.53221 4
      vertex -8.12772 3.70377 4
    endloop
  endfacet
  facet normal 0 0 1
    outer loop
      vertex -7.6927 4.2968 4
      vertex -8.46007 3.53221 4
      vertex -7.76921 4.11865 4
    endloop
  endfacet
  facet normal 0 0 1
    outer loop
      vertex -10.5109 4.90147 4
      vertex -9.08995 3.43571 4
      vertex -8.86247 3.44644 4
    endloop
  endfacet
  facet normal 0 0 1
    outer loop
      vertex -9.08995 3.43571 4
      vertex -10.5008 4.67116 4
      vertex -9.31093 3.44608 4
    endloop
  endfacet
  facet normal -0 -0 1
    outer loop
      vertex -10.4703 4.46011 4
      vertex -9.31093 3.44608 4
      vertex -10.5008 4.67116 4
    endloop
  endfacet
  facet normal 0 0 1
    outer loop
      vertex -9.31093 3.44608 4
      vertex -10.4703 4.46011 4
      vertex -9.51389 3.47716 4
    endloop
  endfacet
  facet normal -0 -0 1
    outer loop
      vertex -10.4196 4.26836 4
      vertex -9.51389 3.47716 4
      vertex -10.4703 4.46011 4
    endloop
  endfacet
  facet normal 0 0 1
    outer loop
      vertex -9.51389 3.47716 4
      vertex -10.4196 4.26836 4
      vertex -9.69881 3.52896 4
    endloop
  endfacet
  facet normal 0 0 1
    outer loop
      vertex -9.69881 3.52896 4
      vertex -10.4196 4.26836 4
      vertex -9.86572 3.60147 4
    endloop
  endfacet
  facet normal -0 -0 1
    outer loop
      vertex -10.3485 4.09586 4
      vertex -9.86572 3.60147 4
      vertex -10.4196 4.26836 4
    endloop
  endfacet
  facet normal 0 0 1
    outer loop
      vertex -9.86572 3.60147 4
      vertex -10.3485 4.09586 4
      vertex -10.0146 3.69472 4
    endloop
  endfacet
  facet normal 0 0 1
    outer loop
      vertex -10.0146 3.69472 4
      vertex -10.3485 4.09586 4
      vertex -10.1454 3.80867 4
    endloop
  endfacet
  facet normal 0 0 1
    outer loop
      vertex -10.1454 3.80867 4
      vertex -10.3485 4.09586 4
      vertex -10.2571 3.94263 4
    endloop
  endfacet
  facet normal -0 0 1
    outer loop
      vertex -10.5109 4.90147 4
      vertex -7.60526 4.71246 4
      vertex -7.59433 4.94998 4
    endloop
  endfacet
  facet normal 0 0 1
    outer loop
      vertex -6.88571 8.18732 4
      vertex -32 14 4
      vertex -7.59433 8.18732 4
    endloop
  endfacet
  facet normal 0 0 1
    outer loop
      vertex -7.59433 8.18732 4
      vertex -32 14 4
      vertex -10.5109 8.18732 4
    endloop
  endfacet
  facet normal -0 0 1
    outer loop
      vertex -12.0738 6.11154 4
      vertex -11.2233 4.8418 4
      vertex -11.2233 8.18732 4
    endloop
  endfacet
  facet normal 0 0 1
    outer loop
      vertex -11.2233 4.8418 4
      vertex -12.0479 5.85388 4
      vertex -12.0392 5.584 4
    endloop
  endfacet
  facet normal 0 0 1
    outer loop
      vertex -11.2233 4.8418 4
      vertex -12.0738 6.11154 4
      vertex -12.0479 5.85388 4
    endloop
  endfacet
  facet normal 0 0 1
    outer loop
      vertex -11.2233 8.18732 4
      vertex -12.1171 6.35696 4
      vertex -12.0738 6.11154 4
    endloop
  endfacet
  facet normal 0 0 1
    outer loop
      vertex -11.2233 8.18732 4
      vertex -12.1776 6.59016 4
      vertex -12.1171 6.35696 4
    endloop
  endfacet
  facet normal 0 0 1
    outer loop
      vertex -11.2233 8.18732 4
      vertex -12.2555 6.81114 4
      vertex -12.1776 6.59016 4
    endloop
  endfacet
  facet normal 0 0 1
    outer loop
      vertex -11.2233 8.18732 4
      vertex -12.3507 7.0199 4
      vertex -12.2555 6.81114 4
    endloop
  endfacet
  facet normal 0 0 1
    outer loop
      vertex -11.2233 8.18732 4
      vertex -12.4622 7.21452 4
      vertex -12.3507 7.0199 4
    endloop
  endfacet
  facet normal 0 0 1
    outer loop
      vertex -11.2233 8.18732 4
      vertex -12.5892 7.39308 4
      vertex -12.4622 7.21452 4
    endloop
  endfacet
  facet normal 0 0 1
    outer loop
      vertex -11.2233 8.18732 4
      vertex -12.7316 7.55559 4
      vertex -12.5892 7.39308 4
    endloop
  endfacet
  facet normal 0 0 1
    outer loop
      vertex -11.2233 8.18732 4
      vertex -12.8894 7.70204 4
      vertex -12.7316 7.55559 4
    endloop
  endfacet
  facet normal 0 0 1
    outer loop
      vertex -11.2233 8.18732 4
      vertex -13.0627 7.83243 4
      vertex -12.8894 7.70204 4
    endloop
  endfacet
  facet normal 0 0 1
    outer loop
      vertex -11.2233 8.18732 4
      vertex -13.2514 7.94675 4
      vertex -13.0627 7.83243 4
    endloop
  endfacet
  facet normal 0 0 1
    outer loop
      vertex -10.5109 8.18732 4
      vertex -32 14 4
      vertex -11.2233 8.18732 4
    endloop
  endfacet
  facet normal 0 0 1
    outer loop
      vertex -11.2233 8.18732 4
      vertex -13.4537 8.04419 4
      vertex -13.2514 7.94675 4
    endloop
  endfacet
  facet normal 0 0 1
    outer loop
      vertex -11.2233 8.18732 4
      vertex -13.6679 8.12392 4
      vertex -13.4537 8.04419 4
    endloop
  endfacet
  facet normal 0 0 1
    outer loop
      vertex -11.2233 8.18732 4
      vertex -13.8938 8.18591 4
      vertex -13.6679 8.12392 4
    endloop
  endfacet
  facet normal 0 0 1
    outer loop
      vertex -11.2233 8.18732 4
      vertex -14.1316 8.23021 4
      vertex -13.8938 8.18591 4
    endloop
  endfacet
  facet normal -0 -0 1
    outer loop
      vertex -14.3811 8.25677 4
      vertex -11.2233 8.18732 4
      vertex -32 14 4
    endloop
  endfacet
  facet normal 0 0 1
    outer loop
      vertex -11.2233 8.18732 4
      vertex -14.3811 8.25677 4
      vertex -14.1316 8.23021 4
    endloop
  endfacet
  facet normal 0 0 1
    outer loop
      vertex -14.3811 8.25677 4
      vertex -32 14 4
      vertex -14.6425 8.26564 4
    endloop
  endfacet
  facet normal 0 0 1
    outer loop
      vertex -17.1767 6.36328 4
      vertex -19.6928 5.11037 4
      vertex -17.2342 5.98892 4
    endloop
  endfacet
  facet normal 0 0 1
    outer loop
      vertex -19.6928 5.11037 4
      vertex -17.1767 6.36328 4
      vertex -17.6639 8.18732 4
    endloop
  endfacet
  facet normal 0 0 1
    outer loop
      vertex -17.0808 6.70708 4
      vertex -17.6639 8.18732 4
      vertex -17.1767 6.36328 4
    endloop
  endfacet
  facet normal 0 0 1
    outer loop
      vertex -16.9467 7.02031 4
      vertex -17.6639 8.18732 4
      vertex -17.0808 6.70708 4
    endloop
  endfacet
  facet normal 0 0 1
    outer loop
      vertex -16.7742 7.30298 4
      vertex -17.6639 8.18732 4
      vertex -16.9467 7.02031 4
    endloop
  endfacet
  facet normal 0 0 1
    outer loop
      vertex -16.5634 7.5551 4
      vertex -17.6639 8.18732 4
      vertex -16.7742 7.30298 4
    endloop
  endfacet
  facet normal 0 0 1
    outer loop
      vertex -16.3183 7.7722 4
      vertex -17.6639 8.18732 4
      vertex -16.5634 7.5551 4
    endloop
  endfacet
  facet normal 0 0 1
    outer loop
      vertex -16.0433 7.94984 4
      vertex -17.6639 8.18732 4
      vertex -16.3183 7.7722 4
    endloop
  endfacet
  facet normal 0 0 1
    outer loop
      vertex -15.7382 8.088 4
      vertex -17.6639 8.18732 4
      vertex -16.0433 7.94984 4
    endloop
  endfacet
  facet normal 0 0 1
    outer loop
      vertex -15.403 8.18669 4
      vertex -17.6639 8.18732 4
      vertex -15.7382 8.088 4
    endloop
  endfacet
  facet normal 0 0 1
    outer loop
      vertex -15.0378 8.2459 4
      vertex -17.6639 8.18732 4
      vertex -15.403 8.18669 4
    endloop
  endfacet
  facet normal 0 0 1
    outer loop
      vertex -14.6425 8.26564 4
      vertex -32 14 4
      vertex -15.0378 8.2459 4
    endloop
  endfacet
  facet normal 0 0 1
    outer loop
      vertex -15.0378 8.2459 4
      vertex -32 14 4
      vertex -17.6639 8.18732 4
    endloop
  endfacet
  facet normal 0 0 1
    outer loop
      vertex -18.4471 8.18732 4
      vertex -21.6397 8.18732 4
      vertex -20.0397 5.68471 4
    endloop
  endfacet
  facet normal 0 0 1
    outer loop
      vertex -17.6639 8.18732 4
      vertex -32 14 4
      vertex -18.4471 8.18732 4
    endloop
  endfacet
  facet normal 0 0 1
    outer loop
      vertex -18.4471 8.18732 4
      vertex -32 14 4
      vertex -21.6397 8.18732 4
    endloop
  endfacet
  facet normal 0 0 1
    outer loop
      vertex -21.6397 8.18732 4
      vertex -32 14 4
      vertex -22.4229 8.18732 4
    endloop
  endfacet
  facet normal 0 0 1
    outer loop
      vertex 35 11 4
      vertex 22.3554 5.31496 4
      vertex 22.3292 5.0573 4
    endloop
  endfacet
  facet normal 0 0 1
    outer loop
      vertex 35 11 4
      vertex 22.3292 5.0573 4
      vertex 22.2854 4.81102 4
    endloop
  endfacet
  facet normal 0 0 1
    outer loop
      vertex 35 11 4
      vertex 22.2854 4.81102 4
      vertex 22.2241 4.57616 4
    endloop
  endfacet
  facet normal 0 0 1
    outer loop
      vertex 34.8532 -11.927 4
      vertex 32 -14 4
      vertex 34.673 -12.362 4
    endloop
  endfacet
  facet normal 0 0 1
    outer loop
      vertex 34.427 -12.7634 4
      vertex 32 -14 4
      vertex 34.1213 -13.1213 4
    endloop
  endfacet
  facet normal 0 0 1
    outer loop
      vertex 33.7634 -13.427 4
      vertex 32 -14 4
      vertex 33.362 -13.673 4
    endloop
  endfacet
  facet normal 0 0 1
    outer loop
      vertex 32.927 -13.8532 4
      vertex 32 -14 4
      vertex 32.4693 -13.9631 4
    endloop
  endfacet
  facet normal 0 0 1
    outer loop
      vertex 33.362 -13.673 4
      vertex 32 -14 4
      vertex 32.927 -13.8532 4
    endloop
  endfacet
  facet normal 0 0 1
    outer loop
      vertex 34.1213 -13.1213 4
      vertex 32 -14 4
      vertex 33.7634 -13.427 4
    endloop
  endfacet
  facet normal 0 0 1
    outer loop
      vertex 34.673 -12.362 4
      vertex 32 -14 4
      vertex 34.427 -12.7634 4
    endloop
  endfacet
  facet normal 0 0 1
    outer loop
      vertex 34.9631 -11.4693 4
      vertex 32 -14 4
      vertex 34.8532 -11.927 4
    endloop
  endfacet
  facet normal 0 0 1
    outer loop
      vertex 35 -11 4
      vertex 21.1446 3.18954 4
      vertex 32 -14 4
    endloop
  endfacet
  facet normal -0 0 1
    outer loop
      vertex 20.9422 3.08812 4
      vertex 32 -14 4
      vertex 21.1446 3.18954 4
    endloop
  endfacet
  facet normal -0 0 1
    outer loop
      vertex 20.7281 3.00514 4
      vertex 32 -14 4
      vertex 20.9422 3.08812 4
    endloop
  endfacet
  facet normal -0 0 1
    outer loop
      vertex 20.5021 2.9406 4
      vertex 32 -14 4
      vertex 20.7281 3.00514 4
    endloop
  endfacet
  facet normal -0 0 1
    outer loop
      vertex 20.2644 2.8945 4
      vertex 32 -14 4
      vertex 20.5021 2.9406 4
    endloop
  endfacet
  facet normal 0 0 1
    outer loop
      vertex 10.1538 -8.56609 4
      vertex 20.2644 2.8945 4
      vertex 20.0148 2.86684 4
    endloop
  endfacet
  facet normal 0 0 1
    outer loop
      vertex 10.1538 -7.98424 4
      vertex 20.0148 2.86684 4
      vertex 19.7534 2.85762 4
    endloop
  endfacet
  facet normal 0 0 1
    outer loop
      vertex 10.1538 -7.98424 4
      vertex 19.7534 2.85762 4
      vertex 19.4898 2.86673 4
    endloop
  endfacet
  facet normal 0 0 1
    outer loop
      vertex 10.1538 -7.98424 4
      vertex 19.4898 2.86673 4
      vertex 19.2385 2.89407 4
    endloop
  endfacet
  facet normal 0 0 1
    outer loop
      vertex 10.1538 -7.98424 4
      vertex 19.2385 2.89407 4
      vertex 18.9995 2.93967 4
    endloop
  endfacet
  facet normal -0 0 1
    outer loop
      vertex 14.9173 2.96121 4
      vertex 18.9995 2.93967 4
      vertex 18.7729 3.00348 4
    endloop
  endfacet
  facet normal 0 0 1
    outer loop
      vertex 15.3327 3.0907 4
      vertex 18.7729 3.00348 4
      vertex 18.5586 3.08553 4
    endloop
  endfacet
  facet normal -0 0 1
    outer loop
      vertex 15.5295 3.17374 4
      vertex 18.5586 3.08553 4
      vertex 18.3566 3.18581 4
    endloop
  endfacet
  facet normal -0 0 1
    outer loop
      vertex 15.7159 3.26744 4
      vertex 18.3566 3.18581 4
      vertex 18.1685 3.30334 4
    endloop
  endfacet
  facet normal -0 0 1
    outer loop
      vertex 15.8917 3.37183 4
      vertex 18.1685 3.30334 4
      vertex 17.9959 3.43715 4
    endloop
  endfacet
  facet normal 0 0 1
    outer loop
      vertex 16.2121 3.61259 4
      vertex 17.9959 3.43715 4
      vertex 17.8387 3.58722 4
    endloop
  endfacet
  facet normal -0 0 1
    outer loop
      vertex 16.3565 3.74899 4
      vertex 17.8387 3.58722 4
      vertex 17.6969 3.75354 4
    endloop
  endfacet
  facet normal -0 0 1
    outer loop
      vertex 16.3565 5.56161 4
      vertex 17.1587 5.31377 4
      vertex 17.1501 5.584 4
    endloop
  endfacet
  facet normal 0 0 1
    outer loop
      vertex 16.3565 5.56161 4
      vertex 17.1845 5.05501 4
      vertex 17.1587 5.31377 4
    endloop
  endfacet
  facet normal 0 0 1
    outer loop
      vertex 16.3565 5.56161 4
      vertex 17.2275 4.80775 4
      vertex 17.1845 5.05501 4
    endloop
  endfacet
  facet normal 0 0 1
    outer loop
      vertex 16.3565 3.74899 4
      vertex 17.2275 4.80775 4
      vertex 16.3565 5.56161 4
    endloop
  endfacet
  facet normal 0 0 1
    outer loop
      vertex 17.2275 4.80775 4
      vertex 16.3565 3.74899 4
      vertex 17.2876 4.57199 4
    endloop
  endfacet
  facet normal 0 0 1
    outer loop
      vertex 17.2876 4.57199 4
      vertex 16.3565 3.74899 4
      vertex 17.365 4.34775 4
    endloop
  endfacet
  facet normal 0 0 1
    outer loop
      vertex 17.365 4.34775 4
      vertex 16.3565 3.74899 4
      vertex 17.4596 4.13499 4
    endloop
  endfacet
  facet normal 0 0 1
    outer loop
      vertex 17.4596 4.13499 4
      vertex 16.3565 3.74899 4
      vertex 17.5705 3.93614 4
    endloop
  endfacet
  facet normal 0 0 1
    outer loop
      vertex 17.5705 3.93614 4
      vertex 16.3565 3.74899 4
      vertex 17.6969 3.75354 4
    endloop
  endfacet
  facet normal 0 0 1
    outer loop
      vertex 17.8387 3.58722 4
      vertex 16.3565 3.74899 4
      vertex 16.2121 3.61259 4
    endloop
  endfacet
  facet normal 0 0 1
    outer loop
      vertex 17.9959 3.43715 4
      vertex 16.2121 3.61259 4
      vertex 16.0571 3.48688 4
    endloop
  endfacet
  facet normal 0 0 1
    outer loop
      vertex 17.9959 3.43715 4
      vertex 16.0571 3.48688 4
      vertex 15.8917 3.37183 4
    endloop
  endfacet
  facet normal 0 0 1
    outer loop
      vertex 18.1685 3.30334 4
      vertex 15.8917 3.37183 4
      vertex 15.7159 3.26744 4
    endloop
  endfacet
  facet normal 0 0 1
    outer loop
      vertex 18.3566 3.18581 4
      vertex 15.7159 3.26744 4
      vertex 15.5295 3.17374 4
    endloop
  endfacet
  facet normal 0 0 1
    outer loop
      vertex 18.5586 3.08553 4
      vertex 15.5295 3.17374 4
      vertex 15.3327 3.0907 4
    endloop
  endfacet
  facet normal 0 0 1
    outer loop
      vertex 18.7729 3.00348 4
      vertex 15.3327 3.0907 4
      vertex 15.1279 3.01949 4
    endloop
  endfacet
  facet normal 0 0 1
    outer loop
      vertex 18.7729 3.00348 4
      vertex 15.1279 3.01949 4
      vertex 14.9173 2.96121 4
    endloop
  endfacet
  facet normal 0 0 1
    outer loop
      vertex 18.9995 2.93967 4
      vertex 14.9173 2.96121 4
      vertex 10.1538 -7.98424 4
    endloop
  endfacet
  facet normal 0 0 1
    outer loop
      vertex 10.1538 -7.98424 4
      vertex 14.9173 2.96121 4
      vertex 14.701 2.91589 4
    endloop
  endfacet
  facet normal 0 0 1
    outer loop
      vertex 10.1538 -7.98424 4
      vertex 14.701 2.91589 4
      vertex 14.4791 2.88351 4
    endloop
  endfacet
  facet normal 0 0 1
    outer loop
      vertex 10.1538 -7.98424 4
      vertex 14.4791 2.88351 4
      vertex 14.2514 2.86409 4
    endloop
  endfacet
  facet normal 0 0 1
    outer loop
      vertex 10.1538 -7.98424 4
      vertex 14.2514 2.86409 4
      vertex 14.0181 2.85762 4
    endloop
  endfacet
  facet normal 0 0 1
    outer loop
      vertex 10.1538 -7.98424 4
      vertex 14.0181 2.85762 4
      vertex 13.7496 2.86673 4
    endloop
  endfacet
  facet normal 0 0 1
    outer loop
      vertex 10.1538 -7.98424 4
      vertex 13.7496 2.86673 4
      vertex 13.4938 2.89407 4
    endloop
  endfacet
  facet normal 0 0 1
    outer loop
      vertex 10.1538 -7.98424 4
      vertex 13.4938 2.89407 4
      vertex 13.2506 2.93967 4
    endloop
  endfacet
  facet normal 0 0 1
    outer loop
      vertex 10.1538 -7.98424 4
      vertex 13.2506 2.93967 4
      vertex 13.0201 3.00348 4
    endloop
  endfacet
  facet normal 0 0 1
    outer loop
      vertex 10.1538 -7.98424 4
      vertex 13.0201 3.00348 4
      vertex 12.8022 3.08553 4
    endloop
  endfacet
  facet normal 0 0 1
    outer loop
      vertex 12.2305 3.43674 4
      vertex 9.72836 3.30817 4
      vertex 12.4059 3.30324 4
    endloop
  endfacet
  facet normal 0 0 1
    outer loop
      vertex 12.0707 3.5863 4
      vertex 9.90195 3.44273 4
      vertex 12.2305 3.43674 4
    endloop
  endfacet
  facet normal 0 0 1
    outer loop
      vertex 9.90195 3.44273 4
      vertex 12.0707 3.5863 4
      vertex 10.0603 3.59326 4
    endloop
  endfacet
  facet normal -0 0 1
    outer loop
      vertex 10.7592 5.584 4
      vertex 11.3787 5.3116 4
      vertex 11.37 5.584 4
    endloop
  endfacet
  facet normal -0 0 1
    outer loop
      vertex 10.7504 5.31496 4
      vertex 11.3787 5.3116 4
      vertex 10.7592 5.584 4
    endloop
  endfacet
  facet normal 0 0 1
    outer loop
      vertex 10.7242 5.0573 4
      vertex 11.3787 5.3116 4
      vertex 10.7504 5.31496 4
    endloop
  endfacet
  facet normal 0 0 1
    outer loop
      vertex 11.3787 5.3116 4
      vertex 10.7242 5.0573 4
      vertex 11.405 5.0513 4
    endloop
  endfacet
  facet normal 0 0 1
    outer loop
      vertex 10.6804 4.81102 4
      vertex 11.405 5.0513 4
      vertex 10.7242 5.0573 4
    endloop
  endfacet
  facet normal 0 0 1
    outer loop
      vertex 11.405 5.0513 4
      vertex 10.6804 4.81102 4
      vertex 11.4487 4.80312 4
    endloop
  endfacet
  facet normal 0 0 1
    outer loop
      vertex 10.6191 4.57616 4
      vertex 11.4487 4.80312 4
      vertex 10.6804 4.81102 4
    endloop
  endfacet
  facet normal 0 0 1
    outer loop
      vertex 11.4487 4.80312 4
      vertex 10.6191 4.57616 4
      vertex 11.51 4.56706 4
    endloop
  endfacet
  facet normal 0 0 1
    outer loop
      vertex 10.5403 4.35268 4
      vertex 11.51 4.56706 4
      vertex 10.6191 4.57616 4
    endloop
  endfacet
  facet normal 0 0 1
    outer loop
      vertex 11.51 4.56706 4
      vertex 10.5403 4.35268 4
      vertex 11.5888 4.34312 4
    endloop
  endfacet
  facet normal 0 0 1
    outer loop
      vertex 10.444 4.14059 4
      vertex 11.5888 4.34312 4
      vertex 10.5403 4.35268 4
    endloop
  endfacet
  facet normal 0 0 1
    outer loop
      vertex 11.5888 4.34312 4
      vertex 10.444 4.14059 4
      vertex 11.6851 4.1313 4
    endloop
  endfacet
  facet normal 0 0 1
    outer loop
      vertex 10.3313 3.9422 4
      vertex 11.6851 4.1313 4
      vertex 10.444 4.14059 4
    endloop
  endfacet
  facet normal 0 0 1
    outer loop
      vertex 11.6851 4.1313 4
      vertex 10.3313 3.9422 4
      vertex 11.798 3.93358 4
    endloop
  endfacet
  facet normal 0 0 1
    outer loop
      vertex 10.2034 3.75975 4
      vertex 11.798 3.93358 4
      vertex 10.3313 3.9422 4
    endloop
  endfacet
  facet normal 0 0 1
    outer loop
      vertex 11.798 3.93358 4
      vertex 10.2034 3.75975 4
      vertex 11.9265 3.75191 4
    endloop
  endfacet
  facet normal 0 0 1
    outer loop
      vertex 10.0603 3.59326 4
      vertex 11.9265 3.75191 4
      vertex 10.2034 3.75975 4
    endloop
  endfacet
  facet normal 0 0 1
    outer loop
      vertex 11.9265 3.75191 4
      vertex 10.0603 3.59326 4
      vertex 12.0707 3.5863 4
    endloop
  endfacet
  facet normal 0 0 1
    outer loop
      vertex 9.72836 3.30817 4
      vertex 12.2305 3.43674 4
      vertex 9.90195 3.44273 4
    endloop
  endfacet
  facet normal 0 0 1
    outer loop
      vertex 20.0148 2.86684 4
      vertex 10.1538 -7.98424 4
      vertex 10.1538 -8.56609 4
    endloop
  endfacet
  facet normal 0 0 1
    outer loop
      vertex 20.2644 2.8945 4
      vertex 10.1538 -8.56609 4
      vertex 32 -14 4
    endloop
  endfacet
  facet normal -0 0 1
    outer loop
      vertex 6.01387 -8.56609 4
      vertex 32 -14 4
      vertex 10.1538 -8.56609 4
    endloop
  endfacet
  facet normal 0 0 1
    outer loop
      vertex 5.02898 3.51404 4
      vertex 5.96553 3.93614 4
      vertex 5.85461 4.13499 4
    endloop
  endfacet
  facet normal 0 0 1
    outer loop
      vertex 5.02898 3.51404 4
      vertex 5.85461 4.13499 4
      vertex 5.76004 4.34775 4
    endloop
  endfacet
  facet normal 0 0 1
    outer loop
      vertex 5.02898 3.51404 4
      vertex 5.76004 4.34775 4
      vertex 5.68265 4.57199 4
    endloop
  endfacet
  facet normal 0 0 1
    outer loop
      vertex 5.02898 3.51404 4
      vertex 5.68265 4.57199 4
      vertex 5.62247 4.80775 4
    endloop
  endfacet
  facet normal 0 0 1
    outer loop
      vertex 5.02898 3.51404 4
      vertex 5.62247 4.80775 4
      vertex 5.57947 5.05501 4
    endloop
  endfacet
  facet normal 0 0 1
    outer loop
      vertex 2.37347 3.51404 4
      vertex 5.57947 5.05501 4
      vertex 5.55368 5.31377 4
    endloop
  endfacet
  facet normal 0 0 1
    outer loop
      vertex 2.37347 3.51404 4
      vertex 5.54507 5.584 4
      vertex 2.37347 8.18732 4
    endloop
  endfacet
  facet normal 0 0 1
    outer loop
      vertex 7.16789 3.00348 4
      vertex 5.02898 2.93219 4
      vertex 6.01387 -3.31096 4
    endloop
  endfacet
  facet normal -0 0 1
    outer loop
      vertex 5.16191 -8.56609 4
      vertex 32 -14 4
      vertex 6.01387 -8.56609 4
    endloop
  endfacet
  facet normal -0 0 1
    outer loop
      vertex 4.34137 -8.56609 4
      vertex 32 -14 4
      vertex 5.16191 -8.56609 4
    endloop
  endfacet
  facet normal 0 0 1
    outer loop
      vertex 1.33897 -8.56609 4
      vertex 2.97626 -6.38423 4
      vertex 1.33897 -6.38423 4
    endloop
  endfacet
  facet normal 0 0 1
    outer loop
      vertex 2.97626 -6.38423 4
      vertex 1.33897 -8.56609 4
      vertex 4.34137 -8.56609 4
    endloop
  endfacet
  facet normal -0 0 1
    outer loop
      vertex 1.33897 -8.56609 4
      vertex 32 -14 4
      vertex 4.34137 -8.56609 4
    endloop
  endfacet
  facet normal -0 0 1
    outer loop
      vertex 0.626602 -8.56609 4
      vertex 32 -14 4
      vertex 1.33897 -8.56609 4
    endloop
  endfacet
  facet normal 0 0 1
    outer loop
      vertex -0.209152 -8.56609 4
      vertex 0.626602 -8.56609 4
      vertex -0.209152 -7.98424 4
    endloop
  endfacet
  facet normal -0 0 1
    outer loop
      vertex -0.209152 -8.56609 4
      vertex 32 -14 4
      vertex 0.626602 -8.56609 4
    endloop
  endfacet
  facet normal 0 0 1
    outer loop
      vertex -32 -14 4
      vertex -0.209152 -8.56609 4
      vertex -4.34904 -8.56609 4
    endloop
  endfacet
  facet normal 0 0 1
    outer loop
      vertex -5.46957 -3.31096 4
      vertex -4.34904 -3.31096 4
      vertex -5.08638 2.93219 4
    endloop
  endfacet
  facet normal 0 0 1
    outer loop
      vertex -4.34904 -3.31096 4
      vertex -5.46957 -3.31096 4
      vertex -4.34904 -8.56609 4
    endloop
  endfacet
  facet normal 0 0 1
    outer loop
      vertex -5.46957 -8.56609 4
      vertex -4.34904 -8.56609 4
      vertex -5.46957 -3.31096 4
    endloop
  endfacet
  facet normal 0 0 1
    outer loop
      vertex -32 -14 4
      vertex -4.34904 -8.56609 4
      vertex -5.46957 -8.56609 4
    endloop
  endfacet
  facet normal 0 0 1
    outer loop
      vertex -32 -14 4
      vertex -5.46957 -8.56609 4
      vertex -6.18193 -8.56609 4
    endloop
  endfacet
  facet normal 0 0 1
    outer loop
      vertex -9.02396 -8.56609 4
      vertex -6.18193 -8.56609 4
      vertex -9.02396 -6.13057 4
    endloop
  endfacet
  facet normal 0 0 1
    outer loop
      vertex -32 -14 4
      vertex -6.18193 -8.56609 4
      vertex -9.02396 -8.56609 4
    endloop
  endfacet
  facet normal 0 0 1
    outer loop
      vertex -32 -14 4
      vertex -9.02396 -8.56609 4
      vertex -9.73631 -8.56609 4
    endloop
  endfacet
  facet normal 0 0 1
    outer loop
      vertex -10.2126 3.09258 4
      vertex -9.73631 -3.31096 4
      vertex -10.0477 3.02078 4
    endloop
  endfacet
  facet normal 0 0 1
    outer loop
      vertex -9.73631 -3.31096 4
      vertex -10.2126 3.09258 4
      vertex -13.4612 3.08812 4
    endloop
  endfacet
  facet normal 0 0 1
    outer loop
      vertex -13.2588 3.18954 4
      vertex -10.2126 3.09258 4
      vertex -10.367 3.1768 4
    endloop
  endfacet
  facet normal 0 0 1
    outer loop
      vertex -13.07 3.30817 4
      vertex -10.367 3.1768 4
      vertex -10.5093 3.27283 4
    endloop
  endfacet
  facet normal -0 0 1
    outer loop
      vertex -13.07 3.30817 4
      vertex -10.5093 3.27283 4
      vertex -10.6396 3.38068 4
    endloop
  endfacet
  facet normal -0 0 1
    outer loop
      vertex -12.8965 3.44273 4
      vertex -10.6396 3.38068 4
      vertex -10.7579 3.50034 4
    endloop
  endfacet
  facet normal -0 0 1
    outer loop
      vertex -12.7381 3.59326 4
      vertex -10.7579 3.50034 4
      vertex -10.8642 3.63179 4
    endloop
  endfacet
  facet normal -0 0 1
    outer loop
      vertex -12.595 3.75975 4
      vertex -10.8642 3.63179 4
      vertex -10.9585 3.77507 4
    endloop
  endfacet
  facet normal 0 0 1
    outer loop
      vertex -12.4671 3.9422 4
      vertex -10.9585 3.77507 4
      vertex -11.0394 3.92903 4
    endloop
  endfacet
  facet normal 0 0 1
    outer loop
      vertex -12.3544 4.14059 4
      vertex -11.0394 3.92903 4
      vertex -11.1056 4.09253 4
    endloop
  endfacet
  facet normal 0 0 1
    outer loop
      vertex -12.2581 4.35268 4
      vertex -11.1056 4.09253 4
      vertex -11.1571 4.26555 4
    endloop
  endfacet
  facet normal -0 0 1
    outer loop
      vertex -12.2581 4.35268 4
      vertex -11.1571 4.26555 4
      vertex -11.1939 4.4481 4
    endloop
  endfacet
  facet normal -0 0 1
    outer loop
      vertex -12.1793 4.57616 4
      vertex -11.1939 4.4481 4
      vertex -11.216 4.64018 4
    endloop
  endfacet
  facet normal -0 0 1
    outer loop
      vertex -12.048 5.31496 4
      vertex -11.2233 4.8418 4
      vertex -12.0392 5.584 4
    endloop
  endfacet
  facet normal -0 0 1
    outer loop
      vertex -12.0742 5.0573 4
      vertex -11.2233 4.8418 4
      vertex -12.048 5.31496 4
    endloop
  endfacet
  facet normal 0 0 1
    outer loop
      vertex -12.118 4.81102 4
      vertex -11.2233 4.8418 4
      vertex -12.0742 5.0573 4
    endloop
  endfacet
  facet normal 0 0 1
    outer loop
      vertex -11.2233 4.8418 4
      vertex -12.118 4.81102 4
      vertex -11.216 4.64018 4
    endloop
  endfacet
  facet normal 0 0 1
    outer loop
      vertex -12.1793 4.57616 4
      vertex -11.216 4.64018 4
      vertex -12.118 4.81102 4
    endloop
  endfacet
  facet normal 0 0 1
    outer loop
      vertex -11.1939 4.4481 4
      vertex -12.1793 4.57616 4
      vertex -12.2581 4.35268 4
    endloop
  endfacet
  facet normal 0 0 1
    outer loop
      vertex -11.1056 4.09253 4
      vertex -12.2581 4.35268 4
      vertex -12.3544 4.14059 4
    endloop
  endfacet
  facet normal 0 0 1
    outer loop
      vertex -11.0394 3.92903 4
      vertex -12.3544 4.14059 4
      vertex -12.4671 3.9422 4
    endloop
  endfacet
  facet normal 0 0 1
    outer loop
      vertex -10.9585 3.77507 4
      vertex -12.4671 3.9422 4
      vertex -12.595 3.75975 4
    endloop
  endfacet
  facet normal 0 0 1
    outer loop
      vertex -10.8642 3.63179 4
      vertex -12.595 3.75975 4
      vertex -12.7381 3.59326 4
    endloop
  endfacet
  facet normal 0 0 1
    outer loop
      vertex -10.7579 3.50034 4
      vertex -12.7381 3.59326 4
      vertex -12.8965 3.44273 4
    endloop
  endfacet
  facet normal 0 0 1
    outer loop
      vertex -10.6396 3.38068 4
      vertex -12.8965 3.44273 4
      vertex -13.07 3.30817 4
    endloop
  endfacet
  facet normal 0 0 1
    outer loop
      vertex -10.367 3.1768 4
      vertex -13.07 3.30817 4
      vertex -13.2588 3.18954 4
    endloop
  endfacet
  facet normal 0 0 1
    outer loop
      vertex -10.2126 3.09258 4
      vertex -13.2588 3.18954 4
      vertex -13.4612 3.08812 4
    endloop
  endfacet
  facet normal 0 0 1
    outer loop
      vertex -9.73631 -3.31096 4
      vertex -13.4612 3.08812 4
      vertex -13.6753 3.00514 4
    endloop
  endfacet
  facet normal -0 0 1
    outer loop
      vertex -13.9013 2.9406 4
      vertex -9.73631 -3.31096 4
      vertex -13.6753 3.00514 4
    endloop
  endfacet
  facet normal -0 0 1
    outer loop
      vertex -14.139 2.8945 4
      vertex -9.73631 -3.31096 4
      vertex -13.9013 2.9406 4
    endloop
  endfacet
  facet normal -0 0 1
    outer loop
      vertex -14.3886 2.86684 4
      vertex -9.73631 -3.31096 4
      vertex -14.139 2.8945 4
    endloop
  endfacet
  facet normal -0 0 1
    outer loop
      vertex -14.65 2.85762 4
      vertex -9.73631 -3.31096 4
      vertex -14.3886 2.86684 4
    endloop
  endfacet
  facet normal 0 0 1
    outer loop
      vertex -14.9136 2.86673 4
      vertex -9.73631 -3.31096 4
      vertex -14.65 2.85762 4
    endloop
  endfacet
  facet normal 0 0 1
    outer loop
      vertex -15.1649 2.89407 4
      vertex -9.73631 -3.31096 4
      vertex -14.9136 2.86673 4
    endloop
  endfacet
  facet normal 0 0 1
    outer loop
      vertex -15.4039 2.93967 4
      vertex -9.73631 -3.31096 4
      vertex -15.1649 2.89407 4
    endloop
  endfacet
  facet normal -0 0 1
    outer loop
      vertex -19.6928 2.93219 4
      vertex -9.73631 -3.31096 4
      vertex -15.4039 2.93967 4
    endloop
  endfacet
  facet normal 0 0 1
    outer loop
      vertex -19.6928 2.93219 4
      vertex -15.4039 2.93967 4
      vertex -15.6305 3.00348 4
    endloop
  endfacet
  facet normal 0 0 1
    outer loop
      vertex -19.6928 2.93219 4
      vertex -15.6305 3.00348 4
      vertex -15.8448 3.08553 4
    endloop
  endfacet
  facet normal 0 0 1
    outer loop
      vertex -19.6928 2.93219 4
      vertex -15.8448 3.08553 4
      vertex -16.0468 3.18581 4
    endloop
  endfacet
  facet normal 0 0 1
    outer loop
      vertex -19.6928 2.93219 4
      vertex -16.0468 3.18581 4
      vertex -16.2349 3.30334 4
    endloop
  endfacet
  facet normal 0 0 1
    outer loop
      vertex -19.6928 2.93219 4
      vertex -16.2349 3.30334 4
      vertex -16.4075 3.43715 4
    endloop
  endfacet
  facet normal 0 0 1
    outer loop
      vertex -19.6928 2.93219 4
      vertex -16.4075 3.43715 4
      vertex -16.5647 3.58722 4
    endloop
  endfacet
  facet normal 0 0 1
    outer loop
      vertex -19.6928 2.93219 4
      vertex -16.5647 3.58722 4
      vertex -16.7065 3.75354 4
    endloop
  endfacet
  facet normal 0 0 1
    outer loop
      vertex -19.6928 2.93219 4
      vertex -16.7065 3.75354 4
      vertex -16.8329 3.93614 4
    endloop
  endfacet
  facet normal 0 0 1
    outer loop
      vertex -17.2342 5.98892 4
      vertex -19.6928 5.11037 4
      vertex -17.2533 5.584 4
    endloop
  endfacet
  facet normal 0 0 1
    outer loop
      vertex -17.2533 5.584 4
      vertex -19.6928 5.11037 4
      vertex -17.2447 5.31377 4
    endloop
  endfacet
  facet normal 0 0 1
    outer loop
      vertex -17.2447 5.31377 4
      vertex -19.6928 5.11037 4
      vertex -17.2189 5.05501 4
    endloop
  endfacet
  facet normal 0 0 1
    outer loop
      vertex -19.6928 5.11037 4
      vertex -17.1759 4.80775 4
      vertex -17.2189 5.05501 4
    endloop
  endfacet
  facet normal 0 0 1
    outer loop
      vertex -19.6928 5.11037 4
      vertex -17.1158 4.57199 4
      vertex -17.1759 4.80775 4
    endloop
  endfacet
  facet normal 0 0 1
    outer loop
      vertex -19.6928 2.93219 4
      vertex -17.1158 4.57199 4
      vertex -19.6928 5.11037 4
    endloop
  endfacet
  facet normal 0 0 1
    outer loop
      vertex -17.1158 4.57199 4
      vertex -19.6928 2.93219 4
      vertex -17.0384 4.34775 4
    endloop
  endfacet
  facet normal 0 0 1
    outer loop
      vertex -17.0384 4.34775 4
      vertex -19.6928 2.93219 4
      vertex -16.9438 4.13499 4
    endloop
  endfacet
  facet normal 0 0 1
    outer loop
      vertex -16.9438 4.13499 4
      vertex -19.6928 2.93219 4
      vertex -16.8329 3.93614 4
    endloop
  endfacet
  facet normal 0 0 1
    outer loop
      vertex -9.73631 -3.31096 4
      vertex -19.6928 2.93219 4
      vertex -9.73631 -8.56609 4
    endloop
  endfacet
  facet normal -0 0 1
    outer loop
      vertex -20.4015 2.93219 4
      vertex -9.73631 -8.56609 4
      vertex -19.6928 2.93219 4
    endloop
  endfacet
  facet normal -0 0 1
    outer loop
      vertex -35 11 4
      vertex -22.4229 8.18732 4
      vertex -32 14 4
    endloop
  endfacet
  facet normal 0 0 1
    outer loop
      vertex -22.4229 8.18732 4
      vertex -35 11 4
      vertex -20.4015 2.93219 4
    endloop
  endfacet
  facet normal 0 0 1
    outer loop
      vertex -0.209152 -8.56609 4
      vertex -32 -14 4
      vertex 32 -14 4
    endloop
  endfacet
  facet normal 0 0 1
    outer loop
      vertex -35 -11 4
      vertex -20.4015 2.93219 4
      vertex -35 11 4
    endloop
  endfacet
  facet normal 0 0 1
    outer loop
      vertex -35 11 4
      vertex -32 14 4
      vertex -32.4693 13.9631 4
    endloop
  endfacet
  facet normal 0 -0 1
    outer loop
      vertex -32 -14 4
      vertex -20.4015 2.93219 4
      vertex -35 -11 4
    endloop
  endfacet
  facet normal 0 0 1
    outer loop
      vertex -35 11 4
      vertex -32.4693 13.9631 4
      vertex -32.927 13.8532 4
    endloop
  endfacet
  facet normal 0 0 1
    outer loop
      vertex -20.4015 2.93219 4
      vertex -32 -14 4
      vertex -9.73631 -8.56609 4
    endloop
  endfacet
  facet normal 0 0 1
    outer loop
      vertex -35 11 4
      vertex -32.927 13.8532 4
      vertex -33.362 13.673 4
    endloop
  endfacet
  facet normal 0 0 1
    outer loop
      vertex -32 -14 4
      vertex -35 -11 4
      vertex -32.4693 -13.9631 4
    endloop
  endfacet
  facet normal 0 0 1
    outer loop
      vertex -35 11 4
      vertex -33.362 13.673 4
      vertex -33.7634 13.427 4
    endloop
  endfacet
  facet normal 0 0 1
    outer loop
      vertex -32.4693 -13.9631 4
      vertex -35 -11 4
      vertex -32.927 -13.8532 4
    endloop
  endfacet
  facet normal 0 0 1
    outer loop
      vertex -35 11 4
      vertex -33.7634 13.427 4
      vertex -34.1213 13.1213 4
    endloop
  endfacet
  facet normal 0 0 1
    outer loop
      vertex -32.927 -13.8532 4
      vertex -35 -11 4
      vertex -33.362 -13.673 4
    endloop
  endfacet
  facet normal 0 0 1
    outer loop
      vertex -35 11 4
      vertex -34.1213 13.1213 4
      vertex -34.427 12.7634 4
    endloop
  endfacet
  facet normal 0 0 1
    outer loop
      vertex -33.362 -13.673 4
      vertex -35 -11 4
      vertex -33.7634 -13.427 4
    endloop
  endfacet
  facet normal 0 0 1
    outer loop
      vertex -35 11 4
      vertex -34.427 12.7634 4
      vertex -34.673 12.362 4
    endloop
  endfacet
  facet normal 0 0 1
    outer loop
      vertex -33.7634 -13.427 4
      vertex -35 -11 4
      vertex -34.1213 -13.1213 4
    endloop
  endfacet
  facet normal 0 0 1
    outer loop
      vertex -35 11 4
      vertex -34.673 12.362 4
      vertex -34.8532 11.927 4
    endloop
  endfacet
  facet normal 0 0 1
    outer loop
      vertex -34.1213 -13.1213 4
      vertex -35 -11 4
      vertex -34.427 -12.7634 4
    endloop
  endfacet
  facet normal 0 0 1
    outer loop
      vertex -35 11 4
      vertex -34.8532 11.927 4
      vertex -34.9631 11.4693 4
    endloop
  endfacet
  facet normal 0 0 1
    outer loop
      vertex -34.427 -12.7634 4
      vertex -35 -11 4
      vertex -34.673 -12.362 4
    endloop
  endfacet
  facet normal 0 0 1
    outer loop
      vertex -34.673 -12.362 4
      vertex -35 -11 4
      vertex -34.8532 -11.927 4
    endloop
  endfacet
  facet normal 0 0 1
    outer loop
      vertex -34.8532 -11.927 4
      vertex -35 -11 4
      vertex -34.9631 -11.4693 4
    endloop
  endfacet
  facet normal -0 0 1
    outer loop
      vertex 15.5621 6.82596 4
      vertex 16.3565 5.56161 4
      vertex 16.2409 7.02737 4
    endloop
  endfacet
  facet normal 0 0 1
    outer loop
      vertex 14.1299 5.56161 4
      vertex 15.4828 6.96841 4
      vertex 15.3941 7.09741 4
    endloop
  endfacet
  facet normal 0 0 1
    outer loop
      vertex 14.1299 5.56161 4
      vertex 15.3941 7.09741 4
      vertex 15.2959 7.21292 4
    endloop
  endfacet
  facet normal 0 0 1
    outer loop
      vertex 15.4828 6.96841 4
      vertex 14.1299 5.56161 4
      vertex 15.5621 6.82596 4
    endloop
  endfacet
  facet normal 0 0 1
    outer loop
      vertex 14.1299 5.56161 4
      vertex 15.2959 7.21292 4
      vertex 15.1883 7.31497 4
    endloop
  endfacet
  facet normal 0 0 1
    outer loop
      vertex 14.1299 5.56161 4
      vertex 15.1883 7.31497 4
      vertex 15.0713 7.40355 4
    endloop
  endfacet
  facet normal 0 0 1
    outer loop
      vertex 14.1299 5.56161 4
      vertex 15.0713 7.40355 4
      vertex 14.9449 7.47864 4
    endloop
  endfacet
  facet normal 0 0 1
    outer loop
      vertex 14.1299 5.56161 4
      vertex 14.9449 7.47864 4
      vertex 14.8084 7.54134 4
    endloop
  endfacet
  facet normal 0 0 1
    outer loop
      vertex 14.1299 5.56161 4
      vertex 14.8084 7.54134 4
      vertex 14.6612 7.59262 4
    endloop
  endfacet
  facet normal 0 0 1
    outer loop
      vertex 14.1299 5.56161 4
      vertex 14.6612 7.59262 4
      vertex 14.5034 7.63251 4
    endloop
  endfacet
  facet normal 0 0 1
    outer loop
      vertex 14.1299 5.56161 4
      vertex 14.5034 7.63251 4
      vertex 14.3348 7.661 4
    endloop
  endfacet
  facet normal 0 0 1
    outer loop
      vertex 14.1299 5.56161 4
      vertex 14.3348 7.661 4
      vertex 14.1557 7.6781 4
    endloop
  endfacet
  facet normal 0 0 1
    outer loop
      vertex 15.5621 6.82596 4
      vertex 14.1299 5.56161 4
      vertex 16.3565 5.56161 4
    endloop
  endfacet
  facet normal -0 0 1
    outer loop
      vertex 12.1503 4.96675 4
      vertex 14.1299 4.96489 4
      vertex 14.1299 5.56161 4
    endloop
  endfacet
  facet normal 0 0 1
    outer loop
      vertex 13.9658 7.68379 4
      vertex 14.1299 5.56161 4
      vertex 14.1557 7.6781 4
    endloop
  endfacet
  facet normal -0 0 1
    outer loop
      vertex 13.6744 7.66852 4
      vertex 14.1299 5.56161 4
      vertex 13.9658 7.68379 4
    endloop
  endfacet
  facet normal 0 -0 1
    outer loop
      vertex 12.1077 5.26373 4
      vertex 14.1299 5.56161 4
      vertex 12.0935 5.584 4
    endloop
  endfacet
  facet normal -0 0 1
    outer loop
      vertex 13.4068 7.62267 4
      vertex 14.1299 5.56161 4
      vertex 13.6744 7.66852 4
    endloop
  endfacet
  facet normal 0 -0 1
    outer loop
      vertex 12.1503 4.96675 4
      vertex 14.1299 5.56161 4
      vertex 12.1077 5.26373 4
    endloop
  endfacet
  facet normal -0 0 1
    outer loop
      vertex 13.163 7.54625 4
      vertex 14.1299 5.56161 4
      vertex 13.4068 7.62267 4
    endloop
  endfacet
  facet normal 0 0 1
    outer loop
      vertex 14.1299 4.96489 4
      vertex 12.1503 4.96675 4
      vertex 12.2212 4.69308 4
    endloop
  endfacet
  facet normal -0 0 1
    outer loop
      vertex 12.943 7.43927 4
      vertex 14.1299 5.56161 4
      vertex 13.163 7.54625 4
    endloop
  endfacet
  facet normal 0 0 1
    outer loop
      vertex 14.1299 4.96489 4
      vertex 13.7281 3.45172 4
      vertex 14.0181 3.43571 4
    endloop
  endfacet
  facet normal -0 0 1
    outer loop
      vertex 12.7469 7.30174 4
      vertex 14.1299 5.56161 4
      vertex 12.943 7.43927 4
    endloop
  endfacet
  facet normal 0 0 1
    outer loop
      vertex 14.1299 4.96489 4
      vertex 12.2212 4.69308 4
      vertex 12.3206 4.44273 4
    endloop
  endfacet
  facet normal 0 0 1
    outer loop
      vertex 14.1299 5.56161 4
      vertex 12.7469 7.30174 4
      vertex 12.5746 7.13364 4
    endloop
  endfacet
  facet normal 0 0 1
    outer loop
      vertex 14.1299 4.96489 4
      vertex 12.3206 4.44273 4
      vertex 12.4483 4.21568 4
    endloop
  endfacet
  facet normal 0 0 1
    outer loop
      vertex 14.1299 5.56161 4
      vertex 12.5746 7.13364 4
      vertex 12.4276 6.93777 4
    endloop
  endfacet
  facet normal 0 0 1
    outer loop
      vertex 14.1299 4.96489 4
      vertex 13.4598 3.49974 4
      vertex 13.7281 3.45172 4
    endloop
  endfacet
  facet normal 0 0 1
    outer loop
      vertex 14.1299 5.56161 4
      vertex 12.4276 6.93777 4
      vertex 12.3073 6.71695 4
    endloop
  endfacet
  facet normal 0 0 1
    outer loop
      vertex 14.1299 4.96489 4
      vertex 12.4483 4.21568 4
      vertex 12.6044 4.01195 4
    endloop
  endfacet
  facet normal 0 0 1
    outer loop
      vertex 14.1299 5.56161 4
      vertex 12.3073 6.71695 4
      vertex 12.2138 6.47118 4
    endloop
  endfacet
  facet normal 0 0 1
    outer loop
      vertex 14.1299 4.96489 4
      vertex 13.2133 3.57977 4
      vertex 13.4598 3.49974 4
    endloop
  endfacet
  facet normal 0 0 1
    outer loop
      vertex 14.1299 5.56161 4
      vertex 12.2138 6.47118 4
      vertex 12.1469 6.20041 4
    endloop
  endfacet
  facet normal 0 0 1
    outer loop
      vertex 14.1299 4.96489 4
      vertex 12.7856 3.83588 4
      vertex 12.9886 3.69182 4
    endloop
  endfacet
  facet normal 0 0 1
    outer loop
      vertex 14.1299 5.56161 4
      vertex 12.1469 6.20041 4
      vertex 12.1069 5.90469 4
    endloop
  endfacet
  facet normal 0 0 1
    outer loop
      vertex 14.1299 4.96489 4
      vertex 12.9886 3.69182 4
      vertex 13.2133 3.57977 4
    endloop
  endfacet
  facet normal 0 0 1
    outer loop
      vertex 14.1299 5.56161 4
      vertex 12.1069 5.90469 4
      vertex 12.0935 5.584 4
    endloop
  endfacet
  facet normal 0 0 1
    outer loop
      vertex 14.1299 4.96489 4
      vertex 12.6044 4.01195 4
      vertex 12.7856 3.83588 4
    endloop
  endfacet
  facet normal 0 0 1
    outer loop
      vertex 15.7001 4.96489 4
      vertex 15.6034 3.93112 4
      vertex 15.7001 4.01752 4
    endloop
  endfacet
  facet normal 0 0 1
    outer loop
      vertex 15.7001 4.96489 4
      vertex 15.4973 3.85094 4
      vertex 15.6034 3.93112 4
    endloop
  endfacet
  facet normal 0 0 1
    outer loop
      vertex 15.7001 4.96489 4
      vertex 15.3817 3.77696 4
      vertex 15.4973 3.85094 4
    endloop
  endfacet
  facet normal -0 0 1
    outer loop
      vertex 14.1299 4.96489 4
      vertex 15.3817 3.77696 4
      vertex 15.7001 4.96489 4
    endloop
  endfacet
  facet normal 0 0 1
    outer loop
      vertex 15.3817 3.77696 4
      vertex 14.1299 4.96489 4
      vertex 15.2567 3.70921 4
    endloop
  endfacet
  facet normal 0 0 1
    outer loop
      vertex 15.2567 3.70921 4
      vertex 14.1299 4.96489 4
      vertex 15.1223 3.64767 4
    endloop
  endfacet
  facet normal 0 0 1
    outer loop
      vertex 15.1223 3.64767 4
      vertex 14.1299 4.96489 4
      vertex 14.9784 3.59236 4
    endloop
  endfacet
  facet normal 0 0 1
    outer loop
      vertex 14.9784 3.59236 4
      vertex 14.1299 4.96489 4
      vertex 14.8279 3.54449 4
    endloop
  endfacet
  facet normal 0 0 1
    outer loop
      vertex 14.8279 3.54449 4
      vertex 14.1299 4.96489 4
      vertex 14.6736 3.50534 4
    endloop
  endfacet
  facet normal 0 0 1
    outer loop
      vertex 14.6736 3.50534 4
      vertex 14.1299 4.96489 4
      vertex 14.5155 3.47488 4
    endloop
  endfacet
  facet normal 0 0 1
    outer loop
      vertex 14.5155 3.47488 4
      vertex 14.1299 4.96489 4
      vertex 14.3535 3.45312 4
    endloop
  endfacet
  facet normal 0 0 1
    outer loop
      vertex 14.3535 3.45312 4
      vertex 14.1299 4.96489 4
      vertex 14.1877 3.44008 4
    endloop
  endfacet
  facet normal 0 0 1
    outer loop
      vertex 14.1877 3.44008 4
      vertex 14.1299 4.96489 4
      vertex 14.0181 3.43571 4
    endloop
  endfacet
  facet normal 0 0 1
    outer loop
      vertex 3.68739 -3.98851 4
      vertex 4.23692 -4.82149 4
      vertex 4.22827 -4.67462 4
    endloop
  endfacet
  facet normal 0 0 1
    outer loop
      vertex 4.23692 -4.82149 4
      vertex 3.54552 -3.94173 4
      vertex 4.22836 -4.97351 4
    endloop
  endfacet
  facet normal 0 0 1
    outer loop
      vertex 3.81404 -4.04865 4
      vertex 4.22827 -4.67462 4
      vertex 4.20232 -4.53989 4
    endloop
  endfacet
  facet normal 0 0 1
    outer loop
      vertex 4.23692 -4.82149 4
      vertex 3.68739 -3.98851 4
      vertex 3.54552 -3.94173 4
    endloop
  endfacet
  facet normal 0 0 1
    outer loop
      vertex 3.92545 -4.12216 4
      vertex 4.20232 -4.53989 4
      vertex 4.15906 -4.41727 4
    endloop
  endfacet
  facet normal 0 -0 1
    outer loop
      vertex 3.69569 -5.70418 4
      vertex 4.22836 -4.97351 4
      vertex 3.54552 -3.94173 4
    endloop
  endfacet
  facet normal 0 0 1
    outer loop
      vertex 3.92545 -4.12216 4
      vertex 4.15906 -4.41727 4
      vertex 4.0985 -4.30678 4
    endloop
  endfacet
  facet normal 0 0 1
    outer loop
      vertex 4.22827 -4.67462 4
      vertex 3.81404 -4.04865 4
      vertex 3.68739 -3.98851 4
    endloop
  endfacet
  facet normal 0 0 1
    outer loop
      vertex 3.92545 -4.12216 4
      vertex 4.0985 -4.30678 4
      vertex 4.02061 -4.2084 4
    endloop
  endfacet
  facet normal 0 0 1
    outer loop
      vertex 4.20232 -4.53989 4
      vertex 3.92545 -4.12216 4
      vertex 3.81404 -4.04865 4
    endloop
  endfacet
  facet normal 0 0 1
    outer loop
      vertex 4.22836 -4.97351 4
      vertex 3.69569 -5.70418 4
      vertex 4.20273 -5.11385 4
    endloop
  endfacet
  facet normal 0 0 1
    outer loop
      vertex 4.15999 -5.24246 4
      vertex 3.81953 -5.63844 4
      vertex 4.10014 -5.35938 4
    endloop
  endfacet
  facet normal 0 0 1
    outer loop
      vertex 4.10014 -5.35938 4
      vertex 3.9292 -5.55809 4
      vertex 4.02322 -5.46458 4
    endloop
  endfacet
  facet normal 0 0 1
    outer loop
      vertex 4.10014 -5.35938 4
      vertex 3.81953 -5.63844 4
      vertex 3.9292 -5.55809 4
    endloop
  endfacet
  facet normal 0 0 1
    outer loop
      vertex 4.20273 -5.11385 4
      vertex 3.81953 -5.63844 4
      vertex 4.15999 -5.24246 4
    endloop
  endfacet
  facet normal 0 -0 1
    outer loop
      vertex 3.81953 -5.63844 4
      vertex 4.20273 -5.11385 4
      vertex 3.69569 -5.70418 4
    endloop
  endfacet
  facet normal 0 0 1
    outer loop
      vertex 3.69569 -5.70418 4
      vertex 3.54552 -3.94173 4
      vertex 3.55763 -5.75531 4
    endloop
  endfacet
  facet normal 0 0 1
    outer loop
      vertex 3.38841 -3.90831 4
      vertex 3.55763 -5.75531 4
      vertex 3.54552 -3.94173 4
    endloop
  endfacet
  facet normal 0 0 1
    outer loop
      vertex 3.55763 -5.75531 4
      vertex 3.38841 -3.90831 4
      vertex 3.4054 -5.79184 4
    endloop
  endfacet
  facet normal 0 0 1
    outer loop
      vertex 3.38841 -3.90831 4
      vertex 3.23895 -5.81375 4
      vertex 3.4054 -5.79184 4
    endloop
  endfacet
  facet normal 0 0 1
    outer loop
      vertex 3.21608 -3.88828 4
      vertex 3.23895 -5.81375 4
      vertex 3.38841 -3.90831 4
    endloop
  endfacet
  facet normal 0 0 1
    outer loop
      vertex 3.21608 -3.88828 4
      vertex 3.05832 -5.82104 4
      vertex 3.23895 -5.81375 4
    endloop
  endfacet
  facet normal 0 0 1
    outer loop
      vertex 3.02852 -3.88159 4
      vertex 3.05832 -5.82104 4
      vertex 3.21608 -3.88828 4
    endloop
  endfacet
  facet normal 0 0 1
    outer loop
      vertex 1.33897 -5.82104 4
      vertex 3.02852 -3.88159 4
      vertex 1.33897 -3.88159 4
    endloop
  endfacet
  facet normal 0 0 1
    outer loop
      vertex 3.02852 -3.88159 4
      vertex 1.33897 -5.82104 4
      vertex 3.05832 -5.82104 4
    endloop
  endfacet
  facet normal 0 0 1
    outer loop
      vertex -16.5298 5.584 4
      vertex -12.7665 5.584 4
      vertex -12.7802 5.89926 4
    endloop
  endfacet
  facet normal 0 0 1
    outer loop
      vertex -12.7665 5.584 4
      vertex -16.5298 5.584 4
      vertex -12.7801 5.25502 4
    endloop
  endfacet
  facet normal -0 0 1
    outer loop
      vertex -16.5161 5.90363 4
      vertex -12.7802 5.89926 4
      vertex -12.821 6.1911 4
    endloop
  endfacet
  facet normal -0 -0 1
    outer loop
      vertex -16.516 5.2659 4
      vertex -12.7801 5.25502 4
      vertex -16.5298 5.584 4
    endloop
  endfacet
  facet normal 0 0 1
    outer loop
      vertex -14.6425 7.68379 4
      vertex -12.821 6.1911 4
      vertex -12.8891 6.45952 4
    endloop
  endfacet
  facet normal 0 -0 1
    outer loop
      vertex -16.4745 4.97046 4
      vertex -12.7801 5.25502 4
      vertex -16.516 5.2659 4
    endloop
  endfacet
  facet normal 0 0 1
    outer loop
      vertex -14.3554 7.66826 4
      vertex -12.8891 6.45952 4
      vertex -12.9845 6.70454 4
    endloop
  endfacet
  facet normal 0 0 1
    outer loop
      vertex -12.7801 5.25502 4
      vertex -16.4745 4.97046 4
      vertex -12.8206 4.95181 4
    endloop
  endfacet
  facet normal 0 0 1
    outer loop
      vertex -14.0907 7.62163 4
      vertex -12.9845 6.70454 4
      vertex -13.1071 6.92615 4
    endloop
  endfacet
  facet normal 0 -0 1
    outer loop
      vertex -14.65 3.43571 4
      vertex -12.8206 4.95181 4
      vertex -16.4745 4.97046 4
    endloop
  endfacet
  facet normal 0 0 1
    outer loop
      vertex -14.0907 7.62163 4
      vertex -13.1071 6.92615 4
      vertex -13.257 7.12433 4
    endloop
  endfacet
  facet normal 0 0 1
    outer loop
      vertex -12.8206 4.95181 4
      vertex -14.65 3.43571 4
      vertex -12.8882 4.67442 4
    endloop
  endfacet
  facet normal 0 0 1
    outer loop
      vertex -14.0907 7.62163 4
      vertex -13.257 7.12433 4
      vertex -13.4317 7.29529 4
    endloop
  endfacet
  facet normal 0 -0 1
    outer loop
      vertex -14.3584 3.45131 4
      vertex -12.8882 4.67442 4
      vertex -14.65 3.43571 4
    endloop
  endfacet
  facet normal 0 0 1
    outer loop
      vertex -14.0907 7.62163 4
      vertex -13.4317 7.29529 4
      vertex -13.6289 7.43515 4
    endloop
  endfacet
  facet normal 0 -0 1
    outer loop
      vertex -14.0904 3.49808 4
      vertex -12.9829 4.42281 4
      vertex -14.3584 3.45131 4
    endloop
  endfacet
  facet normal 0 0 1
    outer loop
      vertex -14.0907 7.62163 4
      vertex -13.6289 7.43515 4
      vertex -13.8486 7.54393 4
    endloop
  endfacet
  facet normal 0 0 1
    outer loop
      vertex -13.1046 4.19701 4
      vertex -14.0904 3.49808 4
      vertex -13.2533 3.99699 4
    endloop
  endfacet
  facet normal 0 0 1
    outer loop
      vertex -12.9845 6.70454 4
      vertex -14.0907 7.62163 4
      vertex -14.3554 7.66826 4
    endloop
  endfacet
  facet normal 0 0 1
    outer loop
      vertex -12.8891 6.45952 4
      vertex -14.3554 7.66826 4
      vertex -14.6425 7.68379 4
    endloop
  endfacet
  facet normal 0 0 1
    outer loop
      vertex -13.2533 3.99699 4
      vertex -14.0904 3.49808 4
      vertex -13.4273 3.8255 4
    endloop
  endfacet
  facet normal 0 0 1
    outer loop
      vertex -12.821 6.1911 4
      vertex -14.6425 7.68379 4
      vertex -16.4751 6.19858 4
    endloop
  endfacet
  facet normal 0 0 1
    outer loop
      vertex -13.6248 3.68518 4
      vertex -14.0904 3.49808 4
      vertex -13.8458 3.57603 4
    endloop
  endfacet
  facet normal 0 0 1
    outer loop
      vertex -16.4751 6.19858 4
      vertex -14.6425 7.68379 4
      vertex -14.932 7.66846 4
    endloop
  endfacet
  facet normal 0 0 1
    outer loop
      vertex -13.4273 3.8255 4
      vertex -14.0904 3.49808 4
      vertex -13.6248 3.68518 4
    endloop
  endfacet
  facet normal 0 0 1
    outer loop
      vertex -12.9829 4.42281 4
      vertex -14.0904 3.49808 4
      vertex -13.1046 4.19701 4
    endloop
  endfacet
  facet normal 0 0 1
    outer loop
      vertex -16.4067 6.46887 4
      vertex -14.932 7.66846 4
      vertex -15.1987 7.62247 4
    endloop
  endfacet
  facet normal 0 0 1
    outer loop
      vertex -12.8882 4.67442 4
      vertex -14.3584 3.45131 4
      vertex -12.9829 4.42281 4
    endloop
  endfacet
  facet normal 0 0 1
    outer loop
      vertex -16.311 6.71451 4
      vertex -15.1987 7.62247 4
      vertex -15.4426 7.54581 4
    endloop
  endfacet
  facet normal -0 -0 1
    outer loop
      vertex -16.4053 4.69772 4
      vertex -14.65 3.43571 4
      vertex -16.4745 4.97046 4
    endloop
  endfacet
  facet normal 0 0 1
    outer loop
      vertex -16.1879 6.93549 4
      vertex -15.4426 7.54581 4
      vertex -15.6637 7.43848 4
    endloop
  endfacet
  facet normal 0 0 1
    outer loop
      vertex -14.65 3.43571 4
      vertex -16.4053 4.69772 4
      vertex -14.9339 3.45183 4
    endloop
  endfacet
  facet normal 0 0 1
    outer loop
      vertex -16.1879 6.93549 4
      vertex -15.6637 7.43848 4
      vertex -15.862 7.30048 4
    endloop
  endfacet
  facet normal -0 -0 1
    outer loop
      vertex -16.3085 4.44768 4
      vertex -14.9339 3.45183 4
      vertex -16.4053 4.69772 4
    endloop
  endfacet
  facet normal 0 0 1
    outer loop
      vertex -16.1879 6.93549 4
      vertex -15.862 7.30048 4
      vertex -16.0375 7.13182 4
    endloop
  endfacet
  facet normal 0 0 1
    outer loop
      vertex -14.9339 3.45183 4
      vertex -16.3085 4.44768 4
      vertex -15.1964 3.50015 4
    endloop
  endfacet
  facet normal 0 0 1
    outer loop
      vertex -15.4426 7.54581 4
      vertex -16.1879 6.93549 4
      vertex -16.311 6.71451 4
    endloop
  endfacet
  facet normal -0 -0 1
    outer loop
      vertex -16.184 4.22031 4
      vertex -15.1964 3.50015 4
      vertex -16.3085 4.44768 4
    endloop
  endfacet
  facet normal 0 0 1
    outer loop
      vertex -15.1987 7.62247 4
      vertex -16.311 6.71451 4
      vertex -16.4067 6.46887 4
    endloop
  endfacet
  facet normal 0 0 1
    outer loop
      vertex -15.1964 3.50015 4
      vertex -16.184 4.22031 4
      vertex -15.4375 3.5807 4
    endloop
  endfacet
  facet normal 0 0 1
    outer loop
      vertex -14.932 7.66846 4
      vertex -16.4067 6.46887 4
      vertex -16.4751 6.19858 4
    endloop
  endfacet
  facet normal 0 0 1
    outer loop
      vertex -15.4375 3.5807 4
      vertex -16.0319 4.01564 4
      vertex -15.657 3.69347 4
    endloop
  endfacet
  facet normal 0 0 1
    outer loop
      vertex -12.821 6.1911 4
      vertex -16.4751 6.19858 4
      vertex -16.5161 5.90363 4
    endloop
  endfacet
  facet normal -0 -0 1
    outer loop
      vertex -16.0319 4.01564 4
      vertex -15.4375 3.5807 4
      vertex -16.184 4.22031 4
    endloop
  endfacet
  facet normal 0 0 1
    outer loop
      vertex -12.7802 5.89926 4
      vertex -16.5161 5.90363 4
      vertex -16.5298 5.584 4
    endloop
  endfacet
  facet normal 0 0 1
    outer loop
      vertex -15.657 3.69347 4
      vertex -16.0319 4.01564 4
      vertex -15.8552 3.83844 4
    endloop
  endfacet
  facet normal 0 0 1
    outer loop
      vertex 17.8736 5.584 4
      vertex 21.6369 5.584 4
      vertex 21.6232 5.89926 4
    endloop
  endfacet
  facet normal 0 0 1
    outer loop
      vertex 21.6369 5.584 4
      vertex 17.8736 5.584 4
      vertex 21.6234 5.25502 4
    endloop
  endfacet
  facet normal -0 0 1
    outer loop
      vertex 17.8873 5.90363 4
      vertex 21.6232 5.89926 4
      vertex 21.5824 6.1911 4
    endloop
  endfacet
  facet normal -0 -0 1
    outer loop
      vertex 17.8874 5.2659 4
      vertex 21.6234 5.25502 4
      vertex 17.8736 5.584 4
    endloop
  endfacet
  facet normal 0 0 1
    outer loop
      vertex 19.7609 7.68379 4
      vertex 21.5824 6.1911 4
      vertex 21.5143 6.45952 4
    endloop
  endfacet
  facet normal 0 -0 1
    outer loop
      vertex 17.9289 4.97046 4
      vertex 21.6234 5.25502 4
      vertex 17.8874 5.2659 4
    endloop
  endfacet
  facet normal 0 0 1
    outer loop
      vertex 20.048 7.66826 4
      vertex 21.5143 6.45952 4
      vertex 21.4189 6.70454 4
    endloop
  endfacet
  facet normal 0 0 1
    outer loop
      vertex 21.6234 5.25502 4
      vertex 17.9289 4.97046 4
      vertex 21.5828 4.95181 4
    endloop
  endfacet
  facet normal 0 0 1
    outer loop
      vertex 20.3127 7.62163 4
      vertex 21.4189 6.70454 4
      vertex 21.2963 6.92615 4
    endloop
  endfacet
  facet normal 0 -0 1
    outer loop
      vertex 19.7534 3.43571 4
      vertex 21.5828 4.95181 4
      vertex 17.9289 4.97046 4
    endloop
  endfacet
  facet normal 0 0 1
    outer loop
      vertex 20.3127 7.62163 4
      vertex 21.2963 6.92615 4
      vertex 21.1464 7.12433 4
    endloop
  endfacet
  facet normal 0 0 1
    outer loop
      vertex 21.5828 4.95181 4
      vertex 19.7534 3.43571 4
      vertex 21.5152 4.67442 4
    endloop
  endfacet
  facet normal 0 0 1
    outer loop
      vertex 20.3127 7.62163 4
      vertex 21.1464 7.12433 4
      vertex 20.9717 7.29529 4
    endloop
  endfacet
  facet normal 0 -0 1
    outer loop
      vertex 20.045 3.45131 4
      vertex 21.5152 4.67442 4
      vertex 19.7534 3.43571 4
    endloop
  endfacet
  facet normal 0 0 1
    outer loop
      vertex 20.3127 7.62163 4
      vertex 20.9717 7.29529 4
      vertex 20.7745 7.43515 4
    endloop
  endfacet
  facet normal 0 -0 1
    outer loop
      vertex 20.313 3.49808 4
      vertex 21.4205 4.42281 4
      vertex 20.045 3.45131 4
    endloop
  endfacet
  facet normal 0 0 1
    outer loop
      vertex 20.3127 7.62163 4
      vertex 20.7745 7.43515 4
      vertex 20.5548 7.54393 4
    endloop
  endfacet
  facet normal 0 0 1
    outer loop
      vertex 21.2988 4.19701 4
      vertex 20.313 3.49808 4
      vertex 21.1501 3.99699 4
    endloop
  endfacet
  facet normal 0 0 1
    outer loop
      vertex 21.4189 6.70454 4
      vertex 20.3127 7.62163 4
      vertex 20.048 7.66826 4
    endloop
  endfacet
  facet normal 0 0 1
    outer loop
      vertex 21.5143 6.45952 4
      vertex 20.048 7.66826 4
      vertex 19.7609 7.68379 4
    endloop
  endfacet
  facet normal 0 0 1
    outer loop
      vertex 21.1501 3.99699 4
      vertex 20.313 3.49808 4
      vertex 20.9761 3.8255 4
    endloop
  endfacet
  facet normal 0 0 1
    outer loop
      vertex 21.5824 6.1911 4
      vertex 19.7609 7.68379 4
      vertex 17.9283 6.19858 4
    endloop
  endfacet
  facet normal 0 0 1
    outer loop
      vertex 20.7786 3.68518 4
      vertex 20.313 3.49808 4
      vertex 20.5576 3.57603 4
    endloop
  endfacet
  facet normal 0 0 1
    outer loop
      vertex 17.9283 6.19858 4
      vertex 19.7609 7.68379 4
      vertex 19.4714 7.66846 4
    endloop
  endfacet
  facet normal 0 0 1
    outer loop
      vertex 20.9761 3.8255 4
      vertex 20.313 3.49808 4
      vertex 20.7786 3.68518 4
    endloop
  endfacet
  facet normal 0 0 1
    outer loop
      vertex 21.4205 4.42281 4
      vertex 20.313 3.49808 4
      vertex 21.2988 4.19701 4
    endloop
  endfacet
  facet normal 0 0 1
    outer loop
      vertex 17.9967 6.46887 4
      vertex 19.4714 7.66846 4
      vertex 19.2047 7.62247 4
    endloop
  endfacet
  facet normal 0 0 1
    outer loop
      vertex 21.5152 4.67442 4
      vertex 20.045 3.45131 4
      vertex 21.4205 4.42281 4
    endloop
  endfacet
  facet normal 0 0 1
    outer loop
      vertex 18.0924 6.71451 4
      vertex 19.2047 7.62247 4
      vertex 18.9608 7.54581 4
    endloop
  endfacet
  facet normal -0 -0 1
    outer loop
      vertex 17.9981 4.69772 4
      vertex 19.7534 3.43571 4
      vertex 17.9289 4.97046 4
    endloop
  endfacet
  facet normal 0 0 1
    outer loop
      vertex 18.2155 6.93549 4
      vertex 18.9608 7.54581 4
      vertex 18.7397 7.43848 4
    endloop
  endfacet
  facet normal 0 0 1
    outer loop
      vertex 19.7534 3.43571 4
      vertex 17.9981 4.69772 4
      vertex 19.4695 3.45183 4
    endloop
  endfacet
  facet normal 0 0 1
    outer loop
      vertex 18.2155 6.93549 4
      vertex 18.7397 7.43848 4
      vertex 18.5414 7.30048 4
    endloop
  endfacet
  facet normal -0 -0 1
    outer loop
      vertex 18.0949 4.44768 4
      vertex 19.4695 3.45183 4
      vertex 17.9981 4.69772 4
    endloop
  endfacet
  facet normal 0 0 1
    outer loop
      vertex 18.2155 6.93549 4
      vertex 18.5414 7.30048 4
      vertex 18.3659 7.13182 4
    endloop
  endfacet
  facet normal 0 0 1
    outer loop
      vertex 19.4695 3.45183 4
      vertex 18.0949 4.44768 4
      vertex 19.207 3.50015 4
    endloop
  endfacet
  facet normal 0 0 1
    outer loop
      vertex 18.9608 7.54581 4
      vertex 18.2155 6.93549 4
      vertex 18.0924 6.71451 4
    endloop
  endfacet
  facet normal -0 -0 1
    outer loop
      vertex 18.2194 4.22031 4
      vertex 19.207 3.50015 4
      vertex 18.0949 4.44768 4
    endloop
  endfacet
  facet normal 0 0 1
    outer loop
      vertex 19.2047 7.62247 4
      vertex 18.0924 6.71451 4
      vertex 17.9967 6.46887 4
    endloop
  endfacet
  facet normal 0 0 1
    outer loop
      vertex 19.207 3.50015 4
      vertex 18.2194 4.22031 4
      vertex 18.9659 3.5807 4
    endloop
  endfacet
  facet normal 0 0 1
    outer loop
      vertex 19.4714 7.66846 4
      vertex 17.9967 6.46887 4
      vertex 17.9283 6.19858 4
    endloop
  endfacet
  facet normal 0 0 1
    outer loop
      vertex 18.9659 3.5807 4
      vertex 18.3715 4.01564 4
      vertex 18.7464 3.69347 4
    endloop
  endfacet
  facet normal 0 0 1
    outer loop
      vertex 21.5824 6.1911 4
      vertex 17.9283 6.19858 4
      vertex 17.8873 5.90363 4
    endloop
  endfacet
  facet normal -0 -0 1
    outer loop
      vertex 18.3715 4.01564 4
      vertex 18.9659 3.5807 4
      vertex 18.2194 4.22031 4
    endloop
  endfacet
  facet normal 0 0 1
    outer loop
      vertex 21.6232 5.89926 4
      vertex 17.8873 5.90363 4
      vertex 17.8736 5.584 4
    endloop
  endfacet
  facet normal 0 0 1
    outer loop
      vertex 18.7464 3.69347 4
      vertex 18.3715 4.01564 4
      vertex 18.5482 3.83844 4
    endloop
  endfacet
  facet normal 0 0 1
    outer loop
      vertex 6.2686 5.584 4
      vertex 10.0319 5.584 4
      vertex 10.0182 5.89926 4
    endloop
  endfacet
  facet normal 0 0 1
    outer loop
      vertex 10.0319 5.584 4
      vertex 6.2686 5.584 4
      vertex 10.0183 5.25502 4
    endloop
  endfacet
  facet normal -0 0 1
    outer loop
      vertex 6.28227 5.90363 4
      vertex 10.0182 5.89926 4
      vertex 9.97737 6.1911 4
    endloop
  endfacet
  facet normal -0 -0 1
    outer loop
      vertex 6.28242 5.2659 4
      vertex 10.0183 5.25502 4
      vertex 6.2686 5.584 4
    endloop
  endfacet
  facet normal 0 0 1
    outer loop
      vertex 8.15587 7.68379 4
      vertex 9.97737 6.1911 4
      vertex 9.90926 6.45952 4
    endloop
  endfacet
  facet normal 0 -0 1
    outer loop
      vertex 6.32393 4.97046 4
      vertex 10.0183 5.25502 4
      vertex 6.28242 5.2659 4
    endloop
  endfacet
  facet normal 0 0 1
    outer loop
      vertex 8.44301 7.66826 4
      vertex 9.90926 6.45952 4
      vertex 9.81389 6.70454 4
    endloop
  endfacet
  facet normal 0 0 1
    outer loop
      vertex 10.0183 5.25502 4
      vertex 6.32393 4.97046 4
      vertex 9.97778 4.95181 4
    endloop
  endfacet
  facet normal 0 0 1
    outer loop
      vertex 8.70766 7.62163 4
      vertex 9.81389 6.70454 4
      vertex 9.69128 6.92615 4
    endloop
  endfacet
  facet normal 0 -0 1
    outer loop
      vertex 8.14839 3.43571 4
      vertex 9.97778 4.95181 4
      vertex 6.32393 4.97046 4
    endloop
  endfacet
  facet normal 0 0 1
    outer loop
      vertex 8.70766 7.62163 4
      vertex 9.69128 6.92615 4
      vertex 9.54143 7.12433 4
    endloop
  endfacet
  facet normal 0 0 1
    outer loop
      vertex 9.97778 4.95181 4
      vertex 8.14839 3.43571 4
      vertex 9.91017 4.67442 4
    endloop
  endfacet
  facet normal 0 0 1
    outer loop
      vertex 8.70766 7.62163 4
      vertex 9.54143 7.12433 4
      vertex 9.36671 7.29529 4
    endloop
  endfacet
  facet normal 0 -0 1
    outer loop
      vertex 8.43997 3.45131 4
      vertex 9.91017 4.67442 4
      vertex 8.14839 3.43571 4
    endloop
  endfacet
  facet normal 0 0 1
    outer loop
      vertex 8.70766 7.62163 4
      vertex 9.36671 7.29529 4
      vertex 9.16951 7.43515 4
    endloop
  endfacet
  facet normal 0 -0 1
    outer loop
      vertex 8.70804 3.49808 4
      vertex 9.81554 4.42281 4
      vertex 8.43997 3.45131 4
    endloop
  endfacet
  facet normal 0 0 1
    outer loop
      vertex 8.70766 7.62163 4
      vertex 9.16951 7.43515 4
      vertex 8.94983 7.54393 4
    endloop
  endfacet
  facet normal 0 0 1
    outer loop
      vertex 9.69385 4.19701 4
      vertex 8.70804 3.49808 4
      vertex 9.54512 3.99699 4
    endloop
  endfacet
  facet normal 0 0 1
    outer loop
      vertex 9.81389 6.70454 4
      vertex 8.70766 7.62163 4
      vertex 8.44301 7.66826 4
    endloop
  endfacet
  facet normal 0 0 1
    outer loop
      vertex 9.90926 6.45952 4
      vertex 8.44301 7.66826 4
      vertex 8.15587 7.68379 4
    endloop
  endfacet
  facet normal 0 0 1
    outer loop
      vertex 9.54512 3.99699 4
      vertex 8.70804 3.49808 4
      vertex 9.37112 3.8255 4
    endloop
  endfacet
  facet normal 0 0 1
    outer loop
      vertex 9.97737 6.1911 4
      vertex 8.15587 7.68379 4
      vertex 6.3233 6.19858 4
    endloop
  endfacet
  facet normal 0 0 1
    outer loop
      vertex 9.17361 3.68518 4
      vertex 8.70804 3.49808 4
      vertex 8.95259 3.57603 4
    endloop
  endfacet
  facet normal 0 0 1
    outer loop
      vertex 6.3233 6.19858 4
      vertex 8.15587 7.68379 4
      vertex 7.86639 7.66846 4
    endloop
  endfacet
  facet normal 0 0 1
    outer loop
      vertex 9.37112 3.8255 4
      vertex 8.70804 3.49808 4
      vertex 9.17361 3.68518 4
    endloop
  endfacet
  facet normal 0 0 1
    outer loop
      vertex 9.81554 4.42281 4
      vertex 8.70804 3.49808 4
      vertex 9.69385 4.19701 4
    endloop
  endfacet
  facet normal 0 0 1
    outer loop
      vertex 6.39168 6.46887 4
      vertex 7.86639 7.66846 4
      vertex 7.59972 7.62247 4
    endloop
  endfacet
  facet normal 0 0 1
    outer loop
      vertex 9.91017 4.67442 4
      vertex 8.43997 3.45131 4
      vertex 9.81554 4.42281 4
    endloop
  endfacet
  facet normal 0 0 1
    outer loop
      vertex 6.4874 6.71451 4
      vertex 7.59972 7.62247 4
      vertex 7.35582 7.54581 4
    endloop
  endfacet
  facet normal -0 -0 1
    outer loop
      vertex 6.39308 4.69772 4
      vertex 8.14839 3.43571 4
      vertex 6.32393 4.97046 4
    endloop
  endfacet
  facet normal 0 0 1
    outer loop
      vertex 6.61047 6.93549 4
      vertex 7.35582 7.54581 4
      vertex 7.13474 7.43848 4
    endloop
  endfacet
  facet normal 0 0 1
    outer loop
      vertex 8.14839 3.43571 4
      vertex 6.39308 4.69772 4
      vertex 7.86446 3.45183 4
    endloop
  endfacet
  facet normal 0 0 1
    outer loop
      vertex 6.61047 6.93549 4
      vertex 7.13474 7.43848 4
      vertex 6.93642 7.30048 4
    endloop
  endfacet
  facet normal -0 -0 1
    outer loop
      vertex 6.4899 4.44768 4
      vertex 7.86446 3.45183 4
      vertex 6.39308 4.69772 4
    endloop
  endfacet
  facet normal 0 0 1
    outer loop
      vertex 6.61047 6.93549 4
      vertex 6.93642 7.30048 4
      vertex 6.76091 7.13182 4
    endloop
  endfacet
  facet normal 0 0 1
    outer loop
      vertex 7.86446 3.45183 4
      vertex 6.4899 4.44768 4
      vertex 7.60197 3.50015 4
    endloop
  endfacet
  facet normal 0 0 1
    outer loop
      vertex 7.35582 7.54581 4
      vertex 6.61047 6.93549 4
      vertex 6.4874 6.71451 4
    endloop
  endfacet
  facet normal -0 -0 1
    outer loop
      vertex 6.61438 4.22031 4
      vertex 7.60197 3.50015 4
      vertex 6.4899 4.44768 4
    endloop
  endfacet
  facet normal 0 0 1
    outer loop
      vertex 7.59972 7.62247 4
      vertex 6.4874 6.71451 4
      vertex 6.39168 6.46887 4
    endloop
  endfacet
  facet normal 0 0 1
    outer loop
      vertex 7.60197 3.50015 4
      vertex 6.61438 4.22031 4
      vertex 7.36095 3.5807 4
    endloop
  endfacet
  facet normal 0 0 1
    outer loop
      vertex 7.86639 7.66846 4
      vertex 6.39168 6.46887 4
      vertex 6.3233 6.19858 4
    endloop
  endfacet
  facet normal 0 0 1
    outer loop
      vertex 7.36095 3.5807 4
      vertex 6.76651 4.01564 4
      vertex 7.14136 3.69347 4
    endloop
  endfacet
  facet normal 0 0 1
    outer loop
      vertex 9.97737 6.1911 4
      vertex 6.3233 6.19858 4
      vertex 6.28227 5.90363 4
    endloop
  endfacet
  facet normal -0 -0 1
    outer loop
      vertex 6.76651 4.01564 4
      vertex 7.36095 3.5807 4
      vertex 6.61438 4.22031 4
    endloop
  endfacet
  facet normal 0 0 1
    outer loop
      vertex 10.0182 5.89926 4
      vertex 6.28227 5.90363 4
      vertex 6.2686 5.584 4
    endloop
  endfacet
  facet normal 0 0 1
    outer loop
      vertex 7.14136 3.69347 4
      vertex 6.76651 4.01564 4
      vertex 6.94321 3.83844 4
    endloop
  endfacet
  facet normal 0 0 1
    outer loop
      vertex -2.73796 7.50978 4
      vertex -2.18843 6.6768 4
      vertex -2.19708 6.82365 4
    endloop
  endfacet
  facet normal 0 0 1
    outer loop
      vertex -2.18843 6.6768 4
      vertex -2.87984 7.55655 4
      vertex -2.19698 6.52477 4
    endloop
  endfacet
  facet normal 0 0 1
    outer loop
      vertex -2.61131 7.44963 4
      vertex -2.19708 6.82365 4
      vertex -2.22304 6.95839 4
    endloop
  endfacet
  facet normal 0 0 1
    outer loop
      vertex -2.18843 6.6768 4
      vertex -2.73796 7.50978 4
      vertex -2.87984 7.55655 4
    endloop
  endfacet
  facet normal 0 0 1
    outer loop
      vertex -2.49989 7.37613 4
      vertex -2.22304 6.95839 4
      vertex -2.2663 7.08101 4
    endloop
  endfacet
  facet normal 0 -0 1
    outer loop
      vertex -2.72966 5.7941 4
      vertex -2.19698 6.52477 4
      vertex -2.87984 7.55655 4
    endloop
  endfacet
  facet normal 0 0 1
    outer loop
      vertex -2.49989 7.37613 4
      vertex -2.2663 7.08101 4
      vertex -2.32686 7.1915 4
    endloop
  endfacet
  facet normal 0 0 1
    outer loop
      vertex -2.19708 6.82365 4
      vertex -2.61131 7.44963 4
      vertex -2.73796 7.50978 4
    endloop
  endfacet
  facet normal 0 0 1
    outer loop
      vertex -2.49989 7.37613 4
      vertex -2.32686 7.1915 4
      vertex -2.40472 7.28987 4
    endloop
  endfacet
  facet normal 0 0 1
    outer loop
      vertex -2.22304 6.95839 4
      vertex -2.49989 7.37613 4
      vertex -2.61131 7.44963 4
    endloop
  endfacet
  facet normal 0 0 1
    outer loop
      vertex -2.19698 6.52477 4
      vertex -2.72966 5.7941 4
      vertex -2.22261 6.38445 4
    endloop
  endfacet
  facet normal 0 0 1
    outer loop
      vertex -2.26535 6.25581 4
      vertex -2.6058 5.85983 4
      vertex -2.3252 6.1389 4
    endloop
  endfacet
  facet normal 0 0 1
    outer loop
      vertex -2.3252 6.1389 4
      vertex -2.49615 5.94019 4
      vertex -2.40213 6.03369 4
    endloop
  endfacet
  facet normal 0 0 1
    outer loop
      vertex -2.3252 6.1389 4
      vertex -2.6058 5.85983 4
      vertex -2.49615 5.94019 4
    endloop
  endfacet
  facet normal 0 0 1
    outer loop
      vertex -2.22261 6.38445 4
      vertex -2.6058 5.85983 4
      vertex -2.26535 6.25581 4
    endloop
  endfacet
  facet normal 0 -0 1
    outer loop
      vertex -2.6058 5.85983 4
      vertex -2.22261 6.38445 4
      vertex -2.72966 5.7941 4
    endloop
  endfacet
  facet normal 0 0 1
    outer loop
      vertex -2.72966 5.7941 4
      vertex -2.87984 7.55655 4
      vertex -2.86771 5.74297 4
    endloop
  endfacet
  facet normal 0 0 1
    outer loop
      vertex -3.03694 7.58997 4
      vertex -2.86771 5.74297 4
      vertex -2.87984 7.55655 4
    endloop
  endfacet
  facet normal 0 0 1
    outer loop
      vertex -2.86771 5.74297 4
      vertex -3.03694 7.58997 4
      vertex -3.01994 5.70645 4
    endloop
  endfacet
  facet normal 0 0 1
    outer loop
      vertex -3.03694 7.58997 4
      vertex -3.18639 5.68454 4
      vertex -3.01994 5.70645 4
    endloop
  endfacet
  facet normal 0 0 1
    outer loop
      vertex -3.20927 7.61002 4
      vertex -3.18639 5.68454 4
      vertex -3.03694 7.58997 4
    endloop
  endfacet
  facet normal 0 0 1
    outer loop
      vertex -3.20927 7.61002 4
      vertex -3.36702 5.67723 4
      vertex -3.18639 5.68454 4
    endloop
  endfacet
  facet normal 0 0 1
    outer loop
      vertex -3.39684 7.6167 4
      vertex -3.36702 5.67723 4
      vertex -3.20927 7.61002 4
    endloop
  endfacet
  facet normal 0 0 1
    outer loop
      vertex -5.08638 5.67723 4
      vertex -3.39684 7.6167 4
      vertex -5.08638 7.6167 4
    endloop
  endfacet
  facet normal 0 0 1
    outer loop
      vertex -3.39684 7.6167 4
      vertex -5.08638 5.67723 4
      vertex -3.36702 5.67723 4
    endloop
  endfacet
  facet normal 0 0 1
    outer loop
      vertex -12.7665 5.584 5.2
      vertex -12.0392 5.584 5.2
      vertex -12.0479 5.85388 5.2
    endloop
  endfacet
  facet normal -0 0 1
    outer loop
      vertex -12.7802 5.89926 5.2
      vertex -12.0479 5.85388 5.2
      vertex -12.0738 6.11154 5.2
    endloop
  endfacet
  facet normal 0 0 1
    outer loop
      vertex -12.0392 5.584 5.2
      vertex -12.7665 5.584 5.2
      vertex -12.048 5.31496 5.2
    endloop
  endfacet
  facet normal -0 0 1
    outer loop
      vertex -12.821 6.1911 5.2
      vertex -12.0738 6.11154 5.2
      vertex -12.1171 6.35696 5.2
    endloop
  endfacet
  facet normal 0 0 1
    outer loop
      vertex -12.7801 5.25502 5.2
      vertex -12.048 5.31496 5.2
      vertex -12.7665 5.584 5.2
    endloop
  endfacet
  facet normal 0 0 1
    outer loop
      vertex -12.821 6.1911 5.2
      vertex -12.1171 6.35696 5.2
      vertex -12.1776 6.59016 5.2
    endloop
  endfacet
  facet normal 0 0 1
    outer loop
      vertex -12.048 5.31496 5.2
      vertex -12.7801 5.25502 5.2
      vertex -12.0742 5.0573 5.2
    endloop
  endfacet
  facet normal 0 0 1
    outer loop
      vertex -12.8891 6.45952 5.2
      vertex -12.1776 6.59016 5.2
      vertex -12.2555 6.81114 5.2
    endloop
  endfacet
  facet normal 0 0 1
    outer loop
      vertex -12.8206 4.95181 5.2
      vertex -12.0742 5.0573 5.2
      vertex -12.7801 5.25502 5.2
    endloop
  endfacet
  facet normal 0 0 1
    outer loop
      vertex -12.9845 6.70454 5.2
      vertex -12.2555 6.81114 5.2
      vertex -12.3507 7.0199 5.2
    endloop
  endfacet
  facet normal 0 0 1
    outer loop
      vertex -12.0742 5.0573 5.2
      vertex -12.8206 4.95181 5.2
      vertex -12.118 4.81102 5.2
    endloop
  endfacet
  facet normal 0 0 1
    outer loop
      vertex -12.9845 6.70454 5.2
      vertex -12.3507 7.0199 5.2
      vertex -12.4622 7.21452 5.2
    endloop
  endfacet
  facet normal 0 0 1
    outer loop
      vertex -12.118 4.81102 5.2
      vertex -12.8206 4.95181 5.2
      vertex -12.1793 4.57616 5.2
    endloop
  endfacet
  facet normal 0 0 1
    outer loop
      vertex -13.1071 6.92615 5.2
      vertex -12.4622 7.21452 5.2
      vertex -12.5892 7.39308 5.2
    endloop
  endfacet
  facet normal -0 0 1
    outer loop
      vertex -12.8882 4.67442 5.2
      vertex -12.1793 4.57616 5.2
      vertex -12.8206 4.95181 5.2
    endloop
  endfacet
  facet normal 0 0 1
    outer loop
      vertex -13.257 7.12433 5.2
      vertex -12.5892 7.39308 5.2
      vertex -12.7316 7.55559 5.2
    endloop
  endfacet
  facet normal 0 0 1
    outer loop
      vertex -12.1793 4.57616 5.2
      vertex -12.8882 4.67442 5.2
      vertex -12.2581 4.35268 5.2
    endloop
  endfacet
  facet normal -0 0 1
    outer loop
      vertex -12.9829 4.42281 5.2
      vertex -12.2581 4.35268 5.2
      vertex -12.8882 4.67442 5.2
    endloop
  endfacet
  facet normal 0 0 1
    outer loop
      vertex -12.0479 5.85388 5.2
      vertex -12.7802 5.89926 5.2
      vertex -12.7665 5.584 5.2
    endloop
  endfacet
  facet normal 0 0 1
    outer loop
      vertex -12.0738 6.11154 5.2
      vertex -12.821 6.1911 5.2
      vertex -12.7802 5.89926 5.2
    endloop
  endfacet
  facet normal 0 0 1
    outer loop
      vertex -12.1776 6.59016 5.2
      vertex -12.8891 6.45952 5.2
      vertex -12.821 6.1911 5.2
    endloop
  endfacet
  facet normal 0 0 1
    outer loop
      vertex -13.257 7.12433 5.2
      vertex -12.7316 7.55559 5.2
      vertex -12.8894 7.70204 5.2
    endloop
  endfacet
  facet normal 0 0 1
    outer loop
      vertex -12.2555 6.81114 5.2
      vertex -12.9845 6.70454 5.2
      vertex -12.8891 6.45952 5.2
    endloop
  endfacet
  facet normal 0 0 1
    outer loop
      vertex -13.4317 7.29529 5.2
      vertex -12.8894 7.70204 5.2
      vertex -13.0627 7.83243 5.2
    endloop
  endfacet
  facet normal 0 0 1
    outer loop
      vertex -12.4622 7.21452 5.2
      vertex -13.1071 6.92615 5.2
      vertex -12.9845 6.70454 5.2
    endloop
  endfacet
  facet normal 0 0 1
    outer loop
      vertex -13.4317 7.29529 5.2
      vertex -13.0627 7.83243 5.2
      vertex -13.2514 7.94675 5.2
    endloop
  endfacet
  facet normal 0 0 1
    outer loop
      vertex -12.5892 7.39308 5.2
      vertex -13.257 7.12433 5.2
      vertex -13.1071 6.92615 5.2
    endloop
  endfacet
  facet normal 0 0 1
    outer loop
      vertex -12.8894 7.70204 5.2
      vertex -13.4317 7.29529 5.2
      vertex -13.257 7.12433 5.2
    endloop
  endfacet
  facet normal 0 0 1
    outer loop
      vertex -13.6289 7.43515 5.2
      vertex -13.2514 7.94675 5.2
      vertex -13.4537 8.04419 5.2
    endloop
  endfacet
  facet normal 0 0 1
    outer loop
      vertex -13.2514 7.94675 5.2
      vertex -13.6289 7.43515 5.2
      vertex -13.4317 7.29529 5.2
    endloop
  endfacet
  facet normal 0 0 1
    outer loop
      vertex -13.8486 7.54393 5.2
      vertex -13.4537 8.04419 5.2
      vertex -13.6679 8.12392 5.2
    endloop
  endfacet
  facet normal 0 0 1
    outer loop
      vertex -13.4537 8.04419 5.2
      vertex -13.8486 7.54393 5.2
      vertex -13.6289 7.43515 5.2
    endloop
  endfacet
  facet normal 0 0 1
    outer loop
      vertex -13.8938 8.18591 5.2
      vertex -13.8486 7.54393 5.2
      vertex -13.6679 8.12392 5.2
    endloop
  endfacet
  facet normal 0 0 1
    outer loop
      vertex -13.8938 8.18591 5.2
      vertex -14.0907 7.62163 5.2
      vertex -13.8486 7.54393 5.2
    endloop
  endfacet
  facet normal 0 0 1
    outer loop
      vertex -14.1316 8.23021 5.2
      vertex -14.0907 7.62163 5.2
      vertex -13.8938 8.18591 5.2
    endloop
  endfacet
  facet normal 0 0 1
    outer loop
      vertex -14.1316 8.23021 5.2
      vertex -14.3554 7.66826 5.2
      vertex -14.0907 7.62163 5.2
    endloop
  endfacet
  facet normal 0 0 1
    outer loop
      vertex -14.3811 8.25677 5.2
      vertex -14.3554 7.66826 5.2
      vertex -14.1316 8.23021 5.2
    endloop
  endfacet
  facet normal 0 0 1
    outer loop
      vertex -14.6425 7.68379 5.2
      vertex -14.3811 8.25677 5.2
      vertex -14.6425 8.26564 5.2
    endloop
  endfacet
  facet normal 0 0 1
    outer loop
      vertex -14.3811 8.25677 5.2
      vertex -14.6425 7.68379 5.2
      vertex -14.3554 7.66826 5.2
    endloop
  endfacet
  facet normal 0 0 1
    outer loop
      vertex -14.6425 8.26564 5.2
      vertex -14.932 7.66846 5.2
      vertex -14.6425 7.68379 5.2
    endloop
  endfacet
  facet normal -0 0 1
    outer loop
      vertex -15.0378 8.2459 5.2
      vertex -14.932 7.66846 5.2
      vertex -14.6425 8.26564 5.2
    endloop
  endfacet
  facet normal 0 0 1
    outer loop
      vertex -15.0378 8.2459 5.2
      vertex -15.1987 7.62247 5.2
      vertex -14.932 7.66846 5.2
    endloop
  endfacet
  facet normal -0 0 1
    outer loop
      vertex -15.403 8.18669 5.2
      vertex -15.1987 7.62247 5.2
      vertex -15.0378 8.2459 5.2
    endloop
  endfacet
  facet normal 0 0 1
    outer loop
      vertex -15.403 8.18669 5.2
      vertex -15.4426 7.54581 5.2
      vertex -15.1987 7.62247 5.2
    endloop
  endfacet
  facet normal -0 0 1
    outer loop
      vertex -15.7382 8.088 5.2
      vertex -15.4426 7.54581 5.2
      vertex -15.403 8.18669 5.2
    endloop
  endfacet
  facet normal 0 0 1
    outer loop
      vertex -15.4426 7.54581 5.2
      vertex -15.7382 8.088 5.2
      vertex -15.6637 7.43848 5.2
    endloop
  endfacet
  facet normal -0 0 1
    outer loop
      vertex -16.0433 7.94984 5.2
      vertex -15.6637 7.43848 5.2
      vertex -15.7382 8.088 5.2
    endloop
  endfacet
  facet normal 0 0 1
    outer loop
      vertex -15.6637 7.43848 5.2
      vertex -16.0433 7.94984 5.2
      vertex -15.862 7.30048 5.2
    endloop
  endfacet
  facet normal -0 0 1
    outer loop
      vertex -16.3183 7.7722 5.2
      vertex -15.862 7.30048 5.2
      vertex -16.0433 7.94984 5.2
    endloop
  endfacet
  facet normal 0 0 1
    outer loop
      vertex -15.862 7.30048 5.2
      vertex -16.3183 7.7722 5.2
      vertex -16.0375 7.13182 5.2
    endloop
  endfacet
  facet normal -0 0 1
    outer loop
      vertex -16.5634 7.5551 5.2
      vertex -16.0375 7.13182 5.2
      vertex -16.3183 7.7722 5.2
    endloop
  endfacet
  facet normal 0 0 1
    outer loop
      vertex -16.0375 7.13182 5.2
      vertex -16.5634 7.5551 5.2
      vertex -16.1879 6.93549 5.2
    endloop
  endfacet
  facet normal -0 0 1
    outer loop
      vertex -16.7742 7.30298 5.2
      vertex -16.1879 6.93549 5.2
      vertex -16.5634 7.5551 5.2
    endloop
  endfacet
  facet normal 0 0 1
    outer loop
      vertex -16.1879 6.93549 5.2
      vertex -16.7742 7.30298 5.2
      vertex -16.311 6.71451 5.2
    endloop
  endfacet
  facet normal -0 0 1
    outer loop
      vertex -16.9467 7.02031 5.2
      vertex -16.311 6.71451 5.2
      vertex -16.7742 7.30298 5.2
    endloop
  endfacet
  facet normal 0 0 1
    outer loop
      vertex -16.311 6.71451 5.2
      vertex -17.0808 6.70708 5.2
      vertex -16.4067 6.46887 5.2
    endloop
  endfacet
  facet normal 0 0 1
    outer loop
      vertex -17.0808 6.70708 5.2
      vertex -16.311 6.71451 5.2
      vertex -16.9467 7.02031 5.2
    endloop
  endfacet
  facet normal 0 0 1
    outer loop
      vertex -12.2581 4.35268 5.2
      vertex -12.9829 4.42281 5.2
      vertex -12.3544 4.14059 5.2
    endloop
  endfacet
  facet normal 0 0 1
    outer loop
      vertex -12.3544 4.14059 5.2
      vertex -12.9829 4.42281 5.2
      vertex -12.4671 3.9422 5.2
    endloop
  endfacet
  facet normal -0 0 1
    outer loop
      vertex -13.1046 4.19701 5.2
      vertex -12.4671 3.9422 5.2
      vertex -12.9829 4.42281 5.2
    endloop
  endfacet
  facet normal 0 0 1
    outer loop
      vertex -12.4671 3.9422 5.2
      vertex -13.1046 4.19701 5.2
      vertex -12.595 3.75975 5.2
    endloop
  endfacet
  facet normal -0 0 1
    outer loop
      vertex -13.2533 3.99699 5.2
      vertex -12.595 3.75975 5.2
      vertex -13.1046 4.19701 5.2
    endloop
  endfacet
  facet normal 0 0 1
    outer loop
      vertex -12.595 3.75975 5.2
      vertex -13.2533 3.99699 5.2
      vertex -12.7381 3.59326 5.2
    endloop
  endfacet
  facet normal 0 0 1
    outer loop
      vertex -12.7381 3.59326 5.2
      vertex -13.2533 3.99699 5.2
      vertex -12.8965 3.44273 5.2
    endloop
  endfacet
  facet normal -0 0 1
    outer loop
      vertex -13.4273 3.8255 5.2
      vertex -12.8965 3.44273 5.2
      vertex -13.2533 3.99699 5.2
    endloop
  endfacet
  facet normal 0 0 1
    outer loop
      vertex -12.8965 3.44273 5.2
      vertex -13.4273 3.8255 5.2
      vertex -13.07 3.30817 5.2
    endloop
  endfacet
  facet normal 0 0 1
    outer loop
      vertex -13.07 3.30817 5.2
      vertex -13.4273 3.8255 5.2
      vertex -13.2588 3.18954 5.2
    endloop
  endfacet
  facet normal -0 0 1
    outer loop
      vertex -13.6248 3.68518 5.2
      vertex -13.2588 3.18954 5.2
      vertex -13.4273 3.8255 5.2
    endloop
  endfacet
  facet normal 0 0 1
    outer loop
      vertex -13.2588 3.18954 5.2
      vertex -13.6248 3.68518 5.2
      vertex -13.4612 3.08812 5.2
    endloop
  endfacet
  facet normal -0 0 1
    outer loop
      vertex -13.8458 3.57603 5.2
      vertex -13.4612 3.08812 5.2
      vertex -13.6248 3.68518 5.2
    endloop
  endfacet
  facet normal 0 0 1
    outer loop
      vertex -13.4612 3.08812 5.2
      vertex -13.8458 3.57603 5.2
      vertex -13.6753 3.00514 5.2
    endloop
  endfacet
  facet normal 0 0 1
    outer loop
      vertex -13.8458 3.57603 5.2
      vertex -13.9013 2.9406 5.2
      vertex -13.6753 3.00514 5.2
    endloop
  endfacet
  facet normal -0 0 1
    outer loop
      vertex -14.0904 3.49808 5.2
      vertex -13.9013 2.9406 5.2
      vertex -13.8458 3.57603 5.2
    endloop
  endfacet
  facet normal 0 0 1
    outer loop
      vertex -14.0904 3.49808 5.2
      vertex -14.139 2.8945 5.2
      vertex -13.9013 2.9406 5.2
    endloop
  endfacet
  facet normal -0 0 1
    outer loop
      vertex -14.3584 3.45131 5.2
      vertex -14.139 2.8945 5.2
      vertex -14.0904 3.49808 5.2
    endloop
  endfacet
  facet normal 0 0 1
    outer loop
      vertex -14.3584 3.45131 5.2
      vertex -14.3886 2.86684 5.2
      vertex -14.139 2.8945 5.2
    endloop
  endfacet
  facet normal -0 0 1
    outer loop
      vertex -14.65 3.43571 5.2
      vertex -14.3886 2.86684 5.2
      vertex -14.3584 3.45131 5.2
    endloop
  endfacet
  facet normal 0 0 1
    outer loop
      vertex -14.65 3.43571 5.2
      vertex -14.65 2.85762 5.2
      vertex -14.3886 2.86684 5.2
    endloop
  endfacet
  facet normal 0 0 1
    outer loop
      vertex -14.65 3.43571 5.2
      vertex -14.9136 2.86673 5.2
      vertex -14.65 2.85762 5.2
    endloop
  endfacet
  facet normal 0 0 1
    outer loop
      vertex -14.9339 3.45183 5.2
      vertex -14.9136 2.86673 5.2
      vertex -14.65 3.43571 5.2
    endloop
  endfacet
  facet normal 0 0 1
    outer loop
      vertex -14.9339 3.45183 5.2
      vertex -15.1649 2.89407 5.2
      vertex -14.9136 2.86673 5.2
    endloop
  endfacet
  facet normal 0 0 1
    outer loop
      vertex -15.1964 3.50015 5.2
      vertex -15.1649 2.89407 5.2
      vertex -14.9339 3.45183 5.2
    endloop
  endfacet
  facet normal 0 0 1
    outer loop
      vertex -15.1964 3.50015 5.2
      vertex -15.4039 2.93967 5.2
      vertex -15.1649 2.89407 5.2
    endloop
  endfacet
  facet normal 0 0 1
    outer loop
      vertex -15.4375 3.5807 5.2
      vertex -15.4039 2.93967 5.2
      vertex -15.1964 3.50015 5.2
    endloop
  endfacet
  facet normal 0 0 1
    outer loop
      vertex -15.4375 3.5807 5.2
      vertex -15.6305 3.00348 5.2
      vertex -15.4039 2.93967 5.2
    endloop
  endfacet
  facet normal 0 0 1
    outer loop
      vertex -15.8448 3.08553 5.2
      vertex -15.4375 3.5807 5.2
      vertex -15.657 3.69347 5.2
    endloop
  endfacet
  facet normal 0 0 1
    outer loop
      vertex -15.4375 3.5807 5.2
      vertex -15.8448 3.08553 5.2
      vertex -15.6305 3.00348 5.2
    endloop
  endfacet
  facet normal 0 0 1
    outer loop
      vertex -16.0468 3.18581 5.2
      vertex -15.657 3.69347 5.2
      vertex -15.8552 3.83844 5.2
    endloop
  endfacet
  facet normal 0 0 1
    outer loop
      vertex -16.4075 3.43715 5.2
      vertex -15.8552 3.83844 5.2
      vertex -16.0319 4.01564 5.2
    endloop
  endfacet
  facet normal 0 0 1
    outer loop
      vertex -15.657 3.69347 5.2
      vertex -16.0468 3.18581 5.2
      vertex -15.8448 3.08553 5.2
    endloop
  endfacet
  facet normal 0 0 1
    outer loop
      vertex -16.7065 3.75354 5.2
      vertex -16.0319 4.01564 5.2
      vertex -16.184 4.22031 5.2
    endloop
  endfacet
  facet normal 0 0 1
    outer loop
      vertex -15.8552 3.83844 5.2
      vertex -16.2349 3.30334 5.2
      vertex -16.0468 3.18581 5.2
    endloop
  endfacet
  facet normal 0 0 1
    outer loop
      vertex -16.8329 3.93614 5.2
      vertex -16.184 4.22031 5.2
      vertex -16.3085 4.44768 5.2
    endloop
  endfacet
  facet normal 0 0 1
    outer loop
      vertex -17.0384 4.34775 5.2
      vertex -16.3085 4.44768 5.2
      vertex -16.4053 4.69772 5.2
    endloop
  endfacet
  facet normal 0 0 1
    outer loop
      vertex -15.8552 3.83844 5.2
      vertex -16.4075 3.43715 5.2
      vertex -16.2349 3.30334 5.2
    endloop
  endfacet
  facet normal 0 0 1
    outer loop
      vertex -17.1158 4.57199 5.2
      vertex -16.4053 4.69772 5.2
      vertex -16.4745 4.97046 5.2
    endloop
  endfacet
  facet normal -0 0 1
    outer loop
      vertex -17.2189 5.05501 5.2
      vertex -16.4745 4.97046 5.2
      vertex -16.516 5.2659 5.2
    endloop
  endfacet
  facet normal 0 0 1
    outer loop
      vertex -16.0319 4.01564 5.2
      vertex -16.5647 3.58722 5.2
      vertex -16.4075 3.43715 5.2
    endloop
  endfacet
  facet normal -0 0 1
    outer loop
      vertex -17.2447 5.31377 5.2
      vertex -16.516 5.2659 5.2
      vertex -16.5298 5.584 5.2
    endloop
  endfacet
  facet normal 0 0 1
    outer loop
      vertex -17.1767 6.36328 5.2
      vertex -16.4067 6.46887 5.2
      vertex -17.0808 6.70708 5.2
    endloop
  endfacet
  facet normal 0 0 1
    outer loop
      vertex -16.516 5.2659 5.2
      vertex -17.2447 5.31377 5.2
      vertex -17.2189 5.05501 5.2
    endloop
  endfacet
  facet normal 0 0 1
    outer loop
      vertex -16.4067 6.46887 5.2
      vertex -17.1767 6.36328 5.2
      vertex -16.4751 6.19858 5.2
    endloop
  endfacet
  facet normal 0 0 1
    outer loop
      vertex -16.4745 4.97046 5.2
      vertex -17.2189 5.05501 5.2
      vertex -17.1759 4.80775 5.2
    endloop
  endfacet
  facet normal 0 0 1
    outer loop
      vertex -16.4745 4.97046 5.2
      vertex -17.1759 4.80775 5.2
      vertex -17.1158 4.57199 5.2
    endloop
  endfacet
  facet normal 0 0 1
    outer loop
      vertex -17.2342 5.98892 5.2
      vertex -16.4751 6.19858 5.2
      vertex -17.1767 6.36328 5.2
    endloop
  endfacet
  facet normal 0 0 1
    outer loop
      vertex -16.4053 4.69772 5.2
      vertex -17.1158 4.57199 5.2
      vertex -17.0384 4.34775 5.2
    endloop
  endfacet
  facet normal 0 0 1
    outer loop
      vertex -16.4751 6.19858 5.2
      vertex -17.2342 5.98892 5.2
      vertex -16.5161 5.90363 5.2
    endloop
  endfacet
  facet normal 0 0 1
    outer loop
      vertex -16.184 4.22031 5.2
      vertex -16.8329 3.93614 5.2
      vertex -16.7065 3.75354 5.2
    endloop
  endfacet
  facet normal 0 0 1
    outer loop
      vertex -16.0319 4.01564 5.2
      vertex -16.7065 3.75354 5.2
      vertex -16.5647 3.58722 5.2
    endloop
  endfacet
  facet normal 0 0 1
    outer loop
      vertex -17.2533 5.584 5.2
      vertex -16.5161 5.90363 5.2
      vertex -17.2342 5.98892 5.2
    endloop
  endfacet
  facet normal 0 0 1
    outer loop
      vertex -16.3085 4.44768 5.2
      vertex -17.0384 4.34775 5.2
      vertex -16.9438 4.13499 5.2
    endloop
  endfacet
  facet normal 0 0 1
    outer loop
      vertex -16.5161 5.90363 5.2
      vertex -17.2533 5.584 5.2
      vertex -16.5298 5.584 5.2
    endloop
  endfacet
  facet normal 0 0 1
    outer loop
      vertex -16.3085 4.44768 5.2
      vertex -16.9438 4.13499 5.2
      vertex -16.8329 3.93614 5.2
    endloop
  endfacet
  facet normal 0 0 1
    outer loop
      vertex -16.5298 5.584 5.2
      vertex -17.2533 5.584 5.2
      vertex -17.2447 5.31377 5.2
    endloop
  endfacet
  facet normal 0 0 1
    outer loop
      vertex 21.6369 5.584 5.2
      vertex 22.3642 5.584 5.2
      vertex 22.3555 5.85388 5.2
    endloop
  endfacet
  facet normal -0 0 1
    outer loop
      vertex 21.6232 5.89926 5.2
      vertex 22.3555 5.85388 5.2
      vertex 22.3296 6.11154 5.2
    endloop
  endfacet
  facet normal 0 0 1
    outer loop
      vertex 22.3642 5.584 5.2
      vertex 21.6369 5.584 5.2
      vertex 22.3554 5.31496 5.2
    endloop
  endfacet
  facet normal -0 0 1
    outer loop
      vertex 21.5824 6.1911 5.2
      vertex 22.3296 6.11154 5.2
      vertex 22.2863 6.35696 5.2
    endloop
  endfacet
  facet normal 0 0 1
    outer loop
      vertex 21.6234 5.25502 5.2
      vertex 22.3554 5.31496 5.2
      vertex 21.6369 5.584 5.2
    endloop
  endfacet
  facet normal 0 0 1
    outer loop
      vertex 21.5824 6.1911 5.2
      vertex 22.2863 6.35696 5.2
      vertex 22.2258 6.59016 5.2
    endloop
  endfacet
  facet normal 0 0 1
    outer loop
      vertex 22.3554 5.31496 5.2
      vertex 21.6234 5.25502 5.2
      vertex 22.3292 5.0573 5.2
    endloop
  endfacet
  facet normal 0 0 1
    outer loop
      vertex 21.5143 6.45952 5.2
      vertex 22.2258 6.59016 5.2
      vertex 22.1479 6.81114 5.2
    endloop
  endfacet
  facet normal 0 0 1
    outer loop
      vertex 21.5828 4.95181 5.2
      vertex 22.3292 5.0573 5.2
      vertex 21.6234 5.25502 5.2
    endloop
  endfacet
  facet normal 0 0 1
    outer loop
      vertex 21.4189 6.70454 5.2
      vertex 22.1479 6.81114 5.2
      vertex 22.0527 7.0199 5.2
    endloop
  endfacet
  facet normal 0 0 1
    outer loop
      vertex 22.3292 5.0573 5.2
      vertex 21.5828 4.95181 5.2
      vertex 22.2854 4.81102 5.2
    endloop
  endfacet
  facet normal 0 0 1
    outer loop
      vertex 21.4189 6.70454 5.2
      vertex 22.0527 7.0199 5.2
      vertex 21.9412 7.21452 5.2
    endloop
  endfacet
  facet normal 0 0 1
    outer loop
      vertex 22.2854 4.81102 5.2
      vertex 21.5828 4.95181 5.2
      vertex 22.2241 4.57616 5.2
    endloop
  endfacet
  facet normal 0 0 1
    outer loop
      vertex 21.2963 6.92615 5.2
      vertex 21.9412 7.21452 5.2
      vertex 21.8142 7.39308 5.2
    endloop
  endfacet
  facet normal -0 0 1
    outer loop
      vertex 21.5152 4.67442 5.2
      vertex 22.2241 4.57616 5.2
      vertex 21.5828 4.95181 5.2
    endloop
  endfacet
  facet normal 0 0 1
    outer loop
      vertex 21.1464 7.12433 5.2
      vertex 21.8142 7.39308 5.2
      vertex 21.6718 7.55559 5.2
    endloop
  endfacet
  facet normal 0 0 1
    outer loop
      vertex 22.2241 4.57616 5.2
      vertex 21.5152 4.67442 5.2
      vertex 22.1453 4.35268 5.2
    endloop
  endfacet
  facet normal -0 0 1
    outer loop
      vertex 21.4205 4.42281 5.2
      vertex 22.1453 4.35268 5.2
      vertex 21.5152 4.67442 5.2
    endloop
  endfacet
  facet normal 0 0 1
    outer loop
      vertex 22.3555 5.85388 5.2
      vertex 21.6232 5.89926 5.2
      vertex 21.6369 5.584 5.2
    endloop
  endfacet
  facet normal 0 0 1
    outer loop
      vertex 22.3296 6.11154 5.2
      vertex 21.5824 6.1911 5.2
      vertex 21.6232 5.89926 5.2
    endloop
  endfacet
  facet normal 0 0 1
    outer loop
      vertex 22.2258 6.59016 5.2
      vertex 21.5143 6.45952 5.2
      vertex 21.5824 6.1911 5.2
    endloop
  endfacet
  facet normal 0 0 1
    outer loop
      vertex 21.1464 7.12433 5.2
      vertex 21.6718 7.55559 5.2
      vertex 21.514 7.70204 5.2
    endloop
  endfacet
  facet normal 0 0 1
    outer loop
      vertex 22.1479 6.81114 5.2
      vertex 21.4189 6.70454 5.2
      vertex 21.5143 6.45952 5.2
    endloop
  endfacet
  facet normal 0 0 1
    outer loop
      vertex 20.9717 7.29529 5.2
      vertex 21.514 7.70204 5.2
      vertex 21.3407 7.83243 5.2
    endloop
  endfacet
  facet normal 0 0 1
    outer loop
      vertex 21.9412 7.21452 5.2
      vertex 21.2963 6.92615 5.2
      vertex 21.4189 6.70454 5.2
    endloop
  endfacet
  facet normal 0 0 1
    outer loop
      vertex 20.9717 7.29529 5.2
      vertex 21.3407 7.83243 5.2
      vertex 21.152 7.94675 5.2
    endloop
  endfacet
  facet normal 0 0 1
    outer loop
      vertex 21.8142 7.39308 5.2
      vertex 21.1464 7.12433 5.2
      vertex 21.2963 6.92615 5.2
    endloop
  endfacet
  facet normal 0 0 1
    outer loop
      vertex 21.514 7.70204 5.2
      vertex 20.9717 7.29529 5.2
      vertex 21.1464 7.12433 5.2
    endloop
  endfacet
  facet normal 0 0 1
    outer loop
      vertex 20.7745 7.43515 5.2
      vertex 21.152 7.94675 5.2
      vertex 20.9497 8.04419 5.2
    endloop
  endfacet
  facet normal 0 0 1
    outer loop
      vertex 21.152 7.94675 5.2
      vertex 20.7745 7.43515 5.2
      vertex 20.9717 7.29529 5.2
    endloop
  endfacet
  facet normal 0 0 1
    outer loop
      vertex 20.5548 7.54393 5.2
      vertex 20.9497 8.04419 5.2
      vertex 20.7355 8.12392 5.2
    endloop
  endfacet
  facet normal 0 0 1
    outer loop
      vertex 20.9497 8.04419 5.2
      vertex 20.5548 7.54393 5.2
      vertex 20.7745 7.43515 5.2
    endloop
  endfacet
  facet normal 0 0 1
    outer loop
      vertex 20.5096 8.18591 5.2
      vertex 20.5548 7.54393 5.2
      vertex 20.7355 8.12392 5.2
    endloop
  endfacet
  facet normal 0 0 1
    outer loop
      vertex 20.5096 8.18591 5.2
      vertex 20.3127 7.62163 5.2
      vertex 20.5548 7.54393 5.2
    endloop
  endfacet
  facet normal 0 0 1
    outer loop
      vertex 20.2718 8.23021 5.2
      vertex 20.3127 7.62163 5.2
      vertex 20.5096 8.18591 5.2
    endloop
  endfacet
  facet normal 0 0 1
    outer loop
      vertex 20.2718 8.23021 5.2
      vertex 20.048 7.66826 5.2
      vertex 20.3127 7.62163 5.2
    endloop
  endfacet
  facet normal 0 0 1
    outer loop
      vertex 20.0222 8.25677 5.2
      vertex 20.048 7.66826 5.2
      vertex 20.2718 8.23021 5.2
    endloop
  endfacet
  facet normal 0 0 1
    outer loop
      vertex 19.7609 7.68379 5.2
      vertex 20.0222 8.25677 5.2
      vertex 19.7609 8.26564 5.2
    endloop
  endfacet
  facet normal 0 0 1
    outer loop
      vertex 20.0222 8.25677 5.2
      vertex 19.7609 7.68379 5.2
      vertex 20.048 7.66826 5.2
    endloop
  endfacet
  facet normal 0 0 1
    outer loop
      vertex 19.7609 8.26564 5.2
      vertex 19.4714 7.66846 5.2
      vertex 19.7609 7.68379 5.2
    endloop
  endfacet
  facet normal -0 0 1
    outer loop
      vertex 19.3656 8.2459 5.2
      vertex 19.4714 7.66846 5.2
      vertex 19.7609 8.26564 5.2
    endloop
  endfacet
  facet normal 0 0 1
    outer loop
      vertex 19.3656 8.2459 5.2
      vertex 19.2047 7.62247 5.2
      vertex 19.4714 7.66846 5.2
    endloop
  endfacet
  facet normal -0 0 1
    outer loop
      vertex 19.0004 8.18669 5.2
      vertex 19.2047 7.62247 5.2
      vertex 19.3656 8.2459 5.2
    endloop
  endfacet
  facet normal 0 0 1
    outer loop
      vertex 19.0004 8.18669 5.2
      vertex 18.9608 7.54581 5.2
      vertex 19.2047 7.62247 5.2
    endloop
  endfacet
  facet normal -0 0 1
    outer loop
      vertex 18.6652 8.088 5.2
      vertex 18.9608 7.54581 5.2
      vertex 19.0004 8.18669 5.2
    endloop
  endfacet
  facet normal 0 0 1
    outer loop
      vertex 18.9608 7.54581 5.2
      vertex 18.6652 8.088 5.2
      vertex 18.7397 7.43848 5.2
    endloop
  endfacet
  facet normal -0 0 1
    outer loop
      vertex 18.3601 7.94984 5.2
      vertex 18.7397 7.43848 5.2
      vertex 18.6652 8.088 5.2
    endloop
  endfacet
  facet normal 0 0 1
    outer loop
      vertex 18.7397 7.43848 5.2
      vertex 18.3601 7.94984 5.2
      vertex 18.5414 7.30048 5.2
    endloop
  endfacet
  facet normal -0 0 1
    outer loop
      vertex 18.0851 7.7722 5.2
      vertex 18.5414 7.30048 5.2
      vertex 18.3601 7.94984 5.2
    endloop
  endfacet
  facet normal 0 0 1
    outer loop
      vertex 18.5414 7.30048 5.2
      vertex 18.0851 7.7722 5.2
      vertex 18.3659 7.13182 5.2
    endloop
  endfacet
  facet normal -0 0 1
    outer loop
      vertex 17.8401 7.5551 5.2
      vertex 18.3659 7.13182 5.2
      vertex 18.0851 7.7722 5.2
    endloop
  endfacet
  facet normal 0 0 1
    outer loop
      vertex 18.3659 7.13182 5.2
      vertex 17.8401 7.5551 5.2
      vertex 18.2155 6.93549 5.2
    endloop
  endfacet
  facet normal -0 0 1
    outer loop
      vertex 17.6292 7.30298 5.2
      vertex 18.2155 6.93549 5.2
      vertex 17.8401 7.5551 5.2
    endloop
  endfacet
  facet normal 0 0 1
    outer loop
      vertex 18.2155 6.93549 5.2
      vertex 17.6292 7.30298 5.2
      vertex 18.0924 6.71451 5.2
    endloop
  endfacet
  facet normal -0 0 1
    outer loop
      vertex 17.4567 7.02031 5.2
      vertex 18.0924 6.71451 5.2
      vertex 17.6292 7.30298 5.2
    endloop
  endfacet
  facet normal 0 0 1
    outer loop
      vertex 18.0924 6.71451 5.2
      vertex 17.3226 6.70708 5.2
      vertex 17.9967 6.46887 5.2
    endloop
  endfacet
  facet normal 0 0 1
    outer loop
      vertex 17.3226 6.70708 5.2
      vertex 18.0924 6.71451 5.2
      vertex 17.4567 7.02031 5.2
    endloop
  endfacet
  facet normal 0 0 1
    outer loop
      vertex 22.1453 4.35268 5.2
      vertex 21.4205 4.42281 5.2
      vertex 22.049 4.14059 5.2
    endloop
  endfacet
  facet normal 0 0 1
    outer loop
      vertex 22.049 4.14059 5.2
      vertex 21.4205 4.42281 5.2
      vertex 21.9363 3.9422 5.2
    endloop
  endfacet
  facet normal -0 0 1
    outer loop
      vertex 21.2988 4.19701 5.2
      vertex 21.9363 3.9422 5.2
      vertex 21.4205 4.42281 5.2
    endloop
  endfacet
  facet normal 0 0 1
    outer loop
      vertex 21.9363 3.9422 5.2
      vertex 21.2988 4.19701 5.2
      vertex 21.8084 3.75975 5.2
    endloop
  endfacet
  facet normal -0 0 1
    outer loop
      vertex 21.1501 3.99699 5.2
      vertex 21.8084 3.75975 5.2
      vertex 21.2988 4.19701 5.2
    endloop
  endfacet
  facet normal 0 0 1
    outer loop
      vertex 21.8084 3.75975 5.2
      vertex 21.1501 3.99699 5.2
      vertex 21.6653 3.59326 5.2
    endloop
  endfacet
  facet normal 0 0 1
    outer loop
      vertex 21.6653 3.59326 5.2
      vertex 21.1501 3.99699 5.2
      vertex 21.5069 3.44273 5.2
    endloop
  endfacet
  facet normal -0 0 1
    outer loop
      vertex 20.9761 3.8255 5.2
      vertex 21.5069 3.44273 5.2
      vertex 21.1501 3.99699 5.2
    endloop
  endfacet
  facet normal 0 0 1
    outer loop
      vertex 21.5069 3.44273 5.2
      vertex 20.9761 3.8255 5.2
      vertex 21.3334 3.30817 5.2
    endloop
  endfacet
  facet normal 0 0 1
    outer loop
      vertex 21.3334 3.30817 5.2
      vertex 20.9761 3.8255 5.2
      vertex 21.1446 3.18954 5.2
    endloop
  endfacet
  facet normal -0 0 1
    outer loop
      vertex 20.7786 3.68518 5.2
      vertex 21.1446 3.18954 5.2
      vertex 20.9761 3.8255 5.2
    endloop
  endfacet
  facet normal 0 0 1
    outer loop
      vertex 21.1446 3.18954 5.2
      vertex 20.7786 3.68518 5.2
      vertex 20.9422 3.08812 5.2
    endloop
  endfacet
  facet normal -0 0 1
    outer loop
      vertex 20.5576 3.57603 5.2
      vertex 20.9422 3.08812 5.2
      vertex 20.7786 3.68518 5.2
    endloop
  endfacet
  facet normal 0 0 1
    outer loop
      vertex 20.9422 3.08812 5.2
      vertex 20.5576 3.57603 5.2
      vertex 20.7281 3.00514 5.2
    endloop
  endfacet
  facet normal 0 0 1
    outer loop
      vertex 20.5576 3.57603 5.2
      vertex 20.5021 2.9406 5.2
      vertex 20.7281 3.00514 5.2
    endloop
  endfacet
  facet normal -0 0 1
    outer loop
      vertex 20.313 3.49808 5.2
      vertex 20.5021 2.9406 5.2
      vertex 20.5576 3.57603 5.2
    endloop
  endfacet
  facet normal 0 0 1
    outer loop
      vertex 20.313 3.49808 5.2
      vertex 20.2644 2.8945 5.2
      vertex 20.5021 2.9406 5.2
    endloop
  endfacet
  facet normal -0 0 1
    outer loop
      vertex 20.045 3.45131 5.2
      vertex 20.2644 2.8945 5.2
      vertex 20.313 3.49808 5.2
    endloop
  endfacet
  facet normal 0 0 1
    outer loop
      vertex 20.045 3.45131 5.2
      vertex 20.0148 2.86684 5.2
      vertex 20.2644 2.8945 5.2
    endloop
  endfacet
  facet normal -0 0 1
    outer loop
      vertex 19.7534 3.43571 5.2
      vertex 20.0148 2.86684 5.2
      vertex 20.045 3.45131 5.2
    endloop
  endfacet
  facet normal 0 0 1
    outer loop
      vertex 19.7534 3.43571 5.2
      vertex 19.7534 2.85762 5.2
      vertex 20.0148 2.86684 5.2
    endloop
  endfacet
  facet normal 0 0 1
    outer loop
      vertex 19.7534 3.43571 5.2
      vertex 19.4898 2.86673 5.2
      vertex 19.7534 2.85762 5.2
    endloop
  endfacet
  facet normal 0 0 1
    outer loop
      vertex 19.4695 3.45183 5.2
      vertex 19.4898 2.86673 5.2
      vertex 19.7534 3.43571 5.2
    endloop
  endfacet
  facet normal 0 0 1
    outer loop
      vertex 19.4695 3.45183 5.2
      vertex 19.2385 2.89407 5.2
      vertex 19.4898 2.86673 5.2
    endloop
  endfacet
  facet normal 0 0 1
    outer loop
      vertex 19.207 3.50015 5.2
      vertex 19.2385 2.89407 5.2
      vertex 19.4695 3.45183 5.2
    endloop
  endfacet
  facet normal 0 0 1
    outer loop
      vertex 19.207 3.50015 5.2
      vertex 18.9995 2.93967 5.2
      vertex 19.2385 2.89407 5.2
    endloop
  endfacet
  facet normal 0 0 1
    outer loop
      vertex 18.9659 3.5807 5.2
      vertex 18.9995 2.93967 5.2
      vertex 19.207 3.50015 5.2
    endloop
  endfacet
  facet normal 0 0 1
    outer loop
      vertex 18.9659 3.5807 5.2
      vertex 18.7729 3.00348 5.2
      vertex 18.9995 2.93967 5.2
    endloop
  endfacet
  facet normal 0 0 1
    outer loop
      vertex 18.5586 3.08553 5.2
      vertex 18.9659 3.5807 5.2
      vertex 18.7464 3.69347 5.2
    endloop
  endfacet
  facet normal 0 0 1
    outer loop
      vertex 18.9659 3.5807 5.2
      vertex 18.5586 3.08553 5.2
      vertex 18.7729 3.00348 5.2
    endloop
  endfacet
  facet normal 0 0 1
    outer loop
      vertex 18.3566 3.18581 5.2
      vertex 18.7464 3.69347 5.2
      vertex 18.5482 3.83844 5.2
    endloop
  endfacet
  facet normal 0 0 1
    outer loop
      vertex 17.9959 3.43715 5.2
      vertex 18.5482 3.83844 5.2
      vertex 18.3715 4.01564 5.2
    endloop
  endfacet
  facet normal 0 0 1
    outer loop
      vertex 18.7464 3.69347 5.2
      vertex 18.3566 3.18581 5.2
      vertex 18.5586 3.08553 5.2
    endloop
  endfacet
  facet normal 0 0 1
    outer loop
      vertex 17.6969 3.75354 5.2
      vertex 18.3715 4.01564 5.2
      vertex 18.2194 4.22031 5.2
    endloop
  endfacet
  facet normal 0 0 1
    outer loop
      vertex 18.5482 3.83844 5.2
      vertex 18.1685 3.30334 5.2
      vertex 18.3566 3.18581 5.2
    endloop
  endfacet
  facet normal 0 0 1
    outer loop
      vertex 17.5705 3.93614 5.2
      vertex 18.2194 4.22031 5.2
      vertex 18.0949 4.44768 5.2
    endloop
  endfacet
  facet normal 0 0 1
    outer loop
      vertex 17.365 4.34775 5.2
      vertex 18.0949 4.44768 5.2
      vertex 17.9981 4.69772 5.2
    endloop
  endfacet
  facet normal 0 0 1
    outer loop
      vertex 18.5482 3.83844 5.2
      vertex 17.9959 3.43715 5.2
      vertex 18.1685 3.30334 5.2
    endloop
  endfacet
  facet normal 0 0 1
    outer loop
      vertex 17.2876 4.57199 5.2
      vertex 17.9981 4.69772 5.2
      vertex 17.9289 4.97046 5.2
    endloop
  endfacet
  facet normal -0 0 1
    outer loop
      vertex 17.1845 5.05501 5.2
      vertex 17.9289 4.97046 5.2
      vertex 17.8874 5.2659 5.2
    endloop
  endfacet
  facet normal 0 0 1
    outer loop
      vertex 18.3715 4.01564 5.2
      vertex 17.8387 3.58722 5.2
      vertex 17.9959 3.43715 5.2
    endloop
  endfacet
  facet normal -0 0 1
    outer loop
      vertex 17.1587 5.31377 5.2
      vertex 17.8874 5.2659 5.2
      vertex 17.8736 5.584 5.2
    endloop
  endfacet
  facet normal 0 0 1
    outer loop
      vertex 17.2267 6.36328 5.2
      vertex 17.9967 6.46887 5.2
      vertex 17.3226 6.70708 5.2
    endloop
  endfacet
  facet normal 0 0 1
    outer loop
      vertex 17.8874 5.2659 5.2
      vertex 17.1587 5.31377 5.2
      vertex 17.1845 5.05501 5.2
    endloop
  endfacet
  facet normal 0 0 1
    outer loop
      vertex 17.9967 6.46887 5.2
      vertex 17.2267 6.36328 5.2
      vertex 17.9283 6.19858 5.2
    endloop
  endfacet
  facet normal 0 0 1
    outer loop
      vertex 17.9289 4.97046 5.2
      vertex 17.1845 5.05501 5.2
      vertex 17.2275 4.80775 5.2
    endloop
  endfacet
  facet normal 0 0 1
    outer loop
      vertex 17.9289 4.97046 5.2
      vertex 17.2275 4.80775 5.2
      vertex 17.2876 4.57199 5.2
    endloop
  endfacet
  facet normal 0 0 1
    outer loop
      vertex 17.1692 5.98892 5.2
      vertex 17.9283 6.19858 5.2
      vertex 17.2267 6.36328 5.2
    endloop
  endfacet
  facet normal 0 0 1
    outer loop
      vertex 17.9981 4.69772 5.2
      vertex 17.2876 4.57199 5.2
      vertex 17.365 4.34775 5.2
    endloop
  endfacet
  facet normal 0 0 1
    outer loop
      vertex 17.9283 6.19858 5.2
      vertex 17.1692 5.98892 5.2
      vertex 17.8873 5.90363 5.2
    endloop
  endfacet
  facet normal 0 0 1
    outer loop
      vertex 18.2194 4.22031 5.2
      vertex 17.5705 3.93614 5.2
      vertex 17.6969 3.75354 5.2
    endloop
  endfacet
  facet normal 0 0 1
    outer loop
      vertex 18.3715 4.01564 5.2
      vertex 17.6969 3.75354 5.2
      vertex 17.8387 3.58722 5.2
    endloop
  endfacet
  facet normal 0 0 1
    outer loop
      vertex 17.1501 5.584 5.2
      vertex 17.8873 5.90363 5.2
      vertex 17.1692 5.98892 5.2
    endloop
  endfacet
  facet normal 0 0 1
    outer loop
      vertex 18.0949 4.44768 5.2
      vertex 17.365 4.34775 5.2
      vertex 17.4596 4.13499 5.2
    endloop
  endfacet
  facet normal 0 0 1
    outer loop
      vertex 17.8873 5.90363 5.2
      vertex 17.1501 5.584 5.2
      vertex 17.8736 5.584 5.2
    endloop
  endfacet
  facet normal 0 0 1
    outer loop
      vertex 18.0949 4.44768 5.2
      vertex 17.4596 4.13499 5.2
      vertex 17.5705 3.93614 5.2
    endloop
  endfacet
  facet normal 0 0 1
    outer loop
      vertex 17.8736 5.584 5.2
      vertex 17.1501 5.584 5.2
      vertex 17.1587 5.31377 5.2
    endloop
  endfacet
  facet normal 0 0 1
    outer loop
      vertex 10.0319 5.584 5.2
      vertex 10.7592 5.584 5.2
      vertex 10.7505 5.85388 5.2
    endloop
  endfacet
  facet normal -0 0 1
    outer loop
      vertex 10.0182 5.89926 5.2
      vertex 10.7505 5.85388 5.2
      vertex 10.7246 6.11154 5.2
    endloop
  endfacet
  facet normal 0 0 1
    outer loop
      vertex 10.7592 5.584 5.2
      vertex 10.0319 5.584 5.2
      vertex 10.7504 5.31496 5.2
    endloop
  endfacet
  facet normal -0 0 1
    outer loop
      vertex 9.97737 6.1911 5.2
      vertex 10.7246 6.11154 5.2
      vertex 10.6813 6.35696 5.2
    endloop
  endfacet
  facet normal 0 0 1
    outer loop
      vertex 10.0183 5.25502 5.2
      vertex 10.7504 5.31496 5.2
      vertex 10.0319 5.584 5.2
    endloop
  endfacet
  facet normal 0 0 1
    outer loop
      vertex 9.97737 6.1911 5.2
      vertex 10.6813 6.35696 5.2
      vertex 10.6208 6.59016 5.2
    endloop
  endfacet
  facet normal 0 0 1
    outer loop
      vertex 10.7504 5.31496 5.2
      vertex 10.0183 5.25502 5.2
      vertex 10.7242 5.0573 5.2
    endloop
  endfacet
  facet normal 0 0 1
    outer loop
      vertex 9.90926 6.45952 5.2
      vertex 10.6208 6.59016 5.2
      vertex 10.5429 6.81114 5.2
    endloop
  endfacet
  facet normal 0 0 1
    outer loop
      vertex 9.97778 4.95181 5.2
      vertex 10.7242 5.0573 5.2
      vertex 10.0183 5.25502 5.2
    endloop
  endfacet
  facet normal 0 0 1
    outer loop
      vertex 9.81389 6.70454 5.2
      vertex 10.5429 6.81114 5.2
      vertex 10.4477 7.0199 5.2
    endloop
  endfacet
  facet normal 0 0 1
    outer loop
      vertex 10.7242 5.0573 5.2
      vertex 9.97778 4.95181 5.2
      vertex 10.6804 4.81102 5.2
    endloop
  endfacet
  facet normal 0 0 1
    outer loop
      vertex 9.81389 6.70454 5.2
      vertex 10.4477 7.0199 5.2
      vertex 10.3362 7.21452 5.2
    endloop
  endfacet
  facet normal 0 0 1
    outer loop
      vertex 10.6804 4.81102 5.2
      vertex 9.97778 4.95181 5.2
      vertex 10.6191 4.57616 5.2
    endloop
  endfacet
  facet normal 0 0 1
    outer loop
      vertex 9.69128 6.92615 5.2
      vertex 10.3362 7.21452 5.2
      vertex 10.2092 7.39308 5.2
    endloop
  endfacet
  facet normal -0 0 1
    outer loop
      vertex 9.91017 4.67442 5.2
      vertex 10.6191 4.57616 5.2
      vertex 9.97778 4.95181 5.2
    endloop
  endfacet
  facet normal 0 0 1
    outer loop
      vertex 9.54143 7.12433 5.2
      vertex 10.2092 7.39308 5.2
      vertex 10.0668 7.55559 5.2
    endloop
  endfacet
  facet normal 0 0 1
    outer loop
      vertex 10.6191 4.57616 5.2
      vertex 9.91017 4.67442 5.2
      vertex 10.5403 4.35268 5.2
    endloop
  endfacet
  facet normal -0 0 1
    outer loop
      vertex 9.81554 4.42281 5.2
      vertex 10.5403 4.35268 5.2
      vertex 9.91017 4.67442 5.2
    endloop
  endfacet
  facet normal 0 0 1
    outer loop
      vertex 10.7505 5.85388 5.2
      vertex 10.0182 5.89926 5.2
      vertex 10.0319 5.584 5.2
    endloop
  endfacet
  facet normal 0 0 1
    outer loop
      vertex 10.7246 6.11154 5.2
      vertex 9.97737 6.1911 5.2
      vertex 10.0182 5.89926 5.2
    endloop
  endfacet
  facet normal 0 0 1
    outer loop
      vertex 10.6208 6.59016 5.2
      vertex 9.90926 6.45952 5.2
      vertex 9.97737 6.1911 5.2
    endloop
  endfacet
  facet normal 0 0 1
    outer loop
      vertex 9.54143 7.12433 5.2
      vertex 10.0668 7.55559 5.2
      vertex 9.909 7.70204 5.2
    endloop
  endfacet
  facet normal 0 0 1
    outer loop
      vertex 10.5429 6.81114 5.2
      vertex 9.81389 6.70454 5.2
      vertex 9.90926 6.45952 5.2
    endloop
  endfacet
  facet normal 0 0 1
    outer loop
      vertex 9.36671 7.29529 5.2
      vertex 9.909 7.70204 5.2
      vertex 9.7357 7.83243 5.2
    endloop
  endfacet
  facet normal 0 0 1
    outer loop
      vertex 10.3362 7.21452 5.2
      vertex 9.69128 6.92615 5.2
      vertex 9.81389 6.70454 5.2
    endloop
  endfacet
  facet normal 0 0 1
    outer loop
      vertex 9.36671 7.29529 5.2
      vertex 9.7357 7.83243 5.2
      vertex 9.54698 7.94675 5.2
    endloop
  endfacet
  facet normal 0 0 1
    outer loop
      vertex 10.2092 7.39308 5.2
      vertex 9.54143 7.12433 5.2
      vertex 9.69128 6.92615 5.2
    endloop
  endfacet
  facet normal 0 0 1
    outer loop
      vertex 9.909 7.70204 5.2
      vertex 9.36671 7.29529 5.2
      vertex 9.54143 7.12433 5.2
    endloop
  endfacet
  facet normal 0 0 1
    outer loop
      vertex 9.16951 7.43515 5.2
      vertex 9.54698 7.94675 5.2
      vertex 9.34465 8.04419 5.2
    endloop
  endfacet
  facet normal 0 0 1
    outer loop
      vertex 9.54698 7.94675 5.2
      vertex 9.16951 7.43515 5.2
      vertex 9.36671 7.29529 5.2
    endloop
  endfacet
  facet normal 0 0 1
    outer loop
      vertex 8.94983 7.54393 5.2
      vertex 9.34465 8.04419 5.2
      vertex 9.13052 8.12392 5.2
    endloop
  endfacet
  facet normal 0 0 1
    outer loop
      vertex 9.34465 8.04419 5.2
      vertex 8.94983 7.54393 5.2
      vertex 9.16951 7.43515 5.2
    endloop
  endfacet
  facet normal 0 0 1
    outer loop
      vertex 8.90457 8.18591 5.2
      vertex 8.94983 7.54393 5.2
      vertex 9.13052 8.12392 5.2
    endloop
  endfacet
  facet normal 0 0 1
    outer loop
      vertex 8.90457 8.18591 5.2
      vertex 8.70766 7.62163 5.2
      vertex 8.94983 7.54393 5.2
    endloop
  endfacet
  facet normal 0 0 1
    outer loop
      vertex 8.66681 8.23021 5.2
      vertex 8.70766 7.62163 5.2
      vertex 8.90457 8.18591 5.2
    endloop
  endfacet
  facet normal 0 0 1
    outer loop
      vertex 8.66681 8.23021 5.2
      vertex 8.44301 7.66826 5.2
      vertex 8.70766 7.62163 5.2
    endloop
  endfacet
  facet normal 0 0 1
    outer loop
      vertex 8.41725 8.25677 5.2
      vertex 8.44301 7.66826 5.2
      vertex 8.66681 8.23021 5.2
    endloop
  endfacet
  facet normal 0 0 1
    outer loop
      vertex 8.15587 7.68379 5.2
      vertex 8.41725 8.25677 5.2
      vertex 8.15587 8.26564 5.2
    endloop
  endfacet
  facet normal 0 0 1
    outer loop
      vertex 8.41725 8.25677 5.2
      vertex 8.15587 7.68379 5.2
      vertex 8.44301 7.66826 5.2
    endloop
  endfacet
  facet normal 0 0 1
    outer loop
      vertex 8.15587 8.26564 5.2
      vertex 7.86639 7.66846 5.2
      vertex 8.15587 7.68379 5.2
    endloop
  endfacet
  facet normal -0 0 1
    outer loop
      vertex 7.76062 8.2459 5.2
      vertex 7.86639 7.66846 5.2
      vertex 8.15587 8.26564 5.2
    endloop
  endfacet
  facet normal 0 0 1
    outer loop
      vertex 7.76062 8.2459 5.2
      vertex 7.59972 7.62247 5.2
      vertex 7.86639 7.66846 5.2
    endloop
  endfacet
  facet normal -0 0 1
    outer loop
      vertex 7.3954 8.18669 5.2
      vertex 7.59972 7.62247 5.2
      vertex 7.76062 8.2459 5.2
    endloop
  endfacet
  facet normal 0 0 1
    outer loop
      vertex 7.3954 8.18669 5.2
      vertex 7.35582 7.54581 5.2
      vertex 7.59972 7.62247 5.2
    endloop
  endfacet
  facet normal -0 0 1
    outer loop
      vertex 7.06024 8.088 5.2
      vertex 7.35582 7.54581 5.2
      vertex 7.3954 8.18669 5.2
    endloop
  endfacet
  facet normal 0 0 1
    outer loop
      vertex 7.35582 7.54581 5.2
      vertex 7.06024 8.088 5.2
      vertex 7.13474 7.43848 5.2
    endloop
  endfacet
  facet normal -0 0 1
    outer loop
      vertex 6.75513 7.94984 5.2
      vertex 7.13474 7.43848 5.2
      vertex 7.06024 8.088 5.2
    endloop
  endfacet
  facet normal 0 0 1
    outer loop
      vertex 7.13474 7.43848 5.2
      vertex 6.75513 7.94984 5.2
      vertex 6.93642 7.30048 5.2
    endloop
  endfacet
  facet normal -0 0 1
    outer loop
      vertex 6.48007 7.7722 5.2
      vertex 6.93642 7.30048 5.2
      vertex 6.75513 7.94984 5.2
    endloop
  endfacet
  facet normal 0 0 1
    outer loop
      vertex 6.93642 7.30048 5.2
      vertex 6.48007 7.7722 5.2
      vertex 6.76091 7.13182 5.2
    endloop
  endfacet
  facet normal -0 0 1
    outer loop
      vertex 6.23505 7.5551 5.2
      vertex 6.76091 7.13182 5.2
      vertex 6.48007 7.7722 5.2
    endloop
  endfacet
  facet normal 0 0 1
    outer loop
      vertex 6.76091 7.13182 5.2
      vertex 6.23505 7.5551 5.2
      vertex 6.61047 6.93549 5.2
    endloop
  endfacet
  facet normal -0 0 1
    outer loop
      vertex 6.02423 7.30298 5.2
      vertex 6.61047 6.93549 5.2
      vertex 6.23505 7.5551 5.2
    endloop
  endfacet
  facet normal 0 0 1
    outer loop
      vertex 6.61047 6.93549 5.2
      vertex 6.02423 7.30298 5.2
      vertex 6.4874 6.71451 5.2
    endloop
  endfacet
  facet normal -0 0 1
    outer loop
      vertex 5.85173 7.02031 5.2
      vertex 6.4874 6.71451 5.2
      vertex 6.02423 7.30298 5.2
    endloop
  endfacet
  facet normal 0 0 1
    outer loop
      vertex 6.4874 6.71451 5.2
      vertex 5.71758 6.70708 5.2
      vertex 6.39168 6.46887 5.2
    endloop
  endfacet
  facet normal 0 0 1
    outer loop
      vertex 5.71758 6.70708 5.2
      vertex 6.4874 6.71451 5.2
      vertex 5.85173 7.02031 5.2
    endloop
  endfacet
  facet normal 0 0 1
    outer loop
      vertex 10.5403 4.35268 5.2
      vertex 9.81554 4.42281 5.2
      vertex 10.444 4.14059 5.2
    endloop
  endfacet
  facet normal 0 0 1
    outer loop
      vertex 10.444 4.14059 5.2
      vertex 9.81554 4.42281 5.2
      vertex 10.3313 3.9422 5.2
    endloop
  endfacet
  facet normal -0 0 1
    outer loop
      vertex 9.69385 4.19701 5.2
      vertex 10.3313 3.9422 5.2
      vertex 9.81554 4.42281 5.2
    endloop
  endfacet
  facet normal 0 0 1
    outer loop
      vertex 10.3313 3.9422 5.2
      vertex 9.69385 4.19701 5.2
      vertex 10.2034 3.75975 5.2
    endloop
  endfacet
  facet normal -0 0 1
    outer loop
      vertex 9.54512 3.99699 5.2
      vertex 10.2034 3.75975 5.2
      vertex 9.69385 4.19701 5.2
    endloop
  endfacet
  facet normal 0 0 1
    outer loop
      vertex 10.2034 3.75975 5.2
      vertex 9.54512 3.99699 5.2
      vertex 10.0603 3.59326 5.2
    endloop
  endfacet
  facet normal 0 0 1
    outer loop
      vertex 10.0603 3.59326 5.2
      vertex 9.54512 3.99699 5.2
      vertex 9.90195 3.44273 5.2
    endloop
  endfacet
  facet normal -0 0 1
    outer loop
      vertex 9.37112 3.8255 5.2
      vertex 9.90195 3.44273 5.2
      vertex 9.54512 3.99699 5.2
    endloop
  endfacet
  facet normal 0 0 1
    outer loop
      vertex 9.90195 3.44273 5.2
      vertex 9.37112 3.8255 5.2
      vertex 9.72836 3.30817 5.2
    endloop
  endfacet
  facet normal 0 0 1
    outer loop
      vertex 9.72836 3.30817 5.2
      vertex 9.37112 3.8255 5.2
      vertex 9.53957 3.18954 5.2
    endloop
  endfacet
  facet normal -0 0 1
    outer loop
      vertex 9.17361 3.68518 5.2
      vertex 9.53957 3.18954 5.2
      vertex 9.37112 3.8255 5.2
    endloop
  endfacet
  facet normal 0 0 1
    outer loop
      vertex 9.53957 3.18954 5.2
      vertex 9.17361 3.68518 5.2
      vertex 9.33723 3.08812 5.2
    endloop
  endfacet
  facet normal -0 0 1
    outer loop
      vertex 8.95259 3.57603 5.2
      vertex 9.33723 3.08812 5.2
      vertex 9.17361 3.68518 5.2
    endloop
  endfacet
  facet normal 0 0 1
    outer loop
      vertex 9.33723 3.08812 5.2
      vertex 8.95259 3.57603 5.2
      vertex 9.12309 3.00514 5.2
    endloop
  endfacet
  facet normal 0 0 1
    outer loop
      vertex 8.95259 3.57603 5.2
      vertex 8.89714 2.9406 5.2
      vertex 9.12309 3.00514 5.2
    endloop
  endfacet
  facet normal -0 0 1
    outer loop
      vertex 8.70804 3.49808 5.2
      vertex 8.89714 2.9406 5.2
      vertex 8.95259 3.57603 5.2
    endloop
  endfacet
  facet normal 0 0 1
    outer loop
      vertex 8.70804 3.49808 5.2
      vertex 8.65936 2.8945 5.2
      vertex 8.89714 2.9406 5.2
    endloop
  endfacet
  facet normal -0 0 1
    outer loop
      vertex 8.43997 3.45131 5.2
      vertex 8.65936 2.8945 5.2
      vertex 8.70804 3.49808 5.2
    endloop
  endfacet
  facet normal 0 0 1
    outer loop
      vertex 8.43997 3.45131 5.2
      vertex 8.40979 2.86684 5.2
      vertex 8.65936 2.8945 5.2
    endloop
  endfacet
  facet normal -0 0 1
    outer loop
      vertex 8.14839 3.43571 5.2
      vertex 8.40979 2.86684 5.2
      vertex 8.43997 3.45131 5.2
    endloop
  endfacet
  facet normal 0 0 1
    outer loop
      vertex 8.14839 3.43571 5.2
      vertex 8.14839 2.85762 5.2
      vertex 8.40979 2.86684 5.2
    endloop
  endfacet
  facet normal 0 0 1
    outer loop
      vertex 8.14839 3.43571 5.2
      vertex 7.88478 2.86673 5.2
      vertex 8.14839 2.85762 5.2
    endloop
  endfacet
  facet normal 0 0 1
    outer loop
      vertex 7.86446 3.45183 5.2
      vertex 7.88478 2.86673 5.2
      vertex 8.14839 3.43571 5.2
    endloop
  endfacet
  facet normal 0 0 1
    outer loop
      vertex 7.86446 3.45183 5.2
      vertex 7.6335 2.89407 5.2
      vertex 7.88478 2.86673 5.2
    endloop
  endfacet
  facet normal 0 0 1
    outer loop
      vertex 7.60197 3.50015 5.2
      vertex 7.6335 2.89407 5.2
      vertex 7.86446 3.45183 5.2
    endloop
  endfacet
  facet normal 0 0 1
    outer loop
      vertex 7.60197 3.50015 5.2
      vertex 7.39453 2.93967 5.2
      vertex 7.6335 2.89407 5.2
    endloop
  endfacet
  facet normal 0 0 1
    outer loop
      vertex 7.36095 3.5807 5.2
      vertex 7.39453 2.93967 5.2
      vertex 7.60197 3.50015 5.2
    endloop
  endfacet
  facet normal 0 0 1
    outer loop
      vertex 7.36095 3.5807 5.2
      vertex 7.16789 3.00348 5.2
      vertex 7.39453 2.93967 5.2
    endloop
  endfacet
  facet normal 0 0 1
    outer loop
      vertex 6.9536 3.08553 5.2
      vertex 7.36095 3.5807 5.2
      vertex 7.14136 3.69347 5.2
    endloop
  endfacet
  facet normal 0 0 1
    outer loop
      vertex 7.36095 3.5807 5.2
      vertex 6.9536 3.08553 5.2
      vertex 7.16789 3.00348 5.2
    endloop
  endfacet
  facet normal 0 0 1
    outer loop
      vertex 6.75162 3.18581 5.2
      vertex 7.14136 3.69347 5.2
      vertex 6.94321 3.83844 5.2
    endloop
  endfacet
  facet normal 0 0 1
    outer loop
      vertex 6.39088 3.43715 5.2
      vertex 6.94321 3.83844 5.2
      vertex 6.76651 4.01564 5.2
    endloop
  endfacet
  facet normal 0 0 1
    outer loop
      vertex 7.14136 3.69347 5.2
      vertex 6.75162 3.18581 5.2
      vertex 6.9536 3.08553 5.2
    endloop
  endfacet
  facet normal 0 0 1
    outer loop
      vertex 6.09187 3.75354 5.2
      vertex 6.76651 4.01564 5.2
      vertex 6.61438 4.22031 5.2
    endloop
  endfacet
  facet normal 0 0 1
    outer loop
      vertex 6.94321 3.83844 5.2
      vertex 6.56352 3.30334 5.2
      vertex 6.75162 3.18581 5.2
    endloop
  endfacet
  facet normal 0 0 1
    outer loop
      vertex 5.96553 3.93614 5.2
      vertex 6.61438 4.22031 5.2
      vertex 6.4899 4.44768 5.2
    endloop
  endfacet
  facet normal 0 0 1
    outer loop
      vertex 5.76004 4.34775 5.2
      vertex 6.4899 4.44768 5.2
      vertex 6.39308 4.69772 5.2
    endloop
  endfacet
  facet normal 0 0 1
    outer loop
      vertex 6.94321 3.83844 5.2
      vertex 6.39088 3.43715 5.2
      vertex 6.56352 3.30334 5.2
    endloop
  endfacet
  facet normal 0 0 1
    outer loop
      vertex 5.68265 4.57199 5.2
      vertex 6.39308 4.69772 5.2
      vertex 6.32393 4.97046 5.2
    endloop
  endfacet
  facet normal -0 0 1
    outer loop
      vertex 5.57947 5.05501 5.2
      vertex 6.32393 4.97046 5.2
      vertex 6.28242 5.2659 5.2
    endloop
  endfacet
  facet normal 0 0 1
    outer loop
      vertex 6.76651 4.01564 5.2
      vertex 6.23366 3.58722 5.2
      vertex 6.39088 3.43715 5.2
    endloop
  endfacet
  facet normal -0 0 1
    outer loop
      vertex 5.55368 5.31377 5.2
      vertex 6.28242 5.2659 5.2
      vertex 6.2686 5.584 5.2
    endloop
  endfacet
  facet normal 0 0 1
    outer loop
      vertex 5.62173 6.36328 5.2
      vertex 6.39168 6.46887 5.2
      vertex 5.71758 6.70708 5.2
    endloop
  endfacet
  facet normal 0 0 1
    outer loop
      vertex 6.28242 5.2659 5.2
      vertex 5.55368 5.31377 5.2
      vertex 5.57947 5.05501 5.2
    endloop
  endfacet
  facet normal 0 0 1
    outer loop
      vertex 6.39168 6.46887 5.2
      vertex 5.62173 6.36328 5.2
      vertex 6.3233 6.19858 5.2
    endloop
  endfacet
  facet normal 0 0 1
    outer loop
      vertex 6.32393 4.97046 5.2
      vertex 5.57947 5.05501 5.2
      vertex 5.62247 4.80775 5.2
    endloop
  endfacet
  facet normal 0 0 1
    outer loop
      vertex 6.32393 4.97046 5.2
      vertex 5.62247 4.80775 5.2
      vertex 5.68265 4.57199 5.2
    endloop
  endfacet
  facet normal 0 0 1
    outer loop
      vertex 5.56424 5.98892 5.2
      vertex 6.3233 6.19858 5.2
      vertex 5.62173 6.36328 5.2
    endloop
  endfacet
  facet normal 0 0 1
    outer loop
      vertex 6.39308 4.69772 5.2
      vertex 5.68265 4.57199 5.2
      vertex 5.76004 4.34775 5.2
    endloop
  endfacet
  facet normal 0 0 1
    outer loop
      vertex 6.3233 6.19858 5.2
      vertex 5.56424 5.98892 5.2
      vertex 6.28227 5.90363 5.2
    endloop
  endfacet
  facet normal 0 0 1
    outer loop
      vertex 6.61438 4.22031 5.2
      vertex 5.96553 3.93614 5.2
      vertex 6.09187 3.75354 5.2
    endloop
  endfacet
  facet normal 0 0 1
    outer loop
      vertex 6.76651 4.01564 5.2
      vertex 6.09187 3.75354 5.2
      vertex 6.23366 3.58722 5.2
    endloop
  endfacet
  facet normal 0 0 1
    outer loop
      vertex 5.54507 5.584 5.2
      vertex 6.28227 5.90363 5.2
      vertex 5.56424 5.98892 5.2
    endloop
  endfacet
  facet normal 0 0 1
    outer loop
      vertex 6.4899 4.44768 5.2
      vertex 5.76004 4.34775 5.2
      vertex 5.85461 4.13499 5.2
    endloop
  endfacet
  facet normal 0 0 1
    outer loop
      vertex 6.28227 5.90363 5.2
      vertex 5.54507 5.584 5.2
      vertex 6.2686 5.584 5.2
    endloop
  endfacet
  facet normal 0 0 1
    outer loop
      vertex 6.4899 4.44768 5.2
      vertex 5.85461 4.13499 5.2
      vertex 5.96553 3.93614 5.2
    endloop
  endfacet
  facet normal 0 0 1
    outer loop
      vertex 6.2686 5.584 5.2
      vertex 5.54507 5.584 5.2
      vertex 5.55368 5.31377 5.2
    endloop
  endfacet
  facet normal 0 0 1
    outer loop
      vertex 15.4828 6.96841 5.2
      vertex 16.1358 7.23386 5.2
      vertex 16.0167 7.42067 5.2
    endloop
  endfacet
  facet normal 0 0 1
    outer loop
      vertex 15.3941 7.09741 5.2
      vertex 16.0167 7.42067 5.2
      vertex 15.8838 7.58778 5.2
    endloop
  endfacet
  facet normal 0 0 1
    outer loop
      vertex 15.2959 7.21292 5.2
      vertex 15.8838 7.58778 5.2
      vertex 15.737 7.73521 5.2
    endloop
  endfacet
  facet normal 0 0 1
    outer loop
      vertex 15.1883 7.31497 5.2
      vertex 15.737 7.73521 5.2
      vertex 15.5763 7.86295 5.2
    endloop
  endfacet
  facet normal 0 0 1
    outer loop
      vertex 16.0167 7.42067 5.2
      vertex 15.3941 7.09741 5.2
      vertex 15.4828 6.96841 5.2
    endloop
  endfacet
  facet normal 0 0 1
    outer loop
      vertex 16.1358 7.23386 5.2
      vertex 15.5621 6.82596 5.2
      vertex 16.2409 7.02737 5.2
    endloop
  endfacet
  facet normal 0 0 1
    outer loop
      vertex 15.0713 7.40355 5.2
      vertex 15.5763 7.86295 5.2
      vertex 15.4017 7.97101 5.2
    endloop
  endfacet
  facet normal 0 0 1
    outer loop
      vertex 16.1358 7.23386 5.2
      vertex 15.4828 6.96841 5.2
      vertex 15.5621 6.82596 5.2
    endloop
  endfacet
  facet normal 0 0 1
    outer loop
      vertex 15.8838 7.58778 5.2
      vertex 15.2959 7.21292 5.2
      vertex 15.3941 7.09741 5.2
    endloop
  endfacet
  facet normal 0 0 1
    outer loop
      vertex 14.9449 7.47864 5.2
      vertex 15.4017 7.97101 5.2
      vertex 15.2111 8.06104 5.2
    endloop
  endfacet
  facet normal 0 0 1
    outer loop
      vertex 15.737 7.73521 5.2
      vertex 15.1883 7.31497 5.2
      vertex 15.2959 7.21292 5.2
    endloop
  endfacet
  facet normal 0 0 1
    outer loop
      vertex 15.5763 7.86295 5.2
      vertex 15.0713 7.40355 5.2
      vertex 15.1883 7.31497 5.2
    endloop
  endfacet
  facet normal 0 0 1
    outer loop
      vertex 14.8084 7.54134 5.2
      vertex 15.2111 8.06104 5.2
      vertex 15.0022 8.13469 5.2
    endloop
  endfacet
  facet normal 0 0 1
    outer loop
      vertex 15.4017 7.97101 5.2
      vertex 14.9449 7.47864 5.2
      vertex 15.0713 7.40355 5.2
    endloop
  endfacet
  facet normal 0 0 1
    outer loop
      vertex 15.2111 8.06104 5.2
      vertex 14.8084 7.54134 5.2
      vertex 14.9449 7.47864 5.2
    endloop
  endfacet
  facet normal 0 0 1
    outer loop
      vertex 14.6612 7.59262 5.2
      vertex 15.0022 8.13469 5.2
      vertex 14.7751 8.19199 5.2
    endloop
  endfacet
  facet normal 0 0 1
    outer loop
      vertex 15.0022 8.13469 5.2
      vertex 14.6612 7.59262 5.2
      vertex 14.8084 7.54134 5.2
    endloop
  endfacet
  facet normal 0 0 1
    outer loop
      vertex 14.5034 7.63251 5.2
      vertex 14.7751 8.19199 5.2
      vertex 14.5298 8.23291 5.2
    endloop
  endfacet
  facet normal 0 0 1
    outer loop
      vertex 14.7751 8.19199 5.2
      vertex 14.5034 7.63251 5.2
      vertex 14.6612 7.59262 5.2
    endloop
  endfacet
  facet normal 0 0 1
    outer loop
      vertex 14.5298 8.23291 5.2
      vertex 14.3348 7.661 5.2
      vertex 14.5034 7.63251 5.2
    endloop
  endfacet
  facet normal 0 0 1
    outer loop
      vertex 14.2662 8.25746 5.2
      vertex 14.3348 7.661 5.2
      vertex 14.5298 8.23291 5.2
    endloop
  endfacet
  facet normal 0 0 1
    outer loop
      vertex 14.2662 8.25746 5.2
      vertex 14.1557 7.6781 5.2
      vertex 14.3348 7.661 5.2
    endloop
  endfacet
  facet normal 0 0 1
    outer loop
      vertex 13.9844 8.26564 5.2
      vertex 14.1557 7.6781 5.2
      vertex 14.2662 8.25746 5.2
    endloop
  endfacet
  facet normal 0 0 1
    outer loop
      vertex 13.9844 8.26564 5.2
      vertex 13.9658 7.68379 5.2
      vertex 14.1557 7.6781 5.2
    endloop
  endfacet
  facet normal 0 0 1
    outer loop
      vertex 13.9844 8.26564 5.2
      vertex 13.6744 7.66852 5.2
      vertex 13.9658 7.68379 5.2
    endloop
  endfacet
  facet normal -0 0 1
    outer loop
      vertex 13.5859 8.24615 5.2
      vertex 13.6744 7.66852 5.2
      vertex 13.9844 8.26564 5.2
    endloop
  endfacet
  facet normal 0 0 1
    outer loop
      vertex 13.5859 8.24615 5.2
      vertex 13.4068 7.62267 5.2
      vertex 13.6744 7.66852 5.2
    endloop
  endfacet
  facet normal -0 0 1
    outer loop
      vertex 13.2182 8.18773 5.2
      vertex 13.4068 7.62267 5.2
      vertex 13.5859 8.24615 5.2
    endloop
  endfacet
  facet normal 0 0 1
    outer loop
      vertex 13.2182 8.18773 5.2
      vertex 13.163 7.54625 5.2
      vertex 13.4068 7.62267 5.2
    endloop
  endfacet
  facet normal -0 0 1
    outer loop
      vertex 12.8814 8.09035 5.2
      vertex 13.163 7.54625 5.2
      vertex 13.2182 8.18773 5.2
    endloop
  endfacet
  facet normal 0 0 1
    outer loop
      vertex 13.163 7.54625 5.2
      vertex 12.8814 8.09035 5.2
      vertex 12.943 7.43927 5.2
    endloop
  endfacet
  facet normal -0 0 1
    outer loop
      vertex 12.5755 7.95399 5.2
      vertex 12.943 7.43927 5.2
      vertex 12.8814 8.09035 5.2
    endloop
  endfacet
  facet normal 0 0 1
    outer loop
      vertex 12.943 7.43927 5.2
      vertex 12.5755 7.95399 5.2
      vertex 12.7469 7.30174 5.2
    endloop
  endfacet
  facet normal -0 0 1
    outer loop
      vertex 12.3004 7.7787 5.2
      vertex 12.7469 7.30174 5.2
      vertex 12.5755 7.95399 5.2
    endloop
  endfacet
  facet normal 0 0 1
    outer loop
      vertex 12.7469 7.30174 5.2
      vertex 12.3004 7.7787 5.2
      vertex 12.5746 7.13364 5.2
    endloop
  endfacet
  facet normal -0 0 1
    outer loop
      vertex 12.0562 7.56444 5.2
      vertex 12.5746 7.13364 5.2
      vertex 12.3004 7.7787 5.2
    endloop
  endfacet
  facet normal 0 0 1
    outer loop
      vertex 12.5746 7.13364 5.2
      vertex 12.0562 7.56444 5.2
      vertex 12.4276 6.93777 5.2
    endloop
  endfacet
  facet normal -0 0 1
    outer loop
      vertex 11.8465 7.31465 5.2
      vertex 12.4276 6.93777 5.2
      vertex 12.0562 7.56444 5.2
    endloop
  endfacet
  facet normal 0 0 1
    outer loop
      vertex 12.4276 6.93777 5.2
      vertex 11.8465 7.31465 5.2
      vertex 12.3073 6.71695 5.2
    endloop
  endfacet
  facet normal -0 0 1
    outer loop
      vertex 11.675 7.03276 5.2
      vertex 12.3073 6.71695 5.2
      vertex 11.8465 7.31465 5.2
    endloop
  endfacet
  facet normal -0 0 1
    outer loop
      vertex 11.5415 6.71873 5.2
      vertex 12.3073 6.71695 5.2
      vertex 11.675 7.03276 5.2
    endloop
  endfacet
  facet normal 0 0 1
    outer loop
      vertex 12.3073 6.71695 5.2
      vertex 11.5415 6.71873 5.2
      vertex 12.2138 6.47118 5.2
    endloop
  endfacet
  facet normal 0 0 1
    outer loop
      vertex 11.4462 6.3726 5.2
      vertex 12.2138 6.47118 5.2
      vertex 11.5415 6.71873 5.2
    endloop
  endfacet
  facet normal 0 -0 1
    outer loop
      vertex 11.3787 5.3116 5.2
      vertex 12.0935 5.584 5.2
      vertex 11.37 5.584 5.2
    endloop
  endfacet
  facet normal 0 0 1
    outer loop
      vertex 12.2138 6.47118 5.2
      vertex 11.4462 6.3726 5.2
      vertex 12.1469 6.20041 5.2
    endloop
  endfacet
  facet normal 0 -0 1
    outer loop
      vertex 11.405 5.0513 5.2
      vertex 12.0935 5.584 5.2
      vertex 11.3787 5.3116 5.2
    endloop
  endfacet
  facet normal 0 -0 1
    outer loop
      vertex 11.4487 4.80312 5.2
      vertex 12.0935 5.584 5.2
      vertex 11.405 5.0513 5.2
    endloop
  endfacet
  facet normal 0 0 1
    outer loop
      vertex 11.389 5.99437 5.2
      vertex 12.1469 6.20041 5.2
      vertex 11.4462 6.3726 5.2
    endloop
  endfacet
  facet normal 0 -0 1
    outer loop
      vertex 11.51 4.56706 5.2
      vertex 12.0935 5.584 5.2
      vertex 11.4487 4.80312 5.2
    endloop
  endfacet
  facet normal 0 0 1
    outer loop
      vertex 12.1469 6.20041 5.2
      vertex 11.389 5.99437 5.2
      vertex 12.1069 5.90469 5.2
    endloop
  endfacet
  facet normal 0 -0 1
    outer loop
      vertex 11.5888 4.34312 5.2
      vertex 12.0935 5.584 5.2
      vertex 11.51 4.56706 5.2
    endloop
  endfacet
  facet normal 0 -0 1
    outer loop
      vertex 11.798 3.93358 5.2
      vertex 12.0935 5.584 5.2
      vertex 11.6851 4.1313 5.2
    endloop
  endfacet
  facet normal 0 0 1
    outer loop
      vertex 11.37 5.584 5.2
      vertex 12.1069 5.90469 5.2
      vertex 11.389 5.99437 5.2
    endloop
  endfacet
  facet normal 0 -0 1
    outer loop
      vertex 11.6851 4.1313 5.2
      vertex 12.0935 5.584 5.2
      vertex 11.5888 4.34312 5.2
    endloop
  endfacet
  facet normal 0 0 1
    outer loop
      vertex 12.1069 5.90469 5.2
      vertex 11.37 5.584 5.2
      vertex 12.0935 5.584 5.2
    endloop
  endfacet
  facet normal 0 0 1
    outer loop
      vertex 12.0935 5.584 5.2
      vertex 11.9265 3.75191 5.2
      vertex 12.0707 3.5863 5.2
    endloop
  endfacet
  facet normal 0 0 1
    outer loop
      vertex 12.0935 5.584 5.2
      vertex 11.798 3.93358 5.2
      vertex 11.9265 3.75191 5.2
    endloop
  endfacet
  facet normal -0 0 1
    outer loop
      vertex 15.7001 4.96489 5.2
      vertex 16.3565 3.74899 5.2
      vertex 16.3565 5.56161 5.2
    endloop
  endfacet
  facet normal -0 0 1
    outer loop
      vertex 15.7001 4.01752 5.2
      vertex 16.3565 3.74899 5.2
      vertex 15.7001 4.96489 5.2
    endloop
  endfacet
  facet normal 0 0 1
    outer loop
      vertex 16.2121 3.61259 5.2
      vertex 15.7001 4.01752 5.2
      vertex 16.0571 3.48688 5.2
    endloop
  endfacet
  facet normal -0 0 1
    outer loop
      vertex 15.6034 3.93112 5.2
      vertex 16.0571 3.48688 5.2
      vertex 15.7001 4.01752 5.2
    endloop
  endfacet
  facet normal 0 0 1
    outer loop
      vertex 16.3565 3.74899 5.2
      vertex 15.7001 4.01752 5.2
      vertex 16.2121 3.61259 5.2
    endloop
  endfacet
  facet normal -0 0 1
    outer loop
      vertex 14.1299 5.56161 5.2
      vertex 15.7001 4.96489 5.2
      vertex 16.3565 5.56161 5.2
    endloop
  endfacet
  facet normal 0 0 1
    outer loop
      vertex 15.7001 4.96489 5.2
      vertex 14.1299 5.56161 5.2
      vertex 14.1299 4.96489 5.2
    endloop
  endfacet
  facet normal 0 0 1
    outer loop
      vertex 16.0571 3.48688 5.2
      vertex 15.6034 3.93112 5.2
      vertex 15.8917 3.37183 5.2
    endloop
  endfacet
  facet normal -0 0 1
    outer loop
      vertex 15.4973 3.85094 5.2
      vertex 15.8917 3.37183 5.2
      vertex 15.6034 3.93112 5.2
    endloop
  endfacet
  facet normal 0 0 1
    outer loop
      vertex 15.8917 3.37183 5.2
      vertex 15.4973 3.85094 5.2
      vertex 15.7159 3.26744 5.2
    endloop
  endfacet
  facet normal -0 0 1
    outer loop
      vertex 15.3817 3.77696 5.2
      vertex 15.7159 3.26744 5.2
      vertex 15.4973 3.85094 5.2
    endloop
  endfacet
  facet normal 0 0 1
    outer loop
      vertex 15.7159 3.26744 5.2
      vertex 15.3817 3.77696 5.2
      vertex 15.5295 3.17374 5.2
    endloop
  endfacet
  facet normal -0 0 1
    outer loop
      vertex 15.2567 3.70921 5.2
      vertex 15.5295 3.17374 5.2
      vertex 15.3817 3.77696 5.2
    endloop
  endfacet
  facet normal 0 0 1
    outer loop
      vertex 15.5295 3.17374 5.2
      vertex 15.2567 3.70921 5.2
      vertex 15.3327 3.0907 5.2
    endloop
  endfacet
  facet normal -0 0 1
    outer loop
      vertex 15.1223 3.64767 5.2
      vertex 15.3327 3.0907 5.2
      vertex 15.2567 3.70921 5.2
    endloop
  endfacet
  facet normal -0 0 1
    outer loop
      vertex 14.9784 3.59236 5.2
      vertex 15.3327 3.0907 5.2
      vertex 15.1223 3.64767 5.2
    endloop
  endfacet
  facet normal 0 0 1
    outer loop
      vertex 15.3327 3.0907 5.2
      vertex 14.9784 3.59236 5.2
      vertex 15.1279 3.01949 5.2
    endloop
  endfacet
  facet normal -0 0 1
    outer loop
      vertex 14.8279 3.54449 5.2
      vertex 15.1279 3.01949 5.2
      vertex 14.9784 3.59236 5.2
    endloop
  endfacet
  facet normal 0 0 1
    outer loop
      vertex 15.1279 3.01949 5.2
      vertex 14.8279 3.54449 5.2
      vertex 14.9173 2.96121 5.2
    endloop
  endfacet
  facet normal -0 0 1
    outer loop
      vertex 14.6736 3.50534 5.2
      vertex 14.9173 2.96121 5.2
      vertex 14.8279 3.54449 5.2
    endloop
  endfacet
  facet normal 0 0 1
    outer loop
      vertex 14.9173 2.96121 5.2
      vertex 14.6736 3.50534 5.2
      vertex 14.701 2.91589 5.2
    endloop
  endfacet
  facet normal -0 0 1
    outer loop
      vertex 14.5155 3.47488 5.2
      vertex 14.701 2.91589 5.2
      vertex 14.6736 3.50534 5.2
    endloop
  endfacet
  facet normal 0 0 1
    outer loop
      vertex 14.5155 3.47488 5.2
      vertex 14.4791 2.88351 5.2
      vertex 14.701 2.91589 5.2
    endloop
  endfacet
  facet normal -0 0 1
    outer loop
      vertex 14.3535 3.45312 5.2
      vertex 14.4791 2.88351 5.2
      vertex 14.5155 3.47488 5.2
    endloop
  endfacet
  facet normal 0 0 1
    outer loop
      vertex 14.3535 3.45312 5.2
      vertex 14.2514 2.86409 5.2
      vertex 14.4791 2.88351 5.2
    endloop
  endfacet
  facet normal -0 0 1
    outer loop
      vertex 14.1877 3.44008 5.2
      vertex 14.2514 2.86409 5.2
      vertex 14.3535 3.45312 5.2
    endloop
  endfacet
  facet normal 0 0 1
    outer loop
      vertex 14.0181 2.85762 5.2
      vertex 14.1877 3.44008 5.2
      vertex 14.0181 3.43571 5.2
    endloop
  endfacet
  facet normal 0 0 1
    outer loop
      vertex 14.1877 3.44008 5.2
      vertex 14.0181 2.85762 5.2
      vertex 14.2514 2.86409 5.2
    endloop
  endfacet
  facet normal 0 0 1
    outer loop
      vertex 14.0181 3.43571 5.2
      vertex 13.7496 2.86673 5.2
      vertex 14.0181 2.85762 5.2
    endloop
  endfacet
  facet normal 0 0 1
    outer loop
      vertex 13.7281 3.45172 5.2
      vertex 13.7496 2.86673 5.2
      vertex 14.0181 3.43571 5.2
    endloop
  endfacet
  facet normal 0 0 1
    outer loop
      vertex 13.7281 3.45172 5.2
      vertex 13.4938 2.89407 5.2
      vertex 13.7496 2.86673 5.2
    endloop
  endfacet
  facet normal 0 0 1
    outer loop
      vertex 13.4598 3.49974 5.2
      vertex 13.4938 2.89407 5.2
      vertex 13.7281 3.45172 5.2
    endloop
  endfacet
  facet normal 0 0 1
    outer loop
      vertex 13.4598 3.49974 5.2
      vertex 13.2506 2.93967 5.2
      vertex 13.4938 2.89407 5.2
    endloop
  endfacet
  facet normal 0 0 1
    outer loop
      vertex 13.2133 3.57977 5.2
      vertex 13.2506 2.93967 5.2
      vertex 13.4598 3.49974 5.2
    endloop
  endfacet
  facet normal 0 0 1
    outer loop
      vertex 13.2133 3.57977 5.2
      vertex 13.0201 3.00348 5.2
      vertex 13.2506 2.93967 5.2
    endloop
  endfacet
  facet normal 0 0 1
    outer loop
      vertex 12.8022 3.08553 5.2
      vertex 13.2133 3.57977 5.2
      vertex 12.9886 3.69182 5.2
    endloop
  endfacet
  facet normal 0 0 1
    outer loop
      vertex 13.2133 3.57977 5.2
      vertex 12.8022 3.08553 5.2
      vertex 13.0201 3.00348 5.2
    endloop
  endfacet
  facet normal 0 0 1
    outer loop
      vertex 12.597 3.18581 5.2
      vertex 12.9886 3.69182 5.2
      vertex 12.7856 3.83588 5.2
    endloop
  endfacet
  facet normal 0 0 1
    outer loop
      vertex 12.2305 3.43674 5.2
      vertex 12.7856 3.83588 5.2
      vertex 12.6044 4.01195 5.2
    endloop
  endfacet
  facet normal 0 0 1
    outer loop
      vertex 12.9886 3.69182 5.2
      vertex 12.597 3.18581 5.2
      vertex 12.8022 3.08553 5.2
    endloop
  endfacet
  facet normal 0 0 1
    outer loop
      vertex 12.0707 3.5863 5.2
      vertex 12.6044 4.01195 5.2
      vertex 12.4483 4.21568 5.2
    endloop
  endfacet
  facet normal 0 0 1
    outer loop
      vertex 12.7856 3.83588 5.2
      vertex 12.4059 3.30324 5.2
      vertex 12.597 3.18581 5.2
    endloop
  endfacet
  facet normal 0 0 1
    outer loop
      vertex 12.0707 3.5863 5.2
      vertex 12.4483 4.21568 5.2
      vertex 12.3206 4.44273 5.2
    endloop
  endfacet
  facet normal 0 0 1
    outer loop
      vertex 12.7856 3.83588 5.2
      vertex 12.2305 3.43674 5.2
      vertex 12.4059 3.30324 5.2
    endloop
  endfacet
  facet normal 0 0 1
    outer loop
      vertex 12.0707 3.5863 5.2
      vertex 12.3206 4.44273 5.2
      vertex 12.2212 4.69308 5.2
    endloop
  endfacet
  facet normal 0 0 1
    outer loop
      vertex 12.0707 3.5863 5.2
      vertex 12.2212 4.69308 5.2
      vertex 12.1503 4.96675 5.2
    endloop
  endfacet
  facet normal 0 0 1
    outer loop
      vertex 12.0707 3.5863 5.2
      vertex 12.1503 4.96675 5.2
      vertex 12.1077 5.26373 5.2
    endloop
  endfacet
  facet normal 0 0 1
    outer loop
      vertex 12.6044 4.01195 5.2
      vertex 12.0707 3.5863 5.2
      vertex 12.2305 3.43674 5.2
    endloop
  endfacet
  facet normal 0 0 1
    outer loop
      vertex 12.0707 3.5863 5.2
      vertex 12.1077 5.26373 5.2
      vertex 12.0935 5.584 5.2
    endloop
  endfacet
  facet normal 0 0 1
    outer loop
      vertex -21.6397 8.18732 5.2
      vertex -20.4015 5.11037 5.2
      vertex -20.0397 5.68471 5.2
    endloop
  endfacet
  facet normal 0 0 1
    outer loop
      vertex -20.4015 5.11037 5.2
      vertex -21.6397 8.18732 5.2
      vertex -22.4229 8.18732 5.2
    endloop
  endfacet
  facet normal -0 0 1
    outer loop
      vertex -18.4471 8.18732 5.2
      vertex -19.6928 5.11037 5.2
      vertex -17.6639 8.18732 5.2
    endloop
  endfacet
  facet normal -0 0 1
    outer loop
      vertex -20.0397 5.68471 5.2
      vertex -19.6928 5.11037 5.2
      vertex -18.4471 8.18732 5.2
    endloop
  endfacet
  facet normal 0 0 1
    outer loop
      vertex -20.4015 5.11037 5.2
      vertex -19.6928 5.11037 5.2
      vertex -20.0397 5.68471 5.2
    endloop
  endfacet
  facet normal 0 0 1
    outer loop
      vertex -19.6928 5.11037 5.2
      vertex -20.4015 5.11037 5.2
      vertex -19.6928 2.93219 5.2
    endloop
  endfacet
  facet normal 0 0 1
    outer loop
      vertex -19.6928 2.93219 5.2
      vertex -20.4015 5.11037 5.2
      vertex -20.4015 2.93219 5.2
    endloop
  endfacet
  facet normal -0 0 1
    outer loop
      vertex -11.2233 8.18732 5.2
      vertex -10.5109 4.90147 5.2
      vertex -10.5109 8.18732 5.2
    endloop
  endfacet
  facet normal 0 -0 1
    outer loop
      vertex -11.216 4.64018 5.2
      vertex -10.5109 4.90147 5.2
      vertex -11.2233 4.8418 5.2
    endloop
  endfacet
  facet normal 0 -0 1
    outer loop
      vertex -11.1939 4.4481 5.2
      vertex -10.5109 4.90147 5.2
      vertex -11.216 4.64018 5.2
    endloop
  endfacet
  facet normal 0 -0 1
    outer loop
      vertex -11.1571 4.26555 5.2
      vertex -10.5109 4.90147 5.2
      vertex -11.1939 4.4481 5.2
    endloop
  endfacet
  facet normal 0 0 1
    outer loop
      vertex -10.5109 4.90147 5.2
      vertex -10.7579 3.50034 5.2
      vertex -10.6396 3.38068 5.2
    endloop
  endfacet
  facet normal 0 0 1
    outer loop
      vertex -10.5109 4.90147 5.2
      vertex -10.8642 3.63179 5.2
      vertex -10.7579 3.50034 5.2
    endloop
  endfacet
  facet normal 0 0 1
    outer loop
      vertex -10.5109 4.90147 5.2
      vertex -10.9585 3.77507 5.2
      vertex -10.8642 3.63179 5.2
    endloop
  endfacet
  facet normal 0 0 1
    outer loop
      vertex -10.5109 4.90147 5.2
      vertex -11.1056 4.09253 5.2
      vertex -11.0394 3.92903 5.2
    endloop
  endfacet
  facet normal 0 -0 1
    outer loop
      vertex -11.1056 4.09253 5.2
      vertex -10.5109 4.90147 5.2
      vertex -11.1571 4.26555 5.2
    endloop
  endfacet
  facet normal 0 0 1
    outer loop
      vertex -10.5109 4.90147 5.2
      vertex -11.2233 8.18732 5.2
      vertex -11.2233 4.8418 5.2
    endloop
  endfacet
  facet normal 0 0 1
    outer loop
      vertex -10.5109 4.90147 5.2
      vertex -11.0394 3.92903 5.2
      vertex -10.9585 3.77507 5.2
    endloop
  endfacet
  facet normal -0 0 1
    outer loop
      vertex -7.59433 4.94998 5.2
      vertex -6.88571 4.90895 5.2
      vertex -6.88571 8.18732 5.2
    endloop
  endfacet
  facet normal 0 0 1
    outer loop
      vertex -6.88571 4.90895 5.2
      vertex -7.59433 4.94998 5.2
      vertex -6.89322 4.70123 5.2
    endloop
  endfacet
  facet normal -0 0 1
    outer loop
      vertex -7.60526 4.71246 5.2
      vertex -6.89322 4.70123 5.2
      vertex -7.59433 4.94998 5.2
    endloop
  endfacet
  facet normal 0 0 1
    outer loop
      vertex -6.89322 4.70123 5.2
      vertex -7.60526 4.71246 5.2
      vertex -6.91576 4.50323 5.2
    endloop
  endfacet
  facet normal 0 0 1
    outer loop
      vertex -7.63805 4.49474 5.2
      vertex -6.91576 4.50323 5.2
      vertex -7.60526 4.71246 5.2
    endloop
  endfacet
  facet normal 0 0 1
    outer loop
      vertex -6.91576 4.50323 5.2
      vertex -7.63805 4.49474 5.2
      vertex -6.95331 4.31499 5.2
    endloop
  endfacet
  facet normal 0 0 1
    outer loop
      vertex -6.95331 4.31499 5.2
      vertex -7.63805 4.49474 5.2
      vertex -7.00587 4.13647 5.2
    endloop
  endfacet
  facet normal -0 0 1
    outer loop
      vertex -7.6927 4.2968 5.2
      vertex -7.00587 4.13647 5.2
      vertex -7.63805 4.49474 5.2
    endloop
  endfacet
  facet normal 0 0 1
    outer loop
      vertex -7.00587 4.13647 5.2
      vertex -7.6927 4.2968 5.2
      vertex -7.07347 3.96771 5.2
    endloop
  endfacet
  facet normal 0 0 1
    outer loop
      vertex -7.59433 4.94998 5.2
      vertex -6.88571 8.18732 5.2
      vertex -7.59433 8.18732 5.2
    endloop
  endfacet
  facet normal -0 0 1
    outer loop
      vertex -7.76921 4.11865 5.2
      vertex -7.07347 3.96771 5.2
      vertex -7.6927 4.2968 5.2
    endloop
  endfacet
  facet normal 0 0 1
    outer loop
      vertex -7.07347 3.96771 5.2
      vertex -7.76921 4.11865 5.2
      vertex -7.1561 3.80867 5.2
    endloop
  endfacet
  facet normal 0 0 1
    outer loop
      vertex -7.1561 3.80867 5.2
      vertex -7.76921 4.11865 5.2
      vertex -7.25244 3.66057 5.2
    endloop
  endfacet
  facet normal -0 0 1
    outer loop
      vertex -7.86757 3.96028 5.2
      vertex -7.25244 3.66057 5.2
      vertex -7.76921 4.11865 5.2
    endloop
  endfacet
  facet normal 0 0 1
    outer loop
      vertex -7.25244 3.66057 5.2
      vertex -7.86757 3.96028 5.2
      vertex -7.36122 3.52458 5.2
    endloop
  endfacet
  facet normal 0 0 1
    outer loop
      vertex -7.36122 3.52458 5.2
      vertex -7.86757 3.96028 5.2
      vertex -7.48244 3.40073 5.2
    endloop
  endfacet
  facet normal -0 0 1
    outer loop
      vertex -7.98781 3.82172 5.2
      vertex -7.48244 3.40073 5.2
      vertex -7.86757 3.96028 5.2
    endloop
  endfacet
  facet normal 0 0 1
    outer loop
      vertex -7.48244 3.40073 5.2
      vertex -7.98781 3.82172 5.2
      vertex -7.61609 3.28899 5.2
    endloop
  endfacet
  facet normal -0 0 1
    outer loop
      vertex -8.12772 3.70377 5.2
      vertex -7.61609 3.28899 5.2
      vertex -7.98781 3.82172 5.2
    endloop
  endfacet
  facet normal 0 0 1
    outer loop
      vertex -7.61609 3.28899 5.2
      vertex -8.12772 3.70377 5.2
      vertex -7.76218 3.18936 5.2
    endloop
  endfacet
  facet normal 0 0 1
    outer loop
      vertex -7.76218 3.18936 5.2
      vertex -8.12772 3.70377 5.2
      vertex -7.9207 3.10187 5.2
    endloop
  endfacet
  facet normal -0 0 1
    outer loop
      vertex -8.28514 3.60727 5.2
      vertex -7.9207 3.10187 5.2
      vertex -8.12772 3.70377 5.2
    endloop
  endfacet
  facet normal 0 0 1
    outer loop
      vertex -7.9207 3.10187 5.2
      vertex -8.28514 3.60727 5.2
      vertex -8.09035 3.02724 5.2
    endloop
  endfacet
  facet normal -0 0 1
    outer loop
      vertex -8.46007 3.53221 5.2
      vertex -8.09035 3.02724 5.2
      vertex -8.28514 3.60727 5.2
    endloop
  endfacet
  facet normal 0 0 1
    outer loop
      vertex -8.09035 3.02724 5.2
      vertex -8.46007 3.53221 5.2
      vertex -8.26984 2.96617 5.2
    endloop
  endfacet
  facet normal 0 0 1
    outer loop
      vertex -8.26984 2.96617 5.2
      vertex -8.46007 3.53221 5.2
      vertex -8.45917 2.91869 5.2
    endloop
  endfacet
  facet normal -0 0 1
    outer loop
      vertex -8.65253 3.47861 5.2
      vertex -8.45917 2.91869 5.2
      vertex -8.46007 3.53221 5.2
    endloop
  endfacet
  facet normal 0 0 1
    outer loop
      vertex -8.65253 3.47861 5.2
      vertex -8.65834 2.88475 5.2
      vertex -8.45917 2.91869 5.2
    endloop
  endfacet
  facet normal -0 0 1
    outer loop
      vertex -8.86247 3.44644 5.2
      vertex -8.65834 2.88475 5.2
      vertex -8.65253 3.47861 5.2
    endloop
  endfacet
  facet normal 0 0 1
    outer loop
      vertex -8.86247 3.44644 5.2
      vertex -8.86736 2.8644 5.2
      vertex -8.65834 2.88475 5.2
    endloop
  endfacet
  facet normal -0 0 1
    outer loop
      vertex -9.08995 3.43571 5.2
      vertex -8.86736 2.8644 5.2
      vertex -8.86247 3.44644 5.2
    endloop
  endfacet
  facet normal 0 0 1
    outer loop
      vertex -8.86736 2.8644 5.2
      vertex -9.08995 3.43571 5.2
      vertex -9.08621 2.85762 5.2
    endloop
  endfacet
  facet normal 0 0 1
    outer loop
      vertex -9.08995 3.43571 5.2
      vertex -9.29674 2.86414 5.2
      vertex -9.08621 2.85762 5.2
    endloop
  endfacet
  facet normal 0 0 1
    outer loop
      vertex -9.31093 3.44608 5.2
      vertex -9.29674 2.86414 5.2
      vertex -9.08995 3.43571 5.2
    endloop
  endfacet
  facet normal 0 0 1
    outer loop
      vertex -9.31093 3.44608 5.2
      vertex -9.49814 2.88373 5.2
      vertex -9.29674 2.86414 5.2
    endloop
  endfacet
  facet normal 0 0 1
    outer loop
      vertex -9.51389 3.47716 5.2
      vertex -9.49814 2.88373 5.2
      vertex -9.31093 3.44608 5.2
    endloop
  endfacet
  facet normal 0 0 1
    outer loop
      vertex -9.51389 3.47716 5.2
      vertex -9.69043 2.91635 5.2
      vertex -9.49814 2.88373 5.2
    endloop
  endfacet
  facet normal 0 0 1
    outer loop
      vertex -9.69881 3.52896 5.2
      vertex -9.69043 2.91635 5.2
      vertex -9.51389 3.47716 5.2
    endloop
  endfacet
  facet normal 0 0 1
    outer loop
      vertex -10.0477 3.02078 5.2
      vertex -9.69881 3.52896 5.2
      vertex -9.86572 3.60147 5.2
    endloop
  endfacet
  facet normal 0 0 1
    outer loop
      vertex -9.69881 3.52896 5.2
      vertex -9.87361 2.96204 5.2
      vertex -9.69043 2.91635 5.2
    endloop
  endfacet
  facet normal 0 0 1
    outer loop
      vertex -10.2126 3.09258 5.2
      vertex -9.86572 3.60147 5.2
      vertex -10.0146 3.69472 5.2
    endloop
  endfacet
  facet normal 0 0 1
    outer loop
      vertex -9.69881 3.52896 5.2
      vertex -10.0477 3.02078 5.2
      vertex -9.87361 2.96204 5.2
    endloop
  endfacet
  facet normal 0 0 1
    outer loop
      vertex -10.5093 3.27283 5.2
      vertex -10.0146 3.69472 5.2
      vertex -10.1454 3.80867 5.2
    endloop
  endfacet
  facet normal 0 0 1
    outer loop
      vertex -9.86572 3.60147 5.2
      vertex -10.2126 3.09258 5.2
      vertex -10.0477 3.02078 5.2
    endloop
  endfacet
  facet normal 0 0 1
    outer loop
      vertex -10.6396 3.38068 5.2
      vertex -10.1454 3.80867 5.2
      vertex -10.2571 3.94263 5.2
    endloop
  endfacet
  facet normal 0 0 1
    outer loop
      vertex -10.6396 3.38068 5.2
      vertex -10.2571 3.94263 5.2
      vertex -10.3485 4.09586 5.2
    endloop
  endfacet
  facet normal 0 0 1
    outer loop
      vertex -10.0146 3.69472 5.2
      vertex -10.367 3.1768 5.2
      vertex -10.2126 3.09258 5.2
    endloop
  endfacet
  facet normal 0 0 1
    outer loop
      vertex -10.6396 3.38068 5.2
      vertex -10.3485 4.09586 5.2
      vertex -10.4196 4.26836 5.2
    endloop
  endfacet
  facet normal 0 0 1
    outer loop
      vertex -10.6396 3.38068 5.2
      vertex -10.4196 4.26836 5.2
      vertex -10.4703 4.46011 5.2
    endloop
  endfacet
  facet normal 0 0 1
    outer loop
      vertex -10.6396 3.38068 5.2
      vertex -10.4703 4.46011 5.2
      vertex -10.5008 4.67116 5.2
    endloop
  endfacet
  facet normal 0 0 1
    outer loop
      vertex -10.0146 3.69472 5.2
      vertex -10.5093 3.27283 5.2
      vertex -10.367 3.1768 5.2
    endloop
  endfacet
  facet normal 0 0 1
    outer loop
      vertex -10.6396 3.38068 5.2
      vertex -10.5008 4.67116 5.2
      vertex -10.5109 4.90147 5.2
    endloop
  endfacet
  facet normal 0 0 1
    outer loop
      vertex -10.1454 3.80867 5.2
      vertex -10.6396 3.38068 5.2
      vertex -10.5093 3.27283 5.2
    endloop
  endfacet
  facet normal 0 0 1
    outer loop
      vertex -1.47232 6.68422 5.2
      vertex -2.19708 6.82365 5.2
      vertex -2.18843 6.6768 5.2
    endloop
  endfacet
  facet normal 0 0 1
    outer loop
      vertex -1.95534 7.79012 5.2
      vertex -2.22304 6.95839 5.2
      vertex -2.19708 6.82365 5.2
    endloop
  endfacet
  facet normal 0 0 1
    outer loop
      vertex -1.95534 7.79012 5.2
      vertex -2.2663 7.08101 5.2
      vertex -2.22304 6.95839 5.2
    endloop
  endfacet
  facet normal 0 0 1
    outer loop
      vertex -2.49989 7.37613 5.2
      vertex -2.12756 7.91148 5.2
      vertex -2.32228 8.01079 5.2
    endloop
  endfacet
  facet normal 0 0 1
    outer loop
      vertex -1.95534 7.79012 5.2
      vertex -2.32686 7.1915 5.2
      vertex -2.2663 7.08101 5.2
    endloop
  endfacet
  facet normal 0 0 1
    outer loop
      vertex -1.95534 7.79012 5.2
      vertex -2.40472 7.28987 5.2
      vertex -2.32686 7.1915 5.2
    endloop
  endfacet
  facet normal 0 0 1
    outer loop
      vertex -1.95534 7.79012 5.2
      vertex -2.49989 7.37613 5.2
      vertex -2.40472 7.28987 5.2
    endloop
  endfacet
  facet normal 0 0 1
    outer loop
      vertex -2.61131 7.44963 5.2
      vertex -2.32228 8.01079 5.2
      vertex -2.53947 8.08801 5.2
    endloop
  endfacet
  facet normal 0 0 1
    outer loop
      vertex -2.32228 8.01079 5.2
      vertex -2.61131 7.44963 5.2
      vertex -2.49989 7.37613 5.2
    endloop
  endfacet
  facet normal 0 0 1
    outer loop
      vertex -2.53947 8.08801 5.2
      vertex -2.73796 7.50978 5.2
      vertex -2.61131 7.44963 5.2
    endloop
  endfacet
  facet normal 0 0 1
    outer loop
      vertex -2.87984 7.55655 5.2
      vertex -2.53947 8.08801 5.2
      vertex -2.77916 8.14319 5.2
    endloop
  endfacet
  facet normal 0 0 1
    outer loop
      vertex -2.53947 8.08801 5.2
      vertex -2.87984 7.55655 5.2
      vertex -2.73796 7.50978 5.2
    endloop
  endfacet
  facet normal 0 0 1
    outer loop
      vertex -2.77916 8.14319 5.2
      vertex -3.03694 7.58997 5.2
      vertex -2.87984 7.55655 5.2
    endloop
  endfacet
  facet normal 0 0 1
    outer loop
      vertex -3.04134 8.17628 5.2
      vertex -3.03694 7.58997 5.2
      vertex -2.77916 8.14319 5.2
    endloop
  endfacet
  facet normal 0 0 1
    outer loop
      vertex -3.04134 8.17628 5.2
      vertex -3.20927 7.61002 5.2
      vertex -3.03694 7.58997 5.2
    endloop
  endfacet
  facet normal 0 0 1
    outer loop
      vertex -3.32599 8.18732 5.2
      vertex -3.20927 7.61002 5.2
      vertex -3.04134 8.17628 5.2
    endloop
  endfacet
  facet normal 0 0 1
    outer loop
      vertex -3.32599 8.18732 5.2
      vertex -3.39684 7.6167 5.2
      vertex -3.20927 7.61002 5.2
    endloop
  endfacet
  facet normal 0 0 1
    outer loop
      vertex -3.32599 8.18732 5.2
      vertex -5.08638 7.6167 5.2
      vertex -3.39684 7.6167 5.2
    endloop
  endfacet
  facet normal 0 0 1
    outer loop
      vertex -5.79874 8.18732 5.2
      vertex -5.08638 5.67723 5.2
      vertex -5.08638 7.6167 5.2
    endloop
  endfacet
  facet normal 0 0 1
    outer loop
      vertex -5.79874 2.93219 5.2
      vertex -5.08638 5.67723 5.2
      vertex -5.79874 8.18732 5.2
    endloop
  endfacet
  facet normal -0 0 1
    outer loop
      vertex -5.79874 8.18732 5.2
      vertex -5.08638 7.6167 5.2
      vertex -3.32599 8.18732 5.2
    endloop
  endfacet
  facet normal 0 0 1
    outer loop
      vertex -5.08638 5.67723 5.2
      vertex -5.79874 2.93219 5.2
      vertex -5.08638 5.11404 5.2
    endloop
  endfacet
  facet normal 0 0 1
    outer loop
      vertex -5.08638 5.11404 5.2
      vertex -5.79874 2.93219 5.2
      vertex -5.08638 2.93219 5.2
    endloop
  endfacet
  facet normal -0 0 1
    outer loop
      vertex -2.19708 6.82365 5.2
      vertex -1.47232 6.68422 5.2
      vertex -1.48575 6.9118 5.2
    endloop
  endfacet
  facet normal 0 0 1
    outer loop
      vertex -1.47232 6.68422 5.2
      vertex -2.18843 6.6768 5.2
      vertex -1.48181 6.49423 5.2
    endloop
  endfacet
  facet normal 0 0 1
    outer loop
      vertex -2.19708 6.82365 5.2
      vertex -1.48575 6.9118 5.2
      vertex -1.526 7.12207 5.2
    endloop
  endfacet
  facet normal -0 0 1
    outer loop
      vertex -2.19698 6.52477 5.2
      vertex -1.48181 6.49423 5.2
      vertex -2.18843 6.6768 5.2
    endloop
  endfacet
  facet normal 0 0 1
    outer loop
      vertex -2.19708 6.82365 5.2
      vertex -1.526 7.12207 5.2
      vertex -1.59308 7.31503 5.2
    endloop
  endfacet
  facet normal 0 0 1
    outer loop
      vertex -1.48181 6.49423 5.2
      vertex -2.19698 6.52477 5.2
      vertex -1.51024 6.31459 5.2
    endloop
  endfacet
  facet normal 0 0 1
    outer loop
      vertex -2.19708 6.82365 5.2
      vertex -1.59308 7.31503 5.2
      vertex -1.687 7.49069 5.2
    endloop
  endfacet
  facet normal -0 0 1
    outer loop
      vertex -2.22261 6.38445 5.2
      vertex -1.51024 6.31459 5.2
      vertex -2.19698 6.52477 5.2
    endloop
  endfacet
  facet normal 0 0 1
    outer loop
      vertex -2.19708 6.82365 5.2
      vertex -1.687 7.49069 5.2
      vertex -1.80775 7.64905 5.2
    endloop
  endfacet
  facet normal 0 0 1
    outer loop
      vertex -1.51024 6.31459 5.2
      vertex -2.22261 6.38445 5.2
      vertex -1.55765 6.14531 5.2
    endloop
  endfacet
  facet normal -0 0 1
    outer loop
      vertex -2.26535 6.25581 5.2
      vertex -1.55765 6.14531 5.2
      vertex -2.22261 6.38445 5.2
    endloop
  endfacet
  facet normal 0 0 1
    outer loop
      vertex -2.19708 6.82365 5.2
      vertex -1.80775 7.64905 5.2
      vertex -1.95534 7.79012 5.2
    endloop
  endfacet
  facet normal 0 0 1
    outer loop
      vertex -1.55765 6.14531 5.2
      vertex -2.26535 6.25581 5.2
      vertex -1.62401 5.98639 5.2
    endloop
  endfacet
  facet normal 0 0 1
    outer loop
      vertex -2.49989 7.37613 5.2
      vertex -1.95534 7.79012 5.2
      vertex -2.12756 7.91148 5.2
    endloop
  endfacet
  facet normal 0 0 1
    outer loop
      vertex -1.62401 5.98639 5.2
      vertex -2.26535 6.25581 5.2
      vertex -1.70932 5.83781 5.2
    endloop
  endfacet
  facet normal -0 0 1
    outer loop
      vertex -2.3252 6.1389 5.2
      vertex -1.70932 5.83781 5.2
      vertex -2.26535 6.25581 5.2
    endloop
  endfacet
  facet normal 0 0 1
    outer loop
      vertex -1.70932 5.83781 5.2
      vertex -2.3252 6.1389 5.2
      vertex -1.8136 5.69962 5.2
    endloop
  endfacet
  facet normal -0 0 1
    outer loop
      vertex -2.40213 6.03369 5.2
      vertex -1.8136 5.69962 5.2
      vertex -2.3252 6.1389 5.2
    endloop
  endfacet
  facet normal 0 0 1
    outer loop
      vertex -1.8136 5.69962 5.2
      vertex -2.40213 6.03369 5.2
      vertex -1.93456 5.57477 5.2
    endloop
  endfacet
  facet normal 0 0 1
    outer loop
      vertex -1.93456 5.57477 5.2
      vertex -2.40213 6.03369 5.2
      vertex -2.06992 5.46631 5.2
    endloop
  endfacet
  facet normal -0 0 1
    outer loop
      vertex -2.49615 5.94019 5.2
      vertex -2.06992 5.46631 5.2
      vertex -2.40213 6.03369 5.2
    endloop
  endfacet
  facet normal 0 0 1
    outer loop
      vertex -2.06992 5.46631 5.2
      vertex -2.49615 5.94019 5.2
      vertex -2.21967 5.37421 5.2
    endloop
  endfacet
  facet normal -0 0 1
    outer loop
      vertex -2.6058 5.85983 5.2
      vertex -2.21967 5.37421 5.2
      vertex -2.49615 5.94019 5.2
    endloop
  endfacet
  facet normal 0 0 1
    outer loop
      vertex -2.21967 5.37421 5.2
      vertex -2.6058 5.85983 5.2
      vertex -2.38382 5.29848 5.2
    endloop
  endfacet
  facet normal -0 0 1
    outer loop
      vertex -2.72966 5.7941 5.2
      vertex -2.38382 5.29848 5.2
      vertex -2.6058 5.85983 5.2
    endloop
  endfacet
  facet normal 0 0 1
    outer loop
      vertex -2.38382 5.29848 5.2
      vertex -2.72966 5.7941 5.2
      vertex -2.56236 5.23911 5.2
    endloop
  endfacet
  facet normal -0 0 1
    outer loop
      vertex -2.86771 5.74297 5.2
      vertex -2.56236 5.23911 5.2
      vertex -2.72966 5.7941 5.2
    endloop
  endfacet
  facet normal 0 0 1
    outer loop
      vertex -2.56236 5.23911 5.2
      vertex -2.86771 5.74297 5.2
      vertex -2.75531 5.19611 5.2
    endloop
  endfacet
  facet normal 0 0 1
    outer loop
      vertex -2.75531 5.19611 5.2
      vertex -2.08398 2.93219 5.2
      vertex -1.26344 2.93219 5.2
    endloop
  endfacet
  facet normal -0 0 1
    outer loop
      vertex -3.01994 5.70645 5.2
      vertex -2.75531 5.19611 5.2
      vertex -2.86771 5.74297 5.2
    endloop
  endfacet
  facet normal -0 0 1
    outer loop
      vertex -3.18639 5.68454 5.2
      vertex -2.75531 5.19611 5.2
      vertex -3.01994 5.70645 5.2
    endloop
  endfacet
  facet normal 0 0 1
    outer loop
      vertex -2.75531 5.19611 5.2
      vertex -3.18639 5.68454 5.2
      vertex -3.44908 5.11404 5.2
    endloop
  endfacet
  facet normal 0 0 1
    outer loop
      vertex -3.44908 5.11404 5.2
      vertex -3.18639 5.68454 5.2
      vertex -3.36702 5.67723 5.2
    endloop
  endfacet
  facet normal 0 0 1
    outer loop
      vertex -2.75531 5.19611 5.2
      vertex -3.44908 5.11404 5.2
      vertex -2.08398 2.93219 5.2
    endloop
  endfacet
  facet normal -0 0 1
    outer loop
      vertex -5.08638 5.67723 5.2
      vertex -3.44908 5.11404 5.2
      vertex -3.36702 5.67723 5.2
    endloop
  endfacet
  facet normal 0 0 1
    outer loop
      vertex -3.44908 5.11404 5.2
      vertex -5.08638 5.67723 5.2
      vertex -5.08638 5.11404 5.2
    endloop
  endfacet
  facet normal 0 0 1
    outer loop
      vertex 2.37347 8.18732 5.2
      vertex 1.6611 8.18732 5.2
      vertex 2.37347 3.51404 5.2
    endloop
  endfacet
  facet normal -0 0 1
    outer loop
      vertex 2.37347 3.51404 5.2
      vertex 5.02898 2.93219 5.2
      vertex 5.02898 3.51404 5.2
    endloop
  endfacet
  facet normal 0 0 1
    outer loop
      vertex 2.37347 3.51404 5.2
      vertex 1.6611 2.93219 5.2
      vertex 5.02898 2.93219 5.2
    endloop
  endfacet
  facet normal 0 0 1
    outer loop
      vertex 1.6611 2.93219 5.2
      vertex 2.37347 3.51404 5.2
      vertex 1.6611 8.18732 5.2
    endloop
  endfacet
  facet normal 0.110143 -0.993916 0
    outer loop
      vertex -14.3886 2.86684 4
      vertex -14.139 2.8945 5.2
      vertex -14.3886 2.86684 5.2
    endloop
  endfacet
  facet normal 0.110143 -0.993916 0
    outer loop
      vertex -14.139 2.8945 5.2
      vertex -14.3886 2.86684 4
      vertex -14.139 2.8945 4
    endloop
  endfacet
  facet normal 0.190394 -0.981708 0
    outer loop
      vertex -14.139 2.8945 4
      vertex -13.9013 2.9406 5.2
      vertex -14.139 2.8945 5.2
    endloop
  endfacet
  facet normal 0.190394 -0.981708 0
    outer loop
      vertex -13.9013 2.9406 5.2
      vertex -14.139 2.8945 4
      vertex -13.9013 2.9406 4
    endloop
  endfacet
  facet normal 0.274597 -0.961559 0
    outer loop
      vertex -13.9013 2.9406 4
      vertex -13.6753 3.00514 5.2
      vertex -13.9013 2.9406 5.2
    endloop
  endfacet
  facet normal 0.274597 -0.961559 0
    outer loop
      vertex -13.6753 3.00514 5.2
      vertex -13.9013 2.9406 4
      vertex -13.6753 3.00514 4
    endloop
  endfacet
  facet normal 0.361383 -0.932418 0
    outer loop
      vertex -13.6753 3.00514 4
      vertex -13.4612 3.08812 5.2
      vertex -13.6753 3.00514 5.2
    endloop
  endfacet
  facet normal 0.361383 -0.932418 0
    outer loop
      vertex -13.4612 3.08812 5.2
      vertex -13.6753 3.00514 4
      vertex -13.4612 3.08812 4
    endloop
  endfacet
  facet normal 0.447991 -0.894038 0
    outer loop
      vertex -13.4612 3.08812 4
      vertex -13.2588 3.18954 5.2
      vertex -13.4612 3.08812 5.2
    endloop
  endfacet
  facet normal 0.447991 -0.894038 0
    outer loop
      vertex -13.2588 3.18954 5.2
      vertex -13.4612 3.08812 4
      vertex -13.2588 3.18954 4
    endloop
  endfacet
  facet normal 0.532029 -0.846726 0
    outer loop
      vertex -13.2588 3.18954 4
      vertex -13.07 3.30817 5.2
      vertex -13.2588 3.18954 5.2
    endloop
  endfacet
  facet normal 0.532029 -0.846726 0
    outer loop
      vertex -13.07 3.30817 5.2
      vertex -13.2588 3.18954 4
      vertex -13.07 3.30817 4
    endloop
  endfacet
  facet normal 0.612849 -0.7902 0
    outer loop
      vertex -13.07 3.30817 4
      vertex -12.8965 3.44273 5.2
      vertex -13.07 3.30817 5.2
    endloop
  endfacet
  facet normal 0.612849 -0.7902 0
    outer loop
      vertex -12.8965 3.44273 5.2
      vertex -13.07 3.30817 4
      vertex -12.8965 3.44273 4
    endloop
  endfacet
  facet normal 0.68887 -0.724885 0
    outer loop
      vertex -12.8965 3.44273 4
      vertex -12.7381 3.59326 5.2
      vertex -12.8965 3.44273 5.2
    endloop
  endfacet
  facet normal 0.68887 -0.724885 0
    outer loop
      vertex -12.7381 3.59326 5.2
      vertex -12.8965 3.44273 4
      vertex -12.7381 3.59326 4
    endloop
  endfacet
  facet normal 0.758368 -0.651826 0
    outer loop
      vertex -12.7381 3.59326 5.2
      vertex -12.595 3.75975 4
      vertex -12.595 3.75975 5.2
    endloop
  endfacet
  facet normal 0.758368 -0.651826 0
    outer loop
      vertex -12.595 3.75975 4
      vertex -12.7381 3.59326 5.2
      vertex -12.7381 3.59326 4
    endloop
  endfacet
  facet normal 0.818842 -0.574019 0
    outer loop
      vertex -12.595 3.75975 5.2
      vertex -12.4671 3.9422 4
      vertex -12.4671 3.9422 5.2
    endloop
  endfacet
  facet normal 0.818842 -0.574019 0
    outer loop
      vertex -12.4671 3.9422 4
      vertex -12.595 3.75975 5.2
      vertex -12.595 3.75975 4
    endloop
  endfacet
  facet normal 0.869497 -0.493938 0
    outer loop
      vertex -12.4671 3.9422 5.2
      vertex -12.3544 4.14059 4
      vertex -12.3544 4.14059 5.2
    endloop
  endfacet
  facet normal 0.869497 -0.493938 0
    outer loop
      vertex -12.3544 4.14059 4
      vertex -12.4671 3.9422 5.2
      vertex -12.4671 3.9422 4
    endloop
  endfacet
  facet normal 0.910535 -0.413431 0
    outer loop
      vertex -12.3544 4.14059 5.2
      vertex -12.2581 4.35268 4
      vertex -12.2581 4.35268 5.2
    endloop
  endfacet
  facet normal 0.910535 -0.413431 0
    outer loop
      vertex -12.2581 4.35268 4
      vertex -12.3544 4.14059 5.2
      vertex -12.3544 4.14059 4
    endloop
  endfacet
  facet normal 0.94309 -0.332538 0
    outer loop
      vertex -12.2581 4.35268 5.2
      vertex -12.1793 4.57616 4
      vertex -12.1793 4.57616 5.2
    endloop
  endfacet
  facet normal 0.94309 -0.332538 0
    outer loop
      vertex -12.1793 4.57616 4
      vertex -12.2581 4.35268 5.2
      vertex -12.2581 4.35268 4
    endloop
  endfacet
  facet normal 0.967585 -0.252546 0
    outer loop
      vertex -12.1793 4.57616 5.2
      vertex -12.118 4.81102 4
      vertex -12.118 4.81102 5.2
    endloop
  endfacet
  facet normal 0.967585 -0.252546 0
    outer loop
      vertex -12.118 4.81102 4
      vertex -12.1793 4.57616 5.2
      vertex -12.1793 4.57616 4
    endloop
  endfacet
  facet normal 0.984551 -0.175099 0
    outer loop
      vertex -12.118 4.81102 5.2
      vertex -12.0742 5.0573 4
      vertex -12.0742 5.0573 5.2
    endloop
  endfacet
  facet normal 0.984551 -0.175099 0
    outer loop
      vertex -12.0742 5.0573 4
      vertex -12.118 4.81102 5.2
      vertex -12.118 4.81102 4
    endloop
  endfacet
  facet normal 0.99487 -0.101163 0
    outer loop
      vertex -12.0742 5.0573 5.2
      vertex -12.048 5.31496 4
      vertex -12.048 5.31496 5.2
    endloop
  endfacet
  facet normal 0.99487 -0.101163 0
    outer loop
      vertex -12.048 5.31496 4
      vertex -12.0742 5.0573 5.2
      vertex -12.0742 5.0573 4
    endloop
  endfacet
  facet normal 0.999465 -0.0326914 0
    outer loop
      vertex -12.048 5.31496 5.2
      vertex -12.0392 5.584 4
      vertex -12.0392 5.584 5.2
    endloop
  endfacet
  facet normal 0.999465 -0.0326914 0
    outer loop
      vertex -12.0392 5.584 4
      vertex -12.048 5.31496 5.2
      vertex -12.048 5.31496 4
    endloop
  endfacet
  facet normal 0.999481 0.0322198 0
    outer loop
      vertex -12.0392 5.584 5.2
      vertex -12.0479 5.85388 4
      vertex -12.0479 5.85388 5.2
    endloop
  endfacet
  facet normal 0.999481 0.0322198 0
    outer loop
      vertex -12.0479 5.85388 4
      vertex -12.0392 5.584 5.2
      vertex -12.0392 5.584 4
    endloop
  endfacet
  facet normal 0.994986 0.100016 0
    outer loop
      vertex -12.0479 5.85388 5.2
      vertex -12.0738 6.11154 4
      vertex -12.0738 6.11154 5.2
    endloop
  endfacet
  facet normal 0.994986 0.100016 0
    outer loop
      vertex -12.0738 6.11154 4
      vertex -12.0479 5.85388 5.2
      vertex -12.0479 5.85388 4
    endloop
  endfacet
  facet normal 0.98479 0.173749 0
    outer loop
      vertex -12.0738 6.11154 5.2
      vertex -12.1171 6.35696 4
      vertex -12.1171 6.35696 5.2
    endloop
  endfacet
  facet normal 0.98479 0.173749 0
    outer loop
      vertex -12.1171 6.35696 4
      vertex -12.0738 6.11154 5.2
      vertex -12.0738 6.11154 4
    endloop
  endfacet
  facet normal 0.967956 0.251121 0
    outer loop
      vertex -12.1171 6.35696 5.2
      vertex -12.1776 6.59016 4
      vertex -12.1776 6.59016 5.2
    endloop
  endfacet
  facet normal 0.967956 0.251121 0
    outer loop
      vertex -12.1776 6.59016 4
      vertex -12.1171 6.35696 5.2
      vertex -12.1171 6.35696 4
    endloop
  endfacet
  facet normal 0.943115 0.332467 0
    outer loop
      vertex -12.1776 6.59016 5.2
      vertex -12.2555 6.81114 4
      vertex -12.2555 6.81114 5.2
    endloop
  endfacet
  facet normal 0.943115 0.332467 0
    outer loop
      vertex -12.2555 6.81114 4
      vertex -12.1776 6.59016 5.2
      vertex -12.1776 6.59016 4
    endloop
  endfacet
  facet normal 0.909858 0.414919 0
    outer loop
      vertex -12.2555 6.81114 5.2
      vertex -12.3507 7.0199 4
      vertex -12.3507 7.0199 5.2
    endloop
  endfacet
  facet normal 0.909858 0.414919 0
    outer loop
      vertex -12.3507 7.0199 4
      vertex -12.2555 6.81114 5.2
      vertex -12.2555 6.81114 4
    endloop
  endfacet
  facet normal 0.867688 0.497108 0
    outer loop
      vertex -12.3507 7.0199 5.2
      vertex -12.4622 7.21452 4
      vertex -12.4622 7.21452 5.2
    endloop
  endfacet
  facet normal 0.867688 0.497108 0
    outer loop
      vertex -12.4622 7.21452 4
      vertex -12.3507 7.0199 5.2
      vertex -12.3507 7.0199 4
    endloop
  endfacet
  facet normal 0.814904 0.579597 0
    outer loop
      vertex -12.4622 7.21452 5.2
      vertex -12.5892 7.39308 4
      vertex -12.5892 7.39308 5.2
    endloop
  endfacet
  facet normal 0.814904 0.579597 0
    outer loop
      vertex -12.5892 7.39308 4
      vertex -12.4622 7.21452 5.2
      vertex -12.4622 7.21452 4
    endloop
  endfacet
  facet normal 0.752109 0.659039 0
    outer loop
      vertex -12.5892 7.39308 5.2
      vertex -12.7316 7.55559 4
      vertex -12.7316 7.55559 5.2
    endloop
  endfacet
  facet normal 0.752109 0.659039 0
    outer loop
      vertex -12.7316 7.55559 4
      vertex -12.5892 7.39308 5.2
      vertex -12.5892 7.39308 4
    endloop
  endfacet
  facet normal 0.680255 0.732975 -0
    outer loop
      vertex -12.7316 7.55559 4
      vertex -12.8894 7.70204 5.2
      vertex -12.7316 7.55559 5.2
    endloop
  endfacet
  facet normal 0.680255 0.732975 0
    outer loop
      vertex -12.8894 7.70204 5.2
      vertex -12.7316 7.55559 4
      vertex -12.8894 7.70204 4
    endloop
  endfacet
  facet normal 0.601224 0.799081 -0
    outer loop
      vertex -12.8894 7.70204 4
      vertex -13.0627 7.83243 5.2
      vertex -12.8894 7.70204 5.2
    endloop
  endfacet
  facet normal 0.601224 0.799081 0
    outer loop
      vertex -13.0627 7.83243 5.2
      vertex -12.8894 7.70204 4
      vertex -13.0627 7.83243 4
    endloop
  endfacet
  facet normal 0.518157 0.855285 -0
    outer loop
      vertex -13.0627 7.83243 4
      vertex -13.2514 7.94675 5.2
      vertex -13.0627 7.83243 5.2
    endloop
  endfacet
  facet normal 0.518157 0.855285 0
    outer loop
      vertex -13.2514 7.94675 5.2
      vertex -13.0627 7.83243 4
      vertex -13.2514 7.94675 4
    endloop
  endfacet
  facet normal 0.433947 0.900938 -0
    outer loop
      vertex -13.2514 7.94675 4
      vertex -13.4537 8.04419 5.2
      vertex -13.2514 7.94675 5.2
    endloop
  endfacet
  facet normal 0.433947 0.900938 0
    outer loop
      vertex -13.4537 8.04419 5.2
      vertex -13.2514 7.94675 4
      vertex -13.4537 8.04419 4
    endloop
  endfacet
  facet normal 0.34884 0.937182 -0
    outer loop
      vertex -13.4537 8.04419 4
      vertex -13.6679 8.12392 5.2
      vertex -13.4537 8.04419 5.2
    endloop
  endfacet
  facet normal 0.34884 0.937182 0
    outer loop
      vertex -13.6679 8.12392 5.2
      vertex -13.4537 8.04419 4
      vertex -13.6679 8.12392 4
    endloop
  endfacet
  facet normal 0.264631 0.96435 -0
    outer loop
      vertex -13.6679 8.12392 4
      vertex -13.8938 8.18591 5.2
      vertex -13.6679 8.12392 5.2
    endloop
  endfacet
  facet normal 0.264631 0.96435 0
    outer loop
      vertex -13.8938 8.18591 5.2
      vertex -13.6679 8.12392 4
      vertex -13.8938 8.18591 4
    endloop
  endfacet
  facet normal 0.18314 0.983087 -0
    outer loop
      vertex -13.8938 8.18591 4
      vertex -14.1316 8.23021 5.2
      vertex -13.8938 8.18591 5.2
    endloop
  endfacet
  facet normal 0.18314 0.983087 0
    outer loop
      vertex -14.1316 8.23021 5.2
      vertex -13.8938 8.18591 4
      vertex -14.1316 8.23021 4
    endloop
  endfacet
  facet normal 0.105855 0.994382 -0
    outer loop
      vertex -14.1316 8.23021 4
      vertex -14.3811 8.25677 5.2
      vertex -14.1316 8.23021 5.2
    endloop
  endfacet
  facet normal 0.105855 0.994382 0
    outer loop
      vertex -14.3811 8.25677 5.2
      vertex -14.1316 8.23021 4
      vertex -14.3811 8.25677 4
    endloop
  endfacet
  facet normal 0.0339132 0.999425 -0
    outer loop
      vertex -14.3811 8.25677 4
      vertex -14.6425 8.26564 5.2
      vertex -14.3811 8.25677 5.2
    endloop
  endfacet
  facet normal 0.0339132 0.999425 0
    outer loop
      vertex -14.6425 8.26564 5.2
      vertex -14.3811 8.25677 4
      vertex -14.6425 8.26564 4
    endloop
  endfacet
  facet normal -0.0498746 0.998755 0
    outer loop
      vertex -14.6425 8.26564 4
      vertex -15.0378 8.2459 5.2
      vertex -14.6425 8.26564 5.2
    endloop
  endfacet
  facet normal -0.0498746 0.998755 0
    outer loop
      vertex -15.0378 8.2459 5.2
      vertex -14.6425 8.26564 4
      vertex -15.0378 8.2459 4
    endloop
  endfacet
  facet normal -0.160041 0.98711 0
    outer loop
      vertex -15.0378 8.2459 4
      vertex -15.403 8.18669 5.2
      vertex -15.0378 8.2459 5.2
    endloop
  endfacet
  facet normal -0.160041 0.98711 0
    outer loop
      vertex -15.403 8.18669 5.2
      vertex -15.0378 8.2459 4
      vertex -15.403 8.18669 4
    endloop
  endfacet
  facet normal -0.282434 0.959287 0
    outer loop
      vertex -15.403 8.18669 4
      vertex -15.7382 8.088 5.2
      vertex -15.403 8.18669 5.2
    endloop
  endfacet
  facet normal -0.282434 0.959287 0
    outer loop
      vertex -15.7382 8.088 5.2
      vertex -15.403 8.18669 4
      vertex -15.7382 8.088 4
    endloop
  endfacet
  facet normal -0.412511 0.910952 0
    outer loop
      vertex -15.7382 8.088 4
      vertex -16.0433 7.94984 5.2
      vertex -15.7382 8.088 5.2
    endloop
  endfacet
  facet normal -0.412511 0.910952 0
    outer loop
      vertex -16.0433 7.94984 5.2
      vertex -15.7382 8.088 4
      vertex -16.0433 7.94984 4
    endloop
  endfacet
  facet normal -0.542603 0.839989 0
    outer loop
      vertex -16.0433 7.94984 4
      vertex -16.3183 7.7722 5.2
      vertex -16.0433 7.94984 5.2
    endloop
  endfacet
  facet normal -0.542603 0.839989 0
    outer loop
      vertex -16.3183 7.7722 5.2
      vertex -16.0433 7.94984 4
      vertex -16.3183 7.7722 4
    endloop
  endfacet
  facet normal -0.663055 0.748571 0
    outer loop
      vertex -16.3183 7.7722 4
      vertex -16.5634 7.5551 5.2
      vertex -16.3183 7.7722 5.2
    endloop
  endfacet
  facet normal -0.663055 0.748571 0
    outer loop
      vertex -16.5634 7.5551 5.2
      vertex -16.3183 7.7722 4
      vertex -16.5634 7.5551 4
    endloop
  endfacet
  facet normal -0.767173 0.641441 0
    outer loop
      vertex -16.7742 7.30298 4
      vertex -16.5634 7.5551 5.2
      vertex -16.5634 7.5551 4
    endloop
  endfacet
  facet normal -0.767173 0.641441 0
    outer loop
      vertex -16.5634 7.5551 5.2
      vertex -16.7742 7.30298 4
      vertex -16.7742 7.30298 5.2
    endloop
  endfacet
  facet normal -0.853608 0.520916 0
    outer loop
      vertex -16.9467 7.02031 4
      vertex -16.7742 7.30298 5.2
      vertex -16.7742 7.30298 4
    endloop
  endfacet
  facet normal -0.853608 0.520916 0
    outer loop
      vertex -16.7742 7.30298 5.2
      vertex -16.9467 7.02031 4
      vertex -16.9467 7.02031 5.2
    endloop
  endfacet
  facet normal -0.919295 0.393569 0
    outer loop
      vertex -17.0808 6.70708 4
      vertex -16.9467 7.02031 5.2
      vertex -16.9467 7.02031 4
    endloop
  endfacet
  facet normal -0.919295 0.393569 0
    outer loop
      vertex -16.9467 7.02031 5.2
      vertex -17.0808 6.70708 4
      vertex -17.0808 6.70708 5.2
    endloop
  endfacet
  facet normal -0.963228 0.268684 0
    outer loop
      vertex -17.1767 6.36328 4
      vertex -17.0808 6.70708 5.2
      vertex -17.0808 6.70708 4
    endloop
  endfacet
  facet normal -0.963228 0.268684 0
    outer loop
      vertex -17.0808 6.70708 5.2
      vertex -17.1767 6.36328 4
      vertex -17.1767 6.36328 5.2
    endloop
  endfacet
  facet normal -0.988409 0.151815 0
    outer loop
      vertex -17.2342 5.98892 4
      vertex -17.1767 6.36328 5.2
      vertex -17.1767 6.36328 4
    endloop
  endfacet
  facet normal -0.988409 0.151815 0
    outer loop
      vertex -17.1767 6.36328 5.2
      vertex -17.2342 5.98892 4
      vertex -17.2342 5.98892 5.2
    endloop
  endfacet
  facet normal -0.998889 0.0471174 0
    outer loop
      vertex -17.2533 5.584 4
      vertex -17.2342 5.98892 5.2
      vertex -17.2342 5.98892 4
    endloop
  endfacet
  facet normal -0.998889 0.0471174 0
    outer loop
      vertex -17.2342 5.98892 5.2
      vertex -17.2533 5.584 4
      vertex -17.2533 5.584 5.2
    endloop
  endfacet
  facet normal -0.999494 -0.0318086 0
    outer loop
      vertex -17.2447 5.31377 4
      vertex -17.2533 5.584 5.2
      vertex -17.2533 5.584 4
    endloop
  endfacet
  facet normal -0.999494 -0.0318086 0
    outer loop
      vertex -17.2533 5.584 5.2
      vertex -17.2447 5.31377 4
      vertex -17.2447 5.31377 5.2
    endloop
  endfacet
  facet normal -0.995066 -0.0992143 0
    outer loop
      vertex -17.2189 5.05501 4
      vertex -17.2447 5.31377 5.2
      vertex -17.2447 5.31377 4
    endloop
  endfacet
  facet normal -0.995066 -0.0992143 0
    outer loop
      vertex -17.2447 5.31377 5.2
      vertex -17.2189 5.05501 4
      vertex -17.2189 5.05501 5.2
    endloop
  endfacet
  facet normal -0.985213 -0.171334 0
    outer loop
      vertex -17.1759 4.80775 4
      vertex -17.2189 5.05501 5.2
      vertex -17.2189 5.05501 4
    endloop
  endfacet
  facet normal -0.985213 -0.171334 0
    outer loop
      vertex -17.2189 5.05501 5.2
      vertex -17.1759 4.80775 4
      vertex -17.1759 4.80775 5.2
    endloop
  endfacet
  facet normal -0.96901 -0.24702 0
    outer loop
      vertex -17.1158 4.57199 4
      vertex -17.1759 4.80775 5.2
      vertex -17.1759 4.80775 4
    endloop
  endfacet
  facet normal -0.96901 -0.24702 0
    outer loop
      vertex -17.1759 4.80775 5.2
      vertex -17.1158 4.57199 4
      vertex -17.1158 4.57199 5.2
    endloop
  endfacet
  facet normal -0.945274 -0.326276 0
    outer loop
      vertex -17.0384 4.34775 4
      vertex -17.1158 4.57199 5.2
      vertex -17.1158 4.57199 4
    endloop
  endfacet
  facet normal -0.945274 -0.326276 0
    outer loop
      vertex -17.1158 4.57199 5.2
      vertex -17.0384 4.34775 4
      vertex -17.0384 4.34775 5.2
    endloop
  endfacet
  facet normal -0.913748 -0.406282 0
    outer loop
      vertex -16.9438 4.13499 4
      vertex -17.0384 4.34775 5.2
      vertex -17.0384 4.34775 4
    endloop
  endfacet
  facet normal -0.913748 -0.406282 0
    outer loop
      vertex -17.0384 4.34775 5.2
      vertex -16.9438 4.13499 4
      vertex -16.9438 4.13499 5.2
    endloop
  endfacet
  facet normal -0.873358 -0.487078 0
    outer loop
      vertex -16.8329 3.93614 4
      vertex -16.9438 4.13499 5.2
      vertex -16.9438 4.13499 4
    endloop
  endfacet
  facet normal -0.873358 -0.487078 0
    outer loop
      vertex -16.9438 4.13499 5.2
      vertex -16.8329 3.93614 4
      vertex -16.8329 3.93614 5.2
    endloop
  endfacet
  facet normal -0.822225 -0.569163 0
    outer loop
      vertex -16.7065 3.75354 4
      vertex -16.8329 3.93614 5.2
      vertex -16.8329 3.93614 4
    endloop
  endfacet
  facet normal -0.822225 -0.569163 0
    outer loop
      vertex -16.8329 3.93614 5.2
      vertex -16.7065 3.75354 4
      vertex -16.7065 3.75354 5.2
    endloop
  endfacet
  facet normal -0.760972 -0.648785 0
    outer loop
      vertex -16.5647 3.58722 4
      vertex -16.7065 3.75354 5.2
      vertex -16.7065 3.75354 4
    endloop
  endfacet
  facet normal -0.760972 -0.648785 0
    outer loop
      vertex -16.7065 3.75354 5.2
      vertex -16.5647 3.58722 4
      vertex -16.5647 3.58722 5.2
    endloop
  endfacet
  facet normal -0.690513 -0.72332 0
    outer loop
      vertex -16.5647 3.58722 4
      vertex -16.4075 3.43715 5.2
      vertex -16.5647 3.58722 5.2
    endloop
  endfacet
  facet normal -0.690513 -0.72332 -0
    outer loop
      vertex -16.4075 3.43715 5.2
      vertex -16.5647 3.58722 4
      vertex -16.4075 3.43715 4
    endloop
  endfacet
  facet normal -0.6127 -0.790315 0
    outer loop
      vertex -16.4075 3.43715 4
      vertex -16.2349 3.30334 5.2
      vertex -16.4075 3.43715 5.2
    endloop
  endfacet
  facet normal -0.6127 -0.790315 -0
    outer loop
      vertex -16.2349 3.30334 5.2
      vertex -16.4075 3.43715 4
      vertex -16.2349 3.30334 4
    endloop
  endfacet
  facet normal -0.529894 -0.848064 0
    outer loop
      vertex -16.2349 3.30334 4
      vertex -16.0468 3.18581 5.2
      vertex -16.2349 3.30334 5.2
    endloop
  endfacet
  facet normal -0.529894 -0.848064 -0
    outer loop
      vertex -16.0468 3.18581 5.2
      vertex -16.2349 3.30334 4
      vertex -16.0468 3.18581 4
    endloop
  endfacet
  facet normal -0.444658 -0.895701 0
    outer loop
      vertex -16.0468 3.18581 4
      vertex -15.8448 3.08553 5.2
      vertex -16.0468 3.18581 5.2
    endloop
  endfacet
  facet normal -0.444658 -0.895701 -0
    outer loop
      vertex -15.8448 3.08553 5.2
      vertex -16.0468 3.18581 4
      vertex -15.8448 3.08553 4
    endloop
  endfacet
  facet normal -0.357562 -0.933889 0
    outer loop
      vertex -15.8448 3.08553 4
      vertex -15.6305 3.00348 5.2
      vertex -15.8448 3.08553 5.2
    endloop
  endfacet
  facet normal -0.357562 -0.933889 -0
    outer loop
      vertex -15.6305 3.00348 5.2
      vertex -15.8448 3.08553 4
      vertex -15.6305 3.00348 4
    endloop
  endfacet
  facet normal -0.271056 -0.962564 0
    outer loop
      vertex -15.6305 3.00348 4
      vertex -15.4039 2.93967 5.2
      vertex -15.6305 3.00348 5.2
    endloop
  endfacet
  facet normal -0.271056 -0.962564 -0
    outer loop
      vertex -15.4039 2.93967 5.2
      vertex -15.6305 3.00348 4
      vertex -15.4039 2.93967 4
    endloop
  endfacet
  facet normal -0.187414 -0.982281 0
    outer loop
      vertex -15.4039 2.93967 4
      vertex -15.1649 2.89407 5.2
      vertex -15.4039 2.93967 5.2
    endloop
  endfacet
  facet normal -0.187414 -0.982281 -0
    outer loop
      vertex -15.1649 2.89407 5.2
      vertex -15.4039 2.93967 4
      vertex -15.1649 2.89407 4
    endloop
  endfacet
  facet normal -0.108156 -0.994134 0
    outer loop
      vertex -15.1649 2.89407 4
      vertex -14.9136 2.86673 5.2
      vertex -15.1649 2.89407 5.2
    endloop
  endfacet
  facet normal -0.108156 -0.994134 -0
    outer loop
      vertex -14.9136 2.86673 5.2
      vertex -15.1649 2.89407 4
      vertex -14.9136 2.86673 4
    endloop
  endfacet
  facet normal -0.0345393 -0.999403 0
    outer loop
      vertex -14.9136 2.86673 4
      vertex -14.65 2.85762 5.2
      vertex -14.9136 2.86673 5.2
    endloop
  endfacet
  facet normal -0.0345393 -0.999403 -0
    outer loop
      vertex -14.65 2.85762 5.2
      vertex -14.9136 2.86673 4
      vertex -14.65 2.85762 4
    endloop
  endfacet
  facet normal 0.0352497 -0.999379 0
    outer loop
      vertex -14.65 2.85762 4
      vertex -14.3886 2.86684 5.2
      vertex -14.65 2.85762 5.2
    endloop
  endfacet
  facet normal 0.0352497 -0.999379 0
    outer loop
      vertex -14.3886 2.86684 5.2
      vertex -14.65 2.85762 4
      vertex -14.3886 2.86684 4
    endloop
  endfacet
  facet normal 0.181035 0.983477 -0
    outer loop
      vertex -14.9339 3.45183 4
      vertex -15.1964 3.50015 5.2
      vertex -14.9339 3.45183 5.2
    endloop
  endfacet
  facet normal 0.181035 0.983477 0
    outer loop
      vertex -15.1964 3.50015 5.2
      vertex -14.9339 3.45183 4
      vertex -15.1964 3.50015 4
    endloop
  endfacet
  facet normal 0.316877 0.948467 -0
    outer loop
      vertex -15.1964 3.50015 4
      vertex -15.4375 3.5807 5.2
      vertex -15.1964 3.50015 5.2
    endloop
  endfacet
  facet normal 0.316877 0.948467 0
    outer loop
      vertex -15.4375 3.5807 5.2
      vertex -15.1964 3.50015 4
      vertex -15.4375 3.5807 4
    endloop
  endfacet
  facet normal 0.456977 0.889478 -0
    outer loop
      vertex -15.4375 3.5807 4
      vertex -15.657 3.69347 5.2
      vertex -15.4375 3.5807 5.2
    endloop
  endfacet
  facet normal 0.456977 0.889478 0
    outer loop
      vertex -15.657 3.69347 5.2
      vertex -15.4375 3.5807 4
      vertex -15.657 3.69347 4
    endloop
  endfacet
  facet normal 0.590366 0.807136 -0
    outer loop
      vertex -15.657 3.69347 4
      vertex -15.8552 3.83844 5.2
      vertex -15.657 3.69347 5.2
    endloop
  endfacet
  facet normal 0.590366 0.807136 0
    outer loop
      vertex -15.8552 3.83844 5.2
      vertex -15.657 3.69347 4
      vertex -15.8552 3.83844 4
    endloop
  endfacet
  facet normal 0.708105 0.706107 0
    outer loop
      vertex -15.8552 3.83844 5.2
      vertex -16.0319 4.01564 4
      vertex -16.0319 4.01564 5.2
    endloop
  endfacet
  facet normal 0.708105 0.706107 0
    outer loop
      vertex -16.0319 4.01564 4
      vertex -15.8552 3.83844 5.2
      vertex -15.8552 3.83844 4
    endloop
  endfacet
  facet normal 0.802632 0.596474 0
    outer loop
      vertex -16.0319 4.01564 5.2
      vertex -16.184 4.22031 4
      vertex -16.184 4.22031 5.2
    endloop
  endfacet
  facet normal 0.802632 0.596474 0
    outer loop
      vertex -16.184 4.22031 4
      vertex -16.0319 4.01564 5.2
      vertex -16.0319 4.01564 4
    endloop
  endfacet
  facet normal 0.877116 0.480279 0
    outer loop
      vertex -16.184 4.22031 5.2
      vertex -16.3085 4.44768 4
      vertex -16.3085 4.44768 5.2
    endloop
  endfacet
  facet normal 0.877116 0.480279 0
    outer loop
      vertex -16.3085 4.44768 4
      vertex -16.184 4.22031 5.2
      vertex -16.184 4.22031 4
    endloop
  endfacet
  facet normal 0.932555 0.361028 0
    outer loop
      vertex -16.3085 4.44768 5.2
      vertex -16.4053 4.69772 4
      vertex -16.4053 4.69772 5.2
    endloop
  endfacet
  facet normal 0.932555 0.361028 0
    outer loop
      vertex -16.4053 4.69772 4
      vertex -16.3085 4.44768 5.2
      vertex -16.3085 4.44768 4
    endloop
  endfacet
  facet normal 0.969288 0.245929 0
    outer loop
      vertex -16.4053 4.69772 5.2
      vertex -16.4745 4.97046 4
      vertex -16.4745 4.97046 5.2
    endloop
  endfacet
  facet normal 0.969288 0.245929 0
    outer loop
      vertex -16.4745 4.97046 4
      vertex -16.4053 4.69772 5.2
      vertex -16.4053 4.69772 4
    endloop
  endfacet
  facet normal 0.990278 0.139103 0
    outer loop
      vertex -16.4745 4.97046 5.2
      vertex -16.516 5.2659 4
      vertex -16.516 5.2659 5.2
    endloop
  endfacet
  facet normal 0.990278 0.139103 0
    outer loop
      vertex -16.516 5.2659 4
      vertex -16.4745 4.97046 5.2
      vertex -16.4745 4.97046 4
    endloop
  endfacet
  facet normal 0.99906 0.0433418 0
    outer loop
      vertex -16.516 5.2659 5.2
      vertex -16.5298 5.584 4
      vertex -16.5298 5.584 5.2
    endloop
  endfacet
  facet normal 0.99906 0.0433418 0
    outer loop
      vertex -16.5298 5.584 4
      vertex -16.516 5.2659 5.2
      vertex -16.516 5.2659 4
    endloop
  endfacet
  facet normal 0.999083 -0.0428227 0
    outer loop
      vertex -16.5298 5.584 5.2
      vertex -16.5161 5.90363 4
      vertex -16.5161 5.90363 5.2
    endloop
  endfacet
  facet normal 0.999083 -0.0428227 0
    outer loop
      vertex -16.5161 5.90363 4
      vertex -16.5298 5.584 5.2
      vertex -16.5298 5.584 4
    endloop
  endfacet
  facet normal 0.990476 -0.137683 0
    outer loop
      vertex -16.5161 5.90363 5.2
      vertex -16.4751 6.19858 4
      vertex -16.4751 6.19858 5.2
    endloop
  endfacet
  facet normal 0.990476 -0.137683 0
    outer loop
      vertex -16.4751 6.19858 4
      vertex -16.5161 5.90363 5.2
      vertex -16.5161 5.90363 4
    endloop
  endfacet
  facet normal 0.96944 -0.245328 0
    outer loop
      vertex -16.4751 6.19858 5.2
      vertex -16.4067 6.46887 4
      vertex -16.4067 6.46887 5.2
    endloop
  endfacet
  facet normal 0.96944 -0.245328 0
    outer loop
      vertex -16.4067 6.46887 4
      vertex -16.4751 6.19858 5.2
      vertex -16.4751 6.19858 4
    endloop
  endfacet
  facet normal 0.931782 -0.363017 0
    outer loop
      vertex -16.4067 6.46887 5.2
      vertex -16.311 6.71451 4
      vertex -16.311 6.71451 5.2
    endloop
  endfacet
  facet normal 0.931782 -0.363017 0
    outer loop
      vertex -16.311 6.71451 4
      vertex -16.4067 6.46887 5.2
      vertex -16.4067 6.46887 4
    endloop
  endfacet
  facet normal 0.873597 -0.48665 0
    outer loop
      vertex -16.311 6.71451 5.2
      vertex -16.1879 6.93549 4
      vertex -16.1879 6.93549 5.2
    endloop
  endfacet
  facet normal 0.873597 -0.48665 0
    outer loop
      vertex -16.1879 6.93549 4
      vertex -16.311 6.71451 5.2
      vertex -16.311 6.71451 4
    endloop
  endfacet
  facet normal 0.79384 -0.608127 0
    outer loop
      vertex -16.1879 6.93549 5.2
      vertex -16.0375 7.13182 4
      vertex -16.0375 7.13182 5.2
    endloop
  endfacet
  facet normal 0.79384 -0.608127 0
    outer loop
      vertex -16.0375 7.13182 4
      vertex -16.1879 6.93549 5.2
      vertex -16.1879 6.93549 4
    endloop
  endfacet
  facet normal 0.692917 -0.721018 0
    outer loop
      vertex -16.0375 7.13182 4
      vertex -15.862 7.30048 5.2
      vertex -16.0375 7.13182 5.2
    endloop
  endfacet
  facet normal 0.692917 -0.721018 0
    outer loop
      vertex -15.862 7.30048 5.2
      vertex -16.0375 7.13182 4
      vertex -15.862 7.30048 4
    endloop
  endfacet
  facet normal 0.57121 -0.820804 0
    outer loop
      vertex -15.862 7.30048 4
      vertex -15.6637 7.43848 5.2
      vertex -15.862 7.30048 5.2
    endloop
  endfacet
  facet normal 0.57121 -0.820804 0
    outer loop
      vertex -15.6637 7.43848 5.2
      vertex -15.862 7.30048 4
      vertex -15.6637 7.43848 4
    endloop
  endfacet
  facet normal 0.436702 -0.899606 0
    outer loop
      vertex -15.6637 7.43848 4
      vertex -15.4426 7.54581 5.2
      vertex -15.6637 7.43848 5.2
    endloop
  endfacet
  facet normal 0.436702 -0.899606 0
    outer loop
      vertex -15.4426 7.54581 5.2
      vertex -15.6637 7.43848 4
      vertex -15.4426 7.54581 4
    endloop
  endfacet
  facet normal 0.299847 -0.953987 0
    outer loop
      vertex -15.4426 7.54581 4
      vertex -15.1987 7.62247 5.2
      vertex -15.4426 7.54581 5.2
    endloop
  endfacet
  facet normal 0.299847 -0.953987 0
    outer loop
      vertex -15.1987 7.62247 5.2
      vertex -15.4426 7.54581 4
      vertex -15.1987 7.62247 4
    endloop
  endfacet
  facet normal 0.169933 -0.985456 0
    outer loop
      vertex -15.1987 7.62247 4
      vertex -14.932 7.66846 5.2
      vertex -15.1987 7.62247 5.2
    endloop
  endfacet
  facet normal 0.169933 -0.985456 0
    outer loop
      vertex -14.932 7.66846 5.2
      vertex -15.1987 7.62247 4
      vertex -14.932 7.66846 4
    endloop
  endfacet
  facet normal 0.0528793 -0.998601 0
    outer loop
      vertex -14.932 7.66846 4
      vertex -14.6425 7.68379 5.2
      vertex -14.932 7.66846 5.2
    endloop
  endfacet
  facet normal 0.0528793 -0.998601 0
    outer loop
      vertex -14.6425 7.68379 5.2
      vertex -14.932 7.66846 4
      vertex -14.6425 7.68379 4
    endloop
  endfacet
  facet normal -0.0540137 -0.99854 0
    outer loop
      vertex -14.6425 7.68379 4
      vertex -14.3554 7.66826 5.2
      vertex -14.6425 7.68379 5.2
    endloop
  endfacet
  facet normal -0.0540137 -0.99854 -0
    outer loop
      vertex -14.3554 7.66826 5.2
      vertex -14.6425 7.68379 4
      vertex -14.3554 7.66826 4
    endloop
  endfacet
  facet normal -0.17349 -0.984836 0
    outer loop
      vertex -14.3554 7.66826 4
      vertex -14.0907 7.62163 5.2
      vertex -14.3554 7.66826 5.2
    endloop
  endfacet
  facet normal -0.17349 -0.984836 -0
    outer loop
      vertex -14.0907 7.62163 5.2
      vertex -14.3554 7.66826 4
      vertex -14.0907 7.62163 4
    endloop
  endfacet
  facet normal -0.305589 -0.952164 0
    outer loop
      vertex -14.0907 7.62163 4
      vertex -13.8486 7.54393 5.2
      vertex -14.0907 7.62163 5.2
    endloop
  endfacet
  facet normal -0.305589 -0.952164 -0
    outer loop
      vertex -13.8486 7.54393 5.2
      vertex -14.0907 7.62163 4
      vertex -13.8486 7.54393 4
    endloop
  endfacet
  facet normal -0.443719 -0.896166 0
    outer loop
      vertex -13.8486 7.54393 4
      vertex -13.6289 7.43515 5.2
      vertex -13.8486 7.54393 5.2
    endloop
  endfacet
  facet normal -0.443719 -0.896166 -0
    outer loop
      vertex -13.6289 7.43515 5.2
      vertex -13.8486 7.54393 4
      vertex -13.6289 7.43515 4
    endloop
  endfacet
  facet normal -0.578504 -0.81568 0
    outer loop
      vertex -13.6289 7.43515 4
      vertex -13.4317 7.29529 5.2
      vertex -13.6289 7.43515 5.2
    endloop
  endfacet
  facet normal -0.578504 -0.81568 -0
    outer loop
      vertex -13.4317 7.29529 5.2
      vertex -13.6289 7.43515 4
      vertex -13.4317 7.29529 4
    endloop
  endfacet
  facet normal -0.699415 -0.714716 0
    outer loop
      vertex -13.4317 7.29529 4
      vertex -13.257 7.12433 5.2
      vertex -13.4317 7.29529 5.2
    endloop
  endfacet
  facet normal -0.699415 -0.714716 -0
    outer loop
      vertex -13.257 7.12433 5.2
      vertex -13.4317 7.29529 4
      vertex -13.257 7.12433 4
    endloop
  endfacet
  facet normal -0.79755 -0.603253 0
    outer loop
      vertex -13.1071 6.92615 4
      vertex -13.257 7.12433 5.2
      vertex -13.257 7.12433 4
    endloop
  endfacet
  facet normal -0.79755 -0.603253 0
    outer loop
      vertex -13.257 7.12433 5.2
      vertex -13.1071 6.92615 4
      vertex -13.1071 6.92615 5.2
    endloop
  endfacet
  facet normal -0.875022 -0.484083 0
    outer loop
      vertex -12.9845 6.70454 4
      vertex -13.1071 6.92615 5.2
      vertex -13.1071 6.92615 4
    endloop
  endfacet
  facet normal -0.875022 -0.484083 0
    outer loop
      vertex -13.1071 6.92615 5.2
      vertex -12.9845 6.70454 4
      vertex -12.9845 6.70454 5.2
    endloop
  endfacet
  facet normal -0.931858 -0.362824 0
    outer loop
      vertex -12.8891 6.45952 4
      vertex -12.9845 6.70454 5.2
      vertex -12.9845 6.70454 4
    endloop
  endfacet
  facet normal -0.931858 -0.362824 0
    outer loop
      vertex -12.9845 6.70454 5.2
      vertex -12.8891 6.45952 4
      vertex -12.8891 6.45952 5.2
    endloop
  endfacet
  facet normal -0.969291 -0.245916 0
    outer loop
      vertex -12.821 6.1911 4
      vertex -12.8891 6.45952 5.2
      vertex -12.8891 6.45952 4
    endloop
  endfacet
  facet normal -0.969291 -0.245916 0
    outer loop
      vertex -12.8891 6.45952 5.2
      vertex -12.821 6.1911 4
      vertex -12.821 6.1911 5.2
    endloop
  endfacet
  facet normal -0.990369 -0.138456 0
    outer loop
      vertex -12.7802 5.89926 4
      vertex -12.821 6.1911 5.2
      vertex -12.821 6.1911 4
    endloop
  endfacet
  facet normal -0.990369 -0.138456 0
    outer loop
      vertex -12.821 6.1911 5.2
      vertex -12.7802 5.89926 4
      vertex -12.7802 5.89926 5.2
    endloop
  endfacet
  facet normal -0.999057 -0.0434152 0
    outer loop
      vertex -12.7665 5.584 4
      vertex -12.7802 5.89926 5.2
      vertex -12.7802 5.89926 4
    endloop
  endfacet
  facet normal -0.999057 -0.0434152 0
    outer loop
      vertex -12.7802 5.89926 5.2
      vertex -12.7665 5.584 4
      vertex -12.7665 5.584 5.2
    endloop
  endfacet
  facet normal -0.999147 0.0413046 0
    outer loop
      vertex -12.7801 5.25502 4
      vertex -12.7665 5.584 5.2
      vertex -12.7665 5.584 4
    endloop
  endfacet
  facet normal -0.999147 0.0413046 0
    outer loop
      vertex -12.7665 5.584 5.2
      vertex -12.7801 5.25502 4
      vertex -12.7801 5.25502 5.2
    endloop
  endfacet
  facet normal -0.991197 0.132395 0
    outer loop
      vertex -12.8206 4.95181 4
      vertex -12.7801 5.25502 5.2
      vertex -12.7801 5.25502 4
    endloop
  endfacet
  facet normal -0.991197 0.132395 0
    outer loop
      vertex -12.7801 5.25502 5.2
      vertex -12.8206 4.95181 4
      vertex -12.8206 4.95181 5.2
    endloop
  endfacet
  facet normal -0.971566 0.236771 0
    outer loop
      vertex -12.8882 4.67442 4
      vertex -12.8206 4.95181 5.2
      vertex -12.8206 4.95181 4
    endloop
  endfacet
  facet normal -0.971566 0.236771 0
    outer loop
      vertex -12.8206 4.95181 5.2
      vertex -12.8882 4.67442 4
      vertex -12.8882 4.67442 5.2
    endloop
  endfacet
  facet normal -0.935905 0.352252 0
    outer loop
      vertex -12.9829 4.42281 4
      vertex -12.8882 4.67442 5.2
      vertex -12.8882 4.67442 4
    endloop
  endfacet
  facet normal -0.935905 0.352252 0
    outer loop
      vertex -12.8882 4.67442 5.2
      vertex -12.9829 4.42281 4
      vertex -12.9829 4.42281 5.2
    endloop
  endfacet
  facet normal -0.880283 0.474449 0
    outer loop
      vertex -13.1046 4.19701 4
      vertex -12.9829 4.42281 5.2
      vertex -12.9829 4.42281 4
    endloop
  endfacet
  facet normal -0.880283 0.474449 0
    outer loop
      vertex -12.9829 4.42281 5.2
      vertex -13.1046 4.19701 4
      vertex -13.1046 4.19701 5.2
    endloop
  endfacet
  facet normal -0.802525 0.596618 0
    outer loop
      vertex -13.2533 3.99699 4
      vertex -13.1046 4.19701 5.2
      vertex -13.1046 4.19701 4
    endloop
  endfacet
  facet normal -0.802525 0.596618 0
    outer loop
      vertex -13.1046 4.19701 5.2
      vertex -13.2533 3.99699 4
      vertex -13.2533 3.99699 5.2
    endloop
  endfacet
  facet normal -0.701951 0.712225 0
    outer loop
      vertex -13.2533 3.99699 4
      vertex -13.4273 3.8255 5.2
      vertex -13.2533 3.99699 5.2
    endloop
  endfacet
  facet normal -0.701951 0.712225 0
    outer loop
      vertex -13.4273 3.8255 5.2
      vertex -13.2533 3.99699 4
      vertex -13.4273 3.8255 4
    endloop
  endfacet
  facet normal -0.579183 0.815198 0
    outer loop
      vertex -13.4273 3.8255 4
      vertex -13.6248 3.68518 5.2
      vertex -13.4273 3.8255 5.2
    endloop
  endfacet
  facet normal -0.579183 0.815198 0
    outer loop
      vertex -13.6248 3.68518 5.2
      vertex -13.4273 3.8255 4
      vertex -13.6248 3.68518 4
    endloop
  endfacet
  facet normal -0.442827 0.896607 0
    outer loop
      vertex -13.6248 3.68518 4
      vertex -13.8458 3.57603 5.2
      vertex -13.6248 3.68518 5.2
    endloop
  endfacet
  facet normal -0.442827 0.896607 0
    outer loop
      vertex -13.8458 3.57603 5.2
      vertex -13.6248 3.68518 4
      vertex -13.8458 3.57603 4
    endloop
  endfacet
  facet normal -0.303638 0.952788 0
    outer loop
      vertex -13.8458 3.57603 4
      vertex -14.0904 3.49808 5.2
      vertex -13.8458 3.57603 5.2
    endloop
  endfacet
  facet normal -0.303638 0.952788 0
    outer loop
      vertex -14.0904 3.49808 5.2
      vertex -13.8458 3.57603 4
      vertex -14.0904 3.49808 4
    endloop
  endfacet
  facet normal -0.171917 0.985111 0
    outer loop
      vertex -14.0904 3.49808 4
      vertex -14.3584 3.45131 5.2
      vertex -14.0904 3.49808 5.2
    endloop
  endfacet
  facet normal -0.171917 0.985111 0
    outer loop
      vertex -14.3584 3.45131 5.2
      vertex -14.0904 3.49808 4
      vertex -14.3584 3.45131 4
    endloop
  endfacet
  facet normal -0.0534215 0.998572 0
    outer loop
      vertex -14.3584 3.45131 4
      vertex -14.65 3.43571 5.2
      vertex -14.3584 3.45131 5.2
    endloop
  endfacet
  facet normal -0.0534215 0.998572 0
    outer loop
      vertex -14.65 3.43571 5.2
      vertex -14.3584 3.45131 4
      vertex -14.65 3.43571 4
    endloop
  endfacet
  facet normal 0.0566892 0.998392 -0
    outer loop
      vertex -14.65 3.43571 4
      vertex -14.9339 3.45183 5.2
      vertex -14.65 3.43571 5.2
    endloop
  endfacet
  facet normal 0.0566892 0.998392 0
    outer loop
      vertex -14.9339 3.45183 5.2
      vertex -14.65 3.43571 4
      vertex -14.9339 3.45183 4
    endloop
  endfacet
  facet normal 0.110143 -0.993916 0
    outer loop
      vertex 20.0148 2.86684 4
      vertex 20.2644 2.8945 5.2
      vertex 20.0148 2.86684 5.2
    endloop
  endfacet
  facet normal 0.110143 -0.993916 0
    outer loop
      vertex 20.2644 2.8945 5.2
      vertex 20.0148 2.86684 4
      vertex 20.2644 2.8945 4
    endloop
  endfacet
  facet normal 0.190394 -0.981708 0
    outer loop
      vertex 20.2644 2.8945 4
      vertex 20.5021 2.9406 5.2
      vertex 20.2644 2.8945 5.2
    endloop
  endfacet
  facet normal 0.190394 -0.981708 0
    outer loop
      vertex 20.5021 2.9406 5.2
      vertex 20.2644 2.8945 4
      vertex 20.5021 2.9406 4
    endloop
  endfacet
  facet normal 0.274597 -0.961559 0
    outer loop
      vertex 20.5021 2.9406 4
      vertex 20.7281 3.00514 5.2
      vertex 20.5021 2.9406 5.2
    endloop
  endfacet
  facet normal 0.274597 -0.961559 0
    outer loop
      vertex 20.7281 3.00514 5.2
      vertex 20.5021 2.9406 4
      vertex 20.7281 3.00514 4
    endloop
  endfacet
  facet normal 0.361383 -0.932418 0
    outer loop
      vertex 20.7281 3.00514 4
      vertex 20.9422 3.08812 5.2
      vertex 20.7281 3.00514 5.2
    endloop
  endfacet
  facet normal 0.361383 -0.932418 0
    outer loop
      vertex 20.9422 3.08812 5.2
      vertex 20.7281 3.00514 4
      vertex 20.9422 3.08812 4
    endloop
  endfacet
  facet normal 0.447991 -0.894038 0
    outer loop
      vertex 20.9422 3.08812 4
      vertex 21.1446 3.18954 5.2
      vertex 20.9422 3.08812 5.2
    endloop
  endfacet
  facet normal 0.447991 -0.894038 0
    outer loop
      vertex 21.1446 3.18954 5.2
      vertex 20.9422 3.08812 4
      vertex 21.1446 3.18954 4
    endloop
  endfacet
  facet normal 0.532029 -0.846726 0
    outer loop
      vertex 21.1446 3.18954 4
      vertex 21.3334 3.30817 5.2
      vertex 21.1446 3.18954 5.2
    endloop
  endfacet
  facet normal 0.532029 -0.846726 0
    outer loop
      vertex 21.3334 3.30817 5.2
      vertex 21.1446 3.18954 4
      vertex 21.3334 3.30817 4
    endloop
  endfacet
  facet normal 0.612849 -0.7902 0
    outer loop
      vertex 21.3334 3.30817 4
      vertex 21.5069 3.44273 5.2
      vertex 21.3334 3.30817 5.2
    endloop
  endfacet
  facet normal 0.612849 -0.7902 0
    outer loop
      vertex 21.5069 3.44273 5.2
      vertex 21.3334 3.30817 4
      vertex 21.5069 3.44273 4
    endloop
  endfacet
  facet normal 0.68887 -0.724885 0
    outer loop
      vertex 21.5069 3.44273 4
      vertex 21.6653 3.59326 5.2
      vertex 21.5069 3.44273 5.2
    endloop
  endfacet
  facet normal 0.68887 -0.724885 0
    outer loop
      vertex 21.6653 3.59326 5.2
      vertex 21.5069 3.44273 4
      vertex 21.6653 3.59326 4
    endloop
  endfacet
  facet normal 0.758368 -0.651826 0
    outer loop
      vertex 21.6653 3.59326 5.2
      vertex 21.8084 3.75975 4
      vertex 21.8084 3.75975 5.2
    endloop
  endfacet
  facet normal 0.758368 -0.651826 0
    outer loop
      vertex 21.8084 3.75975 4
      vertex 21.6653 3.59326 5.2
      vertex 21.6653 3.59326 4
    endloop
  endfacet
  facet normal 0.818842 -0.574019 0
    outer loop
      vertex 21.8084 3.75975 5.2
      vertex 21.9363 3.9422 4
      vertex 21.9363 3.9422 5.2
    endloop
  endfacet
  facet normal 0.818842 -0.574019 0
    outer loop
      vertex 21.9363 3.9422 4
      vertex 21.8084 3.75975 5.2
      vertex 21.8084 3.75975 4
    endloop
  endfacet
  facet normal 0.869497 -0.493938 0
    outer loop
      vertex 21.9363 3.9422 5.2
      vertex 22.049 4.14059 4
      vertex 22.049 4.14059 5.2
    endloop
  endfacet
  facet normal 0.869497 -0.493938 0
    outer loop
      vertex 22.049 4.14059 4
      vertex 21.9363 3.9422 5.2
      vertex 21.9363 3.9422 4
    endloop
  endfacet
  facet normal 0.910535 -0.413431 0
    outer loop
      vertex 22.049 4.14059 5.2
      vertex 22.1453 4.35268 4
      vertex 22.1453 4.35268 5.2
    endloop
  endfacet
  facet normal 0.910535 -0.413431 0
    outer loop
      vertex 22.1453 4.35268 4
      vertex 22.049 4.14059 5.2
      vertex 22.049 4.14059 4
    endloop
  endfacet
  facet normal 0.94309 -0.332538 0
    outer loop
      vertex 22.1453 4.35268 5.2
      vertex 22.2241 4.57616 4
      vertex 22.2241 4.57616 5.2
    endloop
  endfacet
  facet normal 0.94309 -0.332538 0
    outer loop
      vertex 22.2241 4.57616 4
      vertex 22.1453 4.35268 5.2
      vertex 22.1453 4.35268 4
    endloop
  endfacet
  facet normal 0.967585 -0.252546 0
    outer loop
      vertex 22.2241 4.57616 5.2
      vertex 22.2854 4.81102 4
      vertex 22.2854 4.81102 5.2
    endloop
  endfacet
  facet normal 0.967585 -0.252546 0
    outer loop
      vertex 22.2854 4.81102 4
      vertex 22.2241 4.57616 5.2
      vertex 22.2241 4.57616 4
    endloop
  endfacet
  facet normal 0.984551 -0.175099 0
    outer loop
      vertex 22.2854 4.81102 5.2
      vertex 22.3292 5.0573 4
      vertex 22.3292 5.0573 5.2
    endloop
  endfacet
  facet normal 0.984551 -0.175099 0
    outer loop
      vertex 22.3292 5.0573 4
      vertex 22.2854 4.81102 5.2
      vertex 22.2854 4.81102 4
    endloop
  endfacet
  facet normal 0.99487 -0.101163 0
    outer loop
      vertex 22.3292 5.0573 5.2
      vertex 22.3554 5.31496 4
      vertex 22.3554 5.31496 5.2
    endloop
  endfacet
  facet normal 0.99487 -0.101163 0
    outer loop
      vertex 22.3554 5.31496 4
      vertex 22.3292 5.0573 5.2
      vertex 22.3292 5.0573 4
    endloop
  endfacet
  facet normal 0.999465 -0.0326914 0
    outer loop
      vertex 22.3554 5.31496 5.2
      vertex 22.3642 5.584 4
      vertex 22.3642 5.584 5.2
    endloop
  endfacet
  facet normal 0.999465 -0.0326914 0
    outer loop
      vertex 22.3642 5.584 4
      vertex 22.3554 5.31496 5.2
      vertex 22.3554 5.31496 4
    endloop
  endfacet
  facet normal 0.999481 0.0322198 0
    outer loop
      vertex 22.3642 5.584 5.2
      vertex 22.3555 5.85388 4
      vertex 22.3555 5.85388 5.2
    endloop
  endfacet
  facet normal 0.999481 0.0322198 0
    outer loop
      vertex 22.3555 5.85388 4
      vertex 22.3642 5.584 5.2
      vertex 22.3642 5.584 4
    endloop
  endfacet
  facet normal 0.994986 0.100016 0
    outer loop
      vertex 22.3555 5.85388 5.2
      vertex 22.3296 6.11154 4
      vertex 22.3296 6.11154 5.2
    endloop
  endfacet
  facet normal 0.994986 0.100016 0
    outer loop
      vertex 22.3296 6.11154 4
      vertex 22.3555 5.85388 5.2
      vertex 22.3555 5.85388 4
    endloop
  endfacet
  facet normal 0.98479 0.173749 0
    outer loop
      vertex 22.3296 6.11154 5.2
      vertex 22.2863 6.35696 4
      vertex 22.2863 6.35696 5.2
    endloop
  endfacet
  facet normal 0.98479 0.173749 0
    outer loop
      vertex 22.2863 6.35696 4
      vertex 22.3296 6.11154 5.2
      vertex 22.3296 6.11154 4
    endloop
  endfacet
  facet normal 0.967956 0.251121 0
    outer loop
      vertex 22.2863 6.35696 5.2
      vertex 22.2258 6.59016 4
      vertex 22.2258 6.59016 5.2
    endloop
  endfacet
  facet normal 0.967956 0.251121 0
    outer loop
      vertex 22.2258 6.59016 4
      vertex 22.2863 6.35696 5.2
      vertex 22.2863 6.35696 4
    endloop
  endfacet
  facet normal 0.943115 0.332467 0
    outer loop
      vertex 22.2258 6.59016 5.2
      vertex 22.1479 6.81114 4
      vertex 22.1479 6.81114 5.2
    endloop
  endfacet
  facet normal 0.943115 0.332467 0
    outer loop
      vertex 22.1479 6.81114 4
      vertex 22.2258 6.59016 5.2
      vertex 22.2258 6.59016 4
    endloop
  endfacet
  facet normal 0.909858 0.414919 0
    outer loop
      vertex 22.1479 6.81114 5.2
      vertex 22.0527 7.0199 4
      vertex 22.0527 7.0199 5.2
    endloop
  endfacet
  facet normal 0.909858 0.414919 0
    outer loop
      vertex 22.0527 7.0199 4
      vertex 22.1479 6.81114 5.2
      vertex 22.1479 6.81114 4
    endloop
  endfacet
  facet normal 0.867688 0.497108 0
    outer loop
      vertex 22.0527 7.0199 5.2
      vertex 21.9412 7.21452 4
      vertex 21.9412 7.21452 5.2
    endloop
  endfacet
  facet normal 0.867688 0.497108 0
    outer loop
      vertex 21.9412 7.21452 4
      vertex 22.0527 7.0199 5.2
      vertex 22.0527 7.0199 4
    endloop
  endfacet
  facet normal 0.814904 0.579597 0
    outer loop
      vertex 21.9412 7.21452 5.2
      vertex 21.8142 7.39308 4
      vertex 21.8142 7.39308 5.2
    endloop
  endfacet
  facet normal 0.814904 0.579597 0
    outer loop
      vertex 21.8142 7.39308 4
      vertex 21.9412 7.21452 5.2
      vertex 21.9412 7.21452 4
    endloop
  endfacet
  facet normal 0.752109 0.659039 0
    outer loop
      vertex 21.8142 7.39308 5.2
      vertex 21.6718 7.55559 4
      vertex 21.6718 7.55559 5.2
    endloop
  endfacet
  facet normal 0.752109 0.659039 0
    outer loop
      vertex 21.6718 7.55559 4
      vertex 21.8142 7.39308 5.2
      vertex 21.8142 7.39308 4
    endloop
  endfacet
  facet normal 0.680255 0.732975 -0
    outer loop
      vertex 21.6718 7.55559 4
      vertex 21.514 7.70204 5.2
      vertex 21.6718 7.55559 5.2
    endloop
  endfacet
  facet normal 0.680255 0.732975 0
    outer loop
      vertex 21.514 7.70204 5.2
      vertex 21.6718 7.55559 4
      vertex 21.514 7.70204 4
    endloop
  endfacet
  facet normal 0.601224 0.799081 -0
    outer loop
      vertex 21.514 7.70204 4
      vertex 21.3407 7.83243 5.2
      vertex 21.514 7.70204 5.2
    endloop
  endfacet
  facet normal 0.601224 0.799081 0
    outer loop
      vertex 21.3407 7.83243 5.2
      vertex 21.514 7.70204 4
      vertex 21.3407 7.83243 4
    endloop
  endfacet
  facet normal 0.518157 0.855285 -0
    outer loop
      vertex 21.3407 7.83243 4
      vertex 21.152 7.94675 5.2
      vertex 21.3407 7.83243 5.2
    endloop
  endfacet
  facet normal 0.518157 0.855285 0
    outer loop
      vertex 21.152 7.94675 5.2
      vertex 21.3407 7.83243 4
      vertex 21.152 7.94675 4
    endloop
  endfacet
  facet normal 0.433947 0.900938 -0
    outer loop
      vertex 21.152 7.94675 4
      vertex 20.9497 8.04419 5.2
      vertex 21.152 7.94675 5.2
    endloop
  endfacet
  facet normal 0.433947 0.900938 0
    outer loop
      vertex 20.9497 8.04419 5.2
      vertex 21.152 7.94675 4
      vertex 20.9497 8.04419 4
    endloop
  endfacet
  facet normal 0.34884 0.937182 -0
    outer loop
      vertex 20.9497 8.04419 4
      vertex 20.7355 8.12392 5.2
      vertex 20.9497 8.04419 5.2
    endloop
  endfacet
  facet normal 0.34884 0.937182 0
    outer loop
      vertex 20.7355 8.12392 5.2
      vertex 20.9497 8.04419 4
      vertex 20.7355 8.12392 4
    endloop
  endfacet
  facet normal 0.264631 0.96435 -0
    outer loop
      vertex 20.7355 8.12392 4
      vertex 20.5096 8.18591 5.2
      vertex 20.7355 8.12392 5.2
    endloop
  endfacet
  facet normal 0.264631 0.96435 0
    outer loop
      vertex 20.5096 8.18591 5.2
      vertex 20.7355 8.12392 4
      vertex 20.5096 8.18591 4
    endloop
  endfacet
  facet normal 0.18314 0.983087 -0
    outer loop
      vertex 20.5096 8.18591 4
      vertex 20.2718 8.23021 5.2
      vertex 20.5096 8.18591 5.2
    endloop
  endfacet
  facet normal 0.18314 0.983087 0
    outer loop
      vertex 20.2718 8.23021 5.2
      vertex 20.5096 8.18591 4
      vertex 20.2718 8.23021 4
    endloop
  endfacet
  facet normal 0.105813 0.994386 -0
    outer loop
      vertex 20.2718 8.23021 4
      vertex 20.0222 8.25677 5.2
      vertex 20.2718 8.23021 5.2
    endloop
  endfacet
  facet normal 0.105813 0.994386 0
    outer loop
      vertex 20.0222 8.25677 5.2
      vertex 20.2718 8.23021 4
      vertex 20.0222 8.25677 4
    endloop
  endfacet
  facet normal 0.0339261 0.999424 -0
    outer loop
      vertex 20.0222 8.25677 4
      vertex 19.7609 8.26564 5.2
      vertex 20.0222 8.25677 5.2
    endloop
  endfacet
  facet normal 0.0339261 0.999424 0
    outer loop
      vertex 19.7609 8.26564 5.2
      vertex 20.0222 8.25677 4
      vertex 19.7609 8.26564 4
    endloop
  endfacet
  facet normal -0.0498746 0.998755 0
    outer loop
      vertex 19.7609 8.26564 4
      vertex 19.3656 8.2459 5.2
      vertex 19.7609 8.26564 5.2
    endloop
  endfacet
  facet normal -0.0498746 0.998755 0
    outer loop
      vertex 19.3656 8.2459 5.2
      vertex 19.7609 8.26564 4
      vertex 19.3656 8.2459 4
    endloop
  endfacet
  facet normal -0.160041 0.98711 0
    outer loop
      vertex 19.3656 8.2459 4
      vertex 19.0004 8.18669 5.2
      vertex 19.3656 8.2459 5.2
    endloop
  endfacet
  facet normal -0.160041 0.98711 0
    outer loop
      vertex 19.0004 8.18669 5.2
      vertex 19.3656 8.2459 4
      vertex 19.0004 8.18669 4
    endloop
  endfacet
  facet normal -0.282434 0.959287 0
    outer loop
      vertex 19.0004 8.18669 4
      vertex 18.6652 8.088 5.2
      vertex 19.0004 8.18669 5.2
    endloop
  endfacet
  facet normal -0.282434 0.959287 0
    outer loop
      vertex 18.6652 8.088 5.2
      vertex 19.0004 8.18669 4
      vertex 18.6652 8.088 4
    endloop
  endfacet
  facet normal -0.412511 0.910952 0
    outer loop
      vertex 18.6652 8.088 4
      vertex 18.3601 7.94984 5.2
      vertex 18.6652 8.088 5.2
    endloop
  endfacet
  facet normal -0.412511 0.910952 0
    outer loop
      vertex 18.3601 7.94984 5.2
      vertex 18.6652 8.088 4
      vertex 18.3601 7.94984 4
    endloop
  endfacet
  facet normal -0.542603 0.839989 0
    outer loop
      vertex 18.3601 7.94984 4
      vertex 18.0851 7.7722 5.2
      vertex 18.3601 7.94984 5.2
    endloop
  endfacet
  facet normal -0.542603 0.839989 0
    outer loop
      vertex 18.0851 7.7722 5.2
      vertex 18.3601 7.94984 4
      vertex 18.0851 7.7722 4
    endloop
  endfacet
  facet normal -0.663206 0.748437 0
    outer loop
      vertex 18.0851 7.7722 4
      vertex 17.8401 7.5551 5.2
      vertex 18.0851 7.7722 5.2
    endloop
  endfacet
  facet normal -0.663206 0.748437 0
    outer loop
      vertex 17.8401 7.5551 5.2
      vertex 18.0851 7.7722 4
      vertex 17.8401 7.5551 4
    endloop
  endfacet
  facet normal -0.767023 0.64162 0
    outer loop
      vertex 17.6292 7.30298 4
      vertex 17.8401 7.5551 5.2
      vertex 17.8401 7.5551 4
    endloop
  endfacet
  facet normal -0.767023 0.64162 0
    outer loop
      vertex 17.8401 7.5551 5.2
      vertex 17.6292 7.30298 4
      vertex 17.6292 7.30298 5.2
    endloop
  endfacet
  facet normal -0.853608 0.520916 0
    outer loop
      vertex 17.4567 7.02031 4
      vertex 17.6292 7.30298 5.2
      vertex 17.6292 7.30298 4
    endloop
  endfacet
  facet normal -0.853608 0.520916 0
    outer loop
      vertex 17.6292 7.30298 5.2
      vertex 17.4567 7.02031 4
      vertex 17.4567 7.02031 5.2
    endloop
  endfacet
  facet normal -0.919295 0.393569 0
    outer loop
      vertex 17.3226 6.70708 4
      vertex 17.4567 7.02031 5.2
      vertex 17.4567 7.02031 4
    endloop
  endfacet
  facet normal -0.919295 0.393569 0
    outer loop
      vertex 17.4567 7.02031 5.2
      vertex 17.3226 6.70708 4
      vertex 17.3226 6.70708 5.2
    endloop
  endfacet
  facet normal -0.963228 0.268684 0
    outer loop
      vertex 17.2267 6.36328 4
      vertex 17.3226 6.70708 5.2
      vertex 17.3226 6.70708 4
    endloop
  endfacet
  facet normal -0.963228 0.268684 0
    outer loop
      vertex 17.3226 6.70708 5.2
      vertex 17.2267 6.36328 4
      vertex 17.2267 6.36328 5.2
    endloop
  endfacet
  facet normal -0.988409 0.151815 0
    outer loop
      vertex 17.1692 5.98892 4
      vertex 17.2267 6.36328 5.2
      vertex 17.2267 6.36328 4
    endloop
  endfacet
  facet normal -0.988409 0.151815 0
    outer loop
      vertex 17.2267 6.36328 5.2
      vertex 17.1692 5.98892 4
      vertex 17.1692 5.98892 5.2
    endloop
  endfacet
  facet normal -0.998889 0.0471174 0
    outer loop
      vertex 17.1501 5.584 4
      vertex 17.1692 5.98892 5.2
      vertex 17.1692 5.98892 4
    endloop
  endfacet
  facet normal -0.998889 0.0471174 0
    outer loop
      vertex 17.1692 5.98892 5.2
      vertex 17.1501 5.584 4
      vertex 17.1501 5.584 5.2
    endloop
  endfacet
  facet normal -0.999494 -0.0318086 0
    outer loop
      vertex 17.1587 5.31377 4
      vertex 17.1501 5.584 5.2
      vertex 17.1501 5.584 4
    endloop
  endfacet
  facet normal -0.999494 -0.0318086 0
    outer loop
      vertex 17.1501 5.584 5.2
      vertex 17.1587 5.31377 4
      vertex 17.1587 5.31377 5.2
    endloop
  endfacet
  facet normal -0.995066 -0.0992143 0
    outer loop
      vertex 17.1845 5.05501 4
      vertex 17.1587 5.31377 5.2
      vertex 17.1587 5.31377 4
    endloop
  endfacet
  facet normal -0.995066 -0.0992143 0
    outer loop
      vertex 17.1587 5.31377 5.2
      vertex 17.1845 5.05501 4
      vertex 17.1845 5.05501 5.2
    endloop
  endfacet
  facet normal -0.985213 -0.171334 0
    outer loop
      vertex 17.2275 4.80775 4
      vertex 17.1845 5.05501 5.2
      vertex 17.1845 5.05501 4
    endloop
  endfacet
  facet normal -0.985213 -0.171334 0
    outer loop
      vertex 17.1845 5.05501 5.2
      vertex 17.2275 4.80775 4
      vertex 17.2275 4.80775 5.2
    endloop
  endfacet
  facet normal -0.96901 -0.24702 0
    outer loop
      vertex 17.2876 4.57199 4
      vertex 17.2275 4.80775 5.2
      vertex 17.2275 4.80775 4
    endloop
  endfacet
  facet normal -0.96901 -0.24702 0
    outer loop
      vertex 17.2275 4.80775 5.2
      vertex 17.2876 4.57199 4
      vertex 17.2876 4.57199 5.2
    endloop
  endfacet
  facet normal -0.945274 -0.326276 0
    outer loop
      vertex 17.365 4.34775 4
      vertex 17.2876 4.57199 5.2
      vertex 17.2876 4.57199 4
    endloop
  endfacet
  facet normal -0.945274 -0.326276 0
    outer loop
      vertex 17.2876 4.57199 5.2
      vertex 17.365 4.34775 4
      vertex 17.365 4.34775 5.2
    endloop
  endfacet
  facet normal -0.913748 -0.406282 0
    outer loop
      vertex 17.4596 4.13499 4
      vertex 17.365 4.34775 5.2
      vertex 17.365 4.34775 4
    endloop
  endfacet
  facet normal -0.913748 -0.406282 0
    outer loop
      vertex 17.365 4.34775 5.2
      vertex 17.4596 4.13499 4
      vertex 17.4596 4.13499 5.2
    endloop
  endfacet
  facet normal -0.873358 -0.487078 0
    outer loop
      vertex 17.5705 3.93614 4
      vertex 17.4596 4.13499 5.2
      vertex 17.4596 4.13499 4
    endloop
  endfacet
  facet normal -0.873358 -0.487078 0
    outer loop
      vertex 17.4596 4.13499 5.2
      vertex 17.5705 3.93614 4
      vertex 17.5705 3.93614 5.2
    endloop
  endfacet
  facet normal -0.822225 -0.569163 0
    outer loop
      vertex 17.6969 3.75354 4
      vertex 17.5705 3.93614 5.2
      vertex 17.5705 3.93614 4
    endloop
  endfacet
  facet normal -0.822225 -0.569163 0
    outer loop
      vertex 17.5705 3.93614 5.2
      vertex 17.6969 3.75354 4
      vertex 17.6969 3.75354 5.2
    endloop
  endfacet
  facet normal -0.760972 -0.648785 0
    outer loop
      vertex 17.8387 3.58722 4
      vertex 17.6969 3.75354 5.2
      vertex 17.6969 3.75354 4
    endloop
  endfacet
  facet normal -0.760972 -0.648785 0
    outer loop
      vertex 17.6969 3.75354 5.2
      vertex 17.8387 3.58722 4
      vertex 17.8387 3.58722 5.2
    endloop
  endfacet
  facet normal -0.690513 -0.72332 0
    outer loop
      vertex 17.8387 3.58722 4
      vertex 17.9959 3.43715 5.2
      vertex 17.8387 3.58722 5.2
    endloop
  endfacet
  facet normal -0.690513 -0.72332 -0
    outer loop
      vertex 17.9959 3.43715 5.2
      vertex 17.8387 3.58722 4
      vertex 17.9959 3.43715 4
    endloop
  endfacet
  facet normal -0.6127 -0.790315 0
    outer loop
      vertex 17.9959 3.43715 4
      vertex 18.1685 3.30334 5.2
      vertex 17.9959 3.43715 5.2
    endloop
  endfacet
  facet normal -0.6127 -0.790315 -0
    outer loop
      vertex 18.1685 3.30334 5.2
      vertex 17.9959 3.43715 4
      vertex 18.1685 3.30334 4
    endloop
  endfacet
  facet normal -0.529894 -0.848064 0
    outer loop
      vertex 18.1685 3.30334 4
      vertex 18.3566 3.18581 5.2
      vertex 18.1685 3.30334 5.2
    endloop
  endfacet
  facet normal -0.529894 -0.848064 -0
    outer loop
      vertex 18.3566 3.18581 5.2
      vertex 18.1685 3.30334 4
      vertex 18.3566 3.18581 4
    endloop
  endfacet
  facet normal -0.444658 -0.895701 0
    outer loop
      vertex 18.3566 3.18581 4
      vertex 18.5586 3.08553 5.2
      vertex 18.3566 3.18581 5.2
    endloop
  endfacet
  facet normal -0.444658 -0.895701 -0
    outer loop
      vertex 18.5586 3.08553 5.2
      vertex 18.3566 3.18581 4
      vertex 18.5586 3.08553 4
    endloop
  endfacet
  facet normal -0.357562 -0.933889 0
    outer loop
      vertex 18.5586 3.08553 4
      vertex 18.7729 3.00348 5.2
      vertex 18.5586 3.08553 5.2
    endloop
  endfacet
  facet normal -0.357562 -0.933889 -0
    outer loop
      vertex 18.7729 3.00348 5.2
      vertex 18.5586 3.08553 4
      vertex 18.7729 3.00348 4
    endloop
  endfacet
  facet normal -0.271056 -0.962564 0
    outer loop
      vertex 18.7729 3.00348 4
      vertex 18.9995 2.93967 5.2
      vertex 18.7729 3.00348 5.2
    endloop
  endfacet
  facet normal -0.271056 -0.962564 -0
    outer loop
      vertex 18.9995 2.93967 5.2
      vertex 18.7729 3.00348 4
      vertex 18.9995 2.93967 4
    endloop
  endfacet
  facet normal -0.187414 -0.982281 0
    outer loop
      vertex 18.9995 2.93967 4
      vertex 19.2385 2.89407 5.2
      vertex 18.9995 2.93967 5.2
    endloop
  endfacet
  facet normal -0.187414 -0.982281 -0
    outer loop
      vertex 19.2385 2.89407 5.2
      vertex 18.9995 2.93967 4
      vertex 19.2385 2.89407 4
    endloop
  endfacet
  facet normal -0.108156 -0.994134 0
    outer loop
      vertex 19.2385 2.89407 4
      vertex 19.4898 2.86673 5.2
      vertex 19.2385 2.89407 5.2
    endloop
  endfacet
  facet normal -0.108156 -0.994134 -0
    outer loop
      vertex 19.4898 2.86673 5.2
      vertex 19.2385 2.89407 4
      vertex 19.4898 2.86673 4
    endloop
  endfacet
  facet normal -0.0345393 -0.999403 0
    outer loop
      vertex 19.4898 2.86673 4
      vertex 19.7534 2.85762 5.2
      vertex 19.4898 2.86673 5.2
    endloop
  endfacet
  facet normal -0.0345393 -0.999403 -0
    outer loop
      vertex 19.7534 2.85762 5.2
      vertex 19.4898 2.86673 4
      vertex 19.7534 2.85762 4
    endloop
  endfacet
  facet normal 0.0352497 -0.999379 0
    outer loop
      vertex 19.7534 2.85762 4
      vertex 20.0148 2.86684 5.2
      vertex 19.7534 2.85762 5.2
    endloop
  endfacet
  facet normal 0.0352497 -0.999379 0
    outer loop
      vertex 20.0148 2.86684 5.2
      vertex 19.7534 2.85762 4
      vertex 20.0148 2.86684 4
    endloop
  endfacet
  facet normal 0.181035 0.983477 -0
    outer loop
      vertex 19.4695 3.45183 4
      vertex 19.207 3.50015 5.2
      vertex 19.4695 3.45183 5.2
    endloop
  endfacet
  facet normal 0.181035 0.983477 0
    outer loop
      vertex 19.207 3.50015 5.2
      vertex 19.4695 3.45183 4
      vertex 19.207 3.50015 4
    endloop
  endfacet
  facet normal 0.316877 0.948467 -0
    outer loop
      vertex 19.207 3.50015 4
      vertex 18.9659 3.5807 5.2
      vertex 19.207 3.50015 5.2
    endloop
  endfacet
  facet normal 0.316877 0.948467 0
    outer loop
      vertex 18.9659 3.5807 5.2
      vertex 19.207 3.50015 4
      vertex 18.9659 3.5807 4
    endloop
  endfacet
  facet normal 0.456977 0.889478 -0
    outer loop
      vertex 18.9659 3.5807 4
      vertex 18.7464 3.69347 5.2
      vertex 18.9659 3.5807 5.2
    endloop
  endfacet
  facet normal 0.456977 0.889478 0
    outer loop
      vertex 18.7464 3.69347 5.2
      vertex 18.9659 3.5807 4
      vertex 18.7464 3.69347 4
    endloop
  endfacet
  facet normal 0.590366 0.807136 -0
    outer loop
      vertex 18.7464 3.69347 4
      vertex 18.5482 3.83844 5.2
      vertex 18.7464 3.69347 5.2
    endloop
  endfacet
  facet normal 0.590366 0.807136 0
    outer loop
      vertex 18.5482 3.83844 5.2
      vertex 18.7464 3.69347 4
      vertex 18.5482 3.83844 4
    endloop
  endfacet
  facet normal 0.708105 0.706107 0
    outer loop
      vertex 18.5482 3.83844 5.2
      vertex 18.3715 4.01564 4
      vertex 18.3715 4.01564 5.2
    endloop
  endfacet
  facet normal 0.708105 0.706107 0
    outer loop
      vertex 18.3715 4.01564 4
      vertex 18.5482 3.83844 5.2
      vertex 18.5482 3.83844 4
    endloop
  endfacet
  facet normal 0.802632 0.596474 0
    outer loop
      vertex 18.3715 4.01564 5.2
      vertex 18.2194 4.22031 4
      vertex 18.2194 4.22031 5.2
    endloop
  endfacet
  facet normal 0.802632 0.596474 0
    outer loop
      vertex 18.2194 4.22031 4
      vertex 18.3715 4.01564 5.2
      vertex 18.3715 4.01564 4
    endloop
  endfacet
  facet normal 0.877116 0.480279 0
    outer loop
      vertex 18.2194 4.22031 5.2
      vertex 18.0949 4.44768 4
      vertex 18.0949 4.44768 5.2
    endloop
  endfacet
  facet normal 0.877116 0.480279 0
    outer loop
      vertex 18.0949 4.44768 4
      vertex 18.2194 4.22031 5.2
      vertex 18.2194 4.22031 4
    endloop
  endfacet
  facet normal 0.932555 0.361028 0
    outer loop
      vertex 18.0949 4.44768 5.2
      vertex 17.9981 4.69772 4
      vertex 17.9981 4.69772 5.2
    endloop
  endfacet
  facet normal 0.932555 0.361028 0
    outer loop
      vertex 17.9981 4.69772 4
      vertex 18.0949 4.44768 5.2
      vertex 18.0949 4.44768 4
    endloop
  endfacet
  facet normal 0.969288 0.245929 0
    outer loop
      vertex 17.9981 4.69772 5.2
      vertex 17.9289 4.97046 4
      vertex 17.9289 4.97046 5.2
    endloop
  endfacet
  facet normal 0.969288 0.245929 0
    outer loop
      vertex 17.9289 4.97046 4
      vertex 17.9981 4.69772 5.2
      vertex 17.9981 4.69772 4
    endloop
  endfacet
  facet normal 0.990278 0.139103 0
    outer loop
      vertex 17.9289 4.97046 5.2
      vertex 17.8874 5.2659 4
      vertex 17.8874 5.2659 5.2
    endloop
  endfacet
  facet normal 0.990278 0.139103 0
    outer loop
      vertex 17.8874 5.2659 4
      vertex 17.9289 4.97046 5.2
      vertex 17.9289 4.97046 4
    endloop
  endfacet
  facet normal 0.99906 0.0433418 0
    outer loop
      vertex 17.8874 5.2659 5.2
      vertex 17.8736 5.584 4
      vertex 17.8736 5.584 5.2
    endloop
  endfacet
  facet normal 0.99906 0.0433418 0
    outer loop
      vertex 17.8736 5.584 4
      vertex 17.8874 5.2659 5.2
      vertex 17.8874 5.2659 4
    endloop
  endfacet
  facet normal 0.999083 -0.0428227 0
    outer loop
      vertex 17.8736 5.584 5.2
      vertex 17.8873 5.90363 4
      vertex 17.8873 5.90363 5.2
    endloop
  endfacet
  facet normal 0.999083 -0.0428227 0
    outer loop
      vertex 17.8873 5.90363 4
      vertex 17.8736 5.584 5.2
      vertex 17.8736 5.584 4
    endloop
  endfacet
  facet normal 0.990476 -0.137683 0
    outer loop
      vertex 17.8873 5.90363 5.2
      vertex 17.9283 6.19858 4
      vertex 17.9283 6.19858 5.2
    endloop
  endfacet
  facet normal 0.990476 -0.137683 0
    outer loop
      vertex 17.9283 6.19858 4
      vertex 17.8873 5.90363 5.2
      vertex 17.8873 5.90363 4
    endloop
  endfacet
  facet normal 0.96944 -0.245328 0
    outer loop
      vertex 17.9283 6.19858 5.2
      vertex 17.9967 6.46887 4
      vertex 17.9967 6.46887 5.2
    endloop
  endfacet
  facet normal 0.96944 -0.245328 0
    outer loop
      vertex 17.9967 6.46887 4
      vertex 17.9283 6.19858 5.2
      vertex 17.9283 6.19858 4
    endloop
  endfacet
  facet normal 0.931782 -0.363017 0
    outer loop
      vertex 17.9967 6.46887 5.2
      vertex 18.0924 6.71451 4
      vertex 18.0924 6.71451 5.2
    endloop
  endfacet
  facet normal 0.931782 -0.363017 0
    outer loop
      vertex 18.0924 6.71451 4
      vertex 17.9967 6.46887 5.2
      vertex 17.9967 6.46887 4
    endloop
  endfacet
  facet normal 0.873597 -0.48665 0
    outer loop
      vertex 18.0924 6.71451 5.2
      vertex 18.2155 6.93549 4
      vertex 18.2155 6.93549 5.2
    endloop
  endfacet
  facet normal 0.873597 -0.48665 0
    outer loop
      vertex 18.2155 6.93549 4
      vertex 18.0924 6.71451 5.2
      vertex 18.0924 6.71451 4
    endloop
  endfacet
  facet normal 0.79384 -0.608127 0
    outer loop
      vertex 18.2155 6.93549 5.2
      vertex 18.3659 7.13182 4
      vertex 18.3659 7.13182 5.2
    endloop
  endfacet
  facet normal 0.79384 -0.608127 0
    outer loop
      vertex 18.3659 7.13182 4
      vertex 18.2155 6.93549 5.2
      vertex 18.2155 6.93549 4
    endloop
  endfacet
  facet normal 0.692917 -0.721018 0
    outer loop
      vertex 18.3659 7.13182 4
      vertex 18.5414 7.30048 5.2
      vertex 18.3659 7.13182 5.2
    endloop
  endfacet
  facet normal 0.692917 -0.721018 0
    outer loop
      vertex 18.5414 7.30048 5.2
      vertex 18.3659 7.13182 4
      vertex 18.5414 7.30048 4
    endloop
  endfacet
  facet normal 0.57121 -0.820804 0
    outer loop
      vertex 18.5414 7.30048 4
      vertex 18.7397 7.43848 5.2
      vertex 18.5414 7.30048 5.2
    endloop
  endfacet
  facet normal 0.57121 -0.820804 0
    outer loop
      vertex 18.7397 7.43848 5.2
      vertex 18.5414 7.30048 4
      vertex 18.7397 7.43848 4
    endloop
  endfacet
  facet normal 0.436702 -0.899606 0
    outer loop
      vertex 18.7397 7.43848 4
      vertex 18.9608 7.54581 5.2
      vertex 18.7397 7.43848 5.2
    endloop
  endfacet
  facet normal 0.436702 -0.899606 0
    outer loop
      vertex 18.9608 7.54581 5.2
      vertex 18.7397 7.43848 4
      vertex 18.9608 7.54581 4
    endloop
  endfacet
  facet normal 0.299847 -0.953987 0
    outer loop
      vertex 18.9608 7.54581 4
      vertex 19.2047 7.62247 5.2
      vertex 18.9608 7.54581 5.2
    endloop
  endfacet
  facet normal 0.299847 -0.953987 0
    outer loop
      vertex 19.2047 7.62247 5.2
      vertex 18.9608 7.54581 4
      vertex 19.2047 7.62247 4
    endloop
  endfacet
  facet normal 0.169933 -0.985456 0
    outer loop
      vertex 19.2047 7.62247 4
      vertex 19.4714 7.66846 5.2
      vertex 19.2047 7.62247 5.2
    endloop
  endfacet
  facet normal 0.169933 -0.985456 0
    outer loop
      vertex 19.4714 7.66846 5.2
      vertex 19.2047 7.62247 4
      vertex 19.4714 7.66846 4
    endloop
  endfacet
  facet normal 0.0528793 -0.998601 0
    outer loop
      vertex 19.4714 7.66846 4
      vertex 19.7609 7.68379 5.2
      vertex 19.4714 7.66846 5.2
    endloop
  endfacet
  facet normal 0.0528793 -0.998601 0
    outer loop
      vertex 19.7609 7.68379 5.2
      vertex 19.4714 7.66846 4
      vertex 19.7609 7.68379 4
    endloop
  endfacet
  facet normal -0.0540137 -0.99854 0
    outer loop
      vertex 19.7609 7.68379 4
      vertex 20.048 7.66826 5.2
      vertex 19.7609 7.68379 5.2
    endloop
  endfacet
  facet normal -0.0540137 -0.99854 -0
    outer loop
      vertex 20.048 7.66826 5.2
      vertex 19.7609 7.68379 4
      vertex 20.048 7.66826 4
    endloop
  endfacet
  facet normal -0.17349 -0.984836 0
    outer loop
      vertex 20.048 7.66826 4
      vertex 20.3127 7.62163 5.2
      vertex 20.048 7.66826 5.2
    endloop
  endfacet
  facet normal -0.17349 -0.984836 -0
    outer loop
      vertex 20.3127 7.62163 5.2
      vertex 20.048 7.66826 4
      vertex 20.3127 7.62163 4
    endloop
  endfacet
  facet normal -0.305589 -0.952164 0
    outer loop
      vertex 20.3127 7.62163 4
      vertex 20.5548 7.54393 5.2
      vertex 20.3127 7.62163 5.2
    endloop
  endfacet
  facet normal -0.305589 -0.952164 -0
    outer loop
      vertex 20.5548 7.54393 5.2
      vertex 20.3127 7.62163 4
      vertex 20.5548 7.54393 4
    endloop
  endfacet
  facet normal -0.443719 -0.896166 0
    outer loop
      vertex 20.5548 7.54393 4
      vertex 20.7745 7.43515 5.2
      vertex 20.5548 7.54393 5.2
    endloop
  endfacet
  facet normal -0.443719 -0.896166 -0
    outer loop
      vertex 20.7745 7.43515 5.2
      vertex 20.5548 7.54393 4
      vertex 20.7745 7.43515 4
    endloop
  endfacet
  facet normal -0.578504 -0.81568 0
    outer loop
      vertex 20.7745 7.43515 4
      vertex 20.9717 7.29529 5.2
      vertex 20.7745 7.43515 5.2
    endloop
  endfacet
  facet normal -0.578504 -0.81568 -0
    outer loop
      vertex 20.9717 7.29529 5.2
      vertex 20.7745 7.43515 4
      vertex 20.9717 7.29529 4
    endloop
  endfacet
  facet normal -0.699415 -0.714716 0
    outer loop
      vertex 20.9717 7.29529 4
      vertex 21.1464 7.12433 5.2
      vertex 20.9717 7.29529 5.2
    endloop
  endfacet
  facet normal -0.699415 -0.714716 -0
    outer loop
      vertex 21.1464 7.12433 5.2
      vertex 20.9717 7.29529 4
      vertex 21.1464 7.12433 4
    endloop
  endfacet
  facet normal -0.79755 -0.603253 0
    outer loop
      vertex 21.2963 6.92615 4
      vertex 21.1464 7.12433 5.2
      vertex 21.1464 7.12433 4
    endloop
  endfacet
  facet normal -0.79755 -0.603253 0
    outer loop
      vertex 21.1464 7.12433 5.2
      vertex 21.2963 6.92615 4
      vertex 21.2963 6.92615 5.2
    endloop
  endfacet
  facet normal -0.875022 -0.484083 0
    outer loop
      vertex 21.4189 6.70454 4
      vertex 21.2963 6.92615 5.2
      vertex 21.2963 6.92615 4
    endloop
  endfacet
  facet normal -0.875022 -0.484083 0
    outer loop
      vertex 21.2963 6.92615 5.2
      vertex 21.4189 6.70454 4
      vertex 21.4189 6.70454 5.2
    endloop
  endfacet
  facet normal -0.931858 -0.362824 0
    outer loop
      vertex 21.5143 6.45952 4
      vertex 21.4189 6.70454 5.2
      vertex 21.4189 6.70454 4
    endloop
  endfacet
  facet normal -0.931858 -0.362824 0
    outer loop
      vertex 21.4189 6.70454 5.2
      vertex 21.5143 6.45952 4
      vertex 21.5143 6.45952 5.2
    endloop
  endfacet
  facet normal -0.969291 -0.245916 0
    outer loop
      vertex 21.5824 6.1911 4
      vertex 21.5143 6.45952 5.2
      vertex 21.5143 6.45952 4
    endloop
  endfacet
  facet normal -0.969291 -0.245916 0
    outer loop
      vertex 21.5143 6.45952 5.2
      vertex 21.5824 6.1911 4
      vertex 21.5824 6.1911 5.2
    endloop
  endfacet
  facet normal -0.990369 -0.138456 0
    outer loop
      vertex 21.6232 5.89926 4
      vertex 21.5824 6.1911 5.2
      vertex 21.5824 6.1911 4
    endloop
  endfacet
  facet normal -0.990369 -0.138456 0
    outer loop
      vertex 21.5824 6.1911 5.2
      vertex 21.6232 5.89926 4
      vertex 21.6232 5.89926 5.2
    endloop
  endfacet
  facet normal -0.999057 -0.0434152 0
    outer loop
      vertex 21.6369 5.584 4
      vertex 21.6232 5.89926 5.2
      vertex 21.6232 5.89926 4
    endloop
  endfacet
  facet normal -0.999057 -0.0434152 0
    outer loop
      vertex 21.6232 5.89926 5.2
      vertex 21.6369 5.584 4
      vertex 21.6369 5.584 5.2
    endloop
  endfacet
  facet normal -0.999159 0.0410014 0
    outer loop
      vertex 21.6234 5.25502 4
      vertex 21.6369 5.584 5.2
      vertex 21.6369 5.584 4
    endloop
  endfacet
  facet normal -0.999159 0.0410014 0
    outer loop
      vertex 21.6369 5.584 5.2
      vertex 21.6234 5.25502 4
      vertex 21.6234 5.25502 5.2
    endloop
  endfacet
  facet normal -0.991154 0.132716 0
    outer loop
      vertex 21.5828 4.95181 4
      vertex 21.6234 5.25502 5.2
      vertex 21.6234 5.25502 4
    endloop
  endfacet
  facet normal -0.991154 0.132716 0
    outer loop
      vertex 21.6234 5.25502 5.2
      vertex 21.5828 4.95181 4
      vertex 21.5828 4.95181 5.2
    endloop
  endfacet
  facet normal -0.971566 0.236771 0
    outer loop
      vertex 21.5152 4.67442 4
      vertex 21.5828 4.95181 5.2
      vertex 21.5828 4.95181 4
    endloop
  endfacet
  facet normal -0.971566 0.236771 0
    outer loop
      vertex 21.5828 4.95181 5.2
      vertex 21.5152 4.67442 4
      vertex 21.5152 4.67442 5.2
    endloop
  endfacet
  facet normal -0.935905 0.352252 0
    outer loop
      vertex 21.4205 4.42281 4
      vertex 21.5152 4.67442 5.2
      vertex 21.5152 4.67442 4
    endloop
  endfacet
  facet normal -0.935905 0.352252 0
    outer loop
      vertex 21.5152 4.67442 5.2
      vertex 21.4205 4.42281 4
      vertex 21.4205 4.42281 5.2
    endloop
  endfacet
  facet normal -0.880283 0.474449 0
    outer loop
      vertex 21.2988 4.19701 4
      vertex 21.4205 4.42281 5.2
      vertex 21.4205 4.42281 4
    endloop
  endfacet
  facet normal -0.880283 0.474449 0
    outer loop
      vertex 21.4205 4.42281 5.2
      vertex 21.2988 4.19701 4
      vertex 21.2988 4.19701 5.2
    endloop
  endfacet
  facet normal -0.802525 0.596618 0
    outer loop
      vertex 21.1501 3.99699 4
      vertex 21.2988 4.19701 5.2
      vertex 21.2988 4.19701 4
    endloop
  endfacet
  facet normal -0.802525 0.596618 0
    outer loop
      vertex 21.2988 4.19701 5.2
      vertex 21.1501 3.99699 4
      vertex 21.1501 3.99699 5.2
    endloop
  endfacet
  facet normal -0.701951 0.712225 0
    outer loop
      vertex 21.1501 3.99699 4
      vertex 20.9761 3.8255 5.2
      vertex 21.1501 3.99699 5.2
    endloop
  endfacet
  facet normal -0.701951 0.712225 0
    outer loop
      vertex 20.9761 3.8255 5.2
      vertex 21.1501 3.99699 4
      vertex 20.9761 3.8255 4
    endloop
  endfacet
  facet normal -0.579183 0.815198 0
    outer loop
      vertex 20.9761 3.8255 4
      vertex 20.7786 3.68518 5.2
      vertex 20.9761 3.8255 5.2
    endloop
  endfacet
  facet normal -0.579183 0.815198 0
    outer loop
      vertex 20.7786 3.68518 5.2
      vertex 20.9761 3.8255 4
      vertex 20.7786 3.68518 4
    endloop
  endfacet
  facet normal -0.442827 0.896607 0
    outer loop
      vertex 20.7786 3.68518 4
      vertex 20.5576 3.57603 5.2
      vertex 20.7786 3.68518 5.2
    endloop
  endfacet
  facet normal -0.442827 0.896607 0
    outer loop
      vertex 20.5576 3.57603 5.2
      vertex 20.7786 3.68518 4
      vertex 20.5576 3.57603 4
    endloop
  endfacet
  facet normal -0.303638 0.952788 0
    outer loop
      vertex 20.5576 3.57603 4
      vertex 20.313 3.49808 5.2
      vertex 20.5576 3.57603 5.2
    endloop
  endfacet
  facet normal -0.303638 0.952788 0
    outer loop
      vertex 20.313 3.49808 5.2
      vertex 20.5576 3.57603 4
      vertex 20.313 3.49808 4
    endloop
  endfacet
  facet normal -0.171917 0.985111 0
    outer loop
      vertex 20.313 3.49808 4
      vertex 20.045 3.45131 5.2
      vertex 20.313 3.49808 5.2
    endloop
  endfacet
  facet normal -0.171917 0.985111 0
    outer loop
      vertex 20.045 3.45131 5.2
      vertex 20.313 3.49808 4
      vertex 20.045 3.45131 4
    endloop
  endfacet
  facet normal -0.0534215 0.998572 0
    outer loop
      vertex 20.045 3.45131 4
      vertex 19.7534 3.43571 5.2
      vertex 20.045 3.45131 5.2
    endloop
  endfacet
  facet normal -0.0534215 0.998572 0
    outer loop
      vertex 19.7534 3.43571 5.2
      vertex 20.045 3.45131 4
      vertex 19.7534 3.43571 4
    endloop
  endfacet
  facet normal 0.0566892 0.998392 -0
    outer loop
      vertex 19.7534 3.43571 4
      vertex 19.4695 3.45183 5.2
      vertex 19.7534 3.43571 5.2
    endloop
  endfacet
  facet normal 0.0566892 0.998392 0
    outer loop
      vertex 19.4695 3.45183 5.2
      vertex 19.7534 3.43571 4
      vertex 19.4695 3.45183 4
    endloop
  endfacet
  facet normal 0.110156 -0.993914 0
    outer loop
      vertex 8.40979 2.86684 4
      vertex 8.65936 2.8945 5.2
      vertex 8.40979 2.86684 5.2
    endloop
  endfacet
  facet normal 0.110156 -0.993914 0
    outer loop
      vertex 8.65936 2.8945 5.2
      vertex 8.40979 2.86684 4
      vertex 8.65936 2.8945 4
    endloop
  endfacet
  facet normal 0.190333 -0.98172 0
    outer loop
      vertex 8.65936 2.8945 4
      vertex 8.89714 2.9406 5.2
      vertex 8.65936 2.8945 5.2
    endloop
  endfacet
  facet normal 0.190333 -0.98172 0
    outer loop
      vertex 8.89714 2.9406 5.2
      vertex 8.65936 2.8945 4
      vertex 8.89714 2.9406 4
    endloop
  endfacet
  facet normal 0.274654 -0.961543 0
    outer loop
      vertex 8.89714 2.9406 4
      vertex 9.12309 3.00514 5.2
      vertex 8.89714 2.9406 5.2
    endloop
  endfacet
  facet normal 0.274654 -0.961543 0
    outer loop
      vertex 9.12309 3.00514 5.2
      vertex 8.89714 2.9406 4
      vertex 9.12309 3.00514 4
    endloop
  endfacet
  facet normal 0.361324 -0.93244 0
    outer loop
      vertex 9.12309 3.00514 4
      vertex 9.33723 3.08812 5.2
      vertex 9.12309 3.00514 5.2
    endloop
  endfacet
  facet normal 0.361324 -0.93244 0
    outer loop
      vertex 9.33723 3.08812 5.2
      vertex 9.12309 3.00514 4
      vertex 9.33723 3.08812 4
    endloop
  endfacet
  facet normal 0.448097 -0.893985 0
    outer loop
      vertex 9.33723 3.08812 4
      vertex 9.53957 3.18954 5.2
      vertex 9.33723 3.08812 5.2
    endloop
  endfacet
  facet normal 0.448097 -0.893985 0
    outer loop
      vertex 9.53957 3.18954 5.2
      vertex 9.33723 3.08812 4
      vertex 9.53957 3.18954 4
    endloop
  endfacet
  facet normal 0.532049 -0.846713 0
    outer loop
      vertex 9.53957 3.18954 4
      vertex 9.72836 3.30817 5.2
      vertex 9.53957 3.18954 5.2
    endloop
  endfacet
  facet normal 0.532049 -0.846713 0
    outer loop
      vertex 9.72836 3.30817 5.2
      vertex 9.53957 3.18954 4
      vertex 9.72836 3.30817 4
    endloop
  endfacet
  facet normal 0.612651 -0.790354 0
    outer loop
      vertex 9.72836 3.30817 4
      vertex 9.90195 3.44273 5.2
      vertex 9.72836 3.30817 5.2
    endloop
  endfacet
  facet normal 0.612651 -0.790354 0
    outer loop
      vertex 9.90195 3.44273 5.2
      vertex 9.72836 3.30817 4
      vertex 9.90195 3.44273 4
    endloop
  endfacet
  facet normal 0.688984 -0.724777 0
    outer loop
      vertex 9.90195 3.44273 4
      vertex 10.0603 3.59326 5.2
      vertex 9.90195 3.44273 5.2
    endloop
  endfacet
  facet normal 0.688984 -0.724777 0
    outer loop
      vertex 10.0603 3.59326 5.2
      vertex 9.90195 3.44273 4
      vertex 10.0603 3.59326 4
    endloop
  endfacet
  facet normal 0.758368 -0.651826 0
    outer loop
      vertex 10.0603 3.59326 5.2
      vertex 10.2034 3.75975 4
      vertex 10.2034 3.75975 5.2
    endloop
  endfacet
  facet normal 0.758368 -0.651826 0
    outer loop
      vertex 10.2034 3.75975 4
      vertex 10.0603 3.59326 5.2
      vertex 10.0603 3.59326 4
    endloop
  endfacet
  facet normal 0.818842 -0.574019 0
    outer loop
      vertex 10.2034 3.75975 5.2
      vertex 10.3313 3.9422 4
      vertex 10.3313 3.9422 5.2
    endloop
  endfacet
  facet normal 0.818842 -0.574019 0
    outer loop
      vertex 10.3313 3.9422 4
      vertex 10.2034 3.75975 5.2
      vertex 10.2034 3.75975 4
    endloop
  endfacet
  facet normal 0.869497 -0.493938 0
    outer loop
      vertex 10.3313 3.9422 5.2
      vertex 10.444 4.14059 4
      vertex 10.444 4.14059 5.2
    endloop
  endfacet
  facet normal 0.869497 -0.493938 0
    outer loop
      vertex 10.444 4.14059 4
      vertex 10.3313 3.9422 5.2
      vertex 10.3313 3.9422 4
    endloop
  endfacet
  facet normal 0.910535 -0.413431 0
    outer loop
      vertex 10.444 4.14059 5.2
      vertex 10.5403 4.35268 4
      vertex 10.5403 4.35268 5.2
    endloop
  endfacet
  facet normal 0.910535 -0.413431 0
    outer loop
      vertex 10.5403 4.35268 4
      vertex 10.444 4.14059 5.2
      vertex 10.444 4.14059 4
    endloop
  endfacet
  facet normal 0.94309 -0.332538 0
    outer loop
      vertex 10.5403 4.35268 5.2
      vertex 10.6191 4.57616 4
      vertex 10.6191 4.57616 5.2
    endloop
  endfacet
  facet normal 0.94309 -0.332538 0
    outer loop
      vertex 10.6191 4.57616 4
      vertex 10.5403 4.35268 5.2
      vertex 10.5403 4.35268 4
    endloop
  endfacet
  facet normal 0.967585 -0.252546 0
    outer loop
      vertex 10.6191 4.57616 5.2
      vertex 10.6804 4.81102 4
      vertex 10.6804 4.81102 5.2
    endloop
  endfacet
  facet normal 0.967585 -0.252546 0
    outer loop
      vertex 10.6804 4.81102 4
      vertex 10.6191 4.57616 5.2
      vertex 10.6191 4.57616 4
    endloop
  endfacet
  facet normal 0.984551 -0.175099 0
    outer loop
      vertex 10.6804 4.81102 5.2
      vertex 10.7242 5.0573 4
      vertex 10.7242 5.0573 5.2
    endloop
  endfacet
  facet normal 0.984551 -0.175099 0
    outer loop
      vertex 10.7242 5.0573 4
      vertex 10.6804 4.81102 5.2
      vertex 10.6804 4.81102 4
    endloop
  endfacet
  facet normal 0.99487 -0.101163 0
    outer loop
      vertex 10.7242 5.0573 5.2
      vertex 10.7504 5.31496 4
      vertex 10.7504 5.31496 5.2
    endloop
  endfacet
  facet normal 0.99487 -0.101163 0
    outer loop
      vertex 10.7504 5.31496 4
      vertex 10.7242 5.0573 5.2
      vertex 10.7242 5.0573 4
    endloop
  endfacet
  facet normal 0.999465 -0.0326914 0
    outer loop
      vertex 10.7504 5.31496 5.2
      vertex 10.7592 5.584 4
      vertex 10.7592 5.584 5.2
    endloop
  endfacet
  facet normal 0.999465 -0.0326914 0
    outer loop
      vertex 10.7592 5.584 4
      vertex 10.7504 5.31496 5.2
      vertex 10.7504 5.31496 4
    endloop
  endfacet
  facet normal 0.999481 0.0322198 0
    outer loop
      vertex 10.7592 5.584 5.2
      vertex 10.7505 5.85388 4
      vertex 10.7505 5.85388 5.2
    endloop
  endfacet
  facet normal 0.999481 0.0322198 0
    outer loop
      vertex 10.7505 5.85388 4
      vertex 10.7592 5.584 5.2
      vertex 10.7592 5.584 4
    endloop
  endfacet
  facet normal 0.994986 0.100016 0
    outer loop
      vertex 10.7505 5.85388 5.2
      vertex 10.7246 6.11154 4
      vertex 10.7246 6.11154 5.2
    endloop
  endfacet
  facet normal 0.994986 0.100016 0
    outer loop
      vertex 10.7246 6.11154 4
      vertex 10.7505 5.85388 5.2
      vertex 10.7505 5.85388 4
    endloop
  endfacet
  facet normal 0.98479 0.173749 0
    outer loop
      vertex 10.7246 6.11154 5.2
      vertex 10.6813 6.35696 4
      vertex 10.6813 6.35696 5.2
    endloop
  endfacet
  facet normal 0.98479 0.173749 0
    outer loop
      vertex 10.6813 6.35696 4
      vertex 10.7246 6.11154 5.2
      vertex 10.7246 6.11154 4
    endloop
  endfacet
  facet normal 0.967956 0.251121 0
    outer loop
      vertex 10.6813 6.35696 5.2
      vertex 10.6208 6.59016 4
      vertex 10.6208 6.59016 5.2
    endloop
  endfacet
  facet normal 0.967956 0.251121 0
    outer loop
      vertex 10.6208 6.59016 4
      vertex 10.6813 6.35696 5.2
      vertex 10.6813 6.35696 4
    endloop
  endfacet
  facet normal 0.943115 0.332467 0
    outer loop
      vertex 10.6208 6.59016 5.2
      vertex 10.5429 6.81114 4
      vertex 10.5429 6.81114 5.2
    endloop
  endfacet
  facet normal 0.943115 0.332467 0
    outer loop
      vertex 10.5429 6.81114 4
      vertex 10.6208 6.59016 5.2
      vertex 10.6208 6.59016 4
    endloop
  endfacet
  facet normal 0.909858 0.414919 0
    outer loop
      vertex 10.5429 6.81114 5.2
      vertex 10.4477 7.0199 4
      vertex 10.4477 7.0199 5.2
    endloop
  endfacet
  facet normal 0.909858 0.414919 0
    outer loop
      vertex 10.4477 7.0199 4
      vertex 10.5429 6.81114 5.2
      vertex 10.5429 6.81114 4
    endloop
  endfacet
  facet normal 0.867688 0.497108 0
    outer loop
      vertex 10.4477 7.0199 5.2
      vertex 10.3362 7.21452 4
      vertex 10.3362 7.21452 5.2
    endloop
  endfacet
  facet normal 0.867688 0.497108 0
    outer loop
      vertex 10.3362 7.21452 4
      vertex 10.4477 7.0199 5.2
      vertex 10.4477 7.0199 4
    endloop
  endfacet
  facet normal 0.814904 0.579597 0
    outer loop
      vertex 10.3362 7.21452 5.2
      vertex 10.2092 7.39308 4
      vertex 10.2092 7.39308 5.2
    endloop
  endfacet
  facet normal 0.814904 0.579597 0
    outer loop
      vertex 10.2092 7.39308 4
      vertex 10.3362 7.21452 5.2
      vertex 10.3362 7.21452 4
    endloop
  endfacet
  facet normal 0.752109 0.659039 0
    outer loop
      vertex 10.2092 7.39308 5.2
      vertex 10.0668 7.55559 4
      vertex 10.0668 7.55559 5.2
    endloop
  endfacet
  facet normal 0.752109 0.659039 0
    outer loop
      vertex 10.0668 7.55559 4
      vertex 10.2092 7.39308 5.2
      vertex 10.2092 7.39308 4
    endloop
  endfacet
  facet normal 0.680255 0.732975 -0
    outer loop
      vertex 10.0668 7.55559 4
      vertex 9.909 7.70204 5.2
      vertex 10.0668 7.55559 5.2
    endloop
  endfacet
  facet normal 0.680255 0.732975 0
    outer loop
      vertex 9.909 7.70204 5.2
      vertex 10.0668 7.55559 4
      vertex 9.909 7.70204 4
    endloop
  endfacet
  facet normal 0.601224 0.799081 -0
    outer loop
      vertex 9.909 7.70204 4
      vertex 9.7357 7.83243 5.2
      vertex 9.909 7.70204 5.2
    endloop
  endfacet
  facet normal 0.601224 0.799081 0
    outer loop
      vertex 9.7357 7.83243 5.2
      vertex 9.909 7.70204 4
      vertex 9.7357 7.83243 4
    endloop
  endfacet
  facet normal 0.518117 0.85531 -0
    outer loop
      vertex 9.7357 7.83243 4
      vertex 9.54698 7.94675 5.2
      vertex 9.7357 7.83243 5.2
    endloop
  endfacet
  facet normal 0.518117 0.85531 0
    outer loop
      vertex 9.54698 7.94675 5.2
      vertex 9.7357 7.83243 4
      vertex 9.54698 7.94675 4
    endloop
  endfacet
  facet normal 0.433895 0.900964 -0
    outer loop
      vertex 9.54698 7.94675 4
      vertex 9.34465 8.04419 5.2
      vertex 9.54698 7.94675 5.2
    endloop
  endfacet
  facet normal 0.433895 0.900964 0
    outer loop
      vertex 9.34465 8.04419 5.2
      vertex 9.54698 7.94675 4
      vertex 9.34465 8.04419 4
    endloop
  endfacet
  facet normal 0.34894 0.937145 -0
    outer loop
      vertex 9.34465 8.04419 4
      vertex 9.13052 8.12392 5.2
      vertex 9.34465 8.04419 5.2
    endloop
  endfacet
  facet normal 0.34894 0.937145 0
    outer loop
      vertex 9.13052 8.12392 5.2
      vertex 9.34465 8.04419 4
      vertex 9.13052 8.12392 4
    endloop
  endfacet
  facet normal 0.264576 0.964365 -0
    outer loop
      vertex 9.13052 8.12392 4
      vertex 8.90457 8.18591 5.2
      vertex 9.13052 8.12392 5.2
    endloop
  endfacet
  facet normal 0.264576 0.964365 0
    outer loop
      vertex 8.90457 8.18591 5.2
      vertex 9.13052 8.12392 4
      vertex 8.90457 8.18591 4
    endloop
  endfacet
  facet normal 0.18317 0.983081 -0
    outer loop
      vertex 8.90457 8.18591 4
      vertex 8.66681 8.23021 5.2
      vertex 8.90457 8.18591 5.2
    endloop
  endfacet
  facet normal 0.18317 0.983081 0
    outer loop
      vertex 8.66681 8.23021 5.2
      vertex 8.90457 8.18591 4
      vertex 8.66681 8.23021 4
    endloop
  endfacet
  facet normal 0.10583 0.994384 -0
    outer loop
      vertex 8.66681 8.23021 4
      vertex 8.41725 8.25677 5.2
      vertex 8.66681 8.23021 5.2
    endloop
  endfacet
  facet normal 0.10583 0.994384 0
    outer loop
      vertex 8.41725 8.25677 5.2
      vertex 8.66681 8.23021 4
      vertex 8.41725 8.25677 4
    endloop
  endfacet
  facet normal 0.0339157 0.999425 -0
    outer loop
      vertex 8.41725 8.25677 4
      vertex 8.15587 8.26564 5.2
      vertex 8.41725 8.25677 5.2
    endloop
  endfacet
  facet normal 0.0339157 0.999425 0
    outer loop
      vertex 8.15587 8.26564 5.2
      vertex 8.41725 8.25677 4
      vertex 8.15587 8.26564 4
    endloop
  endfacet
  facet normal -0.0498809 0.998755 0
    outer loop
      vertex 8.15587 8.26564 4
      vertex 7.76062 8.2459 5.2
      vertex 8.15587 8.26564 5.2
    endloop
  endfacet
  facet normal -0.0498809 0.998755 0
    outer loop
      vertex 7.76062 8.2459 5.2
      vertex 8.15587 8.26564 4
      vertex 7.76062 8.2459 4
    endloop
  endfacet
  facet normal -0.160032 0.987112 0
    outer loop
      vertex 7.76062 8.2459 4
      vertex 7.3954 8.18669 5.2
      vertex 7.76062 8.2459 5.2
    endloop
  endfacet
  facet normal -0.160032 0.987112 0
    outer loop
      vertex 7.3954 8.18669 5.2
      vertex 7.76062 8.2459 4
      vertex 7.3954 8.18669 4
    endloop
  endfacet
  facet normal -0.282465 0.959277 0
    outer loop
      vertex 7.3954 8.18669 4
      vertex 7.06024 8.088 5.2
      vertex 7.3954 8.18669 5.2
    endloop
  endfacet
  facet normal -0.282465 0.959277 0
    outer loop
      vertex 7.06024 8.088 5.2
      vertex 7.3954 8.18669 4
      vertex 7.06024 8.088 4
    endloop
  endfacet
  facet normal -0.4125 0.910958 0
    outer loop
      vertex 7.06024 8.088 4
      vertex 6.75513 7.94984 5.2
      vertex 7.06024 8.088 5.2
    endloop
  endfacet
  facet normal -0.4125 0.910958 0
    outer loop
      vertex 6.75513 7.94984 5.2
      vertex 7.06024 8.088 4
      vertex 6.75513 7.94984 4
    endloop
  endfacet
  facet normal -0.542519 0.840043 0
    outer loop
      vertex 6.75513 7.94984 4
      vertex 6.48007 7.7722 5.2
      vertex 6.75513 7.94984 5.2
    endloop
  endfacet
  facet normal -0.542519 0.840043 0
    outer loop
      vertex 6.48007 7.7722 5.2
      vertex 6.75513 7.94984 4
      vertex 6.48007 7.7722 4
    endloop
  endfacet
  facet normal -0.663176 0.748463 0
    outer loop
      vertex 6.48007 7.7722 4
      vertex 6.23505 7.5551 5.2
      vertex 6.48007 7.7722 5.2
    endloop
  endfacet
  facet normal -0.663176 0.748463 0
    outer loop
      vertex 6.23505 7.5551 5.2
      vertex 6.48007 7.7722 4
      vertex 6.23505 7.5551 4
    endloop
  endfacet
  facet normal -0.767143 0.641476 0
    outer loop
      vertex 6.02423 7.30298 4
      vertex 6.23505 7.5551 5.2
      vertex 6.23505 7.5551 4
    endloop
  endfacet
  facet normal -0.767143 0.641476 0
    outer loop
      vertex 6.23505 7.5551 5.2
      vertex 6.02423 7.30298 4
      vertex 6.02423 7.30298 5.2
    endloop
  endfacet
  facet normal -0.853608 0.520916 0
    outer loop
      vertex 5.85173 7.02031 4
      vertex 6.02423 7.30298 5.2
      vertex 6.02423 7.30298 4
    endloop
  endfacet
  facet normal -0.853608 0.520916 0
    outer loop
      vertex 6.02423 7.30298 5.2
      vertex 5.85173 7.02031 4
      vertex 5.85173 7.02031 5.2
    endloop
  endfacet
  facet normal -0.919242 0.393693 0
    outer loop
      vertex 5.71758 6.70708 4
      vertex 5.85173 7.02031 5.2
      vertex 5.85173 7.02031 4
    endloop
  endfacet
  facet normal -0.919242 0.393693 0
    outer loop
      vertex 5.85173 7.02031 5.2
      vertex 5.71758 6.70708 4
      vertex 5.71758 6.70708 5.2
    endloop
  endfacet
  facet normal -0.963265 0.268554 0
    outer loop
      vertex 5.62173 6.36328 4
      vertex 5.71758 6.70708 5.2
      vertex 5.71758 6.70708 4
    endloop
  endfacet
  facet normal -0.963265 0.268554 0
    outer loop
      vertex 5.71758 6.70708 5.2
      vertex 5.62173 6.36328 4
      vertex 5.62173 6.36328 5.2
    endloop
  endfacet
  facet normal -0.988413 0.151789 0
    outer loop
      vertex 5.56424 5.98892 4
      vertex 5.62173 6.36328 5.2
      vertex 5.62173 6.36328 4
    endloop
  endfacet
  facet normal -0.988413 0.151789 0
    outer loop
      vertex 5.62173 6.36328 5.2
      vertex 5.56424 5.98892 4
      vertex 5.56424 5.98892 5.2
    endloop
  endfacet
  facet normal -0.998881 0.0472897 0
    outer loop
      vertex 5.54507 5.584 4
      vertex 5.56424 5.98892 5.2
      vertex 5.56424 5.98892 4
    endloop
  endfacet
  facet normal -0.998881 0.0472897 0
    outer loop
      vertex 5.56424 5.98892 5.2
      vertex 5.54507 5.584 4
      vertex 5.54507 5.584 5.2
    endloop
  endfacet
  facet normal -0.999493 -0.0318456 0
    outer loop
      vertex 5.55368 5.31377 4
      vertex 5.54507 5.584 5.2
      vertex 5.54507 5.584 4
    endloop
  endfacet
  facet normal -0.999493 -0.0318456 0
    outer loop
      vertex 5.54507 5.584 5.2
      vertex 5.55368 5.31377 4
      vertex 5.55368 5.31377 5.2
    endloop
  endfacet
  facet normal -0.99507 -0.0991763 0
    outer loop
      vertex 5.57947 5.05501 4
      vertex 5.55368 5.31377 5.2
      vertex 5.55368 5.31377 4
    endloop
  endfacet
  facet normal -0.99507 -0.0991763 0
    outer loop
      vertex 5.55368 5.31377 5.2
      vertex 5.57947 5.05501 4
      vertex 5.57947 5.05501 5.2
    endloop
  endfacet
  facet normal -0.985213 -0.171334 0
    outer loop
      vertex 5.62247 4.80775 4
      vertex 5.57947 5.05501 5.2
      vertex 5.57947 5.05501 4
    endloop
  endfacet
  facet normal -0.985213 -0.171334 0
    outer loop
      vertex 5.57947 5.05501 5.2
      vertex 5.62247 4.80775 4
      vertex 5.62247 4.80775 5.2
    endloop
  endfacet
  facet normal -0.968932 -0.247329 0
    outer loop
      vertex 5.68265 4.57199 4
      vertex 5.62247 4.80775 5.2
      vertex 5.62247 4.80775 4
    endloop
  endfacet
  facet normal -0.968932 -0.247329 0
    outer loop
      vertex 5.62247 4.80775 5.2
      vertex 5.68265 4.57199 4
      vertex 5.68265 4.57199 5.2
    endloop
  endfacet
  facet normal -0.945287 -0.326239 0
    outer loop
      vertex 5.76004 4.34775 4
      vertex 5.68265 4.57199 5.2
      vertex 5.68265 4.57199 4
    endloop
  endfacet
  facet normal -0.945287 -0.326239 0
    outer loop
      vertex 5.68265 4.57199 5.2
      vertex 5.76004 4.34775 4
      vertex 5.76004 4.34775 5.2
    endloop
  endfacet
  facet normal -0.913796 -0.406174 0
    outer loop
      vertex 5.85461 4.13499 4
      vertex 5.76004 4.34775 5.2
      vertex 5.76004 4.34775 4
    endloop
  endfacet
  facet normal -0.913796 -0.406174 0
    outer loop
      vertex 5.76004 4.34775 5.2
      vertex 5.85461 4.13499 4
      vertex 5.85461 4.13499 5.2
    endloop
  endfacet
  facet normal -0.873321 -0.487145 0
    outer loop
      vertex 5.96553 3.93614 4
      vertex 5.85461 4.13499 5.2
      vertex 5.85461 4.13499 4
    endloop
  endfacet
  facet normal -0.873321 -0.487145 0
    outer loop
      vertex 5.85461 4.13499 5.2
      vertex 5.96553 3.93614 4
      vertex 5.96553 3.93614 5.2
    endloop
  endfacet
  facet normal -0.822351 -0.56898 0
    outer loop
      vertex 6.09187 3.75354 4
      vertex 5.96553 3.93614 5.2
      vertex 5.96553 3.93614 4
    endloop
  endfacet
  facet normal -0.822351 -0.56898 0
    outer loop
      vertex 5.96553 3.93614 5.2
      vertex 6.09187 3.75354 4
      vertex 6.09187 3.75354 5.2
    endloop
  endfacet
  facet normal -0.760995 -0.648758 0
    outer loop
      vertex 6.23366 3.58722 4
      vertex 6.09187 3.75354 5.2
      vertex 6.09187 3.75354 4
    endloop
  endfacet
  facet normal -0.760995 -0.648758 0
    outer loop
      vertex 6.09187 3.75354 5.2
      vertex 6.23366 3.58722 4
      vertex 6.23366 3.58722 5.2
    endloop
  endfacet
  facet normal -0.690467 -0.723364 0
    outer loop
      vertex 6.23366 3.58722 4
      vertex 6.39088 3.43715 5.2
      vertex 6.23366 3.58722 5.2
    endloop
  endfacet
  facet normal -0.690467 -0.723364 -0
    outer loop
      vertex 6.39088 3.43715 5.2
      vertex 6.23366 3.58722 4
      vertex 6.39088 3.43715 4
    endloop
  endfacet
  facet normal -0.612612 -0.790384 0
    outer loop
      vertex 6.39088 3.43715 4
      vertex 6.56352 3.30334 5.2
      vertex 6.39088 3.43715 5.2
    endloop
  endfacet
  facet normal -0.612612 -0.790384 -0
    outer loop
      vertex 6.56352 3.30334 5.2
      vertex 6.39088 3.43715 4
      vertex 6.56352 3.30334 4
    endloop
  endfacet
  facet normal -0.529894 -0.848064 0
    outer loop
      vertex 6.56352 3.30334 4
      vertex 6.75162 3.18581 5.2
      vertex 6.56352 3.30334 5.2
    endloop
  endfacet
  facet normal -0.529894 -0.848064 -0
    outer loop
      vertex 6.75162 3.18581 5.2
      vertex 6.56352 3.30334 4
      vertex 6.75162 3.18581 4
    endloop
  endfacet
  facet normal -0.444693 -0.895683 0
    outer loop
      vertex 6.75162 3.18581 4
      vertex 6.9536 3.08553 5.2
      vertex 6.75162 3.18581 5.2
    endloop
  endfacet
  facet normal -0.444693 -0.895683 -0
    outer loop
      vertex 6.9536 3.08553 5.2
      vertex 6.75162 3.18581 4
      vertex 6.9536 3.08553 4
    endloop
  endfacet
  facet normal -0.357577 -0.933884 0
    outer loop
      vertex 6.9536 3.08553 4
      vertex 7.16789 3.00348 5.2
      vertex 6.9536 3.08553 5.2
    endloop
  endfacet
  facet normal -0.357577 -0.933884 -0
    outer loop
      vertex 7.16789 3.00348 5.2
      vertex 6.9536 3.08553 4
      vertex 7.16789 3.00348 4
    endloop
  endfacet
  facet normal -0.271011 -0.962576 0
    outer loop
      vertex 7.16789 3.00348 4
      vertex 7.39453 2.93967 5.2
      vertex 7.16789 3.00348 5.2
    endloop
  endfacet
  facet normal -0.271011 -0.962576 -0
    outer loop
      vertex 7.39453 2.93967 5.2
      vertex 7.16789 3.00348 4
      vertex 7.39453 2.93967 4
    endloop
  endfacet
  facet normal -0.187437 -0.982277 0
    outer loop
      vertex 7.39453 2.93967 4
      vertex 7.6335 2.89407 5.2
      vertex 7.39453 2.93967 5.2
    endloop
  endfacet
  facet normal -0.187437 -0.982277 -0
    outer loop
      vertex 7.6335 2.89407 5.2
      vertex 7.39453 2.93967 4
      vertex 7.6335 2.89407 4
    endloop
  endfacet
  facet normal -0.108165 -0.994133 0
    outer loop
      vertex 7.6335 2.89407 4
      vertex 7.88478 2.86673 5.2
      vertex 7.6335 2.89407 5.2
    endloop
  endfacet
  facet normal -0.108165 -0.994133 -0
    outer loop
      vertex 7.88478 2.86673 5.2
      vertex 7.6335 2.89407 4
      vertex 7.88478 2.86673 4
    endloop
  endfacet
  facet normal -0.034538 -0.999403 0
    outer loop
      vertex 7.88478 2.86673 4
      vertex 8.14839 2.85762 5.2
      vertex 7.88478 2.86673 5.2
    endloop
  endfacet
  facet normal -0.034538 -0.999403 -0
    outer loop
      vertex 8.14839 2.85762 5.2
      vertex 7.88478 2.86673 4
      vertex 8.14839 2.85762 4
    endloop
  endfacet
  facet normal 0.0352497 -0.999379 0
    outer loop
      vertex 8.14839 2.85762 4
      vertex 8.40979 2.86684 5.2
      vertex 8.14839 2.85762 5.2
    endloop
  endfacet
  facet normal 0.0352497 -0.999379 0
    outer loop
      vertex 8.40979 2.86684 5.2
      vertex 8.14839 2.85762 4
      vertex 8.40979 2.86684 4
    endloop
  endfacet
  facet normal 0.181041 0.983475 -0
    outer loop
      vertex 7.86446 3.45183 4
      vertex 7.60197 3.50015 5.2
      vertex 7.86446 3.45183 5.2
    endloop
  endfacet
  facet normal 0.181041 0.983475 0
    outer loop
      vertex 7.60197 3.50015 5.2
      vertex 7.86446 3.45183 4
      vertex 7.60197 3.50015 4
    endloop
  endfacet
  facet normal 0.316971 0.948435 -0
    outer loop
      vertex 7.60197 3.50015 4
      vertex 7.36095 3.5807 5.2
      vertex 7.60197 3.50015 5.2
    endloop
  endfacet
  facet normal 0.316971 0.948435 0
    outer loop
      vertex 7.36095 3.5807 5.2
      vertex 7.60197 3.50015 4
      vertex 7.36095 3.5807 4
    endloop
  endfacet
  facet normal 0.456829 0.889555 -0
    outer loop
      vertex 7.36095 3.5807 4
      vertex 7.14136 3.69347 5.2
      vertex 7.36095 3.5807 5.2
    endloop
  endfacet
  facet normal 0.456829 0.889555 0
    outer loop
      vertex 7.14136 3.69347 5.2
      vertex 7.36095 3.5807 4
      vertex 7.14136 3.69347 4
    endloop
  endfacet
  facet normal 0.590463 0.807065 -0
    outer loop
      vertex 7.14136 3.69347 4
      vertex 6.94321 3.83844 5.2
      vertex 7.14136 3.69347 5.2
    endloop
  endfacet
  facet normal 0.590463 0.807065 0
    outer loop
      vertex 6.94321 3.83844 5.2
      vertex 7.14136 3.69347 4
      vertex 6.94321 3.83844 4
    endloop
  endfacet
  facet normal 0.708105 0.706107 0
    outer loop
      vertex 6.94321 3.83844 5.2
      vertex 6.76651 4.01564 4
      vertex 6.76651 4.01564 5.2
    endloop
  endfacet
  facet normal 0.708105 0.706107 0
    outer loop
      vertex 6.76651 4.01564 4
      vertex 6.94321 3.83844 5.2
      vertex 6.94321 3.83844 4
    endloop
  endfacet
  facet normal 0.802576 0.59655 0
    outer loop
      vertex 6.76651 4.01564 5.2
      vertex 6.61438 4.22031 4
      vertex 6.61438 4.22031 5.2
    endloop
  endfacet
  facet normal 0.802576 0.59655 0
    outer loop
      vertex 6.61438 4.22031 4
      vertex 6.76651 4.01564 5.2
      vertex 6.76651 4.01564 4
    endloop
  endfacet
  facet normal 0.877149 0.480219 0
    outer loop
      vertex 6.61438 4.22031 5.2
      vertex 6.4899 4.44768 4
      vertex 6.4899 4.44768 5.2
    endloop
  endfacet
  facet normal 0.877149 0.480219 0
    outer loop
      vertex 6.4899 4.44768 4
      vertex 6.61438 4.22031 5.2
      vertex 6.61438 4.22031 4
    endloop
  endfacet
  facet normal 0.93253 0.361092 0
    outer loop
      vertex 6.4899 4.44768 5.2
      vertex 6.39308 4.69772 4
      vertex 6.39308 4.69772 5.2
    endloop
  endfacet
  facet normal 0.93253 0.361092 0
    outer loop
      vertex 6.39308 4.69772 4
      vertex 6.4899 4.44768 5.2
      vertex 6.4899 4.44768 4
    endloop
  endfacet
  facet normal 0.96933 0.245762 0
    outer loop
      vertex 6.39308 4.69772 5.2
      vertex 6.32393 4.97046 4
      vertex 6.32393 4.97046 5.2
    endloop
  endfacet
  facet normal 0.96933 0.245762 0
    outer loop
      vertex 6.32393 4.97046 4
      vertex 6.39308 4.69772 5.2
      vertex 6.39308 4.69772 4
    endloop
  endfacet
  facet normal 0.990273 0.139136 0
    outer loop
      vertex 6.32393 4.97046 5.2
      vertex 6.28242 5.2659 4
      vertex 6.28242 5.2659 5.2
    endloop
  endfacet
  facet normal 0.990273 0.139136 0
    outer loop
      vertex 6.28242 5.2659 4
      vertex 6.32393 4.97046 5.2
      vertex 6.32393 4.97046 4
    endloop
  endfacet
  facet normal 0.999058 0.0434045 0
    outer loop
      vertex 6.28242 5.2659 5.2
      vertex 6.2686 5.584 4
      vertex 6.2686 5.584 5.2
    endloop
  endfacet
  facet normal 0.999058 0.0434045 0
    outer loop
      vertex 6.2686 5.584 4
      vertex 6.28242 5.2659 5.2
      vertex 6.28242 5.2659 4
    endloop
  endfacet
  facet normal 0.999087 -0.0427291 0
    outer loop
      vertex 6.2686 5.584 5.2
      vertex 6.28227 5.90363 4
      vertex 6.28227 5.90363 5.2
    endloop
  endfacet
  facet normal 0.999087 -0.0427291 0
    outer loop
      vertex 6.28227 5.90363 4
      vertex 6.2686 5.584 5.2
      vertex 6.2686 5.584 4
    endloop
  endfacet
  facet normal 0.990463 -0.137782 0
    outer loop
      vertex 6.28227 5.90363 5.2
      vertex 6.3233 6.19858 4
      vertex 6.3233 6.19858 5.2
    endloop
  endfacet
  facet normal 0.990463 -0.137782 0
    outer loop
      vertex 6.3233 6.19858 4
      vertex 6.28227 5.90363 5.2
      vertex 6.28227 5.90363 4
    endloop
  endfacet
  facet normal 0.969457 -0.245261 0
    outer loop
      vertex 6.3233 6.19858 5.2
      vertex 6.39168 6.46887 4
      vertex 6.39168 6.46887 5.2
    endloop
  endfacet
  facet normal 0.969457 -0.245261 0
    outer loop
      vertex 6.39168 6.46887 4
      vertex 6.3233 6.19858 5.2
      vertex 6.3233 6.19858 4
    endloop
  endfacet
  facet normal 0.931757 -0.363083 0
    outer loop
      vertex 6.39168 6.46887 5.2
      vertex 6.4874 6.71451 4
      vertex 6.4874 6.71451 5.2
    endloop
  endfacet
  facet normal 0.931757 -0.363083 0
    outer loop
      vertex 6.4874 6.71451 4
      vertex 6.39168 6.46887 5.2
      vertex 6.39168 6.46887 4
    endloop
  endfacet
  facet normal 0.873648 -0.486559 0
    outer loop
      vertex 6.4874 6.71451 5.2
      vertex 6.61047 6.93549 4
      vertex 6.61047 6.93549 5.2
    endloop
  endfacet
  facet normal 0.873648 -0.486559 0
    outer loop
      vertex 6.61047 6.93549 4
      vertex 6.4874 6.71451 5.2
      vertex 6.4874 6.71451 4
    endloop
  endfacet
  facet normal 0.793762 -0.608229 0
    outer loop
      vertex 6.61047 6.93549 5.2
      vertex 6.76091 7.13182 4
      vertex 6.76091 7.13182 5.2
    endloop
  endfacet
  facet normal 0.793762 -0.608229 0
    outer loop
      vertex 6.76091 7.13182 4
      vertex 6.61047 6.93549 5.2
      vertex 6.61047 6.93549 4
    endloop
  endfacet
  facet normal 0.692896 -0.721037 0
    outer loop
      vertex 6.76091 7.13182 4
      vertex 6.93642 7.30048 5.2
      vertex 6.76091 7.13182 5.2
    endloop
  endfacet
  facet normal 0.692896 -0.721037 0
    outer loop
      vertex 6.93642 7.30048 5.2
      vertex 6.76091 7.13182 4
      vertex 6.93642 7.30048 4
    endloop
  endfacet
  facet normal 0.571171 -0.820831 0
    outer loop
      vertex 6.93642 7.30048 4
      vertex 7.13474 7.43848 5.2
      vertex 6.93642 7.30048 5.2
    endloop
  endfacet
  facet normal 0.571171 -0.820831 0
    outer loop
      vertex 7.13474 7.43848 5.2
      vertex 6.93642 7.30048 4
      vertex 7.13474 7.43848 4
    endloop
  endfacet
  facet normal 0.436734 -0.899591 0
    outer loop
      vertex 7.13474 7.43848 4
      vertex 7.35582 7.54581 5.2
      vertex 7.13474 7.43848 5.2
    endloop
  endfacet
  facet normal 0.436734 -0.899591 0
    outer loop
      vertex 7.35582 7.54581 5.2
      vertex 7.13474 7.43848 4
      vertex 7.35582 7.54581 4
    endloop
  endfacet
  facet normal 0.299847 -0.953987 0
    outer loop
      vertex 7.35582 7.54581 4
      vertex 7.59972 7.62247 5.2
      vertex 7.35582 7.54581 5.2
    endloop
  endfacet
  facet normal 0.299847 -0.953987 0
    outer loop
      vertex 7.59972 7.62247 5.2
      vertex 7.35582 7.54581 4
      vertex 7.59972 7.62247 4
    endloop
  endfacet
  facet normal 0.169951 -0.985452 0
    outer loop
      vertex 7.59972 7.62247 4
      vertex 7.86639 7.66846 5.2
      vertex 7.59972 7.62247 5.2
    endloop
  endfacet
  facet normal 0.169951 -0.985452 0
    outer loop
      vertex 7.86639 7.66846 5.2
      vertex 7.59972 7.62247 4
      vertex 7.86639 7.66846 4
    endloop
  endfacet
  facet normal 0.0528829 -0.998601 0
    outer loop
      vertex 7.86639 7.66846 4
      vertex 8.15587 7.68379 5.2
      vertex 7.86639 7.66846 5.2
    endloop
  endfacet
  facet normal 0.0528829 -0.998601 0
    outer loop
      vertex 8.15587 7.68379 5.2
      vertex 7.86639 7.66846 4
      vertex 8.15587 7.68379 4
    endloop
  endfacet
  facet normal -0.0540062 -0.998541 0
    outer loop
      vertex 8.15587 7.68379 4
      vertex 8.44301 7.66826 5.2
      vertex 8.15587 7.68379 5.2
    endloop
  endfacet
  facet normal -0.0540062 -0.998541 -0
    outer loop
      vertex 8.44301 7.66826 5.2
      vertex 8.15587 7.68379 4
      vertex 8.44301 7.66826 4
    endloop
  endfacet
  facet normal -0.173522 -0.98483 0
    outer loop
      vertex 8.44301 7.66826 4
      vertex 8.70766 7.62163 5.2
      vertex 8.44301 7.66826 5.2
    endloop
  endfacet
  facet normal -0.173522 -0.98483 -0
    outer loop
      vertex 8.70766 7.62163 5.2
      vertex 8.44301 7.66826 4
      vertex 8.70766 7.62163 4
    endloop
  endfacet
  facet normal -0.305509 -0.952189 0
    outer loop
      vertex 8.70766 7.62163 4
      vertex 8.94983 7.54393 5.2
      vertex 8.70766 7.62163 5.2
    endloop
  endfacet
  facet normal -0.305509 -0.952189 -0
    outer loop
      vertex 8.94983 7.54393 5.2
      vertex 8.70766 7.62163 4
      vertex 8.94983 7.54393 4
    endloop
  endfacet
  facet normal -0.443751 -0.89615 0
    outer loop
      vertex 8.94983 7.54393 4
      vertex 9.16951 7.43515 5.2
      vertex 8.94983 7.54393 5.2
    endloop
  endfacet
  facet normal -0.443751 -0.89615 -0
    outer loop
      vertex 9.16951 7.43515 5.2
      vertex 8.94983 7.54393 4
      vertex 9.16951 7.43515 4
    endloop
  endfacet
  facet normal -0.578504 -0.81568 0
    outer loop
      vertex 9.16951 7.43515 4
      vertex 9.36671 7.29529 5.2
      vertex 9.16951 7.43515 5.2
    endloop
  endfacet
  facet normal -0.578504 -0.81568 -0
    outer loop
      vertex 9.36671 7.29529 5.2
      vertex 9.16951 7.43515 4
      vertex 9.36671 7.29529 4
    endloop
  endfacet
  facet normal -0.699374 -0.714756 0
    outer loop
      vertex 9.36671 7.29529 4
      vertex 9.54143 7.12433 5.2
      vertex 9.36671 7.29529 5.2
    endloop
  endfacet
  facet normal -0.699374 -0.714756 -0
    outer loop
      vertex 9.54143 7.12433 5.2
      vertex 9.36671 7.29529 4
      vertex 9.54143 7.12433 4
    endloop
  endfacet
  facet normal -0.797647 -0.603125 0
    outer loop
      vertex 9.69128 6.92615 4
      vertex 9.54143 7.12433 5.2
      vertex 9.54143 7.12433 4
    endloop
  endfacet
  facet normal -0.797647 -0.603125 0
    outer loop
      vertex 9.54143 7.12433 5.2
      vertex 9.69128 6.92615 4
      vertex 9.69128 6.92615 5.2
    endloop
  endfacet
  facet normal -0.875005 -0.484113 0
    outer loop
      vertex 9.81389 6.70454 4
      vertex 9.69128 6.92615 5.2
      vertex 9.69128 6.92615 4
    endloop
  endfacet
  facet normal -0.875005 -0.484113 0
    outer loop
      vertex 9.69128 6.92615 5.2
      vertex 9.81389 6.70454 4
      vertex 9.81389 6.70454 5.2
    endloop
  endfacet
  facet normal -0.931896 -0.362725 0
    outer loop
      vertex 9.90926 6.45952 4
      vertex 9.81389 6.70454 5.2
      vertex 9.81389 6.70454 4
    endloop
  endfacet
  facet normal -0.931896 -0.362725 0
    outer loop
      vertex 9.81389 6.70454 5.2
      vertex 9.90926 6.45952 4
      vertex 9.90926 6.45952 5.2
    endloop
  endfacet
  facet normal -0.969283 -0.24595 0
    outer loop
      vertex 9.97737 6.1911 4
      vertex 9.90926 6.45952 5.2
      vertex 9.90926 6.45952 4
    endloop
  endfacet
  facet normal -0.969283 -0.24595 0
    outer loop
      vertex 9.90926 6.45952 5.2
      vertex 9.97737 6.1911 4
      vertex 9.97737 6.1911 5.2
    endloop
  endfacet
  facet normal -0.990355 -0.138556 0
    outer loop
      vertex 10.0182 5.89926 4
      vertex 9.97737 6.1911 5.2
      vertex 9.97737 6.1911 4
    endloop
  endfacet
  facet normal -0.990355 -0.138556 0
    outer loop
      vertex 9.97737 6.1911 5.2
      vertex 10.0182 5.89926 4
      vertex 10.0182 5.89926 5.2
    endloop
  endfacet
  facet normal -0.999057 -0.0434152 0
    outer loop
      vertex 10.0319 5.584 4
      vertex 10.0182 5.89926 5.2
      vertex 10.0182 5.89926 4
    endloop
  endfacet
  facet normal -0.999057 -0.0434152 0
    outer loop
      vertex 10.0182 5.89926 5.2
      vertex 10.0319 5.584 4
      vertex 10.0319 5.584 5.2
    endloop
  endfacet
  facet normal -0.999147 0.0413046 0
    outer loop
      vertex 10.0183 5.25502 4
      vertex 10.0319 5.584 5.2
      vertex 10.0319 5.584 4
    endloop
  endfacet
  facet normal -0.999147 0.0413046 0
    outer loop
      vertex 10.0319 5.584 5.2
      vertex 10.0183 5.25502 4
      vertex 10.0183 5.25502 5.2
    endloop
  endfacet
  facet normal -0.991188 0.132459 0
    outer loop
      vertex 9.97778 4.95181 4
      vertex 10.0183 5.25502 5.2
      vertex 10.0183 5.25502 4
    endloop
  endfacet
  facet normal -0.991188 0.132459 0
    outer loop
      vertex 10.0183 5.25502 5.2
      vertex 9.97778 4.95181 4
      vertex 9.97778 4.95181 5.2
    endloop
  endfacet
  facet normal -0.971557 0.236804 0
    outer loop
      vertex 9.91017 4.67442 4
      vertex 9.97778 4.95181 5.2
      vertex 9.97778 4.95181 4
    endloop
  endfacet
  facet normal -0.971557 0.236804 0
    outer loop
      vertex 9.97778 4.95181 5.2
      vertex 9.91017 4.67442 4
      vertex 9.91017 4.67442 5.2
    endloop
  endfacet
  facet normal -0.935991 0.352024 0
    outer loop
      vertex 9.81554 4.42281 4
      vertex 9.91017 4.67442 5.2
      vertex 9.91017 4.67442 4
    endloop
  endfacet
  facet normal -0.935991 0.352024 0
    outer loop
      vertex 9.91017 4.67442 5.2
      vertex 9.81554 4.42281 4
      vertex 9.81554 4.42281 5.2
    endloop
  endfacet
  facet normal -0.8803 0.474418 0
    outer loop
      vertex 9.69385 4.19701 4
      vertex 9.81554 4.42281 5.2
      vertex 9.81554 4.42281 4
    endloop
  endfacet
  facet normal -0.8803 0.474418 0
    outer loop
      vertex 9.81554 4.42281 5.2
      vertex 9.69385 4.19701 4
      vertex 9.69385 4.19701 5.2
    endloop
  endfacet
  facet normal -0.802468 0.596695 0
    outer loop
      vertex 9.54512 3.99699 4
      vertex 9.69385 4.19701 5.2
      vertex 9.69385 4.19701 4
    endloop
  endfacet
  facet normal -0.802468 0.596695 0
    outer loop
      vertex 9.69385 4.19701 5.2
      vertex 9.54512 3.99699 4
      vertex 9.54512 3.99699 5.2
    endloop
  endfacet
  facet normal -0.701951 0.712225 0
    outer loop
      vertex 9.54512 3.99699 4
      vertex 9.37112 3.8255 5.2
      vertex 9.54512 3.99699 5.2
    endloop
  endfacet
  facet normal -0.701951 0.712225 0
    outer loop
      vertex 9.37112 3.8255 5.2
      vertex 9.54512 3.99699 4
      vertex 9.37112 3.8255 4
    endloop
  endfacet
  facet normal -0.579163 0.815212 0
    outer loop
      vertex 9.37112 3.8255 4
      vertex 9.17361 3.68518 5.2
      vertex 9.37112 3.8255 5.2
    endloop
  endfacet
  facet normal -0.579163 0.815212 0
    outer loop
      vertex 9.17361 3.68518 5.2
      vertex 9.37112 3.8255 4
      vertex 9.17361 3.68518 4
    endloop
  endfacet
  facet normal -0.442794 0.896623 0
    outer loop
      vertex 9.17361 3.68518 4
      vertex 8.95259 3.57603 5.2
      vertex 9.17361 3.68518 5.2
    endloop
  endfacet
  facet normal -0.442794 0.896623 0
    outer loop
      vertex 8.95259 3.57603 5.2
      vertex 9.17361 3.68518 4
      vertex 8.95259 3.57603 4
    endloop
  endfacet
  facet normal -0.303694 0.95277 0
    outer loop
      vertex 8.95259 3.57603 4
      vertex 8.70804 3.49808 5.2
      vertex 8.95259 3.57603 5.2
    endloop
  endfacet
  facet normal -0.303694 0.95277 0
    outer loop
      vertex 8.70804 3.49808 5.2
      vertex 8.95259 3.57603 4
      vertex 8.70804 3.49808 4
    endloop
  endfacet
  facet normal -0.171873 0.985119 0
    outer loop
      vertex 8.70804 3.49808 4
      vertex 8.43997 3.45131 5.2
      vertex 8.70804 3.49808 5.2
    endloop
  endfacet
  facet normal -0.171873 0.985119 0
    outer loop
      vertex 8.43997 3.45131 5.2
      vertex 8.70804 3.49808 4
      vertex 8.43997 3.45131 4
    endloop
  endfacet
  facet normal -0.0534252 0.998572 0
    outer loop
      vertex 8.43997 3.45131 4
      vertex 8.14839 3.43571 5.2
      vertex 8.43997 3.45131 5.2
    endloop
  endfacet
  facet normal -0.0534252 0.998572 0
    outer loop
      vertex 8.14839 3.43571 5.2
      vertex 8.43997 3.45131 4
      vertex 8.14839 3.43571 4
    endloop
  endfacet
  facet normal 0.0566833 0.998392 -0
    outer loop
      vertex 8.14839 3.43571 4
      vertex 7.86446 3.45183 5.2
      vertex 8.14839 3.43571 5.2
    endloop
  endfacet
  facet normal 0.0566833 0.998392 0
    outer loop
      vertex 7.86446 3.45183 5.2
      vertex 8.14839 3.43571 4
      vertex 7.86446 3.45183 4
    endloop
  endfacet
  facet normal 0.0849792 -0.996383 0
    outer loop
      vertex 14.2514 2.86409 4
      vertex 14.4791 2.88351 5.2
      vertex 14.2514 2.86409 5.2
    endloop
  endfacet
  facet normal 0.0849792 -0.996383 0
    outer loop
      vertex 14.4791 2.88351 5.2
      vertex 14.2514 2.86409 4
      vertex 14.4791 2.88351 4
    endloop
  endfacet
  facet normal 0.144392 -0.989521 0
    outer loop
      vertex 14.4791 2.88351 4
      vertex 14.701 2.91589 5.2
      vertex 14.4791 2.88351 5.2
    endloop
  endfacet
  facet normal 0.144392 -0.989521 0
    outer loop
      vertex 14.701 2.91589 5.2
      vertex 14.4791 2.88351 4
      vertex 14.701 2.91589 4
    endloop
  endfacet
  facet normal 0.205071 -0.978747 0
    outer loop
      vertex 14.701 2.91589 4
      vertex 14.9173 2.96121 5.2
      vertex 14.701 2.91589 5.2
    endloop
  endfacet
  facet normal 0.205071 -0.978747 0
    outer loop
      vertex 14.9173 2.96121 5.2
      vertex 14.701 2.91589 4
      vertex 14.9173 2.96121 4
    endloop
  endfacet
  facet normal 0.266709 -0.963777 0
    outer loop
      vertex 14.9173 2.96121 4
      vertex 15.1279 3.01949 5.2
      vertex 14.9173 2.96121 5.2
    endloop
  endfacet
  facet normal 0.266709 -0.963777 0
    outer loop
      vertex 15.1279 3.01949 5.2
      vertex 14.9173 2.96121 4
      vertex 15.1279 3.01949 4
    endloop
  endfacet
  facet normal 0.328419 -0.944532 0
    outer loop
      vertex 15.1279 3.01949 4
      vertex 15.3327 3.0907 5.2
      vertex 15.1279 3.01949 5.2
    endloop
  endfacet
  facet normal 0.328419 -0.944532 0
    outer loop
      vertex 15.3327 3.0907 5.2
      vertex 15.1279 3.01949 4
      vertex 15.3327 3.0907 4
    endloop
  endfacet
  facet normal 0.38876 -0.921339 0
    outer loop
      vertex 15.3327 3.0907 4
      vertex 15.5295 3.17374 5.2
      vertex 15.3327 3.0907 5.2
    endloop
  endfacet
  facet normal 0.38876 -0.921339 0
    outer loop
      vertex 15.5295 3.17374 5.2
      vertex 15.3327 3.0907 4
      vertex 15.5295 3.17374 4
    endloop
  endfacet
  facet normal 0.44913 -0.893466 0
    outer loop
      vertex 15.5295 3.17374 4
      vertex 15.7159 3.26744 5.2
      vertex 15.5295 3.17374 5.2
    endloop
  endfacet
  facet normal 0.44913 -0.893466 0
    outer loop
      vertex 15.7159 3.26744 5.2
      vertex 15.5295 3.17374 4
      vertex 15.7159 3.26744 4
    endloop
  endfacet
  facet normal 0.51057 -0.859836 0
    outer loop
      vertex 15.7159 3.26744 4
      vertex 15.8917 3.37183 5.2
      vertex 15.7159 3.26744 5.2
    endloop
  endfacet
  facet normal 0.51057 -0.859836 0
    outer loop
      vertex 15.8917 3.37183 5.2
      vertex 15.7159 3.26744 4
      vertex 15.8917 3.37183 4
    endloop
  endfacet
  facet normal 0.571028 -0.82093 0
    outer loop
      vertex 15.8917 3.37183 4
      vertex 16.0571 3.48688 5.2
      vertex 15.8917 3.37183 5.2
    endloop
  endfacet
  facet normal 0.571028 -0.82093 0
    outer loop
      vertex 16.0571 3.48688 5.2
      vertex 15.8917 3.37183 4
      vertex 16.0571 3.48688 4
    endloop
  endfacet
  facet normal 0.629906 -0.776672 0
    outer loop
      vertex 16.0571 3.48688 4
      vertex 16.2121 3.61259 5.2
      vertex 16.0571 3.48688 5.2
    endloop
  endfacet
  facet normal 0.629906 -0.776672 0
    outer loop
      vertex 16.2121 3.61259 5.2
      vertex 16.0571 3.48688 4
      vertex 16.2121 3.61259 4
    endloop
  endfacet
  facet normal 0.686683 -0.726957 0
    outer loop
      vertex 16.2121 3.61259 4
      vertex 16.3565 3.74899 5.2
      vertex 16.2121 3.61259 5.2
    endloop
  endfacet
  facet normal 0.686683 -0.726957 0
    outer loop
      vertex 16.3565 3.74899 5.2
      vertex 16.2121 3.61259 4
      vertex 16.3565 3.74899 4
    endloop
  endfacet
  facet normal 1 -0 0
    outer loop
      vertex 16.3565 3.74899 5.2
      vertex 16.3565 5.56161 4
      vertex 16.3565 5.56161 5.2
    endloop
  endfacet
  facet normal 1 0 0
    outer loop
      vertex 16.3565 5.56161 4
      vertex 16.3565 3.74899 5.2
      vertex 16.3565 3.74899 4
    endloop
  endfacet
  facet normal 0 1 -0
    outer loop
      vertex 16.3565 5.56161 4
      vertex 14.1299 5.56161 5.2
      vertex 16.3565 5.56161 5.2
    endloop
  endfacet
  facet normal 0 1 0
    outer loop
      vertex 14.1299 5.56161 5.2
      vertex 16.3565 5.56161 4
      vertex 14.1299 5.56161 4
    endloop
  endfacet
  facet normal -1 0 0
    outer loop
      vertex 14.1299 4.96489 4
      vertex 14.1299 5.56161 5.2
      vertex 14.1299 5.56161 4
    endloop
  endfacet
  facet normal -1 -0 0
    outer loop
      vertex 14.1299 5.56161 5.2
      vertex 14.1299 4.96489 4
      vertex 14.1299 4.96489 5.2
    endloop
  endfacet
  facet normal 0 -1 0
    outer loop
      vertex 14.1299 4.96489 4
      vertex 15.7001 4.96489 5.2
      vertex 14.1299 4.96489 5.2
    endloop
  endfacet
  facet normal 0 -1 -0
    outer loop
      vertex 15.7001 4.96489 5.2
      vertex 14.1299 4.96489 4
      vertex 15.7001 4.96489 4
    endloop
  endfacet
  facet normal -1 0 0
    outer loop
      vertex 15.7001 4.01752 4
      vertex 15.7001 4.96489 5.2
      vertex 15.7001 4.96489 4
    endloop
  endfacet
  facet normal -1 -0 0
    outer loop
      vertex 15.7001 4.96489 5.2
      vertex 15.7001 4.01752 4
      vertex 15.7001 4.01752 5.2
    endloop
  endfacet
  facet normal -0.666276 0.745705 0
    outer loop
      vertex 15.7001 4.01752 4
      vertex 15.6034 3.93112 5.2
      vertex 15.7001 4.01752 5.2
    endloop
  endfacet
  facet normal -0.666276 0.745705 0
    outer loop
      vertex 15.6034 3.93112 5.2
      vertex 15.7001 4.01752 4
      vertex 15.6034 3.93112 4
    endloop
  endfacet
  facet normal -0.602908 0.797811 0
    outer loop
      vertex 15.6034 3.93112 4
      vertex 15.4973 3.85094 5.2
      vertex 15.6034 3.93112 5.2
    endloop
  endfacet
  facet normal -0.602908 0.797811 0
    outer loop
      vertex 15.4973 3.85094 5.2
      vertex 15.6034 3.93112 4
      vertex 15.4973 3.85094 4
    endloop
  endfacet
  facet normal -0.539033 0.842285 0
    outer loop
      vertex 15.4973 3.85094 4
      vertex 15.3817 3.77696 5.2
      vertex 15.4973 3.85094 5.2
    endloop
  endfacet
  facet normal -0.539033 0.842285 0
    outer loop
      vertex 15.3817 3.77696 5.2
      vertex 15.4973 3.85094 4
      vertex 15.3817 3.77696 4
    endloop
  endfacet
  facet normal -0.47651 0.879169 0
    outer loop
      vertex 15.3817 3.77696 4
      vertex 15.2567 3.70921 5.2
      vertex 15.3817 3.77696 5.2
    endloop
  endfacet
  facet normal -0.47651 0.879169 0
    outer loop
      vertex 15.2567 3.70921 5.2
      vertex 15.3817 3.77696 4
      vertex 15.2567 3.70921 4
    endloop
  endfacet
  facet normal -0.416319 0.909219 0
    outer loop
      vertex 15.2567 3.70921 4
      vertex 15.1223 3.64767 5.2
      vertex 15.2567 3.70921 5.2
    endloop
  endfacet
  facet normal -0.416319 0.909219 0
    outer loop
      vertex 15.1223 3.64767 5.2
      vertex 15.2567 3.70921 4
      vertex 15.1223 3.64767 4
    endloop
  endfacet
  facet normal -0.358775 0.933424 0
    outer loop
      vertex 15.1223 3.64767 4
      vertex 14.9784 3.59236 5.2
      vertex 15.1223 3.64767 5.2
    endloop
  endfacet
  facet normal -0.358775 0.933424 0
    outer loop
      vertex 14.9784 3.59236 5.2
      vertex 15.1223 3.64767 4
      vertex 14.9784 3.59236 4
    endloop
  endfacet
  facet normal -0.30311 0.952956 0
    outer loop
      vertex 14.9784 3.59236 4
      vertex 14.8279 3.54449 5.2
      vertex 14.9784 3.59236 5.2
    endloop
  endfacet
  facet normal -0.30311 0.952956 0
    outer loop
      vertex 14.8279 3.54449 5.2
      vertex 14.9784 3.59236 4
      vertex 14.8279 3.54449 4
    endloop
  endfacet
  facet normal -0.245934 0.969287 0
    outer loop
      vertex 14.8279 3.54449 4
      vertex 14.6736 3.50534 5.2
      vertex 14.8279 3.54449 5.2
    endloop
  endfacet
  facet normal -0.245934 0.969287 0
    outer loop
      vertex 14.6736 3.50534 5.2
      vertex 14.8279 3.54449 4
      vertex 14.6736 3.50534 4
    endloop
  endfacet
  facet normal -0.189184 0.981942 0
    outer loop
      vertex 14.6736 3.50534 4
      vertex 14.5155 3.47488 5.2
      vertex 14.6736 3.50534 5.2
    endloop
  endfacet
  facet normal -0.189184 0.981942 0
    outer loop
      vertex 14.5155 3.47488 5.2
      vertex 14.6736 3.50534 4
      vertex 14.5155 3.47488 4
    endloop
  endfacet
  facet normal -0.133125 0.991099 0
    outer loop
      vertex 14.5155 3.47488 4
      vertex 14.3535 3.45312 5.2
      vertex 14.5155 3.47488 5.2
    endloop
  endfacet
  facet normal -0.133125 0.991099 0
    outer loop
      vertex 14.3535 3.45312 5.2
      vertex 14.5155 3.47488 4
      vertex 14.3535 3.45312 4
    endloop
  endfacet
  facet normal -0.0784068 0.996921 0
    outer loop
      vertex 14.3535 3.45312 4
      vertex 14.1877 3.44008 5.2
      vertex 14.3535 3.45312 5.2
    endloop
  endfacet
  facet normal -0.0784068 0.996921 0
    outer loop
      vertex 14.1877 3.44008 5.2
      vertex 14.3535 3.45312 4
      vertex 14.1877 3.44008 4
    endloop
  endfacet
  facet normal -0.025758 0.999668 0
    outer loop
      vertex 14.1877 3.44008 4
      vertex 14.0181 3.43571 5.2
      vertex 14.1877 3.44008 5.2
    endloop
  endfacet
  facet normal -0.025758 0.999668 0
    outer loop
      vertex 14.0181 3.43571 5.2
      vertex 14.1877 3.44008 4
      vertex 14.0181 3.43571 4
    endloop
  endfacet
  facet normal 0.055123 0.99848 -0
    outer loop
      vertex 14.0181 3.43571 4
      vertex 13.7281 3.45172 5.2
      vertex 14.0181 3.43571 5.2
    endloop
  endfacet
  facet normal 0.055123 0.99848 0
    outer loop
      vertex 13.7281 3.45172 5.2
      vertex 14.0181 3.43571 4
      vertex 13.7281 3.45172 4
    endloop
  endfacet
  facet normal 0.176179 0.984358 -0
    outer loop
      vertex 13.7281 3.45172 4
      vertex 13.4598 3.49974 5.2
      vertex 13.7281 3.45172 5.2
    endloop
  endfacet
  facet normal 0.176179 0.984358 0
    outer loop
      vertex 13.4598 3.49974 5.2
      vertex 13.7281 3.45172 4
      vertex 13.4598 3.49974 4
    endloop
  endfacet
  facet normal 0.308798 0.951128 -0
    outer loop
      vertex 13.4598 3.49974 4
      vertex 13.2133 3.57977 5.2
      vertex 13.4598 3.49974 5.2
    endloop
  endfacet
  facet normal 0.308798 0.951128 0
    outer loop
      vertex 13.2133 3.57977 5.2
      vertex 13.4598 3.49974 4
      vertex 13.2133 3.57977 4
    endloop
  endfacet
  facet normal 0.446258 0.894905 -0
    outer loop
      vertex 13.2133 3.57977 4
      vertex 12.9886 3.69182 5.2
      vertex 13.2133 3.57977 5.2
    endloop
  endfacet
  facet normal 0.446258 0.894905 0
    outer loop
      vertex 12.9886 3.69182 5.2
      vertex 13.2133 3.57977 4
      vertex 12.9886 3.69182 4
    endloop
  endfacet
  facet normal 0.578735 0.815516 -0
    outer loop
      vertex 12.9886 3.69182 4
      vertex 12.7856 3.83588 5.2
      vertex 12.9886 3.69182 5.2
    endloop
  endfacet
  facet normal 0.578735 0.815516 0
    outer loop
      vertex 12.7856 3.83588 5.2
      vertex 12.9886 3.69182 4
      vertex 12.7856 3.83588 4
    endloop
  endfacet
  facet normal 0.696882 0.717186 -0
    outer loop
      vertex 12.7856 3.83588 4
      vertex 12.6044 4.01195 5.2
      vertex 12.7856 3.83588 5.2
    endloop
  endfacet
  facet normal 0.696882 0.717186 0
    outer loop
      vertex 12.6044 4.01195 5.2
      vertex 12.7856 3.83588 4
      vertex 12.6044 4.01195 4
    endloop
  endfacet
  facet normal 0.793781 0.608203 0
    outer loop
      vertex 12.6044 4.01195 5.2
      vertex 12.4483 4.21568 4
      vertex 12.4483 4.21568 5.2
    endloop
  endfacet
  facet normal 0.793781 0.608203 0
    outer loop
      vertex 12.4483 4.21568 4
      vertex 12.6044 4.01195 5.2
      vertex 12.6044 4.01195 4
    endloop
  endfacet
  facet normal 0.871601 0.490216 0
    outer loop
      vertex 12.4483 4.21568 5.2
      vertex 12.3206 4.44273 4
      vertex 12.3206 4.44273 5.2
    endloop
  endfacet
  facet normal 0.871601 0.490216 0
    outer loop
      vertex 12.3206 4.44273 4
      vertex 12.4483 4.21568 5.2
      vertex 12.4483 4.21568 4
    endloop
  endfacet
  facet normal 0.929421 0.369021 0
    outer loop
      vertex 12.3206 4.44273 5.2
      vertex 12.2212 4.69308 4
      vertex 12.2212 4.69308 5.2
    endloop
  endfacet
  facet normal 0.929421 0.369021 0
    outer loop
      vertex 12.2212 4.69308 4
      vertex 12.3206 4.44273 5.2
      vertex 12.3206 4.44273 4
    endloop
  endfacet
  facet normal 0.968041 0.250792 0
    outer loop
      vertex 12.2212 4.69308 5.2
      vertex 12.1503 4.96675 4
      vertex 12.1503 4.96675 5.2
    endloop
  endfacet
  facet normal 0.968041 0.250792 0
    outer loop
      vertex 12.1503 4.96675 4
      vertex 12.2212 4.69308 5.2
      vertex 12.2212 4.69308 4
    endloop
  endfacet
  facet normal 0.989868 0.141991 0
    outer loop
      vertex 12.1503 4.96675 5.2
      vertex 12.1077 5.26373 4
      vertex 12.1077 5.26373 5.2
    endloop
  endfacet
  facet normal 0.989868 0.141991 0
    outer loop
      vertex 12.1077 5.26373 4
      vertex 12.1503 4.96675 5.2
      vertex 12.1503 4.96675 4
    endloop
  endfacet
  facet normal 0.999019 0.0442941 0
    outer loop
      vertex 12.1077 5.26373 5.2
      vertex 12.0935 5.584 4
      vertex 12.0935 5.584 5.2
    endloop
  endfacet
  facet normal 0.999019 0.0442941 0
    outer loop
      vertex 12.0935 5.584 4
      vertex 12.1077 5.26373 5.2
      vertex 12.1077 5.26373 4
    endloop
  endfacet
  facet normal 0.999128 -0.0417485 0
    outer loop
      vertex 12.0935 5.584 5.2
      vertex 12.1069 5.90469 4
      vertex 12.1069 5.90469 5.2
    endloop
  endfacet
  facet normal 0.999128 -0.0417485 0
    outer loop
      vertex 12.1069 5.90469 4
      vertex 12.0935 5.584 5.2
      vertex 12.0935 5.584 4
    endloop
  endfacet
  facet normal 0.990976 -0.134042 0
    outer loop
      vertex 12.1069 5.90469 5.2
      vertex 12.1469 6.20041 4
      vertex 12.1469 6.20041 5.2
    endloop
  endfacet
  facet normal 0.990976 -0.134042 0
    outer loop
      vertex 12.1469 6.20041 4
      vertex 12.1069 5.90469 5.2
      vertex 12.1069 5.90469 4
    endloop
  endfacet
  facet normal 0.970807 -0.23986 0
    outer loop
      vertex 12.1469 6.20041 5.2
      vertex 12.2138 6.47118 4
      vertex 12.2138 6.47118 5.2
    endloop
  endfacet
  facet normal 0.970807 -0.23986 0
    outer loop
      vertex 12.2138 6.47118 4
      vertex 12.1469 6.20041 5.2
      vertex 12.1469 6.20041 4
    endloop
  endfacet
  facet normal 0.934648 -0.355575 0
    outer loop
      vertex 12.2138 6.47118 5.2
      vertex 12.3073 6.71695 4
      vertex 12.3073 6.71695 5.2
    endloop
  endfacet
  facet normal 0.934648 -0.355575 0
    outer loop
      vertex 12.3073 6.71695 4
      vertex 12.2138 6.47118 5.2
      vertex 12.2138 6.47118 4
    endloop
  endfacet
  facet normal 0.878142 -0.478401 0
    outer loop
      vertex 12.3073 6.71695 5.2
      vertex 12.4276 6.93777 4
      vertex 12.4276 6.93777 5.2
    endloop
  endfacet
  facet normal 0.878142 -0.478401 0
    outer loop
      vertex 12.4276 6.93777 4
      vertex 12.3073 6.71695 5.2
      vertex 12.3073 6.71695 4
    endloop
  endfacet
  facet normal 0.799809 -0.600255 0
    outer loop
      vertex 12.4276 6.93777 5.2
      vertex 12.5746 7.13364 4
      vertex 12.5746 7.13364 5.2
    endloop
  endfacet
  facet normal 0.799809 -0.600255 0
    outer loop
      vertex 12.5746 7.13364 4
      vertex 12.4276 6.93777 5.2
      vertex 12.4276 6.93777 4
    endloop
  endfacet
  facet normal 0.698329 -0.715777 0
    outer loop
      vertex 12.5746 7.13364 4
      vertex 12.7469 7.30174 5.2
      vertex 12.5746 7.13364 5.2
    endloop
  endfacet
  facet normal 0.698329 -0.715777 0
    outer loop
      vertex 12.7469 7.30174 5.2
      vertex 12.5746 7.13364 4
      vertex 12.7469 7.30174 4
    endloop
  endfacet
  facet normal 0.574191 -0.818722 0
    outer loop
      vertex 12.7469 7.30174 4
      vertex 12.943 7.43927 5.2
      vertex 12.7469 7.30174 5.2
    endloop
  endfacet
  facet normal 0.574191 -0.818722 0
    outer loop
      vertex 12.943 7.43927 5.2
      vertex 12.7469 7.30174 4
      vertex 12.943 7.43927 4
    endloop
  endfacet
  facet normal 0.43731 -0.899311 0
    outer loop
      vertex 12.943 7.43927 4
      vertex 13.163 7.54625 5.2
      vertex 12.943 7.43927 5.2
    endloop
  endfacet
  facet normal 0.43731 -0.899311 0
    outer loop
      vertex 13.163 7.54625 5.2
      vertex 12.943 7.43927 4
      vertex 13.163 7.54625 4
    endloop
  endfacet
  facet normal 0.299104 -0.954221 0
    outer loop
      vertex 13.163 7.54625 4
      vertex 13.4068 7.62267 5.2
      vertex 13.163 7.54625 5.2
    endloop
  endfacet
  facet normal 0.299104 -0.954221 0
    outer loop
      vertex 13.4068 7.62267 5.2
      vertex 13.163 7.54625 4
      vertex 13.4068 7.62267 4
    endloop
  endfacet
  facet normal 0.168877 -0.985637 0
    outer loop
      vertex 13.4068 7.62267 4
      vertex 13.6744 7.66852 5.2
      vertex 13.4068 7.62267 5.2
    endloop
  endfacet
  facet normal 0.168877 -0.985637 0
    outer loop
      vertex 13.6744 7.66852 5.2
      vertex 13.4068 7.62267 4
      vertex 13.6744 7.66852 4
    endloop
  endfacet
  facet normal 0.0523304 -0.99863 0
    outer loop
      vertex 13.6744 7.66852 4
      vertex 13.9658 7.68379 5.2
      vertex 13.6744 7.66852 5.2
    endloop
  endfacet
  facet normal 0.0523304 -0.99863 0
    outer loop
      vertex 13.9658 7.68379 5.2
      vertex 13.6744 7.66852 4
      vertex 13.9658 7.68379 4
    endloop
  endfacet
  facet normal -0.0299497 -0.999551 0
    outer loop
      vertex 13.9658 7.68379 4
      vertex 14.1557 7.6781 5.2
      vertex 13.9658 7.68379 5.2
    endloop
  endfacet
  facet normal -0.0299497 -0.999551 -0
    outer loop
      vertex 14.1557 7.6781 5.2
      vertex 13.9658 7.68379 4
      vertex 14.1557 7.6781 4
    endloop
  endfacet
  facet normal -0.0950452 -0.995473 0
    outer loop
      vertex 14.1557 7.6781 4
      vertex 14.3348 7.661 5.2
      vertex 14.1557 7.6781 5.2
    endloop
  endfacet
  facet normal -0.0950452 -0.995473 -0
    outer loop
      vertex 14.3348 7.661 5.2
      vertex 14.1557 7.6781 4
      vertex 14.3348 7.661 4
    endloop
  endfacet
  facet normal -0.166618 -0.986022 0
    outer loop
      vertex 14.3348 7.661 4
      vertex 14.5034 7.63251 5.2
      vertex 14.3348 7.661 5.2
    endloop
  endfacet
  facet normal -0.166618 -0.986022 -0
    outer loop
      vertex 14.5034 7.63251 5.2
      vertex 14.3348 7.661 4
      vertex 14.5034 7.63251 4
    endloop
  endfacet
  facet normal -0.245079 -0.969503 0
    outer loop
      vertex 14.5034 7.63251 4
      vertex 14.6612 7.59262 5.2
      vertex 14.5034 7.63251 5.2
    endloop
  endfacet
  facet normal -0.245079 -0.969503 -0
    outer loop
      vertex 14.6612 7.59262 5.2
      vertex 14.5034 7.63251 4
      vertex 14.6612 7.59262 4
    endloop
  endfacet
  facet normal -0.328978 -0.944337 0
    outer loop
      vertex 14.6612 7.59262 4
      vertex 14.8084 7.54134 5.2
      vertex 14.6612 7.59262 5.2
    endloop
  endfacet
  facet normal -0.328978 -0.944337 -0
    outer loop
      vertex 14.8084 7.54134 5.2
      vertex 14.6612 7.59262 4
      vertex 14.8084 7.54134 4
    endloop
  endfacet
  facet normal -0.417411 -0.908718 0
    outer loop
      vertex 14.8084 7.54134 4
      vertex 14.9449 7.47864 5.2
      vertex 14.8084 7.54134 5.2
    endloop
  endfacet
  facet normal -0.417411 -0.908718 -0
    outer loop
      vertex 14.9449 7.47864 5.2
      vertex 14.8084 7.54134 4
      vertex 14.9449 7.47864 4
    endloop
  endfacet
  facet normal -0.51074 -0.859735 0
    outer loop
      vertex 14.9449 7.47864 4
      vertex 15.0713 7.40355 5.2
      vertex 14.9449 7.47864 5.2
    endloop
  endfacet
  facet normal -0.51074 -0.859735 -0
    outer loop
      vertex 15.0713 7.40355 5.2
      vertex 14.9449 7.47864 4
      vertex 15.0713 7.40355 4
    endloop
  endfacet
  facet normal -0.603614 -0.797277 0
    outer loop
      vertex 15.0713 7.40355 4
      vertex 15.1883 7.31497 5.2
      vertex 15.0713 7.40355 5.2
    endloop
  endfacet
  facet normal -0.603614 -0.797277 -0
    outer loop
      vertex 15.1883 7.31497 5.2
      vertex 15.0713 7.40355 4
      vertex 15.1883 7.31497 4
    endloop
  endfacet
  facet normal -0.688147 -0.725572 0
    outer loop
      vertex 15.1883 7.31497 4
      vertex 15.2959 7.21292 5.2
      vertex 15.1883 7.31497 5.2
    endloop
  endfacet
  facet normal -0.688147 -0.725572 -0
    outer loop
      vertex 15.2959 7.21292 5.2
      vertex 15.1883 7.31497 4
      vertex 15.2959 7.21292 4
    endloop
  endfacet
  facet normal -0.761886 -0.647712 0
    outer loop
      vertex 15.3941 7.09741 4
      vertex 15.2959 7.21292 5.2
      vertex 15.2959 7.21292 4
    endloop
  endfacet
  facet normal -0.761886 -0.647712 0
    outer loop
      vertex 15.2959 7.21292 5.2
      vertex 15.3941 7.09741 4
      vertex 15.3941 7.09741 5.2
    endloop
  endfacet
  facet normal -0.824005 -0.566583 0
    outer loop
      vertex 15.4828 6.96841 4
      vertex 15.3941 7.09741 5.2
      vertex 15.3941 7.09741 4
    endloop
  endfacet
  facet normal -0.824005 -0.566583 0
    outer loop
      vertex 15.3941 7.09741 5.2
      vertex 15.4828 6.96841 4
      vertex 15.4828 6.96841 5.2
    endloop
  endfacet
  facet normal -0.873737 -0.486398 0
    outer loop
      vertex 15.5621 6.82596 4
      vertex 15.4828 6.96841 5.2
      vertex 15.4828 6.96841 4
    endloop
  endfacet
  facet normal -0.873737 -0.486398 0
    outer loop
      vertex 15.4828 6.96841 5.2
      vertex 15.5621 6.82596 4
      vertex 15.5621 6.82596 5.2
    endloop
  endfacet
  facet normal 0.284457 -0.958689 0
    outer loop
      vertex 15.5621 6.82596 4
      vertex 16.2409 7.02737 5.2
      vertex 15.5621 6.82596 5.2
    endloop
  endfacet
  facet normal 0.284457 -0.958689 0
    outer loop
      vertex 16.2409 7.02737 5.2
      vertex 15.5621 6.82596 4
      vertex 16.2409 7.02737 4
    endloop
  endfacet
  facet normal 0.891202 0.453607 0
    outer loop
      vertex 16.2409 7.02737 5.2
      vertex 16.1358 7.23386 4
      vertex 16.1358 7.23386 5.2
    endloop
  endfacet
  facet normal 0.891202 0.453607 0
    outer loop
      vertex 16.1358 7.23386 4
      vertex 16.2409 7.02737 5.2
      vertex 16.2409 7.02737 4
    endloop
  endfacet
  facet normal 0.84321 0.537585 0
    outer loop
      vertex 16.1358 7.23386 5.2
      vertex 16.0167 7.42067 4
      vertex 16.0167 7.42067 5.2
    endloop
  endfacet
  facet normal 0.84321 0.537585 0
    outer loop
      vertex 16.0167 7.42067 4
      vertex 16.1358 7.23386 5.2
      vertex 16.1358 7.23386 4
    endloop
  endfacet
  facet normal 0.782666 0.622442 0
    outer loop
      vertex 16.0167 7.42067 5.2
      vertex 15.8838 7.58778 4
      vertex 15.8838 7.58778 5.2
    endloop
  endfacet
  facet normal 0.782666 0.622442 0
    outer loop
      vertex 15.8838 7.58778 4
      vertex 16.0167 7.42067 5.2
      vertex 16.0167 7.42067 4
    endloop
  endfacet
  facet normal 0.708619 0.705591 0
    outer loop
      vertex 15.8838 7.58778 5.2
      vertex 15.737 7.73521 4
      vertex 15.737 7.73521 5.2
    endloop
  endfacet
  facet normal 0.708619 0.705591 0
    outer loop
      vertex 15.737 7.73521 4
      vertex 15.8838 7.58778 5.2
      vertex 15.8838 7.58778 4
    endloop
  endfacet
  facet normal 0.622256 0.782814 -0
    outer loop
      vertex 15.737 7.73521 4
      vertex 15.5763 7.86295 5.2
      vertex 15.737 7.73521 5.2
    endloop
  endfacet
  facet normal 0.622256 0.782814 0
    outer loop
      vertex 15.5763 7.86295 5.2
      vertex 15.737 7.73521 4
      vertex 15.5763 7.86295 4
    endloop
  endfacet
  facet normal 0.526264 0.850321 -0
    outer loop
      vertex 15.5763 7.86295 4
      vertex 15.4017 7.97101 5.2
      vertex 15.5763 7.86295 5.2
    endloop
  endfacet
  facet normal 0.526264 0.850321 0
    outer loop
      vertex 15.4017 7.97101 5.2
      vertex 15.5763 7.86295 4
      vertex 15.4017 7.97101 4
    endloop
  endfacet
  facet normal 0.427101 0.904204 -0
    outer loop
      vertex 15.4017 7.97101 4
      vertex 15.2111 8.06104 5.2
      vertex 15.4017 7.97101 5.2
    endloop
  endfacet
  facet normal 0.427101 0.904204 0
    outer loop
      vertex 15.2111 8.06104 5.2
      vertex 15.4017 7.97101 4
      vertex 15.2111 8.06104 4
    endloop
  endfacet
  facet normal 0.332501 0.943103 -0
    outer loop
      vertex 15.2111 8.06104 4
      vertex 15.0022 8.13469 5.2
      vertex 15.2111 8.06104 5.2
    endloop
  endfacet
  facet normal 0.332501 0.943103 0
    outer loop
      vertex 15.0022 8.13469 5.2
      vertex 15.2111 8.06104 4
      vertex 15.0022 8.13469 4
    endloop
  endfacet
  facet normal 0.244645 0.969613 -0
    outer loop
      vertex 15.0022 8.13469 4
      vertex 14.7751 8.19199 5.2
      vertex 15.0022 8.13469 5.2
    endloop
  endfacet
  facet normal 0.244645 0.969613 0
    outer loop
      vertex 14.7751 8.19199 5.2
      vertex 15.0022 8.13469 4
      vertex 14.7751 8.19199 4
    endloop
  endfacet
  facet normal 0.164542 0.98637 -0
    outer loop
      vertex 14.7751 8.19199 4
      vertex 14.5298 8.23291 5.2
      vertex 14.7751 8.19199 5.2
    endloop
  endfacet
  facet normal 0.164542 0.98637 0
    outer loop
      vertex 14.5298 8.23291 5.2
      vertex 14.7751 8.19199 4
      vertex 14.5298 8.23291 4
    endloop
  endfacet
  facet normal 0.0927322 0.995691 -0
    outer loop
      vertex 14.5298 8.23291 4
      vertex 14.2662 8.25746 5.2
      vertex 14.5298 8.23291 5.2
    endloop
  endfacet
  facet normal 0.0927322 0.995691 0
    outer loop
      vertex 14.2662 8.25746 5.2
      vertex 14.5298 8.23291 4
      vertex 14.2662 8.25746 4
    endloop
  endfacet
  facet normal 0.0290155 0.999579 -0
    outer loop
      vertex 14.2662 8.25746 4
      vertex 13.9844 8.26564 5.2
      vertex 14.2662 8.25746 5.2
    endloop
  endfacet
  facet normal 0.0290155 0.999579 0
    outer loop
      vertex 13.9844 8.26564 5.2
      vertex 14.2662 8.25746 4
      vertex 13.9844 8.26564 4
    endloop
  endfacet
  facet normal -0.04885 0.998806 0
    outer loop
      vertex 13.9844 8.26564 4
      vertex 13.5859 8.24615 5.2
      vertex 13.9844 8.26564 5.2
    endloop
  endfacet
  facet normal -0.04885 0.998806 0
    outer loop
      vertex 13.5859 8.24615 5.2
      vertex 13.9844 8.26564 4
      vertex 13.5859 8.24615 4
    endloop
  endfacet
  facet normal -0.156911 0.987613 0
    outer loop
      vertex 13.5859 8.24615 4
      vertex 13.2182 8.18773 5.2
      vertex 13.5859 8.24615 5.2
    endloop
  endfacet
  facet normal -0.156911 0.987613 0
    outer loop
      vertex 13.2182 8.18773 5.2
      vertex 13.5859 8.24615 4
      vertex 13.2182 8.18773 4
    endloop
  endfacet
  facet normal -0.277756 0.960652 0
    outer loop
      vertex 13.2182 8.18773 4
      vertex 12.8814 8.09035 5.2
      vertex 13.2182 8.18773 5.2
    endloop
  endfacet
  facet normal -0.277756 0.960652 0
    outer loop
      vertex 12.8814 8.09035 5.2
      vertex 13.2182 8.18773 4
      vertex 12.8814 8.09035 4
    endloop
  endfacet
  facet normal -0.407147 0.913363 0
    outer loop
      vertex 12.8814 8.09035 4
      vertex 12.5755 7.95399 5.2
      vertex 12.8814 8.09035 5.2
    endloop
  endfacet
  facet normal -0.407147 0.913363 0
    outer loop
      vertex 12.5755 7.95399 5.2
      vertex 12.8814 8.09035 4
      vertex 12.5755 7.95399 4
    endloop
  endfacet
  facet normal -0.537369 0.843347 0
    outer loop
      vertex 12.5755 7.95399 4
      vertex 12.3004 7.7787 5.2
      vertex 12.5755 7.95399 5.2
    endloop
  endfacet
  facet normal -0.537369 0.843347 0
    outer loop
      vertex 12.3004 7.7787 5.2
      vertex 12.5755 7.95399 4
      vertex 12.3004 7.7787 4
    endloop
  endfacet
  facet normal -0.659524 0.751684 0
    outer loop
      vertex 12.3004 7.7787 4
      vertex 12.0562 7.56444 5.2
      vertex 12.3004 7.7787 5.2
    endloop
  endfacet
  facet normal -0.659524 0.751684 0
    outer loop
      vertex 12.0562 7.56444 5.2
      vertex 12.3004 7.7787 4
      vertex 12.0562 7.56444 4
    endloop
  endfacet
  facet normal -0.765891 0.64297 0
    outer loop
      vertex 11.8465 7.31465 4
      vertex 12.0562 7.56444 5.2
      vertex 12.0562 7.56444 4
    endloop
  endfacet
  facet normal -0.765891 0.64297 0
    outer loop
      vertex 12.0562 7.56444 5.2
      vertex 11.8465 7.31465 4
      vertex 11.8465 7.31465 5.2
    endloop
  endfacet
  facet normal -0.854313 0.519758 0
    outer loop
      vertex 11.675 7.03276 4
      vertex 11.8465 7.31465 5.2
      vertex 11.8465 7.31465 4
    endloop
  endfacet
  facet normal -0.854313 0.519758 0
    outer loop
      vertex 11.8465 7.31465 5.2
      vertex 11.675 7.03276 4
      vertex 11.675 7.03276 5.2
    endloop
  endfacet
  facet normal -0.920292 0.391233 0
    outer loop
      vertex 11.5415 6.71873 4
      vertex 11.675 7.03276 5.2
      vertex 11.675 7.03276 4
    endloop
  endfacet
  facet normal -0.920292 0.391233 0
    outer loop
      vertex 11.675 7.03276 5.2
      vertex 11.5415 6.71873 4
      vertex 11.5415 6.71873 5.2
    endloop
  endfacet
  facet normal -0.964124 0.265452 0
    outer loop
      vertex 11.4462 6.3726 4
      vertex 11.5415 6.71873 5.2
      vertex 11.5415 6.71873 4
    endloop
  endfacet
  facet normal -0.964124 0.265452 0
    outer loop
      vertex 11.5415 6.71873 5.2
      vertex 11.4462 6.3726 4
      vertex 11.4462 6.3726 5.2
    endloop
  endfacet
  facet normal -0.988757 0.14953 0
    outer loop
      vertex 11.389 5.99437 4
      vertex 11.4462 6.3726 5.2
      vertex 11.4462 6.3726 4
    endloop
  endfacet
  facet normal -0.988757 0.14953 0
    outer loop
      vertex 11.4462 6.3726 5.2
      vertex 11.389 5.99437 4
      vertex 11.389 5.99437 5.2
    endloop
  endfacet
  facet normal -0.99893 0.0462501 0
    outer loop
      vertex 11.37 5.584 4
      vertex 11.389 5.99437 5.2
      vertex 11.389 5.99437 4
    endloop
  endfacet
  facet normal -0.99893 0.0462501 0
    outer loop
      vertex 11.389 5.99437 5.2
      vertex 11.37 5.584 4
      vertex 11.37 5.584 5.2
    endloop
  endfacet
  facet normal -0.99949 -0.031922 0
    outer loop
      vertex 11.3787 5.3116 4
      vertex 11.37 5.584 5.2
      vertex 11.37 5.584 4
    endloop
  endfacet
  facet normal -0.99949 -0.031922 0
    outer loop
      vertex 11.37 5.584 5.2
      vertex 11.3787 5.3116 4
      vertex 11.3787 5.3116 5.2
    endloop
  endfacet
  facet normal -0.994934 -0.100525 0
    outer loop
      vertex 11.405 5.0513 4
      vertex 11.3787 5.3116 5.2
      vertex 11.3787 5.3116 4
    endloop
  endfacet
  facet normal -0.994934 -0.100525 0
    outer loop
      vertex 11.3787 5.3116 5.2
      vertex 11.405 5.0513 4
      vertex 11.405 5.0513 5.2
    endloop
  endfacet
  facet normal -0.984849 -0.173414 0
    outer loop
      vertex 11.4487 4.80312 4
      vertex 11.405 5.0513 5.2
      vertex 11.405 5.0513 4
    endloop
  endfacet
  facet normal -0.984849 -0.173414 0
    outer loop
      vertex 11.405 5.0513 5.2
      vertex 11.4487 4.80312 4
      vertex 11.4487 4.80312 5.2
    endloop
  endfacet
  facet normal -0.967898 -0.251343 0
    outer loop
      vertex 11.51 4.56706 4
      vertex 11.4487 4.80312 5.2
      vertex 11.4487 4.80312 4
    endloop
  endfacet
  facet normal -0.967898 -0.251343 0
    outer loop
      vertex 11.4487 4.80312 5.2
      vertex 11.51 4.56706 4
      vertex 11.51 4.56706 5.2
    endloop
  endfacet
  facet normal -0.943304 -0.33193 0
    outer loop
      vertex 11.5888 4.34312 4
      vertex 11.51 4.56706 5.2
      vertex 11.51 4.56706 4
    endloop
  endfacet
  facet normal -0.943304 -0.33193 0
    outer loop
      vertex 11.51 4.56706 5.2
      vertex 11.5888 4.34312 4
      vertex 11.5888 4.34312 5.2
    endloop
  endfacet
  facet normal -0.910337 -0.413868 0
    outer loop
      vertex 11.6851 4.1313 4
      vertex 11.5888 4.34312 5.2
      vertex 11.5888 4.34312 4
    endloop
  endfacet
  facet normal -0.910337 -0.413868 0
    outer loop
      vertex 11.5888 4.34312 5.2
      vertex 11.6851 4.1313 4
      vertex 11.6851 4.1313 5.2
    endloop
  endfacet
  facet normal -0.8684 -0.495865 0
    outer loop
      vertex 11.798 3.93358 4
      vertex 11.6851 4.1313 5.2
      vertex 11.6851 4.1313 4
    endloop
  endfacet
  facet normal -0.8684 -0.495865 0
    outer loop
      vertex 11.6851 4.1313 5.2
      vertex 11.798 3.93358 4
      vertex 11.798 3.93358 5.2
    endloop
  endfacet
  facet normal -0.816412 -0.57747 0
    outer loop
      vertex 11.9265 3.75191 4
      vertex 11.798 3.93358 5.2
      vertex 11.798 3.93358 4
    endloop
  endfacet
  facet normal -0.816412 -0.57747 0
    outer loop
      vertex 11.798 3.93358 5.2
      vertex 11.9265 3.75191 4
      vertex 11.9265 3.75191 5.2
    endloop
  endfacet
  facet normal -0.754174 -0.656675 0
    outer loop
      vertex 12.0707 3.5863 4
      vertex 11.9265 3.75191 5.2
      vertex 11.9265 3.75191 4
    endloop
  endfacet
  facet normal -0.754174 -0.656675 0
    outer loop
      vertex 11.9265 3.75191 5.2
      vertex 12.0707 3.5863 4
      vertex 12.0707 3.5863 5.2
    endloop
  endfacet
  facet normal -0.683327 -0.730113 0
    outer loop
      vertex 12.0707 3.5863 4
      vertex 12.2305 3.43674 5.2
      vertex 12.0707 3.5863 5.2
    endloop
  endfacet
  facet normal -0.683327 -0.730113 -0
    outer loop
      vertex 12.2305 3.43674 5.2
      vertex 12.0707 3.5863 4
      vertex 12.2305 3.43674 4
    endloop
  endfacet
  facet normal -0.605647 -0.795734 0
    outer loop
      vertex 12.2305 3.43674 4
      vertex 12.4059 3.30324 5.2
      vertex 12.2305 3.43674 5.2
    endloop
  endfacet
  facet normal -0.605647 -0.795734 -0
    outer loop
      vertex 12.4059 3.30324 5.2
      vertex 12.2305 3.43674 4
      vertex 12.4059 3.30324 4
    endloop
  endfacet
  facet normal -0.523548 -0.851996 0
    outer loop
      vertex 12.4059 3.30324 4
      vertex 12.597 3.18581 5.2
      vertex 12.4059 3.30324 5.2
    endloop
  endfacet
  facet normal -0.523548 -0.851996 -0
    outer loop
      vertex 12.597 3.18581 5.2
      vertex 12.4059 3.30324 4
      vertex 12.597 3.18581 4
    endloop
  endfacet
  facet normal -0.439069 -0.898453 0
    outer loop
      vertex 12.597 3.18581 4
      vertex 12.8022 3.08553 5.2
      vertex 12.597 3.18581 5.2
    endloop
  endfacet
  facet normal -0.439069 -0.898453 -0
    outer loop
      vertex 12.8022 3.08553 5.2
      vertex 12.597 3.18581 4
      vertex 12.8022 3.08553 4
    endloop
  endfacet
  facet normal -0.352394 -0.935852 0
    outer loop
      vertex 12.8022 3.08553 4
      vertex 13.0201 3.00348 5.2
      vertex 12.8022 3.08553 5.2
    endloop
  endfacet
  facet normal -0.352394 -0.935852 -0
    outer loop
      vertex 13.0201 3.00348 5.2
      vertex 12.8022 3.08553 4
      vertex 13.0201 3.00348 4
    endloop
  endfacet
  facet normal -0.266798 -0.963752 0
    outer loop
      vertex 13.0201 3.00348 4
      vertex 13.2506 2.93967 5.2
      vertex 13.0201 3.00348 5.2
    endloop
  endfacet
  facet normal -0.266798 -0.963752 -0
    outer loop
      vertex 13.2506 2.93967 5.2
      vertex 13.0201 3.00348 4
      vertex 13.2506 2.93967 4
    endloop
  endfacet
  facet normal -0.184289 -0.982872 0
    outer loop
      vertex 13.2506 2.93967 4
      vertex 13.4938 2.89407 5.2
      vertex 13.2506 2.93967 5.2
    endloop
  endfacet
  facet normal -0.184289 -0.982872 -0
    outer loop
      vertex 13.4938 2.89407 5.2
      vertex 13.2506 2.93967 4
      vertex 13.4938 2.89407 4
    endloop
  endfacet
  facet normal -0.106275 -0.994337 0
    outer loop
      vertex 13.4938 2.89407 4
      vertex 13.7496 2.86673 5.2
      vertex 13.4938 2.89407 5.2
    endloop
  endfacet
  facet normal -0.106275 -0.994337 -0
    outer loop
      vertex 13.7496 2.86673 5.2
      vertex 13.4938 2.89407 4
      vertex 13.7496 2.86673 4
    endloop
  endfacet
  facet normal -0.0339097 -0.999425 0
    outer loop
      vertex 13.7496 2.86673 4
      vertex 14.0181 2.85762 5.2
      vertex 13.7496 2.86673 5.2
    endloop
  endfacet
  facet normal -0.0339097 -0.999425 -0
    outer loop
      vertex 14.0181 2.85762 5.2
      vertex 13.7496 2.86673 4
      vertex 14.0181 2.85762 4
    endloop
  endfacet
  facet normal 0.0277219 -0.999616 0
    outer loop
      vertex 14.0181 2.85762 4
      vertex 14.2514 2.86409 5.2
      vertex 14.0181 2.85762 5.2
    endloop
  endfacet
  facet normal 0.0277219 -0.999616 0
    outer loop
      vertex 14.2514 2.86409 5.2
      vertex 14.0181 2.85762 4
      vertex 14.2514 2.86409 4
    endloop
  endfacet
  facet normal 0.834845 -0.550486 0
    outer loop
      vertex -19.6928 5.11037 5.2
      vertex -17.6639 8.18732 4
      vertex -17.6639 8.18732 5.2
    endloop
  endfacet
  facet normal 0.834845 -0.550486 0
    outer loop
      vertex -17.6639 8.18732 4
      vertex -19.6928 5.11037 5.2
      vertex -19.6928 5.11037 4
    endloop
  endfacet
  facet normal 0 1 -0
    outer loop
      vertex -17.6639 8.18732 4
      vertex -18.4471 8.18732 5.2
      vertex -17.6639 8.18732 5.2
    endloop
  endfacet
  facet normal 0 1 0
    outer loop
      vertex -18.4471 8.18732 5.2
      vertex -17.6639 8.18732 4
      vertex -18.4471 8.18732 4
    endloop
  endfacet
  facet normal -0.843657 0.536883 0
    outer loop
      vertex -20.0397 5.68471 4
      vertex -18.4471 8.18732 5.2
      vertex -18.4471 8.18732 4
    endloop
  endfacet
  facet normal -0.843657 0.536883 0
    outer loop
      vertex -18.4471 8.18732 5.2
      vertex -20.0397 5.68471 4
      vertex -20.0397 5.68471 5.2
    endloop
  endfacet
  facet normal 0.842527 0.538655 0
    outer loop
      vertex -20.0397 5.68471 5.2
      vertex -21.6397 8.18732 4
      vertex -21.6397 8.18732 5.2
    endloop
  endfacet
  facet normal 0.842527 0.538655 0
    outer loop
      vertex -21.6397 8.18732 4
      vertex -20.0397 5.68471 5.2
      vertex -20.0397 5.68471 4
    endloop
  endfacet
  facet normal 0 1 -0
    outer loop
      vertex -21.6397 8.18732 4
      vertex -22.4229 8.18732 5.2
      vertex -21.6397 8.18732 5.2
    endloop
  endfacet
  facet normal 0 1 0
    outer loop
      vertex -22.4229 8.18732 5.2
      vertex -21.6397 8.18732 4
      vertex -22.4229 8.18732 4
    endloop
  endfacet
  facet normal -0.83578 -0.549065 0
    outer loop
      vertex -20.4015 5.11037 4
      vertex -22.4229 8.18732 5.2
      vertex -22.4229 8.18732 4
    endloop
  endfacet
  facet normal -0.83578 -0.549065 0
    outer loop
      vertex -22.4229 8.18732 5.2
      vertex -20.4015 5.11037 4
      vertex -20.4015 5.11037 5.2
    endloop
  endfacet
  facet normal -1 0 0
    outer loop
      vertex -20.4015 2.93219 4
      vertex -20.4015 5.11037 5.2
      vertex -20.4015 5.11037 4
    endloop
  endfacet
  facet normal -1 -0 0
    outer loop
      vertex -20.4015 5.11037 5.2
      vertex -20.4015 2.93219 4
      vertex -20.4015 2.93219 5.2
    endloop
  endfacet
  facet normal 0 -1 0
    outer loop
      vertex -20.4015 2.93219 4
      vertex -19.6928 2.93219 5.2
      vertex -20.4015 2.93219 5.2
    endloop
  endfacet
  facet normal 0 -1 -0
    outer loop
      vertex -19.6928 2.93219 5.2
      vertex -20.4015 2.93219 4
      vertex -19.6928 2.93219 4
    endloop
  endfacet
  facet normal 1 -0 0
    outer loop
      vertex -19.6928 2.93219 5.2
      vertex -19.6928 5.11037 4
      vertex -19.6928 5.11037 5.2
    endloop
  endfacet
  facet normal 1 0 0
    outer loop
      vertex -19.6928 5.11037 4
      vertex -19.6928 2.93219 5.2
      vertex -19.6928 2.93219 4
    endloop
  endfacet
  facet normal 0.0969009 -0.995294 0
    outer loop
      vertex -8.86736 2.8644 4
      vertex -8.65834 2.88475 5.2
      vertex -8.86736 2.8644 5.2
    endloop
  endfacet
  facet normal 0.0969009 -0.995294 0
    outer loop
      vertex -8.65834 2.88475 5.2
      vertex -8.86736 2.8644 4
      vertex -8.65834 2.88475 4
    endloop
  endfacet
  facet normal 0.167986 -0.985789 0
    outer loop
      vertex -8.65834 2.88475 4
      vertex -8.45917 2.91869 5.2
      vertex -8.65834 2.88475 5.2
    endloop
  endfacet
  facet normal 0.167986 -0.985789 0
    outer loop
      vertex -8.45917 2.91869 5.2
      vertex -8.65834 2.88475 4
      vertex -8.45917 2.91869 4
    endloop
  endfacet
  facet normal 0.243247 -0.969964 0
    outer loop
      vertex -8.45917 2.91869 4
      vertex -8.26984 2.96617 5.2
      vertex -8.45917 2.91869 5.2
    endloop
  endfacet
  facet normal 0.243247 -0.969964 0
    outer loop
      vertex -8.26984 2.96617 5.2
      vertex -8.45917 2.91869 4
      vertex -8.26984 2.96617 4
    endloop
  endfacet
  facet normal 0.322108 -0.946703 0
    outer loop
      vertex -8.26984 2.96617 4
      vertex -8.09035 3.02724 5.2
      vertex -8.26984 2.96617 5.2
    endloop
  endfacet
  facet normal 0.322108 -0.946703 0
    outer loop
      vertex -8.09035 3.02724 5.2
      vertex -8.26984 2.96617 4
      vertex -8.09035 3.02724 4
    endloop
  endfacet
  facet normal 0.402666 -0.915347 0
    outer loop
      vertex -8.09035 3.02724 4
      vertex -7.9207 3.10187 5.2
      vertex -8.09035 3.02724 5.2
    endloop
  endfacet
  facet normal 0.402666 -0.915347 0
    outer loop
      vertex -7.9207 3.10187 5.2
      vertex -8.09035 3.02724 4
      vertex -7.9207 3.10187 4
    endloop
  endfacet
  facet normal 0.483207 -0.875506 0
    outer loop
      vertex -7.9207 3.10187 4
      vertex -7.76218 3.18936 5.2
      vertex -7.9207 3.10187 5.2
    endloop
  endfacet
  facet normal 0.483207 -0.875506 0
    outer loop
      vertex -7.76218 3.18936 5.2
      vertex -7.9207 3.10187 4
      vertex -7.76218 3.18936 4
    endloop
  endfacet
  facet normal 0.563426 -0.826166 0
    outer loop
      vertex -7.76218 3.18936 4
      vertex -7.61609 3.28899 5.2
      vertex -7.76218 3.18936 5.2
    endloop
  endfacet
  facet normal 0.563426 -0.826166 0
    outer loop
      vertex -7.61609 3.28899 5.2
      vertex -7.76218 3.18936 4
      vertex -7.61609 3.28899 4
    endloop
  endfacet
  facet normal 0.64142 -0.76719 0
    outer loop
      vertex -7.61609 3.28899 4
      vertex -7.48244 3.40073 5.2
      vertex -7.61609 3.28899 5.2
    endloop
  endfacet
  facet normal 0.64142 -0.76719 0
    outer loop
      vertex -7.48244 3.40073 5.2
      vertex -7.61609 3.28899 4
      vertex -7.48244 3.40073 4
    endloop
  endfacet
  facet normal 0.714654 -0.699478 0
    outer loop
      vertex -7.48244 3.40073 5.2
      vertex -7.36122 3.52458 4
      vertex -7.36122 3.52458 5.2
    endloop
  endfacet
  facet normal 0.714654 -0.699478 0
    outer loop
      vertex -7.36122 3.52458 4
      vertex -7.48244 3.40073 5.2
      vertex -7.48244 3.40073 4
    endloop
  endfacet
  facet normal 0.780902 -0.624653 0
    outer loop
      vertex -7.36122 3.52458 5.2
      vertex -7.25244 3.66057 4
      vertex -7.25244 3.66057 5.2
    endloop
  endfacet
  facet normal 0.780902 -0.624653 0
    outer loop
      vertex -7.25244 3.66057 4
      vertex -7.36122 3.52458 5.2
      vertex -7.36122 3.52458 4
    endloop
  endfacet
  facet normal 0.83825 -0.545287 0
    outer loop
      vertex -7.25244 3.66057 5.2
      vertex -7.1561 3.80867 4
      vertex -7.1561 3.80867 5.2
    endloop
  endfacet
  facet normal 0.83825 -0.545287 0
    outer loop
      vertex -7.1561 3.80867 4
      vertex -7.25244 3.66057 5.2
      vertex -7.25244 3.66057 4
    endloop
  endfacet
  facet normal 0.887378 -0.461042 0
    outer loop
      vertex -7.1561 3.80867 5.2
      vertex -7.07347 3.96771 4
      vertex -7.07347 3.96771 5.2
    endloop
  endfacet
  facet normal 0.887378 -0.461042 0
    outer loop
      vertex -7.07347 3.96771 4
      vertex -7.1561 3.80867 5.2
      vertex -7.1561 3.80867 4
    endloop
  endfacet
  facet normal 0.928294 -0.371846 0
    outer loop
      vertex -7.07347 3.96771 5.2
      vertex -7.00587 4.13647 4
      vertex -7.00587 4.13647 5.2
    endloop
  endfacet
  facet normal 0.928294 -0.371846 0
    outer loop
      vertex -7.00587 4.13647 4
      vertex -7.07347 3.96771 5.2
      vertex -7.07347 3.96771 4
    endloop
  endfacet
  facet normal 0.959287 -0.282434 0
    outer loop
      vertex -7.00587 4.13647 5.2
      vertex -6.95331 4.31499 4
      vertex -6.95331 4.31499 5.2
    endloop
  endfacet
  facet normal 0.959287 -0.282434 0
    outer loop
      vertex -6.95331 4.31499 4
      vertex -7.00587 4.13647 5.2
      vertex -7.00587 4.13647 4
    endloop
  endfacet
  facet normal 0.980679 -0.195625 0
    outer loop
      vertex -6.95331 4.31499 5.2
      vertex -6.91576 4.50323 4
      vertex -6.91576 4.50323 5.2
    endloop
  endfacet
  facet normal 0.980679 -0.195625 0
    outer loop
      vertex -6.91576 4.50323 4
      vertex -6.95331 4.31499 5.2
      vertex -6.95331 4.31499 4
    endloop
  endfacet
  facet normal 0.993583 -0.113108 0
    outer loop
      vertex -6.91576 4.50323 5.2
      vertex -6.89322 4.70123 4
      vertex -6.89322 4.70123 5.2
    endloop
  endfacet
  facet normal 0.993583 -0.113108 0
    outer loop
      vertex -6.89322 4.70123 4
      vertex -6.91576 4.50323 5.2
      vertex -6.91576 4.50323 4
    endloop
  endfacet
  facet normal 0.999347 -0.0361308 0
    outer loop
      vertex -6.89322 4.70123 5.2
      vertex -6.88571 4.90895 4
      vertex -6.88571 4.90895 5.2
    endloop
  endfacet
  facet normal 0.999347 -0.0361308 0
    outer loop
      vertex -6.88571 4.90895 4
      vertex -6.89322 4.70123 5.2
      vertex -6.89322 4.70123 4
    endloop
  endfacet
  facet normal 1 -0 0
    outer loop
      vertex -6.88571 4.90895 5.2
      vertex -6.88571 8.18732 4
      vertex -6.88571 8.18732 5.2
    endloop
  endfacet
  facet normal 1 0 0
    outer loop
      vertex -6.88571 8.18732 4
      vertex -6.88571 4.90895 5.2
      vertex -6.88571 4.90895 4
    endloop
  endfacet
  facet normal 0 1 -0
    outer loop
      vertex -6.88571 8.18732 4
      vertex -7.59433 8.18732 5.2
      vertex -6.88571 8.18732 5.2
    endloop
  endfacet
  facet normal 0 1 0
    outer loop
      vertex -7.59433 8.18732 5.2
      vertex -6.88571 8.18732 4
      vertex -7.59433 8.18732 4
    endloop
  endfacet
  facet normal -1 0 0
    outer loop
      vertex -7.59433 4.94998 4
      vertex -7.59433 8.18732 5.2
      vertex -7.59433 8.18732 4
    endloop
  endfacet
  facet normal -1 -0 0
    outer loop
      vertex -7.59433 8.18732 5.2
      vertex -7.59433 4.94998 4
      vertex -7.59433 4.94998 5.2
    endloop
  endfacet
  facet normal -0.998943 0.0459685 0
    outer loop
      vertex -7.60526 4.71246 4
      vertex -7.59433 4.94998 5.2
      vertex -7.59433 4.94998 4
    endloop
  endfacet
  facet normal -0.998943 0.0459685 0
    outer loop
      vertex -7.59433 4.94998 5.2
      vertex -7.60526 4.71246 4
      vertex -7.60526 4.71246 5.2
    endloop
  endfacet
  facet normal -0.988848 0.148927 0
    outer loop
      vertex -7.63805 4.49474 4
      vertex -7.60526 4.71246 5.2
      vertex -7.60526 4.71246 4
    endloop
  endfacet
  facet normal -0.988848 0.148927 0
    outer loop
      vertex -7.60526 4.71246 5.2
      vertex -7.63805 4.49474 4
      vertex -7.63805 4.49474 5.2
    endloop
  endfacet
  facet normal -0.963935 0.266137 0
    outer loop
      vertex -7.6927 4.2968 4
      vertex -7.63805 4.49474 5.2
      vertex -7.63805 4.49474 4
    endloop
  endfacet
  facet normal -0.963935 0.266137 0
    outer loop
      vertex -7.63805 4.49474 5.2
      vertex -7.6927 4.2968 4
      vertex -7.6927 4.2968 5.2
    endloop
  endfacet
  facet normal -0.918846 0.394616 0
    outer loop
      vertex -7.76921 4.11865 4
      vertex -7.6927 4.2968 5.2
      vertex -7.6927 4.2968 4
    endloop
  endfacet
  facet normal -0.918846 0.394616 0
    outer loop
      vertex -7.6927 4.2968 5.2
      vertex -7.76921 4.11865 4
      vertex -7.76921 4.11865 5.2
    endloop
  endfacet
  facet normal -0.849493 0.527601 0
    outer loop
      vertex -7.86757 3.96028 4
      vertex -7.76921 4.11865 5.2
      vertex -7.76921 4.11865 4
    endloop
  endfacet
  facet normal -0.849493 0.527601 0
    outer loop
      vertex -7.76921 4.11865 5.2
      vertex -7.86757 3.96028 4
      vertex -7.86757 3.96028 5.2
    endloop
  endfacet
  facet normal -0.755272 0.655412 0
    outer loop
      vertex -7.98781 3.82172 4
      vertex -7.86757 3.96028 5.2
      vertex -7.86757 3.96028 4
    endloop
  endfacet
  facet normal -0.755272 0.655412 0
    outer loop
      vertex -7.86757 3.96028 5.2
      vertex -7.98781 3.82172 4
      vertex -7.98781 3.82172 5.2
    endloop
  endfacet
  facet normal -0.644555 0.764558 0
    outer loop
      vertex -7.98781 3.82172 4
      vertex -8.12772 3.70377 5.2
      vertex -7.98781 3.82172 5.2
    endloop
  endfacet
  facet normal -0.644555 0.764558 0
    outer loop
      vertex -8.12772 3.70377 5.2
      vertex -7.98781 3.82172 4
      vertex -8.12772 3.70377 4
    endloop
  endfacet
  facet normal -0.522628 0.852561 0
    outer loop
      vertex -8.12772 3.70377 4
      vertex -8.28514 3.60727 5.2
      vertex -8.12772 3.70377 5.2
    endloop
  endfacet
  facet normal -0.522628 0.852561 0
    outer loop
      vertex -8.28514 3.60727 5.2
      vertex -8.12772 3.70377 4
      vertex -8.28514 3.60727 4
    endloop
  endfacet
  facet normal -0.394319 0.918974 0
    outer loop
      vertex -8.28514 3.60727 4
      vertex -8.46007 3.53221 5.2
      vertex -8.28514 3.60727 5.2
    endloop
  endfacet
  facet normal -0.394319 0.918974 0
    outer loop
      vertex -8.46007 3.53221 5.2
      vertex -8.28514 3.60727 4
      vertex -8.46007 3.53221 4
    endloop
  endfacet
  facet normal -0.268289 0.963338 0
    outer loop
      vertex -8.46007 3.53221 4
      vertex -8.65253 3.47861 5.2
      vertex -8.46007 3.53221 5.2
    endloop
  endfacet
  facet normal -0.268289 0.963338 0
    outer loop
      vertex -8.65253 3.47861 5.2
      vertex -8.46007 3.53221 4
      vertex -8.65253 3.47861 4
    endloop
  endfacet
  facet normal -0.151466 0.988462 0
    outer loop
      vertex -8.65253 3.47861 4
      vertex -8.86247 3.44644 5.2
      vertex -8.65253 3.47861 5.2
    endloop
  endfacet
  facet normal -0.151466 0.988462 0
    outer loop
      vertex -8.86247 3.44644 5.2
      vertex -8.65253 3.47861 4
      vertex -8.86247 3.44644 4
    endloop
  endfacet
  facet normal -0.0471166 0.998889 0
    outer loop
      vertex -8.86247 3.44644 4
      vertex -9.08995 3.43571 5.2
      vertex -8.86247 3.44644 5.2
    endloop
  endfacet
  facet normal -0.0471166 0.998889 0
    outer loop
      vertex -9.08995 3.43571 5.2
      vertex -8.86247 3.44644 4
      vertex -9.08995 3.43571 4
    endloop
  endfacet
  facet normal 0.0468757 0.998901 -0
    outer loop
      vertex -9.08995 3.43571 4
      vertex -9.31093 3.44608 5.2
      vertex -9.08995 3.43571 5.2
    endloop
  endfacet
  facet normal 0.0468757 0.998901 0
    outer loop
      vertex -9.31093 3.44608 5.2
      vertex -9.08995 3.43571 4
      vertex -9.31093 3.44608 4
    endloop
  endfacet
  facet normal 0.151369 0.988477 -0
    outer loop
      vertex -9.31093 3.44608 4
      vertex -9.51389 3.47716 5.2
      vertex -9.31093 3.44608 5.2
    endloop
  endfacet
  facet normal 0.151369 0.988477 0
    outer loop
      vertex -9.51389 3.47716 5.2
      vertex -9.31093 3.44608 4
      vertex -9.51389 3.47716 4
    endloop
  endfacet
  facet normal 0.269738 0.962934 -0
    outer loop
      vertex -9.51389 3.47716 4
      vertex -9.69881 3.52896 5.2
      vertex -9.51389 3.47716 5.2
    endloop
  endfacet
  facet normal 0.269738 0.962934 0
    outer loop
      vertex -9.69881 3.52896 5.2
      vertex -9.51389 3.47716 4
      vertex -9.69881 3.52896 4
    endloop
  endfacet
  facet normal 0.398451 0.91719 -0
    outer loop
      vertex -9.69881 3.52896 4
      vertex -9.86572 3.60147 5.2
      vertex -9.69881 3.52896 5.2
    endloop
  endfacet
  facet normal 0.398451 0.91719 0
    outer loop
      vertex -9.86572 3.60147 5.2
      vertex -9.69881 3.52896 4
      vertex -9.86572 3.60147 4
    endloop
  endfacet
  facet normal 0.530817 0.847486 -0
    outer loop
      vertex -9.86572 3.60147 4
      vertex -10.0146 3.69472 5.2
      vertex -9.86572 3.60147 5.2
    endloop
  endfacet
  facet normal 0.530817 0.847486 0
    outer loop
      vertex -10.0146 3.69472 5.2
      vertex -9.86572 3.60147 4
      vertex -10.0146 3.69472 4
    endloop
  endfacet
  facet normal 0.656871 0.754003 -0
    outer loop
      vertex -10.0146 3.69472 4
      vertex -10.1454 3.80867 5.2
      vertex -10.0146 3.69472 5.2
    endloop
  endfacet
  facet normal 0.656871 0.754003 0
    outer loop
      vertex -10.1454 3.80867 5.2
      vertex -10.0146 3.69472 4
      vertex -10.1454 3.80867 4
    endloop
  endfacet
  facet normal 0.768033 0.64041 0
    outer loop
      vertex -10.1454 3.80867 5.2
      vertex -10.2571 3.94263 4
      vertex -10.2571 3.94263 5.2
    endloop
  endfacet
  facet normal 0.768033 0.64041 0
    outer loop
      vertex -10.2571 3.94263 4
      vertex -10.1454 3.80867 5.2
      vertex -10.1454 3.80867 4
    endloop
  endfacet
  facet normal 0.85882 0.512277 0
    outer loop
      vertex -10.2571 3.94263 5.2
      vertex -10.3485 4.09586 4
      vertex -10.3485 4.09586 5.2
    endloop
  endfacet
  facet normal 0.85882 0.512277 0
    outer loop
      vertex -10.3485 4.09586 4
      vertex -10.2571 3.94263 5.2
      vertex -10.2571 3.94263 4
    endloop
  endfacet
  facet normal 0.924545 0.381073 0
    outer loop
      vertex -10.3485 4.09586 5.2
      vertex -10.4196 4.26836 4
      vertex -10.4196 4.26836 5.2
    endloop
  endfacet
  facet normal 0.924545 0.381073 0
    outer loop
      vertex -10.4196 4.26836 4
      vertex -10.3485 4.09586 5.2
      vertex -10.3485 4.09586 4
    endloop
  endfacet
  facet normal 0.966777 0.255622 0
    outer loop
      vertex -10.4196 4.26836 5.2
      vertex -10.4703 4.46011 4
      vertex -10.4703 4.46011 5.2
    endloop
  endfacet
  facet normal 0.966777 0.255622 0
    outer loop
      vertex -10.4703 4.46011 4
      vertex -10.4196 4.26836 5.2
      vertex -10.4196 4.26836 4
    endloop
  endfacet
  facet normal 0.989718 0.14303 0
    outer loop
      vertex -10.4703 4.46011 5.2
      vertex -10.5008 4.67116 4
      vertex -10.5008 4.67116 5.2
    endloop
  endfacet
  facet normal 0.989718 0.14303 0
    outer loop
      vertex -10.5008 4.67116 4
      vertex -10.4703 4.46011 5.2
      vertex -10.4703 4.46011 4
    endloop
  endfacet
  facet normal 0.99904 0.0438118 0
    outer loop
      vertex -10.5008 4.67116 5.2
      vertex -10.5109 4.90147 4
      vertex -10.5109 4.90147 5.2
    endloop
  endfacet
  facet normal 0.99904 0.0438118 0
    outer loop
      vertex -10.5109 4.90147 4
      vertex -10.5008 4.67116 5.2
      vertex -10.5008 4.67116 4
    endloop
  endfacet
  facet normal 1 -0 0
    outer loop
      vertex -10.5109 4.90147 5.2
      vertex -10.5109 8.18732 4
      vertex -10.5109 8.18732 5.2
    endloop
  endfacet
  facet normal 1 0 0
    outer loop
      vertex -10.5109 8.18732 4
      vertex -10.5109 4.90147 5.2
      vertex -10.5109 4.90147 4
    endloop
  endfacet
  facet normal 0 1 -0
    outer loop
      vertex -10.5109 8.18732 4
      vertex -11.2233 8.18732 5.2
      vertex -10.5109 8.18732 5.2
    endloop
  endfacet
  facet normal 0 1 0
    outer loop
      vertex -11.2233 8.18732 5.2
      vertex -10.5109 8.18732 4
      vertex -11.2233 8.18732 4
    endloop
  endfacet
  facet normal -1 0 0
    outer loop
      vertex -11.2233 4.8418 4
      vertex -11.2233 8.18732 5.2
      vertex -11.2233 8.18732 4
    endloop
  endfacet
  facet normal -1 -0 0
    outer loop
      vertex -11.2233 8.18732 5.2
      vertex -11.2233 4.8418 4
      vertex -11.2233 4.8418 5.2
    endloop
  endfacet
  facet normal -0.999345 -0.036183 0
    outer loop
      vertex -11.216 4.64018 4
      vertex -11.2233 4.8418 5.2
      vertex -11.2233 4.8418 4
    endloop
  endfacet
  facet normal -0.999345 -0.036183 0
    outer loop
      vertex -11.2233 4.8418 5.2
      vertex -11.216 4.64018 4
      vertex -11.216 4.64018 5.2
    endloop
  endfacet
  facet normal -0.993446 -0.114302 0
    outer loop
      vertex -11.1939 4.4481 4
      vertex -11.216 4.64018 5.2
      vertex -11.216 4.64018 4
    endloop
  endfacet
  facet normal -0.993446 -0.114302 0
    outer loop
      vertex -11.216 4.64018 5.2
      vertex -11.1939 4.4481 4
      vertex -11.1939 4.4481 5.2
    endloop
  endfacet
  facet normal -0.98028 -0.197613 0
    outer loop
      vertex -11.1571 4.26555 4
      vertex -11.1939 4.4481 5.2
      vertex -11.1939 4.4481 4
    endloop
  endfacet
  facet normal -0.98028 -0.197613 0
    outer loop
      vertex -11.1939 4.4481 5.2
      vertex -11.1571 4.26555 4
      vertex -11.1571 4.26555 5.2
    endloop
  endfacet
  facet normal -0.958443 -0.285284 0
    outer loop
      vertex -11.1056 4.09253 4
      vertex -11.1571 4.26555 5.2
      vertex -11.1571 4.26555 4
    endloop
  endfacet
  facet normal -0.958443 -0.285284 0
    outer loop
      vertex -11.1571 4.26555 5.2
      vertex -11.1056 4.09253 4
      vertex -11.1056 4.09253 5.2
    endloop
  endfacet
  facet normal -0.926905 -0.375297 0
    outer loop
      vertex -11.0394 3.92903 4
      vertex -11.1056 4.09253 5.2
      vertex -11.1056 4.09253 4
    endloop
  endfacet
  facet normal -0.926905 -0.375297 0
    outer loop
      vertex -11.1056 4.09253 5.2
      vertex -11.0394 3.92903 4
      vertex -11.0394 3.92903 5.2
    endloop
  endfacet
  facet normal -0.88523 -0.465154 0
    outer loop
      vertex -10.9585 3.77507 4
      vertex -11.0394 3.92903 5.2
      vertex -11.0394 3.92903 4
    endloop
  endfacet
  facet normal -0.88523 -0.465154 0
    outer loop
      vertex -11.0394 3.92903 5.2
      vertex -10.9585 3.77507 4
      vertex -10.9585 3.77507 5.2
    endloop
  endfacet
  facet normal -0.835318 -0.549766 0
    outer loop
      vertex -10.8642 3.63179 4
      vertex -10.9585 3.77507 5.2
      vertex -10.9585 3.77507 4
    endloop
  endfacet
  facet normal -0.835318 -0.549766 0
    outer loop
      vertex -10.9585 3.77507 5.2
      vertex -10.8642 3.63179 4
      vertex -10.8642 3.63179 5.2
    endloop
  endfacet
  facet normal -0.777568 -0.628798 0
    outer loop
      vertex -10.7579 3.50034 4
      vertex -10.8642 3.63179 5.2
      vertex -10.8642 3.63179 4
    endloop
  endfacet
  facet normal -0.777568 -0.628798 0
    outer loop
      vertex -10.8642 3.63179 5.2
      vertex -10.7579 3.50034 4
      vertex -10.7579 3.50034 5.2
    endloop
  endfacet
  facet normal -0.711136 -0.703054 0
    outer loop
      vertex -10.6396 3.38068 4
      vertex -10.7579 3.50034 5.2
      vertex -10.7579 3.50034 4
    endloop
  endfacet
  facet normal -0.711136 -0.703054 0
    outer loop
      vertex -10.7579 3.50034 5.2
      vertex -10.6396 3.38068 4
      vertex -10.6396 3.38068 5.2
    endloop
  endfacet
  facet normal -0.637622 -0.770349 0
    outer loop
      vertex -10.6396 3.38068 4
      vertex -10.5093 3.27283 5.2
      vertex -10.6396 3.38068 5.2
    endloop
  endfacet
  facet normal -0.637622 -0.770349 -0
    outer loop
      vertex -10.5093 3.27283 5.2
      vertex -10.6396 3.38068 4
      vertex -10.5093 3.27283 4
    endloop
  endfacet
  facet normal -0.559383 -0.828909 0
    outer loop
      vertex -10.5093 3.27283 4
      vertex -10.367 3.1768 5.2
      vertex -10.5093 3.27283 5.2
    endloop
  endfacet
  facet normal -0.559383 -0.828909 -0
    outer loop
      vertex -10.367 3.1768 5.2
      vertex -10.5093 3.27283 4
      vertex -10.367 3.1768 4
    endloop
  endfacet
  facet normal -0.47886 -0.877891 0
    outer loop
      vertex -10.367 3.1768 4
      vertex -10.2126 3.09258 5.2
      vertex -10.367 3.1768 5.2
    endloop
  endfacet
  facet normal -0.47886 -0.877891 -0
    outer loop
      vertex -10.2126 3.09258 5.2
      vertex -10.367 3.1768 4
      vertex -10.2126 3.09258 4
    endloop
  endfacet
  facet normal -0.399214 -0.916858 0
    outer loop
      vertex -10.2126 3.09258 4
      vertex -10.0477 3.02078 5.2
      vertex -10.2126 3.09258 5.2
    endloop
  endfacet
  facet normal -0.399214 -0.916858 -0
    outer loop
      vertex -10.0477 3.02078 5.2
      vertex -10.2126 3.09258 4
      vertex -10.0477 3.02078 4
    endloop
  endfacet
  facet normal -0.319704 -0.947518 0
    outer loop
      vertex -10.0477 3.02078 4
      vertex -9.87361 2.96204 5.2
      vertex -10.0477 3.02078 5.2
    endloop
  endfacet
  facet normal -0.319704 -0.947518 -0
    outer loop
      vertex -9.87361 2.96204 5.2
      vertex -10.0477 3.02078 4
      vertex -9.87361 2.96204 4
    endloop
  endfacet
  facet normal -0.242012 -0.970273 0
    outer loop
      vertex -9.87361 2.96204 4
      vertex -9.69043 2.91635 5.2
      vertex -9.87361 2.96204 5.2
    endloop
  endfacet
  facet normal -0.242012 -0.970273 -0
    outer loop
      vertex -9.69043 2.91635 5.2
      vertex -9.87361 2.96204 4
      vertex -9.69043 2.91635 4
    endloop
  endfacet
  facet normal -0.16725 -0.985914 0
    outer loop
      vertex -9.69043 2.91635 4
      vertex -9.49814 2.88373 5.2
      vertex -9.69043 2.91635 5.2
    endloop
  endfacet
  facet normal -0.16725 -0.985914 -0
    outer loop
      vertex -9.49814 2.88373 5.2
      vertex -9.69043 2.91635 4
      vertex -9.49814 2.88373 4
    endloop
  endfacet
  facet normal -0.0968122 -0.995303 0
    outer loop
      vertex -9.49814 2.88373 4
      vertex -9.29674 2.86414 5.2
      vertex -9.49814 2.88373 5.2
    endloop
  endfacet
  facet normal -0.0968122 -0.995303 -0
    outer loop
      vertex -9.29674 2.86414 5.2
      vertex -9.49814 2.88373 4
      vertex -9.29674 2.86414 4
    endloop
  endfacet
  facet normal -0.0309546 -0.999521 0
    outer loop
      vertex -9.29674 2.86414 4
      vertex -9.08621 2.85762 5.2
      vertex -9.29674 2.86414 5.2
    endloop
  endfacet
  facet normal -0.0309546 -0.999521 -0
    outer loop
      vertex -9.08621 2.85762 5.2
      vertex -9.29674 2.86414 4
      vertex -9.08621 2.85762 4
    endloop
  endfacet
  facet normal 0.0309653 -0.99952 0
    outer loop
      vertex -9.08621 2.85762 4
      vertex -8.86736 2.8644 5.2
      vertex -9.08621 2.85762 5.2
    endloop
  endfacet
  facet normal 0.0309653 -0.99952 0
    outer loop
      vertex -8.86736 2.8644 5.2
      vertex -9.08621 2.85762 4
      vertex -8.86736 2.8644 4
    endloop
  endfacet
  facet normal 0 -1 0
    outer loop
      vertex -5.08638 5.11404 4
      vertex -3.44908 5.11404 5.2
      vertex -5.08638 5.11404 5.2
    endloop
  endfacet
  facet normal 0 -1 -0
    outer loop
      vertex -3.44908 5.11404 5.2
      vertex -5.08638 5.11404 4
      vertex -3.44908 5.11404 4
    endloop
  endfacet
  facet normal -0.847746 -0.530402 0
    outer loop
      vertex -2.08398 2.93219 4
      vertex -3.44908 5.11404 5.2
      vertex -3.44908 5.11404 4
    endloop
  endfacet
  facet normal -0.847746 -0.530402 0
    outer loop
      vertex -3.44908 5.11404 5.2
      vertex -2.08398 2.93219 4
      vertex -2.08398 2.93219 5.2
    endloop
  endfacet
  facet normal 0 -1 0
    outer loop
      vertex -2.08398 2.93219 4
      vertex -1.26344 2.93219 5.2
      vertex -2.08398 2.93219 5.2
    endloop
  endfacet
  facet normal 0 -1 -0
    outer loop
      vertex -1.26344 2.93219 5.2
      vertex -2.08398 2.93219 4
      vertex -1.26344 2.93219 4
    endloop
  endfacet
  facet normal 0.835002 0.550247 0
    outer loop
      vertex -1.26344 2.93219 5.2
      vertex -2.75531 5.19611 4
      vertex -2.75531 5.19611 5.2
    endloop
  endfacet
  facet normal 0.835002 0.550247 0
    outer loop
      vertex -2.75531 5.19611 4
      vertex -1.26344 2.93219 5.2
      vertex -1.26344 2.93219 4
    endloop
  endfacet
  facet normal 0.21752 -0.976056 0
    outer loop
      vertex -2.75531 5.19611 4
      vertex -2.56236 5.23911 5.2
      vertex -2.75531 5.19611 5.2
    endloop
  endfacet
  facet normal 0.21752 -0.976056 0
    outer loop
      vertex -2.56236 5.23911 5.2
      vertex -2.75531 5.19611 4
      vertex -2.56236 5.23911 4
    endloop
  endfacet
  facet normal 0.315542 -0.948912 0
    outer loop
      vertex -2.56236 5.23911 4
      vertex -2.38382 5.29848 5.2
      vertex -2.56236 5.23911 5.2
    endloop
  endfacet
  facet normal 0.315542 -0.948912 0
    outer loop
      vertex -2.38382 5.29848 5.2
      vertex -2.56236 5.23911 4
      vertex -2.38382 5.29848 4
    endloop
  endfacet
  facet normal 0.418914 -0.908026 0
    outer loop
      vertex -2.38382 5.29848 4
      vertex -2.21967 5.37421 5.2
      vertex -2.38382 5.29848 5.2
    endloop
  endfacet
  facet normal 0.418914 -0.908026 0
    outer loop
      vertex -2.21967 5.37421 5.2
      vertex -2.38382 5.29848 4
      vertex -2.21967 5.37421 4
    endloop
  endfacet
  facet normal 0.523875 -0.851795 0
    outer loop
      vertex -2.21967 5.37421 4
      vertex -2.06992 5.46631 5.2
      vertex -2.21967 5.37421 5.2
    endloop
  endfacet
  facet normal 0.523875 -0.851795 0
    outer loop
      vertex -2.06992 5.46631 5.2
      vertex -2.21967 5.37421 4
      vertex -2.06992 5.46631 4
    endloop
  endfacet
  facet normal 0.6253 -0.780385 0
    outer loop
      vertex -2.06992 5.46631 4
      vertex -1.93456 5.57477 5.2
      vertex -2.06992 5.46631 5.2
    endloop
  endfacet
  facet normal 0.6253 -0.780385 0
    outer loop
      vertex -1.93456 5.57477 5.2
      vertex -2.06992 5.46631 4
      vertex -1.93456 5.57477 4
    endloop
  endfacet
  facet normal 0.718207 -0.69583 0
    outer loop
      vertex -1.93456 5.57477 5.2
      vertex -1.8136 5.69962 4
      vertex -1.8136 5.69962 5.2
    endloop
  endfacet
  facet normal 0.718207 -0.69583 0
    outer loop
      vertex -1.8136 5.69962 4
      vertex -1.93456 5.57477 5.2
      vertex -1.93456 5.57477 4
    endloop
  endfacet
  facet normal 0.798229 -0.602354 0
    outer loop
      vertex -1.8136 5.69962 5.2
      vertex -1.70932 5.83781 4
      vertex -1.70932 5.83781 5.2
    endloop
  endfacet
  facet normal 0.798229 -0.602354 0
    outer loop
      vertex -1.70932 5.83781 4
      vertex -1.8136 5.69962 5.2
      vertex -1.8136 5.69962 4
    endloop
  endfacet
  facet normal 0.867218 -0.497929 0
    outer loop
      vertex -1.70932 5.83781 5.2
      vertex -1.62401 5.98639 4
      vertex -1.62401 5.98639 5.2
    endloop
  endfacet
  facet normal 0.867218 -0.497929 0
    outer loop
      vertex -1.62401 5.98639 4
      vertex -1.70932 5.83781 5.2
      vertex -1.70932 5.83781 4
    endloop
  endfacet
  facet normal 0.922781 -0.385324 0
    outer loop
      vertex -1.62401 5.98639 5.2
      vertex -1.55765 6.14531 4
      vertex -1.55765 6.14531 5.2
    endloop
  endfacet
  facet normal 0.922781 -0.385324 0
    outer loop
      vertex -1.55765 6.14531 4
      vertex -1.62401 5.98639 5.2
      vertex -1.62401 5.98639 4
    endloop
  endfacet
  facet normal 0.962947 -0.269691 0
    outer loop
      vertex -1.55765 6.14531 5.2
      vertex -1.51024 6.31459 4
      vertex -1.51024 6.31459 5.2
    endloop
  endfacet
  facet normal 0.962947 -0.269691 0
    outer loop
      vertex -1.51024 6.31459 4
      vertex -1.55765 6.14531 5.2
      vertex -1.55765 6.14531 4
    endloop
  endfacet
  facet normal 0.987707 -0.156315 0
    outer loop
      vertex -1.51024 6.31459 5.2
      vertex -1.48181 6.49423 4
      vertex -1.48181 6.49423 5.2
    endloop
  endfacet
  facet normal 0.987707 -0.156315 0
    outer loop
      vertex -1.48181 6.49423 4
      vertex -1.51024 6.31459 5.2
      vertex -1.51024 6.31459 4
    endloop
  endfacet
  facet normal 0.998755 -0.0498878 0
    outer loop
      vertex -1.48181 6.49423 5.2
      vertex -1.47232 6.68422 4
      vertex -1.47232 6.68422 5.2
    endloop
  endfacet
  facet normal 0.998755 -0.0498878 0
    outer loop
      vertex -1.47232 6.68422 4
      vertex -1.48181 6.49423 5.2
      vertex -1.48181 6.49423 4
    endloop
  endfacet
  facet normal 0.998263 0.0589097 0
    outer loop
      vertex -1.47232 6.68422 5.2
      vertex -1.48575 6.9118 4
      vertex -1.48575 6.9118 5.2
    endloop
  endfacet
  facet normal 0.998263 0.0589097 0
    outer loop
      vertex -1.48575 6.9118 4
      vertex -1.47232 6.68422 5.2
      vertex -1.47232 6.68422 4
    endloop
  endfacet
  facet normal 0.982168 0.188007 0
    outer loop
      vertex -1.48575 6.9118 5.2
      vertex -1.526 7.12207 4
      vertex -1.526 7.12207 5.2
    endloop
  endfacet
  facet normal 0.982168 0.188007 0
    outer loop
      vertex -1.526 7.12207 4
      vertex -1.48575 6.9118 5.2
      vertex -1.48575 6.9118 4
    endloop
  endfacet
  facet normal 0.944552 0.328361 0
    outer loop
      vertex -1.526 7.12207 5.2
      vertex -1.59308 7.31503 4
      vertex -1.59308 7.31503 5.2
    endloop
  endfacet
  facet normal 0.944552 0.328361 0
    outer loop
      vertex -1.59308 7.31503 4
      vertex -1.526 7.12207 5.2
      vertex -1.526 7.12207 4
    endloop
  endfacet
  facet normal 0.881863 0.471505 0
    outer loop
      vertex -1.59308 7.31503 5.2
      vertex -1.687 7.49069 4
      vertex -1.687 7.49069 5.2
    endloop
  endfacet
  facet normal 0.881863 0.471505 0
    outer loop
      vertex -1.687 7.49069 4
      vertex -1.59308 7.31503 5.2
      vertex -1.59308 7.31503 4
    endloop
  endfacet
  facet normal 0.795202 0.606344 0
    outer loop
      vertex -1.687 7.49069 5.2
      vertex -1.80775 7.64905 4
      vertex -1.80775 7.64905 5.2
    endloop
  endfacet
  facet normal 0.795202 0.606344 0
    outer loop
      vertex -1.80775 7.64905 4
      vertex -1.687 7.49069 5.2
      vertex -1.687 7.49069 4
    endloop
  endfacet
  facet normal 0.690959 0.722894 -0
    outer loop
      vertex -1.80775 7.64905 4
      vertex -1.95534 7.79012 5.2
      vertex -1.80775 7.64905 5.2
    endloop
  endfacet
  facet normal 0.690959 0.722894 0
    outer loop
      vertex -1.95534 7.79012 5.2
      vertex -1.80775 7.64905 4
      vertex -1.95534 7.79012 4
    endloop
  endfacet
  facet normal 0.576027 0.817431 -0
    outer loop
      vertex -1.95534 7.79012 4
      vertex -2.12756 7.91148 5.2
      vertex -1.95534 7.79012 5.2
    endloop
  endfacet
  facet normal 0.576027 0.817431 0
    outer loop
      vertex -2.12756 7.91148 5.2
      vertex -1.95534 7.79012 4
      vertex -2.12756 7.91148 4
    endloop
  endfacet
  facet normal 0.454336 0.89083 -0
    outer loop
      vertex -2.12756 7.91148 4
      vertex -2.32228 8.01079 5.2
      vertex -2.12756 7.91148 5.2
    endloop
  endfacet
  facet normal 0.454336 0.89083 0
    outer loop
      vertex -2.32228 8.01079 5.2
      vertex -2.12756 7.91148 4
      vertex -2.32228 8.01079 4
    endloop
  endfacet
  facet normal 0.334998 0.942219 -0
    outer loop
      vertex -2.32228 8.01079 4
      vertex -2.53947 8.08801 5.2
      vertex -2.32228 8.01079 5.2
    endloop
  endfacet
  facet normal 0.334998 0.942219 0
    outer loop
      vertex -2.53947 8.08801 5.2
      vertex -2.32228 8.01079 4
      vertex -2.53947 8.08801 4
    endloop
  endfacet
  facet normal 0.224346 0.97451 -0
    outer loop
      vertex -2.53947 8.08801 4
      vertex -2.77916 8.14319 5.2
      vertex -2.53947 8.08801 5.2
    endloop
  endfacet
  facet normal 0.224346 0.97451 0
    outer loop
      vertex -2.77916 8.14319 5.2
      vertex -2.53947 8.08801 4
      vertex -2.77916 8.14319 4
    endloop
  endfacet
  facet normal 0.125218 0.992129 -0
    outer loop
      vertex -2.77916 8.14319 4
      vertex -3.04134 8.17628 5.2
      vertex -2.77916 8.14319 5.2
    endloop
  endfacet
  facet normal 0.125218 0.992129 0
    outer loop
      vertex -3.04134 8.17628 5.2
      vertex -2.77916 8.14319 4
      vertex -3.04134 8.17628 4
    endloop
  endfacet
  facet normal 0.0387553 0.999249 -0
    outer loop
      vertex -3.04134 8.17628 4
      vertex -3.32599 8.18732 5.2
      vertex -3.04134 8.17628 5.2
    endloop
  endfacet
  facet normal 0.0387553 0.999249 0
    outer loop
      vertex -3.32599 8.18732 5.2
      vertex -3.04134 8.17628 4
      vertex -3.32599 8.18732 4
    endloop
  endfacet
  facet normal 0 1 -0
    outer loop
      vertex -3.32599 8.18732 4
      vertex -5.79874 8.18732 5.2
      vertex -3.32599 8.18732 5.2
    endloop
  endfacet
  facet normal 0 1 0
    outer loop
      vertex -5.79874 8.18732 5.2
      vertex -3.32599 8.18732 4
      vertex -5.79874 8.18732 4
    endloop
  endfacet
  facet normal -1 0 0
    outer loop
      vertex -5.79874 2.93219 4
      vertex -5.79874 8.18732 5.2
      vertex -5.79874 8.18732 4
    endloop
  endfacet
  facet normal -1 -0 0
    outer loop
      vertex -5.79874 8.18732 5.2
      vertex -5.79874 2.93219 4
      vertex -5.79874 2.93219 5.2
    endloop
  endfacet
  facet normal 0 -1 0
    outer loop
      vertex -5.79874 2.93219 4
      vertex -5.08638 2.93219 5.2
      vertex -5.79874 2.93219 5.2
    endloop
  endfacet
  facet normal 0 -1 -0
    outer loop
      vertex -5.08638 2.93219 5.2
      vertex -5.79874 2.93219 4
      vertex -5.08638 2.93219 4
    endloop
  endfacet
  facet normal 1 -0 0
    outer loop
      vertex -5.08638 2.93219 5.2
      vertex -5.08638 5.11404 4
      vertex -5.08638 5.11404 5.2
    endloop
  endfacet
  facet normal 1 0 0
    outer loop
      vertex -5.08638 5.11404 4
      vertex -5.08638 2.93219 5.2
      vertex -5.08638 2.93219 4
    endloop
  endfacet
  facet normal 1 -0 0
    outer loop
      vertex -5.08638 5.67723 5.2
      vertex -5.08638 7.6167 4
      vertex -5.08638 7.6167 5.2
    endloop
  endfacet
  facet normal 1 0 0
    outer loop
      vertex -5.08638 7.6167 4
      vertex -5.08638 5.67723 5.2
      vertex -5.08638 5.67723 4
    endloop
  endfacet
  facet normal 0 -1 0
    outer loop
      vertex -5.08638 7.6167 4
      vertex -3.39684 7.6167 5.2
      vertex -5.08638 7.6167 5.2
    endloop
  endfacet
  facet normal 0 -1 -0
    outer loop
      vertex -3.39684 7.6167 5.2
      vertex -5.08638 7.6167 4
      vertex -3.39684 7.6167 4
    endloop
  endfacet
  facet normal -0.0355908 -0.999366 0
    outer loop
      vertex -3.39684 7.6167 4
      vertex -3.20927 7.61002 5.2
      vertex -3.39684 7.6167 5.2
    endloop
  endfacet
  facet normal -0.0355908 -0.999366 -0
    outer loop
      vertex -3.20927 7.61002 5.2
      vertex -3.39684 7.6167 4
      vertex -3.20927 7.61002 4
    endloop
  endfacet
  facet normal -0.115567 -0.9933 0
    outer loop
      vertex -3.20927 7.61002 4
      vertex -3.03694 7.58997 5.2
      vertex -3.20927 7.61002 5.2
    endloop
  endfacet
  facet normal -0.115567 -0.9933 -0
    outer loop
      vertex -3.03694 7.58997 5.2
      vertex -3.20927 7.61002 4
      vertex -3.03694 7.58997 4
    endloop
  endfacet
  facet normal -0.208075 -0.978113 0
    outer loop
      vertex -3.03694 7.58997 4
      vertex -2.87984 7.55655 5.2
      vertex -3.03694 7.58997 5.2
    endloop
  endfacet
  facet normal -0.208075 -0.978113 -0
    outer loop
      vertex -2.87984 7.55655 5.2
      vertex -3.03694 7.58997 4
      vertex -2.87984 7.55655 4
    endloop
  endfacet
  facet normal -0.313073 -0.949729 0
    outer loop
      vertex -2.87984 7.55655 4
      vertex -2.73796 7.50978 5.2
      vertex -2.87984 7.55655 5.2
    endloop
  endfacet
  facet normal -0.313073 -0.949729 -0
    outer loop
      vertex -2.73796 7.50978 5.2
      vertex -2.87984 7.55655 4
      vertex -2.73796 7.50978 4
    endloop
  endfacet
  facet normal -0.429006 -0.903302 0
    outer loop
      vertex -2.73796 7.50978 4
      vertex -2.61131 7.44963 5.2
      vertex -2.73796 7.50978 5.2
    endloop
  endfacet
  facet normal -0.429006 -0.903302 -0
    outer loop
      vertex -2.61131 7.44963 5.2
      vertex -2.73796 7.50978 4
      vertex -2.61131 7.44963 4
    endloop
  endfacet
  facet normal -0.550648 -0.834738 0
    outer loop
      vertex -2.61131 7.44963 4
      vertex -2.49989 7.37613 5.2
      vertex -2.61131 7.44963 5.2
    endloop
  endfacet
  facet normal -0.550648 -0.834738 -0
    outer loop
      vertex -2.49989 7.37613 5.2
      vertex -2.61131 7.44963 4
      vertex -2.49989 7.37613 4
    endloop
  endfacet
  facet normal -0.671572 -0.74094 0
    outer loop
      vertex -2.49989 7.37613 4
      vertex -2.40472 7.28987 5.2
      vertex -2.49989 7.37613 5.2
    endloop
  endfacet
  facet normal -0.671572 -0.74094 -0
    outer loop
      vertex -2.40472 7.28987 5.2
      vertex -2.49989 7.37613 4
      vertex -2.40472 7.28987 4
    endloop
  endfacet
  facet normal -0.784109 -0.620623 0
    outer loop
      vertex -2.32686 7.1915 4
      vertex -2.40472 7.28987 5.2
      vertex -2.40472 7.28987 4
    endloop
  endfacet
  facet normal -0.784109 -0.620623 0
    outer loop
      vertex -2.40472 7.28987 5.2
      vertex -2.32686 7.1915 4
      vertex -2.32686 7.1915 5.2
    endloop
  endfacet
  facet normal -0.876917 -0.480642 0
    outer loop
      vertex -2.2663 7.08101 4
      vertex -2.32686 7.1915 5.2
      vertex -2.32686 7.1915 4
    endloop
  endfacet
  facet normal -0.876917 -0.480642 0
    outer loop
      vertex -2.32686 7.1915 5.2
      vertex -2.2663 7.08101 4
      vertex -2.2663 7.08101 5.2
    endloop
  endfacet
  facet normal -0.943033 -0.332699 0
    outer loop
      vertex -2.22304 6.95839 4
      vertex -2.2663 7.08101 5.2
      vertex -2.2663 7.08101 4
    endloop
  endfacet
  facet normal -0.943033 -0.332699 0
    outer loop
      vertex -2.2663 7.08101 5.2
      vertex -2.22304 6.95839 4
      vertex -2.22304 6.95839 5.2
    endloop
  endfacet
  facet normal -0.981941 -0.189188 0
    outer loop
      vertex -2.19708 6.82365 4
      vertex -2.22304 6.95839 5.2
      vertex -2.22304 6.95839 4
    endloop
  endfacet
  facet normal -0.981941 -0.189188 0
    outer loop
      vertex -2.22304 6.95839 5.2
      vertex -2.19708 6.82365 4
      vertex -2.19708 6.82365 5.2
    endloop
  endfacet
  facet normal -0.99827 -0.0588017 0
    outer loop
      vertex -2.18843 6.6768 4
      vertex -2.19708 6.82365 5.2
      vertex -2.19708 6.82365 4
    endloop
  endfacet
  facet normal -0.99827 -0.0588017 0
    outer loop
      vertex -2.19708 6.82365 5.2
      vertex -2.18843 6.6768 4
      vertex -2.18843 6.6768 5.2
    endloop
  endfacet
  facet normal -0.998422 0.0561502 0
    outer loop
      vertex -2.19698 6.52477 4
      vertex -2.18843 6.6768 5.2
      vertex -2.18843 6.6768 4
    endloop
  endfacet
  facet normal -0.998422 0.0561502 0
    outer loop
      vertex -2.18843 6.6768 5.2
      vertex -2.19698 6.52477 4
      vertex -2.19698 6.52477 5.2
    endloop
  endfacet
  facet normal -0.983725 0.179681 0
    outer loop
      vertex -2.22261 6.38445 4
      vertex -2.19698 6.52477 5.2
      vertex -2.19698 6.52477 4
    endloop
  endfacet
  facet normal -0.983725 0.179681 0
    outer loop
      vertex -2.19698 6.52477 5.2
      vertex -2.22261 6.38445 4
      vertex -2.22261 6.38445 5.2
    endloop
  endfacet
  facet normal -0.948993 0.315298 0
    outer loop
      vertex -2.26535 6.25581 4
      vertex -2.22261 6.38445 5.2
      vertex -2.22261 6.38445 4
    endloop
  endfacet
  facet normal -0.948993 0.315298 0
    outer loop
      vertex -2.22261 6.38445 5.2
      vertex -2.26535 6.25581 4
      vertex -2.26535 6.25581 5.2
    endloop
  endfacet
  facet normal -0.890138 0.455691 0
    outer loop
      vertex -2.3252 6.1389 4
      vertex -2.26535 6.25581 5.2
      vertex -2.26535 6.25581 4
    endloop
  endfacet
  facet normal -0.890138 0.455691 0
    outer loop
      vertex -2.26535 6.25581 5.2
      vertex -2.3252 6.1389 4
      vertex -2.3252 6.1389 5.2
    endloop
  endfacet
  facet normal -0.807224 0.590245 0
    outer loop
      vertex -2.40213 6.03369 4
      vertex -2.3252 6.1389 5.2
      vertex -2.3252 6.1389 4
    endloop
  endfacet
  facet normal -0.807224 0.590245 0
    outer loop
      vertex -2.3252 6.1389 5.2
      vertex -2.40213 6.03369 4
      vertex -2.40213 6.03369 5.2
    endloop
  endfacet
  facet normal -0.705143 0.709065 0
    outer loop
      vertex -2.40213 6.03369 4
      vertex -2.49615 5.94019 5.2
      vertex -2.40213 6.03369 5.2
    endloop
  endfacet
  facet normal -0.705143 0.709065 0
    outer loop
      vertex -2.49615 5.94019 5.2
      vertex -2.40213 6.03369 4
      vertex -2.49615 5.94019 4
    endloop
  endfacet
  facet normal -0.591124 0.80658 0
    outer loop
      vertex -2.49615 5.94019 4
      vertex -2.6058 5.85983 5.2
      vertex -2.49615 5.94019 5.2
    endloop
  endfacet
  facet normal -0.591124 0.80658 0
    outer loop
      vertex -2.6058 5.85983 5.2
      vertex -2.49615 5.94019 4
      vertex -2.6058 5.85983 4
    endloop
  endfacet
  facet normal -0.468762 0.883324 0
    outer loop
      vertex -2.6058 5.85983 4
      vertex -2.72966 5.7941 5.2
      vertex -2.6058 5.85983 5.2
    endloop
  endfacet
  facet normal -0.468762 0.883324 0
    outer loop
      vertex -2.72966 5.7941 5.2
      vertex -2.6058 5.85983 4
      vertex -2.72966 5.7941 4
    endloop
  endfacet
  facet normal -0.347317 0.937748 0
    outer loop
      vertex -2.72966 5.7941 4
      vertex -2.86771 5.74297 5.2
      vertex -2.72966 5.7941 5.2
    endloop
  endfacet
  facet normal -0.347317 0.937748 0
    outer loop
      vertex -2.86771 5.74297 5.2
      vertex -2.72966 5.7941 4
      vertex -2.86771 5.74297 4
    endloop
  endfacet
  facet normal -0.233281 0.972409 0
    outer loop
      vertex -2.86771 5.74297 4
      vertex -3.01994 5.70645 5.2
      vertex -2.86771 5.74297 5.2
    endloop
  endfacet
  facet normal -0.233281 0.972409 0
    outer loop
      vertex -3.01994 5.70645 5.2
      vertex -2.86771 5.74297 4
      vertex -3.01994 5.70645 4
    endloop
  endfacet
  facet normal -0.130505 0.991448 0
    outer loop
      vertex -3.01994 5.70645 4
      vertex -3.18639 5.68454 5.2
      vertex -3.01994 5.70645 5.2
    endloop
  endfacet
  facet normal -0.130505 0.991448 0
    outer loop
      vertex -3.18639 5.68454 5.2
      vertex -3.01994 5.70645 4
      vertex -3.18639 5.68454 4
    endloop
  endfacet
  facet normal -0.0404364 0.999182 0
    outer loop
      vertex -3.18639 5.68454 4
      vertex -3.36702 5.67723 5.2
      vertex -3.18639 5.68454 5.2
    endloop
  endfacet
  facet normal -0.0404364 0.999182 0
    outer loop
      vertex -3.36702 5.67723 5.2
      vertex -3.18639 5.68454 4
      vertex -3.36702 5.67723 4
    endloop
  endfacet
  facet normal 0 1 -0
    outer loop
      vertex -3.36702 5.67723 4
      vertex -5.08638 5.67723 5.2
      vertex -3.36702 5.67723 5.2
    endloop
  endfacet
  facet normal 0 1 0
    outer loop
      vertex -5.08638 5.67723 5.2
      vertex -3.36702 5.67723 4
      vertex -5.08638 5.67723 4
    endloop
  endfacet
  facet normal 0 1 -0
    outer loop
      vertex 5.02898 3.51404 4
      vertex 2.37347 3.51404 5.2
      vertex 5.02898 3.51404 5.2
    endloop
  endfacet
  facet normal 0 1 0
    outer loop
      vertex 2.37347 3.51404 5.2
      vertex 5.02898 3.51404 4
      vertex 2.37347 3.51404 4
    endloop
  endfacet
  facet normal 1 -0 0
    outer loop
      vertex 2.37347 3.51404 5.2
      vertex 2.37347 8.18732 4
      vertex 2.37347 8.18732 5.2
    endloop
  endfacet
  facet normal 1 0 0
    outer loop
      vertex 2.37347 8.18732 4
      vertex 2.37347 3.51404 5.2
      vertex 2.37347 3.51404 4
    endloop
  endfacet
  facet normal 0 1 -0
    outer loop
      vertex 2.37347 8.18732 4
      vertex 1.6611 8.18732 5.2
      vertex 2.37347 8.18732 5.2
    endloop
  endfacet
  facet normal 0 1 0
    outer loop
      vertex 1.6611 8.18732 5.2
      vertex 2.37347 8.18732 4
      vertex 1.6611 8.18732 4
    endloop
  endfacet
  facet normal -1 0 0
    outer loop
      vertex 1.6611 2.93219 4
      vertex 1.6611 8.18732 5.2
      vertex 1.6611 8.18732 4
    endloop
  endfacet
  facet normal -1 -0 0
    outer loop
      vertex 1.6611 8.18732 5.2
      vertex 1.6611 2.93219 4
      vertex 1.6611 2.93219 5.2
    endloop
  endfacet
  facet normal 0 -1 0
    outer loop
      vertex 1.6611 2.93219 4
      vertex 5.02898 2.93219 5.2
      vertex 1.6611 2.93219 5.2
    endloop
  endfacet
  facet normal 0 -1 -0
    outer loop
      vertex 5.02898 2.93219 5.2
      vertex 1.6611 2.93219 4
      vertex 5.02898 2.93219 4
    endloop
  endfacet
  facet normal 1 -0 0
    outer loop
      vertex 5.02898 2.93219 5.2
      vertex 5.02898 3.51404 4
      vertex 5.02898 3.51404 5.2
    endloop
  endfacet
  facet normal 1 0 0
    outer loop
      vertex 5.02898 3.51404 4
      vertex 5.02898 2.93219 5.2
      vertex 5.02898 2.93219 4
    endloop
  endfacet
  facet normal -0 0 1
    outer loop
      vertex -9.73631 -3.31096 5.2
      vertex -9.02396 -5.53384 5.2
      vertex -9.02396 -3.31096 5.2
    endloop
  endfacet
  facet normal 0 0 1
    outer loop
      vertex -9.02396 -5.53384 5.2
      vertex -9.73631 -3.31096 5.2
      vertex -9.02396 -6.13057 5.2
    endloop
  endfacet
  facet normal 0 0 1
    outer loop
      vertex -9.73631 -8.56609 5.2
      vertex -9.02396 -6.13057 5.2
      vertex -9.73631 -3.31096 5.2
    endloop
  endfacet
  facet normal 0 0 1
    outer loop
      vertex -9.02396 -6.13057 5.2
      vertex -9.73631 -8.56609 5.2
      vertex -9.02396 -8.56609 5.2
    endloop
  endfacet
  facet normal -0 0 1
    outer loop
      vertex -9.02396 -5.53384 5.2
      vertex -6.18193 -6.13057 5.2
      vertex -6.18193 -5.53384 5.2
    endloop
  endfacet
  facet normal 0 0 1
    outer loop
      vertex -6.18193 -6.13057 5.2
      vertex -9.02396 -5.53384 5.2
      vertex -9.02396 -6.13057 5.2
    endloop
  endfacet
  facet normal 0 0 1
    outer loop
      vertex -6.18193 -5.53384 5.2
      vertex -5.46957 -3.31096 5.2
      vertex -6.18193 -3.31096 5.2
    endloop
  endfacet
  facet normal 0 0 1
    outer loop
      vertex -6.18193 -6.13057 5.2
      vertex -5.46957 -3.31096 5.2
      vertex -6.18193 -5.53384 5.2
    endloop
  endfacet
  facet normal 0 0 1
    outer loop
      vertex -5.46957 -3.31096 5.2
      vertex -6.18193 -6.13057 5.2
      vertex -5.46957 -8.56609 5.2
    endloop
  endfacet
  facet normal 0 0 1
    outer loop
      vertex -5.46957 -8.56609 5.2
      vertex -6.18193 -6.13057 5.2
      vertex -6.18193 -8.56609 5.2
    endloop
  endfacet
  facet normal 0 0 1
    outer loop
      vertex -0.362045 -3.31096 5.2
      vertex -3.63669 -3.89281 5.2
      vertex -0.362045 -3.89281 5.2
    endloop
  endfacet
  facet normal 0 0 1
    outer loop
      vertex -4.34904 -3.31096 5.2
      vertex -3.63669 -5.57861 5.2
      vertex -3.63669 -3.89281 5.2
    endloop
  endfacet
  facet normal 0 0 1
    outer loop
      vertex -3.63669 -5.57861 5.2
      vertex -4.34904 -3.31096 5.2
      vertex -3.63669 -6.15295 5.2
    endloop
  endfacet
  facet normal 0 0 1
    outer loop
      vertex -4.34904 -8.56609 5.2
      vertex -3.63669 -6.15295 5.2
      vertex -4.34904 -3.31096 5.2
    endloop
  endfacet
  facet normal -0 0 1
    outer loop
      vertex -4.34904 -3.31096 5.2
      vertex -3.63669 -3.89281 5.2
      vertex -0.362045 -3.31096 5.2
    endloop
  endfacet
  facet normal -0 0 1
    outer loop
      vertex -3.63669 -5.57861 5.2
      vertex -0.585846 -6.15295 5.2
      vertex -0.585846 -5.57861 5.2
    endloop
  endfacet
  facet normal 0 0 1
    outer loop
      vertex -0.585846 -6.15295 5.2
      vertex -3.63669 -5.57861 5.2
      vertex -3.63669 -6.15295 5.2
    endloop
  endfacet
  facet normal -0 0 1
    outer loop
      vertex -3.63669 -7.98424 5.2
      vertex -0.209152 -8.56609 5.2
      vertex -0.209152 -7.98424 5.2
    endloop
  endfacet
  facet normal 0 0 1
    outer loop
      vertex -3.63669 -7.98424 5.2
      vertex -4.34904 -8.56609 5.2
      vertex -0.209152 -8.56609 5.2
    endloop
  endfacet
  facet normal 0 0 1
    outer loop
      vertex -3.63669 -6.15295 5.2
      vertex -4.34904 -8.56609 5.2
      vertex -3.63669 -7.98424 5.2
    endloop
  endfacet
  facet normal 0 0 1
    outer loop
      vertex 4.95302 -4.81406 5.2
      vertex 4.22827 -4.67462 5.2
      vertex 4.23692 -4.82149 5.2
    endloop
  endfacet
  facet normal 0 0 1
    outer loop
      vertex 4.47 -3.70818 5.2
      vertex 4.20232 -4.53989 5.2
      vertex 4.22827 -4.67462 5.2
    endloop
  endfacet
  facet normal 0 0 1
    outer loop
      vertex 4.47 -3.70818 5.2
      vertex 4.15906 -4.41727 5.2
      vertex 4.20232 -4.53989 5.2
    endloop
  endfacet
  facet normal 0 0 1
    outer loop
      vertex 3.92545 -4.12216 5.2
      vertex 4.29778 -3.58681 5.2
      vertex 4.10307 -3.4875 5.2
    endloop
  endfacet
  facet normal 0 0 1
    outer loop
      vertex 4.47 -3.70818 5.2
      vertex 4.0985 -4.30678 5.2
      vertex 4.15906 -4.41727 5.2
    endloop
  endfacet
  facet normal 0 0 1
    outer loop
      vertex 4.47 -3.70818 5.2
      vertex 4.02061 -4.2084 5.2
      vertex 4.0985 -4.30678 5.2
    endloop
  endfacet
  facet normal 0 0 1
    outer loop
      vertex 4.47 -3.70818 5.2
      vertex 3.92545 -4.12216 5.2
      vertex 4.02061 -4.2084 5.2
    endloop
  endfacet
  facet normal 0 0 1
    outer loop
      vertex 3.81404 -4.04865 5.2
      vertex 4.10307 -3.4875 5.2
      vertex 3.88586 -3.41026 5.2
    endloop
  endfacet
  facet normal 0 0 1
    outer loop
      vertex 4.10307 -3.4875 5.2
      vertex 3.81404 -4.04865 5.2
      vertex 3.92545 -4.12216 5.2
    endloop
  endfacet
  facet normal 0 0 1
    outer loop
      vertex 3.88586 -3.41026 5.2
      vertex 3.68739 -3.98851 5.2
      vertex 3.81404 -4.04865 5.2
    endloop
  endfacet
  facet normal 0 0 1
    outer loop
      vertex 3.54552 -3.94173 5.2
      vertex 3.88586 -3.41026 5.2
      vertex 3.64618 -3.3551 5.2
    endloop
  endfacet
  facet normal 0 0 1
    outer loop
      vertex 3.88586 -3.41026 5.2
      vertex 3.54552 -3.94173 5.2
      vertex 3.68739 -3.98851 5.2
    endloop
  endfacet
  facet normal 0 0 1
    outer loop
      vertex 3.64618 -3.3551 5.2
      vertex 3.38841 -3.90831 5.2
      vertex 3.54552 -3.94173 5.2
    endloop
  endfacet
  facet normal 0 0 1
    outer loop
      vertex 3.384 -3.32199 5.2
      vertex 3.38841 -3.90831 5.2
      vertex 3.64618 -3.3551 5.2
    endloop
  endfacet
  facet normal 0 0 1
    outer loop
      vertex 3.384 -3.32199 5.2
      vertex 3.21608 -3.88828 5.2
      vertex 3.38841 -3.90831 5.2
    endloop
  endfacet
  facet normal 0 0 1
    outer loop
      vertex 3.09935 -3.31096 5.2
      vertex 3.21608 -3.88828 5.2
      vertex 3.384 -3.32199 5.2
    endloop
  endfacet
  facet normal 0 0 1
    outer loop
      vertex 3.09935 -3.31096 5.2
      vertex 3.02852 -3.88159 5.2
      vertex 3.21608 -3.88828 5.2
    endloop
  endfacet
  facet normal 0 0 1
    outer loop
      vertex 3.09935 -3.31096 5.2
      vertex 1.33897 -3.88159 5.2
      vertex 3.02852 -3.88159 5.2
    endloop
  endfacet
  facet normal 0 0 1
    outer loop
      vertex 0.626602 -3.31096 5.2
      vertex 1.33897 -5.82104 5.2
      vertex 1.33897 -3.88159 5.2
    endloop
  endfacet
  facet normal 0 0 1
    outer loop
      vertex 0.626602 -8.56609 5.2
      vertex 1.33897 -5.82104 5.2
      vertex 0.626602 -3.31096 5.2
    endloop
  endfacet
  facet normal -0 0 1
    outer loop
      vertex 0.626602 -3.31096 5.2
      vertex 1.33897 -3.88159 5.2
      vertex 3.09935 -3.31096 5.2
    endloop
  endfacet
  facet normal 0 0 1
    outer loop
      vertex 1.33897 -5.82104 5.2
      vertex 0.626602 -8.56609 5.2
      vertex 1.33897 -6.38423 5.2
    endloop
  endfacet
  facet normal 0 0 1
    outer loop
      vertex 1.33897 -6.38423 5.2
      vertex 0.626602 -8.56609 5.2
      vertex 1.33897 -8.56609 5.2
    endloop
  endfacet
  facet normal -0 0 1
    outer loop
      vertex 4.22827 -4.67462 5.2
      vertex 4.95302 -4.81406 5.2
      vertex 4.93961 -4.58649 5.2
    endloop
  endfacet
  facet normal 0 0 1
    outer loop
      vertex 4.95302 -4.81406 5.2
      vertex 4.23692 -4.82149 5.2
      vertex 4.94354 -5.00406 5.2
    endloop
  endfacet
  facet normal 0 0 1
    outer loop
      vertex 4.22827 -4.67462 5.2
      vertex 4.93961 -4.58649 5.2
      vertex 4.89935 -4.37622 5.2
    endloop
  endfacet
  facet normal -0 0 1
    outer loop
      vertex 4.22836 -4.97351 5.2
      vertex 4.94354 -5.00406 5.2
      vertex 4.23692 -4.82149 5.2
    endloop
  endfacet
  facet normal 0 0 1
    outer loop
      vertex 4.22827 -4.67462 5.2
      vertex 4.89935 -4.37622 5.2
      vertex 4.83226 -4.18324 5.2
    endloop
  endfacet
  facet normal 0 0 1
    outer loop
      vertex 4.94354 -5.00406 5.2
      vertex 4.22836 -4.97351 5.2
      vertex 4.9151 -5.1837 5.2
    endloop
  endfacet
  facet normal 0 0 1
    outer loop
      vertex 4.22827 -4.67462 5.2
      vertex 4.83226 -4.18324 5.2
      vertex 4.73834 -4.00758 5.2
    endloop
  endfacet
  facet normal -0 0 1
    outer loop
      vertex 4.20273 -5.11385 5.2
      vertex 4.9151 -5.1837 5.2
      vertex 4.22836 -4.97351 5.2
    endloop
  endfacet
  facet normal 0 0 1
    outer loop
      vertex 4.22827 -4.67462 5.2
      vertex 4.73834 -4.00758 5.2
      vertex 4.6176 -3.84923 5.2
    endloop
  endfacet
  facet normal 0 0 1
    outer loop
      vertex 4.9151 -5.1837 5.2
      vertex 4.20273 -5.11385 5.2
      vertex 4.86769 -5.35297 5.2
    endloop
  endfacet
  facet normal -0 0 1
    outer loop
      vertex 4.15999 -5.24246 5.2
      vertex 4.86769 -5.35297 5.2
      vertex 4.20273 -5.11385 5.2
    endloop
  endfacet
  facet normal 0 0 1
    outer loop
      vertex 4.22827 -4.67462 5.2
      vertex 4.6176 -3.84923 5.2
      vertex 4.47 -3.70818 5.2
    endloop
  endfacet
  facet normal 0 0 1
    outer loop
      vertex 4.86769 -5.35297 5.2
      vertex 4.15999 -5.24246 5.2
      vertex 4.80135 -5.5119 5.2
    endloop
  endfacet
  facet normal 0 0 1
    outer loop
      vertex 3.92545 -4.12216 5.2
      vertex 4.47 -3.70818 5.2
      vertex 4.29778 -3.58681 5.2
    endloop
  endfacet
  facet normal 0 0 1
    outer loop
      vertex 4.80135 -5.5119 5.2
      vertex 4.15999 -5.24246 5.2
      vertex 4.71602 -5.66046 5.2
    endloop
  endfacet
  facet normal -0 0 1
    outer loop
      vertex 4.10014 -5.35938 5.2
      vertex 4.71602 -5.66046 5.2
      vertex 4.15999 -5.24246 5.2
    endloop
  endfacet
  facet normal 0 0 1
    outer loop
      vertex 4.71602 -5.66046 5.2
      vertex 4.10014 -5.35938 5.2
      vertex 4.61174 -5.79866 5.2
    endloop
  endfacet
  facet normal -0 0 1
    outer loop
      vertex 4.02322 -5.46458 5.2
      vertex 4.61174 -5.79866 5.2
      vertex 4.10014 -5.35938 5.2
    endloop
  endfacet
  facet normal 0 0 1
    outer loop
      vertex 4.61174 -5.79866 5.2
      vertex 4.02322 -5.46458 5.2
      vertex 4.49078 -5.92351 5.2
    endloop
  endfacet
  facet normal 0 0 1
    outer loop
      vertex 4.49078 -5.92351 5.2
      vertex 4.02322 -5.46458 5.2
      vertex 4.35542 -6.03197 5.2
    endloop
  endfacet
  facet normal -0 0 1
    outer loop
      vertex 3.9292 -5.55809 5.2
      vertex 4.35542 -6.03197 5.2
      vertex 4.02322 -5.46458 5.2
    endloop
  endfacet
  facet normal 0 0 1
    outer loop
      vertex 4.35542 -6.03197 5.2
      vertex 3.9292 -5.55809 5.2
      vertex 4.20567 -6.12407 5.2
    endloop
  endfacet
  facet normal -0 0 1
    outer loop
      vertex 3.81953 -5.63844 5.2
      vertex 4.20567 -6.12407 5.2
      vertex 3.9292 -5.55809 5.2
    endloop
  endfacet
  facet normal 0 0 1
    outer loop
      vertex 4.20567 -6.12407 5.2
      vertex 3.81953 -5.63844 5.2
      vertex 4.04153 -6.19981 5.2
    endloop
  endfacet
  facet normal -0 0 1
    outer loop
      vertex 3.69569 -5.70418 5.2
      vertex 4.04153 -6.19981 5.2
      vertex 3.81953 -5.63844 5.2
    endloop
  endfacet
  facet normal 0 0 1
    outer loop
      vertex 4.04153 -6.19981 5.2
      vertex 3.69569 -5.70418 5.2
      vertex 3.86298 -6.25917 5.2
    endloop
  endfacet
  facet normal -0 0 1
    outer loop
      vertex 3.55763 -5.75531 5.2
      vertex 3.86298 -6.25917 5.2
      vertex 3.69569 -5.70418 5.2
    endloop
  endfacet
  facet normal 0 0 1
    outer loop
      vertex 3.86298 -6.25917 5.2
      vertex 3.55763 -5.75531 5.2
      vertex 3.67003 -6.30217 5.2
    endloop
  endfacet
  facet normal 0 0 1
    outer loop
      vertex 3.67003 -6.30217 5.2
      vertex 4.34137 -8.56609 5.2
      vertex 5.16191 -8.56609 5.2
    endloop
  endfacet
  facet normal -0 0 1
    outer loop
      vertex 3.4054 -5.79184 5.2
      vertex 3.67003 -6.30217 5.2
      vertex 3.55763 -5.75531 5.2
    endloop
  endfacet
  facet normal -0 0 1
    outer loop
      vertex 3.23895 -5.81375 5.2
      vertex 3.67003 -6.30217 5.2
      vertex 3.4054 -5.79184 5.2
    endloop
  endfacet
  facet normal 0 0 1
    outer loop
      vertex 3.67003 -6.30217 5.2
      vertex 3.23895 -5.81375 5.2
      vertex 2.97626 -6.38423 5.2
    endloop
  endfacet
  facet normal 0 0 1
    outer loop
      vertex 2.97626 -6.38423 5.2
      vertex 3.23895 -5.81375 5.2
      vertex 3.05832 -5.82104 5.2
    endloop
  endfacet
  facet normal 0 0 1
    outer loop
      vertex 3.67003 -6.30217 5.2
      vertex 2.97626 -6.38423 5.2
      vertex 4.34137 -8.56609 5.2
    endloop
  endfacet
  facet normal -0 0 1
    outer loop
      vertex 1.33897 -5.82104 5.2
      vertex 2.97626 -6.38423 5.2
      vertex 3.05832 -5.82104 5.2
    endloop
  endfacet
  facet normal 0 0 1
    outer loop
      vertex 2.97626 -6.38423 5.2
      vertex 1.33897 -5.82104 5.2
      vertex 1.33897 -6.38423 5.2
    endloop
  endfacet
  facet normal 0 0 1
    outer loop
      vertex 10.0009 -3.31096 5.2
      vertex 6.72623 -3.89281 5.2
      vertex 10.0009 -3.89281 5.2
    endloop
  endfacet
  facet normal 0 0 1
    outer loop
      vertex 6.01387 -3.31096 5.2
      vertex 6.72623 -5.57861 5.2
      vertex 6.72623 -3.89281 5.2
    endloop
  endfacet
  facet normal 0 0 1
    outer loop
      vertex 6.72623 -5.57861 5.2
      vertex 6.01387 -3.31096 5.2
      vertex 6.72623 -6.15295 5.2
    endloop
  endfacet
  facet normal 0 0 1
    outer loop
      vertex 6.01387 -8.56609 5.2
      vertex 6.72623 -6.15295 5.2
      vertex 6.01387 -3.31096 5.2
    endloop
  endfacet
  facet normal -0 0 1
    outer loop
      vertex 6.01387 -3.31096 5.2
      vertex 6.72623 -3.89281 5.2
      vertex 10.0009 -3.31096 5.2
    endloop
  endfacet
  facet normal -0 0 1
    outer loop
      vertex 6.72623 -5.57861 5.2
      vertex 9.77708 -6.15295 5.2
      vertex 9.77708 -5.57861 5.2
    endloop
  endfacet
  facet normal 0 0 1
    outer loop
      vertex 9.77708 -6.15295 5.2
      vertex 6.72623 -5.57861 5.2
      vertex 6.72623 -6.15295 5.2
    endloop
  endfacet
  facet normal -0 0 1
    outer loop
      vertex 6.72623 -7.98424 5.2
      vertex 10.1538 -8.56609 5.2
      vertex 10.1538 -7.98424 5.2
    endloop
  endfacet
  facet normal 0 0 1
    outer loop
      vertex 6.72623 -7.98424 5.2
      vertex 6.01387 -8.56609 5.2
      vertex 10.1538 -8.56609 5.2
    endloop
  endfacet
  facet normal 0 0 1
    outer loop
      vertex 6.72623 -6.15295 5.2
      vertex 6.01387 -8.56609 5.2
      vertex 6.72623 -7.98424 5.2
    endloop
  endfacet
  facet normal 0 -1 0
    outer loop
      vertex -9.02396 -6.13057 4
      vertex -6.18193 -6.13057 5.2
      vertex -9.02396 -6.13057 5.2
    endloop
  endfacet
  facet normal 0 -1 -0
    outer loop
      vertex -6.18193 -6.13057 5.2
      vertex -9.02396 -6.13057 4
      vertex -6.18193 -6.13057 4
    endloop
  endfacet
  facet normal -1 0 0
    outer loop
      vertex -6.18193 -8.56609 4
      vertex -6.18193 -6.13057 5.2
      vertex -6.18193 -6.13057 4
    endloop
  endfacet
  facet normal -1 -0 0
    outer loop
      vertex -6.18193 -6.13057 5.2
      vertex -6.18193 -8.56609 4
      vertex -6.18193 -8.56609 5.2
    endloop
  endfacet
  facet normal 0 -1 0
    outer loop
      vertex -6.18193 -8.56609 4
      vertex -5.46957 -8.56609 5.2
      vertex -6.18193 -8.56609 5.2
    endloop
  endfacet
  facet normal 0 -1 -0
    outer loop
      vertex -5.46957 -8.56609 5.2
      vertex -6.18193 -8.56609 4
      vertex -5.46957 -8.56609 4
    endloop
  endfacet
  facet normal 1 -0 0
    outer loop
      vertex -5.46957 -8.56609 5.2
      vertex -5.46957 -3.31096 4
      vertex -5.46957 -3.31096 5.2
    endloop
  endfacet
  facet normal 1 0 0
    outer loop
      vertex -5.46957 -3.31096 4
      vertex -5.46957 -8.56609 5.2
      vertex -5.46957 -8.56609 4
    endloop
  endfacet
  facet normal 0 1 -0
    outer loop
      vertex -5.46957 -3.31096 4
      vertex -6.18193 -3.31096 5.2
      vertex -5.46957 -3.31096 5.2
    endloop
  endfacet
  facet normal 0 1 0
    outer loop
      vertex -6.18193 -3.31096 5.2
      vertex -5.46957 -3.31096 4
      vertex -6.18193 -3.31096 4
    endloop
  endfacet
  facet normal -1 0 0
    outer loop
      vertex -6.18193 -5.53384 4
      vertex -6.18193 -3.31096 5.2
      vertex -6.18193 -3.31096 4
    endloop
  endfacet
  facet normal -1 -0 0
    outer loop
      vertex -6.18193 -3.31096 5.2
      vertex -6.18193 -5.53384 4
      vertex -6.18193 -5.53384 5.2
    endloop
  endfacet
  facet normal 0 1 -0
    outer loop
      vertex -6.18193 -5.53384 4
      vertex -9.02396 -5.53384 5.2
      vertex -6.18193 -5.53384 5.2
    endloop
  endfacet
  facet normal 0 1 0
    outer loop
      vertex -9.02396 -5.53384 5.2
      vertex -6.18193 -5.53384 4
      vertex -9.02396 -5.53384 4
    endloop
  endfacet
  facet normal 1 -0 0
    outer loop
      vertex -9.02396 -5.53384 5.2
      vertex -9.02396 -3.31096 4
      vertex -9.02396 -3.31096 5.2
    endloop
  endfacet
  facet normal 1 0 0
    outer loop
      vertex -9.02396 -3.31096 4
      vertex -9.02396 -5.53384 5.2
      vertex -9.02396 -5.53384 4
    endloop
  endfacet
  facet normal 0 1 -0
    outer loop
      vertex -9.02396 -3.31096 4
      vertex -9.73631 -3.31096 5.2
      vertex -9.02396 -3.31096 5.2
    endloop
  endfacet
  facet normal 0 1 0
    outer loop
      vertex -9.73631 -3.31096 5.2
      vertex -9.02396 -3.31096 4
      vertex -9.73631 -3.31096 4
    endloop
  endfacet
  facet normal -1 0 0
    outer loop
      vertex -9.73631 -8.56609 4
      vertex -9.73631 -3.31096 5.2
      vertex -9.73631 -3.31096 4
    endloop
  endfacet
  facet normal -1 -0 0
    outer loop
      vertex -9.73631 -3.31096 5.2
      vertex -9.73631 -8.56609 4
      vertex -9.73631 -8.56609 5.2
    endloop
  endfacet
  facet normal 0 -1 0
    outer loop
      vertex -9.73631 -8.56609 4
      vertex -9.02396 -8.56609 5.2
      vertex -9.73631 -8.56609 5.2
    endloop
  endfacet
  facet normal 0 -1 -0
    outer loop
      vertex -9.02396 -8.56609 5.2
      vertex -9.73631 -8.56609 4
      vertex -9.02396 -8.56609 4
    endloop
  endfacet
  facet normal 1 -0 0
    outer loop
      vertex -9.02396 -8.56609 5.2
      vertex -9.02396 -6.13057 4
      vertex -9.02396 -6.13057 5.2
    endloop
  endfacet
  facet normal 1 0 0
    outer loop
      vertex -9.02396 -6.13057 4
      vertex -9.02396 -8.56609 5.2
      vertex -9.02396 -8.56609 4
    endloop
  endfacet
  facet normal 0 1 -0
    outer loop
      vertex -0.209152 -7.98424 4
      vertex -3.63669 -7.98424 5.2
      vertex -0.209152 -7.98424 5.2
    endloop
  endfacet
  facet normal 0 1 0
    outer loop
      vertex -3.63669 -7.98424 5.2
      vertex -0.209152 -7.98424 4
      vertex -3.63669 -7.98424 4
    endloop
  endfacet
  facet normal 1 -0 0
    outer loop
      vertex -3.63669 -7.98424 5.2
      vertex -3.63669 -6.15295 4
      vertex -3.63669 -6.15295 5.2
    endloop
  endfacet
  facet normal 1 0 0
    outer loop
      vertex -3.63669 -6.15295 4
      vertex -3.63669 -7.98424 5.2
      vertex -3.63669 -7.98424 4
    endloop
  endfacet
  facet normal 0 -1 0
    outer loop
      vertex -3.63669 -6.15295 4
      vertex -0.585846 -6.15295 5.2
      vertex -3.63669 -6.15295 5.2
    endloop
  endfacet
  facet normal 0 -1 -0
    outer loop
      vertex -0.585846 -6.15295 5.2
      vertex -3.63669 -6.15295 4
      vertex -0.585846 -6.15295 4
    endloop
  endfacet
  facet normal 1 -0 0
    outer loop
      vertex -0.585846 -6.15295 5.2
      vertex -0.585846 -5.57861 4
      vertex -0.585846 -5.57861 5.2
    endloop
  endfacet
  facet normal 1 0 0
    outer loop
      vertex -0.585846 -5.57861 4
      vertex -0.585846 -6.15295 5.2
      vertex -0.585846 -6.15295 4
    endloop
  endfacet
  facet normal 0 1 -0
    outer loop
      vertex -0.585846 -5.57861 4
      vertex -3.63669 -5.57861 5.2
      vertex -0.585846 -5.57861 5.2
    endloop
  endfacet
  facet normal 0 1 0
    outer loop
      vertex -3.63669 -5.57861 5.2
      vertex -0.585846 -5.57861 4
      vertex -3.63669 -5.57861 4
    endloop
  endfacet
  facet normal 1 -0 0
    outer loop
      vertex -3.63669 -5.57861 5.2
      vertex -3.63669 -3.89281 4
      vertex -3.63669 -3.89281 5.2
    endloop
  endfacet
  facet normal 1 0 0
    outer loop
      vertex -3.63669 -3.89281 4
      vertex -3.63669 -5.57861 5.2
      vertex -3.63669 -5.57861 4
    endloop
  endfacet
  facet normal 0 -1 0
    outer loop
      vertex -3.63669 -3.89281 4
      vertex -0.362045 -3.89281 5.2
      vertex -3.63669 -3.89281 5.2
    endloop
  endfacet
  facet normal 0 -1 -0
    outer loop
      vertex -0.362045 -3.89281 5.2
      vertex -3.63669 -3.89281 4
      vertex -0.362045 -3.89281 4
    endloop
  endfacet
  facet normal 1 -0 0
    outer loop
      vertex -0.362045 -3.89281 5.2
      vertex -0.362045 -3.31096 4
      vertex -0.362045 -3.31096 5.2
    endloop
  endfacet
  facet normal 1 0 0
    outer loop
      vertex -0.362045 -3.31096 4
      vertex -0.362045 -3.89281 5.2
      vertex -0.362045 -3.89281 4
    endloop
  endfacet
  facet normal 0 1 -0
    outer loop
      vertex -0.362045 -3.31096 4
      vertex -4.34904 -3.31096 5.2
      vertex -0.362045 -3.31096 5.2
    endloop
  endfacet
  facet normal 0 1 0
    outer loop
      vertex -4.34904 -3.31096 5.2
      vertex -0.362045 -3.31096 4
      vertex -4.34904 -3.31096 4
    endloop
  endfacet
  facet normal -1 0 0
    outer loop
      vertex -4.34904 -8.56609 4
      vertex -4.34904 -3.31096 5.2
      vertex -4.34904 -3.31096 4
    endloop
  endfacet
  facet normal -1 -0 0
    outer loop
      vertex -4.34904 -3.31096 5.2
      vertex -4.34904 -8.56609 4
      vertex -4.34904 -8.56609 5.2
    endloop
  endfacet
  facet normal 0 -1 0
    outer loop
      vertex -4.34904 -8.56609 4
      vertex -0.209152 -8.56609 5.2
      vertex -4.34904 -8.56609 5.2
    endloop
  endfacet
  facet normal 0 -1 -0
    outer loop
      vertex -0.209152 -8.56609 5.2
      vertex -4.34904 -8.56609 4
      vertex -0.209152 -8.56609 4
    endloop
  endfacet
  facet normal 1 -0 0
    outer loop
      vertex -0.209152 -8.56609 5.2
      vertex -0.209152 -7.98424 4
      vertex -0.209152 -7.98424 5.2
    endloop
  endfacet
  facet normal 1 0 0
    outer loop
      vertex -0.209152 -7.98424 4
      vertex -0.209152 -8.56609 5.2
      vertex -0.209152 -8.56609 4
    endloop
  endfacet
  facet normal 0 -1 0
    outer loop
      vertex 1.33897 -6.38423 4
      vertex 2.97626 -6.38423 5.2
      vertex 1.33897 -6.38423 5.2
    endloop
  endfacet
  facet normal 0 -1 -0
    outer loop
      vertex 2.97626 -6.38423 5.2
      vertex 1.33897 -6.38423 4
      vertex 2.97626 -6.38423 4
    endloop
  endfacet
  facet normal -0.847745 -0.530403 0
    outer loop
      vertex 4.34137 -8.56609 4
      vertex 2.97626 -6.38423 5.2
      vertex 2.97626 -6.38423 4
    endloop
  endfacet
  facet normal -0.847745 -0.530403 0
    outer loop
      vertex 2.97626 -6.38423 5.2
      vertex 4.34137 -8.56609 4
      vertex 4.34137 -8.56609 5.2
    endloop
  endfacet
  facet normal 0 -1 0
    outer loop
      vertex 4.34137 -8.56609 4
      vertex 5.16191 -8.56609 5.2
      vertex 4.34137 -8.56609 5.2
    endloop
  endfacet
  facet normal 0 -1 -0
    outer loop
      vertex 5.16191 -8.56609 5.2
      vertex 4.34137 -8.56609 4
      vertex 5.16191 -8.56609 4
    endloop
  endfacet
  facet normal 0.835 0.550249 0
    outer loop
      vertex 5.16191 -8.56609 5.2
      vertex 3.67003 -6.30217 4
      vertex 3.67003 -6.30217 5.2
    endloop
  endfacet
  facet normal 0.835 0.550249 0
    outer loop
      vertex 3.67003 -6.30217 4
      vertex 5.16191 -8.56609 5.2
      vertex 5.16191 -8.56609 4
    endloop
  endfacet
  facet normal 0.21752 -0.976056 0
    outer loop
      vertex 3.67003 -6.30217 4
      vertex 3.86298 -6.25917 5.2
      vertex 3.67003 -6.30217 5.2
    endloop
  endfacet
  facet normal 0.21752 -0.976056 0
    outer loop
      vertex 3.86298 -6.25917 5.2
      vertex 3.67003 -6.30217 4
      vertex 3.86298 -6.25917 4
    endloop
  endfacet
  facet normal 0.315478 -0.948933 0
    outer loop
      vertex 3.86298 -6.25917 4
      vertex 4.04153 -6.19981 5.2
      vertex 3.86298 -6.25917 5.2
    endloop
  endfacet
  facet normal 0.315478 -0.948933 0
    outer loop
      vertex 4.04153 -6.19981 5.2
      vertex 3.86298 -6.25917 4
      vertex 4.04153 -6.19981 4
    endloop
  endfacet
  facet normal 0.418981 -0.907995 0
    outer loop
      vertex 4.04153 -6.19981 4
      vertex 4.20567 -6.12407 5.2
      vertex 4.04153 -6.19981 5.2
    endloop
  endfacet
  facet normal 0.418981 -0.907995 0
    outer loop
      vertex 4.20567 -6.12407 5.2
      vertex 4.04153 -6.19981 4
      vertex 4.20567 -6.12407 4
    endloop
  endfacet
  facet normal 0.523875 -0.851795 0
    outer loop
      vertex 4.20567 -6.12407 4
      vertex 4.35542 -6.03197 5.2
      vertex 4.20567 -6.12407 5.2
    endloop
  endfacet
  facet normal 0.523875 -0.851795 0
    outer loop
      vertex 4.35542 -6.03197 5.2
      vertex 4.20567 -6.12407 4
      vertex 4.35542 -6.03197 4
    endloop
  endfacet
  facet normal 0.6253 -0.780385 0
    outer loop
      vertex 4.35542 -6.03197 4
      vertex 4.49078 -5.92351 5.2
      vertex 4.35542 -6.03197 5.2
    endloop
  endfacet
  facet normal 0.6253 -0.780385 0
    outer loop
      vertex 4.49078 -5.92351 5.2
      vertex 4.35542 -6.03197 4
      vertex 4.49078 -5.92351 4
    endloop
  endfacet
  facet normal 0.718207 -0.69583 0
    outer loop
      vertex 4.49078 -5.92351 5.2
      vertex 4.61174 -5.79866 4
      vertex 4.61174 -5.79866 5.2
    endloop
  endfacet
  facet normal 0.718207 -0.69583 0
    outer loop
      vertex 4.61174 -5.79866 4
      vertex 4.49078 -5.92351 5.2
      vertex 4.49078 -5.92351 4
    endloop
  endfacet
  facet normal 0.79825 -0.602326 0
    outer loop
      vertex 4.61174 -5.79866 5.2
      vertex 4.71602 -5.66046 4
      vertex 4.71602 -5.66046 5.2
    endloop
  endfacet
  facet normal 0.79825 -0.602326 0
    outer loop
      vertex 4.71602 -5.66046 4
      vertex 4.61174 -5.79866 5.2
      vertex 4.61174 -5.79866 4
    endloop
  endfacet
  facet normal 0.867138 -0.498068 0
    outer loop
      vertex 4.71602 -5.66046 5.2
      vertex 4.80135 -5.5119 4
      vertex 4.80135 -5.5119 5.2
    endloop
  endfacet
  facet normal 0.867138 -0.498068 0
    outer loop
      vertex 4.80135 -5.5119 4
      vertex 4.71602 -5.66046 5.2
      vertex 4.71602 -5.66046 4
    endloop
  endfacet
  facet normal 0.922831 -0.385205 0
    outer loop
      vertex 4.80135 -5.5119 5.2
      vertex 4.86769 -5.35297 4
      vertex 4.86769 -5.35297 5.2
    endloop
  endfacet
  facet normal 0.922831 -0.385205 0
    outer loop
      vertex 4.86769 -5.35297 4
      vertex 4.80135 -5.5119 5.2
      vertex 4.80135 -5.5119 4
    endloop
  endfacet
  facet normal 0.962943 -0.269706 0
    outer loop
      vertex 4.86769 -5.35297 5.2
      vertex 4.9151 -5.1837 4
      vertex 4.9151 -5.1837 5.2
    endloop
  endfacet
  facet normal 0.962943 -0.269706 0
    outer loop
      vertex 4.9151 -5.1837 4
      vertex 4.86769 -5.35297 5.2
      vertex 4.86769 -5.35297 4
    endloop
  endfacet
  facet normal 0.987699 -0.156369 0
    outer loop
      vertex 4.9151 -5.1837 5.2
      vertex 4.94354 -5.00406 4
      vertex 4.94354 -5.00406 5.2
    endloop
  endfacet
  facet normal 0.987699 -0.156369 0
    outer loop
      vertex 4.94354 -5.00406 4
      vertex 4.9151 -5.1837 5.2
      vertex 4.9151 -5.1837 4
    endloop
  endfacet
  facet normal 0.998758 -0.0498327 0
    outer loop
      vertex 4.94354 -5.00406 5.2
      vertex 4.95302 -4.81406 4
      vertex 4.95302 -4.81406 5.2
    endloop
  endfacet
  facet normal 0.998758 -0.0498327 0
    outer loop
      vertex 4.95302 -4.81406 4
      vertex 4.94354 -5.00406 5.2
      vertex 4.94354 -5.00406 4
    endloop
  endfacet
  facet normal 0.998268 0.0588249 0
    outer loop
      vertex 4.95302 -4.81406 5.2
      vertex 4.93961 -4.58649 4
      vertex 4.93961 -4.58649 5.2
    endloop
  endfacet
  facet normal 0.998268 0.0588249 0
    outer loop
      vertex 4.93961 -4.58649 4
      vertex 4.95302 -4.81406 5.2
      vertex 4.95302 -4.81406 4
    endloop
  endfacet
  facet normal 0.982159 0.188052 0
    outer loop
      vertex 4.93961 -4.58649 5.2
      vertex 4.89935 -4.37622 4
      vertex 4.89935 -4.37622 5.2
    endloop
  endfacet
  facet normal 0.982159 0.188052 0
    outer loop
      vertex 4.89935 -4.37622 4
      vertex 4.93961 -4.58649 5.2
      vertex 4.93961 -4.58649 4
    endloop
  endfacet
  facet normal 0.944548 0.328374 0
    outer loop
      vertex 4.89935 -4.37622 5.2
      vertex 4.83226 -4.18324 4
      vertex 4.83226 -4.18324 5.2
    endloop
  endfacet
  facet normal 0.944548 0.328374 0
    outer loop
      vertex 4.83226 -4.18324 4
      vertex 4.89935 -4.37622 5.2
      vertex 4.89935 -4.37622 4
    endloop
  endfacet
  facet normal 0.881863 0.471505 0
    outer loop
      vertex 4.83226 -4.18324 5.2
      vertex 4.73834 -4.00758 4
      vertex 4.73834 -4.00758 5.2
    endloop
  endfacet
  facet normal 0.881863 0.471505 0
    outer loop
      vertex 4.73834 -4.00758 4
      vertex 4.83226 -4.18324 5.2
      vertex 4.83226 -4.18324 4
    endloop
  endfacet
  facet normal 0.795208 0.606337 0
    outer loop
      vertex 4.73834 -4.00758 5.2
      vertex 4.6176 -3.84923 4
      vertex 4.6176 -3.84923 5.2
    endloop
  endfacet
  facet normal 0.795208 0.606337 0
    outer loop
      vertex 4.6176 -3.84923 4
      vertex 4.73834 -4.00758 5.2
      vertex 4.73834 -4.00758 4
    endloop
  endfacet
  facet normal 0.690883 0.722966 -0
    outer loop
      vertex 4.6176 -3.84923 4
      vertex 4.47 -3.70818 5.2
      vertex 4.6176 -3.84923 5.2
    endloop
  endfacet
  facet normal 0.690883 0.722966 0
    outer loop
      vertex 4.47 -3.70818 5.2
      vertex 4.6176 -3.84923 4
      vertex 4.47 -3.70818 4
    endloop
  endfacet
  facet normal 0.576059 0.817408 -0
    outer loop
      vertex 4.47 -3.70818 4
      vertex 4.29778 -3.58681 5.2
      vertex 4.47 -3.70818 5.2
    endloop
  endfacet
  facet normal 0.576059 0.817408 0
    outer loop
      vertex 4.29778 -3.58681 5.2
      vertex 4.47 -3.70818 4
      vertex 4.29778 -3.58681 4
    endloop
  endfacet
  facet normal 0.454355 0.890821 -0
    outer loop
      vertex 4.29778 -3.58681 4
      vertex 4.10307 -3.4875 5.2
      vertex 4.29778 -3.58681 5.2
    endloop
  endfacet
  facet normal 0.454355 0.890821 0
    outer loop
      vertex 4.10307 -3.4875 5.2
      vertex 4.29778 -3.58681 4
      vertex 4.10307 -3.4875 4
    endloop
  endfacet
  facet normal 0.335047 0.942201 -0
    outer loop
      vertex 4.10307 -3.4875 4
      vertex 3.88586 -3.41026 5.2
      vertex 4.10307 -3.4875 5.2
    endloop
  endfacet
  facet normal 0.335047 0.942201 0
    outer loop
      vertex 3.88586 -3.41026 5.2
      vertex 4.10307 -3.4875 4
      vertex 3.88586 -3.41026 4
    endloop
  endfacet
  facet normal 0.224277 0.974525 -0
    outer loop
      vertex 3.88586 -3.41026 4
      vertex 3.64618 -3.3551 5.2
      vertex 3.88586 -3.41026 5.2
    endloop
  endfacet
  facet normal 0.224277 0.974525 0
    outer loop
      vertex 3.64618 -3.3551 5.2
      vertex 3.88586 -3.41026 4
      vertex 3.64618 -3.3551 4
    endloop
  endfacet
  facet normal 0.125292 0.99212 -0
    outer loop
      vertex 3.64618 -3.3551 4
      vertex 3.384 -3.32199 5.2
      vertex 3.64618 -3.3551 5.2
    endloop
  endfacet
  facet normal 0.125292 0.99212 0
    outer loop
      vertex 3.384 -3.32199 5.2
      vertex 3.64618 -3.3551 4
      vertex 3.384 -3.32199 4
    endloop
  endfacet
  facet normal 0.0387203 0.99925 -0
    outer loop
      vertex 3.384 -3.32199 4
      vertex 3.09935 -3.31096 5.2
      vertex 3.384 -3.32199 5.2
    endloop
  endfacet
  facet normal 0.0387203 0.99925 0
    outer loop
      vertex 3.09935 -3.31096 5.2
      vertex 3.384 -3.32199 4
      vertex 3.09935 -3.31096 4
    endloop
  endfacet
  facet normal 0 1 -0
    outer loop
      vertex 3.09935 -3.31096 4
      vertex 0.626602 -3.31096 5.2
      vertex 3.09935 -3.31096 5.2
    endloop
  endfacet
  facet normal 0 1 0
    outer loop
      vertex 0.626602 -3.31096 5.2
      vertex 3.09935 -3.31096 4
      vertex 0.626602 -3.31096 4
    endloop
  endfacet
  facet normal -1 0 0
    outer loop
      vertex 0.626602 -8.56609 4
      vertex 0.626602 -3.31096 5.2
      vertex 0.626602 -3.31096 4
    endloop
  endfacet
  facet normal -1 -0 0
    outer loop
      vertex 0.626602 -3.31096 5.2
      vertex 0.626602 -8.56609 4
      vertex 0.626602 -8.56609 5.2
    endloop
  endfacet
  facet normal 0 -1 0
    outer loop
      vertex 0.626602 -8.56609 4
      vertex 1.33897 -8.56609 5.2
      vertex 0.626602 -8.56609 5.2
    endloop
  endfacet
  facet normal 0 -1 -0
    outer loop
      vertex 1.33897 -8.56609 5.2
      vertex 0.626602 -8.56609 4
      vertex 1.33897 -8.56609 4
    endloop
  endfacet
  facet normal 1 -0 0
    outer loop
      vertex 1.33897 -8.56609 5.2
      vertex 1.33897 -6.38423 4
      vertex 1.33897 -6.38423 5.2
    endloop
  endfacet
  facet normal 1 0 0
    outer loop
      vertex 1.33897 -6.38423 4
      vertex 1.33897 -8.56609 5.2
      vertex 1.33897 -8.56609 4
    endloop
  endfacet
  facet normal 1 -0 0
    outer loop
      vertex 1.33897 -5.82104 5.2
      vertex 1.33897 -3.88159 4
      vertex 1.33897 -3.88159 5.2
    endloop
  endfacet
  facet normal 1 0 0
    outer loop
      vertex 1.33897 -3.88159 4
      vertex 1.33897 -5.82104 5.2
      vertex 1.33897 -5.82104 4
    endloop
  endfacet
  facet normal 0 -1 0
    outer loop
      vertex 1.33897 -3.88159 4
      vertex 3.02852 -3.88159 5.2
      vertex 1.33897 -3.88159 5.2
    endloop
  endfacet
  facet normal 0 -1 -0
    outer loop
      vertex 3.02852 -3.88159 5.2
      vertex 1.33897 -3.88159 4
      vertex 3.02852 -3.88159 4
    endloop
  endfacet
  facet normal -0.0356459 -0.999364 0
    outer loop
      vertex 3.02852 -3.88159 4
      vertex 3.21608 -3.88828 5.2
      vertex 3.02852 -3.88159 5.2
    endloop
  endfacet
  facet normal -0.0356459 -0.999364 -0
    outer loop
      vertex 3.21608 -3.88828 5.2
      vertex 3.02852 -3.88159 4
      vertex 3.21608 -3.88828 4
    endloop
  endfacet
  facet normal -0.115453 -0.993313 0
    outer loop
      vertex 3.21608 -3.88828 4
      vertex 3.38841 -3.90831 5.2
      vertex 3.21608 -3.88828 5.2
    endloop
  endfacet
  facet normal -0.115453 -0.993313 -0
    outer loop
      vertex 3.38841 -3.90831 5.2
      vertex 3.21608 -3.88828 4
      vertex 3.38841 -3.90831 4
    endloop
  endfacet
  facet normal -0.208062 -0.978116 0
    outer loop
      vertex 3.38841 -3.90831 4
      vertex 3.54552 -3.94173 5.2
      vertex 3.38841 -3.90831 5.2
    endloop
  endfacet
  facet normal -0.208062 -0.978116 -0
    outer loop
      vertex 3.54552 -3.94173 5.2
      vertex 3.38841 -3.90831 4
      vertex 3.54552 -3.94173 4
    endloop
  endfacet
  facet normal -0.313153 -0.949703 0
    outer loop
      vertex 3.54552 -3.94173 4
      vertex 3.68739 -3.98851 5.2
      vertex 3.54552 -3.94173 5.2
    endloop
  endfacet
  facet normal -0.313153 -0.949703 -0
    outer loop
      vertex 3.68739 -3.98851 5.2
      vertex 3.54552 -3.94173 4
      vertex 3.68739 -3.98851 4
    endloop
  endfacet
  facet normal -0.428948 -0.903329 0
    outer loop
      vertex 3.68739 -3.98851 4
      vertex 3.81404 -4.04865 5.2
      vertex 3.68739 -3.98851 5.2
    endloop
  endfacet
  facet normal -0.428948 -0.903329 -0
    outer loop
      vertex 3.81404 -4.04865 5.2
      vertex 3.68739 -3.98851 4
      vertex 3.81404 -4.04865 4
    endloop
  endfacet
  facet normal -0.550735 -0.83468 0
    outer loop
      vertex 3.81404 -4.04865 4
      vertex 3.92545 -4.12216 5.2
      vertex 3.81404 -4.04865 5.2
    endloop
  endfacet
  facet normal -0.550735 -0.83468 -0
    outer loop
      vertex 3.92545 -4.12216 5.2
      vertex 3.81404 -4.04865 4
      vertex 3.92545 -4.12216 4
    endloop
  endfacet
  facet normal -0.671525 -0.740982 0
    outer loop
      vertex 3.92545 -4.12216 4
      vertex 4.02061 -4.2084 5.2
      vertex 3.92545 -4.12216 5.2
    endloop
  endfacet
  facet normal -0.671525 -0.740982 -0
    outer loop
      vertex 4.02061 -4.2084 5.2
      vertex 3.92545 -4.12216 4
      vertex 4.02061 -4.2084 4
    endloop
  endfacet
  facet normal -0.784023 -0.620732 0
    outer loop
      vertex 4.0985 -4.30678 4
      vertex 4.02061 -4.2084 5.2
      vertex 4.02061 -4.2084 4
    endloop
  endfacet
  facet normal -0.784023 -0.620732 0
    outer loop
      vertex 4.02061 -4.2084 5.2
      vertex 4.0985 -4.30678 4
      vertex 4.0985 -4.30678 5.2
    endloop
  endfacet
  facet normal -0.876917 -0.480642 0
    outer loop
      vertex 4.15906 -4.41727 4
      vertex 4.0985 -4.30678 5.2
      vertex 4.0985 -4.30678 4
    endloop
  endfacet
  facet normal -0.876917 -0.480642 0
    outer loop
      vertex 4.0985 -4.30678 5.2
      vertex 4.15906 -4.41727 4
      vertex 4.15906 -4.41727 5.2
    endloop
  endfacet
  facet normal -0.943033 -0.332699 0
    outer loop
      vertex 4.20232 -4.53989 4
      vertex 4.15906 -4.41727 5.2
      vertex 4.15906 -4.41727 4
    endloop
  endfacet
  facet normal -0.943033 -0.332699 0
    outer loop
      vertex 4.15906 -4.41727 5.2
      vertex 4.20232 -4.53989 4
      vertex 4.20232 -4.53989 5.2
    endloop
  endfacet
  facet normal -0.981952 -0.189131 0
    outer loop
      vertex 4.22827 -4.67462 4
      vertex 4.20232 -4.53989 5.2
      vertex 4.20232 -4.53989 4
    endloop
  endfacet
  facet normal -0.981952 -0.189131 0
    outer loop
      vertex 4.20232 -4.53989 5.2
      vertex 4.22827 -4.67462 4
      vertex 4.22827 -4.67462 5.2
    endloop
  endfacet
  facet normal -0.99827 -0.0587937 0
    outer loop
      vertex 4.23692 -4.82149 4
      vertex 4.22827 -4.67462 5.2
      vertex 4.22827 -4.67462 4
    endloop
  endfacet
  facet normal -0.99827 -0.0587937 0
    outer loop
      vertex 4.22827 -4.67462 5.2
      vertex 4.23692 -4.82149 4
      vertex 4.23692 -4.82149 5.2
    endloop
  endfacet
  facet normal -0.998418 0.0562193 0
    outer loop
      vertex 4.22836 -4.97351 4
      vertex 4.23692 -4.82149 5.2
      vertex 4.23692 -4.82149 4
    endloop
  endfacet
  facet normal -0.998418 0.0562193 0
    outer loop
      vertex 4.23692 -4.82149 5.2
      vertex 4.22836 -4.97351 4
      vertex 4.22836 -4.97351 5.2
    endloop
  endfacet
  facet normal -0.983729 0.179656 0
    outer loop
      vertex 4.20273 -5.11385 4
      vertex 4.22836 -4.97351 5.2
      vertex 4.22836 -4.97351 4
    endloop
  endfacet
  facet normal -0.983729 0.179656 0
    outer loop
      vertex 4.22836 -4.97351 5.2
      vertex 4.20273 -5.11385 4
      vertex 4.20273 -5.11385 5.2
    endloop
  endfacet
  facet normal -0.948971 0.315364 0
    outer loop
      vertex 4.15999 -5.24246 4
      vertex 4.20273 -5.11385 5.2
      vertex 4.20273 -5.11385 4
    endloop
  endfacet
  facet normal -0.948971 0.315364 0
    outer loop
      vertex 4.20273 -5.11385 5.2
      vertex 4.15999 -5.24246 4
      vertex 4.15999 -5.24246 5.2
    endloop
  endfacet
  facet normal -0.890154 0.45566 0
    outer loop
      vertex 4.10014 -5.35938 4
      vertex 4.15999 -5.24246 5.2
      vertex 4.15999 -5.24246 4
    endloop
  endfacet
  facet normal -0.890154 0.45566 0
    outer loop
      vertex 4.15999 -5.24246 5.2
      vertex 4.10014 -5.35938 4
      vertex 4.10014 -5.35938 5.2
    endloop
  endfacet
  facet normal -0.807234 0.590232 0
    outer loop
      vertex 4.02322 -5.46458 4
      vertex 4.10014 -5.35938 5.2
      vertex 4.10014 -5.35938 4
    endloop
  endfacet
  facet normal -0.807234 0.590232 0
    outer loop
      vertex 4.10014 -5.35938 5.2
      vertex 4.02322 -5.46458 4
      vertex 4.02322 -5.46458 5.2
    endloop
  endfacet
  facet normal -0.705181 0.709027 0
    outer loop
      vertex 4.02322 -5.46458 4
      vertex 3.9292 -5.55809 5.2
      vertex 4.02322 -5.46458 5.2
    endloop
  endfacet
  facet normal -0.705181 0.709027 0
    outer loop
      vertex 3.9292 -5.55809 5.2
      vertex 4.02322 -5.46458 4
      vertex 3.9292 -5.55809 4
    endloop
  endfacet
  facet normal -0.591006 0.806667 0
    outer loop
      vertex 3.9292 -5.55809 4
      vertex 3.81953 -5.63844 5.2
      vertex 3.9292 -5.55809 5.2
    endloop
  endfacet
  facet normal -0.591006 0.806667 0
    outer loop
      vertex 3.81953 -5.63844 5.2
      vertex 3.9292 -5.55809 4
      vertex 3.81953 -5.63844 4
    endloop
  endfacet
  facet normal -0.468877 0.883263 0
    outer loop
      vertex 3.81953 -5.63844 4
      vertex 3.69569 -5.70418 5.2
      vertex 3.81953 -5.63844 5.2
    endloop
  endfacet
  facet normal -0.468877 0.883263 0
    outer loop
      vertex 3.69569 -5.70418 5.2
      vertex 3.81953 -5.63844 4
      vertex 3.69569 -5.70418 4
    endloop
  endfacet
  facet normal -0.347294 0.937756 0
    outer loop
      vertex 3.69569 -5.70418 4
      vertex 3.55763 -5.75531 5.2
      vertex 3.69569 -5.70418 5.2
    endloop
  endfacet
  facet normal -0.347294 0.937756 0
    outer loop
      vertex 3.55763 -5.75531 5.2
      vertex 3.69569 -5.70418 4
      vertex 3.55763 -5.75531 4
    endloop
  endfacet
  facet normal -0.233342 0.972395 0
    outer loop
      vertex 3.55763 -5.75531 4
      vertex 3.4054 -5.79184 5.2
      vertex 3.55763 -5.75531 5.2
    endloop
  endfacet
  facet normal -0.233342 0.972395 0
    outer loop
      vertex 3.4054 -5.79184 5.2
      vertex 3.55763 -5.75531 4
      vertex 3.4054 -5.79184 4
    endloop
  endfacet
  facet normal -0.130505 0.991448 0
    outer loop
      vertex 3.4054 -5.79184 4
      vertex 3.23895 -5.81375 5.2
      vertex 3.4054 -5.79184 5.2
    endloop
  endfacet
  facet normal -0.130505 0.991448 0
    outer loop
      vertex 3.23895 -5.81375 5.2
      vertex 3.4054 -5.79184 4
      vertex 3.23895 -5.81375 4
    endloop
  endfacet
  facet normal -0.0403259 0.999187 0
    outer loop
      vertex 3.23895 -5.81375 4
      vertex 3.05832 -5.82104 5.2
      vertex 3.23895 -5.81375 5.2
    endloop
  endfacet
  facet normal -0.0403259 0.999187 0
    outer loop
      vertex 3.05832 -5.82104 5.2
      vertex 3.23895 -5.81375 4
      vertex 3.05832 -5.82104 4
    endloop
  endfacet
  facet normal 0 1 -0
    outer loop
      vertex 3.05832 -5.82104 4
      vertex 1.33897 -5.82104 5.2
      vertex 3.05832 -5.82104 5.2
    endloop
  endfacet
  facet normal 0 1 0
    outer loop
      vertex 1.33897 -5.82104 5.2
      vertex 3.05832 -5.82104 4
      vertex 1.33897 -5.82104 4
    endloop
  endfacet
  facet normal 0 1 -0
    outer loop
      vertex 10.1538 -7.98424 4
      vertex 6.72623 -7.98424 5.2
      vertex 10.1538 -7.98424 5.2
    endloop
  endfacet
  facet normal 0 1 0
    outer loop
      vertex 6.72623 -7.98424 5.2
      vertex 10.1538 -7.98424 4
      vertex 6.72623 -7.98424 4
    endloop
  endfacet
  facet normal 1 -0 0
    outer loop
      vertex 6.72623 -7.98424 5.2
      vertex 6.72623 -6.15295 4
      vertex 6.72623 -6.15295 5.2
    endloop
  endfacet
  facet normal 1 0 0
    outer loop
      vertex 6.72623 -6.15295 4
      vertex 6.72623 -7.98424 5.2
      vertex 6.72623 -7.98424 4
    endloop
  endfacet
  facet normal 0 -1 0
    outer loop
      vertex 6.72623 -6.15295 4
      vertex 9.77708 -6.15295 5.2
      vertex 6.72623 -6.15295 5.2
    endloop
  endfacet
  facet normal 0 -1 -0
    outer loop
      vertex 9.77708 -6.15295 5.2
      vertex 6.72623 -6.15295 4
      vertex 9.77708 -6.15295 4
    endloop
  endfacet
  facet normal 1 -0 0
    outer loop
      vertex 9.77708 -6.15295 5.2
      vertex 9.77708 -5.57861 4
      vertex 9.77708 -5.57861 5.2
    endloop
  endfacet
  facet normal 1 0 0
    outer loop
      vertex 9.77708 -5.57861 4
      vertex 9.77708 -6.15295 5.2
      vertex 9.77708 -6.15295 4
    endloop
  endfacet
  facet normal 0 1 -0
    outer loop
      vertex 9.77708 -5.57861 4
      vertex 6.72623 -5.57861 5.2
      vertex 9.77708 -5.57861 5.2
    endloop
  endfacet
  facet normal 0 1 0
    outer loop
      vertex 6.72623 -5.57861 5.2
      vertex 9.77708 -5.57861 4
      vertex 6.72623 -5.57861 4
    endloop
  endfacet
  facet normal 1 -0 0
    outer loop
      vertex 6.72623 -5.57861 5.2
      vertex 6.72623 -3.89281 4
      vertex 6.72623 -3.89281 5.2
    endloop
  endfacet
  facet normal 1 0 0
    outer loop
      vertex 6.72623 -3.89281 4
      vertex 6.72623 -5.57861 5.2
      vertex 6.72623 -5.57861 4
    endloop
  endfacet
  facet normal 0 -1 0
    outer loop
      vertex 6.72623 -3.89281 4
      vertex 10.0009 -3.89281 5.2
      vertex 6.72623 -3.89281 5.2
    endloop
  endfacet
  facet normal 0 -1 -0
    outer loop
      vertex 10.0009 -3.89281 5.2
      vertex 6.72623 -3.89281 4
      vertex 10.0009 -3.89281 4
    endloop
  endfacet
  facet normal 1 -0 0
    outer loop
      vertex 10.0009 -3.89281 5.2
      vertex 10.0009 -3.31096 4
      vertex 10.0009 -3.31096 5.2
    endloop
  endfacet
  facet normal 1 0 0
    outer loop
      vertex 10.0009 -3.31096 4
      vertex 10.0009 -3.89281 5.2
      vertex 10.0009 -3.89281 4
    endloop
  endfacet
  facet normal 0 1 -0
    outer loop
      vertex 10.0009 -3.31096 4
      vertex 6.01387 -3.31096 5.2
      vertex 10.0009 -3.31096 5.2
    endloop
  endfacet
  facet normal 0 1 0
    outer loop
      vertex 6.01387 -3.31096 5.2
      vertex 10.0009 -3.31096 4
      vertex 6.01387 -3.31096 4
    endloop
  endfacet
  facet normal -1 0 0
    outer loop
      vertex 6.01387 -8.56609 4
      vertex 6.01387 -3.31096 5.2
      vertex 6.01387 -3.31096 4
    endloop
  endfacet
  facet normal -1 -0 0
    outer loop
      vertex 6.01387 -3.31096 5.2
      vertex 6.01387 -8.56609 4
      vertex 6.01387 -8.56609 5.2
    endloop
  endfacet
  facet normal 0 -1 0
    outer loop
      vertex 6.01387 -8.56609 4
      vertex 10.1538 -8.56609 5.2
      vertex 6.01387 -8.56609 5.2
    endloop
  endfacet
  facet normal 0 -1 -0
    outer loop
      vertex 10.1538 -8.56609 5.2
      vertex 6.01387 -8.56609 4
      vertex 10.1538 -8.56609 4
    endloop
  endfacet
  facet normal 1 -0 0
    outer loop
      vertex 10.1538 -8.56609 5.2
      vertex 10.1538 -7.98424 4
      vertex 10.1538 -7.98424 5.2
    endloop
  endfacet
  facet normal 1 0 0
    outer loop
      vertex 10.1538 -7.98424 4
      vertex 10.1538 -8.56609 5.2
      vertex 10.1538 -8.56609 4
    endloop
  endfacet
  facet normal -0.76038 -0.649478 0
    outer loop
      vertex -34.1213 -13.1213 3
      vertex -34.427 -12.7634 4
      vertex -34.427 -12.7634 3
    endloop
  endfacet
  facet normal -0.76038 -0.649478 0
    outer loop
      vertex -34.427 -12.7634 4
      vertex -34.1213 -13.1213 3
      vertex -34.1213 -13.1213 4
    endloop
  endfacet
  facet normal -0.85262 -0.522532 0
    outer loop
      vertex -34.427 -12.7634 3
      vertex -34.673 -12.362 4
      vertex -34.673 -12.362 3
    endloop
  endfacet
  facet normal -0.85262 -0.522532 0
    outer loop
      vertex -34.673 -12.362 4
      vertex -34.427 -12.7634 3
      vertex -34.427 -12.7634 4
    endloop
  endfacet
  facet normal 0 1 -0
    outer loop
      vertex 32 14 3
      vertex -32 14 4
      vertex 32 14 4
    endloop
  endfacet
  facet normal 0 1 0
    outer loop
      vertex -32 14 4
      vertex 32 14 3
      vertex -32 14 3
    endloop
  endfacet
  facet normal 0.382714 -0.923867 0
    outer loop
      vertex 32.927 -13.8532 3
      vertex 33.362 -13.673 4
      vertex 32.927 -13.8532 4
    endloop
  endfacet
  facet normal 0.382714 -0.923867 0
    outer loop
      vertex 33.362 -13.673 4
      vertex 32.927 -13.8532 3
      vertex 33.362 -13.673 3
    endloop
  endfacet
  facet normal -0.923867 0.382714 0
    outer loop
      vertex -34.8532 11.927 3
      vertex -34.673 12.362 4
      vertex -34.673 12.362 3
    endloop
  endfacet
  facet normal -0.923867 0.382714 0
    outer loop
      vertex -34.673 12.362 4
      vertex -34.8532 11.927 3
      vertex -34.8532 11.927 4
    endloop
  endfacet
  facet normal -1 0 0
    outer loop
      vertex -35 -11 3
      vertex -35 11 4
      vertex -35 11 3
    endloop
  endfacet
  facet normal -1 -0 0
    outer loop
      vertex -35 11 4
      vertex -35 -11 3
      vertex -35 -11 4
    endloop
  endfacet
  facet normal 1 -0 0
    outer loop
      vertex 35 -11 4
      vertex 35 11 3
      vertex 35 11 4
    endloop
  endfacet
  facet normal 1 0 0
    outer loop
      vertex 35 11 3
      vertex 35 -11 4
      vertex 35 -11 3
    endloop
  endfacet
  facet normal 0 -1 0
    outer loop
      vertex -32 -14 3
      vertex 32 -14 4
      vertex -32 -14 4
    endloop
  endfacet
  facet normal 0 -1 -0
    outer loop
      vertex 32 -14 4
      vertex -32 -14 3
      vertex 32 -14 3
    endloop
  endfacet
  facet normal -0.923867 -0.382714 0
    outer loop
      vertex -34.673 -12.362 3
      vertex -34.8532 -11.927 4
      vertex -34.8532 -11.927 3
    endloop
  endfacet
  facet normal -0.923867 -0.382714 0
    outer loop
      vertex -34.8532 -11.927 4
      vertex -34.673 -12.362 3
      vertex -34.673 -12.362 4
    endloop
  endfacet
  facet normal -0.233477 0.972362 0
    outer loop
      vertex -32.4693 13.9631 3
      vertex -32.927 13.8532 4
      vertex -32.4693 13.9631 4
    endloop
  endfacet
  facet normal -0.233477 0.972362 0
    outer loop
      vertex -32.927 13.8532 4
      vertex -32.4693 13.9631 3
      vertex -32.927 13.8532 3
    endloop
  endfacet
  facet normal -0.76038 0.649478 0
    outer loop
      vertex -34.427 12.7634 3
      vertex -34.1213 13.1213 4
      vertex -34.1213 13.1213 3
    endloop
  endfacet
  facet normal -0.76038 0.649478 0
    outer loop
      vertex -34.1213 13.1213 4
      vertex -34.427 12.7634 3
      vertex -34.427 12.7634 4
    endloop
  endfacet
  facet normal 0.923867 0.382714 0
    outer loop
      vertex 34.8532 11.927 4
      vertex 34.673 12.362 3
      vertex 34.673 12.362 4
    endloop
  endfacet
  facet normal 0.923867 0.382714 0
    outer loop
      vertex 34.673 12.362 3
      vertex 34.8532 11.927 4
      vertex 34.8532 11.927 3
    endloop
  endfacet
  facet normal -0.382714 -0.923867 0
    outer loop
      vertex -33.362 -13.673 3
      vertex -32.927 -13.8532 4
      vertex -33.362 -13.673 4
    endloop
  endfacet
  facet normal -0.382714 -0.923867 -0
    outer loop
      vertex -32.927 -13.8532 4
      vertex -33.362 -13.673 3
      vertex -32.927 -13.8532 3
    endloop
  endfacet
  facet normal -0.649478 -0.76038 0
    outer loop
      vertex -34.1213 -13.1213 3
      vertex -33.7634 -13.427 4
      vertex -34.1213 -13.1213 4
    endloop
  endfacet
  facet normal -0.649478 -0.76038 -0
    outer loop
      vertex -33.7634 -13.427 4
      vertex -34.1213 -13.1213 3
      vertex -33.7634 -13.427 3
    endloop
  endfacet
  facet normal 0.0783858 -0.996923 0
    outer loop
      vertex 32 -14 3
      vertex 32.4693 -13.9631 4
      vertex 32 -14 4
    endloop
  endfacet
  facet normal 0.0783858 -0.996923 0
    outer loop
      vertex 32.4693 -13.9631 4
      vertex 32 -14 3
      vertex 32.4693 -13.9631 3
    endloop
  endfacet
  facet normal 0.76038 0.649478 0
    outer loop
      vertex 34.427 12.7634 4
      vertex 34.1213 13.1213 3
      vertex 34.1213 13.1213 4
    endloop
  endfacet
  facet normal 0.76038 0.649478 0
    outer loop
      vertex 34.1213 13.1213 3
      vertex 34.427 12.7634 4
      vertex 34.427 12.7634 3
    endloop
  endfacet
  facet normal 0.382714 0.923867 -0
    outer loop
      vertex 33.362 13.673 3
      vertex 32.927 13.8532 4
      vertex 33.362 13.673 4
    endloop
  endfacet
  facet normal 0.382714 0.923867 0
    outer loop
      vertex 32.927 13.8532 4
      vertex 33.362 13.673 3
      vertex 32.927 13.8532 3
    endloop
  endfacet
  facet normal 0.0783858 0.996923 -0
    outer loop
      vertex 32.4693 13.9631 3
      vertex 32 14 4
      vertex 32.4693 13.9631 4
    endloop
  endfacet
  facet normal 0.0783858 0.996923 0
    outer loop
      vertex 32 14 4
      vertex 32.4693 13.9631 3
      vertex 32 14 3
    endloop
  endfacet
  facet normal 0.649478 0.76038 -0
    outer loop
      vertex 34.1213 13.1213 3
      vertex 33.7634 13.427 4
      vertex 34.1213 13.1213 4
    endloop
  endfacet
  facet normal 0.649478 0.76038 0
    outer loop
      vertex 33.7634 13.427 4
      vertex 34.1213 13.1213 3
      vertex 33.7634 13.427 3
    endloop
  endfacet
  facet normal 0.522532 0.85262 -0
    outer loop
      vertex 33.7634 13.427 3
      vertex 33.362 13.673 4
      vertex 33.7634 13.427 4
    endloop
  endfacet
  facet normal 0.522532 0.85262 0
    outer loop
      vertex 33.362 13.673 4
      vertex 33.7634 13.427 3
      vertex 33.362 13.673 3
    endloop
  endfacet
  facet normal -0.0783858 0.996923 0
    outer loop
      vertex -32 14 3
      vertex -32.4693 13.9631 4
      vertex -32 14 4
    endloop
  endfacet
  facet normal -0.0783858 0.996923 0
    outer loop
      vertex -32.4693 13.9631 4
      vertex -32 14 3
      vertex -32.4693 13.9631 3
    endloop
  endfacet
  facet normal -0.382714 0.923867 0
    outer loop
      vertex -32.927 13.8532 3
      vertex -33.362 13.673 4
      vertex -32.927 13.8532 4
    endloop
  endfacet
  facet normal -0.382714 0.923867 0
    outer loop
      vertex -33.362 13.673 4
      vertex -32.927 13.8532 3
      vertex -33.362 13.673 3
    endloop
  endfacet
  facet normal -0.996923 -0.0783858 0
    outer loop
      vertex -34.9631 -11.4693 3
      vertex -35 -11 4
      vertex -35 -11 3
    endloop
  endfacet
  facet normal -0.996923 -0.0783858 0
    outer loop
      vertex -35 -11 4
      vertex -34.9631 -11.4693 3
      vertex -34.9631 -11.4693 4
    endloop
  endfacet
  facet normal -0.522532 0.85262 0
    outer loop
      vertex -33.362 13.673 3
      vertex -33.7634 13.427 4
      vertex -33.362 13.673 4
    endloop
  endfacet
  facet normal -0.522532 0.85262 0
    outer loop
      vertex -33.7634 13.427 4
      vertex -33.362 13.673 3
      vertex -33.7634 13.427 3
    endloop
  endfacet
  facet normal -0.649478 0.76038 0
    outer loop
      vertex -33.7634 13.427 3
      vertex -34.1213 13.1213 4
      vertex -33.7634 13.427 4
    endloop
  endfacet
  facet normal -0.649478 0.76038 0
    outer loop
      vertex -34.1213 13.1213 4
      vertex -33.7634 13.427 3
      vertex -34.1213 13.1213 3
    endloop
  endfacet
  facet normal -0.996923 0.0783858 0
    outer loop
      vertex -35 11 3
      vertex -34.9631 11.4693 4
      vertex -34.9631 11.4693 3
    endloop
  endfacet
  facet normal -0.996923 0.0783858 0
    outer loop
      vertex -34.9631 11.4693 4
      vertex -35 11 3
      vertex -35 11 4
    endloop
  endfacet
  facet normal -0.972362 0.233477 0
    outer loop
      vertex -34.9631 11.4693 3
      vertex -34.8532 11.927 4
      vertex -34.8532 11.927 3
    endloop
  endfacet
  facet normal -0.972362 0.233477 0
    outer loop
      vertex -34.8532 11.927 4
      vertex -34.9631 11.4693 3
      vertex -34.9631 11.4693 4
    endloop
  endfacet
  facet normal -0.85262 0.522532 0
    outer loop
      vertex -34.673 12.362 3
      vertex -34.427 12.7634 4
      vertex -34.427 12.7634 3
    endloop
  endfacet
  facet normal -0.85262 0.522532 0
    outer loop
      vertex -34.427 12.7634 4
      vertex -34.673 12.362 3
      vertex -34.673 12.362 4
    endloop
  endfacet
  facet normal 0.85262 0.522532 0
    outer loop
      vertex 34.673 12.362 4
      vertex 34.427 12.7634 3
      vertex 34.427 12.7634 4
    endloop
  endfacet
  facet normal 0.85262 0.522532 0
    outer loop
      vertex 34.427 12.7634 3
      vertex 34.673 12.362 4
      vertex 34.673 12.362 3
    endloop
  endfacet
  facet normal 0.649478 -0.76038 0
    outer loop
      vertex 33.7634 -13.427 3
      vertex 34.1213 -13.1213 4
      vertex 33.7634 -13.427 4
    endloop
  endfacet
  facet normal 0.649478 -0.76038 0
    outer loop
      vertex 34.1213 -13.1213 4
      vertex 33.7634 -13.427 3
      vertex 34.1213 -13.1213 3
    endloop
  endfacet
  facet normal 0.972362 -0.233477 0
    outer loop
      vertex 34.8532 -11.927 4
      vertex 34.9631 -11.4693 3
      vertex 34.9631 -11.4693 4
    endloop
  endfacet
  facet normal 0.972362 -0.233477 0
    outer loop
      vertex 34.9631 -11.4693 3
      vertex 34.8532 -11.927 4
      vertex 34.8532 -11.927 3
    endloop
  endfacet
  facet normal 0.85262 -0.522532 0
    outer loop
      vertex 34.427 -12.7634 4
      vertex 34.673 -12.362 3
      vertex 34.673 -12.362 4
    endloop
  endfacet
  facet normal 0.85262 -0.522532 0
    outer loop
      vertex 34.673 -12.362 3
      vertex 34.427 -12.7634 4
      vertex 34.427 -12.7634 3
    endloop
  endfacet
  facet normal 0.996923 0.0783858 0
    outer loop
      vertex 35 11 4
      vertex 34.9631 11.4693 3
      vertex 34.9631 11.4693 4
    endloop
  endfacet
  facet normal 0.996923 0.0783858 0
    outer loop
      vertex 34.9631 11.4693 3
      vertex 35 11 4
      vertex 35 11 3
    endloop
  endfacet
  facet normal 0.972362 0.233477 0
    outer loop
      vertex 34.9631 11.4693 4
      vertex 34.8532 11.927 3
      vertex 34.8532 11.927 4
    endloop
  endfacet
  facet normal 0.972362 0.233477 0
    outer loop
      vertex 34.8532 11.927 3
      vertex 34.9631 11.4693 4
      vertex 34.9631 11.4693 3
    endloop
  endfacet
  facet normal -0.233477 -0.972362 0
    outer loop
      vertex -32.927 -13.8532 3
      vertex -32.4693 -13.9631 4
      vertex -32.927 -13.8532 4
    endloop
  endfacet
  facet normal -0.233477 -0.972362 -0
    outer loop
      vertex -32.4693 -13.9631 4
      vertex -32.927 -13.8532 3
      vertex -32.4693 -13.9631 3
    endloop
  endfacet
  facet normal -0.522532 -0.85262 0
    outer loop
      vertex -33.7634 -13.427 3
      vertex -33.362 -13.673 4
      vertex -33.7634 -13.427 4
    endloop
  endfacet
  facet normal -0.522532 -0.85262 -0
    outer loop
      vertex -33.362 -13.673 4
      vertex -33.7634 -13.427 3
      vertex -33.362 -13.673 3
    endloop
  endfacet
  facet normal 0.233477 -0.972362 0
    outer loop
      vertex 32.4693 -13.9631 3
      vertex 32.927 -13.8532 4
      vertex 32.4693 -13.9631 4
    endloop
  endfacet
  facet normal 0.233477 -0.972362 0
    outer loop
      vertex 32.927 -13.8532 4
      vertex 32.4693 -13.9631 3
      vertex 32.927 -13.8532 3
    endloop
  endfacet
  facet normal 0.233477 0.972362 -0
    outer loop
      vertex 32.927 13.8532 3
      vertex 32.4693 13.9631 4
      vertex 32.927 13.8532 4
    endloop
  endfacet
  facet normal 0.233477 0.972362 0
    outer loop
      vertex 32.4693 13.9631 4
      vertex 32.927 13.8532 3
      vertex 32.4693 13.9631 3
    endloop
  endfacet
  facet normal -0.972362 -0.233477 0
    outer loop
      vertex -34.8532 -11.927 3
      vertex -34.9631 -11.4693 4
      vertex -34.9631 -11.4693 3
    endloop
  endfacet
  facet normal -0.972362 -0.233477 0
    outer loop
      vertex -34.9631 -11.4693 4
      vertex -34.8532 -11.927 3
      vertex -34.8532 -11.927 4
    endloop
  endfacet
  facet normal 0.522532 -0.85262 0
    outer loop
      vertex 33.362 -13.673 3
      vertex 33.7634 -13.427 4
      vertex 33.362 -13.673 4
    endloop
  endfacet
  facet normal 0.522532 -0.85262 0
    outer loop
      vertex 33.7634 -13.427 4
      vertex 33.362 -13.673 3
      vertex 33.7634 -13.427 3
    endloop
  endfacet
  facet normal 0.76038 -0.649478 0
    outer loop
      vertex 34.1213 -13.1213 4
      vertex 34.427 -12.7634 3
      vertex 34.427 -12.7634 4
    endloop
  endfacet
  facet normal 0.76038 -0.649478 0
    outer loop
      vertex 34.427 -12.7634 3
      vertex 34.1213 -13.1213 4
      vertex 34.1213 -13.1213 3
    endloop
  endfacet
  facet normal 0.996923 -0.0783858 0
    outer loop
      vertex 34.9631 -11.4693 4
      vertex 35 -11 3
      vertex 35 -11 4
    endloop
  endfacet
  facet normal 0.996923 -0.0783858 0
    outer loop
      vertex 35 -11 3
      vertex 34.9631 -11.4693 4
      vertex 34.9631 -11.4693 3
    endloop
  endfacet
  facet normal 0.923867 -0.382714 0
    outer loop
      vertex 34.673 -12.362 4
      vertex 34.8532 -11.927 3
      vertex 34.8532 -11.927 4
    endloop
  endfacet
  facet normal 0.923867 -0.382714 0
    outer loop
      vertex 34.8532 -11.927 3
      vertex 34.673 -12.362 4
      vertex 34.673 -12.362 3
    endloop
  endfacet
  facet normal -0.0783858 -0.996923 0
    outer loop
      vertex -32.4693 -13.9631 3
      vertex -32 -14 4
      vertex -32.4693 -13.9631 4
    endloop
  endfacet
  facet normal -0.0783858 -0.996923 -0
    outer loop
      vertex -32 -14 4
      vertex -32.4693 -13.9631 3
      vertex -32 -14 3
    endloop
  endfacet
endsolid OpenSCAD_Model
