solid OpenSCAD_Model
  facet normal -0.996917 -0.0784645 0
    outer loop
      vertex -71.9 0 0
      vertex -71.9197 0.250295 3
      vertex -71.9197 0.250295 0
    endloop
  endfacet
  facet normal -0.996917 -0.0784645 0
    outer loop
      vertex -71.9197 0.250295 3
      vertex -71.9 0 0
      vertex -71.9 0 3
    endloop
  endfacet
  facet normal 0.996917 -0.0784645 0
    outer loop
      vertex -75.1 0 3
      vertex -75.0803 0.250295 0
      vertex -75.0803 0.250295 3
    endloop
  endfacet
  facet normal 0.996917 -0.0784645 0
    outer loop
      vertex -75.0803 0.250295 0
      vertex -75.1 0 3
      vertex -75.1 0 0
    endloop
  endfacet
  facet normal 0.0784629 -0.996917 0
    outer loop
      vertex -73.7503 1.5803 0
      vertex -73.5 1.6 3
      vertex -73.7503 1.5803 3
    endloop
  endfacet
  facet normal 0.0784629 -0.996917 0
    outer loop
      vertex -73.5 1.6 3
      vertex -73.7503 1.5803 0
      vertex -73.5 1.6 0
    endloop
  endfacet
  facet normal -0.0784629 0.996917 0
    outer loop
      vertex -73.2497 -1.5803 0
      vertex -73.5 -1.6 3
      vertex -73.2497 -1.5803 3
    endloop
  endfacet
  facet normal -0.0784629 0.996917 0
    outer loop
      vertex -73.5 -1.6 3
      vertex -73.2497 -1.5803 0
      vertex -73.5 -1.6 0
    endloop
  endfacet
  facet normal -0.649485 -0.760374 0
    outer loop
      vertex -72.5595 1.29443 0
      vertex -72.3686 1.13137 3
      vertex -72.5595 1.29443 3
    endloop
  endfacet
  facet normal -0.649485 -0.760374 -0
    outer loop
      vertex -72.3686 1.13137 3
      vertex -72.5595 1.29443 0
      vertex -72.3686 1.13137 0
    endloop
  endfacet
  facet normal 0.760516 -0.649319 0
    outer loop
      vertex -74.7944 0.940456 3
      vertex -74.6314 1.13137 0
      vertex -74.6314 1.13137 3
    endloop
  endfacet
  facet normal 0.760516 -0.649319 0
    outer loop
      vertex -74.6314 1.13137 0
      vertex -74.7944 0.940456 3
      vertex -74.7944 0.940456 0
    endloop
  endfacet
  facet normal 0.522439 -0.852677 0
    outer loop
      vertex -74.4405 1.29443 0
      vertex -74.2264 1.42561 3
      vertex -74.4405 1.29443 3
    endloop
  endfacet
  facet normal 0.522439 -0.852677 0
    outer loop
      vertex -74.2264 1.42561 3
      vertex -74.4405 1.29443 0
      vertex -74.2264 1.42561 0
    endloop
  endfacet
  facet normal -0.852611 -0.522546 0
    outer loop
      vertex -72.0744 0.726384 0
      vertex -72.2056 0.940456 3
      vertex -72.2056 0.940456 0
    endloop
  endfacet
  facet normal -0.852611 -0.522546 0
    outer loop
      vertex -72.2056 0.940456 3
      vertex -72.0744 0.726384 0
      vertex -72.0744 0.726384 3
    endloop
  endfacet
  facet normal -0.97238 -0.233404 0
    outer loop
      vertex -71.9197 0.250295 0
      vertex -71.9783 0.494427 3
      vertex -71.9783 0.494427 0
    endloop
  endfacet
  facet normal -0.97238 -0.233404 0
    outer loop
      vertex -71.9783 0.494427 3
      vertex -71.9197 0.250295 0
      vertex -71.9197 0.250295 3
    endloop
  endfacet
  facet normal -0.760516 -0.649319 0
    outer loop
      vertex -72.2056 0.940456 0
      vertex -72.3686 1.13137 3
      vertex -72.3686 1.13137 0
    endloop
  endfacet
  facet normal -0.760516 -0.649319 0
    outer loop
      vertex -72.3686 1.13137 3
      vertex -72.2056 0.940456 0
      vertex -72.2056 0.940456 3
    endloop
  endfacet
  facet normal -0.382624 -0.923904 0
    outer loop
      vertex -73.0056 1.52169 0
      vertex -72.7736 1.42561 3
      vertex -73.0056 1.52169 3
    endloop
  endfacet
  facet normal -0.382624 -0.923904 -0
    outer loop
      vertex -72.7736 1.42561 3
      vertex -73.0056 1.52169 0
      vertex -72.7736 1.42561 0
    endloop
  endfacet
  facet normal -0.233471 -0.972364 0
    outer loop
      vertex -73.2497 1.5803 0
      vertex -73.0056 1.52169 3
      vertex -73.2497 1.5803 3
    endloop
  endfacet
  facet normal -0.233471 -0.972364 -0
    outer loop
      vertex -73.0056 1.52169 3
      vertex -73.2497 1.5803 0
      vertex -73.0056 1.52169 0
    endloop
  endfacet
  facet normal -0.522439 -0.852677 0
    outer loop
      vertex -72.7736 1.42561 0
      vertex -72.5595 1.29443 3
      vertex -72.7736 1.42561 3
    endloop
  endfacet
  facet normal -0.522439 -0.852677 -0
    outer loop
      vertex -72.5595 1.29443 3
      vertex -72.7736 1.42561 0
      vertex -72.5595 1.29443 0
    endloop
  endfacet
  facet normal 0.923851 -0.382752 0
    outer loop
      vertex -75.0217 0.494427 3
      vertex -74.9256 0.726384 0
      vertex -74.9256 0.726384 3
    endloop
  endfacet
  facet normal 0.923851 -0.382752 0
    outer loop
      vertex -74.9256 0.726384 0
      vertex -75.0217 0.494427 3
      vertex -75.0217 0.494427 0
    endloop
  endfacet
  facet normal 0.852611 -0.522546 0
    outer loop
      vertex -74.9256 0.726384 3
      vertex -74.7944 0.940456 0
      vertex -74.7944 0.940456 3
    endloop
  endfacet
  facet normal 0.852611 -0.522546 0
    outer loop
      vertex -74.7944 0.940456 0
      vertex -74.9256 0.726384 3
      vertex -74.9256 0.726384 0
    endloop
  endfacet
  facet normal 0.97238 -0.233404 0
    outer loop
      vertex -75.0803 0.250295 3
      vertex -75.0217 0.494427 0
      vertex -75.0217 0.494427 3
    endloop
  endfacet
  facet normal 0.97238 -0.233404 0
    outer loop
      vertex -75.0217 0.494427 0
      vertex -75.0803 0.250295 3
      vertex -75.0803 0.250295 0
    endloop
  endfacet
  facet normal 0.649485 -0.760374 0
    outer loop
      vertex -74.6314 1.13137 0
      vertex -74.4405 1.29443 3
      vertex -74.6314 1.13137 3
    endloop
  endfacet
  facet normal 0.649485 -0.760374 0
    outer loop
      vertex -74.4405 1.29443 3
      vertex -74.6314 1.13137 0
      vertex -74.4405 1.29443 0
    endloop
  endfacet
  facet normal 0.233471 -0.972364 0
    outer loop
      vertex -73.9944 1.52169 0
      vertex -73.7503 1.5803 3
      vertex -73.9944 1.52169 3
    endloop
  endfacet
  facet normal 0.233471 -0.972364 0
    outer loop
      vertex -73.7503 1.5803 3
      vertex -73.9944 1.52169 0
      vertex -73.7503 1.5803 0
    endloop
  endfacet
  facet normal 0.923851 0.382752 0
    outer loop
      vertex -74.9256 -0.726384 3
      vertex -75.0217 -0.494427 0
      vertex -75.0217 -0.494427 3
    endloop
  endfacet
  facet normal 0.923851 0.382752 0
    outer loop
      vertex -75.0217 -0.494427 0
      vertex -74.9256 -0.726384 3
      vertex -74.9256 -0.726384 0
    endloop
  endfacet
  facet normal -0.233471 0.972364 0
    outer loop
      vertex -73.0056 -1.52169 0
      vertex -73.2497 -1.5803 3
      vertex -73.0056 -1.52169 3
    endloop
  endfacet
  facet normal -0.233471 0.972364 0
    outer loop
      vertex -73.2497 -1.5803 3
      vertex -73.0056 -1.52169 0
      vertex -73.2497 -1.5803 0
    endloop
  endfacet
  facet normal -0.97238 0.233404 0
    outer loop
      vertex -71.9783 -0.494427 0
      vertex -71.9197 -0.250295 3
      vertex -71.9197 -0.250295 0
    endloop
  endfacet
  facet normal -0.97238 0.233404 0
    outer loop
      vertex -71.9197 -0.250295 3
      vertex -71.9783 -0.494427 0
      vertex -71.9783 -0.494427 3
    endloop
  endfacet
  facet normal -0.923851 -0.382752 0
    outer loop
      vertex -71.9783 0.494427 0
      vertex -72.0744 0.726384 3
      vertex -72.0744 0.726384 0
    endloop
  endfacet
  facet normal -0.923851 -0.382752 0
    outer loop
      vertex -72.0744 0.726384 3
      vertex -71.9783 0.494427 0
      vertex -71.9783 0.494427 3
    endloop
  endfacet
  facet normal -0.0784629 -0.996917 0
    outer loop
      vertex -73.5 1.6 0
      vertex -73.2497 1.5803 3
      vertex -73.5 1.6 3
    endloop
  endfacet
  facet normal -0.0784629 -0.996917 -0
    outer loop
      vertex -73.2497 1.5803 3
      vertex -73.5 1.6 0
      vertex -73.2497 1.5803 0
    endloop
  endfacet
  facet normal 0.382624 -0.923904 0
    outer loop
      vertex -74.2264 1.42561 0
      vertex -73.9944 1.52169 3
      vertex -74.2264 1.42561 3
    endloop
  endfacet
  facet normal 0.382624 -0.923904 0
    outer loop
      vertex -73.9944 1.52169 3
      vertex -74.2264 1.42561 0
      vertex -73.9944 1.52169 0
    endloop
  endfacet
  facet normal -0.996917 0.0784645 0
    outer loop
      vertex -71.9197 -0.250295 0
      vertex -71.9 0 3
      vertex -71.9 0 0
    endloop
  endfacet
  facet normal -0.996917 0.0784645 0
    outer loop
      vertex -71.9 0 3
      vertex -71.9197 -0.250295 0
      vertex -71.9197 -0.250295 3
    endloop
  endfacet
  facet normal 0.996917 0.0784645 0
    outer loop
      vertex -75.0803 -0.250295 3
      vertex -75.1 0 0
      vertex -75.1 0 3
    endloop
  endfacet
  facet normal 0.996917 0.0784645 0
    outer loop
      vertex -75.1 0 0
      vertex -75.0803 -0.250295 3
      vertex -75.0803 -0.250295 0
    endloop
  endfacet
  facet normal -0.649485 0.760374 0
    outer loop
      vertex -72.3686 -1.13137 0
      vertex -72.5595 -1.29443 3
      vertex -72.3686 -1.13137 3
    endloop
  endfacet
  facet normal -0.649485 0.760374 0
    outer loop
      vertex -72.5595 -1.29443 3
      vertex -72.3686 -1.13137 0
      vertex -72.5595 -1.29443 0
    endloop
  endfacet
  facet normal -0.923851 0.382752 0
    outer loop
      vertex -72.0744 -0.726384 0
      vertex -71.9783 -0.494427 3
      vertex -71.9783 -0.494427 0
    endloop
  endfacet
  facet normal -0.923851 0.382752 0
    outer loop
      vertex -71.9783 -0.494427 3
      vertex -72.0744 -0.726384 0
      vertex -72.0744 -0.726384 3
    endloop
  endfacet
  facet normal -0.852611 0.522546 0
    outer loop
      vertex -72.2056 -0.940456 0
      vertex -72.0744 -0.726384 3
      vertex -72.0744 -0.726384 0
    endloop
  endfacet
  facet normal -0.852611 0.522546 0
    outer loop
      vertex -72.0744 -0.726384 3
      vertex -72.2056 -0.940456 0
      vertex -72.2056 -0.940456 3
    endloop
  endfacet
  facet normal 0.233471 0.972364 -0
    outer loop
      vertex -73.7503 -1.5803 0
      vertex -73.9944 -1.52169 3
      vertex -73.7503 -1.5803 3
    endloop
  endfacet
  facet normal 0.233471 0.972364 0
    outer loop
      vertex -73.9944 -1.52169 3
      vertex -73.7503 -1.5803 0
      vertex -73.9944 -1.52169 0
    endloop
  endfacet
  facet normal -0.522439 0.852677 0
    outer loop
      vertex -72.5595 -1.29443 0
      vertex -72.7736 -1.42561 3
      vertex -72.5595 -1.29443 3
    endloop
  endfacet
  facet normal -0.522439 0.852677 0
    outer loop
      vertex -72.7736 -1.42561 3
      vertex -72.5595 -1.29443 0
      vertex -72.7736 -1.42561 0
    endloop
  endfacet
  facet normal -0.382624 0.923904 0
    outer loop
      vertex -72.7736 -1.42561 0
      vertex -73.0056 -1.52169 3
      vertex -72.7736 -1.42561 3
    endloop
  endfacet
  facet normal -0.382624 0.923904 0
    outer loop
      vertex -73.0056 -1.52169 3
      vertex -72.7736 -1.42561 0
      vertex -73.0056 -1.52169 0
    endloop
  endfacet
  facet normal -0.760516 0.649319 0
    outer loop
      vertex -72.3686 -1.13137 0
      vertex -72.2056 -0.940456 3
      vertex -72.2056 -0.940456 0
    endloop
  endfacet
  facet normal -0.760516 0.649319 0
    outer loop
      vertex -72.2056 -0.940456 3
      vertex -72.3686 -1.13137 0
      vertex -72.3686 -1.13137 3
    endloop
  endfacet
  facet normal 0.0784629 0.996917 -0
    outer loop
      vertex -73.5 -1.6 0
      vertex -73.7503 -1.5803 3
      vertex -73.5 -1.6 3
    endloop
  endfacet
  facet normal 0.0784629 0.996917 0
    outer loop
      vertex -73.7503 -1.5803 3
      vertex -73.5 -1.6 0
      vertex -73.7503 -1.5803 0
    endloop
  endfacet
  facet normal 0.382624 0.923904 -0
    outer loop
      vertex -73.9944 -1.52169 0
      vertex -74.2264 -1.42561 3
      vertex -73.9944 -1.52169 3
    endloop
  endfacet
  facet normal 0.382624 0.923904 0
    outer loop
      vertex -74.2264 -1.42561 3
      vertex -73.9944 -1.52169 0
      vertex -74.2264 -1.42561 0
    endloop
  endfacet
  facet normal 0.522439 0.852677 -0
    outer loop
      vertex -74.2264 -1.42561 0
      vertex -74.4405 -1.29443 3
      vertex -74.2264 -1.42561 3
    endloop
  endfacet
  facet normal 0.522439 0.852677 0
    outer loop
      vertex -74.4405 -1.29443 3
      vertex -74.2264 -1.42561 0
      vertex -74.4405 -1.29443 0
    endloop
  endfacet
  facet normal 0.760516 0.649319 0
    outer loop
      vertex -74.6314 -1.13137 3
      vertex -74.7944 -0.940456 0
      vertex -74.7944 -0.940456 3
    endloop
  endfacet
  facet normal 0.760516 0.649319 0
    outer loop
      vertex -74.7944 -0.940456 0
      vertex -74.6314 -1.13137 3
      vertex -74.6314 -1.13137 0
    endloop
  endfacet
  facet normal 0.649485 0.760374 -0
    outer loop
      vertex -74.4405 -1.29443 0
      vertex -74.6314 -1.13137 3
      vertex -74.4405 -1.29443 3
    endloop
  endfacet
  facet normal 0.649485 0.760374 0
    outer loop
      vertex -74.6314 -1.13137 3
      vertex -74.4405 -1.29443 0
      vertex -74.6314 -1.13137 0
    endloop
  endfacet
  facet normal 0.97238 0.233404 0
    outer loop
      vertex -75.0217 -0.494427 3
      vertex -75.0803 -0.250295 0
      vertex -75.0803 -0.250295 3
    endloop
  endfacet
  facet normal 0.97238 0.233404 0
    outer loop
      vertex -75.0803 -0.250295 0
      vertex -75.0217 -0.494427 3
      vertex -75.0217 -0.494427 0
    endloop
  endfacet
  facet normal 0.852611 0.522546 0
    outer loop
      vertex -74.7944 -0.940456 3
      vertex -74.9256 -0.726384 0
      vertex -74.9256 -0.726384 3
    endloop
  endfacet
  facet normal 0.852611 0.522546 0
    outer loop
      vertex -74.9256 -0.726384 0
      vertex -74.7944 -0.940456 3
      vertex -74.7944 -0.940456 0
    endloop
  endfacet
  facet normal 0.97238 -0.233404 0
    outer loop
      vertex 71.9197 0.250295 3
      vertex 71.9783 0.494427 0
      vertex 71.9783 0.494427 3
    endloop
  endfacet
  facet normal 0.97238 -0.233404 0
    outer loop
      vertex 71.9783 0.494427 0
      vertex 71.9197 0.250295 3
      vertex 71.9197 0.250295 0
    endloop
  endfacet
  facet normal -0.760516 -0.649319 0
    outer loop
      vertex 74.7944 0.940456 0
      vertex 74.6314 1.13137 3
      vertex 74.6314 1.13137 0
    endloop
  endfacet
  facet normal -0.760516 -0.649319 0
    outer loop
      vertex 74.6314 1.13137 3
      vertex 74.7944 0.940456 0
      vertex 74.7944 0.940456 3
    endloop
  endfacet
  facet normal -0.382624 -0.923904 0
    outer loop
      vertex 73.9944 1.52169 0
      vertex 74.2264 1.42561 3
      vertex 73.9944 1.52169 3
    endloop
  endfacet
  facet normal -0.382624 -0.923904 -0
    outer loop
      vertex 74.2264 1.42561 3
      vertex 73.9944 1.52169 0
      vertex 74.2264 1.42561 0
    endloop
  endfacet
  facet normal 0.522439 -0.852677 0
    outer loop
      vertex 72.5595 1.29443 0
      vertex 72.7736 1.42561 3
      vertex 72.5595 1.29443 3
    endloop
  endfacet
  facet normal 0.522439 -0.852677 0
    outer loop
      vertex 72.7736 1.42561 3
      vertex 72.5595 1.29443 0
      vertex 72.7736 1.42561 0
    endloop
  endfacet
  facet normal 0.923851 -0.382752 0
    outer loop
      vertex 71.9783 0.494427 3
      vertex 72.0744 0.726384 0
      vertex 72.0744 0.726384 3
    endloop
  endfacet
  facet normal 0.923851 -0.382752 0
    outer loop
      vertex 72.0744 0.726384 0
      vertex 71.9783 0.494427 3
      vertex 71.9783 0.494427 0
    endloop
  endfacet
  facet normal -0.97238 -0.233404 0
    outer loop
      vertex 75.0803 0.250295 0
      vertex 75.0217 0.494427 3
      vertex 75.0217 0.494427 0
    endloop
  endfacet
  facet normal -0.97238 -0.233404 0
    outer loop
      vertex 75.0217 0.494427 3
      vertex 75.0803 0.250295 0
      vertex 75.0803 0.250295 3
    endloop
  endfacet
  facet normal -0.649485 -0.760374 0
    outer loop
      vertex 74.4405 1.29443 0
      vertex 74.6314 1.13137 3
      vertex 74.4405 1.29443 3
    endloop
  endfacet
  facet normal -0.649485 -0.760374 -0
    outer loop
      vertex 74.6314 1.13137 3
      vertex 74.4405 1.29443 0
      vertex 74.6314 1.13137 0
    endloop
  endfacet
  facet normal -0.0784629 -0.996917 0
    outer loop
      vertex 73.5 1.6 0
      vertex 73.7503 1.5803 3
      vertex 73.5 1.6 3
    endloop
  endfacet
  facet normal -0.0784629 -0.996917 -0
    outer loop
      vertex 73.7503 1.5803 3
      vertex 73.5 1.6 0
      vertex 73.7503 1.5803 0
    endloop
  endfacet
  facet normal -0.522439 -0.852677 0
    outer loop
      vertex 74.2264 1.42561 0
      vertex 74.4405 1.29443 3
      vertex 74.2264 1.42561 3
    endloop
  endfacet
  facet normal -0.522439 -0.852677 -0
    outer loop
      vertex 74.4405 1.29443 3
      vertex 74.2264 1.42561 0
      vertex 74.4405 1.29443 0
    endloop
  endfacet
  facet normal 0.996917 -0.0784645 0
    outer loop
      vertex 71.9 0 3
      vertex 71.9197 0.250295 0
      vertex 71.9197 0.250295 3
    endloop
  endfacet
  facet normal 0.996917 -0.0784645 0
    outer loop
      vertex 71.9197 0.250295 0
      vertex 71.9 0 3
      vertex 71.9 0 0
    endloop
  endfacet
  facet normal 0.852611 -0.522546 0
    outer loop
      vertex 72.0744 0.726384 3
      vertex 72.2056 0.940456 0
      vertex 72.2056 0.940456 3
    endloop
  endfacet
  facet normal 0.852611 -0.522546 0
    outer loop
      vertex 72.2056 0.940456 0
      vertex 72.0744 0.726384 3
      vertex 72.0744 0.726384 0
    endloop
  endfacet
  facet normal 0.649485 -0.760374 0
    outer loop
      vertex 72.3686 1.13137 0
      vertex 72.5595 1.29443 3
      vertex 72.3686 1.13137 3
    endloop
  endfacet
  facet normal 0.649485 -0.760374 0
    outer loop
      vertex 72.5595 1.29443 3
      vertex 72.3686 1.13137 0
      vertex 72.5595 1.29443 0
    endloop
  endfacet
  facet normal 0.233471 -0.972364 0
    outer loop
      vertex 73.0056 1.52169 0
      vertex 73.2497 1.5803 3
      vertex 73.0056 1.52169 3
    endloop
  endfacet
  facet normal 0.233471 -0.972364 0
    outer loop
      vertex 73.2497 1.5803 3
      vertex 73.0056 1.52169 0
      vertex 73.2497 1.5803 0
    endloop
  endfacet
  facet normal 0.760516 -0.649319 0
    outer loop
      vertex 72.2056 0.940456 3
      vertex 72.3686 1.13137 0
      vertex 72.3686 1.13137 3
    endloop
  endfacet
  facet normal 0.760516 -0.649319 0
    outer loop
      vertex 72.3686 1.13137 0
      vertex 72.2056 0.940456 3
      vertex 72.2056 0.940456 0
    endloop
  endfacet
  facet normal -0.923851 0.382752 0
    outer loop
      vertex 74.9256 -0.726384 0
      vertex 75.0217 -0.494427 3
      vertex 75.0217 -0.494427 0
    endloop
  endfacet
  facet normal -0.923851 0.382752 0
    outer loop
      vertex 75.0217 -0.494427 3
      vertex 74.9256 -0.726384 0
      vertex 74.9256 -0.726384 3
    endloop
  endfacet
  facet normal -0.649485 0.760374 0
    outer loop
      vertex 74.6314 -1.13137 0
      vertex 74.4405 -1.29443 3
      vertex 74.6314 -1.13137 3
    endloop
  endfacet
  facet normal -0.649485 0.760374 0
    outer loop
      vertex 74.4405 -1.29443 3
      vertex 74.6314 -1.13137 0
      vertex 74.4405 -1.29443 0
    endloop
  endfacet
  facet normal 0.0784629 -0.996917 0
    outer loop
      vertex 73.2497 1.5803 0
      vertex 73.5 1.6 3
      vertex 73.2497 1.5803 3
    endloop
  endfacet
  facet normal 0.0784629 -0.996917 0
    outer loop
      vertex 73.5 1.6 3
      vertex 73.2497 1.5803 0
      vertex 73.5 1.6 0
    endloop
  endfacet
  facet normal -0.233471 -0.972364 0
    outer loop
      vertex 73.7503 1.5803 0
      vertex 73.9944 1.52169 3
      vertex 73.7503 1.5803 3
    endloop
  endfacet
  facet normal -0.233471 -0.972364 -0
    outer loop
      vertex 73.9944 1.52169 3
      vertex 73.7503 1.5803 0
      vertex 73.9944 1.52169 0
    endloop
  endfacet
  facet normal 0.382624 -0.923904 0
    outer loop
      vertex 72.7736 1.42561 0
      vertex 73.0056 1.52169 3
      vertex 72.7736 1.42561 3
    endloop
  endfacet
  facet normal 0.382624 -0.923904 0
    outer loop
      vertex 73.0056 1.52169 3
      vertex 72.7736 1.42561 0
      vertex 73.0056 1.52169 0
    endloop
  endfacet
  facet normal -0.996917 -0.0784645 0
    outer loop
      vertex 75.1 0 0
      vertex 75.0803 0.250295 3
      vertex 75.0803 0.250295 0
    endloop
  endfacet
  facet normal -0.996917 -0.0784645 0
    outer loop
      vertex 75.0803 0.250295 3
      vertex 75.1 0 0
      vertex 75.1 0 3
    endloop
  endfacet
  facet normal -0.996917 0.0784645 0
    outer loop
      vertex 75.0803 -0.250295 0
      vertex 75.1 0 3
      vertex 75.1 0 0
    endloop
  endfacet
  facet normal -0.996917 0.0784645 0
    outer loop
      vertex 75.1 0 3
      vertex 75.0803 -0.250295 0
      vertex 75.0803 -0.250295 3
    endloop
  endfacet
  facet normal -0.97238 0.233404 0
    outer loop
      vertex 75.0217 -0.494427 0
      vertex 75.0803 -0.250295 3
      vertex 75.0803 -0.250295 0
    endloop
  endfacet
  facet normal -0.97238 0.233404 0
    outer loop
      vertex 75.0803 -0.250295 3
      vertex 75.0217 -0.494427 0
      vertex 75.0217 -0.494427 3
    endloop
  endfacet
  facet normal 0.996917 0.0784645 0
    outer loop
      vertex 71.9197 -0.250295 3
      vertex 71.9 0 0
      vertex 71.9 0 3
    endloop
  endfacet
  facet normal 0.996917 0.0784645 0
    outer loop
      vertex 71.9 0 0
      vertex 71.9197 -0.250295 3
      vertex 71.9197 -0.250295 0
    endloop
  endfacet
  facet normal 0.97238 0.233404 0
    outer loop
      vertex 71.9783 -0.494427 3
      vertex 71.9197 -0.250295 0
      vertex 71.9197 -0.250295 3
    endloop
  endfacet
  facet normal 0.97238 0.233404 0
    outer loop
      vertex 71.9197 -0.250295 0
      vertex 71.9783 -0.494427 3
      vertex 71.9783 -0.494427 0
    endloop
  endfacet
  facet normal -0.852611 0.522546 0
    outer loop
      vertex 74.7944 -0.940456 0
      vertex 74.9256 -0.726384 3
      vertex 74.9256 -0.726384 0
    endloop
  endfacet
  facet normal -0.852611 0.522546 0
    outer loop
      vertex 74.9256 -0.726384 3
      vertex 74.7944 -0.940456 0
      vertex 74.7944 -0.940456 3
    endloop
  endfacet
  facet normal -0.233471 0.972364 0
    outer loop
      vertex 73.9944 -1.52169 0
      vertex 73.7503 -1.5803 3
      vertex 73.9944 -1.52169 3
    endloop
  endfacet
  facet normal -0.233471 0.972364 0
    outer loop
      vertex 73.7503 -1.5803 3
      vertex 73.9944 -1.52169 0
      vertex 73.7503 -1.5803 0
    endloop
  endfacet
  facet normal -0.852611 -0.522546 0
    outer loop
      vertex 74.9256 0.726384 0
      vertex 74.7944 0.940456 3
      vertex 74.7944 0.940456 0
    endloop
  endfacet
  facet normal -0.852611 -0.522546 0
    outer loop
      vertex 74.7944 0.940456 3
      vertex 74.9256 0.726384 0
      vertex 74.9256 0.726384 3
    endloop
  endfacet
  facet normal -0.923851 -0.382752 0
    outer loop
      vertex 75.0217 0.494427 0
      vertex 74.9256 0.726384 3
      vertex 74.9256 0.726384 0
    endloop
  endfacet
  facet normal -0.923851 -0.382752 0
    outer loop
      vertex 74.9256 0.726384 3
      vertex 75.0217 0.494427 0
      vertex 75.0217 0.494427 3
    endloop
  endfacet
  facet normal 0.233471 0.972364 -0
    outer loop
      vertex 73.2497 -1.5803 0
      vertex 73.0056 -1.52169 3
      vertex 73.2497 -1.5803 3
    endloop
  endfacet
  facet normal 0.233471 0.972364 0
    outer loop
      vertex 73.0056 -1.52169 3
      vertex 73.2497 -1.5803 0
      vertex 73.0056 -1.52169 0
    endloop
  endfacet
  facet normal 0.0784629 0.996917 -0
    outer loop
      vertex 73.5 -1.6 0
      vertex 73.2497 -1.5803 3
      vertex 73.5 -1.6 3
    endloop
  endfacet
  facet normal 0.0784629 0.996917 0
    outer loop
      vertex 73.2497 -1.5803 3
      vertex 73.5 -1.6 0
      vertex 73.2497 -1.5803 0
    endloop
  endfacet
  facet normal 0.760516 0.649319 0
    outer loop
      vertex 72.3686 -1.13137 3
      vertex 72.2056 -0.940456 0
      vertex 72.2056 -0.940456 3
    endloop
  endfacet
  facet normal 0.760516 0.649319 0
    outer loop
      vertex 72.2056 -0.940456 0
      vertex 72.3686 -1.13137 3
      vertex 72.3686 -1.13137 0
    endloop
  endfacet
  facet normal -0.522439 0.852677 0
    outer loop
      vertex 74.4405 -1.29443 0
      vertex 74.2264 -1.42561 3
      vertex 74.4405 -1.29443 3
    endloop
  endfacet
  facet normal -0.522439 0.852677 0
    outer loop
      vertex 74.2264 -1.42561 3
      vertex 74.4405 -1.29443 0
      vertex 74.2264 -1.42561 0
    endloop
  endfacet
  facet normal -0.382624 0.923904 0
    outer loop
      vertex 74.2264 -1.42561 0
      vertex 73.9944 -1.52169 3
      vertex 74.2264 -1.42561 3
    endloop
  endfacet
  facet normal -0.382624 0.923904 0
    outer loop
      vertex 73.9944 -1.52169 3
      vertex 74.2264 -1.42561 0
      vertex 73.9944 -1.52169 0
    endloop
  endfacet
  facet normal -0.760516 0.649319 0
    outer loop
      vertex 74.6314 -1.13137 0
      vertex 74.7944 -0.940456 3
      vertex 74.7944 -0.940456 0
    endloop
  endfacet
  facet normal -0.760516 0.649319 0
    outer loop
      vertex 74.7944 -0.940456 3
      vertex 74.6314 -1.13137 0
      vertex 74.6314 -1.13137 3
    endloop
  endfacet
  facet normal 0.522439 0.852677 -0
    outer loop
      vertex 72.7736 -1.42561 0
      vertex 72.5595 -1.29443 3
      vertex 72.7736 -1.42561 3
    endloop
  endfacet
  facet normal 0.522439 0.852677 0
    outer loop
      vertex 72.5595 -1.29443 3
      vertex 72.7736 -1.42561 0
      vertex 72.5595 -1.29443 0
    endloop
  endfacet
  facet normal 0.382624 0.923904 -0
    outer loop
      vertex 73.0056 -1.52169 0
      vertex 72.7736 -1.42561 3
      vertex 73.0056 -1.52169 3
    endloop
  endfacet
  facet normal 0.382624 0.923904 0
    outer loop
      vertex 72.7736 -1.42561 3
      vertex 73.0056 -1.52169 0
      vertex 72.7736 -1.42561 0
    endloop
  endfacet
  facet normal -0.0784629 0.996917 0
    outer loop
      vertex 73.7503 -1.5803 0
      vertex 73.5 -1.6 3
      vertex 73.7503 -1.5803 3
    endloop
  endfacet
  facet normal -0.0784629 0.996917 0
    outer loop
      vertex 73.5 -1.6 3
      vertex 73.7503 -1.5803 0
      vertex 73.5 -1.6 0
    endloop
  endfacet
  facet normal 0.923851 0.382752 0
    outer loop
      vertex 72.0744 -0.726384 3
      vertex 71.9783 -0.494427 0
      vertex 71.9783 -0.494427 3
    endloop
  endfacet
  facet normal 0.923851 0.382752 0
    outer loop
      vertex 71.9783 -0.494427 0
      vertex 72.0744 -0.726384 3
      vertex 72.0744 -0.726384 0
    endloop
  endfacet
  facet normal 0.852611 0.522546 0
    outer loop
      vertex 72.2056 -0.940456 3
      vertex 72.0744 -0.726384 0
      vertex 72.0744 -0.726384 3
    endloop
  endfacet
  facet normal 0.852611 0.522546 0
    outer loop
      vertex 72.0744 -0.726384 0
      vertex 72.2056 -0.940456 3
      vertex 72.2056 -0.940456 0
    endloop
  endfacet
  facet normal 0.649485 0.760374 -0
    outer loop
      vertex 72.5595 -1.29443 0
      vertex 72.3686 -1.13137 3
      vertex 72.5595 -1.29443 3
    endloop
  endfacet
  facet normal 0.649485 0.760374 0
    outer loop
      vertex 72.3686 -1.13137 3
      vertex 72.5595 -1.29443 0
      vertex 72.3686 -1.13137 0
    endloop
  endfacet
  facet normal -1 0 0
    outer loop
      vertex -81.5 -31 0
      vertex -81.5 31 3
      vertex -81.5 31 0
    endloop
  endfacet
  facet normal -1 -0 0
    outer loop
      vertex -81.5 31 3
      vertex -81.5 -31 0
      vertex -81.5 -31 3
    endloop
  endfacet
  facet normal -0 0 1
    outer loop
      vertex -63 -6.7256 3
      vertex -57.8038 -12.2744 3
      vertex -57.8038 -3.7256 3
    endloop
  endfacet
  facet normal 0 0 1
    outer loop
      vertex -63 -6.7256 3
      vertex -63 -9.2744 3
      vertex -57.8038 -12.2744 3
    endloop
  endfacet
  facet normal 0 0 1
    outer loop
      vertex -68.1962 -3.7256 3
      vertex -63 -9.2744 3
      vertex -63 -6.7256 3
    endloop
  endfacet
  facet normal 0 0 1
    outer loop
      vertex -63 -9.2744 3
      vertex -68.1962 -3.7256 3
      vertex -68.1962 -12.2744 3
    endloop
  endfacet
  facet normal -0 0 1
    outer loop
      vertex -37.8 -6.7256 3
      vertex -32.6038 -12.2744 3
      vertex -32.6038 -3.7256 3
    endloop
  endfacet
  facet normal 0 0 1
    outer loop
      vertex -37.8 -6.7256 3
      vertex -37.8 -9.2744 3
      vertex -32.6038 -12.2744 3
    endloop
  endfacet
  facet normal 0 0 1
    outer loop
      vertex -42.9962 -3.7256 3
      vertex -37.8 -9.2744 3
      vertex -37.8 -6.7256 3
    endloop
  endfacet
  facet normal 0 0 1
    outer loop
      vertex -37.8 -9.2744 3
      vertex -42.9962 -3.7256 3
      vertex -42.9962 -12.2744 3
    endloop
  endfacet
  facet normal -0 0 1
    outer loop
      vertex -23.6933 16.265 3
      vertex -17.7962 2.2744 3
      vertex -22.6572 16.265 3
    endloop
  endfacet
  facet normal -0 0 1
    outer loop
      vertex -24.5672 16.265 3
      vertex -17.7962 2.2744 3
      vertex -23.6933 16.265 3
    endloop
  endfacet
  facet normal -0 0 1
    outer loop
      vertex -25.6251 16.265 3
      vertex -17.7962 2.2744 3
      vertex -24.5672 16.265 3
    endloop
  endfacet
  facet normal 0 0 1
    outer loop
      vertex -17.7962 2.2744 3
      vertex -25.2 -2 3
      vertex -20.0038 -5 3
    endloop
  endfacet
  facet normal 0 0 1
    outer loop
      vertex -17.7962 2.2744 3
      vertex -25.6251 16.265 3
      vertex -32.6038 2.2744 3
    endloop
  endfacet
  facet normal 0 0 1
    outer loop
      vertex -30.8602 16.265 3
      vertex -25.6251 16.265 3
      vertex -26.4985 18.5001 3
    endloop
  endfacet
  facet normal 0 0 1
    outer loop
      vertex -30.8602 16.265 3
      vertex -26.4985 18.5001 3
      vertex -29.9813 18.5001 3
    endloop
  endfacet
  facet normal 0 0 1
    outer loop
      vertex -32.6038 2.2744 3
      vertex -25.6251 16.265 3
      vertex -30.8602 16.265 3
    endloop
  endfacet
  facet normal 0 0 1
    outer loop
      vertex -25.2 -2 3
      vertex -32.6038 2.2744 3
      vertex -30.3962 -5 3
    endloop
  endfacet
  facet normal 0 0 1
    outer loop
      vertex -17.7962 2.2744 3
      vertex -32.6038 2.2744 3
      vertex -25.2 -2 3
    endloop
  endfacet
  facet normal -0 0 1
    outer loop
      vertex -12.6 -6.7256 3
      vertex -7.40385 -12.2744 3
      vertex -7.40385 -3.7256 3
    endloop
  endfacet
  facet normal 0 0 1
    outer loop
      vertex -12.6 -6.7256 3
      vertex -12.6 -9.2744 3
      vertex -7.40385 -12.2744 3
    endloop
  endfacet
  facet normal 0 0 1
    outer loop
      vertex -17.7962 -3.7256 3
      vertex -12.6 -9.2744 3
      vertex -12.6 -6.7256 3
    endloop
  endfacet
  facet normal 0 0 1
    outer loop
      vertex -12.6 -9.2744 3
      vertex -17.7962 -3.7256 3
      vertex -17.7962 -12.2744 3
    endloop
  endfacet
  facet normal -0 0 1
    outer loop
      vertex 0.334412 16.3144 3
      vertex 7.40385 2.2744 3
      vertex 5.15898 16.3723 3
    endloop
  endfacet
  facet normal -0 0 1
    outer loop
      vertex 0.842239 16.5118 3
      vertex 5.15898 16.3723 3
      vertex 4.55394 16.6421 3
    endloop
  endfacet
  facet normal -0 0 1
    outer loop
      vertex 1.28532 16.784 3
      vertex 4.55394 16.6421 3
      vertex 4.07941 17.0197 3
    endloop
  endfacet
  facet normal -0 0 1
    outer loop
      vertex 1.81427 17.3245 3
      vertex 4.07941 17.0197 3
      vertex 3.73538 17.5052 3
    endloop
  endfacet
  facet normal -0 0 1
    outer loop
      vertex 2.07457 17.7712 3
      vertex 3.73538 17.5052 3
      vertex 3.52185 18.0987 3
    endloop
  endfacet
  facet normal 0 0 1
    outer loop
      vertex 4.53458 20.5592 3
      vertex 2.34769 19.1403 3
      vertex 3.52185 18.0987 3
    endloop
  endfacet
  facet normal -0 0 1
    outer loop
      vertex 2.33676 18.8382 3
      vertex 3.52185 18.0987 3
      vertex 2.34769 19.1403 3
    endloop
  endfacet
  facet normal -0 0 1
    outer loop
      vertex 2.30399 18.5502 3
      vertex 3.52185 18.0987 3
      vertex 2.33676 18.8382 3
    endloop
  endfacet
  facet normal -0 0 1
    outer loop
      vertex 2.24936 18.2764 3
      vertex 3.52185 18.0987 3
      vertex 2.30399 18.5502 3
    endloop
  endfacet
  facet normal 0 0 1
    outer loop
      vertex 2.1729 18.0167 3
      vertex 3.52185 18.0987 3
      vertex 2.24936 18.2764 3
    endloop
  endfacet
  facet normal 0 0 1
    outer loop
      vertex 2.07457 17.7712 3
      vertex 3.52185 18.0987 3
      vertex 2.1729 18.0167 3
    endloop
  endfacet
  facet normal 0 0 1
    outer loop
      vertex 3.73538 17.5052 3
      vertex 2.07457 17.7712 3
      vertex 1.95441 17.5399 3
    endloop
  endfacet
  facet normal 0 0 1
    outer loop
      vertex 3.73538 17.5052 3
      vertex 1.95441 17.5399 3
      vertex 1.81427 17.3245 3
    endloop
  endfacet
  facet normal 0 0 1
    outer loop
      vertex 4.07941 17.0197 3
      vertex 1.81427 17.3245 3
      vertex 1.65604 17.1267 3
    endloop
  endfacet
  facet normal 0 0 1
    outer loop
      vertex 4.07941 17.0197 3
      vertex 1.65604 17.1267 3
      vertex 1.47972 16.9465 3
    endloop
  endfacet
  facet normal 0 0 1
    outer loop
      vertex 4.07941 17.0197 3
      vertex 1.47972 16.9465 3
      vertex 1.28532 16.784 3
    endloop
  endfacet
  facet normal 0 0 1
    outer loop
      vertex 4.55394 16.6421 3
      vertex 1.28532 16.784 3
      vertex 1.07283 16.6391 3
    endloop
  endfacet
  facet normal 0 0 1
    outer loop
      vertex 4.55394 16.6421 3
      vertex 1.07283 16.6391 3
      vertex 0.842239 16.5118 3
    endloop
  endfacet
  facet normal 0 0 1
    outer loop
      vertex 5.15898 16.3723 3
      vertex 0.842239 16.5118 3
      vertex 0.59549 16.4032 3
    endloop
  endfacet
  facet normal 0 0 1
    outer loop
      vertex 5.15898 16.3723 3
      vertex 0.59549 16.4032 3
      vertex 0.334412 16.3144 3
    endloop
  endfacet
  facet normal -0 0 1
    outer loop
      vertex 0.059021 16.2453 3
      vertex 7.40385 2.2744 3
      vertex 0.334412 16.3144 3
    endloop
  endfacet
  facet normal -0 0 1
    outer loop
      vertex -0.230667 16.196 3
      vertex 7.40385 2.2744 3
      vertex 0.059021 16.2453 3
    endloop
  endfacet
  facet normal 0 0 1
    outer loop
      vertex 7.40385 2.2744 3
      vertex 0 -2 3
      vertex 5.19615 -5 3
    endloop
  endfacet
  facet normal -0 0 1
    outer loop
      vertex -0.534683 16.1664 3
      vertex 7.40385 2.2744 3
      vertex -0.230667 16.196 3
    endloop
  endfacet
  facet normal 0 0 1
    outer loop
      vertex -7.40385 2.2744 3
      vertex 7.40385 2.2744 3
      vertex -0.534683 16.1664 3
    endloop
  endfacet
  facet normal 0 0 1
    outer loop
      vertex -7.40385 2.2744 3
      vertex -0.534683 16.1664 3
      vertex -0.853027 16.1565 3
    endloop
  endfacet
  facet normal 0 0 1
    outer loop
      vertex -7.40385 2.2744 3
      vertex -0.853027 16.1565 3
      vertex -1.15924 16.166 3
    endloop
  endfacet
  facet normal 0 0 1
    outer loop
      vertex -7.40385 2.2744 3
      vertex -1.15924 16.166 3
      vertex -1.45221 16.1945 3
    endloop
  endfacet
  facet normal 0 0 1
    outer loop
      vertex -7.40385 2.2744 3
      vertex -1.45221 16.1945 3
      vertex -1.7319 16.242 3
    endloop
  endfacet
  facet normal -0 0 1
    outer loop
      vertex -5.04315 16.265 3
      vertex -1.7319 16.242 3
      vertex -1.99834 16.3084 3
    endloop
  endfacet
  facet normal 0 0 1
    outer loop
      vertex -5.04315 16.265 3
      vertex -1.99834 16.3084 3
      vertex -2.25151 16.3939 3
    endloop
  endfacet
  facet normal 0 0 1
    outer loop
      vertex -5.04315 16.265 3
      vertex -2.25151 16.3939 3
      vertex -2.49142 16.4983 3
    endloop
  endfacet
  facet normal 0 0 1
    outer loop
      vertex -5.04315 16.265 3
      vertex -2.49142 16.4983 3
      vertex -2.71594 16.6208 3
    endloop
  endfacet
  facet normal 0 0 1
    outer loop
      vertex -5.04315 16.265 3
      vertex -2.71594 16.6208 3
      vertex -2.92297 16.7605 3
    endloop
  endfacet
  facet normal 0 0 1
    outer loop
      vertex -5.04315 16.265 3
      vertex -2.92297 16.7605 3
      vertex -3.11255 16.9173 3
    endloop
  endfacet
  facet normal 0 0 1
    outer loop
      vertex -5.04315 16.265 3
      vertex -3.11255 16.9173 3
      vertex -3.28464 17.0914 3
    endloop
  endfacet
  facet normal 0 0 1
    outer loop
      vertex -5.04315 16.265 3
      vertex -3.28464 17.0914 3
      vertex -3.43924 17.2826 3
    endloop
  endfacet
  facet normal 0 0 1
    outer loop
      vertex -5.04315 17.1113 3
      vertex -3.43924 17.2826 3
      vertex -3.57639 17.491 3
    endloop
  endfacet
  facet normal 0 0 1
    outer loop
      vertex -5.04315 17.1113 3
      vertex -3.57639 17.491 3
      vertex -3.69408 17.715 3
    endloop
  endfacet
  facet normal 0 0 1
    outer loop
      vertex -5.04315 17.1113 3
      vertex -3.69408 17.715 3
      vertex -3.79039 17.9528 3
    endloop
  endfacet
  facet normal 0 0 1
    outer loop
      vertex -5.04315 17.1113 3
      vertex -3.79039 17.9528 3
      vertex -3.86528 18.2044 3
    endloop
  endfacet
  facet normal 0 0 1
    outer loop
      vertex -5.04315 17.1113 3
      vertex -3.86528 18.2044 3
      vertex -3.91878 18.47 3
    endloop
  endfacet
  facet normal 0 0 1
    outer loop
      vertex -5.04315 17.1113 3
      vertex -3.95088 18.7494 3
      vertex -3.96158 19.0426 3
    endloop
  endfacet
  facet normal 0 0 1
    outer loop
      vertex -5.04315 17.1113 3
      vertex -3.91878 18.47 3
      vertex -3.95088 18.7494 3
    endloop
  endfacet
  facet normal 0 0 1
    outer loop
      vertex -3.43924 17.2826 3
      vertex -5.04315 17.1113 3
      vertex -5.04315 16.265 3
    endloop
  endfacet
  facet normal 0 0 1
    outer loop
      vertex -1.7319 16.242 3
      vertex -5.04315 16.265 3
      vertex -7.40385 2.2744 3
    endloop
  endfacet
  facet normal 0 0 1
    outer loop
      vertex 7.40385 2.2744 3
      vertex -7.40385 2.2744 3
      vertex 0 -2 3
    endloop
  endfacet
  facet normal -0 0 1
    outer loop
      vertex -7.40385 -3.7256 3
      vertex -5.19615 -5 3
      vertex -7.40385 2.2744 3
    endloop
  endfacet
  facet normal 0 0 1
    outer loop
      vertex 0 -2 3
      vertex -7.40385 2.2744 3
      vertex -5.19615 -5 3
    endloop
  endfacet
  facet normal 0 0 1
    outer loop
      vertex -12.6 5.2744 3
      vertex -5.04315 16.265 3
      vertex -9.94188 16.265 3
    endloop
  endfacet
  facet normal -0 0 1
    outer loop
      vertex -11.2569 17.8586 3
      vertex -9.94188 16.265 3
      vertex -11.0889 18.1746 3
    endloop
  endfacet
  facet normal -0 0 1
    outer loop
      vertex -11.446 17.5688 3
      vertex -9.94188 16.265 3
      vertex -11.2569 17.8586 3
    endloop
  endfacet
  facet normal -0 0 1
    outer loop
      vertex -11.6565 17.3053 3
      vertex -9.94188 16.265 3
      vertex -11.446 17.5688 3
    endloop
  endfacet
  facet normal -0 0 1
    outer loop
      vertex -11.8882 17.0679 3
      vertex -9.94188 16.265 3
      vertex -11.6565 17.3053 3
    endloop
  endfacet
  facet normal -0 0 1
    outer loop
      vertex -12.1411 16.8568 3
      vertex -9.94188 16.265 3
      vertex -11.8882 17.0679 3
    endloop
  endfacet
  facet normal -0 0 1
    outer loop
      vertex -12.4153 16.6719 3
      vertex -9.94188 16.265 3
      vertex -12.1411 16.8568 3
    endloop
  endfacet
  facet normal -0 0 1
    outer loop
      vertex -12.7077 16.5144 3
      vertex -9.94188 16.265 3
      vertex -12.4153 16.6719 3
    endloop
  endfacet
  facet normal 0 0 1
    outer loop
      vertex -5.04315 16.265 3
      vertex -12.6 5.2744 3
      vertex -7.40385 2.2744 3
    endloop
  endfacet
  facet normal -0 0 1
    outer loop
      vertex -13.0154 16.3856 3
      vertex -9.94188 16.265 3
      vertex -12.7077 16.5144 3
    endloop
  endfacet
  facet normal -0 0 1
    outer loop
      vertex -13.3382 16.2854 3
      vertex -9.94188 16.265 3
      vertex -13.0154 16.3856 3
    endloop
  endfacet
  facet normal 0 0 1
    outer loop
      vertex -9.94188 16.265 3
      vertex -13.3382 16.2854 3
      vertex -12.6 5.2744 3
    endloop
  endfacet
  facet normal -0 0 1
    outer loop
      vertex -13.6763 16.2138 3
      vertex -12.6 5.2744 3
      vertex -13.3382 16.2854 3
    endloop
  endfacet
  facet normal -0 0 1
    outer loop
      vertex -14.0296 16.1708 3
      vertex -12.6 5.2744 3
      vertex -13.6763 16.2138 3
    endloop
  endfacet
  facet normal -0 0 1
    outer loop
      vertex -14.3981 16.1565 3
      vertex -12.6 5.2744 3
      vertex -14.0296 16.1708 3
    endloop
  endfacet
  facet normal 0 0 1
    outer loop
      vertex -14.7746 16.1699 3
      vertex -12.6 5.2744 3
      vertex -14.3981 16.1565 3
    endloop
  endfacet
  facet normal 0 0 1
    outer loop
      vertex -15.1338 16.2099 3
      vertex -12.6 5.2744 3
      vertex -14.7746 16.1699 3
    endloop
  endfacet
  facet normal 0 0 1
    outer loop
      vertex -15.4757 16.2766 3
      vertex -12.6 5.2744 3
      vertex -15.1338 16.2099 3
    endloop
  endfacet
  facet normal 0 0 1
    outer loop
      vertex -15.8002 16.3699 3
      vertex -12.6 5.2744 3
      vertex -15.4757 16.2766 3
    endloop
  endfacet
  facet normal 0 0 1
    outer loop
      vertex -17.7962 2.2744 3
      vertex -15.8002 16.3699 3
      vertex -16.1074 16.4899 3
    endloop
  endfacet
  facet normal 0 0 1
    outer loop
      vertex -22.6572 16.265 3
      vertex -16.1074 16.4899 3
      vertex -16.3972 16.6366 3
    endloop
  endfacet
  facet normal 0 0 1
    outer loop
      vertex -22.6572 16.265 3
      vertex -16.3972 16.6366 3
      vertex -16.6673 16.8081 3
    endloop
  endfacet
  facet normal 0 0 1
    outer loop
      vertex -22.6572 16.265 3
      vertex -16.6673 16.8081 3
      vertex -16.915 17.0025 3
    endloop
  endfacet
  facet normal 0 0 1
    outer loop
      vertex -22.6572 16.265 3
      vertex -16.915 17.0025 3
      vertex -17.1405 17.2198 3
    endloop
  endfacet
  facet normal 0 0 1
    outer loop
      vertex -22.6572 16.265 3
      vertex -17.1405 17.2198 3
      vertex -17.3436 17.46 3
    endloop
  endfacet
  facet normal 0 0 1
    outer loop
      vertex -22.6572 16.265 3
      vertex -17.3436 17.46 3
      vertex -17.5245 17.7231 3
    endloop
  endfacet
  facet normal 0 0 1
    outer loop
      vertex -22.6572 16.265 3
      vertex -17.5245 17.7231 3
      vertex -17.683 18.0092 3
    endloop
  endfacet
  facet normal 0 0 1
    outer loop
      vertex -15.8002 16.3699 3
      vertex -17.7962 2.2744 3
      vertex -12.6 5.2744 3
    endloop
  endfacet
  facet normal 0 0 1
    outer loop
      vertex -20.0038 -5 3
      vertex -17.7962 -3.7256 3
      vertex -17.7962 2.2744 3
    endloop
  endfacet
  facet normal 0 0 1
    outer loop
      vertex -17.7962 -3.7256 3
      vertex -20.0038 -5 3
      vertex -17.7962 -12.2744 3
    endloop
  endfacet
  facet normal 0 0 1
    outer loop
      vertex -22.6572 16.265 3
      vertex -17.8181 18.3158 3
      vertex -17.9286 18.6406 3
    endloop
  endfacet
  facet normal 0 0 1
    outer loop
      vertex -22.6572 16.265 3
      vertex -17.683 18.0092 3
      vertex -17.8181 18.3158 3
    endloop
  endfacet
  facet normal 0 0 1
    outer loop
      vertex 8.43234 19.2035 3
      vertex 8.89258 18.3211 3
      vertex 8.88783 18.4419 3
    endloop
  endfacet
  facet normal 0 0 1
    outer loop
      vertex 8.51622 19.1416 3
      vertex 8.88783 18.4419 3
      vertex 8.8736 18.555 3
    endloop
  endfacet
  facet normal 0 0 1
    outer loop
      vertex 8.59239 19.0752 3
      vertex 8.8736 18.555 3
      vertex 8.84985 18.6601 3
    endloop
  endfacet
  facet normal 0 0 1
    outer loop
      vertex 8.88783 18.4419 3
      vertex 8.51622 19.1416 3
      vertex 8.43234 19.2035 3
    endloop
  endfacet
  facet normal 0 0 1
    outer loop
      vertex 8.66089 19.0042 3
      vertex 8.84985 18.6601 3
      vertex 8.81664 18.7575 3
    endloop
  endfacet
  facet normal 0 0 1
    outer loop
      vertex 8.66089 19.0042 3
      vertex 8.81664 18.7575 3
      vertex 8.77391 18.847 3
    endloop
  endfacet
  facet normal 0 0 1
    outer loop
      vertex 8.84985 18.6601 3
      vertex 8.66089 19.0042 3
      vertex 8.59239 19.0752 3
    endloop
  endfacet
  facet normal 0 0 1
    outer loop
      vertex 8.66089 19.0042 3
      vertex 8.77391 18.847 3
      vertex 8.72169 18.9287 3
    endloop
  endfacet
  facet normal 0 0 1
    outer loop
      vertex 8.8736 18.555 3
      vertex 8.59239 19.0752 3
      vertex 8.51622 19.1416 3
    endloop
  endfacet
  facet normal 0 0 1
    outer loop
      vertex 8.34079 19.2609 3
      vertex 8.89258 18.3211 3
      vertex 8.43234 19.2035 3
    endloop
  endfacet
  facet normal 0 0 1
    outer loop
      vertex 8.89258 18.3211 3
      vertex 8.34079 19.2609 3
      vertex 8.87743 18.1076 3
    endloop
  endfacet
  facet normal 0 -0 1
    outer loop
      vertex 8.51396 17.4331 3
      vertex 8.87743 18.1076 3
      vertex 8.34079 19.2609 3
    endloop
  endfacet
  facet normal 0 0 1
    outer loop
      vertex 8.87743 18.1076 3
      vertex 8.51396 17.4331 3
      vertex 8.832 17.9121 3
    endloop
  endfacet
  facet normal 0 0 1
    outer loop
      vertex 8.832 17.9121 3
      vertex 8.65027 17.5748 3
      vertex 8.75627 17.7345 3
    endloop
  endfacet
  facet normal 0 0 1
    outer loop
      vertex 8.832 17.9121 3
      vertex 8.51396 17.4331 3
      vertex 8.65027 17.5748 3
    endloop
  endfacet
  facet normal 0 0 1
    outer loop
      vertex 8.51396 17.4331 3
      vertex 8.34079 19.2609 3
      vertex 8.34738 17.3093 3
    endloop
  endfacet
  facet normal 0 0 1
    outer loop
      vertex 8.24153 19.3138 3
      vertex 8.34738 17.3093 3
      vertex 8.34079 19.2609 3
    endloop
  endfacet
  facet normal 0 0 1
    outer loop
      vertex 8.24153 19.3138 3
      vertex 8.15291 17.2041 3
      vertex 8.34738 17.3093 3
    endloop
  endfacet
  facet normal 0 0 1
    outer loop
      vertex 8.13516 19.3631 3
      vertex 8.15291 17.2041 3
      vertex 8.24153 19.3138 3
    endloop
  endfacet
  facet normal 0 0 1
    outer loop
      vertex 8.02214 19.4097 3
      vertex 8.15291 17.2041 3
      vertex 8.13516 19.3631 3
    endloop
  endfacet
  facet normal 0 0 1
    outer loop
      vertex 8.02214 19.4097 3
      vertex 7.93297 17.118 3
      vertex 8.15291 17.2041 3
    endloop
  endfacet
  facet normal 0 0 1
    outer loop
      vertex 7.9025 19.4535 3
      vertex 7.93297 17.118 3
      vertex 8.02214 19.4097 3
    endloop
  endfacet
  facet normal 0 0 1
    outer loop
      vertex 7.68756 17.051 3
      vertex 7.9025 19.4535 3
      vertex 7.77621 19.4946 3
    endloop
  endfacet
  facet normal 0 0 1
    outer loop
      vertex 7.9025 19.4535 3
      vertex 7.68756 17.051 3
      vertex 7.93297 17.118 3
    endloop
  endfacet
  facet normal 0 0 1
    outer loop
      vertex 7.64331 19.5331 3
      vertex 7.68756 17.051 3
      vertex 7.77621 19.4946 3
    endloop
  endfacet
  facet normal 0 0 1
    outer loop
      vertex 7.41667 17.0031 3
      vertex 7.64331 19.5331 3
      vertex 7.50378 19.5688 3
    endloop
  endfacet
  facet normal 0 0 1
    outer loop
      vertex 7.64331 19.5331 3
      vertex 7.41667 17.0031 3
      vertex 7.68756 17.051 3
    endloop
  endfacet
  facet normal 0 0 1
    outer loop
      vertex 7.12032 16.9744 3
      vertex 7.50378 19.5688 3
      vertex 7.35837 19.6036 3
    endloop
  endfacet
  facet normal 0 0 1
    outer loop
      vertex 7.12032 16.9744 3
      vertex 7.35837 19.6036 3
      vertex 7.20782 19.6393 3
    endloop
  endfacet
  facet normal 0 0 1
    outer loop
      vertex 7.50378 19.5688 3
      vertex 7.12032 16.9744 3
      vertex 7.41667 17.0031 3
    endloop
  endfacet
  facet normal 0 0 1
    outer loop
      vertex 6.79849 16.9648 3
      vertex 7.20782 19.6393 3
      vertex 7.05215 19.6759 3
    endloop
  endfacet
  facet normal 0 0 1
    outer loop
      vertex 6.48611 16.9738 3
      vertex 7.05215 19.6759 3
      vertex 6.89137 19.7135 3
    endloop
  endfacet
  facet normal 0 0 1
    outer loop
      vertex 7.20782 19.6393 3
      vertex 6.79849 16.9648 3
      vertex 7.12032 16.9744 3
    endloop
  endfacet
  facet normal 0 0 1
    outer loop
      vertex 6.48611 16.9738 3
      vertex 6.89137 19.7135 3
      vertex 6.72545 19.7519 3
    endloop
  endfacet
  facet normal 0 0 1
    outer loop
      vertex 6.19633 17.0007 3
      vertex 6.72545 19.7519 3
      vertex 6.55441 19.7912 3
    endloop
  endfacet
  facet normal 0 0 1
    outer loop
      vertex 7.05215 19.6759 3
      vertex 6.48611 16.9738 3
      vertex 6.79849 16.9648 3
    endloop
  endfacet
  facet normal 0 0 1
    outer loop
      vertex 5.68457 17.1083 3
      vertex 6.55441 19.7912 3
      vertex 6.26454 19.8582 3
    endloop
  endfacet
  facet normal 0 0 1
    outer loop
      vertex 6.72545 19.7519 3
      vertex 6.19633 17.0007 3
      vertex 6.48611 16.9738 3
    endloop
  endfacet
  facet normal 0 0 1
    outer loop
      vertex 4.52545 18.2994 3
      vertex 6.26454 19.8582 3
      vertex 5.99895 19.9251 3
    endloop
  endfacet
  facet normal 0 0 1
    outer loop
      vertex 6.55441 19.7912 3
      vertex 5.92915 17.0455 3
      vertex 6.19633 17.0007 3
    endloop
  endfacet
  facet normal 0 0 1
    outer loop
      vertex 4.52545 18.2994 3
      vertex 5.99895 19.9251 3
      vertex 5.7576 19.992 3
    endloop
  endfacet
  facet normal 0 0 1
    outer loop
      vertex 6.55441 19.7912 3
      vertex 5.68457 17.1083 3
      vertex 5.92915 17.0455 3
    endloop
  endfacet
  facet normal 0 0 1
    outer loop
      vertex 4.52545 18.2994 3
      vertex 5.7576 19.992 3
      vertex 5.54051 20.0589 3
    endloop
  endfacet
  facet normal 0 0 1
    outer loop
      vertex 6.26454 19.8582 3
      vertex 5.4626 17.189 3
      vertex 5.68457 17.1083 3
    endloop
  endfacet
  facet normal 0 0 1
    outer loop
      vertex 4.52545 18.2994 3
      vertex 5.54051 20.0589 3
      vertex 5.3477 20.1258 3
    endloop
  endfacet
  facet normal 0 0 1
    outer loop
      vertex 6.26454 19.8582 3
      vertex 4.52545 18.2994 3
      vertex 4.59418 18.0799 3
    endloop
  endfacet
  facet normal 0 0 1
    outer loop
      vertex 4.52545 18.2994 3
      vertex 5.3477 20.1258 3
      vertex 5.17914 20.1927 3
    endloop
  endfacet
  facet normal 0 0 1
    outer loop
      vertex 6.26454 19.8582 3
      vertex 4.59418 18.0799 3
      vertex 4.68459 17.8808 3
    endloop
  endfacet
  facet normal 0 0 1
    outer loop
      vertex 4.52545 18.2994 3
      vertex 5.17914 20.1927 3
      vertex 5.02823 20.2609 3
    endloop
  endfacet
  facet normal 0 0 1
    outer loop
      vertex 6.26454 19.8582 3
      vertex 5.26321 17.2876 3
      vertex 5.4626 17.189 3
    endloop
  endfacet
  facet normal 0 0 1
    outer loop
      vertex 4.52545 18.2994 3
      vertex 5.02823 20.2609 3
      vertex 4.88832 20.3316 3
    endloop
  endfacet
  facet normal 0 0 1
    outer loop
      vertex 6.26454 19.8582 3
      vertex 5.08601 17.4054 3
      vertex 5.26321 17.2876 3
    endloop
  endfacet
  facet normal 0 0 1
    outer loop
      vertex 4.52545 18.2994 3
      vertex 4.88832 20.3316 3
      vertex 4.75941 20.4049 3
    endloop
  endfacet
  facet normal 0 0 1
    outer loop
      vertex 6.26454 19.8582 3
      vertex 4.93051 17.5435 3
      vertex 5.08601 17.4054 3
    endloop
  endfacet
  facet normal 0 0 1
    outer loop
      vertex 4.52545 18.2994 3
      vertex 4.75941 20.4049 3
      vertex 4.64149 20.4808 3
    endloop
  endfacet
  facet normal 0 0 1
    outer loop
      vertex 6.26454 19.8582 3
      vertex 4.79669 17.702 3
      vertex 4.93051 17.5435 3
    endloop
  endfacet
  facet normal 0 0 1
    outer loop
      vertex 4.52545 18.2994 3
      vertex 4.64149 20.4808 3
      vertex 4.53458 20.5592 3
    endloop
  endfacet
  facet normal 0 0 1
    outer loop
      vertex 6.26454 19.8582 3
      vertex 4.68459 17.8808 3
      vertex 4.79669 17.702 3
    endloop
  endfacet
  facet normal 0 0 1
    outer loop
      vertex 2.34769 19.1403 3
      vertex 4.53458 20.5592 3
      vertex 4.43866 20.6402 3
    endloop
  endfacet
  facet normal 0 0 1
    outer loop
      vertex 2.34769 19.1403 3
      vertex 4.43866 20.6402 3
      vertex 4.35178 20.7248 3
    endloop
  endfacet
  facet normal 0 0 1
    outer loop
      vertex 2.34769 19.1403 3
      vertex 4.35178 20.7248 3
      vertex 4.27197 20.8141 3
    endloop
  endfacet
  facet normal 0 0 1
    outer loop
      vertex 2.34769 19.1403 3
      vertex 4.27197 20.8141 3
      vertex 4.19926 20.9081 3
    endloop
  endfacet
  facet normal 0 0 1
    outer loop
      vertex 2.34769 19.1403 3
      vertex 4.19926 20.9081 3
      vertex 4.13362 21.0067 3
    endloop
  endfacet
  facet normal 0 0 1
    outer loop
      vertex 2.34769 19.1403 3
      vertex 4.13362 21.0067 3
      vertex 4.07507 21.11 3
    endloop
  endfacet
  facet normal 0 0 1
    outer loop
      vertex 2.34769 19.1403 3
      vertex 4.07507 21.11 3
      vertex 4.02362 21.218 3
    endloop
  endfacet
  facet normal 0 0 1
    outer loop
      vertex 2.34769 19.1403 3
      vertex 4.02362 21.218 3
      vertex 3.97969 21.331 3
    endloop
  endfacet
  facet normal 0 0 1
    outer loop
      vertex 2.34769 19.1403 3
      vertex 3.97969 21.331 3
      vertex 3.94376 21.4494 3
    endloop
  endfacet
  facet normal 0 0 1
    outer loop
      vertex 3.89583 21.7027 3
      vertex 2.34769 19.1403 3
      vertex 3.9158 21.5733 3
    endloop
  endfacet
  facet normal 0 0 1
    outer loop
      vertex 4.53458 20.5592 3
      vertex 3.52185 18.0987 3
      vertex 4.52545 18.2994 3
    endloop
  endfacet
  facet normal 0 0 1
    outer loop
      vertex 2.34769 19.1403 3
      vertex 3.89583 21.7027 3
      vertex 2.34769 23.9088 3
    endloop
  endfacet
  facet normal 0 0 1
    outer loop
      vertex 2.34769 23.9088 3
      vertex 3.89583 21.7027 3
      vertex 3.88385 21.8374 3
    endloop
  endfacet
  facet normal 0 0 1
    outer loop
      vertex 2.34769 23.9088 3
      vertex 3.88385 21.8374 3
      vertex 3.87985 21.9776 3
    endloop
  endfacet
  facet normal 0 0 1
    outer loop
      vertex -0.858459 16.9974 3
      vertex -2.92534 19.1294 3
      vertex -2.91058 18.7944 3
    endloop
  endfacet
  facet normal 0 0 1
    outer loop
      vertex -3.96158 19.0426 3
      vertex -8.90572 17.1113 3
      vertex -5.04315 17.1113 3
    endloop
  endfacet
  facet normal 0 0 1
    outer loop
      vertex -11.1594 22.1294 3
      vertex -11.9352 18.5977 3
      vertex -11.0889 18.1746 3
    endloop
  endfacet
  facet normal -0 0 1
    outer loop
      vertex -12.1413 21.804 3
      vertex -11.9352 18.5977 3
      vertex -11.1594 22.1294 3
    endloop
  endfacet
  facet normal -0 0 1
    outer loop
      vertex -17.0727 20.1222 3
      vertex -11.9352 18.5977 3
      vertex -12.1413 21.804 3
    endloop
  endfacet
  facet normal 0 0 1
    outer loop
      vertex -13.6393 23.0883 3
      vertex -12.1413 21.804 3
      vertex -12.2389 22.0176 3
    endloop
  endfacet
  facet normal 0 0 1
    outer loop
      vertex -13.6393 23.0883 3
      vertex -12.2389 22.0176 3
      vertex -12.3544 22.2138 3
    endloop
  endfacet
  facet normal 0 0 1
    outer loop
      vertex -13.6393 23.0883 3
      vertex -12.3544 22.2138 3
      vertex -12.4879 22.3925 3
    endloop
  endfacet
  facet normal -0 -0 1
    outer loop
      vertex -17.0523 19.6691 3
      vertex -11.9352 18.5977 3
      vertex -17.0727 20.1222 3
    endloop
  endfacet
  facet normal 0 0 1
    outer loop
      vertex -13.6393 23.0883 3
      vertex -12.4879 22.3925 3
      vertex -12.6393 22.5538 3
    endloop
  endfacet
  facet normal 0 0 1
    outer loop
      vertex -13.6393 23.0883 3
      vertex -12.6393 22.5538 3
      vertex -12.8086 22.6975 3
    endloop
  endfacet
  facet normal -0 -0 1
    outer loop
      vertex -16.991 19.2466 3
      vertex -11.9352 18.5977 3
      vertex -17.0523 19.6691 3
    endloop
  endfacet
  facet normal 0 0 1
    outer loop
      vertex -13.6393 23.0883 3
      vertex -12.8086 22.6975 3
      vertex -12.9958 22.8238 3
    endloop
  endfacet
  facet normal 0 0 1
    outer loop
      vertex -13.6393 23.0883 3
      vertex -12.9958 22.8238 3
      vertex -13.1981 22.9315 3
    endloop
  endfacet
  facet normal 0 0 1
    outer loop
      vertex -11.9352 18.5977 3
      vertex -16.991 19.2466 3
      vertex -12.2268 18.112 3
    endloop
  endfacet
  facet normal 0 0 1
    outer loop
      vertex -13.6393 23.0883 3
      vertex -13.1981 22.9315 3
      vertex -13.4126 23.0197 3
    endloop
  endfacet
  facet normal 0 0 1
    outer loop
      vertex -12.1413 21.804 3
      vertex -13.6393 23.0883 3
      vertex -13.8782 23.1373 3
    endloop
  endfacet
  facet normal -0 -0 1
    outer loop
      vertex -16.8889 18.8548 3
      vertex -12.2268 18.112 3
      vertex -16.991 19.2466 3
    endloop
  endfacet
  facet normal 0 0 1
    outer loop
      vertex -12.1413 21.804 3
      vertex -13.8782 23.1373 3
      vertex -14.1293 23.1666 3
    endloop
  endfacet
  facet normal 0 0 1
    outer loop
      vertex -12.1413 21.804 3
      vertex -14.1293 23.1666 3
      vertex -14.3927 23.1764 3
    endloop
  endfacet
  facet normal 0 -0 1
    outer loop
      vertex -14.3493 17.0082 3
      vertex -12.2268 18.112 3
      vertex -16.8889 18.8548 3
    endloop
  endfacet
  facet normal 0 0 1
    outer loop
      vertex -12.1413 21.804 3
      vertex -14.3927 23.1764 3
      vertex -16.9943 21.0025 3
    endloop
  endfacet
  facet normal 0 0 1
    outer loop
      vertex -12.2268 18.112 3
      vertex -14.3493 17.0082 3
      vertex -12.5627 17.7147 3
    endloop
  endfacet
  facet normal 0 0 1
    outer loop
      vertex -16.8964 21.3923 3
      vertex -14.3927 23.1764 3
      vertex -14.8002 23.1537 3
    endloop
  endfacet
  facet normal 0 0 1
    outer loop
      vertex -12.9429 17.4056 3
      vertex -13.8362 17.0524 3
      vertex -13.3674 17.1848 3
    endloop
  endfacet
  facet normal 0 0 1
    outer loop
      vertex -16.7593 21.7485 3
      vertex -14.8002 23.1537 3
      vertex -15.1763 23.0857 3
    endloop
  endfacet
  facet normal 0 0 1
    outer loop
      vertex -12.5627 17.7147 3
      vertex -13.8362 17.0524 3
      vertex -12.9429 17.4056 3
    endloop
  endfacet
  facet normal 0 0 1
    outer loop
      vertex -16.583 22.071 3
      vertex -15.1763 23.0857 3
      vertex -15.5211 22.9723 3
    endloop
  endfacet
  facet normal 0 -0 1
    outer loop
      vertex -13.8362 17.0524 3
      vertex -12.5627 17.7147 3
      vertex -14.3493 17.0082 3
    endloop
  endfacet
  facet normal 0 0 1
    outer loop
      vertex -16.583 22.071 3
      vertex -15.5211 22.9723 3
      vertex -15.8346 22.8136 3
    endloop
  endfacet
  facet normal 0 0 1
    outer loop
      vertex -14.3493 17.0082 3
      vertex -16.8889 18.8548 3
      vertex -14.7527 17.0319 3
    endloop
  endfacet
  facet normal 0 0 1
    outer loop
      vertex -16.583 22.071 3
      vertex -15.8346 22.8136 3
      vertex -16.1167 22.6094 3
    endloop
  endfacet
  facet normal -0 -0 1
    outer loop
      vertex -16.746 18.4934 3
      vertex -14.7527 17.0319 3
      vertex -16.8889 18.8548 3
    endloop
  endfacet
  facet normal 0 0 1
    outer loop
      vertex -16.583 22.071 3
      vertex -16.1167 22.6094 3
      vertex -16.3675 22.36 3
    endloop
  endfacet
  facet normal -0 -0 1
    outer loop
      vertex -16.5622 18.1627 3
      vertex -14.7527 17.0319 3
      vertex -16.746 18.4934 3
    endloop
  endfacet
  facet normal 0 0 1
    outer loop
      vertex -15.1763 23.0857 3
      vertex -16.583 22.071 3
      vertex -16.7593 21.7485 3
    endloop
  endfacet
  facet normal 0 0 1
    outer loop
      vertex -14.7527 17.0319 3
      vertex -16.5622 18.1627 3
      vertex -15.1272 17.1031 3
    endloop
  endfacet
  facet normal 0 0 1
    outer loop
      vertex -14.8002 23.1537 3
      vertex -16.7593 21.7485 3
      vertex -16.8964 21.3923 3
    endloop
  endfacet
  facet normal 0 0 1
    outer loop
      vertex -15.79 17.3879 3
      vertex -16.3376 17.8626 3
      vertex -16.0782 17.6015 3
    endloop
  endfacet
  facet normal 0 0 1
    outer loop
      vertex -14.3927 23.1764 3
      vertex -16.8964 21.3923 3
      vertex -16.9943 21.0025 3
    endloop
  endfacet
  facet normal 0 0 1
    outer loop
      vertex -15.473 17.2218 3
      vertex -16.3376 17.8626 3
      vertex -15.79 17.3879 3
    endloop
  endfacet
  facet normal 0 0 1
    outer loop
      vertex -12.1413 21.804 3
      vertex -16.9943 21.0025 3
      vertex -17.0531 20.5792 3
    endloop
  endfacet
  facet normal -0 -0 1
    outer loop
      vertex -16.3376 17.8626 3
      vertex -15.1272 17.1031 3
      vertex -16.5622 18.1627 3
    endloop
  endfacet
  facet normal 0 0 1
    outer loop
      vertex -12.1413 21.804 3
      vertex -17.0531 20.5792 3
      vertex -17.0727 20.1222 3
    endloop
  endfacet
  facet normal 0 0 1
    outer loop
      vertex -15.1272 17.1031 3
      vertex -16.3376 17.8626 3
      vertex -15.473 17.2218 3
    endloop
  endfacet
  facet normal -0 0 1
    outer loop
      vertex 9.8661 18.8841 3
      vertex 13.1299 16.265 3
      vertex 13.1299 23.0625 3
    endloop
  endfacet
  facet normal 0 0 1
    outer loop
      vertex 9.73889 22.2651 3
      vertex 13.1299 23.0625 3
      vertex 10.5042 23.0625 3
    endloop
  endfacet
  facet normal 0 0 1
    outer loop
      vertex 13.1299 16.265 3
      vertex 9.91794 18.3753 3
      vertex 9.89496 18.036 3
    endloop
  endfacet
  facet normal 0 0 1
    outer loop
      vertex 13.1299 16.265 3
      vertex 9.89496 18.036 3
      vertex 9.826 17.7231 3
    endloop
  endfacet
  facet normal -0 0 1
    outer loop
      vertex 9.71109 17.4368 3
      vertex 13.1299 16.265 3
      vertex 9.826 17.7231 3
    endloop
  endfacet
  facet normal -0 0 1
    outer loop
      vertex 9.55022 17.177 3
      vertex 13.1299 16.265 3
      vertex 9.71109 17.4368 3
    endloop
  endfacet
  facet normal -0 0 1
    outer loop
      vertex 9.34338 16.9438 3
      vertex 13.1299 16.265 3
      vertex 9.55022 17.177 3
    endloop
  endfacet
  facet normal -0 0 1
    outer loop
      vertex 9.09058 16.737 3
      vertex 13.1299 16.265 3
      vertex 9.34338 16.9438 3
    endloop
  endfacet
  facet normal -0 0 1
    outer loop
      vertex 8.79605 16.5596 3
      vertex 13.1299 16.265 3
      vertex 9.09058 16.737 3
    endloop
  endfacet
  facet normal -0 0 1
    outer loop
      vertex 8.464 16.4145 3
      vertex 13.1299 16.265 3
      vertex 8.79605 16.5596 3
    endloop
  endfacet
  facet normal 0 0 1
    outer loop
      vertex 13.1299 16.265 3
      vertex 8.464 16.4145 3
      vertex 12.6 5.2744 3
    endloop
  endfacet
  facet normal -0 0 1
    outer loop
      vertex 8.09444 16.3017 3
      vertex 12.6 5.2744 3
      vertex 8.464 16.4145 3
    endloop
  endfacet
  facet normal -0 0 1
    outer loop
      vertex 7.68735 16.221 3
      vertex 12.6 5.2744 3
      vertex 8.09444 16.3017 3
    endloop
  endfacet
  facet normal -0 0 1
    outer loop
      vertex 7.24272 16.1727 3
      vertex 12.6 5.2744 3
      vertex 7.68735 16.221 3
    endloop
  endfacet
  facet normal 0 0 1
    outer loop
      vertex 5.19615 -5 3
      vertex 7.40385 -3.7256 3
      vertex 7.40385 2.2744 3
    endloop
  endfacet
  facet normal 0 0 1
    outer loop
      vertex 7.40385 -3.7256 3
      vertex 5.19615 -5 3
      vertex 7.40385 -12.2744 3
    endloop
  endfacet
  facet normal 0 0 1
    outer loop
      vertex 12.6 5.2744 3
      vertex 6.76057 16.1565 3
      vertex 7.40385 2.2744 3
    endloop
  endfacet
  facet normal -0 0 1
    outer loop
      vertex 6.76057 16.1565 3
      vertex 12.6 5.2744 3
      vertex 7.24272 16.1727 3
    endloop
  endfacet
  facet normal -0 0 1
    outer loop
      vertex 12.6 -6.7256 3
      vertex 17.7962 -12.2744 3
      vertex 17.7962 -3.7256 3
    endloop
  endfacet
  facet normal 0 0 1
    outer loop
      vertex 12.6 -6.7256 3
      vertex 12.6 -9.2744 3
      vertex 17.7962 -12.2744 3
    endloop
  endfacet
  facet normal 0 0 1
    outer loop
      vertex 7.40385 -3.7256 3
      vertex 12.6 -9.2744 3
      vertex 12.6 -6.7256 3
    endloop
  endfacet
  facet normal 0 0 1
    outer loop
      vertex 12.6 -9.2744 3
      vertex 7.40385 -3.7256 3
      vertex 7.40385 -12.2744 3
    endloop
  endfacet
  facet normal -0 0 1
    outer loop
      vertex 18.8303 23.0625 3
      vertex 23.2679 20.6104 3
      vertex 23.5934 23.0625 3
    endloop
  endfacet
  facet normal 0 0 1
    outer loop
      vertex 23.2679 20.6104 3
      vertex 18.8303 23.0625 3
      vertex 18.8303 20.6104 3
    endloop
  endfacet
  facet normal 0 0 1
    outer loop
      vertex 30.4348 16.265 3
      vertex 26.0676 16.265 3
      vertex 32.6038 2.2744 3
    endloop
  endfacet
  facet normal 0 0 1
    outer loop
      vertex 26.0676 16.265 3
      vertex 28.4492 19.4386 3
      vertex 26.0676 19.4386 3
    endloop
  endfacet
  facet normal -0 0 1
    outer loop
      vertex 25.0315 16.265 3
      vertex 32.6038 2.2744 3
      vertex 26.0676 16.265 3
    endloop
  endfacet
  facet normal 0 0 1
    outer loop
      vertex 32.6038 2.2744 3
      vertex 25.2 -2 3
      vertex 30.3962 -5 3
    endloop
  endfacet
  facet normal 0 0 1
    outer loop
      vertex 17.7962 2.2744 3
      vertex 32.6038 2.2744 3
      vertex 25.0315 16.265 3
    endloop
  endfacet
  facet normal 0 0 1
    outer loop
      vertex 23.8158 16.265 3
      vertex 25.0315 16.265 3
      vertex 23.8158 17.1113 3
    endloop
  endfacet
  facet normal 0 0 1
    outer loop
      vertex 17.7962 2.2744 3
      vertex 25.0315 16.265 3
      vertex 23.8158 16.265 3
    endloop
  endfacet
  facet normal 0 0 1
    outer loop
      vertex 32.6038 2.2744 3
      vertex 17.7962 2.2744 3
      vertex 25.2 -2 3
    endloop
  endfacet
  facet normal -0 0 1
    outer loop
      vertex 17.7962 -3.7256 3
      vertex 20.0038 -5 3
      vertex 17.7962 2.2744 3
    endloop
  endfacet
  facet normal 0 0 1
    outer loop
      vertex 25.2 -2 3
      vertex 17.7962 2.2744 3
      vertex 20.0038 -5 3
    endloop
  endfacet
  facet normal -0 0 1
    outer loop
      vertex 17.7941 16.265 3
      vertex 17.7962 2.2744 3
      vertex 23.8158 16.265 3
    endloop
  endfacet
  facet normal 0 0 1
    outer loop
      vertex 17.7941 23.9088 3
      vertex 16.7863 23.0625 3
      vertex 17.7941 16.265 3
    endloop
  endfacet
  facet normal 0 0 1
    outer loop
      vertex 14.1606 16.265 3
      vertex 17.7941 16.265 3
      vertex 16.7863 23.0625 3
    endloop
  endfacet
  facet normal 0 0 1
    outer loop
      vertex 14.1606 16.265 3
      vertex 16.7863 23.0625 3
      vertex 14.1606 23.0625 3
    endloop
  endfacet
  facet normal 0 0 1
    outer loop
      vertex 12.6 5.2744 3
      vertex 17.7941 16.265 3
      vertex 14.1606 16.265 3
    endloop
  endfacet
  facet normal 0 0 1
    outer loop
      vertex 12.6 5.2744 3
      vertex 14.1606 16.265 3
      vertex 13.1299 16.265 3
    endloop
  endfacet
  facet normal 0 0 1
    outer loop
      vertex 17.7941 16.265 3
      vertex 12.6 5.2744 3
      vertex 17.7962 2.2744 3
    endloop
  endfacet
  facet normal -0 0 1
    outer loop
      vertex 37.8 -6.7256 3
      vertex 42.9962 -12.2744 3
      vertex 42.9962 -3.7256 3
    endloop
  endfacet
  facet normal 0 0 1
    outer loop
      vertex 37.8 -6.7256 3
      vertex 37.8 -9.2744 3
      vertex 42.9962 -12.2744 3
    endloop
  endfacet
  facet normal 0 0 1
    outer loop
      vertex 32.6038 -3.7256 3
      vertex 37.8 -9.2744 3
      vertex 37.8 -6.7256 3
    endloop
  endfacet
  facet normal 0 0 1
    outer loop
      vertex 37.8 -9.2744 3
      vertex 32.6038 -3.7256 3
      vertex 32.6038 -12.2744 3
    endloop
  endfacet
  facet normal -0 0 1
    outer loop
      vertex 63 -6.7256 3
      vertex 68.1962 -12.2744 3
      vertex 68.1962 -3.7256 3
    endloop
  endfacet
  facet normal 0 0 1
    outer loop
      vertex 63 -6.7256 3
      vertex 63 -9.2744 3
      vertex 68.1962 -12.2744 3
    endloop
  endfacet
  facet normal 0 0 1
    outer loop
      vertex 57.8038 -3.7256 3
      vertex 63 -9.2744 3
      vertex 63 -6.7256 3
    endloop
  endfacet
  facet normal 0 0 1
    outer loop
      vertex 63 -9.2744 3
      vertex 57.8038 -3.7256 3
      vertex 57.8038 -12.2744 3
    endloop
  endfacet
  facet normal 0 0 1
    outer loop
      vertex 81.5 31 3
      vertex 75.1 0 3
      vertex 81.5 -31 3
    endloop
  endfacet
  facet normal 0 0 1
    outer loop
      vertex 81.5 31 3
      vertex 75.0803 0.250295 3
      vertex 75.1 0 3
    endloop
  endfacet
  facet normal 0 0 1
    outer loop
      vertex 81.5 31 3
      vertex 75.0217 0.494427 3
      vertex 75.0803 0.250295 3
    endloop
  endfacet
  facet normal 0 0 1
    outer loop
      vertex 81.5 31 3
      vertex 74.9256 0.726384 3
      vertex 75.0217 0.494427 3
    endloop
  endfacet
  facet normal 0 0 1
    outer loop
      vertex 81.5 31 3
      vertex 74.7944 0.940456 3
      vertex 74.9256 0.726384 3
    endloop
  endfacet
  facet normal 0 0 1
    outer loop
      vertex 81.5 31 3
      vertex 74.6314 1.13137 3
      vertex 74.7944 0.940456 3
    endloop
  endfacet
  facet normal 0 0 1
    outer loop
      vertex 81.5 31 3
      vertex 74.4405 1.29443 3
      vertex 74.6314 1.13137 3
    endloop
  endfacet
  facet normal 0 0 1
    outer loop
      vertex 81.5 31 3
      vertex 74.2264 1.42561 3
      vertex 74.4405 1.29443 3
    endloop
  endfacet
  facet normal 0 0 1
    outer loop
      vertex 81.5 31 3
      vertex 73.9944 1.52169 3
      vertex 74.2264 1.42561 3
    endloop
  endfacet
  facet normal 0 0 1
    outer loop
      vertex 81.5 31 3
      vertex 73.7503 1.5803 3
      vertex 73.9944 1.52169 3
    endloop
  endfacet
  facet normal 0 0 1
    outer loop
      vertex 81.5 31 3
      vertex 73.5 1.6 3
      vertex 73.7503 1.5803 3
    endloop
  endfacet
  facet normal -0 0 1
    outer loop
      vertex 63 5.2744 3
      vertex 73.5 1.6 3
      vertex 81.5 31 3
    endloop
  endfacet
  facet normal -0 -0 1
    outer loop
      vertex 68.1962 2.2744 3
      vertex 73.5 1.6 3
      vertex 63 5.2744 3
    endloop
  endfacet
  facet normal 0 0 1
    outer loop
      vertex 73.5 1.6 3
      vertex 68.1962 2.2744 3
      vertex 73.2497 1.5803 3
    endloop
  endfacet
  facet normal 0 0 1
    outer loop
      vertex 73.0056 1.52169 3
      vertex 68.1962 2.2744 3
      vertex 72.7736 1.42561 3
    endloop
  endfacet
  facet normal 0 0 1
    outer loop
      vertex 72.7736 1.42561 3
      vertex 68.1962 2.2744 3
      vertex 72.5595 1.29443 3
    endloop
  endfacet
  facet normal 0 0 1
    outer loop
      vertex 72.5595 1.29443 3
      vertex 68.1962 2.2744 3
      vertex 72.3686 1.13137 3
    endloop
  endfacet
  facet normal 0 0 1
    outer loop
      vertex 72.3686 1.13137 3
      vertex 68.1962 2.2744 3
      vertex 72.2056 0.940456 3
    endloop
  endfacet
  facet normal 0 0 1
    outer loop
      vertex 72.2056 0.940456 3
      vertex 68.1962 2.2744 3
      vertex 72.0744 0.726384 3
    endloop
  endfacet
  facet normal 0 0 1
    outer loop
      vertex 71.9197 0.250295 3
      vertex 68.1962 2.2744 3
      vertex 71.9 0 3
    endloop
  endfacet
  facet normal 0 0 1
    outer loop
      vertex 71.9783 0.494427 3
      vertex 68.1962 2.2744 3
      vertex 71.9197 0.250295 3
    endloop
  endfacet
  facet normal 0 0 1
    outer loop
      vertex 72.0744 0.726384 3
      vertex 68.1962 2.2744 3
      vertex 71.9783 0.494427 3
    endloop
  endfacet
  facet normal 0 0 1
    outer loop
      vertex 73.2497 1.5803 3
      vertex 68.1962 2.2744 3
      vertex 73.0056 1.52169 3
    endloop
  endfacet
  facet normal -0 0 1
    outer loop
      vertex 31.2464 22.3594 3
      vertex 63 5.2744 3
      vertex 81.5 31 3
    endloop
  endfacet
  facet normal 0 0 1
    outer loop
      vertex 55.5962 -5 3
      vertex 57.8038 -3.7256 3
      vertex 57.8038 2.2744 3
    endloop
  endfacet
  facet normal 0 0 1
    outer loop
      vertex 57.8038 -3.7256 3
      vertex 55.5962 -5 3
      vertex 57.8038 -12.2744 3
    endloop
  endfacet
  facet normal -0 0 1
    outer loop
      vertex 55.5962 -11 3
      vertex 57.8038 -12.2744 3
      vertex 55.5962 -5 3
    endloop
  endfacet
  facet normal 0 0 1
    outer loop
      vertex 57.8038 2.2744 3
      vertex 50.4 -2 3
      vertex 55.5962 -5 3
    endloop
  endfacet
  facet normal -0 -0 1
    outer loop
      vertex 31.3049 22.0535 3
      vertex 63 5.2744 3
      vertex 31.2464 22.3594 3
    endloop
  endfacet
  facet normal 0 0 1
    outer loop
      vertex 57.8038 2.2744 3
      vertex 42.9962 2.2744 3
      vertex 50.4 -2 3
    endloop
  endfacet
  facet normal -0 0 1
    outer loop
      vertex 42.9962 -3.7256 3
      vertex 45.2038 -5 3
      vertex 42.9962 2.2744 3
    endloop
  endfacet
  facet normal 0 0 1
    outer loop
      vertex 50.4 -2 3
      vertex 42.9962 2.2744 3
      vertex 45.2038 -5 3
    endloop
  endfacet
  facet normal 0 0 1
    outer loop
      vertex 63 5.2744 3
      vertex 31.3244 21.7225 3
      vertex 57.8038 2.2744 3
    endloop
  endfacet
  facet normal 0 0 1
    outer loop
      vertex 57.8038 2.2744 3
      vertex 31.3106 21.4462 3
      vertex 42.9962 2.2744 3
    endloop
  endfacet
  facet normal 0 0 1
    outer loop
      vertex 30.3962 -5 3
      vertex 32.6038 -3.7256 3
      vertex 32.6038 2.2744 3
    endloop
  endfacet
  facet normal 0 0 1
    outer loop
      vertex 32.6038 -3.7256 3
      vertex 30.3962 -5 3
      vertex 32.6038 -12.2744 3
    endloop
  endfacet
  facet normal -0 0 1
    outer loop
      vertex 30.4348 16.265 3
      vertex 32.6038 2.2744 3
      vertex 31.6283 16.265 3
    endloop
  endfacet
  facet normal 0 0 1
    outer loop
      vertex 37.8 5.2744 3
      vertex 31.6283 16.265 3
      vertex 32.6038 2.2744 3
    endloop
  endfacet
  facet normal -0 -0 1
    outer loop
      vertex 31.6283 16.265 3
      vertex 42.9962 2.2744 3
      vertex 31.3106 21.4462 3
    endloop
  endfacet
  facet normal -0 0 1
    outer loop
      vertex 31.3106 21.4462 3
      vertex 57.8038 2.2744 3
      vertex 31.3244 21.7225 3
    endloop
  endfacet
  facet normal -0 -0 1
    outer loop
      vertex 31.3244 21.7225 3
      vertex 63 5.2744 3
      vertex 31.3049 22.0535 3
    endloop
  endfacet
  facet normal 0 0 1
    outer loop
      vertex 81.5 31 3
      vertex 31.1488 22.64 3
      vertex 31.2464 22.3594 3
    endloop
  endfacet
  facet normal 0 0 1
    outer loop
      vertex 81.5 31 3
      vertex 31.0122 22.8956 3
      vertex 31.1488 22.64 3
    endloop
  endfacet
  facet normal 0 0 1
    outer loop
      vertex 81.5 31 3
      vertex 30.8365 23.1259 3
      vertex 31.0122 22.8956 3
    endloop
  endfacet
  facet normal 0 0 1
    outer loop
      vertex 81.5 31 3
      vertex 30.6219 23.3311 3
      vertex 30.8365 23.1259 3
    endloop
  endfacet
  facet normal 0 0 1
    outer loop
      vertex 81.5 31 3
      vertex 30.3714 23.5076 3
      vertex 30.6219 23.3311 3
    endloop
  endfacet
  facet normal 0 0 1
    outer loop
      vertex 81.5 31 3
      vertex 30.0881 23.6521 3
      vertex 30.3714 23.5076 3
    endloop
  endfacet
  facet normal 0 0 1
    outer loop
      vertex 81.5 31 3
      vertex 29.7722 23.7644 3
      vertex 30.0881 23.6521 3
    endloop
  endfacet
  facet normal 0 0 1
    outer loop
      vertex 81.5 31 3
      vertex 29.4236 23.8446 3
      vertex 29.7722 23.7644 3
    endloop
  endfacet
  facet normal 0 0 1
    outer loop
      vertex 81.5 31 3
      vertex 29.0422 23.8928 3
      vertex 29.4236 23.8446 3
    endloop
  endfacet
  facet normal 0 0 1
    outer loop
      vertex 81.5 31 3
      vertex 28.6282 23.9088 3
      vertex 29.0422 23.8928 3
    endloop
  endfacet
  facet normal 0 0 1
    outer loop
      vertex 81.5 31 3
      vertex 25.0315 23.9088 3
      vertex 28.6282 23.9088 3
    endloop
  endfacet
  facet normal -0 0 1
    outer loop
      vertex 23.2679 19.775 3
      vertex 25.0315 16.265 3
      vertex 25.0315 23.9088 3
    endloop
  endfacet
  facet normal 0 0 1
    outer loop
      vertex 23.5934 23.0625 3
      vertex 25.0315 23.9088 3
      vertex 23.5934 23.9088 3
    endloop
  endfacet
  facet normal 0 0 1
    outer loop
      vertex 81.5 31 3
      vertex 23.5934 23.9088 3
      vertex 25.0315 23.9088 3
    endloop
  endfacet
  facet normal 0 0 1
    outer loop
      vertex 81.5 31 3
      vertex 17.7941 23.9088 3
      vertex 23.5934 23.9088 3
    endloop
  endfacet
  facet normal 0 0 1
    outer loop
      vertex 16.7863 23.0625 3
      vertex 17.7941 23.9088 3
      vertex 16.7863 23.9088 3
    endloop
  endfacet
  facet normal 0 0 1
    outer loop
      vertex 81.5 31 3
      vertex 16.7863 23.9088 3
      vertex 17.7941 23.9088 3
    endloop
  endfacet
  facet normal -0 0 1
    outer loop
      vertex 7.19923 24.0117 3
      vertex 16.7863 23.9088 3
      vertex 81.5 31 3
    endloop
  endfacet
  facet normal -0 0 1
    outer loop
      vertex 9.35912 23.0849 3
      vertex 10.5042 23.0625 3
      vertex 10.5042 23.9088 3
    endloop
  endfacet
  facet normal 0 0 1
    outer loop
      vertex 13.1299 16.265 3
      vertex 9.9147 18.5116 3
      vertex 9.91794 18.3753 3
    endloop
  endfacet
  facet normal 0 0 1
    outer loop
      vertex 13.1299 16.265 3
      vertex 9.90498 18.6418 3
      vertex 9.9147 18.5116 3
    endloop
  endfacet
  facet normal 0 0 1
    outer loop
      vertex 13.1299 16.265 3
      vertex 9.88878 18.7659 3
      vertex 9.90498 18.6418 3
    endloop
  endfacet
  facet normal 0 0 1
    outer loop
      vertex 13.1299 16.265 3
      vertex 9.8661 18.8841 3
      vertex 9.88878 18.7659 3
    endloop
  endfacet
  facet normal 0 0 1
    outer loop
      vertex 13.1299 23.0625 3
      vertex 9.83694 18.9962 3
      vertex 9.8661 18.8841 3
    endloop
  endfacet
  facet normal 0 0 1
    outer loop
      vertex 13.1299 23.0625 3
      vertex 9.8013 19.1023 3
      vertex 9.83694 18.9962 3
    endloop
  endfacet
  facet normal 0 0 1
    outer loop
      vertex 13.1299 23.0625 3
      vertex 9.73889 22.2651 3
      vertex 9.66228 19.3911 3
    endloop
  endfacet
  facet normal 0 0 1
    outer loop
      vertex 13.1299 23.0625 3
      vertex 9.75993 19.2031 3
      vertex 9.8013 19.1023 3
    endloop
  endfacet
  facet normal 0 0 1
    outer loop
      vertex 10.5042 23.0625 3
      vertex 9.63521 22.5695 3
      vertex 9.73889 22.2651 3
    endloop
  endfacet
  facet normal 0 0 1
    outer loop
      vertex 10.5042 23.0625 3
      vertex 9.50861 22.8428 3
      vertex 9.63521 22.5695 3
    endloop
  endfacet
  facet normal 0 0 1
    outer loop
      vertex 10.5042 23.0625 3
      vertex 9.35912 23.0849 3
      vertex 9.50861 22.8428 3
    endloop
  endfacet
  facet normal 0 0 1
    outer loop
      vertex 10.5042 23.9088 3
      vertex 9.18672 23.2958 3
      vertex 9.35912 23.0849 3
    endloop
  endfacet
  facet normal 0 0 1
    outer loop
      vertex 10.5042 23.9088 3
      vertex 8.99142 23.4754 3
      vertex 9.18672 23.2958 3
    endloop
  endfacet
  facet normal 0 0 1
    outer loop
      vertex 10.5042 23.9088 3
      vertex 8.77322 23.6239 3
      vertex 8.99142 23.4754 3
    endloop
  endfacet
  facet normal 0 0 1
    outer loop
      vertex 10.5042 23.9088 3
      vertex 8.52654 23.7458 3
      vertex 8.77322 23.6239 3
    endloop
  endfacet
  facet normal 0 0 1
    outer loop
      vertex 16.7863 23.9088 3
      vertex 7.19923 24.0117 3
      vertex 10.5042 23.9088 3
    endloop
  endfacet
  facet normal 0 0 1
    outer loop
      vertex 10.5042 23.9088 3
      vertex 8.24579 23.8455 3
      vertex 8.52654 23.7458 3
    endloop
  endfacet
  facet normal 0 0 1
    outer loop
      vertex 10.5042 23.9088 3
      vertex 7.931 23.923 3
      vertex 8.24579 23.8455 3
    endloop
  endfacet
  facet normal 0 0 1
    outer loop
      vertex 10.5042 23.9088 3
      vertex 7.58214 23.9784 3
      vertex 7.931 23.923 3
    endloop
  endfacet
  facet normal 0 0 1
    outer loop
      vertex 10.5042 23.9088 3
      vertex 7.19923 24.0117 3
      vertex 7.58214 23.9784 3
    endloop
  endfacet
  facet normal 0 0 1
    outer loop
      vertex 81.5 31 3
      vertex 6.78226 24.0228 3
      vertex 7.19923 24.0117 3
    endloop
  endfacet
  facet normal 0 0 1
    outer loop
      vertex -2.92534 23.9088 3
      vertex 6.78226 24.0228 3
      vertex 81.5 31 3
    endloop
  endfacet
  facet normal 0 0 1
    outer loop
      vertex 2.34769 23.9088 3
      vertex 3.87985 21.9776 3
      vertex 3.90073 22.2923 3
    endloop
  endfacet
  facet normal 0 0 1
    outer loop
      vertex 3.9158 21.5733 3
      vertex 2.34769 19.1403 3
      vertex 3.94376 21.4494 3
    endloop
  endfacet
  facet normal 0 0 1
    outer loop
      vertex 3.96335 22.5821 3
      vertex 2.34769 23.9088 3
      vertex 3.90073 22.2923 3
    endloop
  endfacet
  facet normal 0 0 1
    outer loop
      vertex 4.0677 22.8469 3
      vertex 2.34769 23.9088 3
      vertex 3.96335 22.5821 3
    endloop
  endfacet
  facet normal 0 0 1
    outer loop
      vertex 4.21379 23.0866 3
      vertex 2.34769 23.9088 3
      vertex 4.0677 22.8469 3
    endloop
  endfacet
  facet normal 0 0 1
    outer loop
      vertex 4.40164 23.3014 3
      vertex 2.34769 23.9088 3
      vertex 4.21379 23.0866 3
    endloop
  endfacet
  facet normal 0 0 1
    outer loop
      vertex 4.63121 23.4911 3
      vertex 2.34769 23.9088 3
      vertex 4.40164 23.3014 3
    endloop
  endfacet
  facet normal 0 0 1
    outer loop
      vertex 4.89967 23.6535 3
      vertex 2.34769 23.9088 3
      vertex 4.63121 23.4911 3
    endloop
  endfacet
  facet normal 0 0 1
    outer loop
      vertex 5.20416 23.7865 3
      vertex 2.34769 23.9088 3
      vertex 4.89967 23.6535 3
    endloop
  endfacet
  facet normal 0 0 1
    outer loop
      vertex 5.54466 23.8898 3
      vertex 2.34769 23.9088 3
      vertex 5.20416 23.7865 3
    endloop
  endfacet
  facet normal 0 0 1
    outer loop
      vertex 5.92117 23.9637 3
      vertex 2.34769 23.9088 3
      vertex 5.54466 23.8898 3
    endloop
  endfacet
  facet normal 0 0 1
    outer loop
      vertex 6.33371 24.008 3
      vertex 2.34769 23.9088 3
      vertex 5.92117 23.9637 3
    endloop
  endfacet
  facet normal 0 0 1
    outer loop
      vertex 6.78226 24.0228 3
      vertex -2.92534 23.9088 3
      vertex 6.33371 24.008 3
    endloop
  endfacet
  facet normal 0 0 1
    outer loop
      vertex 6.33371 24.008 3
      vertex 1.31696 23.9088 3
      vertex 2.34769 23.9088 3
    endloop
  endfacet
  facet normal -0 0 1
    outer loop
      vertex -2.92534 23.9088 3
      vertex 1.31696 19.2 3
      vertex 1.31696 23.9088 3
    endloop
  endfacet
  facet normal 0 0 1
    outer loop
      vertex -2.92534 19.1294 3
      vertex 1.31696 19.2 3
      vertex -2.92534 23.9088 3
    endloop
  endfacet
  facet normal 0 0 1
    outer loop
      vertex -2.92534 19.1294 3
      vertex -0.527603 17.013 3
      vertex 1.30107 18.8545 3
    endloop
  endfacet
  facet normal 0 0 1
    outer loop
      vertex 1.30107 18.8545 3
      vertex -0.527603 17.013 3
      vertex 1.25337 18.5378 3
    endloop
  endfacet
  facet normal 0 -0 1
    outer loop
      vertex -0.222198 17.0598 3
      vertex 1.25337 18.5378 3
      vertex -0.527603 17.013 3
    endloop
  endfacet
  facet normal 0 0 1
    outer loop
      vertex 1.25337 18.5378 3
      vertex -0.222198 17.0598 3
      vertex 1.17387 18.2499 3
    endloop
  endfacet
  facet normal 0 -0 1
    outer loop
      vertex 0.0577087 17.1378 3
      vertex 1.17387 18.2499 3
      vertex -0.222198 17.0598 3
    endloop
  endfacet
  facet normal 0 0 1
    outer loop
      vertex 1.06259 17.9908 3
      vertex 0.0577087 17.1378 3
      vertex 0.91951 17.7604 3
    endloop
  endfacet
  facet normal 0 0 1
    outer loop
      vertex 0.91951 17.7604 3
      vertex 0.0577087 17.1378 3
      vertex 0.744644 17.5589 3
    endloop
  endfacet
  facet normal 0 0 1
    outer loop
      vertex 0.541138 17.3873 3
      vertex 0.0577087 17.1378 3
      vertex 0.312149 17.2469 3
    endloop
  endfacet
  facet normal 0 0 1
    outer loop
      vertex 0.744644 17.5589 3
      vertex 0.0577087 17.1378 3
      vertex 0.541138 17.3873 3
    endloop
  endfacet
  facet normal 0 0 1
    outer loop
      vertex 1.17387 18.2499 3
      vertex 0.0577087 17.1378 3
      vertex 1.06259 17.9908 3
    endloop
  endfacet
  facet normal 0 0 1
    outer loop
      vertex -2.92534 19.1294 3
      vertex -0.858459 16.9974 3
      vertex -0.527603 17.013 3
    endloop
  endfacet
  facet normal 0 0 1
    outer loop
      vertex -0.858459 16.9974 3
      vertex -2.91058 18.7944 3
      vertex -1.17989 17.0125 3
    endloop
  endfacet
  facet normal -0 -0 1
    outer loop
      vertex -2.86627 18.4874 3
      vertex -1.17989 17.0125 3
      vertex -2.91058 18.7944 3
    endloop
  endfacet
  facet normal 0 0 1
    outer loop
      vertex -1.17989 17.0125 3
      vertex -2.86627 18.4874 3
      vertex -1.4751 17.0577 3
    endloop
  endfacet
  facet normal -0 -0 1
    outer loop
      vertex -2.79245 18.2085 3
      vertex -1.4751 17.0577 3
      vertex -2.86627 18.4874 3
    endloop
  endfacet
  facet normal 0 0 1
    outer loop
      vertex -1.4751 17.0577 3
      vertex -2.79245 18.2085 3
      vertex -1.74408 17.133 3
    endloop
  endfacet
  facet normal 0 0 1
    outer loop
      vertex -1.74408 17.133 3
      vertex -2.79245 18.2085 3
      vertex -1.98685 17.2385 3
    endloop
  endfacet
  facet normal -0 -0 1
    outer loop
      vertex -2.68907 17.9576 3
      vertex -1.98685 17.2385 3
      vertex -2.79245 18.2085 3
    endloop
  endfacet
  facet normal 0 0 1
    outer loop
      vertex -1.98685 17.2385 3
      vertex -2.68907 17.9576 3
      vertex -2.20341 17.3741 3
    endloop
  endfacet
  facet normal 0 0 1
    outer loop
      vertex -2.20341 17.3741 3
      vertex -2.68907 17.9576 3
      vertex -2.39374 17.5399 3
    endloop
  endfacet
  facet normal 0 0 1
    outer loop
      vertex -2.39374 17.5399 3
      vertex -2.68907 17.9576 3
      vertex -2.55618 17.7347 3
    endloop
  endfacet
  facet normal -0 0 1
    outer loop
      vertex -2.92534 19.1294 3
      vertex 1.30107 18.8545 3
      vertex 1.31696 19.2 3
    endloop
  endfacet
  facet normal 0 0 1
    outer loop
      vertex 6.33371 24.008 3
      vertex -2.92534 23.9088 3
      vertex 1.31696 23.9088 3
    endloop
  endfacet
  facet normal 0 0 1
    outer loop
      vertex 81.5 31 3
      vertex -3.96158 23.9088 3
      vertex -2.92534 23.9088 3
    endloop
  endfacet
  facet normal -0 0 1
    outer loop
      vertex -8.90572 23.9088 3
      vertex -3.96158 19.0426 3
      vertex -3.96158 23.9088 3
    endloop
  endfacet
  facet normal 0 0 1
    outer loop
      vertex -8.90572 17.1113 3
      vertex -3.96158 19.0426 3
      vertex -8.90572 23.9088 3
    endloop
  endfacet
  facet normal -0 0 1
    outer loop
      vertex -14.4036 24.0228 3
      vertex -3.96158 23.9088 3
      vertex 81.5 31 3
    endloop
  endfacet
  facet normal 0 0 1
    outer loop
      vertex -3.96158 23.9088 3
      vertex -14.0078 24.0095 3
      vertex -8.90572 23.9088 3
    endloop
  endfacet
  facet normal 0 0 1
    outer loop
      vertex -9.94188 23.9088 3
      vertex -11.0889 18.1746 3
      vertex -9.94188 16.265 3
    endloop
  endfacet
  facet normal 0 0 1
    outer loop
      vertex -9.94188 23.9088 3
      vertex -11.1594 22.1294 3
      vertex -11.0889 18.1746 3
    endloop
  endfacet
  facet normal 0 0 1
    outer loop
      vertex -9.94188 23.9088 3
      vertex -11.2999 22.4294 3
      vertex -11.1594 22.1294 3
    endloop
  endfacet
  facet normal 0 0 1
    outer loop
      vertex -9.94188 23.9088 3
      vertex -11.4644 22.7039 3
      vertex -11.2999 22.4294 3
    endloop
  endfacet
  facet normal 0 0 1
    outer loop
      vertex -9.94188 23.9088 3
      vertex -11.6531 22.9527 3
      vertex -11.4644 22.7039 3
    endloop
  endfacet
  facet normal 0 0 1
    outer loop
      vertex -9.94188 23.9088 3
      vertex -11.8659 23.1758 3
      vertex -11.6531 22.9527 3
    endloop
  endfacet
  facet normal 0 0 1
    outer loop
      vertex -9.94188 23.9088 3
      vertex -12.1028 23.3734 3
      vertex -11.8659 23.1758 3
    endloop
  endfacet
  facet normal 0 0 1
    outer loop
      vertex -9.94188 23.9088 3
      vertex -12.3638 23.5453 3
      vertex -12.1028 23.3734 3
    endloop
  endfacet
  facet normal 0 0 1
    outer loop
      vertex -9.94188 23.9088 3
      vertex -12.648 23.6912 3
      vertex -12.3638 23.5453 3
    endloop
  endfacet
  facet normal 0 0 1
    outer loop
      vertex -9.94188 23.9088 3
      vertex -12.9545 23.8106 3
      vertex -12.648 23.6912 3
    endloop
  endfacet
  facet normal 0 0 1
    outer loop
      vertex -8.90572 23.9088 3
      vertex -14.0078 24.0095 3
      vertex -9.94188 23.9088 3
    endloop
  endfacet
  facet normal 0 0 1
    outer loop
      vertex -9.94188 23.9088 3
      vertex -13.2833 23.9034 3
      vertex -12.9545 23.8106 3
    endloop
  endfacet
  facet normal 0 0 1
    outer loop
      vertex -9.94188 23.9088 3
      vertex -13.6344 23.9697 3
      vertex -13.2833 23.9034 3
    endloop
  endfacet
  facet normal 0 0 1
    outer loop
      vertex -9.94188 23.9088 3
      vertex -14.0078 24.0095 3
      vertex -13.6344 23.9697 3
    endloop
  endfacet
  facet normal 0 0 1
    outer loop
      vertex -3.96158 23.9088 3
      vertex -14.4036 24.0228 3
      vertex -14.0078 24.0095 3
    endloop
  endfacet
  facet normal -0 0 1
    outer loop
      vertex -81.5 31 3
      vertex -14.4036 24.0228 3
      vertex 81.5 31 3
    endloop
  endfacet
  facet normal 0 0 1
    outer loop
      vertex -22.6572 23.9088 3
      vertex -18.1251 20.1222 3
      vertex -18.0977 20.7096 3
    endloop
  endfacet
  facet normal 0 0 1
    outer loop
      vertex -22.6572 16.265 3
      vertex -18.1251 20.1222 3
      vertex -22.6572 23.9088 3
    endloop
  endfacet
  facet normal 0 0 1
    outer loop
      vertex -18.0154 21.253 3
      vertex -22.6572 23.9088 3
      vertex -18.0977 20.7096 3
    endloop
  endfacet
  facet normal 0 0 1
    outer loop
      vertex -17.8783 21.7524 3
      vertex -22.6572 23.9088 3
      vertex -18.0154 21.253 3
    endloop
  endfacet
  facet normal 0 0 1
    outer loop
      vertex -17.6863 22.2078 3
      vertex -22.6572 23.9088 3
      vertex -17.8783 21.7524 3
    endloop
  endfacet
  facet normal 0 0 1
    outer loop
      vertex -17.4395 22.6192 3
      vertex -22.6572 23.9088 3
      vertex -17.6863 22.2078 3
    endloop
  endfacet
  facet normal 0 0 1
    outer loop
      vertex -17.1378 22.9866 3
      vertex -22.6572 23.9088 3
      vertex -17.4395 22.6192 3
    endloop
  endfacet
  facet normal 0 0 1
    outer loop
      vertex -16.7876 23.3032 3
      vertex -22.6572 23.9088 3
      vertex -17.1378 22.9866 3
    endloop
  endfacet
  facet normal 0 0 1
    outer loop
      vertex -16.3952 23.5622 3
      vertex -22.6572 23.9088 3
      vertex -16.7876 23.3032 3
    endloop
  endfacet
  facet normal 0 0 1
    outer loop
      vertex -15.9606 23.7637 3
      vertex -22.6572 23.9088 3
      vertex -16.3952 23.5622 3
    endloop
  endfacet
  facet normal 0 0 1
    outer loop
      vertex -15.4838 23.9076 3
      vertex -22.6572 23.9088 3
      vertex -15.9606 23.7637 3
    endloop
  endfacet
  facet normal 0 0 1
    outer loop
      vertex -14.9648 23.994 3
      vertex -22.6572 23.9088 3
      vertex -15.4838 23.9076 3
    endloop
  endfacet
  facet normal 0 -0 1
    outer loop
      vertex -22.6572 23.9088 3
      vertex -14.4036 24.0228 3
      vertex -81.5 31 3
    endloop
  endfacet
  facet normal 0 0 1
    outer loop
      vertex -14.4036 24.0228 3
      vertex -22.6572 23.9088 3
      vertex -14.9648 23.994 3
    endloop
  endfacet
  facet normal 0 0 1
    outer loop
      vertex -23.6933 23.9088 3
      vertex -24.5672 16.265 3
      vertex -23.6933 16.265 3
    endloop
  endfacet
  facet normal 0 0 1
    outer loop
      vertex -23.6933 23.9088 3
      vertex -27.6377 23.9088 3
      vertex -24.5672 16.265 3
    endloop
  endfacet
  facet normal 0 0 1
    outer loop
      vertex -22.6572 23.9088 3
      vertex -81.5 31 3
      vertex -23.6933 23.9088 3
    endloop
  endfacet
  facet normal 0 0 1
    outer loop
      vertex -23.6933 23.9088 3
      vertex -81.5 31 3
      vertex -27.6377 23.9088 3
    endloop
  endfacet
  facet normal 0 0 1
    outer loop
      vertex -31.9344 16.265 3
      vertex -37.8 5.2744 3
      vertex -32.6038 2.2744 3
    endloop
  endfacet
  facet normal 0 0 1
    outer loop
      vertex -63 5.2744 3
      vertex -31.9344 16.265 3
      vertex -28.815 23.9088 3
    endloop
  endfacet
  facet normal 0 -0 1
    outer loop
      vertex -57.8038 2.2744 3
      vertex -31.9344 16.265 3
      vertex -63 5.2744 3
    endloop
  endfacet
  facet normal 0 0 1
    outer loop
      vertex -45.2038 -5 3
      vertex -42.9962 -3.7256 3
      vertex -42.9962 2.2744 3
    endloop
  endfacet
  facet normal 0 0 1
    outer loop
      vertex -42.9962 -3.7256 3
      vertex -45.2038 -5 3
      vertex -42.9962 -12.2744 3
    endloop
  endfacet
  facet normal -0 0 1
    outer loop
      vertex -45.2038 -11 3
      vertex -42.9962 -12.2744 3
      vertex -45.2038 -5 3
    endloop
  endfacet
  facet normal 0 0 1
    outer loop
      vertex -42.9962 2.2744 3
      vertex -50.4 -2 3
      vertex -45.2038 -5 3
    endloop
  endfacet
  facet normal 0 0 1
    outer loop
      vertex -31.9344 16.265 3
      vertex -42.9962 2.2744 3
      vertex -37.8 5.2744 3
    endloop
  endfacet
  facet normal 0 0 1
    outer loop
      vertex -42.9962 2.2744 3
      vertex -57.8038 2.2744 3
      vertex -50.4 -2 3
    endloop
  endfacet
  facet normal -0 0 1
    outer loop
      vertex -57.8038 -3.7256 3
      vertex -55.5962 -5 3
      vertex -57.8038 2.2744 3
    endloop
  endfacet
  facet normal 0 0 1
    outer loop
      vertex -50.4 -2 3
      vertex -57.8038 2.2744 3
      vertex -55.5962 -5 3
    endloop
  endfacet
  facet normal 0 0 1
    outer loop
      vertex -31.9344 16.265 3
      vertex -57.8038 2.2744 3
      vertex -42.9962 2.2744 3
    endloop
  endfacet
  facet normal -0 0 1
    outer loop
      vertex -71.9197 -0.250295 3
      vertex -68.1962 -3.7256 3
      vertex -68.1962 2.2744 3
    endloop
  endfacet
  facet normal -0 0 1
    outer loop
      vertex -72.3686 -1.13137 3
      vertex -68.1962 -3.7256 3
      vertex -72.2056 -0.940456 3
    endloop
  endfacet
  facet normal 0 0 1
    outer loop
      vertex -71.9197 -0.250295 3
      vertex -68.1962 2.2744 3
      vertex -71.9 0 3
    endloop
  endfacet
  facet normal 0 0 1
    outer loop
      vertex -68.1962 2.2744 3
      vertex -71.9197 0.250295 3
      vertex -71.9 0 3
    endloop
  endfacet
  facet normal 0 0 1
    outer loop
      vertex -73.5 1.6 3
      vertex -68.1962 2.2744 3
      vertex -63 5.2744 3
    endloop
  endfacet
  facet normal 0 0 1
    outer loop
      vertex -68.1962 2.2744 3
      vertex -71.9783 0.494427 3
      vertex -71.9197 0.250295 3
    endloop
  endfacet
  facet normal 0 0 1
    outer loop
      vertex -81.5 31 3
      vertex -63 5.2744 3
      vertex -28.815 23.9088 3
    endloop
  endfacet
  facet normal 0 0 1
    outer loop
      vertex -68.1962 2.2744 3
      vertex -72.0744 0.726384 3
      vertex -71.9783 0.494427 3
    endloop
  endfacet
  facet normal 0 0 1
    outer loop
      vertex -68.1962 2.2744 3
      vertex -72.2056 0.940456 3
      vertex -72.0744 0.726384 3
    endloop
  endfacet
  facet normal 0 0 1
    outer loop
      vertex -68.1962 2.2744 3
      vertex -72.3686 1.13137 3
      vertex -72.2056 0.940456 3
    endloop
  endfacet
  facet normal 0 0 1
    outer loop
      vertex -68.1962 2.2744 3
      vertex -72.5595 1.29443 3
      vertex -72.3686 1.13137 3
    endloop
  endfacet
  facet normal 0 -0 1
    outer loop
      vertex -73.5 1.6 3
      vertex -63 5.2744 3
      vertex -81.5 31 3
    endloop
  endfacet
  facet normal 0 0 1
    outer loop
      vertex -68.1962 2.2744 3
      vertex -72.7736 1.42561 3
      vertex -72.5595 1.29443 3
    endloop
  endfacet
  facet normal 0 0 1
    outer loop
      vertex -68.1962 2.2744 3
      vertex -73.0056 1.52169 3
      vertex -72.7736 1.42561 3
    endloop
  endfacet
  facet normal 0 0 1
    outer loop
      vertex -68.1962 2.2744 3
      vertex -73.2497 1.5803 3
      vertex -73.0056 1.52169 3
    endloop
  endfacet
  facet normal 0 0 1
    outer loop
      vertex -68.1962 2.2744 3
      vertex -73.5 1.6 3
      vertex -73.2497 1.5803 3
    endloop
  endfacet
  facet normal 0 0 1
    outer loop
      vertex -73.5 1.6 3
      vertex -81.5 31 3
      vertex -73.7503 1.5803 3
    endloop
  endfacet
  facet normal 0 0 1
    outer loop
      vertex -73.7503 1.5803 3
      vertex -81.5 31 3
      vertex -73.9944 1.52169 3
    endloop
  endfacet
  facet normal 0 0 1
    outer loop
      vertex -75.0803 0.250295 3
      vertex -81.5 31 3
      vertex -75.1 0 3
    endloop
  endfacet
  facet normal 0 0 1
    outer loop
      vertex -75.0217 0.494427 3
      vertex -81.5 31 3
      vertex -75.0803 0.250295 3
    endloop
  endfacet
  facet normal 0 0 1
    outer loop
      vertex -74.9256 0.726384 3
      vertex -81.5 31 3
      vertex -75.0217 0.494427 3
    endloop
  endfacet
  facet normal 0 0 1
    outer loop
      vertex -74.7944 0.940456 3
      vertex -81.5 31 3
      vertex -74.9256 0.726384 3
    endloop
  endfacet
  facet normal 0 0 1
    outer loop
      vertex -74.6314 1.13137 3
      vertex -81.5 31 3
      vertex -74.7944 0.940456 3
    endloop
  endfacet
  facet normal 0 0 1
    outer loop
      vertex -74.4405 1.29443 3
      vertex -81.5 31 3
      vertex -74.6314 1.13137 3
    endloop
  endfacet
  facet normal 0 0 1
    outer loop
      vertex -74.2264 1.42561 3
      vertex -81.5 31 3
      vertex -74.4405 1.29443 3
    endloop
  endfacet
  facet normal 0 0 1
    outer loop
      vertex -73.9944 1.52169 3
      vertex -81.5 31 3
      vertex -74.2264 1.42561 3
    endloop
  endfacet
  facet normal 0 0 1
    outer loop
      vertex -27.6377 23.9088 3
      vertex -81.5 31 3
      vertex -28.815 23.9088 3
    endloop
  endfacet
  facet normal -0 0 1
    outer loop
      vertex 75.0803 -0.250295 3
      vertex 81.5 -31 3
      vertex 75.1 0 3
    endloop
  endfacet
  facet normal -0 0 1
    outer loop
      vertex 75.0217 -0.494427 3
      vertex 81.5 -31 3
      vertex 75.0803 -0.250295 3
    endloop
  endfacet
  facet normal -0 0 1
    outer loop
      vertex 74.9256 -0.726384 3
      vertex 81.5 -31 3
      vertex 75.0217 -0.494427 3
    endloop
  endfacet
  facet normal -0 0 1
    outer loop
      vertex 74.7944 -0.940456 3
      vertex 81.5 -31 3
      vertex 74.9256 -0.726384 3
    endloop
  endfacet
  facet normal -0 0 1
    outer loop
      vertex 74.6314 -1.13137 3
      vertex 81.5 -31 3
      vertex 74.7944 -0.940456 3
    endloop
  endfacet
  facet normal -0 0 1
    outer loop
      vertex 74.4405 -1.29443 3
      vertex 81.5 -31 3
      vertex 74.6314 -1.13137 3
    endloop
  endfacet
  facet normal 0 0 1
    outer loop
      vertex 68.1962 -12.2744 3
      vertex 74.4405 -1.29443 3
      vertex 74.2264 -1.42561 3
    endloop
  endfacet
  facet normal 0 0 1
    outer loop
      vertex 68.1962 -12.2744 3
      vertex 74.2264 -1.42561 3
      vertex 73.9944 -1.52169 3
    endloop
  endfacet
  facet normal 0 0 1
    outer loop
      vertex 68.1962 -12.2744 3
      vertex 73.9944 -1.52169 3
      vertex 73.7503 -1.5803 3
    endloop
  endfacet
  facet normal 0 0 1
    outer loop
      vertex 68.1962 -12.2744 3
      vertex 73.7503 -1.5803 3
      vertex 73.5 -1.6 3
    endloop
  endfacet
  facet normal 0 0 1
    outer loop
      vertex 68.1962 -3.7256 3
      vertex 73.5 -1.6 3
      vertex 73.2497 -1.5803 3
    endloop
  endfacet
  facet normal 0 0 1
    outer loop
      vertex 68.1962 -3.7256 3
      vertex 73.2497 -1.5803 3
      vertex 73.0056 -1.52169 3
    endloop
  endfacet
  facet normal 0 0 1
    outer loop
      vertex 68.1962 -3.7256 3
      vertex 73.0056 -1.52169 3
      vertex 72.7736 -1.42561 3
    endloop
  endfacet
  facet normal 0 0 1
    outer loop
      vertex 68.1962 -3.7256 3
      vertex 72.7736 -1.42561 3
      vertex 72.5595 -1.29443 3
    endloop
  endfacet
  facet normal 0 0 1
    outer loop
      vertex 68.1962 -3.7256 3
      vertex 72.5595 -1.29443 3
      vertex 72.3686 -1.13137 3
    endloop
  endfacet
  facet normal 0 0 1
    outer loop
      vertex 68.1962 -3.7256 3
      vertex 72.3686 -1.13137 3
      vertex 72.2056 -0.940456 3
    endloop
  endfacet
  facet normal 0 0 1
    outer loop
      vertex 68.1962 -3.7256 3
      vertex 72.2056 -0.940456 3
      vertex 72.0744 -0.726384 3
    endloop
  endfacet
  facet normal 0 0 1
    outer loop
      vertex 68.1962 -3.7256 3
      vertex 72.0744 -0.726384 3
      vertex 71.9783 -0.494427 3
    endloop
  endfacet
  facet normal 0 0 1
    outer loop
      vertex 68.1962 2.2744 3
      vertex 71.9197 -0.250295 3
      vertex 71.9 0 3
    endloop
  endfacet
  facet normal 0 0 1
    outer loop
      vertex 68.1962 -3.7256 3
      vertex 71.9197 -0.250295 3
      vertex 68.1962 2.2744 3
    endloop
  endfacet
  facet normal 0 0 1
    outer loop
      vertex 71.9197 -0.250295 3
      vertex 68.1962 -3.7256 3
      vertex 71.9783 -0.494427 3
    endloop
  endfacet
  facet normal 0 0 1
    outer loop
      vertex 73.5 -1.6 3
      vertex 68.1962 -3.7256 3
      vertex 68.1962 -12.2744 3
    endloop
  endfacet
  facet normal 0 0 1
    outer loop
      vertex 74.4405 -1.29443 3
      vertex 68.1962 -12.2744 3
      vertex 81.5 -31 3
    endloop
  endfacet
  facet normal -0 0 1
    outer loop
      vertex 68.1962 -18.2744 3
      vertex 81.5 -31 3
      vertex 68.1962 -12.2744 3
    endloop
  endfacet
  facet normal -0 0 1
    outer loop
      vertex 63 -21.2744 3
      vertex 81.5 -31 3
      vertex 68.1962 -18.2744 3
    endloop
  endfacet
  facet normal 0 0 1
    outer loop
      vertex 57.8038 -12.2744 3
      vertex 55.5962 -11 3
      vertex 57.8038 -18.2744 3
    endloop
  endfacet
  facet normal -0 0 1
    outer loop
      vertex 50.4 -14 3
      vertex 57.8038 -18.2744 3
      vertex 55.5962 -11 3
    endloop
  endfacet
  facet normal 0 0 1
    outer loop
      vertex 42.9962 -18.2744 3
      vertex 57.8038 -18.2744 3
      vertex 50.4 -14 3
    endloop
  endfacet
  facet normal 0 0 1
    outer loop
      vertex 45.2038 -5 3
      vertex 42.9962 -3.7256 3
      vertex 45.2038 -11 3
    endloop
  endfacet
  facet normal 0 0 1
    outer loop
      vertex 42.9962 -12.2744 3
      vertex 45.2038 -11 3
      vertex 42.9962 -3.7256 3
    endloop
  endfacet
  facet normal -0 0 1
    outer loop
      vertex 42.9962 -12.2744 3
      vertex 50.4 -14 3
      vertex 45.2038 -11 3
    endloop
  endfacet
  facet normal 0 0 1
    outer loop
      vertex 42.9962 -18.2744 3
      vertex 50.4 -14 3
      vertex 42.9962 -12.2744 3
    endloop
  endfacet
  facet normal 0 0 1
    outer loop
      vertex 57.8038 -18.2744 3
      vertex 42.9962 -18.2744 3
      vertex 63 -21.2744 3
    endloop
  endfacet
  facet normal 0 0 1
    outer loop
      vertex 37.8 -21.2744 3
      vertex 63 -21.2744 3
      vertex 42.9962 -18.2744 3
    endloop
  endfacet
  facet normal 0 0 1
    outer loop
      vertex 63 -21.2744 3
      vertex 37.8 -21.2744 3
      vertex 81.5 -31 3
    endloop
  endfacet
  facet normal 0 0 1
    outer loop
      vertex 26.0676 16.265 3
      vertex 30.4348 16.265 3
      vertex 28.4492 19.4386 3
    endloop
  endfacet
  facet normal -0 0 1
    outer loop
      vertex 30.3962 -11 3
      vertex 32.6038 -12.2744 3
      vertex 30.3962 -5 3
    endloop
  endfacet
  facet normal 0 0 1
    outer loop
      vertex 32.6038 -12.2744 3
      vertex 30.3962 -11 3
      vertex 32.6038 -18.2744 3
    endloop
  endfacet
  facet normal -0 0 1
    outer loop
      vertex 25.2 -14 3
      vertex 32.6038 -18.2744 3
      vertex 30.3962 -11 3
    endloop
  endfacet
  facet normal 0 0 1
    outer loop
      vertex 17.7962 -18.2744 3
      vertex 32.6038 -18.2744 3
      vertex 25.2 -14 3
    endloop
  endfacet
  facet normal 0 0 1
    outer loop
      vertex 20.0038 -5 3
      vertex 17.7962 -3.7256 3
      vertex 20.0038 -11 3
    endloop
  endfacet
  facet normal 0 0 1
    outer loop
      vertex 17.7962 -12.2744 3
      vertex 20.0038 -11 3
      vertex 17.7962 -3.7256 3
    endloop
  endfacet
  facet normal -0 0 1
    outer loop
      vertex 17.7962 -12.2744 3
      vertex 25.2 -14 3
      vertex 20.0038 -11 3
    endloop
  endfacet
  facet normal 0 0 1
    outer loop
      vertex 17.7962 -18.2744 3
      vertex 25.2 -14 3
      vertex 17.7962 -12.2744 3
    endloop
  endfacet
  facet normal 0 0 1
    outer loop
      vertex 32.6038 -18.2744 3
      vertex 17.7962 -18.2744 3
      vertex 37.8 -21.2744 3
    endloop
  endfacet
  facet normal 0 0 1
    outer loop
      vertex 12.6 -21.2744 3
      vertex 37.8 -21.2744 3
      vertex 17.7962 -18.2744 3
    endloop
  endfacet
  facet normal 0 0 1
    outer loop
      vertex 37.8 -21.2744 3
      vertex 12.6 -21.2744 3
      vertex 81.5 -31 3
    endloop
  endfacet
  facet normal 0 0 1
    outer loop
      vertex 5.89453 16.2105 3
      vertex 7.40385 2.2744 3
      vertex 6.76057 16.1565 3
    endloop
  endfacet
  facet normal 0 0 1
    outer loop
      vertex 5.15898 16.3723 3
      vertex 7.40385 2.2744 3
      vertex 5.89453 16.2105 3
    endloop
  endfacet
  facet normal -0 0 1
    outer loop
      vertex 5.19615 -11 3
      vertex 7.40385 -12.2744 3
      vertex 5.19615 -5 3
    endloop
  endfacet
  facet normal 0 0 1
    outer loop
      vertex 7.40385 -12.2744 3
      vertex 5.19615 -11 3
      vertex 7.40385 -18.2744 3
    endloop
  endfacet
  facet normal -0 0 1
    outer loop
      vertex 0 -14 3
      vertex 7.40385 -18.2744 3
      vertex 5.19615 -11 3
    endloop
  endfacet
  facet normal 0 0 1
    outer loop
      vertex -7.40385 -18.2744 3
      vertex 7.40385 -18.2744 3
      vertex 0 -14 3
    endloop
  endfacet
  facet normal 0 0 1
    outer loop
      vertex -5.19615 -5 3
      vertex -7.40385 -3.7256 3
      vertex -5.19615 -11 3
    endloop
  endfacet
  facet normal 0 0 1
    outer loop
      vertex -7.40385 -12.2744 3
      vertex -5.19615 -11 3
      vertex -7.40385 -3.7256 3
    endloop
  endfacet
  facet normal -0 0 1
    outer loop
      vertex -7.40385 -12.2744 3
      vertex 0 -14 3
      vertex -5.19615 -11 3
    endloop
  endfacet
  facet normal 0 0 1
    outer loop
      vertex -7.40385 -18.2744 3
      vertex 0 -14 3
      vertex -7.40385 -12.2744 3
    endloop
  endfacet
  facet normal 0 0 1
    outer loop
      vertex 7.40385 -18.2744 3
      vertex -7.40385 -18.2744 3
      vertex 12.6 -21.2744 3
    endloop
  endfacet
  facet normal 0 0 1
    outer loop
      vertex -12.6 -21.2744 3
      vertex 12.6 -21.2744 3
      vertex -7.40385 -18.2744 3
    endloop
  endfacet
  facet normal -0 0 1
    outer loop
      vertex -12.6 -21.2744 3
      vertex 81.5 -31 3
      vertex 12.6 -21.2744 3
    endloop
  endfacet
  facet normal 0 0 1
    outer loop
      vertex -22.6572 16.265 3
      vertex -17.9286 18.6406 3
      vertex -18.0146 18.9836 3
    endloop
  endfacet
  facet normal 0 0 1
    outer loop
      vertex -16.1074 16.4899 3
      vertex -22.6572 16.265 3
      vertex -17.7962 2.2744 3
    endloop
  endfacet
  facet normal 0 0 1
    outer loop
      vertex -22.6572 16.265 3
      vertex -18.0146 18.9836 3
      vertex -18.076 19.3449 3
    endloop
  endfacet
  facet normal 0 0 1
    outer loop
      vertex -22.6572 16.265 3
      vertex -18.076 19.3449 3
      vertex -18.1128 19.7244 3
    endloop
  endfacet
  facet normal 0 0 1
    outer loop
      vertex -22.6572 16.265 3
      vertex -18.1128 19.7244 3
      vertex -18.1251 20.1222 3
    endloop
  endfacet
  facet normal -0 0 1
    outer loop
      vertex -20.0038 -11 3
      vertex -17.7962 -12.2744 3
      vertex -20.0038 -5 3
    endloop
  endfacet
  facet normal 0 0 1
    outer loop
      vertex -17.7962 -12.2744 3
      vertex -20.0038 -11 3
      vertex -17.7962 -18.2744 3
    endloop
  endfacet
  facet normal -0 0 1
    outer loop
      vertex -25.2 -14 3
      vertex -17.7962 -18.2744 3
      vertex -20.0038 -11 3
    endloop
  endfacet
  facet normal 0 0 1
    outer loop
      vertex -32.6038 -18.2744 3
      vertex -17.7962 -18.2744 3
      vertex -25.2 -14 3
    endloop
  endfacet
  facet normal 0 0 1
    outer loop
      vertex -32.6038 2.2744 3
      vertex -30.8602 16.265 3
      vertex -31.9344 16.265 3
    endloop
  endfacet
  facet normal -0 0 1
    outer loop
      vertex -32.6038 -3.7256 3
      vertex -30.3962 -5 3
      vertex -32.6038 2.2744 3
    endloop
  endfacet
  facet normal 0 0 1
    outer loop
      vertex -30.3962 -5 3
      vertex -32.6038 -3.7256 3
      vertex -30.3962 -11 3
    endloop
  endfacet
  facet normal 0 0 1
    outer loop
      vertex -32.6038 -12.2744 3
      vertex -30.3962 -11 3
      vertex -32.6038 -3.7256 3
    endloop
  endfacet
  facet normal -0 0 1
    outer loop
      vertex -32.6038 -12.2744 3
      vertex -25.2 -14 3
      vertex -30.3962 -11 3
    endloop
  endfacet
  facet normal 0 0 1
    outer loop
      vertex -32.6038 -18.2744 3
      vertex -25.2 -14 3
      vertex -32.6038 -12.2744 3
    endloop
  endfacet
  facet normal 0 0 1
    outer loop
      vertex -17.7962 -18.2744 3
      vertex -32.6038 -18.2744 3
      vertex -12.6 -21.2744 3
    endloop
  endfacet
  facet normal 0 0 1
    outer loop
      vertex -37.8 -21.2744 3
      vertex -12.6 -21.2744 3
      vertex -32.6038 -18.2744 3
    endloop
  endfacet
  facet normal 0 0 1
    outer loop
      vertex -81.5 -31 3
      vertex -12.6 -21.2744 3
      vertex -37.8 -21.2744 3
    endloop
  endfacet
  facet normal 0 0 1
    outer loop
      vertex -42.9962 -12.2744 3
      vertex -45.2038 -11 3
      vertex -42.9962 -18.2744 3
    endloop
  endfacet
  facet normal -0 0 1
    outer loop
      vertex -50.4 -14 3
      vertex -42.9962 -18.2744 3
      vertex -45.2038 -11 3
    endloop
  endfacet
  facet normal 0 0 1
    outer loop
      vertex -57.8038 -18.2744 3
      vertex -42.9962 -18.2744 3
      vertex -50.4 -14 3
    endloop
  endfacet
  facet normal 0 0 1
    outer loop
      vertex -55.5962 -5 3
      vertex -57.8038 -3.7256 3
      vertex -55.5962 -11 3
    endloop
  endfacet
  facet normal 0 0 1
    outer loop
      vertex -57.8038 -12.2744 3
      vertex -55.5962 -11 3
      vertex -57.8038 -3.7256 3
    endloop
  endfacet
  facet normal -0 0 1
    outer loop
      vertex -57.8038 -12.2744 3
      vertex -50.4 -14 3
      vertex -55.5962 -11 3
    endloop
  endfacet
  facet normal 0 0 1
    outer loop
      vertex -57.8038 -18.2744 3
      vertex -50.4 -14 3
      vertex -57.8038 -12.2744 3
    endloop
  endfacet
  facet normal 0 0 1
    outer loop
      vertex -42.9962 -18.2744 3
      vertex -57.8038 -18.2744 3
      vertex -37.8 -21.2744 3
    endloop
  endfacet
  facet normal 0 0 1
    outer loop
      vertex -63 -21.2744 3
      vertex -37.8 -21.2744 3
      vertex -57.8038 -18.2744 3
    endloop
  endfacet
  facet normal 0 0 1
    outer loop
      vertex -81.5 -31 3
      vertex -37.8 -21.2744 3
      vertex -63 -21.2744 3
    endloop
  endfacet
  facet normal 0 0 1
    outer loop
      vertex -68.1962 -3.7256 3
      vertex -71.9197 -0.250295 3
      vertex -71.9783 -0.494427 3
    endloop
  endfacet
  facet normal 0 0 1
    outer loop
      vertex -68.1962 -3.7256 3
      vertex -71.9783 -0.494427 3
      vertex -72.0744 -0.726384 3
    endloop
  endfacet
  facet normal 0 0 1
    outer loop
      vertex -68.1962 -3.7256 3
      vertex -72.0744 -0.726384 3
      vertex -72.2056 -0.940456 3
    endloop
  endfacet
  facet normal -0 0 1
    outer loop
      vertex -72.5595 -1.29443 3
      vertex -68.1962 -3.7256 3
      vertex -72.3686 -1.13137 3
    endloop
  endfacet
  facet normal -0 0 1
    outer loop
      vertex -72.7736 -1.42561 3
      vertex -68.1962 -3.7256 3
      vertex -72.5595 -1.29443 3
    endloop
  endfacet
  facet normal -0 0 1
    outer loop
      vertex -73.0056 -1.52169 3
      vertex -68.1962 -3.7256 3
      vertex -72.7736 -1.42561 3
    endloop
  endfacet
  facet normal -0 0 1
    outer loop
      vertex -73.2497 -1.5803 3
      vertex -68.1962 -3.7256 3
      vertex -73.0056 -1.52169 3
    endloop
  endfacet
  facet normal -0 0 1
    outer loop
      vertex -73.5 -1.6 3
      vertex -68.1962 -3.7256 3
      vertex -73.2497 -1.5803 3
    endloop
  endfacet
  facet normal 0 0 1
    outer loop
      vertex -68.1962 -3.7256 3
      vertex -73.5 -1.6 3
      vertex -68.1962 -12.2744 3
    endloop
  endfacet
  facet normal 0 0 1
    outer loop
      vertex -73.7503 -1.5803 3
      vertex -68.1962 -12.2744 3
      vertex -73.5 -1.6 3
    endloop
  endfacet
  facet normal 0 0 1
    outer loop
      vertex -73.9944 -1.52169 3
      vertex -68.1962 -12.2744 3
      vertex -73.7503 -1.5803 3
    endloop
  endfacet
  facet normal 0 0 1
    outer loop
      vertex -74.2264 -1.42561 3
      vertex -68.1962 -12.2744 3
      vertex -73.9944 -1.52169 3
    endloop
  endfacet
  facet normal 0 0 1
    outer loop
      vertex -74.4405 -1.29443 3
      vertex -68.1962 -12.2744 3
      vertex -74.2264 -1.42561 3
    endloop
  endfacet
  facet normal 0 0 1
    outer loop
      vertex -81.5 -31 3
      vertex -68.1962 -12.2744 3
      vertex -74.4405 -1.29443 3
    endloop
  endfacet
  facet normal 0 0 1
    outer loop
      vertex -81.5 -31 3
      vertex -74.4405 -1.29443 3
      vertex -74.6314 -1.13137 3
    endloop
  endfacet
  facet normal 0 0 1
    outer loop
      vertex -81.5 -31 3
      vertex -74.6314 -1.13137 3
      vertex -74.7944 -0.940456 3
    endloop
  endfacet
  facet normal 0 0 1
    outer loop
      vertex -81.5 -31 3
      vertex -74.7944 -0.940456 3
      vertex -74.9256 -0.726384 3
    endloop
  endfacet
  facet normal 0 0 1
    outer loop
      vertex -81.5 -31 3
      vertex -74.9256 -0.726384 3
      vertex -75.0217 -0.494427 3
    endloop
  endfacet
  facet normal 0 0 1
    outer loop
      vertex -81.5 -31 3
      vertex -75.1 0 3
      vertex -81.5 31 3
    endloop
  endfacet
  facet normal 0 0 1
    outer loop
      vertex -12.6 -21.2744 3
      vertex -81.5 -31 3
      vertex 81.5 -31 3
    endloop
  endfacet
  facet normal 0 0 1
    outer loop
      vertex -68.1962 -18.2744 3
      vertex -81.5 -31 3
      vertex -63 -21.2744 3
    endloop
  endfacet
  facet normal 0 0 1
    outer loop
      vertex -68.1962 -12.2744 3
      vertex -81.5 -31 3
      vertex -68.1962 -18.2744 3
    endloop
  endfacet
  facet normal 0 0 1
    outer loop
      vertex -75.0803 -0.250295 3
      vertex -81.5 -31 3
      vertex -75.0217 -0.494427 3
    endloop
  endfacet
  facet normal 0 0 1
    outer loop
      vertex -75.1 0 3
      vertex -81.5 -31 3
      vertex -75.0803 -0.250295 3
    endloop
  endfacet
  facet normal 0 0 1
    outer loop
      vertex 42.9962 2.2744 3
      vertex 31.6283 16.265 3
      vertex 37.8 5.2744 3
    endloop
  endfacet
  facet normal -0 0 1
    outer loop
      vertex 31.2693 21.1849 3
      vertex 31.6283 16.265 3
      vertex 31.3106 21.4462 3
    endloop
  endfacet
  facet normal -0 0 1
    outer loop
      vertex 31.2003 20.9386 3
      vertex 31.6283 16.265 3
      vertex 31.2693 21.1849 3
    endloop
  endfacet
  facet normal -0 0 1
    outer loop
      vertex 31.1038 20.7075 3
      vertex 31.6283 16.265 3
      vertex 31.2003 20.9386 3
    endloop
  endfacet
  facet normal -0 0 1
    outer loop
      vertex 30.9797 20.4914 3
      vertex 31.6283 16.265 3
      vertex 31.1038 20.7075 3
    endloop
  endfacet
  facet normal -0 0 1
    outer loop
      vertex 30.828 20.2904 3
      vertex 31.6283 16.265 3
      vertex 30.9797 20.4914 3
    endloop
  endfacet
  facet normal -0 0 1
    outer loop
      vertex 30.6521 20.1088 3
      vertex 31.6283 16.265 3
      vertex 30.828 20.2904 3
    endloop
  endfacet
  facet normal -0 0 1
    outer loop
      vertex 30.4552 19.951 3
      vertex 31.6283 16.265 3
      vertex 30.6521 20.1088 3
    endloop
  endfacet
  facet normal -0 0 1
    outer loop
      vertex 30.2374 19.817 3
      vertex 31.6283 16.265 3
      vertex 30.4552 19.951 3
    endloop
  endfacet
  facet normal -0 0 1
    outer loop
      vertex 29.9986 19.7069 3
      vertex 31.6283 16.265 3
      vertex 30.2374 19.817 3
    endloop
  endfacet
  facet normal -0 0 1
    outer loop
      vertex 29.7389 19.6205 3
      vertex 31.6283 16.265 3
      vertex 29.9986 19.7069 3
    endloop
  endfacet
  facet normal 0 0 1
    outer loop
      vertex 31.6283 16.265 3
      vertex 29.7389 19.6205 3
      vertex 29.4583 19.558 3
    endloop
  endfacet
  facet normal 0 0 1
    outer loop
      vertex 23.2679 20.6104 3
      vertex 25.0315 23.9088 3
      vertex 23.5934 23.0625 3
    endloop
  endfacet
  facet normal 0 0 1
    outer loop
      vertex 23.2679 19.775 3
      vertex 25.0315 23.9088 3
      vertex 23.2679 20.6104 3
    endloop
  endfacet
  facet normal 0 0 1
    outer loop
      vertex 25.0315 16.265 3
      vertex 23.2679 19.775 3
      vertex 23.8158 17.1113 3
    endloop
  endfacet
  facet normal 0 0 1
    outer loop
      vertex 18.8303 17.1113 3
      vertex 23.2679 19.775 3
      vertex 18.8303 19.775 3
    endloop
  endfacet
  facet normal 0 0 1
    outer loop
      vertex 23.2679 19.775 3
      vertex 18.8303 17.1113 3
      vertex 23.8158 17.1113 3
    endloop
  endfacet
  facet normal 0 0 1
    outer loop
      vertex 13.1299 23.0625 3
      vertex 9.71359 19.2994 3
      vertex 9.75993 19.2031 3
    endloop
  endfacet
  facet normal 0 0 1
    outer loop
      vertex 13.1299 23.0625 3
      vertex 9.66228 19.3911 3
      vertex 9.71359 19.2994 3
    endloop
  endfacet
  facet normal 0 0 1
    outer loop
      vertex 9.73889 22.2651 3
      vertex 9.60599 19.4784 3
      vertex 9.66228 19.3911 3
    endloop
  endfacet
  facet normal 0 0 1
    outer loop
      vertex 9.73889 22.2651 3
      vertex 9.54472 19.5611 3
      vertex 9.60599 19.4784 3
    endloop
  endfacet
  facet normal 0 0 1
    outer loop
      vertex 9.73889 22.2651 3
      vertex 9.4785 19.6393 3
      vertex 9.54472 19.5611 3
    endloop
  endfacet
  facet normal 0 0 1
    outer loop
      vertex 9.73889 22.2651 3
      vertex 9.40775 19.7133 3
      vertex 9.4785 19.6393 3
    endloop
  endfacet
  facet normal 0 0 1
    outer loop
      vertex 9.73889 22.2651 3
      vertex 9.33292 19.7834 3
      vertex 9.40775 19.7133 3
    endloop
  endfacet
  facet normal 0 0 1
    outer loop
      vertex 9.73889 22.2651 3
      vertex 9.25401 19.8496 3
      vertex 9.33292 19.7834 3
    endloop
  endfacet
  facet normal 0 0 1
    outer loop
      vertex 9.73889 22.2651 3
      vertex 9.17105 19.9118 3
      vertex 9.25401 19.8496 3
    endloop
  endfacet
  facet normal 0 0 1
    outer loop
      vertex 9.73889 22.2651 3
      vertex 9.08401 19.9701 3
      vertex 9.17105 19.9118 3
    endloop
  endfacet
  facet normal 0 0 1
    outer loop
      vertex 9.73889 22.2651 3
      vertex 8.9929 20.0245 3
      vertex 9.08401 19.9701 3
    endloop
  endfacet
  facet normal 0 0 1
    outer loop
      vertex 9.73889 22.2651 3
      vertex 8.89865 20.0758 3
      vertex 8.9929 20.0245 3
    endloop
  endfacet
  facet normal -0 0 1
    outer loop
      vertex 8.71898 22.086 3
      vertex 8.89865 20.0758 3
      vertex 9.73889 22.2651 3
    endloop
  endfacet
  facet normal 0 0 1
    outer loop
      vertex 8.89865 20.0758 3
      vertex 8.71898 22.086 3
      vertex 8.80214 20.1249 3
    endloop
  endfacet
  facet normal 0 0 1
    outer loop
      vertex 8.71898 22.086 3
      vertex 8.70335 20.1717 3
      vertex 8.80214 20.1249 3
    endloop
  endfacet
  facet normal 0 0 1
    outer loop
      vertex 7.25572 20.6101 3
      vertex 8.71898 22.086 3
      vertex 8.65448 22.2793 3
    endloop
  endfacet
  facet normal 0 0 1
    outer loop
      vertex 8.71898 22.086 3
      vertex 8.60233 20.2162 3
      vertex 8.70335 20.1717 3
    endloop
  endfacet
  facet normal 0 0 1
    outer loop
      vertex 7.25572 20.6101 3
      vertex 8.65448 22.2793 3
      vertex 8.5731 22.454 3
    endloop
  endfacet
  facet normal 0 0 1
    outer loop
      vertex 8.71898 22.086 3
      vertex 8.49902 20.2585 3
      vertex 8.60233 20.2162 3
    endloop
  endfacet
  facet normal 0 0 1
    outer loop
      vertex 7.13843 20.6375 3
      vertex 8.5731 22.454 3
      vertex 8.47485 22.6102 3
    endloop
  endfacet
  facet normal 0 0 1
    outer loop
      vertex 8.71898 22.086 3
      vertex 8.39346 20.2985 3
      vertex 8.49902 20.2585 3
    endloop
  endfacet
  facet normal 0 0 1
    outer loop
      vertex 7.13843 20.6375 3
      vertex 8.47485 22.6102 3
      vertex 8.35973 22.7479 3
    endloop
  endfacet
  facet normal 0 0 1
    outer loop
      vertex 8.71898 22.086 3
      vertex 8.28593 20.3365 3
      vertex 8.39346 20.2985 3
    endloop
  endfacet
  facet normal 0 0 1
    outer loop
      vertex 7.13843 20.6375 3
      vertex 8.35973 22.7479 3
      vertex 8.22771 22.867 3
    endloop
  endfacet
  facet normal 0 0 1
    outer loop
      vertex 8.71898 22.086 3
      vertex 8.17676 20.3727 3
      vertex 8.28593 20.3365 3
    endloop
  endfacet
  facet normal 0 0 1
    outer loop
      vertex 7.13843 20.6375 3
      vertex 8.22771 22.867 3
      vertex 8.07881 22.9676 3
    endloop
  endfacet
  facet normal 0 0 1
    outer loop
      vertex 8.71898 22.086 3
      vertex 8.06592 20.407 3
      vertex 8.17676 20.3727 3
    endloop
  endfacet
  facet normal 0 0 1
    outer loop
      vertex 8.71898 22.086 3
      vertex 7.95341 20.4396 3
      vertex 8.06592 20.407 3
    endloop
  endfacet
  facet normal 0 0 1
    outer loop
      vertex 7.13843 20.6375 3
      vertex 8.07881 22.9676 3
      vertex 7.91139 23.0513 3
    endloop
  endfacet
  facet normal 0 0 1
    outer loop
      vertex 8.71898 22.086 3
      vertex 7.83926 20.4703 3
      vertex 7.95341 20.4396 3
    endloop
  endfacet
  facet normal 0 0 1
    outer loop
      vertex 7.13843 20.6375 3
      vertex 7.91139 23.0513 3
      vertex 7.72377 23.1198 3
    endloop
  endfacet
  facet normal 0 0 1
    outer loop
      vertex 8.71898 22.086 3
      vertex 7.72345 20.4992 3
      vertex 7.83926 20.4703 3
    endloop
  endfacet
  facet normal 0 0 1
    outer loop
      vertex 8.71898 22.086 3
      vertex 7.60675 20.5272 3
      vertex 7.72345 20.4992 3
    endloop
  endfacet
  facet normal 0 0 1
    outer loop
      vertex 7.02098 20.6647 3
      vertex 7.72377 23.1198 3
      vertex 7.51596 23.173 3
    endloop
  endfacet
  facet normal 0 0 1
    outer loop
      vertex 8.71898 22.086 3
      vertex 7.48988 20.555 3
      vertex 7.60675 20.5272 3
    endloop
  endfacet
  facet normal 0 0 1
    outer loop
      vertex 8.71898 22.086 3
      vertex 7.37288 20.5826 3
      vertex 7.48988 20.555 3
    endloop
  endfacet
  facet normal 0 0 1
    outer loop
      vertex 7.02098 20.6647 3
      vertex 7.51596 23.173 3
      vertex 7.28795 23.2111 3
    endloop
  endfacet
  facet normal 0 0 1
    outer loop
      vertex 8.71898 22.086 3
      vertex 7.25572 20.6101 3
      vertex 7.37288 20.5826 3
    endloop
  endfacet
  facet normal 0 0 1
    outer loop
      vertex 8.5731 22.454 3
      vertex 7.13843 20.6375 3
      vertex 7.25572 20.6101 3
    endloop
  endfacet
  facet normal 0 0 1
    outer loop
      vertex 6.68959 20.7404 3
      vertex 7.28795 23.2111 3
      vertex 7.03976 23.2339 3
    endloop
  endfacet
  facet normal 0 0 1
    outer loop
      vertex 7.72377 23.1198 3
      vertex 7.02098 20.6647 3
      vertex 7.13843 20.6375 3
    endloop
  endfacet
  facet normal 0 0 1
    outer loop
      vertex 6.68959 20.7404 3
      vertex 7.03976 23.2339 3
      vertex 6.77138 23.2415 3
    endloop
  endfacet
  facet normal 0 0 1
    outer loop
      vertex 7.28795 23.2111 3
      vertex 6.68959 20.7404 3
      vertex 7.02098 20.6647 3
    endloop
  endfacet
  facet normal 0 0 1
    outer loop
      vertex 6.39708 20.8121 3
      vertex 6.77138 23.2415 3
      vertex 6.47783 23.2331 3
    endloop
  endfacet
  facet normal 0 0 1
    outer loop
      vertex 6.77138 23.2415 3
      vertex 6.39708 20.8121 3
      vertex 6.68959 20.7404 3
    endloop
  endfacet
  facet normal 0 0 1
    outer loop
      vertex 6.14346 20.8796 3
      vertex 6.47783 23.2331 3
      vertex 6.20839 23.2078 3
    endloop
  endfacet
  facet normal 0 0 1
    outer loop
      vertex 6.47783 23.2331 3
      vertex 6.14346 20.8796 3
      vertex 6.39708 20.8121 3
    endloop
  endfacet
  facet normal 0 0 1
    outer loop
      vertex 5.92871 20.9431 3
      vertex 6.20839 23.2078 3
      vertex 5.96306 23.1656 3
    endloop
  endfacet
  facet normal 0 0 1
    outer loop
      vertex 6.20839 23.2078 3
      vertex 5.92871 20.9431 3
      vertex 6.14346 20.8796 3
    endloop
  endfacet
  facet normal 0 0 1
    outer loop
      vertex 5.96306 23.1656 3
      vertex 5.75284 21.0026 3
      vertex 5.92871 20.9431 3
    endloop
  endfacet
  facet normal -0 0 1
    outer loop
      vertex 5.74184 23.1065 3
      vertex 5.75284 21.0026 3
      vertex 5.96306 23.1656 3
    endloop
  endfacet
  facet normal 0 0 1
    outer loop
      vertex 5.74184 23.1065 3
      vertex 5.61586 21.058 3
      vertex 5.75284 21.0026 3
    endloop
  endfacet
  facet normal -0 0 1
    outer loop
      vertex 5.54471 23.0305 3
      vertex 5.61586 21.058 3
      vertex 5.74184 23.1065 3
    endloop
  endfacet
  facet normal 0 0 1
    outer loop
      vertex 5.54471 23.0305 3
      vertex 5.5029 21.1133 3
      vertex 5.61586 21.058 3
    endloop
  endfacet
  facet normal 0 0 1
    outer loop
      vertex 5.54471 23.0305 3
      vertex 5.39914 21.1725 3
      vertex 5.5029 21.1133 3
    endloop
  endfacet
  facet normal -0 0 1
    outer loop
      vertex 5.3717 22.9377 3
      vertex 5.39914 21.1725 3
      vertex 5.54471 23.0305 3
    endloop
  endfacet
  facet normal 0 0 1
    outer loop
      vertex 5.3717 22.9377 3
      vertex 5.30458 21.2357 3
      vertex 5.39914 21.1725 3
    endloop
  endfacet
  facet normal 0 0 1
    outer loop
      vertex 4.90231 22.2242 3
      vertex 5.3717 22.9377 3
      vertex 5.22418 22.8282 3
    endloop
  endfacet
  facet normal 0 0 1
    outer loop
      vertex 5.3717 22.9377 3
      vertex 4.90231 22.2242 3
      vertex 5.30458 21.2357 3
    endloop
  endfacet
  facet normal -0 0 1
    outer loop
      vertex 4.8889 22.0318 3
      vertex 5.30458 21.2357 3
      vertex 4.90231 22.2242 3
    endloop
  endfacet
  facet normal 0 0 1
    outer loop
      vertex 4.90231 22.2242 3
      vertex 5.22418 22.8282 3
      vertex 5.10347 22.7021 3
    endloop
  endfacet
  facet normal 0 0 1
    outer loop
      vertex 5.30458 21.2357 3
      vertex 4.8889 22.0318 3
      vertex 5.21919 21.3027 3
    endloop
  endfacet
  facet normal -0 -0 1
    outer loop
      vertex 4.89409 21.9176 3
      vertex 5.21919 21.3027 3
      vertex 4.8889 22.0318 3
    endloop
  endfacet
  facet normal 0 0 1
    outer loop
      vertex 4.90231 22.2242 3
      vertex 5.10347 22.7021 3
      vertex 5.0096 22.5594 3
    endloop
  endfacet
  facet normal 0 0 1
    outer loop
      vertex 5.21919 21.3027 3
      vertex 4.89409 21.9176 3
      vertex 5.14301 21.3737 3
    endloop
  endfacet
  facet normal 0 0 1
    outer loop
      vertex 4.90231 22.2242 3
      vertex 5.0096 22.5594 3
      vertex 4.94254 22.4001 3
    endloop
  endfacet
  facet normal -0 -0 1
    outer loop
      vertex 4.90968 21.8103 3
      vertex 5.14301 21.3737 3
      vertex 4.89409 21.9176 3
    endloop
  endfacet
  facet normal 0 0 1
    outer loop
      vertex 5.14301 21.3737 3
      vertex 4.90968 21.8103 3
      vertex 5.07602 21.4486 3
    endloop
  endfacet
  facet normal 0 0 1
    outer loop
      vertex 5.07602 21.4486 3
      vertex 4.90968 21.8103 3
      vertex 5.01884 21.5288 3
    endloop
  endfacet
  facet normal 0 0 1
    outer loop
      vertex 4.97206 21.6159 3
      vertex 4.90968 21.8103 3
      vertex 4.93568 21.7097 3
    endloop
  endfacet
  facet normal 0 0 1
    outer loop
      vertex 5.01884 21.5288 3
      vertex 4.90968 21.8103 3
      vertex 4.97206 21.6159 3
    endloop
  endfacet
  facet normal 0 0 1
    outer loop
      vertex 29.4835 22.9233 3
      vertex 30.2828 21.7117 3
      vertex 30.2702 21.9253 3
    endloop
  endfacet
  facet normal 0 0 1
    outer loop
      vertex 30.2828 21.7117 3
      vertex 29.2771 22.9913 3
      vertex 30.2704 21.4906 3
    endloop
  endfacet
  facet normal 0 0 1
    outer loop
      vertex 29.6677 22.8358 3
      vertex 30.2702 21.9253 3
      vertex 30.2325 22.1213 3
    endloop
  endfacet
  facet normal 0 0 1
    outer loop
      vertex 30.2828 21.7117 3
      vertex 29.4835 22.9233 3
      vertex 29.2771 22.9913 3
    endloop
  endfacet
  facet normal 0 0 1
    outer loop
      vertex 29.8298 22.7289 3
      vertex 30.2325 22.1213 3
      vertex 30.1696 22.2997 3
    endloop
  endfacet
  facet normal 0 -0 1
    outer loop
      vertex 29.4956 20.4278 3
      vertex 30.2704 21.4906 3
      vertex 29.2771 22.9913 3
    endloop
  endfacet
  facet normal 0 0 1
    outer loop
      vertex 29.8298 22.7289 3
      vertex 30.1696 22.2997 3
      vertex 30.0815 22.4604 3
    endloop
  endfacet
  facet normal 0 0 1
    outer loop
      vertex 30.2702 21.9253 3
      vertex 29.6677 22.8358 3
      vertex 29.4835 22.9233 3
    endloop
  endfacet
  facet normal 0 0 1
    outer loop
      vertex 29.8298 22.7289 3
      vertex 30.0815 22.4604 3
      vertex 29.9682 22.6035 3
    endloop
  endfacet
  facet normal 0 0 1
    outer loop
      vertex 30.2325 22.1213 3
      vertex 29.8298 22.7289 3
      vertex 29.6677 22.8358 3
    endloop
  endfacet
  facet normal 0 0 1
    outer loop
      vertex 30.2704 21.4906 3
      vertex 29.4956 20.4278 3
      vertex 30.2331 21.2865 3
    endloop
  endfacet
  facet normal 0 0 1
    outer loop
      vertex 30.1709 21.0994 3
      vertex 29.6757 20.5234 3
      vertex 30.0839 20.9293 3
    endloop
  endfacet
  facet normal 0 0 1
    outer loop
      vertex 30.0839 20.9293 3
      vertex 29.8352 20.6403 3
      vertex 29.972 20.7763 3
    endloop
  endfacet
  facet normal 0 0 1
    outer loop
      vertex 30.0839 20.9293 3
      vertex 29.6757 20.5234 3
      vertex 29.8352 20.6403 3
    endloop
  endfacet
  facet normal 0 0 1
    outer loop
      vertex 30.2331 21.2865 3
      vertex 29.6757 20.5234 3
      vertex 30.1709 21.0994 3
    endloop
  endfacet
  facet normal 0 -0 1
    outer loop
      vertex 29.6757 20.5234 3
      vertex 30.2331 21.2865 3
      vertex 29.4956 20.4278 3
    endloop
  endfacet
  facet normal 0 0 1
    outer loop
      vertex 29.4956 20.4278 3
      vertex 29.2771 22.9913 3
      vertex 29.2948 20.3534 3
    endloop
  endfacet
  facet normal 0 0 1
    outer loop
      vertex 29.0486 23.0399 3
      vertex 29.2948 20.3534 3
      vertex 29.2771 22.9913 3
    endloop
  endfacet
  facet normal 0 0 1
    outer loop
      vertex 29.2948 20.3534 3
      vertex 29.0486 23.0399 3
      vertex 29.0733 20.3003 3
    endloop
  endfacet
  facet normal 0 0 1
    outer loop
      vertex 29.0486 23.0399 3
      vertex 28.8313 20.2684 3
      vertex 29.0733 20.3003 3
    endloop
  endfacet
  facet normal 0 0 1
    outer loop
      vertex 28.798 23.0691 3
      vertex 28.8313 20.2684 3
      vertex 29.0486 23.0399 3
    endloop
  endfacet
  facet normal 0 0 1
    outer loop
      vertex 28.798 23.0691 3
      vertex 28.5685 20.2578 3
      vertex 28.8313 20.2684 3
    endloop
  endfacet
  facet normal 0 0 1
    outer loop
      vertex 28.5251 23.0788 3
      vertex 28.5685 20.2578 3
      vertex 28.798 23.0691 3
    endloop
  endfacet
  facet normal 0 0 1
    outer loop
      vertex 26.0676 20.2578 3
      vertex 28.5251 23.0788 3
      vertex 26.0676 23.0788 3
    endloop
  endfacet
  facet normal 0 0 1
    outer loop
      vertex 28.5251 23.0788 3
      vertex 26.0676 20.2578 3
      vertex 28.5685 20.2578 3
    endloop
  endfacet
  facet normal 0 0 1
    outer loop
      vertex -28.6902 21.8202 3
      vertex -27.7896 21.8311 3
      vertex -27.8403 21.9586 3
    endloop
  endfacet
  facet normal -0 0 1
    outer loop
      vertex -28.2888 22.9757 3
      vertex -28.0934 22.6773 3
      vertex -28.2399 23.1276 3
    endloop
  endfacet
  facet normal -0 0 1
    outer loop
      vertex -28.3376 22.8185 3
      vertex -28.0934 22.6773 3
      vertex -28.2888 22.9757 3
    endloop
  endfacet
  facet normal 0 0 1
    outer loop
      vertex -28.3936 22.6472 3
      vertex -28.0934 22.6773 3
      vertex -28.3376 22.8185 3
    endloop
  endfacet
  facet normal 0 0 1
    outer loop
      vertex -28.0934 22.6773 3
      vertex -28.3936 22.6472 3
      vertex -28.0428 22.5227 3
    endloop
  endfacet
  facet normal 0 0 1
    outer loop
      vertex -28.4569 22.4617 3
      vertex -28.0428 22.5227 3
      vertex -28.3936 22.6472 3
    endloop
  endfacet
  facet normal 0 0 1
    outer loop
      vertex -28.0428 22.5227 3
      vertex -28.4569 22.4617 3
      vertex -27.9922 22.3736 3
    endloop
  endfacet
  facet normal 0 0 1
    outer loop
      vertex -28.5275 22.262 3
      vertex -27.9922 22.3736 3
      vertex -28.4569 22.4617 3
    endloop
  endfacet
  facet normal 0 0 1
    outer loop
      vertex -27.9922 22.3736 3
      vertex -28.5275 22.262 3
      vertex -27.9415 22.2298 3
    endloop
  endfacet
  facet normal 0 0 1
    outer loop
      vertex -27.9415 22.2298 3
      vertex -28.5275 22.262 3
      vertex -27.8909 22.0915 3
    endloop
  endfacet
  facet normal 0 0 1
    outer loop
      vertex -28.6052 22.0482 3
      vertex -27.8909 22.0915 3
      vertex -28.5275 22.262 3
    endloop
  endfacet
  facet normal 0 0 1
    outer loop
      vertex -27.8909 22.0915 3
      vertex -28.6052 22.0482 3
      vertex -27.8403 21.9586 3
    endloop
  endfacet
  facet normal 0 0 1
    outer loop
      vertex -28.6902 21.8202 3
      vertex -27.8403 21.9586 3
      vertex -28.6052 22.0482 3
    endloop
  endfacet
  facet normal 0 0 1
    outer loop
      vertex -27.7896 21.8311 3
      vertex -28.6902 21.8202 3
      vertex -26.8077 19.3084 3
    endloop
  endfacet
  facet normal 0 0 1
    outer loop
      vertex -26.8077 19.3084 3
      vertex -28.6902 21.8202 3
      vertex -29.6667 19.3084 3
    endloop
  endfacet
  facet normal 1 -0 0
    outer loop
      vertex 81.5 -31 3
      vertex 81.5 31 0
      vertex 81.5 31 3
    endloop
  endfacet
  facet normal 1 0 0
    outer loop
      vertex 81.5 31 0
      vertex 81.5 -31 3
      vertex 81.5 -31 0
    endloop
  endfacet
  facet normal 0 1 -0
    outer loop
      vertex 81.5 31 0
      vertex -81.5 31 3
      vertex 81.5 31 3
    endloop
  endfacet
  facet normal 0 1 0
    outer loop
      vertex -81.5 31 3
      vertex 81.5 31 0
      vertex -81.5 31 0
    endloop
  endfacet
  facet normal 0 0 -1
    outer loop
      vertex -63 -9.2744 0
      vertex -57.8038 -3.7256 0
      vertex -57.8038 -12.2744 0
    endloop
  endfacet
  facet normal 0 0 -1
    outer loop
      vertex -63 -9.2744 0
      vertex -63 -6.7256 0
      vertex -57.8038 -3.7256 0
    endloop
  endfacet
  facet normal 0 0 -1
    outer loop
      vertex -68.1962 -12.2744 0
      vertex -63 -6.7256 0
      vertex -63 -9.2744 0
    endloop
  endfacet
  facet normal -0 0 -1
    outer loop
      vertex -63 -6.7256 0
      vertex -68.1962 -12.2744 0
      vertex -68.1962 -3.7256 0
    endloop
  endfacet
  facet normal 0 0 -1
    outer loop
      vertex -37.8 -9.2744 0
      vertex -32.6038 -3.7256 0
      vertex -32.6038 -12.2744 0
    endloop
  endfacet
  facet normal 0 0 -1
    outer loop
      vertex -37.8 -9.2744 0
      vertex -37.8 -6.7256 0
      vertex -32.6038 -3.7256 0
    endloop
  endfacet
  facet normal 0 0 -1
    outer loop
      vertex -42.9962 -12.2744 0
      vertex -37.8 -6.7256 0
      vertex -37.8 -9.2744 0
    endloop
  endfacet
  facet normal -0 0 -1
    outer loop
      vertex -37.8 -6.7256 0
      vertex -42.9962 -12.2744 0
      vertex -42.9962 -3.7256 0
    endloop
  endfacet
  facet normal 0 0 -1
    outer loop
      vertex -12.6 -9.2744 0
      vertex -7.40385 -3.7256 0
      vertex -7.40385 -12.2744 0
    endloop
  endfacet
  facet normal 0 0 -1
    outer loop
      vertex -12.6 -9.2744 0
      vertex -12.6 -6.7256 0
      vertex -7.40385 -3.7256 0
    endloop
  endfacet
  facet normal 0 0 -1
    outer loop
      vertex -17.7962 -12.2744 0
      vertex -12.6 -6.7256 0
      vertex -12.6 -9.2744 0
    endloop
  endfacet
  facet normal -0 0 -1
    outer loop
      vertex -12.6 -6.7256 0
      vertex -17.7962 -12.2744 0
      vertex -17.7962 -3.7256 0
    endloop
  endfacet
  facet normal 0 0 -1
    outer loop
      vertex 12.6 -9.2744 0
      vertex 17.7962 -3.7256 0
      vertex 17.7962 -12.2744 0
    endloop
  endfacet
  facet normal 0 0 -1
    outer loop
      vertex 12.6 -9.2744 0
      vertex 12.6 -6.7256 0
      vertex 17.7962 -3.7256 0
    endloop
  endfacet
  facet normal 0 0 -1
    outer loop
      vertex 7.40385 -12.2744 0
      vertex 12.6 -6.7256 0
      vertex 12.6 -9.2744 0
    endloop
  endfacet
  facet normal -0 0 -1
    outer loop
      vertex 12.6 -6.7256 0
      vertex 7.40385 -12.2744 0
      vertex 7.40385 -3.7256 0
    endloop
  endfacet
  facet normal 0 0 -1
    outer loop
      vertex 37.8 -9.2744 0
      vertex 42.9962 -3.7256 0
      vertex 42.9962 -12.2744 0
    endloop
  endfacet
  facet normal 0 0 -1
    outer loop
      vertex 37.8 -9.2744 0
      vertex 37.8 -6.7256 0
      vertex 42.9962 -3.7256 0
    endloop
  endfacet
  facet normal 0 0 -1
    outer loop
      vertex 32.6038 -12.2744 0
      vertex 37.8 -6.7256 0
      vertex 37.8 -9.2744 0
    endloop
  endfacet
  facet normal -0 0 -1
    outer loop
      vertex 37.8 -6.7256 0
      vertex 32.6038 -12.2744 0
      vertex 32.6038 -3.7256 0
    endloop
  endfacet
  facet normal 0 0 -1
    outer loop
      vertex 63 -9.2744 0
      vertex 68.1962 -3.7256 0
      vertex 68.1962 -12.2744 0
    endloop
  endfacet
  facet normal 0 0 -1
    outer loop
      vertex 63 -9.2744 0
      vertex 63 -6.7256 0
      vertex 68.1962 -3.7256 0
    endloop
  endfacet
  facet normal 0 0 -1
    outer loop
      vertex 57.8038 -12.2744 0
      vertex 63 -6.7256 0
      vertex 63 -9.2744 0
    endloop
  endfacet
  facet normal -0 0 -1
    outer loop
      vertex 63 -6.7256 0
      vertex 57.8038 -12.2744 0
      vertex 57.8038 -3.7256 0
    endloop
  endfacet
  facet normal 0 0 -1
    outer loop
      vertex 81.5 -31 0
      vertex 75.1 0 0
      vertex 81.5 31 0
    endloop
  endfacet
  facet normal 0 0 -1
    outer loop
      vertex 81.5 -31 0
      vertex 75.0803 -0.250295 0
      vertex 75.1 0 0
    endloop
  endfacet
  facet normal 0 0 -1
    outer loop
      vertex 81.5 -31 0
      vertex 75.0217 -0.494427 0
      vertex 75.0803 -0.250295 0
    endloop
  endfacet
  facet normal 0 0 -1
    outer loop
      vertex 81.5 -31 0
      vertex 74.9256 -0.726384 0
      vertex 75.0217 -0.494427 0
    endloop
  endfacet
  facet normal 0 0 -1
    outer loop
      vertex 81.5 -31 0
      vertex 74.7944 -0.940456 0
      vertex 74.9256 -0.726384 0
    endloop
  endfacet
  facet normal 0 0 -1
    outer loop
      vertex 81.5 -31 0
      vertex 74.6314 -1.13137 0
      vertex 74.7944 -0.940456 0
    endloop
  endfacet
  facet normal 0 0 -1
    outer loop
      vertex 81.5 -31 0
      vertex 74.4405 -1.29443 0
      vertex 74.6314 -1.13137 0
    endloop
  endfacet
  facet normal 0 0 -1
    outer loop
      vertex 68.1962 -12.2744 0
      vertex 74.4405 -1.29443 0
      vertex 81.5 -31 0
    endloop
  endfacet
  facet normal 0 0 -1
    outer loop
      vertex 74.4405 -1.29443 0
      vertex 68.1962 -12.2744 0
      vertex 74.2264 -1.42561 0
    endloop
  endfacet
  facet normal 0 0 -1
    outer loop
      vertex 74.2264 -1.42561 0
      vertex 68.1962 -12.2744 0
      vertex 73.9944 -1.52169 0
    endloop
  endfacet
  facet normal 0 0 -1
    outer loop
      vertex 73.9944 -1.52169 0
      vertex 68.1962 -12.2744 0
      vertex 73.7503 -1.5803 0
    endloop
  endfacet
  facet normal 0 0 -1
    outer loop
      vertex 73.7503 -1.5803 0
      vertex 68.1962 -12.2744 0
      vertex 73.5 -1.6 0
    endloop
  endfacet
  facet normal 0 0 -1
    outer loop
      vertex 68.1962 -3.7256 0
      vertex 73.5 -1.6 0
      vertex 68.1962 -12.2744 0
    endloop
  endfacet
  facet normal -0 0 -1
    outer loop
      vertex 73.5 -1.6 0
      vertex 68.1962 -3.7256 0
      vertex 73.2497 -1.5803 0
    endloop
  endfacet
  facet normal -0 0 -1
    outer loop
      vertex 73.2497 -1.5803 0
      vertex 68.1962 -3.7256 0
      vertex 73.0056 -1.52169 0
    endloop
  endfacet
  facet normal -0 0 -1
    outer loop
      vertex 73.0056 -1.52169 0
      vertex 68.1962 -3.7256 0
      vertex 72.7736 -1.42561 0
    endloop
  endfacet
  facet normal -0 0 -1
    outer loop
      vertex 72.7736 -1.42561 0
      vertex 68.1962 -3.7256 0
      vertex 72.5595 -1.29443 0
    endloop
  endfacet
  facet normal -0 0 -1
    outer loop
      vertex 72.5595 -1.29443 0
      vertex 68.1962 -3.7256 0
      vertex 72.3686 -1.13137 0
    endloop
  endfacet
  facet normal -0 0 -1
    outer loop
      vertex 72.3686 -1.13137 0
      vertex 68.1962 -3.7256 0
      vertex 72.2056 -0.940456 0
    endloop
  endfacet
  facet normal -0 0 -1
    outer loop
      vertex 72.0744 -0.726384 0
      vertex 68.1962 -3.7256 0
      vertex 71.9783 -0.494427 0
    endloop
  endfacet
  facet normal -0 0 -1
    outer loop
      vertex 72.2056 -0.940456 0
      vertex 68.1962 -3.7256 0
      vertex 72.0744 -0.726384 0
    endloop
  endfacet
  facet normal 0 0 -1
    outer loop
      vertex 68.1962 -12.2744 0
      vertex 81.5 -31 0
      vertex 68.1962 -18.2744 0
    endloop
  endfacet
  facet normal 0 0 -1
    outer loop
      vertex 81.5 -31 0
      vertex 63 -21.2744 0
      vertex 68.1962 -18.2744 0
    endloop
  endfacet
  facet normal 0 0 -1
    outer loop
      vertex 55.5962 -11 0
      vertex 57.8038 -12.2744 0
      vertex 57.8038 -18.2744 0
    endloop
  endfacet
  facet normal 0 0 -1
    outer loop
      vertex 57.8038 -12.2744 0
      vertex 55.5962 -11 0
      vertex 57.8038 -3.7256 0
    endloop
  endfacet
  facet normal 0 0 -1
    outer loop
      vertex 55.5962 -5 0
      vertex 57.8038 -3.7256 0
      vertex 55.5962 -11 0
    endloop
  endfacet
  facet normal 0 0 -1
    outer loop
      vertex 57.8038 -18.2744 0
      vertex 50.4 -14 0
      vertex 55.5962 -11 0
    endloop
  endfacet
  facet normal 0 0 -1
    outer loop
      vertex 42.9962 -18.2744 0
      vertex 57.8038 -18.2744 0
      vertex 63 -21.2744 0
    endloop
  endfacet
  facet normal 0 0 -1
    outer loop
      vertex 42.9962 -12.2744 0
      vertex 45.2038 -11 0
      vertex 42.9962 -18.2744 0
    endloop
  endfacet
  facet normal -0 0 -1
    outer loop
      vertex 50.4 -14 0
      vertex 42.9962 -18.2744 0
      vertex 45.2038 -11 0
    endloop
  endfacet
  facet normal 0 0 -1
    outer loop
      vertex 57.8038 -18.2744 0
      vertex 42.9962 -18.2744 0
      vertex 50.4 -14 0
    endloop
  endfacet
  facet normal 0 0 -1
    outer loop
      vertex 37.8 -21.2744 0
      vertex 63 -21.2744 0
      vertex 81.5 -31 0
    endloop
  endfacet
  facet normal 0 0 -1
    outer loop
      vertex 63 -21.2744 0
      vertex 37.8 -21.2744 0
      vertex 42.9962 -18.2744 0
    endloop
  endfacet
  facet normal 0 0 -1
    outer loop
      vertex 30.3962 -11 0
      vertex 32.6038 -12.2744 0
      vertex 32.6038 -18.2744 0
    endloop
  endfacet
  facet normal 0 0 -1
    outer loop
      vertex 32.6038 -12.2744 0
      vertex 30.3962 -11 0
      vertex 32.6038 -3.7256 0
    endloop
  endfacet
  facet normal 0 0 -1
    outer loop
      vertex 30.3962 -5 0
      vertex 32.6038 -3.7256 0
      vertex 30.3962 -11 0
    endloop
  endfacet
  facet normal 0 0 -1
    outer loop
      vertex 32.6038 -18.2744 0
      vertex 25.2 -14 0
      vertex 30.3962 -11 0
    endloop
  endfacet
  facet normal 0 0 -1
    outer loop
      vertex 17.7962 -18.2744 0
      vertex 32.6038 -18.2744 0
      vertex 37.8 -21.2744 0
    endloop
  endfacet
  facet normal 0 0 -1
    outer loop
      vertex 17.7962 -12.2744 0
      vertex 20.0038 -11 0
      vertex 17.7962 -18.2744 0
    endloop
  endfacet
  facet normal -0 0 -1
    outer loop
      vertex 25.2 -14 0
      vertex 17.7962 -18.2744 0
      vertex 20.0038 -11 0
    endloop
  endfacet
  facet normal 0 0 -1
    outer loop
      vertex 32.6038 -18.2744 0
      vertex 17.7962 -18.2744 0
      vertex 25.2 -14 0
    endloop
  endfacet
  facet normal 0 0 -1
    outer loop
      vertex 12.6 -21.2744 0
      vertex 37.8 -21.2744 0
      vertex 81.5 -31 0
    endloop
  endfacet
  facet normal 0 0 -1
    outer loop
      vertex 37.8 -21.2744 0
      vertex 12.6 -21.2744 0
      vertex 17.7962 -18.2744 0
    endloop
  endfacet
  facet normal 0 0 -1
    outer loop
      vertex 5.19615 -11 0
      vertex 7.40385 -12.2744 0
      vertex 7.40385 -18.2744 0
    endloop
  endfacet
  facet normal 0 0 -1
    outer loop
      vertex 7.40385 -12.2744 0
      vertex 5.19615 -11 0
      vertex 7.40385 -3.7256 0
    endloop
  endfacet
  facet normal 0 0 -1
    outer loop
      vertex 5.19615 -5 0
      vertex 7.40385 -3.7256 0
      vertex 5.19615 -11 0
    endloop
  endfacet
  facet normal 0 0 -1
    outer loop
      vertex 7.40385 -18.2744 0
      vertex 0 -14 0
      vertex 5.19615 -11 0
    endloop
  endfacet
  facet normal 0 0 -1
    outer loop
      vertex -7.40385 -18.2744 0
      vertex 7.40385 -18.2744 0
      vertex 12.6 -21.2744 0
    endloop
  endfacet
  facet normal 0 0 -1
    outer loop
      vertex -7.40385 -12.2744 0
      vertex -5.19615 -11 0
      vertex -7.40385 -18.2744 0
    endloop
  endfacet
  facet normal -0 0 -1
    outer loop
      vertex 0 -14 0
      vertex -7.40385 -18.2744 0
      vertex -5.19615 -11 0
    endloop
  endfacet
  facet normal 0 0 -1
    outer loop
      vertex 7.40385 -18.2744 0
      vertex -7.40385 -18.2744 0
      vertex 0 -14 0
    endloop
  endfacet
  facet normal 0 0 -1
    outer loop
      vertex 12.6 -21.2744 0
      vertex -12.6 -21.2744 0
      vertex -7.40385 -18.2744 0
    endloop
  endfacet
  facet normal 0 0 -1
    outer loop
      vertex 81.5 -31 0
      vertex -12.6 -21.2744 0
      vertex 12.6 -21.2744 0
    endloop
  endfacet
  facet normal 0 0 -1
    outer loop
      vertex -20.0038 -11 0
      vertex -17.7962 -12.2744 0
      vertex -17.7962 -18.2744 0
    endloop
  endfacet
  facet normal 0 0 -1
    outer loop
      vertex -17.7962 -12.2744 0
      vertex -20.0038 -11 0
      vertex -17.7962 -3.7256 0
    endloop
  endfacet
  facet normal 0 0 -1
    outer loop
      vertex -20.0038 -5 0
      vertex -17.7962 -3.7256 0
      vertex -20.0038 -11 0
    endloop
  endfacet
  facet normal 0 0 -1
    outer loop
      vertex -17.7962 -18.2744 0
      vertex -25.2 -14 0
      vertex -20.0038 -11 0
    endloop
  endfacet
  facet normal 0 0 -1
    outer loop
      vertex -32.6038 -18.2744 0
      vertex -17.7962 -18.2744 0
      vertex -12.6 -21.2744 0
    endloop
  endfacet
  facet normal 0 0 -1
    outer loop
      vertex -32.6038 -12.2744 0
      vertex -30.3962 -11 0
      vertex -32.6038 -18.2744 0
    endloop
  endfacet
  facet normal -0 0 -1
    outer loop
      vertex -25.2 -14 0
      vertex -32.6038 -18.2744 0
      vertex -30.3962 -11 0
    endloop
  endfacet
  facet normal 0 0 -1
    outer loop
      vertex -17.7962 -18.2744 0
      vertex -32.6038 -18.2744 0
      vertex -25.2 -14 0
    endloop
  endfacet
  facet normal 0 0 -1
    outer loop
      vertex -12.6 -21.2744 0
      vertex -37.8 -21.2744 0
      vertex -32.6038 -18.2744 0
    endloop
  endfacet
  facet normal 0 0 -1
    outer loop
      vertex -81.5 -31 0
      vertex -12.6 -21.2744 0
      vertex 81.5 -31 0
    endloop
  endfacet
  facet normal 0 0 -1
    outer loop
      vertex -45.2038 -11 0
      vertex -42.9962 -12.2744 0
      vertex -42.9962 -18.2744 0
    endloop
  endfacet
  facet normal 0 0 -1
    outer loop
      vertex -42.9962 -12.2744 0
      vertex -45.2038 -11 0
      vertex -42.9962 -3.7256 0
    endloop
  endfacet
  facet normal 0 0 -1
    outer loop
      vertex -45.2038 -5 0
      vertex -42.9962 -3.7256 0
      vertex -45.2038 -11 0
    endloop
  endfacet
  facet normal 0 0 -1
    outer loop
      vertex -42.9962 -18.2744 0
      vertex -50.4 -14 0
      vertex -45.2038 -11 0
    endloop
  endfacet
  facet normal 0 0 -1
    outer loop
      vertex -57.8038 -18.2744 0
      vertex -42.9962 -18.2744 0
      vertex -37.8 -21.2744 0
    endloop
  endfacet
  facet normal 0 0 -1
    outer loop
      vertex -57.8038 -12.2744 0
      vertex -55.5962 -11 0
      vertex -57.8038 -18.2744 0
    endloop
  endfacet
  facet normal -0 0 -1
    outer loop
      vertex -50.4 -14 0
      vertex -57.8038 -18.2744 0
      vertex -55.5962 -11 0
    endloop
  endfacet
  facet normal 0 0 -1
    outer loop
      vertex -42.9962 -18.2744 0
      vertex -57.8038 -18.2744 0
      vertex -50.4 -14 0
    endloop
  endfacet
  facet normal 0 0 -1
    outer loop
      vertex -37.8 -21.2744 0
      vertex -63 -21.2744 0
      vertex -57.8038 -18.2744 0
    endloop
  endfacet
  facet normal -0 0 -1
    outer loop
      vertex -12.6 -21.2744 0
      vertex -81.5 -31 0
      vertex -37.8 -21.2744 0
    endloop
  endfacet
  facet normal 0 0 -1
    outer loop
      vertex -81.5 -31 0
      vertex -68.1962 -12.2744 0
      vertex -68.1962 -18.2744 0
    endloop
  endfacet
  facet normal 0 0 -1
    outer loop
      vertex -68.1962 -12.2744 0
      vertex -73.5 -1.6 0
      vertex -68.1962 -3.7256 0
    endloop
  endfacet
  facet normal 0 -0 -1
    outer loop
      vertex -72.0744 -0.726384 0
      vertex -68.1962 -3.7256 0
      vertex -72.2056 -0.940456 0
    endloop
  endfacet
  facet normal 0 0 -1
    outer loop
      vertex -68.1962 2.2744 0
      vertex -71.9197 -0.250295 0
      vertex -71.9 0 0
    endloop
  endfacet
  facet normal 0 0 -1
    outer loop
      vertex -68.1962 -3.7256 0
      vertex -71.9197 -0.250295 0
      vertex -68.1962 2.2744 0
    endloop
  endfacet
  facet normal 0 -0 -1
    outer loop
      vertex -71.9197 -0.250295 0
      vertex -68.1962 -3.7256 0
      vertex -71.9783 -0.494427 0
    endloop
  endfacet
  facet normal 0 -0 -1
    outer loop
      vertex -71.9783 -0.494427 0
      vertex -68.1962 -3.7256 0
      vertex -72.0744 -0.726384 0
    endloop
  endfacet
  facet normal 0 0 -1
    outer loop
      vertex -68.1962 -3.7256 0
      vertex -72.3686 -1.13137 0
      vertex -72.2056 -0.940456 0
    endloop
  endfacet
  facet normal 0 0 -1
    outer loop
      vertex -68.1962 -3.7256 0
      vertex -72.5595 -1.29443 0
      vertex -72.3686 -1.13137 0
    endloop
  endfacet
  facet normal 0 0 -1
    outer loop
      vertex -68.1962 -3.7256 0
      vertex -72.7736 -1.42561 0
      vertex -72.5595 -1.29443 0
    endloop
  endfacet
  facet normal 0 0 -1
    outer loop
      vertex -68.1962 -3.7256 0
      vertex -73.0056 -1.52169 0
      vertex -72.7736 -1.42561 0
    endloop
  endfacet
  facet normal 0 0 -1
    outer loop
      vertex -68.1962 -3.7256 0
      vertex -73.2497 -1.5803 0
      vertex -73.0056 -1.52169 0
    endloop
  endfacet
  facet normal 0 0 -1
    outer loop
      vertex -68.1962 -3.7256 0
      vertex -73.5 -1.6 0
      vertex -73.2497 -1.5803 0
    endloop
  endfacet
  facet normal 0 0 -1
    outer loop
      vertex -68.1962 -12.2744 0
      vertex -73.7503 -1.5803 0
      vertex -73.5 -1.6 0
    endloop
  endfacet
  facet normal 0 0 -1
    outer loop
      vertex -68.1962 -12.2744 0
      vertex -73.9944 -1.52169 0
      vertex -73.7503 -1.5803 0
    endloop
  endfacet
  facet normal 0 0 -1
    outer loop
      vertex -68.1962 -12.2744 0
      vertex -74.2264 -1.42561 0
      vertex -73.9944 -1.52169 0
    endloop
  endfacet
  facet normal 0 0 -1
    outer loop
      vertex -68.1962 -12.2744 0
      vertex -74.4405 -1.29443 0
      vertex -74.2264 -1.42561 0
    endloop
  endfacet
  facet normal -0 0 -1
    outer loop
      vertex -68.1962 -12.2744 0
      vertex -81.5 -31 0
      vertex -74.4405 -1.29443 0
    endloop
  endfacet
  facet normal -0 0 -1
    outer loop
      vertex -74.4405 -1.29443 0
      vertex -81.5 -31 0
      vertex -74.6314 -1.13137 0
    endloop
  endfacet
  facet normal -0 0 -1
    outer loop
      vertex -74.6314 -1.13137 0
      vertex -81.5 -31 0
      vertex -74.7944 -0.940456 0
    endloop
  endfacet
  facet normal -0 0 -1
    outer loop
      vertex -74.7944 -0.940456 0
      vertex -81.5 -31 0
      vertex -74.9256 -0.726384 0
    endloop
  endfacet
  facet normal -0 0 -1
    outer loop
      vertex -75.0803 -0.250295 0
      vertex -81.5 -31 0
      vertex -75.1 0 0
    endloop
  endfacet
  facet normal -0 0 -1
    outer loop
      vertex -75.0217 -0.494427 0
      vertex -81.5 -31 0
      vertex -75.0803 -0.250295 0
    endloop
  endfacet
  facet normal -0 0 -1
    outer loop
      vertex -74.9256 -0.726384 0
      vertex -81.5 -31 0
      vertex -75.0217 -0.494427 0
    endloop
  endfacet
  facet normal -0 0 -1
    outer loop
      vertex -63 -21.2744 0
      vertex -81.5 -31 0
      vertex -68.1962 -18.2744 0
    endloop
  endfacet
  facet normal -0 0 -1
    outer loop
      vertex -37.8 -21.2744 0
      vertex -81.5 -31 0
      vertex -63 -21.2744 0
    endloop
  endfacet
  facet normal 0 0 -1
    outer loop
      vertex 75.0803 0.250295 0
      vertex 81.5 31 0
      vertex 75.1 0 0
    endloop
  endfacet
  facet normal 0 0 -1
    outer loop
      vertex 75.0217 0.494427 0
      vertex 81.5 31 0
      vertex 75.0803 0.250295 0
    endloop
  endfacet
  facet normal 0 0 -1
    outer loop
      vertex 74.9256 0.726384 0
      vertex 81.5 31 0
      vertex 75.0217 0.494427 0
    endloop
  endfacet
  facet normal 0 0 -1
    outer loop
      vertex 74.7944 0.940456 0
      vertex 81.5 31 0
      vertex 74.9256 0.726384 0
    endloop
  endfacet
  facet normal 0 0 -1
    outer loop
      vertex 74.6314 1.13137 0
      vertex 81.5 31 0
      vertex 74.7944 0.940456 0
    endloop
  endfacet
  facet normal 0 0 -1
    outer loop
      vertex 74.4405 1.29443 0
      vertex 81.5 31 0
      vertex 74.6314 1.13137 0
    endloop
  endfacet
  facet normal 0 0 -1
    outer loop
      vertex 74.2264 1.42561 0
      vertex 81.5 31 0
      vertex 74.4405 1.29443 0
    endloop
  endfacet
  facet normal 0 0 -1
    outer loop
      vertex 73.9944 1.52169 0
      vertex 81.5 31 0
      vertex 74.2264 1.42561 0
    endloop
  endfacet
  facet normal 0 0 -1
    outer loop
      vertex 73.7503 1.5803 0
      vertex 81.5 31 0
      vertex 73.9944 1.52169 0
    endloop
  endfacet
  facet normal 0 0 -1
    outer loop
      vertex 73.5 1.6 0
      vertex 81.5 31 0
      vertex 73.7503 1.5803 0
    endloop
  endfacet
  facet normal 0 0 -1
    outer loop
      vertex 68.1962 2.2744 0
      vertex 73.5 1.6 0
      vertex 73.2497 1.5803 0
    endloop
  endfacet
  facet normal 0 0 -1
    outer loop
      vertex 68.1962 2.2744 0
      vertex 73.2497 1.5803 0
      vertex 73.0056 1.52169 0
    endloop
  endfacet
  facet normal 0 0 -1
    outer loop
      vertex 68.1962 2.2744 0
      vertex 73.0056 1.52169 0
      vertex 72.7736 1.42561 0
    endloop
  endfacet
  facet normal 0 0 -1
    outer loop
      vertex 68.1962 2.2744 0
      vertex 72.7736 1.42561 0
      vertex 72.5595 1.29443 0
    endloop
  endfacet
  facet normal 0 0 -1
    outer loop
      vertex 68.1962 2.2744 0
      vertex 72.5595 1.29443 0
      vertex 72.3686 1.13137 0
    endloop
  endfacet
  facet normal 0 0 -1
    outer loop
      vertex 68.1962 2.2744 0
      vertex 72.3686 1.13137 0
      vertex 72.2056 0.940456 0
    endloop
  endfacet
  facet normal 0 0 -1
    outer loop
      vertex 68.1962 2.2744 0
      vertex 72.2056 0.940456 0
      vertex 72.0744 0.726384 0
    endloop
  endfacet
  facet normal 0 0 -1
    outer loop
      vertex 68.1962 2.2744 0
      vertex 72.0744 0.726384 0
      vertex 71.9783 0.494427 0
    endloop
  endfacet
  facet normal -0 0 -1
    outer loop
      vertex 71.9783 -0.494427 0
      vertex 68.1962 -3.7256 0
      vertex 71.9197 -0.250295 0
    endloop
  endfacet
  facet normal 0 0 -1
    outer loop
      vertex 68.1962 2.2744 0
      vertex 71.9197 -0.250295 0
      vertex 68.1962 -3.7256 0
    endloop
  endfacet
  facet normal 0 0 -1
    outer loop
      vertex 71.9197 -0.250295 0
      vertex 68.1962 2.2744 0
      vertex 71.9 0 0
    endloop
  endfacet
  facet normal 0 0 -1
    outer loop
      vertex 71.9 0 0
      vertex 68.1962 2.2744 0
      vertex 71.9197 0.250295 0
    endloop
  endfacet
  facet normal 0 0 -1
    outer loop
      vertex 71.9197 0.250295 0
      vertex 68.1962 2.2744 0
      vertex 71.9783 0.494427 0
    endloop
  endfacet
  facet normal 0 0 -1
    outer loop
      vertex 73.5 1.6 0
      vertex 68.1962 2.2744 0
      vertex 63 5.2744 0
    endloop
  endfacet
  facet normal 0 0 -1
    outer loop
      vertex 73.5 1.6 0
      vertex 63 5.2744 0
      vertex 81.5 31 0
    endloop
  endfacet
  facet normal 0 0 -1
    outer loop
      vertex 37.8 5.2744 0
      vertex 63 5.2744 0
      vertex 57.8038 2.2744 0
    endloop
  endfacet
  facet normal -0 0 -1
    outer loop
      vertex 57.8038 -3.7256 0
      vertex 55.5962 -5 0
      vertex 57.8038 2.2744 0
    endloop
  endfacet
  facet normal 0 0 -1
    outer loop
      vertex 50.4 -2 0
      vertex 57.8038 2.2744 0
      vertex 55.5962 -5 0
    endloop
  endfacet
  facet normal 0 0 -1
    outer loop
      vertex 42.9962 2.2744 0
      vertex 57.8038 2.2744 0
      vertex 50.4 -2 0
    endloop
  endfacet
  facet normal 0 0 -1
    outer loop
      vertex 42.9962 2.2744 0
      vertex 50.4 -2 0
      vertex 45.2038 -5 0
    endloop
  endfacet
  facet normal -0 0 -1
    outer loop
      vertex 45.2038 -11 0
      vertex 42.9962 -12.2744 0
      vertex 45.2038 -5 0
    endloop
  endfacet
  facet normal 0 0 -1
    outer loop
      vertex 42.9962 -3.7256 0
      vertex 45.2038 -5 0
      vertex 42.9962 -12.2744 0
    endloop
  endfacet
  facet normal 0 0 -1
    outer loop
      vertex 42.9962 2.2744 0
      vertex 45.2038 -5 0
      vertex 42.9962 -3.7256 0
    endloop
  endfacet
  facet normal 0 0 -1
    outer loop
      vertex 37.8 5.2744 0
      vertex 57.8038 2.2744 0
      vertex 42.9962 2.2744 0
    endloop
  endfacet
  facet normal 0 0 -1
    outer loop
      vertex 63 5.2744 0
      vertex 37.8 5.2744 0
      vertex 81.5 31 0
    endloop
  endfacet
  facet normal 0 0 -1
    outer loop
      vertex 12.6 5.2744 0
      vertex 37.8 5.2744 0
      vertex 32.6038 2.2744 0
    endloop
  endfacet
  facet normal -0 0 -1
    outer loop
      vertex 32.6038 -3.7256 0
      vertex 30.3962 -5 0
      vertex 32.6038 2.2744 0
    endloop
  endfacet
  facet normal 0 0 -1
    outer loop
      vertex 25.2 -2 0
      vertex 32.6038 2.2744 0
      vertex 30.3962 -5 0
    endloop
  endfacet
  facet normal 0 0 -1
    outer loop
      vertex 17.7962 2.2744 0
      vertex 32.6038 2.2744 0
      vertex 25.2 -2 0
    endloop
  endfacet
  facet normal 0 0 -1
    outer loop
      vertex 17.7962 2.2744 0
      vertex 25.2 -2 0
      vertex 20.0038 -5 0
    endloop
  endfacet
  facet normal -0 0 -1
    outer loop
      vertex 20.0038 -11 0
      vertex 17.7962 -12.2744 0
      vertex 20.0038 -5 0
    endloop
  endfacet
  facet normal 0 0 -1
    outer loop
      vertex 17.7962 -3.7256 0
      vertex 20.0038 -5 0
      vertex 17.7962 -12.2744 0
    endloop
  endfacet
  facet normal 0 0 -1
    outer loop
      vertex 17.7962 2.2744 0
      vertex 20.0038 -5 0
      vertex 17.7962 -3.7256 0
    endloop
  endfacet
  facet normal 0 0 -1
    outer loop
      vertex 12.6 5.2744 0
      vertex 32.6038 2.2744 0
      vertex 17.7962 2.2744 0
    endloop
  endfacet
  facet normal 0 0 -1
    outer loop
      vertex 37.8 5.2744 0
      vertex 12.6 5.2744 0
      vertex 81.5 31 0
    endloop
  endfacet
  facet normal -0 0 -1
    outer loop
      vertex 7.40385 -3.7256 0
      vertex 5.19615 -5 0
      vertex 7.40385 2.2744 0
    endloop
  endfacet
  facet normal 0 0 -1
    outer loop
      vertex 0 -2 0
      vertex 7.40385 2.2744 0
      vertex 5.19615 -5 0
    endloop
  endfacet
  facet normal 0 0 -1
    outer loop
      vertex -7.40385 2.2744 0
      vertex 7.40385 2.2744 0
      vertex 0 -2 0
    endloop
  endfacet
  facet normal -0 0 -1
    outer loop
      vertex -5.19615 -11 0
      vertex -7.40385 -12.2744 0
      vertex -5.19615 -5 0
    endloop
  endfacet
  facet normal 0 0 -1
    outer loop
      vertex -7.40385 -3.7256 0
      vertex -5.19615 -5 0
      vertex -7.40385 -12.2744 0
    endloop
  endfacet
  facet normal 0 0 -1
    outer loop
      vertex -7.40385 -3.7256 0
      vertex 0 -2 0
      vertex -5.19615 -5 0
    endloop
  endfacet
  facet normal 0 0 -1
    outer loop
      vertex -7.40385 2.2744 0
      vertex 0 -2 0
      vertex -7.40385 -3.7256 0
    endloop
  endfacet
  facet normal 0 0 -1
    outer loop
      vertex 7.40385 2.2744 0
      vertex -7.40385 2.2744 0
      vertex 12.6 5.2744 0
    endloop
  endfacet
  facet normal 0 0 -1
    outer loop
      vertex -12.6 5.2744 0
      vertex 12.6 5.2744 0
      vertex -7.40385 2.2744 0
    endloop
  endfacet
  facet normal 0 0 -1
    outer loop
      vertex 12.6 5.2744 0
      vertex -12.6 5.2744 0
      vertex 81.5 31 0
    endloop
  endfacet
  facet normal -0 0 -1
    outer loop
      vertex -17.7962 -3.7256 0
      vertex -20.0038 -5 0
      vertex -17.7962 2.2744 0
    endloop
  endfacet
  facet normal 0 0 -1
    outer loop
      vertex -25.2 -2 0
      vertex -17.7962 2.2744 0
      vertex -20.0038 -5 0
    endloop
  endfacet
  facet normal 0 0 -1
    outer loop
      vertex -32.6038 2.2744 0
      vertex -17.7962 2.2744 0
      vertex -25.2 -2 0
    endloop
  endfacet
  facet normal -0 0 -1
    outer loop
      vertex -30.3962 -11 0
      vertex -32.6038 -12.2744 0
      vertex -30.3962 -5 0
    endloop
  endfacet
  facet normal 0 0 -1
    outer loop
      vertex -32.6038 -3.7256 0
      vertex -30.3962 -5 0
      vertex -32.6038 -12.2744 0
    endloop
  endfacet
  facet normal 0 0 -1
    outer loop
      vertex -32.6038 -3.7256 0
      vertex -25.2 -2 0
      vertex -30.3962 -5 0
    endloop
  endfacet
  facet normal 0 0 -1
    outer loop
      vertex -32.6038 2.2744 0
      vertex -25.2 -2 0
      vertex -32.6038 -3.7256 0
    endloop
  endfacet
  facet normal 0 0 -1
    outer loop
      vertex -17.7962 2.2744 0
      vertex -32.6038 2.2744 0
      vertex -12.6 5.2744 0
    endloop
  endfacet
  facet normal 0 0 -1
    outer loop
      vertex -37.8 5.2744 0
      vertex -12.6 5.2744 0
      vertex -32.6038 2.2744 0
    endloop
  endfacet
  facet normal 0 0 -1
    outer loop
      vertex -81.5 31 0
      vertex -12.6 5.2744 0
      vertex -37.8 5.2744 0
    endloop
  endfacet
  facet normal -0 0 -1
    outer loop
      vertex -42.9962 -3.7256 0
      vertex -45.2038 -5 0
      vertex -42.9962 2.2744 0
    endloop
  endfacet
  facet normal 0 0 -1
    outer loop
      vertex -50.4 -2 0
      vertex -42.9962 2.2744 0
      vertex -45.2038 -5 0
    endloop
  endfacet
  facet normal 0 0 -1
    outer loop
      vertex -57.8038 2.2744 0
      vertex -42.9962 2.2744 0
      vertex -50.4 -2 0
    endloop
  endfacet
  facet normal -0 0 -1
    outer loop
      vertex -55.5962 -11 0
      vertex -57.8038 -12.2744 0
      vertex -55.5962 -5 0
    endloop
  endfacet
  facet normal 0 0 -1
    outer loop
      vertex -57.8038 -3.7256 0
      vertex -55.5962 -5 0
      vertex -57.8038 -12.2744 0
    endloop
  endfacet
  facet normal 0 0 -1
    outer loop
      vertex -57.8038 -3.7256 0
      vertex -50.4 -2 0
      vertex -55.5962 -5 0
    endloop
  endfacet
  facet normal 0 0 -1
    outer loop
      vertex -57.8038 2.2744 0
      vertex -50.4 -2 0
      vertex -57.8038 -3.7256 0
    endloop
  endfacet
  facet normal 0 0 -1
    outer loop
      vertex -42.9962 2.2744 0
      vertex -57.8038 2.2744 0
      vertex -37.8 5.2744 0
    endloop
  endfacet
  facet normal 0 0 -1
    outer loop
      vertex -63 5.2744 0
      vertex -37.8 5.2744 0
      vertex -57.8038 2.2744 0
    endloop
  endfacet
  facet normal 0 0 -1
    outer loop
      vertex -37.8 5.2744 0
      vertex -63 5.2744 0
      vertex -81.5 31 0
    endloop
  endfacet
  facet normal 0 0 -1
    outer loop
      vertex -71.9197 0.250295 0
      vertex -68.1962 2.2744 0
      vertex -71.9 0 0
    endloop
  endfacet
  facet normal 0 0 -1
    outer loop
      vertex -71.9783 0.494427 0
      vertex -68.1962 2.2744 0
      vertex -71.9197 0.250295 0
    endloop
  endfacet
  facet normal 0 0 -1
    outer loop
      vertex -72.0744 0.726384 0
      vertex -68.1962 2.2744 0
      vertex -71.9783 0.494427 0
    endloop
  endfacet
  facet normal 0 0 -1
    outer loop
      vertex -72.2056 0.940456 0
      vertex -68.1962 2.2744 0
      vertex -72.0744 0.726384 0
    endloop
  endfacet
  facet normal 0 0 -1
    outer loop
      vertex -72.3686 1.13137 0
      vertex -68.1962 2.2744 0
      vertex -72.2056 0.940456 0
    endloop
  endfacet
  facet normal 0 0 -1
    outer loop
      vertex -72.5595 1.29443 0
      vertex -68.1962 2.2744 0
      vertex -72.3686 1.13137 0
    endloop
  endfacet
  facet normal 0 0 -1
    outer loop
      vertex -72.7736 1.42561 0
      vertex -68.1962 2.2744 0
      vertex -72.5595 1.29443 0
    endloop
  endfacet
  facet normal 0 0 -1
    outer loop
      vertex -73.0056 1.52169 0
      vertex -68.1962 2.2744 0
      vertex -72.7736 1.42561 0
    endloop
  endfacet
  facet normal 0 0 -1
    outer loop
      vertex -73.2497 1.5803 0
      vertex -68.1962 2.2744 0
      vertex -73.0056 1.52169 0
    endloop
  endfacet
  facet normal 0 0 -1
    outer loop
      vertex -73.5 1.6 0
      vertex -68.1962 2.2744 0
      vertex -73.2497 1.5803 0
    endloop
  endfacet
  facet normal -0 0 -1
    outer loop
      vertex -68.1962 2.2744 0
      vertex -73.5 1.6 0
      vertex -63 5.2744 0
    endloop
  endfacet
  facet normal 0 0 -1
    outer loop
      vertex -81.5 31 0
      vertex -73.5 1.6 0
      vertex -73.7503 1.5803 0
    endloop
  endfacet
  facet normal 0 0 -1
    outer loop
      vertex -81.5 31 0
      vertex -73.7503 1.5803 0
      vertex -73.9944 1.52169 0
    endloop
  endfacet
  facet normal 0 0 -1
    outer loop
      vertex -81.5 31 0
      vertex -75.1 0 0
      vertex -81.5 -31 0
    endloop
  endfacet
  facet normal 0 0 -1
    outer loop
      vertex -12.6 5.2744 0
      vertex -81.5 31 0
      vertex 81.5 31 0
    endloop
  endfacet
  facet normal 0 0 -1
    outer loop
      vertex -73.5 1.6 0
      vertex -81.5 31 0
      vertex -63 5.2744 0
    endloop
  endfacet
  facet normal 0 0 -1
    outer loop
      vertex -74.2264 1.42561 0
      vertex -81.5 31 0
      vertex -73.9944 1.52169 0
    endloop
  endfacet
  facet normal 0 0 -1
    outer loop
      vertex -74.4405 1.29443 0
      vertex -81.5 31 0
      vertex -74.2264 1.42561 0
    endloop
  endfacet
  facet normal 0 0 -1
    outer loop
      vertex -74.6314 1.13137 0
      vertex -81.5 31 0
      vertex -74.4405 1.29443 0
    endloop
  endfacet
  facet normal 0 0 -1
    outer loop
      vertex -74.7944 0.940456 0
      vertex -81.5 31 0
      vertex -74.6314 1.13137 0
    endloop
  endfacet
  facet normal 0 0 -1
    outer loop
      vertex -74.9256 0.726384 0
      vertex -81.5 31 0
      vertex -74.7944 0.940456 0
    endloop
  endfacet
  facet normal 0 0 -1
    outer loop
      vertex -75.0217 0.494427 0
      vertex -81.5 31 0
      vertex -74.9256 0.726384 0
    endloop
  endfacet
  facet normal 0 0 -1
    outer loop
      vertex -75.0803 0.250295 0
      vertex -81.5 31 0
      vertex -75.0217 0.494427 0
    endloop
  endfacet
  facet normal 0 0 -1
    outer loop
      vertex -75.1 0 0
      vertex -81.5 31 0
      vertex -75.0803 0.250295 0
    endloop
  endfacet
  facet normal 0 -1 0
    outer loop
      vertex -81.5 -31 0
      vertex 81.5 -31 3
      vertex -81.5 -31 3
    endloop
  endfacet
  facet normal 0 -1 -0
    outer loop
      vertex 81.5 -31 3
      vertex -81.5 -31 0
      vertex 81.5 -31 0
    endloop
  endfacet
  facet normal -0.499997 -0.866027 0
    outer loop
      vertex -63 -9.2744 0
      vertex -57.8038 -12.2744 3
      vertex -63 -9.2744 3
    endloop
  endfacet
  facet normal -0.499997 -0.866027 -0
    outer loop
      vertex -57.8038 -12.2744 3
      vertex -63 -9.2744 0
      vertex -57.8038 -12.2744 0
    endloop
  endfacet
  facet normal 0.499997 0.866027 -0
    outer loop
      vertex -63 -21.2744 0
      vertex -68.1962 -18.2744 3
      vertex -63 -21.2744 3
    endloop
  endfacet
  facet normal 0.499997 0.866027 0
    outer loop
      vertex -68.1962 -18.2744 3
      vertex -63 -21.2744 0
      vertex -68.1962 -18.2744 0
    endloop
  endfacet
  facet normal 0.499997 -0.866027 0
    outer loop
      vertex -68.1962 -12.2744 0
      vertex -63 -9.2744 3
      vertex -68.1962 -12.2744 3
    endloop
  endfacet
  facet normal 0.499997 -0.866027 0
    outer loop
      vertex -63 -9.2744 3
      vertex -68.1962 -12.2744 0
      vertex -63 -9.2744 0
    endloop
  endfacet
  facet normal -0.499997 0.866027 0
    outer loop
      vertex -57.8038 -18.2744 0
      vertex -63 -21.2744 3
      vertex -57.8038 -18.2744 3
    endloop
  endfacet
  facet normal -0.499997 0.866027 0
    outer loop
      vertex -63 -21.2744 3
      vertex -57.8038 -18.2744 0
      vertex -63 -21.2744 0
    endloop
  endfacet
  facet normal 1 -0 0
    outer loop
      vertex -68.1962 -18.2744 3
      vertex -68.1962 -12.2744 0
      vertex -68.1962 -12.2744 3
    endloop
  endfacet
  facet normal 1 0 0
    outer loop
      vertex -68.1962 -12.2744 0
      vertex -68.1962 -18.2744 3
      vertex -68.1962 -18.2744 0
    endloop
  endfacet
  facet normal -1 0 0
    outer loop
      vertex -57.8038 -18.2744 0
      vertex -57.8038 -12.2744 3
      vertex -57.8038 -12.2744 0
    endloop
  endfacet
  facet normal -1 -0 0
    outer loop
      vertex -57.8038 -12.2744 3
      vertex -57.8038 -18.2744 0
      vertex -57.8038 -18.2744 3
    endloop
  endfacet
  facet normal -0.499997 -0.866027 0
    outer loop
      vertex -63 5.2744 0
      vertex -57.8038 2.2744 3
      vertex -63 5.2744 3
    endloop
  endfacet
  facet normal -0.499997 -0.866027 -0
    outer loop
      vertex -57.8038 2.2744 3
      vertex -63 5.2744 0
      vertex -57.8038 2.2744 0
    endloop
  endfacet
  facet normal 0.499997 -0.866027 0
    outer loop
      vertex -68.1962 2.2744 0
      vertex -63 5.2744 3
      vertex -68.1962 2.2744 3
    endloop
  endfacet
  facet normal 0.499997 -0.866027 0
    outer loop
      vertex -63 5.2744 3
      vertex -68.1962 2.2744 0
      vertex -63 5.2744 0
    endloop
  endfacet
  facet normal -0.499997 0.866027 0
    outer loop
      vertex -57.8038 -3.7256 0
      vertex -63 -6.7256 3
      vertex -57.8038 -3.7256 3
    endloop
  endfacet
  facet normal -0.499997 0.866027 0
    outer loop
      vertex -63 -6.7256 3
      vertex -57.8038 -3.7256 0
      vertex -63 -6.7256 0
    endloop
  endfacet
  facet normal 1 -0 0
    outer loop
      vertex -68.1962 -3.7256 3
      vertex -68.1962 2.2744 0
      vertex -68.1962 2.2744 3
    endloop
  endfacet
  facet normal 1 0 0
    outer loop
      vertex -68.1962 2.2744 0
      vertex -68.1962 -3.7256 3
      vertex -68.1962 -3.7256 0
    endloop
  endfacet
  facet normal 0.499997 0.866027 -0
    outer loop
      vertex -63 -6.7256 0
      vertex -68.1962 -3.7256 3
      vertex -63 -6.7256 3
    endloop
  endfacet
  facet normal 0.499997 0.866027 0
    outer loop
      vertex -68.1962 -3.7256 3
      vertex -63 -6.7256 0
      vertex -68.1962 -3.7256 0
    endloop
  endfacet
  facet normal -1 0 0
    outer loop
      vertex -57.8038 -3.7256 0
      vertex -57.8038 2.2744 3
      vertex -57.8038 2.2744 0
    endloop
  endfacet
  facet normal -1 -0 0
    outer loop
      vertex -57.8038 2.2744 3
      vertex -57.8038 -3.7256 0
      vertex -57.8038 -3.7256 3
    endloop
  endfacet
  facet normal -0.499997 -0.866027 0
    outer loop
      vertex -37.8 -9.2744 0
      vertex -32.6038 -12.2744 3
      vertex -37.8 -9.2744 3
    endloop
  endfacet
  facet normal -0.499997 -0.866027 -0
    outer loop
      vertex -32.6038 -12.2744 3
      vertex -37.8 -9.2744 0
      vertex -32.6038 -12.2744 0
    endloop
  endfacet
  facet normal 1 -0 0
    outer loop
      vertex -42.9962 -18.2744 3
      vertex -42.9962 -12.2744 0
      vertex -42.9962 -12.2744 3
    endloop
  endfacet
  facet normal 1 0 0
    outer loop
      vertex -42.9962 -12.2744 0
      vertex -42.9962 -18.2744 3
      vertex -42.9962 -18.2744 0
    endloop
  endfacet
  facet normal 0.499997 -0.866027 0
    outer loop
      vertex -42.9962 -12.2744 0
      vertex -37.8 -9.2744 3
      vertex -42.9962 -12.2744 3
    endloop
  endfacet
  facet normal 0.499997 -0.866027 0
    outer loop
      vertex -37.8 -9.2744 3
      vertex -42.9962 -12.2744 0
      vertex -37.8 -9.2744 0
    endloop
  endfacet
  facet normal -0.499997 0.866027 0
    outer loop
      vertex -32.6038 -18.2744 0
      vertex -37.8 -21.2744 3
      vertex -32.6038 -18.2744 3
    endloop
  endfacet
  facet normal -0.499997 0.866027 0
    outer loop
      vertex -37.8 -21.2744 3
      vertex -32.6038 -18.2744 0
      vertex -37.8 -21.2744 0
    endloop
  endfacet
  facet normal 0.499997 0.866027 -0
    outer loop
      vertex -37.8 -21.2744 0
      vertex -42.9962 -18.2744 3
      vertex -37.8 -21.2744 3
    endloop
  endfacet
  facet normal 0.499997 0.866027 0
    outer loop
      vertex -42.9962 -18.2744 3
      vertex -37.8 -21.2744 0
      vertex -42.9962 -18.2744 0
    endloop
  endfacet
  facet normal -1 0 0
    outer loop
      vertex -32.6038 -18.2744 0
      vertex -32.6038 -12.2744 3
      vertex -32.6038 -12.2744 0
    endloop
  endfacet
  facet normal -1 -0 0
    outer loop
      vertex -32.6038 -12.2744 3
      vertex -32.6038 -18.2744 0
      vertex -32.6038 -18.2744 3
    endloop
  endfacet
  facet normal -0.499997 -0.866027 0
    outer loop
      vertex -37.8 5.2744 0
      vertex -32.6038 2.2744 3
      vertex -37.8 5.2744 3
    endloop
  endfacet
  facet normal -0.499997 -0.866027 -0
    outer loop
      vertex -32.6038 2.2744 3
      vertex -37.8 5.2744 0
      vertex -32.6038 2.2744 0
    endloop
  endfacet
  facet normal 1 -0 0
    outer loop
      vertex -42.9962 -3.7256 3
      vertex -42.9962 2.2744 0
      vertex -42.9962 2.2744 3
    endloop
  endfacet
  facet normal 1 0 0
    outer loop
      vertex -42.9962 2.2744 0
      vertex -42.9962 -3.7256 3
      vertex -42.9962 -3.7256 0
    endloop
  endfacet
  facet normal 0.499997 -0.866027 0
    outer loop
      vertex -42.9962 2.2744 0
      vertex -37.8 5.2744 3
      vertex -42.9962 2.2744 3
    endloop
  endfacet
  facet normal 0.499997 -0.866027 0
    outer loop
      vertex -37.8 5.2744 3
      vertex -42.9962 2.2744 0
      vertex -37.8 5.2744 0
    endloop
  endfacet
  facet normal 0.499997 0.866027 -0
    outer loop
      vertex -37.8 -6.7256 0
      vertex -42.9962 -3.7256 3
      vertex -37.8 -6.7256 3
    endloop
  endfacet
  facet normal 0.499997 0.866027 0
    outer loop
      vertex -42.9962 -3.7256 3
      vertex -37.8 -6.7256 0
      vertex -42.9962 -3.7256 0
    endloop
  endfacet
  facet normal -0.499997 0.866027 0
    outer loop
      vertex -32.6038 -3.7256 0
      vertex -37.8 -6.7256 3
      vertex -32.6038 -3.7256 3
    endloop
  endfacet
  facet normal -0.499997 0.866027 0
    outer loop
      vertex -37.8 -6.7256 3
      vertex -32.6038 -3.7256 0
      vertex -37.8 -6.7256 0
    endloop
  endfacet
  facet normal -1 0 0
    outer loop
      vertex -32.6038 -3.7256 0
      vertex -32.6038 2.2744 3
      vertex -32.6038 2.2744 0
    endloop
  endfacet
  facet normal -1 -0 0
    outer loop
      vertex -32.6038 2.2744 3
      vertex -32.6038 -3.7256 0
      vertex -32.6038 -3.7256 3
    endloop
  endfacet
  facet normal -0.5 -0.866025 0
    outer loop
      vertex -12.6 -9.2744 0
      vertex -7.40385 -12.2744 3
      vertex -12.6 -9.2744 3
    endloop
  endfacet
  facet normal -0.5 -0.866025 -0
    outer loop
      vertex -7.40385 -12.2744 3
      vertex -12.6 -9.2744 0
      vertex -7.40385 -12.2744 0
    endloop
  endfacet
  facet normal 1 -0 0
    outer loop
      vertex -17.7962 -18.2744 3
      vertex -17.7962 -12.2744 0
      vertex -17.7962 -12.2744 3
    endloop
  endfacet
  facet normal 1 0 0
    outer loop
      vertex -17.7962 -12.2744 0
      vertex -17.7962 -18.2744 3
      vertex -17.7962 -18.2744 0
    endloop
  endfacet
  facet normal 0.499997 -0.866027 0
    outer loop
      vertex -17.7962 -12.2744 0
      vertex -12.6 -9.2744 3
      vertex -17.7962 -12.2744 3
    endloop
  endfacet
  facet normal 0.499997 -0.866027 0
    outer loop
      vertex -12.6 -9.2744 3
      vertex -17.7962 -12.2744 0
      vertex -12.6 -9.2744 0
    endloop
  endfacet
  facet normal 0.499997 0.866027 -0
    outer loop
      vertex -12.6 -21.2744 0
      vertex -17.7962 -18.2744 3
      vertex -12.6 -21.2744 3
    endloop
  endfacet
  facet normal 0.499997 0.866027 0
    outer loop
      vertex -17.7962 -18.2744 3
      vertex -12.6 -21.2744 0
      vertex -17.7962 -18.2744 0
    endloop
  endfacet
  facet normal -1 0 0
    outer loop
      vertex -7.40385 -18.2744 0
      vertex -7.40385 -12.2744 3
      vertex -7.40385 -12.2744 0
    endloop
  endfacet
  facet normal -1 -0 0
    outer loop
      vertex -7.40385 -12.2744 3
      vertex -7.40385 -18.2744 0
      vertex -7.40385 -18.2744 3
    endloop
  endfacet
  facet normal -0.5 0.866025 0
    outer loop
      vertex -7.40385 -18.2744 0
      vertex -12.6 -21.2744 3
      vertex -7.40385 -18.2744 3
    endloop
  endfacet
  facet normal -0.5 0.866025 0
    outer loop
      vertex -12.6 -21.2744 3
      vertex -7.40385 -18.2744 0
      vertex -12.6 -21.2744 0
    endloop
  endfacet
  facet normal -0.5 -0.866025 0
    outer loop
      vertex -12.6 5.2744 0
      vertex -7.40385 2.2744 3
      vertex -12.6 5.2744 3
    endloop
  endfacet
  facet normal -0.5 -0.866025 -0
    outer loop
      vertex -7.40385 2.2744 3
      vertex -12.6 5.2744 0
      vertex -7.40385 2.2744 0
    endloop
  endfacet
  facet normal 1 -0 0
    outer loop
      vertex -17.7962 -3.7256 3
      vertex -17.7962 2.2744 0
      vertex -17.7962 2.2744 3
    endloop
  endfacet
  facet normal 1 0 0
    outer loop
      vertex -17.7962 2.2744 0
      vertex -17.7962 -3.7256 3
      vertex -17.7962 -3.7256 0
    endloop
  endfacet
  facet normal 0.499997 -0.866027 0
    outer loop
      vertex -17.7962 2.2744 0
      vertex -12.6 5.2744 3
      vertex -17.7962 2.2744 3
    endloop
  endfacet
  facet normal 0.499997 -0.866027 0
    outer loop
      vertex -12.6 5.2744 3
      vertex -17.7962 2.2744 0
      vertex -12.6 5.2744 0
    endloop
  endfacet
  facet normal 0.499997 0.866027 -0
    outer loop
      vertex -12.6 -6.7256 0
      vertex -17.7962 -3.7256 3
      vertex -12.6 -6.7256 3
    endloop
  endfacet
  facet normal 0.499997 0.866027 0
    outer loop
      vertex -17.7962 -3.7256 3
      vertex -12.6 -6.7256 0
      vertex -17.7962 -3.7256 0
    endloop
  endfacet
  facet normal -0.5 0.866025 0
    outer loop
      vertex -7.40385 -3.7256 0
      vertex -12.6 -6.7256 3
      vertex -7.40385 -3.7256 3
    endloop
  endfacet
  facet normal -0.5 0.866025 0
    outer loop
      vertex -12.6 -6.7256 3
      vertex -7.40385 -3.7256 0
      vertex -12.6 -6.7256 0
    endloop
  endfacet
  facet normal -1 0 0
    outer loop
      vertex -7.40385 -3.7256 0
      vertex -7.40385 2.2744 3
      vertex -7.40385 2.2744 0
    endloop
  endfacet
  facet normal -1 -0 0
    outer loop
      vertex -7.40385 2.2744 3
      vertex -7.40385 -3.7256 0
      vertex -7.40385 -3.7256 3
    endloop
  endfacet
  facet normal -0.499997 -0.866027 0
    outer loop
      vertex 12.6 -9.2744 0
      vertex 17.7962 -12.2744 3
      vertex 12.6 -9.2744 3
    endloop
  endfacet
  facet normal -0.499997 -0.866027 -0
    outer loop
      vertex 17.7962 -12.2744 3
      vertex 12.6 -9.2744 0
      vertex 17.7962 -12.2744 0
    endloop
  endfacet
  facet normal 1 -0 0
    outer loop
      vertex 7.40385 -18.2744 3
      vertex 7.40385 -12.2744 0
      vertex 7.40385 -12.2744 3
    endloop
  endfacet
  facet normal 1 0 0
    outer loop
      vertex 7.40385 -12.2744 0
      vertex 7.40385 -18.2744 3
      vertex 7.40385 -18.2744 0
    endloop
  endfacet
  facet normal 0.5 -0.866025 0
    outer loop
      vertex 7.40385 -12.2744 0
      vertex 12.6 -9.2744 3
      vertex 7.40385 -12.2744 3
    endloop
  endfacet
  facet normal 0.5 -0.866025 0
    outer loop
      vertex 12.6 -9.2744 3
      vertex 7.40385 -12.2744 0
      vertex 12.6 -9.2744 0
    endloop
  endfacet
  facet normal -1 0 0
    outer loop
      vertex 17.7962 -18.2744 0
      vertex 17.7962 -12.2744 3
      vertex 17.7962 -12.2744 0
    endloop
  endfacet
  facet normal -1 -0 0
    outer loop
      vertex 17.7962 -12.2744 3
      vertex 17.7962 -18.2744 0
      vertex 17.7962 -18.2744 3
    endloop
  endfacet
  facet normal -0.499997 0.866027 0
    outer loop
      vertex 17.7962 -18.2744 0
      vertex 12.6 -21.2744 3
      vertex 17.7962 -18.2744 3
    endloop
  endfacet
  facet normal -0.499997 0.866027 0
    outer loop
      vertex 12.6 -21.2744 3
      vertex 17.7962 -18.2744 0
      vertex 12.6 -21.2744 0
    endloop
  endfacet
  facet normal 0.5 0.866025 -0
    outer loop
      vertex 12.6 -21.2744 0
      vertex 7.40385 -18.2744 3
      vertex 12.6 -21.2744 3
    endloop
  endfacet
  facet normal 0.5 0.866025 0
    outer loop
      vertex 7.40385 -18.2744 3
      vertex 12.6 -21.2744 0
      vertex 7.40385 -18.2744 0
    endloop
  endfacet
  facet normal -0.499997 -0.866027 0
    outer loop
      vertex 12.6 5.2744 0
      vertex 17.7962 2.2744 3
      vertex 12.6 5.2744 3
    endloop
  endfacet
  facet normal -0.499997 -0.866027 -0
    outer loop
      vertex 17.7962 2.2744 3
      vertex 12.6 5.2744 0
      vertex 17.7962 2.2744 0
    endloop
  endfacet
  facet normal 1 -0 0
    outer loop
      vertex 7.40385 -3.7256 3
      vertex 7.40385 2.2744 0
      vertex 7.40385 2.2744 3
    endloop
  endfacet
  facet normal 1 0 0
    outer loop
      vertex 7.40385 2.2744 0
      vertex 7.40385 -3.7256 3
      vertex 7.40385 -3.7256 0
    endloop
  endfacet
  facet normal 0.5 -0.866025 0
    outer loop
      vertex 7.40385 2.2744 0
      vertex 12.6 5.2744 3
      vertex 7.40385 2.2744 3
    endloop
  endfacet
  facet normal 0.5 -0.866025 0
    outer loop
      vertex 12.6 5.2744 3
      vertex 7.40385 2.2744 0
      vertex 12.6 5.2744 0
    endloop
  endfacet
  facet normal -1 0 0
    outer loop
      vertex 17.7962 -3.7256 0
      vertex 17.7962 2.2744 3
      vertex 17.7962 2.2744 0
    endloop
  endfacet
  facet normal -1 -0 0
    outer loop
      vertex 17.7962 2.2744 3
      vertex 17.7962 -3.7256 0
      vertex 17.7962 -3.7256 3
    endloop
  endfacet
  facet normal -0.499997 0.866027 0
    outer loop
      vertex 17.7962 -3.7256 0
      vertex 12.6 -6.7256 3
      vertex 17.7962 -3.7256 3
    endloop
  endfacet
  facet normal -0.499997 0.866027 0
    outer loop
      vertex 12.6 -6.7256 3
      vertex 17.7962 -3.7256 0
      vertex 12.6 -6.7256 0
    endloop
  endfacet
  facet normal 0.5 0.866025 -0
    outer loop
      vertex 12.6 -6.7256 0
      vertex 7.40385 -3.7256 3
      vertex 12.6 -6.7256 3
    endloop
  endfacet
  facet normal 0.5 0.866025 0
    outer loop
      vertex 7.40385 -3.7256 3
      vertex 12.6 -6.7256 0
      vertex 7.40385 -3.7256 0
    endloop
  endfacet
  facet normal -0.499997 -0.866027 0
    outer loop
      vertex 37.8 -9.2744 0
      vertex 42.9962 -12.2744 3
      vertex 37.8 -9.2744 3
    endloop
  endfacet
  facet normal -0.499997 -0.866027 -0
    outer loop
      vertex 42.9962 -12.2744 3
      vertex 37.8 -9.2744 0
      vertex 42.9962 -12.2744 0
    endloop
  endfacet
  facet normal 0.499997 0.866027 -0
    outer loop
      vertex 37.8 -21.2744 0
      vertex 32.6038 -18.2744 3
      vertex 37.8 -21.2744 3
    endloop
  endfacet
  facet normal 0.499997 0.866027 0
    outer loop
      vertex 32.6038 -18.2744 3
      vertex 37.8 -21.2744 0
      vertex 32.6038 -18.2744 0
    endloop
  endfacet
  facet normal 0.499997 -0.866027 0
    outer loop
      vertex 32.6038 -12.2744 0
      vertex 37.8 -9.2744 3
      vertex 32.6038 -12.2744 3
    endloop
  endfacet
  facet normal 0.499997 -0.866027 0
    outer loop
      vertex 37.8 -9.2744 3
      vertex 32.6038 -12.2744 0
      vertex 37.8 -9.2744 0
    endloop
  endfacet
  facet normal 1 -0 0
    outer loop
      vertex 32.6038 -18.2744 3
      vertex 32.6038 -12.2744 0
      vertex 32.6038 -12.2744 3
    endloop
  endfacet
  facet normal 1 0 0
    outer loop
      vertex 32.6038 -12.2744 0
      vertex 32.6038 -18.2744 3
      vertex 32.6038 -18.2744 0
    endloop
  endfacet
  facet normal -1 0 0
    outer loop
      vertex 42.9962 -18.2744 0
      vertex 42.9962 -12.2744 3
      vertex 42.9962 -12.2744 0
    endloop
  endfacet
  facet normal -1 -0 0
    outer loop
      vertex 42.9962 -12.2744 3
      vertex 42.9962 -18.2744 0
      vertex 42.9962 -18.2744 3
    endloop
  endfacet
  facet normal -0.499997 0.866027 0
    outer loop
      vertex 42.9962 -18.2744 0
      vertex 37.8 -21.2744 3
      vertex 42.9962 -18.2744 3
    endloop
  endfacet
  facet normal -0.499997 0.866027 0
    outer loop
      vertex 37.8 -21.2744 3
      vertex 42.9962 -18.2744 0
      vertex 37.8 -21.2744 0
    endloop
  endfacet
  facet normal -0.499997 -0.866027 0
    outer loop
      vertex 37.8 5.2744 0
      vertex 42.9962 2.2744 3
      vertex 37.8 5.2744 3
    endloop
  endfacet
  facet normal -0.499997 -0.866027 -0
    outer loop
      vertex 42.9962 2.2744 3
      vertex 37.8 5.2744 0
      vertex 42.9962 2.2744 0
    endloop
  endfacet
  facet normal 0.499997 0.866027 -0
    outer loop
      vertex 37.8 -6.7256 0
      vertex 32.6038 -3.7256 3
      vertex 37.8 -6.7256 3
    endloop
  endfacet
  facet normal 0.499997 0.866027 0
    outer loop
      vertex 32.6038 -3.7256 3
      vertex 37.8 -6.7256 0
      vertex 32.6038 -3.7256 0
    endloop
  endfacet
  facet normal 0.499997 -0.866027 0
    outer loop
      vertex 32.6038 2.2744 0
      vertex 37.8 5.2744 3
      vertex 32.6038 2.2744 3
    endloop
  endfacet
  facet normal 0.499997 -0.866027 0
    outer loop
      vertex 37.8 5.2744 3
      vertex 32.6038 2.2744 0
      vertex 37.8 5.2744 0
    endloop
  endfacet
  facet normal 1 -0 0
    outer loop
      vertex 32.6038 -3.7256 3
      vertex 32.6038 2.2744 0
      vertex 32.6038 2.2744 3
    endloop
  endfacet
  facet normal 1 0 0
    outer loop
      vertex 32.6038 2.2744 0
      vertex 32.6038 -3.7256 3
      vertex 32.6038 -3.7256 0
    endloop
  endfacet
  facet normal -1 0 0
    outer loop
      vertex 42.9962 -3.7256 0
      vertex 42.9962 2.2744 3
      vertex 42.9962 2.2744 0
    endloop
  endfacet
  facet normal -1 -0 0
    outer loop
      vertex 42.9962 2.2744 3
      vertex 42.9962 -3.7256 0
      vertex 42.9962 -3.7256 3
    endloop
  endfacet
  facet normal -0.499997 0.866027 0
    outer loop
      vertex 42.9962 -3.7256 0
      vertex 37.8 -6.7256 3
      vertex 42.9962 -3.7256 3
    endloop
  endfacet
  facet normal -0.499997 0.866027 0
    outer loop
      vertex 37.8 -6.7256 3
      vertex 42.9962 -3.7256 0
      vertex 37.8 -6.7256 0
    endloop
  endfacet
  facet normal -0.499997 -0.866027 0
    outer loop
      vertex 63 -9.2744 0
      vertex 68.1962 -12.2744 3
      vertex 63 -9.2744 3
    endloop
  endfacet
  facet normal -0.499997 -0.866027 -0
    outer loop
      vertex 68.1962 -12.2744 3
      vertex 63 -9.2744 0
      vertex 68.1962 -12.2744 0
    endloop
  endfacet
  facet normal 1 -0 0
    outer loop
      vertex 57.8038 -18.2744 3
      vertex 57.8038 -12.2744 0
      vertex 57.8038 -12.2744 3
    endloop
  endfacet
  facet normal 1 0 0
    outer loop
      vertex 57.8038 -12.2744 0
      vertex 57.8038 -18.2744 3
      vertex 57.8038 -18.2744 0
    endloop
  endfacet
  facet normal 0.499997 -0.866027 0
    outer loop
      vertex 57.8038 -12.2744 0
      vertex 63 -9.2744 3
      vertex 57.8038 -12.2744 3
    endloop
  endfacet
  facet normal 0.499997 -0.866027 0
    outer loop
      vertex 63 -9.2744 3
      vertex 57.8038 -12.2744 0
      vertex 63 -9.2744 0
    endloop
  endfacet
  facet normal -0.499997 0.866027 0
    outer loop
      vertex 68.1962 -18.2744 0
      vertex 63 -21.2744 3
      vertex 68.1962 -18.2744 3
    endloop
  endfacet
  facet normal -0.499997 0.866027 0
    outer loop
      vertex 63 -21.2744 3
      vertex 68.1962 -18.2744 0
      vertex 63 -21.2744 0
    endloop
  endfacet
  facet normal 0.499997 0.866027 -0
    outer loop
      vertex 63 -21.2744 0
      vertex 57.8038 -18.2744 3
      vertex 63 -21.2744 3
    endloop
  endfacet
  facet normal 0.499997 0.866027 0
    outer loop
      vertex 57.8038 -18.2744 3
      vertex 63 -21.2744 0
      vertex 57.8038 -18.2744 0
    endloop
  endfacet
  facet normal -1 0 0
    outer loop
      vertex 68.1962 -18.2744 0
      vertex 68.1962 -12.2744 3
      vertex 68.1962 -12.2744 0
    endloop
  endfacet
  facet normal -1 -0 0
    outer loop
      vertex 68.1962 -12.2744 3
      vertex 68.1962 -18.2744 0
      vertex 68.1962 -18.2744 3
    endloop
  endfacet
  facet normal -0.499997 -0.866027 0
    outer loop
      vertex 63 5.2744 0
      vertex 68.1962 2.2744 3
      vertex 63 5.2744 3
    endloop
  endfacet
  facet normal -0.499997 -0.866027 -0
    outer loop
      vertex 68.1962 2.2744 3
      vertex 63 5.2744 0
      vertex 68.1962 2.2744 0
    endloop
  endfacet
  facet normal 1 -0 0
    outer loop
      vertex 57.8038 -3.7256 3
      vertex 57.8038 2.2744 0
      vertex 57.8038 2.2744 3
    endloop
  endfacet
  facet normal 1 0 0
    outer loop
      vertex 57.8038 2.2744 0
      vertex 57.8038 -3.7256 3
      vertex 57.8038 -3.7256 0
    endloop
  endfacet
  facet normal 0.499997 -0.866027 0
    outer loop
      vertex 57.8038 2.2744 0
      vertex 63 5.2744 3
      vertex 57.8038 2.2744 3
    endloop
  endfacet
  facet normal 0.499997 -0.866027 0
    outer loop
      vertex 63 5.2744 3
      vertex 57.8038 2.2744 0
      vertex 63 5.2744 0
    endloop
  endfacet
  facet normal -1 0 0
    outer loop
      vertex 68.1962 -3.7256 0
      vertex 68.1962 2.2744 3
      vertex 68.1962 2.2744 0
    endloop
  endfacet
  facet normal -1 -0 0
    outer loop
      vertex 68.1962 2.2744 3
      vertex 68.1962 -3.7256 0
      vertex 68.1962 -3.7256 3
    endloop
  endfacet
  facet normal -0.499997 0.866027 0
    outer loop
      vertex 68.1962 -3.7256 0
      vertex 63 -6.7256 3
      vertex 68.1962 -3.7256 3
    endloop
  endfacet
  facet normal -0.499997 0.866027 0
    outer loop
      vertex 63 -6.7256 3
      vertex 68.1962 -3.7256 0
      vertex 63 -6.7256 0
    endloop
  endfacet
  facet normal 0.499997 0.866027 -0
    outer loop
      vertex 63 -6.7256 0
      vertex 57.8038 -3.7256 3
      vertex 63 -6.7256 3
    endloop
  endfacet
  facet normal 0.499997 0.866027 0
    outer loop
      vertex 57.8038 -3.7256 3
      vertex 63 -6.7256 0
      vertex 57.8038 -3.7256 0
    endloop
  endfacet
  facet normal -0.499997 -0.866027 0
    outer loop
      vertex -50.4 -2 0
      vertex -45.2038 -5 3
      vertex -50.4 -2 3
    endloop
  endfacet
  facet normal -0.499997 -0.866027 -0
    outer loop
      vertex -45.2038 -5 3
      vertex -50.4 -2 0
      vertex -45.2038 -5 0
    endloop
  endfacet
  facet normal 1 -0 0
    outer loop
      vertex -55.5962 -11 3
      vertex -55.5962 -5 0
      vertex -55.5962 -5 3
    endloop
  endfacet
  facet normal 1 0 0
    outer loop
      vertex -55.5962 -5 0
      vertex -55.5962 -11 3
      vertex -55.5962 -11 0
    endloop
  endfacet
  facet normal 0.499997 -0.866027 0
    outer loop
      vertex -55.5962 -5 0
      vertex -50.4 -2 3
      vertex -55.5962 -5 3
    endloop
  endfacet
  facet normal 0.499997 -0.866027 0
    outer loop
      vertex -50.4 -2 3
      vertex -55.5962 -5 0
      vertex -50.4 -2 0
    endloop
  endfacet
  facet normal -1 0 0
    outer loop
      vertex -45.2038 -11 0
      vertex -45.2038 -5 3
      vertex -45.2038 -5 0
    endloop
  endfacet
  facet normal -1 -0 0
    outer loop
      vertex -45.2038 -5 3
      vertex -45.2038 -11 0
      vertex -45.2038 -11 3
    endloop
  endfacet
  facet normal -0.499997 0.866027 0
    outer loop
      vertex -45.2038 -11 0
      vertex -50.4 -14 3
      vertex -45.2038 -11 3
    endloop
  endfacet
  facet normal -0.499997 0.866027 0
    outer loop
      vertex -50.4 -14 3
      vertex -45.2038 -11 0
      vertex -50.4 -14 0
    endloop
  endfacet
  facet normal 0.499997 0.866027 -0
    outer loop
      vertex -50.4 -14 0
      vertex -55.5962 -11 3
      vertex -50.4 -14 3
    endloop
  endfacet
  facet normal 0.499997 0.866027 0
    outer loop
      vertex -55.5962 -11 3
      vertex -50.4 -14 0
      vertex -55.5962 -11 0
    endloop
  endfacet
  facet normal -0.499997 -0.866027 0
    outer loop
      vertex -25.2 -2 0
      vertex -20.0038 -5 3
      vertex -25.2 -2 3
    endloop
  endfacet
  facet normal -0.499997 -0.866027 -0
    outer loop
      vertex -20.0038 -5 3
      vertex -25.2 -2 0
      vertex -20.0038 -5 0
    endloop
  endfacet
  facet normal 0.499997 0.866027 -0
    outer loop
      vertex -25.2 -14 0
      vertex -30.3962 -11 3
      vertex -25.2 -14 3
    endloop
  endfacet
  facet normal 0.499997 0.866027 0
    outer loop
      vertex -30.3962 -11 3
      vertex -25.2 -14 0
      vertex -30.3962 -11 0
    endloop
  endfacet
  facet normal 0.499997 -0.866027 0
    outer loop
      vertex -30.3962 -5 0
      vertex -25.2 -2 3
      vertex -30.3962 -5 3
    endloop
  endfacet
  facet normal 0.499997 -0.866027 0
    outer loop
      vertex -25.2 -2 3
      vertex -30.3962 -5 0
      vertex -25.2 -2 0
    endloop
  endfacet
  facet normal 1 -0 0
    outer loop
      vertex -30.3962 -11 3
      vertex -30.3962 -5 0
      vertex -30.3962 -5 3
    endloop
  endfacet
  facet normal 1 0 0
    outer loop
      vertex -30.3962 -5 0
      vertex -30.3962 -11 3
      vertex -30.3962 -11 0
    endloop
  endfacet
  facet normal -1 0 0
    outer loop
      vertex -20.0038 -11 0
      vertex -20.0038 -5 3
      vertex -20.0038 -5 0
    endloop
  endfacet
  facet normal -1 -0 0
    outer loop
      vertex -20.0038 -5 3
      vertex -20.0038 -11 0
      vertex -20.0038 -11 3
    endloop
  endfacet
  facet normal -0.499997 0.866027 0
    outer loop
      vertex -20.0038 -11 0
      vertex -25.2 -14 3
      vertex -20.0038 -11 3
    endloop
  endfacet
  facet normal -0.499997 0.866027 0
    outer loop
      vertex -25.2 -14 3
      vertex -20.0038 -11 0
      vertex -25.2 -14 0
    endloop
  endfacet
  facet normal -0.5 -0.866025 0
    outer loop
      vertex 0 -2 0
      vertex 5.19615 -5 3
      vertex 0 -2 3
    endloop
  endfacet
  facet normal -0.5 -0.866025 -0
    outer loop
      vertex 5.19615 -5 3
      vertex 0 -2 0
      vertex 5.19615 -5 0
    endloop
  endfacet
  facet normal 1 -0 0
    outer loop
      vertex -5.19615 -11 3
      vertex -5.19615 -5 0
      vertex -5.19615 -5 3
    endloop
  endfacet
  facet normal 1 0 0
    outer loop
      vertex -5.19615 -5 0
      vertex -5.19615 -11 3
      vertex -5.19615 -11 0
    endloop
  endfacet
  facet normal 0.5 -0.866025 0
    outer loop
      vertex -5.19615 -5 0
      vertex 0 -2 3
      vertex -5.19615 -5 3
    endloop
  endfacet
  facet normal 0.5 -0.866025 0
    outer loop
      vertex 0 -2 3
      vertex -5.19615 -5 0
      vertex 0 -2 0
    endloop
  endfacet
  facet normal 0.5 0.866025 -0
    outer loop
      vertex 0 -14 0
      vertex -5.19615 -11 3
      vertex 0 -14 3
    endloop
  endfacet
  facet normal 0.5 0.866025 0
    outer loop
      vertex -5.19615 -11 3
      vertex 0 -14 0
      vertex -5.19615 -11 0
    endloop
  endfacet
  facet normal -0.5 0.866025 0
    outer loop
      vertex 5.19615 -11 0
      vertex 0 -14 3
      vertex 5.19615 -11 3
    endloop
  endfacet
  facet normal -0.5 0.866025 0
    outer loop
      vertex 0 -14 3
      vertex 5.19615 -11 0
      vertex 0 -14 0
    endloop
  endfacet
  facet normal -1 0 0
    outer loop
      vertex 5.19615 -11 0
      vertex 5.19615 -5 3
      vertex 5.19615 -5 0
    endloop
  endfacet
  facet normal -1 -0 0
    outer loop
      vertex 5.19615 -5 3
      vertex 5.19615 -11 0
      vertex 5.19615 -11 3
    endloop
  endfacet
  facet normal -0.499997 -0.866027 0
    outer loop
      vertex 25.2 -2 0
      vertex 30.3962 -5 3
      vertex 25.2 -2 3
    endloop
  endfacet
  facet normal -0.499997 -0.866027 -0
    outer loop
      vertex 30.3962 -5 3
      vertex 25.2 -2 0
      vertex 30.3962 -5 0
    endloop
  endfacet
  facet normal 1 -0 0
    outer loop
      vertex 20.0038 -11 3
      vertex 20.0038 -5 0
      vertex 20.0038 -5 3
    endloop
  endfacet
  facet normal 1 0 0
    outer loop
      vertex 20.0038 -5 0
      vertex 20.0038 -11 3
      vertex 20.0038 -11 0
    endloop
  endfacet
  facet normal 0.499997 -0.866027 0
    outer loop
      vertex 20.0038 -5 0
      vertex 25.2 -2 3
      vertex 20.0038 -5 3
    endloop
  endfacet
  facet normal 0.499997 -0.866027 0
    outer loop
      vertex 25.2 -2 3
      vertex 20.0038 -5 0
      vertex 25.2 -2 0
    endloop
  endfacet
  facet normal -1 0 0
    outer loop
      vertex 30.3962 -11 0
      vertex 30.3962 -5 3
      vertex 30.3962 -5 0
    endloop
  endfacet
  facet normal -1 -0 0
    outer loop
      vertex 30.3962 -5 3
      vertex 30.3962 -11 0
      vertex 30.3962 -11 3
    endloop
  endfacet
  facet normal -0.499997 0.866027 0
    outer loop
      vertex 30.3962 -11 0
      vertex 25.2 -14 3
      vertex 30.3962 -11 3
    endloop
  endfacet
  facet normal -0.499997 0.866027 0
    outer loop
      vertex 25.2 -14 3
      vertex 30.3962 -11 0
      vertex 25.2 -14 0
    endloop
  endfacet
  facet normal 0.499997 0.866027 -0
    outer loop
      vertex 25.2 -14 0
      vertex 20.0038 -11 3
      vertex 25.2 -14 3
    endloop
  endfacet
  facet normal 0.499997 0.866027 0
    outer loop
      vertex 20.0038 -11 3
      vertex 25.2 -14 0
      vertex 20.0038 -11 0
    endloop
  endfacet
  facet normal -0.499997 -0.866027 0
    outer loop
      vertex 50.4 -2 0
      vertex 55.5962 -5 3
      vertex 50.4 -2 3
    endloop
  endfacet
  facet normal -0.499997 -0.866027 -0
    outer loop
      vertex 55.5962 -5 3
      vertex 50.4 -2 0
      vertex 55.5962 -5 0
    endloop
  endfacet
  facet normal 1 -0 0
    outer loop
      vertex 45.2038 -11 3
      vertex 45.2038 -5 0
      vertex 45.2038 -5 3
    endloop
  endfacet
  facet normal 1 0 0
    outer loop
      vertex 45.2038 -5 0
      vertex 45.2038 -11 3
      vertex 45.2038 -11 0
    endloop
  endfacet
  facet normal 0.499997 -0.866027 0
    outer loop
      vertex 45.2038 -5 0
      vertex 50.4 -2 3
      vertex 45.2038 -5 3
    endloop
  endfacet
  facet normal 0.499997 -0.866027 0
    outer loop
      vertex 50.4 -2 3
      vertex 45.2038 -5 0
      vertex 50.4 -2 0
    endloop
  endfacet
  facet normal -1 0 0
    outer loop
      vertex 55.5962 -11 0
      vertex 55.5962 -5 3
      vertex 55.5962 -5 0
    endloop
  endfacet
  facet normal -1 -0 0
    outer loop
      vertex 55.5962 -5 3
      vertex 55.5962 -11 0
      vertex 55.5962 -11 3
    endloop
  endfacet
  facet normal -0.499997 0.866027 0
    outer loop
      vertex 55.5962 -11 0
      vertex 50.4 -14 3
      vertex 55.5962 -11 3
    endloop
  endfacet
  facet normal -0.499997 0.866027 0
    outer loop
      vertex 50.4 -14 3
      vertex 55.5962 -11 0
      vertex 50.4 -14 0
    endloop
  endfacet
  facet normal 0.499997 0.866027 -0
    outer loop
      vertex 50.4 -14 0
      vertex 45.2038 -11 3
      vertex 50.4 -14 3
    endloop
  endfacet
  facet normal 0.499997 0.866027 0
    outer loop
      vertex 45.2038 -11 3
      vertex 50.4 -14 0
      vertex 45.2038 -11 0
    endloop
  endfacet
  facet normal 0 0 1
    outer loop
      vertex 31.3244 21.7225 4.2
      vertex 30.2702 21.9253 4.2
      vertex 30.2828 21.7117 4.2
    endloop
  endfacet
  facet normal 0 0 1
    outer loop
      vertex 30.6219 23.3311 4.2
      vertex 30.2325 22.1213 4.2
      vertex 30.2702 21.9253 4.2
    endloop
  endfacet
  facet normal 0 0 1
    outer loop
      vertex 30.6219 23.3311 4.2
      vertex 30.1696 22.2997 4.2
      vertex 30.2325 22.1213 4.2
    endloop
  endfacet
  facet normal 0 0 1
    outer loop
      vertex 29.8298 22.7289 4.2
      vertex 30.3714 23.5076 4.2
      vertex 30.0881 23.6521 4.2
    endloop
  endfacet
  facet normal 0 0 1
    outer loop
      vertex 30.6219 23.3311 4.2
      vertex 30.0815 22.4604 4.2
      vertex 30.1696 22.2997 4.2
    endloop
  endfacet
  facet normal 0 0 1
    outer loop
      vertex 30.6219 23.3311 4.2
      vertex 29.9682 22.6035 4.2
      vertex 30.0815 22.4604 4.2
    endloop
  endfacet
  facet normal 0 0 1
    outer loop
      vertex 30.6219 23.3311 4.2
      vertex 29.8298 22.7289 4.2
      vertex 29.9682 22.6035 4.2
    endloop
  endfacet
  facet normal 0 0 1
    outer loop
      vertex 29.6677 22.8358 4.2
      vertex 30.0881 23.6521 4.2
      vertex 29.7722 23.7644 4.2
    endloop
  endfacet
  facet normal 0 0 1
    outer loop
      vertex 30.0881 23.6521 4.2
      vertex 29.6677 22.8358 4.2
      vertex 29.8298 22.7289 4.2
    endloop
  endfacet
  facet normal 0 0 1
    outer loop
      vertex 29.7722 23.7644 4.2
      vertex 29.4835 22.9233 4.2
      vertex 29.6677 22.8358 4.2
    endloop
  endfacet
  facet normal 0 0 1
    outer loop
      vertex 29.2771 22.9913 4.2
      vertex 29.7722 23.7644 4.2
      vertex 29.4236 23.8446 4.2
    endloop
  endfacet
  facet normal 0 0 1
    outer loop
      vertex 29.7722 23.7644 4.2
      vertex 29.2771 22.9913 4.2
      vertex 29.4835 22.9233 4.2
    endloop
  endfacet
  facet normal 0 0 1
    outer loop
      vertex 29.4236 23.8446 4.2
      vertex 29.0486 23.0399 4.2
      vertex 29.2771 22.9913 4.2
    endloop
  endfacet
  facet normal 0 0 1
    outer loop
      vertex 29.0422 23.8928 4.2
      vertex 29.0486 23.0399 4.2
      vertex 29.4236 23.8446 4.2
    endloop
  endfacet
  facet normal 0 0 1
    outer loop
      vertex 29.0422 23.8928 4.2
      vertex 28.798 23.0691 4.2
      vertex 29.0486 23.0399 4.2
    endloop
  endfacet
  facet normal 0 0 1
    outer loop
      vertex 28.6282 23.9088 4.2
      vertex 28.798 23.0691 4.2
      vertex 29.0422 23.8928 4.2
    endloop
  endfacet
  facet normal 0 0 1
    outer loop
      vertex 28.6282 23.9088 4.2
      vertex 28.5251 23.0788 4.2
      vertex 28.798 23.0691 4.2
    endloop
  endfacet
  facet normal 0 0 1
    outer loop
      vertex 28.6282 23.9088 4.2
      vertex 26.0676 23.0788 4.2
      vertex 28.5251 23.0788 4.2
    endloop
  endfacet
  facet normal 0 0 1
    outer loop
      vertex 25.0315 23.9088 4.2
      vertex 26.0676 20.2578 4.2
      vertex 26.0676 23.0788 4.2
    endloop
  endfacet
  facet normal 0 0 1
    outer loop
      vertex 25.0315 16.265 4.2
      vertex 26.0676 20.2578 4.2
      vertex 25.0315 23.9088 4.2
    endloop
  endfacet
  facet normal -0 0 1
    outer loop
      vertex 25.0315 23.9088 4.2
      vertex 26.0676 23.0788 4.2
      vertex 28.6282 23.9088 4.2
    endloop
  endfacet
  facet normal 0 0 1
    outer loop
      vertex 26.0676 20.2578 4.2
      vertex 25.0315 16.265 4.2
      vertex 26.0676 19.4386 4.2
    endloop
  endfacet
  facet normal 0 0 1
    outer loop
      vertex 26.0676 19.4386 4.2
      vertex 25.0315 16.265 4.2
      vertex 26.0676 16.265 4.2
    endloop
  endfacet
  facet normal -0 0 1
    outer loop
      vertex 30.2702 21.9253 4.2
      vertex 31.3244 21.7225 4.2
      vertex 31.3049 22.0535 4.2
    endloop
  endfacet
  facet normal 0 0 1
    outer loop
      vertex 31.3244 21.7225 4.2
      vertex 30.2828 21.7117 4.2
      vertex 31.3106 21.4462 4.2
    endloop
  endfacet
  facet normal 0 0 1
    outer loop
      vertex 30.2702 21.9253 4.2
      vertex 31.3049 22.0535 4.2
      vertex 31.2464 22.3594 4.2
    endloop
  endfacet
  facet normal -0 0 1
    outer loop
      vertex 30.2704 21.4906 4.2
      vertex 31.3106 21.4462 4.2
      vertex 30.2828 21.7117 4.2
    endloop
  endfacet
  facet normal 0 0 1
    outer loop
      vertex 30.2702 21.9253 4.2
      vertex 31.2464 22.3594 4.2
      vertex 31.1488 22.64 4.2
    endloop
  endfacet
  facet normal 0 0 1
    outer loop
      vertex 31.3106 21.4462 4.2
      vertex 30.2704 21.4906 4.2
      vertex 31.2693 21.1849 4.2
    endloop
  endfacet
  facet normal 0 0 1
    outer loop
      vertex 30.2702 21.9253 4.2
      vertex 31.1488 22.64 4.2
      vertex 31.0122 22.8956 4.2
    endloop
  endfacet
  facet normal -0 0 1
    outer loop
      vertex 30.2331 21.2865 4.2
      vertex 31.2693 21.1849 4.2
      vertex 30.2704 21.4906 4.2
    endloop
  endfacet
  facet normal 0 0 1
    outer loop
      vertex 30.2702 21.9253 4.2
      vertex 31.0122 22.8956 4.2
      vertex 30.8365 23.1259 4.2
    endloop
  endfacet
  facet normal 0 0 1
    outer loop
      vertex 31.2693 21.1849 4.2
      vertex 30.2331 21.2865 4.2
      vertex 31.2003 20.9386 4.2
    endloop
  endfacet
  facet normal -0 0 1
    outer loop
      vertex 30.1709 21.0994 4.2
      vertex 31.2003 20.9386 4.2
      vertex 30.2331 21.2865 4.2
    endloop
  endfacet
  facet normal 0 0 1
    outer loop
      vertex 30.2702 21.9253 4.2
      vertex 30.8365 23.1259 4.2
      vertex 30.6219 23.3311 4.2
    endloop
  endfacet
  facet normal 0 0 1
    outer loop
      vertex 31.2003 20.9386 4.2
      vertex 30.1709 21.0994 4.2
      vertex 31.1038 20.7075 4.2
    endloop
  endfacet
  facet normal 0 0 1
    outer loop
      vertex 29.8298 22.7289 4.2
      vertex 30.6219 23.3311 4.2
      vertex 30.3714 23.5076 4.2
    endloop
  endfacet
  facet normal 0 0 1
    outer loop
      vertex 31.1038 20.7075 4.2
      vertex 30.1709 21.0994 4.2
      vertex 30.9797 20.4914 4.2
    endloop
  endfacet
  facet normal -0 0 1
    outer loop
      vertex 30.0839 20.9293 4.2
      vertex 30.9797 20.4914 4.2
      vertex 30.1709 21.0994 4.2
    endloop
  endfacet
  facet normal 0 0 1
    outer loop
      vertex 30.9797 20.4914 4.2
      vertex 30.0839 20.9293 4.2
      vertex 30.828 20.2904 4.2
    endloop
  endfacet
  facet normal -0 0 1
    outer loop
      vertex 29.972 20.7763 4.2
      vertex 30.828 20.2904 4.2
      vertex 30.0839 20.9293 4.2
    endloop
  endfacet
  facet normal 0 0 1
    outer loop
      vertex 30.828 20.2904 4.2
      vertex 29.972 20.7763 4.2
      vertex 30.6521 20.1088 4.2
    endloop
  endfacet
  facet normal 0 0 1
    outer loop
      vertex 30.6521 20.1088 4.2
      vertex 29.972 20.7763 4.2
      vertex 30.4552 19.951 4.2
    endloop
  endfacet
  facet normal -0 0 1
    outer loop
      vertex 29.8352 20.6403 4.2
      vertex 30.4552 19.951 4.2
      vertex 29.972 20.7763 4.2
    endloop
  endfacet
  facet normal 0 0 1
    outer loop
      vertex 30.4552 19.951 4.2
      vertex 29.8352 20.6403 4.2
      vertex 30.2374 19.817 4.2
    endloop
  endfacet
  facet normal -0 0 1
    outer loop
      vertex 29.6757 20.5234 4.2
      vertex 30.2374 19.817 4.2
      vertex 29.8352 20.6403 4.2
    endloop
  endfacet
  facet normal 0 0 1
    outer loop
      vertex 30.2374 19.817 4.2
      vertex 29.6757 20.5234 4.2
      vertex 29.9986 19.7069 4.2
    endloop
  endfacet
  facet normal -0 0 1
    outer loop
      vertex 29.4956 20.4278 4.2
      vertex 29.9986 19.7069 4.2
      vertex 29.6757 20.5234 4.2
    endloop
  endfacet
  facet normal 0 0 1
    outer loop
      vertex 29.9986 19.7069 4.2
      vertex 29.4956 20.4278 4.2
      vertex 29.7389 19.6205 4.2
    endloop
  endfacet
  facet normal -0 0 1
    outer loop
      vertex 29.2948 20.3534 4.2
      vertex 29.7389 19.6205 4.2
      vertex 29.4956 20.4278 4.2
    endloop
  endfacet
  facet normal 0 0 1
    outer loop
      vertex 29.7389 19.6205 4.2
      vertex 29.2948 20.3534 4.2
      vertex 29.4583 19.558 4.2
    endloop
  endfacet
  facet normal 0 0 1
    outer loop
      vertex 29.4583 19.558 4.2
      vertex 30.4348 16.265 4.2
      vertex 31.6283 16.265 4.2
    endloop
  endfacet
  facet normal -0 0 1
    outer loop
      vertex 29.0733 20.3003 4.2
      vertex 29.4583 19.558 4.2
      vertex 29.2948 20.3534 4.2
    endloop
  endfacet
  facet normal -0 0 1
    outer loop
      vertex 28.8313 20.2684 4.2
      vertex 29.4583 19.558 4.2
      vertex 29.0733 20.3003 4.2
    endloop
  endfacet
  facet normal 0 0 1
    outer loop
      vertex 29.4583 19.558 4.2
      vertex 28.8313 20.2684 4.2
      vertex 28.4492 19.4386 4.2
    endloop
  endfacet
  facet normal 0 0 1
    outer loop
      vertex 28.4492 19.4386 4.2
      vertex 28.8313 20.2684 4.2
      vertex 28.5685 20.2578 4.2
    endloop
  endfacet
  facet normal 0 0 1
    outer loop
      vertex 29.4583 19.558 4.2
      vertex 28.4492 19.4386 4.2
      vertex 30.4348 16.265 4.2
    endloop
  endfacet
  facet normal -0 0 1
    outer loop
      vertex 26.0676 20.2578 4.2
      vertex 28.4492 19.4386 4.2
      vertex 28.5685 20.2578 4.2
    endloop
  endfacet
  facet normal 0 0 1
    outer loop
      vertex 28.4492 19.4386 4.2
      vertex 26.0676 20.2578 4.2
      vertex 26.0676 19.4386 4.2
    endloop
  endfacet
  facet normal 0 0 1
    outer loop
      vertex 8.65448 22.2793 4.2
      vertex 9.63521 22.5695 4.2
      vertex 9.50861 22.8428 4.2
    endloop
  endfacet
  facet normal 0 0 1
    outer loop
      vertex 8.5731 22.454 4.2
      vertex 9.50861 22.8428 4.2
      vertex 9.35912 23.0849 4.2
    endloop
  endfacet
  facet normal 0 0 1
    outer loop
      vertex 8.47485 22.6102 4.2
      vertex 9.35912 23.0849 4.2
      vertex 9.18672 23.2958 4.2
    endloop
  endfacet
  facet normal 0 0 1
    outer loop
      vertex 8.35973 22.7479 4.2
      vertex 9.18672 23.2958 4.2
      vertex 8.99142 23.4754 4.2
    endloop
  endfacet
  facet normal 0 0 1
    outer loop
      vertex 8.35973 22.7479 4.2
      vertex 8.99142 23.4754 4.2
      vertex 8.77322 23.6239 4.2
    endloop
  endfacet
  facet normal 0 0 1
    outer loop
      vertex 9.50861 22.8428 4.2
      vertex 8.5731 22.454 4.2
      vertex 8.65448 22.2793 4.2
    endloop
  endfacet
  facet normal 0 0 1
    outer loop
      vertex 9.63521 22.5695 4.2
      vertex 8.71898 22.086 4.2
      vertex 9.73889 22.2651 4.2
    endloop
  endfacet
  facet normal 0 -0 1
    outer loop
      vertex 8.71898 22.086 4.2
      vertex 9.63521 22.5695 4.2
      vertex 8.65448 22.2793 4.2
    endloop
  endfacet
  facet normal 0 0 1
    outer loop
      vertex 8.22771 22.867 4.2
      vertex 8.77322 23.6239 4.2
      vertex 8.52654 23.7458 4.2
    endloop
  endfacet
  facet normal 0 0 1
    outer loop
      vertex 9.35912 23.0849 4.2
      vertex 8.47485 22.6102 4.2
      vertex 8.5731 22.454 4.2
    endloop
  endfacet
  facet normal 0 0 1
    outer loop
      vertex 9.18672 23.2958 4.2
      vertex 8.35973 22.7479 4.2
      vertex 8.47485 22.6102 4.2
    endloop
  endfacet
  facet normal 0 0 1
    outer loop
      vertex 8.07881 22.9676 4.2
      vertex 8.52654 23.7458 4.2
      vertex 8.24579 23.8455 4.2
    endloop
  endfacet
  facet normal 0 0 1
    outer loop
      vertex 8.77322 23.6239 4.2
      vertex 8.22771 22.867 4.2
      vertex 8.35973 22.7479 4.2
    endloop
  endfacet
  facet normal 0 0 1
    outer loop
      vertex 8.52654 23.7458 4.2
      vertex 8.07881 22.9676 4.2
      vertex 8.22771 22.867 4.2
    endloop
  endfacet
  facet normal 0 0 1
    outer loop
      vertex 7.91139 23.0513 4.2
      vertex 8.24579 23.8455 4.2
      vertex 7.931 23.923 4.2
    endloop
  endfacet
  facet normal 0 0 1
    outer loop
      vertex 8.24579 23.8455 4.2
      vertex 7.91139 23.0513 4.2
      vertex 8.07881 22.9676 4.2
    endloop
  endfacet
  facet normal 0 0 1
    outer loop
      vertex 7.931 23.923 4.2
      vertex 7.72377 23.1198 4.2
      vertex 7.91139 23.0513 4.2
    endloop
  endfacet
  facet normal 0 0 1
    outer loop
      vertex 7.51596 23.173 4.2
      vertex 7.931 23.923 4.2
      vertex 7.58214 23.9784 4.2
    endloop
  endfacet
  facet normal 0 0 1
    outer loop
      vertex 7.931 23.923 4.2
      vertex 7.51596 23.173 4.2
      vertex 7.72377 23.1198 4.2
    endloop
  endfacet
  facet normal 0 0 1
    outer loop
      vertex 7.58214 23.9784 4.2
      vertex 7.28795 23.2111 4.2
      vertex 7.51596 23.173 4.2
    endloop
  endfacet
  facet normal 0 0 1
    outer loop
      vertex 7.19923 24.0117 4.2
      vertex 7.28795 23.2111 4.2
      vertex 7.58214 23.9784 4.2
    endloop
  endfacet
  facet normal 0 0 1
    outer loop
      vertex 7.19923 24.0117 4.2
      vertex 7.03976 23.2339 4.2
      vertex 7.28795 23.2111 4.2
    endloop
  endfacet
  facet normal 0 0 1
    outer loop
      vertex 6.78226 24.0228 4.2
      vertex 7.03976 23.2339 4.2
      vertex 7.19923 24.0117 4.2
    endloop
  endfacet
  facet normal 0 0 1
    outer loop
      vertex 6.78226 24.0228 4.2
      vertex 6.77138 23.2415 4.2
      vertex 7.03976 23.2339 4.2
    endloop
  endfacet
  facet normal 0 0 1
    outer loop
      vertex 6.78226 24.0228 4.2
      vertex 6.47783 23.2331 4.2
      vertex 6.77138 23.2415 4.2
    endloop
  endfacet
  facet normal -0 0 1
    outer loop
      vertex 6.33371 24.008 4.2
      vertex 6.47783 23.2331 4.2
      vertex 6.78226 24.0228 4.2
    endloop
  endfacet
  facet normal 0 0 1
    outer loop
      vertex 6.33371 24.008 4.2
      vertex 6.20839 23.2078 4.2
      vertex 6.47783 23.2331 4.2
    endloop
  endfacet
  facet normal -0 0 1
    outer loop
      vertex 5.92117 23.9637 4.2
      vertex 6.20839 23.2078 4.2
      vertex 6.33371 24.008 4.2
    endloop
  endfacet
  facet normal 0 0 1
    outer loop
      vertex 6.20839 23.2078 4.2
      vertex 5.92117 23.9637 4.2
      vertex 5.96306 23.1656 4.2
    endloop
  endfacet
  facet normal -0 0 1
    outer loop
      vertex 5.54466 23.8898 4.2
      vertex 5.96306 23.1656 4.2
      vertex 5.92117 23.9637 4.2
    endloop
  endfacet
  facet normal 0 0 1
    outer loop
      vertex 5.96306 23.1656 4.2
      vertex 5.54466 23.8898 4.2
      vertex 5.74184 23.1065 4.2
    endloop
  endfacet
  facet normal 0 0 1
    outer loop
      vertex 5.74184 23.1065 4.2
      vertex 5.54466 23.8898 4.2
      vertex 5.54471 23.0305 4.2
    endloop
  endfacet
  facet normal -0 0 1
    outer loop
      vertex 5.20416 23.7865 4.2
      vertex 5.54471 23.0305 4.2
      vertex 5.54466 23.8898 4.2
    endloop
  endfacet
  facet normal 0 0 1
    outer loop
      vertex 5.54471 23.0305 4.2
      vertex 5.20416 23.7865 4.2
      vertex 5.3717 22.9377 4.2
    endloop
  endfacet
  facet normal -0 0 1
    outer loop
      vertex 4.89967 23.6535 4.2
      vertex 5.3717 22.9377 4.2
      vertex 5.20416 23.7865 4.2
    endloop
  endfacet
  facet normal 0 0 1
    outer loop
      vertex 5.3717 22.9377 4.2
      vertex 4.89967 23.6535 4.2
      vertex 5.22418 22.8282 4.2
    endloop
  endfacet
  facet normal -0 0 1
    outer loop
      vertex 4.63121 23.4911 4.2
      vertex 5.22418 22.8282 4.2
      vertex 4.89967 23.6535 4.2
    endloop
  endfacet
  facet normal 0 0 1
    outer loop
      vertex 5.22418 22.8282 4.2
      vertex 4.63121 23.4911 4.2
      vertex 5.10347 22.7021 4.2
    endloop
  endfacet
  facet normal -0 0 1
    outer loop
      vertex 4.40164 23.3014 4.2
      vertex 5.10347 22.7021 4.2
      vertex 4.63121 23.4911 4.2
    endloop
  endfacet
  facet normal 0 0 1
    outer loop
      vertex 5.10347 22.7021 4.2
      vertex 4.40164 23.3014 4.2
      vertex 5.0096 22.5594 4.2
    endloop
  endfacet
  facet normal -0 0 1
    outer loop
      vertex 4.21379 23.0866 4.2
      vertex 5.0096 22.5594 4.2
      vertex 4.40164 23.3014 4.2
    endloop
  endfacet
  facet normal 0 0 1
    outer loop
      vertex 5.30458 21.2357 4.2
      vertex 4.75941 20.4049 4.2
      vertex 4.88832 20.3316 4.2
    endloop
  endfacet
  facet normal -0 0 1
    outer loop
      vertex 4.0677 22.8469 4.2
      vertex 5.0096 22.5594 4.2
      vertex 4.21379 23.0866 4.2
    endloop
  endfacet
  facet normal 0 0 1
    outer loop
      vertex 4.89409 21.9176 4.2
      vertex 3.87985 21.9776 4.2
      vertex 3.88385 21.8374 4.2
    endloop
  endfacet
  facet normal 0 0 1
    outer loop
      vertex 5.0096 22.5594 4.2
      vertex 4.0677 22.8469 4.2
      vertex 4.94254 22.4001 4.2
    endloop
  endfacet
  facet normal 0 0 1
    outer loop
      vertex 4.89409 21.9176 4.2
      vertex 4.64149 20.4808 4.2
      vertex 4.75941 20.4049 4.2
    endloop
  endfacet
  facet normal 0 0 1
    outer loop
      vertex 4.89409 21.9176 4.2
      vertex 3.88385 21.8374 4.2
      vertex 3.89583 21.7027 4.2
    endloop
  endfacet
  facet normal -0 0 1
    outer loop
      vertex 3.96335 22.5821 4.2
      vertex 4.94254 22.4001 4.2
      vertex 4.0677 22.8469 4.2
    endloop
  endfacet
  facet normal 0 0 1
    outer loop
      vertex 4.89409 21.9176 4.2
      vertex 4.53458 20.5592 4.2
      vertex 4.64149 20.4808 4.2
    endloop
  endfacet
  facet normal 0 0 1
    outer loop
      vertex 4.89409 21.9176 4.2
      vertex 3.89583 21.7027 4.2
      vertex 3.9158 21.5733 4.2
    endloop
  endfacet
  facet normal 0 0 1
    outer loop
      vertex 4.94254 22.4001 4.2
      vertex 3.96335 22.5821 4.2
      vertex 4.90231 22.2242 4.2
    endloop
  endfacet
  facet normal 0 0 1
    outer loop
      vertex 4.89409 21.9176 4.2
      vertex 4.43866 20.6402 4.2
      vertex 4.53458 20.5592 4.2
    endloop
  endfacet
  facet normal 0 0 1
    outer loop
      vertex 4.89409 21.9176 4.2
      vertex 4.35178 20.7248 4.2
      vertex 4.43866 20.6402 4.2
    endloop
  endfacet
  facet normal 0 0 1
    outer loop
      vertex 4.89409 21.9176 4.2
      vertex 4.27197 20.8141 4.2
      vertex 4.35178 20.7248 4.2
    endloop
  endfacet
  facet normal -0 0 1
    outer loop
      vertex 3.90073 22.2923 4.2
      vertex 4.90231 22.2242 4.2
      vertex 3.96335 22.5821 4.2
    endloop
  endfacet
  facet normal 0 0 1
    outer loop
      vertex 4.89409 21.9176 4.2
      vertex 4.19926 20.9081 4.2
      vertex 4.27197 20.8141 4.2
    endloop
  endfacet
  facet normal 0 0 1
    outer loop
      vertex 4.89409 21.9176 4.2
      vertex 4.13362 21.0067 4.2
      vertex 4.19926 20.9081 4.2
    endloop
  endfacet
  facet normal 0 0 1
    outer loop
      vertex 4.90231 22.2242 4.2
      vertex 3.90073 22.2923 4.2
      vertex 4.8889 22.0318 4.2
    endloop
  endfacet
  facet normal 0 0 1
    outer loop
      vertex 4.8889 22.0318 4.2
      vertex 3.90073 22.2923 4.2
      vertex 3.87985 21.9776 4.2
    endloop
  endfacet
  facet normal 0 0 1
    outer loop
      vertex 4.89409 21.9176 4.2
      vertex 3.94376 21.4494 4.2
      vertex 3.97969 21.331 4.2
    endloop
  endfacet
  facet normal 0 0 1
    outer loop
      vertex 4.89409 21.9176 4.2
      vertex 4.07507 21.11 4.2
      vertex 4.13362 21.0067 4.2
    endloop
  endfacet
  facet normal 0 0 1
    outer loop
      vertex 4.89409 21.9176 4.2
      vertex 3.9158 21.5733 4.2
      vertex 3.94376 21.4494 4.2
    endloop
  endfacet
  facet normal 0 0 1
    outer loop
      vertex 4.89409 21.9176 4.2
      vertex 3.97969 21.331 4.2
      vertex 4.02362 21.218 4.2
    endloop
  endfacet
  facet normal 0 0 1
    outer loop
      vertex 4.89409 21.9176 4.2
      vertex 4.02362 21.218 4.2
      vertex 4.07507 21.11 4.2
    endloop
  endfacet
  facet normal 0 0 1
    outer loop
      vertex 9.91794 18.3753 4.2
      vertex 8.88783 18.4419 4.2
      vertex 8.89258 18.3211 4.2
    endloop
  endfacet
  facet normal 0 0 1
    outer loop
      vertex 8.9929 20.0245 4.2
      vertex 8.8736 18.555 4.2
      vertex 8.88783 18.4419 4.2
    endloop
  endfacet
  facet normal 0 0 1
    outer loop
      vertex 8.9929 20.0245 4.2
      vertex 8.84985 18.6601 4.2
      vertex 8.8736 18.555 4.2
    endloop
  endfacet
  facet normal 0 0 1
    outer loop
      vertex 8.9929 20.0245 4.2
      vertex 8.81664 18.7575 4.2
      vertex 8.84985 18.6601 4.2
    endloop
  endfacet
  facet normal 0 0 1
    outer loop
      vertex 8.34079 19.2609 4.2
      vertex 8.89865 20.0758 4.2
      vertex 8.80214 20.1249 4.2
    endloop
  endfacet
  facet normal 0 0 1
    outer loop
      vertex 8.9929 20.0245 4.2
      vertex 8.77391 18.847 4.2
      vertex 8.81664 18.7575 4.2
    endloop
  endfacet
  facet normal 0 0 1
    outer loop
      vertex 8.9929 20.0245 4.2
      vertex 8.72169 18.9287 4.2
      vertex 8.77391 18.847 4.2
    endloop
  endfacet
  facet normal 0 0 1
    outer loop
      vertex 8.34079 19.2609 4.2
      vertex 8.80214 20.1249 4.2
      vertex 8.70335 20.1717 4.2
    endloop
  endfacet
  facet normal 0 0 1
    outer loop
      vertex 8.9929 20.0245 4.2
      vertex 8.66089 19.0042 4.2
      vertex 8.72169 18.9287 4.2
    endloop
  endfacet
  facet normal 0 0 1
    outer loop
      vertex 8.24153 19.3138 4.2
      vertex 8.70335 20.1717 4.2
      vertex 8.60233 20.2162 4.2
    endloop
  endfacet
  facet normal 0 0 1
    outer loop
      vertex 8.9929 20.0245 4.2
      vertex 8.59239 19.0752 4.2
      vertex 8.66089 19.0042 4.2
    endloop
  endfacet
  facet normal 0 0 1
    outer loop
      vertex 8.9929 20.0245 4.2
      vertex 8.51622 19.1416 4.2
      vertex 8.59239 19.0752 4.2
    endloop
  endfacet
  facet normal 0 0 1
    outer loop
      vertex 8.13516 19.3631 4.2
      vertex 8.60233 20.2162 4.2
      vertex 8.49902 20.2585 4.2
    endloop
  endfacet
  facet normal 0 0 1
    outer loop
      vertex 8.9929 20.0245 4.2
      vertex 8.43234 19.2035 4.2
      vertex 8.51622 19.1416 4.2
    endloop
  endfacet
  facet normal 0 0 1
    outer loop
      vertex 8.13516 19.3631 4.2
      vertex 8.49902 20.2585 4.2
      vertex 8.39346 20.2985 4.2
    endloop
  endfacet
  facet normal 0 0 1
    outer loop
      vertex 8.89865 20.0758 4.2
      vertex 8.34079 19.2609 4.2
      vertex 8.43234 19.2035 4.2
    endloop
  endfacet
  facet normal 0 0 1
    outer loop
      vertex 8.02214 19.4097 4.2
      vertex 8.39346 20.2985 4.2
      vertex 8.28593 20.3365 4.2
    endloop
  endfacet
  facet normal 0 0 1
    outer loop
      vertex 8.70335 20.1717 4.2
      vertex 8.24153 19.3138 4.2
      vertex 8.34079 19.2609 4.2
    endloop
  endfacet
  facet normal 0 0 1
    outer loop
      vertex 7.9025 19.4535 4.2
      vertex 8.28593 20.3365 4.2
      vertex 8.17676 20.3727 4.2
    endloop
  endfacet
  facet normal 0 0 1
    outer loop
      vertex 8.60233 20.2162 4.2
      vertex 8.13516 19.3631 4.2
      vertex 8.24153 19.3138 4.2
    endloop
  endfacet
  facet normal 0 0 1
    outer loop
      vertex 7.77621 19.4946 4.2
      vertex 8.17676 20.3727 4.2
      vertex 8.06592 20.407 4.2
    endloop
  endfacet
  facet normal 0 0 1
    outer loop
      vertex 8.39346 20.2985 4.2
      vertex 8.02214 19.4097 4.2
      vertex 8.13516 19.3631 4.2
    endloop
  endfacet
  facet normal 0 0 1
    outer loop
      vertex 7.77621 19.4946 4.2
      vertex 8.06592 20.407 4.2
      vertex 7.95341 20.4396 4.2
    endloop
  endfacet
  facet normal 0 0 1
    outer loop
      vertex 8.28593 20.3365 4.2
      vertex 7.9025 19.4535 4.2
      vertex 8.02214 19.4097 4.2
    endloop
  endfacet
  facet normal 0 0 1
    outer loop
      vertex 7.64331 19.5331 4.2
      vertex 7.95341 20.4396 4.2
      vertex 7.83926 20.4703 4.2
    endloop
  endfacet
  facet normal 0 0 1
    outer loop
      vertex 8.17676 20.3727 4.2
      vertex 7.77621 19.4946 4.2
      vertex 7.9025 19.4535 4.2
    endloop
  endfacet
  facet normal 0 0 1
    outer loop
      vertex 7.50378 19.5688 4.2
      vertex 7.83926 20.4703 4.2
      vertex 7.72345 20.4992 4.2
    endloop
  endfacet
  facet normal 0 0 1
    outer loop
      vertex 7.95341 20.4396 4.2
      vertex 7.64331 19.5331 4.2
      vertex 7.77621 19.4946 4.2
    endloop
  endfacet
  facet normal 0 0 1
    outer loop
      vertex 7.50378 19.5688 4.2
      vertex 7.72345 20.4992 4.2
      vertex 7.60675 20.5272 4.2
    endloop
  endfacet
  facet normal 0 0 1
    outer loop
      vertex 7.83926 20.4703 4.2
      vertex 7.50378 19.5688 4.2
      vertex 7.64331 19.5331 4.2
    endloop
  endfacet
  facet normal 0 0 1
    outer loop
      vertex 7.35837 19.6036 4.2
      vertex 7.60675 20.5272 4.2
      vertex 7.48988 20.555 4.2
    endloop
  endfacet
  facet normal 0 0 1
    outer loop
      vertex 7.20782 19.6393 4.2
      vertex 7.48988 20.555 4.2
      vertex 7.37288 20.5826 4.2
    endloop
  endfacet
  facet normal 0 0 1
    outer loop
      vertex 7.60675 20.5272 4.2
      vertex 7.35837 19.6036 4.2
      vertex 7.50378 19.5688 4.2
    endloop
  endfacet
  facet normal 0 0 1
    outer loop
      vertex 7.05215 19.6759 4.2
      vertex 7.37288 20.5826 4.2
      vertex 7.25572 20.6101 4.2
    endloop
  endfacet
  facet normal 0 0 1
    outer loop
      vertex 7.48988 20.555 4.2
      vertex 7.20782 19.6393 4.2
      vertex 7.35837 19.6036 4.2
    endloop
  endfacet
  facet normal 0 0 1
    outer loop
      vertex 7.05215 19.6759 4.2
      vertex 7.25572 20.6101 4.2
      vertex 7.13843 20.6375 4.2
    endloop
  endfacet
  facet normal 0 0 1
    outer loop
      vertex 7.37288 20.5826 4.2
      vertex 7.05215 19.6759 4.2
      vertex 7.20782 19.6393 4.2
    endloop
  endfacet
  facet normal 0 0 1
    outer loop
      vertex 6.89137 19.7135 4.2
      vertex 7.13843 20.6375 4.2
      vertex 7.02098 20.6647 4.2
    endloop
  endfacet
  facet normal 0 0 1
    outer loop
      vertex 7.13843 20.6375 4.2
      vertex 6.89137 19.7135 4.2
      vertex 7.05215 19.6759 4.2
    endloop
  endfacet
  facet normal 0 0 1
    outer loop
      vertex 7.02098 20.6647 4.2
      vertex 6.72545 19.7519 4.2
      vertex 6.89137 19.7135 4.2
    endloop
  endfacet
  facet normal 0 0 1
    outer loop
      vertex 6.68959 20.7404 4.2
      vertex 6.72545 19.7519 4.2
      vertex 7.02098 20.6647 4.2
    endloop
  endfacet
  facet normal 0 0 1
    outer loop
      vertex 6.68959 20.7404 4.2
      vertex 6.55441 19.7912 4.2
      vertex 6.72545 19.7519 4.2
    endloop
  endfacet
  facet normal 0 0 1
    outer loop
      vertex 6.26454 19.8582 4.2
      vertex 6.68959 20.7404 4.2
      vertex 6.39708 20.8121 4.2
    endloop
  endfacet
  facet normal 0 0 1
    outer loop
      vertex 6.68959 20.7404 4.2
      vertex 6.26454 19.8582 4.2
      vertex 6.55441 19.7912 4.2
    endloop
  endfacet
  facet normal 0 0 1
    outer loop
      vertex 5.99895 19.9251 4.2
      vertex 6.39708 20.8121 4.2
      vertex 6.14346 20.8796 4.2
    endloop
  endfacet
  facet normal 0 0 1
    outer loop
      vertex 6.39708 20.8121 4.2
      vertex 5.99895 19.9251 4.2
      vertex 6.26454 19.8582 4.2
    endloop
  endfacet
  facet normal 0 0 1
    outer loop
      vertex 5.7576 19.992 4.2
      vertex 6.14346 20.8796 4.2
      vertex 5.92871 20.9431 4.2
    endloop
  endfacet
  facet normal 0 0 1
    outer loop
      vertex 6.14346 20.8796 4.2
      vertex 5.7576 19.992 4.2
      vertex 5.99895 19.9251 4.2
    endloop
  endfacet
  facet normal 0 0 1
    outer loop
      vertex 5.54051 20.0589 4.2
      vertex 5.92871 20.9431 4.2
      vertex 5.75284 21.0026 4.2
    endloop
  endfacet
  facet normal 0 0 1
    outer loop
      vertex 5.3477 20.1258 4.2
      vertex 5.75284 21.0026 4.2
      vertex 5.61586 21.058 4.2
    endloop
  endfacet
  facet normal 0 0 1
    outer loop
      vertex 5.92871 20.9431 4.2
      vertex 5.54051 20.0589 4.2
      vertex 5.7576 19.992 4.2
    endloop
  endfacet
  facet normal 0 0 1
    outer loop
      vertex 5.17914 20.1927 4.2
      vertex 5.61586 21.058 4.2
      vertex 5.5029 21.1133 4.2
    endloop
  endfacet
  facet normal 0 0 1
    outer loop
      vertex 5.02823 20.2609 4.2
      vertex 5.5029 21.1133 4.2
      vertex 5.39914 21.1725 4.2
    endloop
  endfacet
  facet normal 0 0 1
    outer loop
      vertex 5.75284 21.0026 4.2
      vertex 5.3477 20.1258 4.2
      vertex 5.54051 20.0589 4.2
    endloop
  endfacet
  facet normal 0 0 1
    outer loop
      vertex 4.88832 20.3316 4.2
      vertex 5.39914 21.1725 4.2
      vertex 5.30458 21.2357 4.2
    endloop
  endfacet
  facet normal 0 0 1
    outer loop
      vertex 4.75941 20.4049 4.2
      vertex 5.30458 21.2357 4.2
      vertex 5.21919 21.3027 4.2
    endloop
  endfacet
  facet normal 0 0 1
    outer loop
      vertex 5.61586 21.058 4.2
      vertex 5.17914 20.1927 4.2
      vertex 5.3477 20.1258 4.2
    endloop
  endfacet
  facet normal 0 0 1
    outer loop
      vertex 4.75941 20.4049 4.2
      vertex 5.21919 21.3027 4.2
      vertex 5.14301 21.3737 4.2
    endloop
  endfacet
  facet normal 0 0 1
    outer loop
      vertex 4.75941 20.4049 4.2
      vertex 5.14301 21.3737 4.2
      vertex 5.07602 21.4486 4.2
    endloop
  endfacet
  facet normal 0 0 1
    outer loop
      vertex 5.5029 21.1133 4.2
      vertex 5.02823 20.2609 4.2
      vertex 5.17914 20.1927 4.2
    endloop
  endfacet
  facet normal 0 0 1
    outer loop
      vertex 4.75941 20.4049 4.2
      vertex 5.07602 21.4486 4.2
      vertex 5.01884 21.5288 4.2
    endloop
  endfacet
  facet normal 0 0 1
    outer loop
      vertex 4.75941 20.4049 4.2
      vertex 5.01884 21.5288 4.2
      vertex 4.97206 21.6159 4.2
    endloop
  endfacet
  facet normal 0 0 1
    outer loop
      vertex 4.75941 20.4049 4.2
      vertex 4.97206 21.6159 4.2
      vertex 4.93568 21.7097 4.2
    endloop
  endfacet
  facet normal 0 0 1
    outer loop
      vertex 4.75941 20.4049 4.2
      vertex 4.93568 21.7097 4.2
      vertex 4.90968 21.8103 4.2
    endloop
  endfacet
  facet normal 0 0 1
    outer loop
      vertex 4.75941 20.4049 4.2
      vertex 4.90968 21.8103 4.2
      vertex 4.89409 21.9176 4.2
    endloop
  endfacet
  facet normal 0 0 1
    outer loop
      vertex 5.39914 21.1725 4.2
      vertex 4.88832 20.3316 4.2
      vertex 5.02823 20.2609 4.2
    endloop
  endfacet
  facet normal -0 0 1
    outer loop
      vertex 3.87985 21.9776 4.2
      vertex 4.89409 21.9176 4.2
      vertex 4.8889 22.0318 4.2
    endloop
  endfacet
  facet normal 0 0 1
    outer loop
      vertex 8.88783 18.4419 4.2
      vertex 9.9147 18.5116 4.2
      vertex 9.90498 18.6418 4.2
    endloop
  endfacet
  facet normal -0 0 1
    outer loop
      vertex 8.88783 18.4419 4.2
      vertex 9.91794 18.3753 4.2
      vertex 9.9147 18.5116 4.2
    endloop
  endfacet
  facet normal 0 0 1
    outer loop
      vertex 8.88783 18.4419 4.2
      vertex 9.90498 18.6418 4.2
      vertex 9.88878 18.7659 4.2
    endloop
  endfacet
  facet normal 0 0 1
    outer loop
      vertex 8.88783 18.4419 4.2
      vertex 9.88878 18.7659 4.2
      vertex 9.8661 18.8841 4.2
    endloop
  endfacet
  facet normal 0 0 1
    outer loop
      vertex 8.88783 18.4419 4.2
      vertex 9.8661 18.8841 4.2
      vertex 9.83694 18.9962 4.2
    endloop
  endfacet
  facet normal 0 0 1
    outer loop
      vertex 9.91794 18.3753 4.2
      vertex 8.89258 18.3211 4.2
      vertex 9.89496 18.036 4.2
    endloop
  endfacet
  facet normal 0 0 1
    outer loop
      vertex 8.88783 18.4419 4.2
      vertex 9.83694 18.9962 4.2
      vertex 9.8013 19.1023 4.2
    endloop
  endfacet
  facet normal 0 0 1
    outer loop
      vertex 8.88783 18.4419 4.2
      vertex 9.8013 19.1023 4.2
      vertex 9.75993 19.2031 4.2
    endloop
  endfacet
  facet normal 0 0 1
    outer loop
      vertex 8.88783 18.4419 4.2
      vertex 9.75993 19.2031 4.2
      vertex 9.71359 19.2994 4.2
    endloop
  endfacet
  facet normal -0 0 1
    outer loop
      vertex 8.87743 18.1076 4.2
      vertex 9.89496 18.036 4.2
      vertex 8.89258 18.3211 4.2
    endloop
  endfacet
  facet normal 0 0 1
    outer loop
      vertex 8.88783 18.4419 4.2
      vertex 9.71359 19.2994 4.2
      vertex 9.66228 19.3911 4.2
    endloop
  endfacet
  facet normal 0 0 1
    outer loop
      vertex 8.88783 18.4419 4.2
      vertex 9.66228 19.3911 4.2
      vertex 9.60599 19.4784 4.2
    endloop
  endfacet
  facet normal 0 0 1
    outer loop
      vertex 9.89496 18.036 4.2
      vertex 8.87743 18.1076 4.2
      vertex 9.826 17.7231 4.2
    endloop
  endfacet
  facet normal 0 0 1
    outer loop
      vertex 8.88783 18.4419 4.2
      vertex 9.60599 19.4784 4.2
      vertex 9.54472 19.5611 4.2
    endloop
  endfacet
  facet normal 0 0 1
    outer loop
      vertex 8.88783 18.4419 4.2
      vertex 9.54472 19.5611 4.2
      vertex 9.4785 19.6393 4.2
    endloop
  endfacet
  facet normal 0 0 1
    outer loop
      vertex 8.88783 18.4419 4.2
      vertex 9.4785 19.6393 4.2
      vertex 9.40775 19.7133 4.2
    endloop
  endfacet
  facet normal -0 0 1
    outer loop
      vertex 8.832 17.9121 4.2
      vertex 9.826 17.7231 4.2
      vertex 8.87743 18.1076 4.2
    endloop
  endfacet
  facet normal 0 0 1
    outer loop
      vertex 8.88783 18.4419 4.2
      vertex 9.40775 19.7133 4.2
      vertex 9.33292 19.7834 4.2
    endloop
  endfacet
  facet normal 0 0 1
    outer loop
      vertex 8.88783 18.4419 4.2
      vertex 9.33292 19.7834 4.2
      vertex 9.25401 19.8496 4.2
    endloop
  endfacet
  facet normal 0 0 1
    outer loop
      vertex 8.88783 18.4419 4.2
      vertex 9.25401 19.8496 4.2
      vertex 9.17105 19.9118 4.2
    endloop
  endfacet
  facet normal 0 0 1
    outer loop
      vertex 9.826 17.7231 4.2
      vertex 8.832 17.9121 4.2
      vertex 9.71109 17.4368 4.2
    endloop
  endfacet
  facet normal 0 0 1
    outer loop
      vertex 8.88783 18.4419 4.2
      vertex 9.17105 19.9118 4.2
      vertex 9.08401 19.9701 4.2
    endloop
  endfacet
  facet normal 0 0 1
    outer loop
      vertex 8.88783 18.4419 4.2
      vertex 9.08401 19.9701 4.2
      vertex 8.9929 20.0245 4.2
    endloop
  endfacet
  facet normal 0 0 1
    outer loop
      vertex 8.43234 19.2035 4.2
      vertex 8.9929 20.0245 4.2
      vertex 8.89865 20.0758 4.2
    endloop
  endfacet
  facet normal -0 0 1
    outer loop
      vertex 8.75627 17.7345 4.2
      vertex 9.71109 17.4368 4.2
      vertex 8.832 17.9121 4.2
    endloop
  endfacet
  facet normal 0 0 1
    outer loop
      vertex 9.71109 17.4368 4.2
      vertex 8.75627 17.7345 4.2
      vertex 9.55022 17.177 4.2
    endloop
  endfacet
  facet normal -0 0 1
    outer loop
      vertex 8.65027 17.5748 4.2
      vertex 9.55022 17.177 4.2
      vertex 8.75627 17.7345 4.2
    endloop
  endfacet
  facet normal 0 0 1
    outer loop
      vertex 9.55022 17.177 4.2
      vertex 8.65027 17.5748 4.2
      vertex 9.34338 16.9438 4.2
    endloop
  endfacet
  facet normal 0 0 1
    outer loop
      vertex 9.34338 16.9438 4.2
      vertex 8.65027 17.5748 4.2
      vertex 9.09058 16.737 4.2
    endloop
  endfacet
  facet normal -0 0 1
    outer loop
      vertex 8.51396 17.4331 4.2
      vertex 9.09058 16.737 4.2
      vertex 8.65027 17.5748 4.2
    endloop
  endfacet
  facet normal 0 0 1
    outer loop
      vertex 9.09058 16.737 4.2
      vertex 8.51396 17.4331 4.2
      vertex 8.79605 16.5596 4.2
    endloop
  endfacet
  facet normal -0 0 1
    outer loop
      vertex 8.34738 17.3093 4.2
      vertex 8.79605 16.5596 4.2
      vertex 8.51396 17.4331 4.2
    endloop
  endfacet
  facet normal 0 0 1
    outer loop
      vertex 8.79605 16.5596 4.2
      vertex 8.34738 17.3093 4.2
      vertex 8.464 16.4145 4.2
    endloop
  endfacet
  facet normal -0 0 1
    outer loop
      vertex 8.15291 17.2041 4.2
      vertex 8.464 16.4145 4.2
      vertex 8.34738 17.3093 4.2
    endloop
  endfacet
  facet normal -0 0 1
    outer loop
      vertex 7.93297 17.118 4.2
      vertex 8.464 16.4145 4.2
      vertex 8.15291 17.2041 4.2
    endloop
  endfacet
  facet normal 0 0 1
    outer loop
      vertex 8.464 16.4145 4.2
      vertex 7.93297 17.118 4.2
      vertex 8.09444 16.3017 4.2
    endloop
  endfacet
  facet normal -0 0 1
    outer loop
      vertex 7.68756 17.051 4.2
      vertex 8.09444 16.3017 4.2
      vertex 7.93297 17.118 4.2
    endloop
  endfacet
  facet normal 0 0 1
    outer loop
      vertex 7.68756 17.051 4.2
      vertex 7.68735 16.221 4.2
      vertex 8.09444 16.3017 4.2
    endloop
  endfacet
  facet normal -0 0 1
    outer loop
      vertex 7.41667 17.0031 4.2
      vertex 7.68735 16.221 4.2
      vertex 7.68756 17.051 4.2
    endloop
  endfacet
  facet normal 0 0 1
    outer loop
      vertex 7.41667 17.0031 4.2
      vertex 7.24272 16.1727 4.2
      vertex 7.68735 16.221 4.2
    endloop
  endfacet
  facet normal -0 0 1
    outer loop
      vertex 7.12032 16.9744 4.2
      vertex 7.24272 16.1727 4.2
      vertex 7.41667 17.0031 4.2
    endloop
  endfacet
  facet normal 0 0 1
    outer loop
      vertex 6.76057 16.1565 4.2
      vertex 7.12032 16.9744 4.2
      vertex 6.79849 16.9648 4.2
    endloop
  endfacet
  facet normal 0 0 1
    outer loop
      vertex 7.12032 16.9744 4.2
      vertex 6.76057 16.1565 4.2
      vertex 7.24272 16.1727 4.2
    endloop
  endfacet
  facet normal 0 0 1
    outer loop
      vertex 6.48611 16.9738 4.2
      vertex 6.76057 16.1565 4.2
      vertex 6.79849 16.9648 4.2
    endloop
  endfacet
  facet normal 0 0 1
    outer loop
      vertex 5.89453 16.2105 4.2
      vertex 6.48611 16.9738 4.2
      vertex 6.19633 17.0007 4.2
    endloop
  endfacet
  facet normal 0 0 1
    outer loop
      vertex 5.89453 16.2105 4.2
      vertex 6.19633 17.0007 4.2
      vertex 5.92915 17.0455 4.2
    endloop
  endfacet
  facet normal 0 0 1
    outer loop
      vertex 6.48611 16.9738 4.2
      vertex 5.89453 16.2105 4.2
      vertex 6.76057 16.1565 4.2
    endloop
  endfacet
  facet normal 0 0 1
    outer loop
      vertex 5.68457 17.1083 4.2
      vertex 5.89453 16.2105 4.2
      vertex 5.92915 17.0455 4.2
    endloop
  endfacet
  facet normal 0 0 1
    outer loop
      vertex 5.15898 16.3723 4.2
      vertex 5.68457 17.1083 4.2
      vertex 5.4626 17.189 4.2
    endloop
  endfacet
  facet normal 0 0 1
    outer loop
      vertex 5.15898 16.3723 4.2
      vertex 5.4626 17.189 4.2
      vertex 5.26321 17.2876 4.2
    endloop
  endfacet
  facet normal 0 0 1
    outer loop
      vertex 5.68457 17.1083 4.2
      vertex 5.15898 16.3723 4.2
      vertex 5.89453 16.2105 4.2
    endloop
  endfacet
  facet normal 0 0 1
    outer loop
      vertex 4.55394 16.6421 4.2
      vertex 5.26321 17.2876 4.2
      vertex 5.08601 17.4054 4.2
    endloop
  endfacet
  facet normal 0 0 1
    outer loop
      vertex 4.55394 16.6421 4.2
      vertex 5.08601 17.4054 4.2
      vertex 4.93051 17.5435 4.2
    endloop
  endfacet
  facet normal 0 0 1
    outer loop
      vertex 4.07941 17.0197 4.2
      vertex 4.93051 17.5435 4.2
      vertex 4.79669 17.702 4.2
    endloop
  endfacet
  facet normal 0 0 1
    outer loop
      vertex 4.07941 17.0197 4.2
      vertex 4.79669 17.702 4.2
      vertex 4.68459 17.8808 4.2
    endloop
  endfacet
  facet normal 0 0 1
    outer loop
      vertex 3.73538 17.5052 4.2
      vertex 4.68459 17.8808 4.2
      vertex 4.59418 18.0799 4.2
    endloop
  endfacet
  facet normal 0 0 1
    outer loop
      vertex 5.26321 17.2876 4.2
      vertex 4.55394 16.6421 4.2
      vertex 5.15898 16.3723 4.2
    endloop
  endfacet
  facet normal -0 0 1
    outer loop
      vertex 3.52185 18.0987 4.2
      vertex 4.59418 18.0799 4.2
      vertex 4.52545 18.2994 4.2
    endloop
  endfacet
  facet normal 0 0 1
    outer loop
      vertex 4.93051 17.5435 4.2
      vertex 4.07941 17.0197 4.2
      vertex 4.55394 16.6421 4.2
    endloop
  endfacet
  facet normal 0 0 1
    outer loop
      vertex 4.68459 17.8808 4.2
      vertex 3.73538 17.5052 4.2
      vertex 4.07941 17.0197 4.2
    endloop
  endfacet
  facet normal 0 0 1
    outer loop
      vertex 4.59418 18.0799 4.2
      vertex 3.52185 18.0987 4.2
      vertex 3.73538 17.5052 4.2
    endloop
  endfacet
  facet normal 0 0 1
    outer loop
      vertex -12.2389 22.0176 4.2
      vertex -11.2999 22.4294 4.2
      vertex -11.4644 22.7039 4.2
    endloop
  endfacet
  facet normal 0 0 1
    outer loop
      vertex -12.3544 22.2138 4.2
      vertex -11.4644 22.7039 4.2
      vertex -11.6531 22.9527 4.2
    endloop
  endfacet
  facet normal 0 0 1
    outer loop
      vertex -12.4879 22.3925 4.2
      vertex -11.6531 22.9527 4.2
      vertex -11.8659 23.1758 4.2
    endloop
  endfacet
  facet normal 0 0 1
    outer loop
      vertex -12.6393 22.5538 4.2
      vertex -11.8659 23.1758 4.2
      vertex -12.1028 23.3734 4.2
    endloop
  endfacet
  facet normal 0 0 1
    outer loop
      vertex -11.4644 22.7039 4.2
      vertex -12.3544 22.2138 4.2
      vertex -12.2389 22.0176 4.2
    endloop
  endfacet
  facet normal 0 0 1
    outer loop
      vertex -11.2999 22.4294 4.2
      vertex -12.1413 21.804 4.2
      vertex -11.1594 22.1294 4.2
    endloop
  endfacet
  facet normal 0 -0 1
    outer loop
      vertex -12.1413 21.804 4.2
      vertex -11.2999 22.4294 4.2
      vertex -12.2389 22.0176 4.2
    endloop
  endfacet
  facet normal 0 0 1
    outer loop
      vertex -12.8086 22.6975 4.2
      vertex -12.1028 23.3734 4.2
      vertex -12.3638 23.5453 4.2
    endloop
  endfacet
  facet normal 0 0 1
    outer loop
      vertex -11.6531 22.9527 4.2
      vertex -12.4879 22.3925 4.2
      vertex -12.3544 22.2138 4.2
    endloop
  endfacet
  facet normal 0 0 1
    outer loop
      vertex -11.8659 23.1758 4.2
      vertex -12.6393 22.5538 4.2
      vertex -12.4879 22.3925 4.2
    endloop
  endfacet
  facet normal 0 0 1
    outer loop
      vertex -12.9958 22.8238 4.2
      vertex -12.3638 23.5453 4.2
      vertex -12.648 23.6912 4.2
    endloop
  endfacet
  facet normal 0 0 1
    outer loop
      vertex -12.1028 23.3734 4.2
      vertex -12.8086 22.6975 4.2
      vertex -12.6393 22.5538 4.2
    endloop
  endfacet
  facet normal 0 0 1
    outer loop
      vertex -13.1981 22.9315 4.2
      vertex -12.648 23.6912 4.2
      vertex -12.9545 23.8106 4.2
    endloop
  endfacet
  facet normal 0 0 1
    outer loop
      vertex -12.3638 23.5453 4.2
      vertex -12.9958 22.8238 4.2
      vertex -12.8086 22.6975 4.2
    endloop
  endfacet
  facet normal 0 0 1
    outer loop
      vertex -12.648 23.6912 4.2
      vertex -13.1981 22.9315 4.2
      vertex -12.9958 22.8238 4.2
    endloop
  endfacet
  facet normal 0 0 1
    outer loop
      vertex -13.4126 23.0197 4.2
      vertex -12.9545 23.8106 4.2
      vertex -13.2833 23.9034 4.2
    endloop
  endfacet
  facet normal 0 0 1
    outer loop
      vertex -12.9545 23.8106 4.2
      vertex -13.4126 23.0197 4.2
      vertex -13.1981 22.9315 4.2
    endloop
  endfacet
  facet normal 0 0 1
    outer loop
      vertex -13.6393 23.0883 4.2
      vertex -13.2833 23.9034 4.2
      vertex -13.6344 23.9697 4.2
    endloop
  endfacet
  facet normal 0 0 1
    outer loop
      vertex -13.2833 23.9034 4.2
      vertex -13.6393 23.0883 4.2
      vertex -13.4126 23.0197 4.2
    endloop
  endfacet
  facet normal 0 0 1
    outer loop
      vertex -13.6344 23.9697 4.2
      vertex -13.8782 23.1373 4.2
      vertex -13.6393 23.0883 4.2
    endloop
  endfacet
  facet normal 0 0 1
    outer loop
      vertex -14.0078 24.0095 4.2
      vertex -13.8782 23.1373 4.2
      vertex -13.6344 23.9697 4.2
    endloop
  endfacet
  facet normal 0 0 1
    outer loop
      vertex -14.0078 24.0095 4.2
      vertex -14.1293 23.1666 4.2
      vertex -13.8782 23.1373 4.2
    endloop
  endfacet
  facet normal 0 0 1
    outer loop
      vertex -14.4036 24.0228 4.2
      vertex -14.1293 23.1666 4.2
      vertex -14.0078 24.0095 4.2
    endloop
  endfacet
  facet normal 0 0 1
    outer loop
      vertex -14.1293 23.1666 4.2
      vertex -14.4036 24.0228 4.2
      vertex -14.3927 23.1764 4.2
    endloop
  endfacet
  facet normal 0 0 1
    outer loop
      vertex -14.4036 24.0228 4.2
      vertex -14.8002 23.1537 4.2
      vertex -14.3927 23.1764 4.2
    endloop
  endfacet
  facet normal -0 0 1
    outer loop
      vertex -14.9648 23.994 4.2
      vertex -14.8002 23.1537 4.2
      vertex -14.4036 24.0228 4.2
    endloop
  endfacet
  facet normal 0 0 1
    outer loop
      vertex -14.9648 23.994 4.2
      vertex -15.1763 23.0857 4.2
      vertex -14.8002 23.1537 4.2
    endloop
  endfacet
  facet normal -0 0 1
    outer loop
      vertex -15.4838 23.9076 4.2
      vertex -15.1763 23.0857 4.2
      vertex -14.9648 23.994 4.2
    endloop
  endfacet
  facet normal 0 0 1
    outer loop
      vertex -15.4838 23.9076 4.2
      vertex -15.5211 22.9723 4.2
      vertex -15.1763 23.0857 4.2
    endloop
  endfacet
  facet normal -0 0 1
    outer loop
      vertex -15.9606 23.7637 4.2
      vertex -15.5211 22.9723 4.2
      vertex -15.4838 23.9076 4.2
    endloop
  endfacet
  facet normal 0 0 1
    outer loop
      vertex -15.5211 22.9723 4.2
      vertex -15.9606 23.7637 4.2
      vertex -15.8346 22.8136 4.2
    endloop
  endfacet
  facet normal -0 0 1
    outer loop
      vertex -16.3952 23.5622 4.2
      vertex -15.8346 22.8136 4.2
      vertex -15.9606 23.7637 4.2
    endloop
  endfacet
  facet normal 0 0 1
    outer loop
      vertex -15.8346 22.8136 4.2
      vertex -16.3952 23.5622 4.2
      vertex -16.1167 22.6094 4.2
    endloop
  endfacet
  facet normal -0 0 1
    outer loop
      vertex -16.7876 23.3032 4.2
      vertex -16.1167 22.6094 4.2
      vertex -16.3952 23.5622 4.2
    endloop
  endfacet
  facet normal 0 0 1
    outer loop
      vertex -16.1167 22.6094 4.2
      vertex -16.7876 23.3032 4.2
      vertex -16.3675 22.36 4.2
    endloop
  endfacet
  facet normal -0 0 1
    outer loop
      vertex -17.1378 22.9866 4.2
      vertex -16.3675 22.36 4.2
      vertex -16.7876 23.3032 4.2
    endloop
  endfacet
  facet normal 0 0 1
    outer loop
      vertex -16.3675 22.36 4.2
      vertex -17.1378 22.9866 4.2
      vertex -16.583 22.071 4.2
    endloop
  endfacet
  facet normal -0 0 1
    outer loop
      vertex -17.4395 22.6192 4.2
      vertex -16.583 22.071 4.2
      vertex -17.1378 22.9866 4.2
    endloop
  endfacet
  facet normal 0 0 1
    outer loop
      vertex -16.583 22.071 4.2
      vertex -17.4395 22.6192 4.2
      vertex -16.7593 21.7485 4.2
    endloop
  endfacet
  facet normal -0 0 1
    outer loop
      vertex -17.6863 22.2078 4.2
      vertex -16.7593 21.7485 4.2
      vertex -17.4395 22.6192 4.2
    endloop
  endfacet
  facet normal 0 0 1
    outer loop
      vertex -16.7593 21.7485 4.2
      vertex -17.8783 21.7524 4.2
      vertex -16.8964 21.3923 4.2
    endloop
  endfacet
  facet normal -0 0 1
    outer loop
      vertex -17.8783 21.7524 4.2
      vertex -16.7593 21.7485 4.2
      vertex -17.6863 22.2078 4.2
    endloop
  endfacet
  facet normal 0 0 1
    outer loop
      vertex -11.9352 18.5977 4.2
      vertex -11.2569 17.8586 4.2
      vertex -11.0889 18.1746 4.2
    endloop
  endfacet
  facet normal 0 0 1
    outer loop
      vertex -11.2569 17.8586 4.2
      vertex -12.2268 18.112 4.2
      vertex -11.446 17.5688 4.2
    endloop
  endfacet
  facet normal 0 0 1
    outer loop
      vertex -11.446 17.5688 4.2
      vertex -12.2268 18.112 4.2
      vertex -11.6565 17.3053 4.2
    endloop
  endfacet
  facet normal 0 0 1
    outer loop
      vertex -11.2569 17.8586 4.2
      vertex -11.9352 18.5977 4.2
      vertex -12.2268 18.112 4.2
    endloop
  endfacet
  facet normal -0 0 1
    outer loop
      vertex -12.5627 17.7147 4.2
      vertex -11.6565 17.3053 4.2
      vertex -12.2268 18.112 4.2
    endloop
  endfacet
  facet normal 0 0 1
    outer loop
      vertex -11.6565 17.3053 4.2
      vertex -12.5627 17.7147 4.2
      vertex -11.8882 17.0679 4.2
    endloop
  endfacet
  facet normal 0 0 1
    outer loop
      vertex -11.8882 17.0679 4.2
      vertex -12.5627 17.7147 4.2
      vertex -12.1411 16.8568 4.2
    endloop
  endfacet
  facet normal -0 0 1
    outer loop
      vertex -12.9429 17.4056 4.2
      vertex -12.1411 16.8568 4.2
      vertex -12.5627 17.7147 4.2
    endloop
  endfacet
  facet normal 0 0 1
    outer loop
      vertex -12.1411 16.8568 4.2
      vertex -12.9429 17.4056 4.2
      vertex -12.4153 16.6719 4.2
    endloop
  endfacet
  facet normal 0 0 1
    outer loop
      vertex -12.4153 16.6719 4.2
      vertex -12.9429 17.4056 4.2
      vertex -12.7077 16.5144 4.2
    endloop
  endfacet
  facet normal -0 0 1
    outer loop
      vertex -13.3674 17.1848 4.2
      vertex -12.7077 16.5144 4.2
      vertex -12.9429 17.4056 4.2
    endloop
  endfacet
  facet normal 0 0 1
    outer loop
      vertex -12.7077 16.5144 4.2
      vertex -13.3674 17.1848 4.2
      vertex -13.0154 16.3856 4.2
    endloop
  endfacet
  facet normal 0 0 1
    outer loop
      vertex -13.0154 16.3856 4.2
      vertex -13.3674 17.1848 4.2
      vertex -13.3382 16.2854 4.2
    endloop
  endfacet
  facet normal -0 0 1
    outer loop
      vertex -13.8362 17.0524 4.2
      vertex -13.3382 16.2854 4.2
      vertex -13.3674 17.1848 4.2
    endloop
  endfacet
  facet normal 0 0 1
    outer loop
      vertex -13.3382 16.2854 4.2
      vertex -13.8362 17.0524 4.2
      vertex -13.6763 16.2138 4.2
    endloop
  endfacet
  facet normal 0 0 1
    outer loop
      vertex -13.8362 17.0524 4.2
      vertex -14.0296 16.1708 4.2
      vertex -13.6763 16.2138 4.2
    endloop
  endfacet
  facet normal -0 0 1
    outer loop
      vertex -14.3493 17.0082 4.2
      vertex -14.0296 16.1708 4.2
      vertex -13.8362 17.0524 4.2
    endloop
  endfacet
  facet normal 0 0 1
    outer loop
      vertex -14.3493 17.0082 4.2
      vertex -14.3981 16.1565 4.2
      vertex -14.0296 16.1708 4.2
    endloop
  endfacet
  facet normal 0 0 1
    outer loop
      vertex -14.7746 16.1699 4.2
      vertex -14.3493 17.0082 4.2
      vertex -14.7527 17.0319 4.2
    endloop
  endfacet
  facet normal 0 0 1
    outer loop
      vertex -14.3493 17.0082 4.2
      vertex -14.7746 16.1699 4.2
      vertex -14.3981 16.1565 4.2
    endloop
  endfacet
  facet normal 0 0 1
    outer loop
      vertex -15.1338 16.2099 4.2
      vertex -14.7527 17.0319 4.2
      vertex -15.1272 17.1031 4.2
    endloop
  endfacet
  facet normal 0 0 1
    outer loop
      vertex -14.7527 17.0319 4.2
      vertex -15.1338 16.2099 4.2
      vertex -14.7746 16.1699 4.2
    endloop
  endfacet
  facet normal 0 0 1
    outer loop
      vertex -15.4757 16.2766 4.2
      vertex -15.1272 17.1031 4.2
      vertex -15.473 17.2218 4.2
    endloop
  endfacet
  facet normal 0 0 1
    outer loop
      vertex -15.1272 17.1031 4.2
      vertex -15.4757 16.2766 4.2
      vertex -15.1338 16.2099 4.2
    endloop
  endfacet
  facet normal 0 0 1
    outer loop
      vertex -16.1074 16.4899 4.2
      vertex -15.473 17.2218 4.2
      vertex -15.79 17.3879 4.2
    endloop
  endfacet
  facet normal 0 0 1
    outer loop
      vertex -15.473 17.2218 4.2
      vertex -15.8002 16.3699 4.2
      vertex -15.4757 16.2766 4.2
    endloop
  endfacet
  facet normal 0 0 1
    outer loop
      vertex -16.3972 16.6366 4.2
      vertex -15.79 17.3879 4.2
      vertex -16.0782 17.6015 4.2
    endloop
  endfacet
  facet normal 0 0 1
    outer loop
      vertex -15.473 17.2218 4.2
      vertex -16.1074 16.4899 4.2
      vertex -15.8002 16.3699 4.2
    endloop
  endfacet
  facet normal 0 0 1
    outer loop
      vertex -16.915 17.0025 4.2
      vertex -16.0782 17.6015 4.2
      vertex -16.3376 17.8626 4.2
    endloop
  endfacet
  facet normal 0 0 1
    outer loop
      vertex -15.79 17.3879 4.2
      vertex -16.3972 16.6366 4.2
      vertex -16.1074 16.4899 4.2
    endloop
  endfacet
  facet normal 0 0 1
    outer loop
      vertex -17.3436 17.46 4.2
      vertex -16.3376 17.8626 4.2
      vertex -16.5622 18.1627 4.2
    endloop
  endfacet
  facet normal 0 0 1
    outer loop
      vertex -16.0782 17.6015 4.2
      vertex -16.6673 16.8081 4.2
      vertex -16.3972 16.6366 4.2
    endloop
  endfacet
  facet normal 0 0 1
    outer loop
      vertex -17.5245 17.7231 4.2
      vertex -16.5622 18.1627 4.2
      vertex -16.746 18.4934 4.2
    endloop
  endfacet
  facet normal 0 0 1
    outer loop
      vertex -17.8181 18.3158 4.2
      vertex -16.746 18.4934 4.2
      vertex -16.8889 18.8548 4.2
    endloop
  endfacet
  facet normal 0 0 1
    outer loop
      vertex -16.0782 17.6015 4.2
      vertex -16.915 17.0025 4.2
      vertex -16.6673 16.8081 4.2
    endloop
  endfacet
  facet normal 0 0 1
    outer loop
      vertex -17.9286 18.6406 4.2
      vertex -16.8889 18.8548 4.2
      vertex -16.991 19.2466 4.2
    endloop
  endfacet
  facet normal -0 0 1
    outer loop
      vertex -18.076 19.3449 4.2
      vertex -16.991 19.2466 4.2
      vertex -17.0523 19.6691 4.2
    endloop
  endfacet
  facet normal 0 0 1
    outer loop
      vertex -16.3376 17.8626 4.2
      vertex -17.1405 17.2198 4.2
      vertex -16.915 17.0025 4.2
    endloop
  endfacet
  facet normal -0 0 1
    outer loop
      vertex -18.1128 19.7244 4.2
      vertex -17.0523 19.6691 4.2
      vertex -17.0727 20.1222 4.2
    endloop
  endfacet
  facet normal 0 0 1
    outer loop
      vertex -18.0154 21.253 4.2
      vertex -16.8964 21.3923 4.2
      vertex -17.8783 21.7524 4.2
    endloop
  endfacet
  facet normal 0 -0 1
    outer loop
      vertex -18.1128 19.7244 4.2
      vertex -17.0727 20.1222 4.2
      vertex -18.1251 20.1222 4.2
    endloop
  endfacet
  facet normal 0 0 1
    outer loop
      vertex -16.8964 21.3923 4.2
      vertex -18.0154 21.253 4.2
      vertex -16.9943 21.0025 4.2
    endloop
  endfacet
  facet normal 0 0 1
    outer loop
      vertex -17.0523 19.6691 4.2
      vertex -18.1128 19.7244 4.2
      vertex -18.076 19.3449 4.2
    endloop
  endfacet
  facet normal 0 0 1
    outer loop
      vertex -16.991 19.2466 4.2
      vertex -18.0146 18.9836 4.2
      vertex -17.9286 18.6406 4.2
    endloop
  endfacet
  facet normal 0 0 1
    outer loop
      vertex -18.0977 20.7096 4.2
      vertex -16.9943 21.0025 4.2
      vertex -18.0154 21.253 4.2
    endloop
  endfacet
  facet normal 0 0 1
    outer loop
      vertex -16.8889 18.8548 4.2
      vertex -17.9286 18.6406 4.2
      vertex -17.8181 18.3158 4.2
    endloop
  endfacet
  facet normal 0 0 1
    outer loop
      vertex -16.9943 21.0025 4.2
      vertex -18.0977 20.7096 4.2
      vertex -17.0531 20.5792 4.2
    endloop
  endfacet
  facet normal 0 0 1
    outer loop
      vertex -16.5622 18.1627 4.2
      vertex -17.5245 17.7231 4.2
      vertex -17.3436 17.46 4.2
    endloop
  endfacet
  facet normal 0 0 1
    outer loop
      vertex -16.746 18.4934 4.2
      vertex -17.683 18.0092 4.2
      vertex -17.5245 17.7231 4.2
    endloop
  endfacet
  facet normal 0 0 1
    outer loop
      vertex -18.1251 20.1222 4.2
      vertex -17.0531 20.5792 4.2
      vertex -18.0977 20.7096 4.2
    endloop
  endfacet
  facet normal 0 0 1
    outer loop
      vertex -16.746 18.4934 4.2
      vertex -17.8181 18.3158 4.2
      vertex -17.683 18.0092 4.2
    endloop
  endfacet
  facet normal 0 0 1
    outer loop
      vertex -17.0531 20.5792 4.2
      vertex -18.1251 20.1222 4.2
      vertex -17.0727 20.1222 4.2
    endloop
  endfacet
  facet normal 0 0 1
    outer loop
      vertex -16.3376 17.8626 4.2
      vertex -17.3436 17.46 4.2
      vertex -17.1405 17.2198 4.2
    endloop
  endfacet
  facet normal 0 0 1
    outer loop
      vertex -16.991 19.2466 4.2
      vertex -18.076 19.3449 4.2
      vertex -18.0146 18.9836 4.2
    endloop
  endfacet
  facet normal 0 0 1
    outer loop
      vertex -24.5672 16.265 4.2
      vertex -26.4985 18.5001 4.2
      vertex -25.6251 16.265 4.2
    endloop
  endfacet
  facet normal 0 0 1
    outer loop
      vertex -24.5672 16.265 4.2
      vertex -26.8077 19.3084 4.2
      vertex -26.4985 18.5001 4.2
    endloop
  endfacet
  facet normal 0 0 1
    outer loop
      vertex -27.6377 23.9088 4.2
      vertex -26.8077 19.3084 4.2
      vertex -24.5672 16.265 4.2
    endloop
  endfacet
  facet normal 0 0 1
    outer loop
      vertex -27.6377 23.9088 4.2
      vertex -27.7896 21.8311 4.2
      vertex -26.8077 19.3084 4.2
    endloop
  endfacet
  facet normal 0 0 1
    outer loop
      vertex -27.6377 23.9088 4.2
      vertex -27.8403 21.9586 4.2
      vertex -27.7896 21.8311 4.2
    endloop
  endfacet
  facet normal 0 0 1
    outer loop
      vertex -27.6377 23.9088 4.2
      vertex -27.8909 22.0915 4.2
      vertex -27.8403 21.9586 4.2
    endloop
  endfacet
  facet normal 0 0 1
    outer loop
      vertex -27.6377 23.9088 4.2
      vertex -27.9415 22.2298 4.2
      vertex -27.8909 22.0915 4.2
    endloop
  endfacet
  facet normal 0 0 1
    outer loop
      vertex -27.6377 23.9088 4.2
      vertex -27.9922 22.3736 4.2
      vertex -27.9415 22.2298 4.2
    endloop
  endfacet
  facet normal 0 0 1
    outer loop
      vertex -27.6377 23.9088 4.2
      vertex -28.0428 22.5227 4.2
      vertex -27.9922 22.3736 4.2
    endloop
  endfacet
  facet normal 0 0 1
    outer loop
      vertex -27.6377 23.9088 4.2
      vertex -28.0934 22.6773 4.2
      vertex -28.0428 22.5227 4.2
    endloop
  endfacet
  facet normal 0 0 1
    outer loop
      vertex -27.6377 23.9088 4.2
      vertex -28.2399 23.1276 4.2
      vertex -28.0934 22.6773 4.2
    endloop
  endfacet
  facet normal 0 0 1
    outer loop
      vertex -28.815 23.9088 4.2
      vertex -28.3376 22.8185 4.2
      vertex -28.2888 22.9757 4.2
    endloop
  endfacet
  facet normal 0 0 1
    outer loop
      vertex -28.3376 22.8185 4.2
      vertex -28.815 23.9088 4.2
      vertex -28.3936 22.6472 4.2
    endloop
  endfacet
  facet normal 0 0 1
    outer loop
      vertex -28.815 23.9088 4.2
      vertex -28.2888 22.9757 4.2
      vertex -28.2399 23.1276 4.2
    endloop
  endfacet
  facet normal 0 0 1
    outer loop
      vertex -28.3936 22.6472 4.2
      vertex -28.815 23.9088 4.2
      vertex -28.4569 22.4617 4.2
    endloop
  endfacet
  facet normal 0 0 1
    outer loop
      vertex -28.4569 22.4617 4.2
      vertex -28.815 23.9088 4.2
      vertex -28.5275 22.262 4.2
    endloop
  endfacet
  facet normal 0 0 1
    outer loop
      vertex -28.5275 22.262 4.2
      vertex -28.815 23.9088 4.2
      vertex -28.6052 22.0482 4.2
    endloop
  endfacet
  facet normal -0 0 1
    outer loop
      vertex -28.815 23.9088 4.2
      vertex -28.2399 23.1276 4.2
      vertex -27.6377 23.9088 4.2
    endloop
  endfacet
  facet normal 0 0 1
    outer loop
      vertex -28.6052 22.0482 4.2
      vertex -28.815 23.9088 4.2
      vertex -28.6902 21.8202 4.2
    endloop
  endfacet
  facet normal 0 0 1
    outer loop
      vertex -28.815 23.9088 4.2
      vertex -29.6667 19.3084 4.2
      vertex -28.6902 21.8202 4.2
    endloop
  endfacet
  facet normal 0 0 1
    outer loop
      vertex -31.9344 16.265 4.2
      vertex -29.6667 19.3084 4.2
      vertex -28.815 23.9088 4.2
    endloop
  endfacet
  facet normal 0 0 1
    outer loop
      vertex -29.6667 19.3084 4.2
      vertex -31.9344 16.265 4.2
      vertex -29.9813 18.5001 4.2
    endloop
  endfacet
  facet normal 0 0 1
    outer loop
      vertex -29.9813 18.5001 4.2
      vertex -31.9344 16.265 4.2
      vertex -30.8602 16.265 4.2
    endloop
  endfacet
  facet normal -0 0 1
    outer loop
      vertex -29.6667 19.3084 4.2
      vertex -26.4985 18.5001 4.2
      vertex -26.8077 19.3084 4.2
    endloop
  endfacet
  facet normal 0 0 1
    outer loop
      vertex -26.4985 18.5001 4.2
      vertex -29.6667 19.3084 4.2
      vertex -29.9813 18.5001 4.2
    endloop
  endfacet
  facet normal 0 0 1
    outer loop
      vertex 23.5934 23.9088 4.2
      vertex 18.8303 23.0625 4.2
      vertex 23.5934 23.0625 4.2
    endloop
  endfacet
  facet normal 0 0 1
    outer loop
      vertex 17.7941 23.9088 4.2
      vertex 18.8303 20.6104 4.2
      vertex 18.8303 23.0625 4.2
    endloop
  endfacet
  facet normal 0 0 1
    outer loop
      vertex 18.8303 20.6104 4.2
      vertex 17.7941 23.9088 4.2
      vertex 18.8303 19.775 4.2
    endloop
  endfacet
  facet normal 0 0 1
    outer loop
      vertex 17.7941 16.265 4.2
      vertex 18.8303 19.775 4.2
      vertex 17.7941 23.9088 4.2
    endloop
  endfacet
  facet normal -0 0 1
    outer loop
      vertex 17.7941 23.9088 4.2
      vertex 18.8303 23.0625 4.2
      vertex 23.5934 23.9088 4.2
    endloop
  endfacet
  facet normal -0 0 1
    outer loop
      vertex 18.8303 20.6104 4.2
      vertex 23.2679 19.775 4.2
      vertex 23.2679 20.6104 4.2
    endloop
  endfacet
  facet normal 0 0 1
    outer loop
      vertex 23.2679 19.775 4.2
      vertex 18.8303 20.6104 4.2
      vertex 18.8303 19.775 4.2
    endloop
  endfacet
  facet normal -0 0 1
    outer loop
      vertex 18.8303 17.1113 4.2
      vertex 23.8158 16.265 4.2
      vertex 23.8158 17.1113 4.2
    endloop
  endfacet
  facet normal 0 0 1
    outer loop
      vertex 18.8303 17.1113 4.2
      vertex 17.7941 16.265 4.2
      vertex 23.8158 16.265 4.2
    endloop
  endfacet
  facet normal 0 0 1
    outer loop
      vertex 18.8303 19.775 4.2
      vertex 17.7941 16.265 4.2
      vertex 18.8303 17.1113 4.2
    endloop
  endfacet
  facet normal 0 0 1
    outer loop
      vertex 16.7863 23.9088 4.2
      vertex 14.1606 23.0625 4.2
      vertex 16.7863 23.0625 4.2
    endloop
  endfacet
  facet normal 0 0 1
    outer loop
      vertex 14.1606 23.0625 4.2
      vertex 13.1299 23.0625 4.2
      vertex 14.1606 16.265 4.2
    endloop
  endfacet
  facet normal 0 0 1
    outer loop
      vertex 16.7863 23.9088 4.2
      vertex 13.1299 23.0625 4.2
      vertex 14.1606 23.0625 4.2
    endloop
  endfacet
  facet normal -0 0 1
    outer loop
      vertex 10.5042 23.9088 4.2
      vertex 13.1299 23.0625 4.2
      vertex 16.7863 23.9088 4.2
    endloop
  endfacet
  facet normal 0 0 1
    outer loop
      vertex 13.1299 23.0625 4.2
      vertex 10.5042 23.9088 4.2
      vertex 10.5042 23.0625 4.2
    endloop
  endfacet
  facet normal 0 0 1
    outer loop
      vertex 14.1606 16.265 4.2
      vertex 13.1299 23.0625 4.2
      vertex 13.1299 16.265 4.2
    endloop
  endfacet
  facet normal -0 0 1
    outer loop
      vertex -3.96158 23.9088 4.2
      vertex -2.92534 19.1294 4.2
      vertex -2.92534 23.9088 4.2
    endloop
  endfacet
  facet normal 0 -0 1
    outer loop
      vertex -3.95088 18.7494 4.2
      vertex -2.92534 19.1294 4.2
      vertex -3.96158 19.0426 4.2
    endloop
  endfacet
  facet normal 0 -0 1
    outer loop
      vertex -3.91878 18.47 4.2
      vertex -2.92534 19.1294 4.2
      vertex -3.95088 18.7494 4.2
    endloop
  endfacet
  facet normal 0 -0 1
    outer loop
      vertex -3.86528 18.2044 4.2
      vertex -2.92534 19.1294 4.2
      vertex -3.91878 18.47 4.2
    endloop
  endfacet
  facet normal 0 0 1
    outer loop
      vertex -2.92534 19.1294 4.2
      vertex -3.28464 17.0914 4.2
      vertex -3.11255 16.9173 4.2
    endloop
  endfacet
  facet normal 0 0 1
    outer loop
      vertex -2.92534 19.1294 4.2
      vertex -3.43924 17.2826 4.2
      vertex -3.28464 17.0914 4.2
    endloop
  endfacet
  facet normal 0 0 1
    outer loop
      vertex -2.92534 19.1294 4.2
      vertex -3.57639 17.491 4.2
      vertex -3.43924 17.2826 4.2
    endloop
  endfacet
  facet normal 0 0 1
    outer loop
      vertex -2.92534 19.1294 4.2
      vertex -3.79039 17.9528 4.2
      vertex -3.69408 17.715 4.2
    endloop
  endfacet
  facet normal 0 -0 1
    outer loop
      vertex -3.79039 17.9528 4.2
      vertex -2.92534 19.1294 4.2
      vertex -3.86528 18.2044 4.2
    endloop
  endfacet
  facet normal 0 0 1
    outer loop
      vertex -2.92534 19.1294 4.2
      vertex -3.96158 23.9088 4.2
      vertex -3.96158 19.0426 4.2
    endloop
  endfacet
  facet normal 0 0 1
    outer loop
      vertex -2.92534 19.1294 4.2
      vertex -3.69408 17.715 4.2
      vertex -3.57639 17.491 4.2
    endloop
  endfacet
  facet normal -0 0 1
    outer loop
      vertex 1.31696 19.2 4.2
      vertex 2.34769 19.1403 4.2
      vertex 2.34769 23.9088 4.2
    endloop
  endfacet
  facet normal 0 0 1
    outer loop
      vertex 2.34769 19.1403 4.2
      vertex 1.31696 19.2 4.2
      vertex 2.33676 18.8382 4.2
    endloop
  endfacet
  facet normal -0 0 1
    outer loop
      vertex 1.30107 18.8545 4.2
      vertex 2.33676 18.8382 4.2
      vertex 1.31696 19.2 4.2
    endloop
  endfacet
  facet normal 0 0 1
    outer loop
      vertex 2.33676 18.8382 4.2
      vertex 1.30107 18.8545 4.2
      vertex 2.30399 18.5502 4.2
    endloop
  endfacet
  facet normal 0 0 1
    outer loop
      vertex 1.25337 18.5378 4.2
      vertex 2.30399 18.5502 4.2
      vertex 1.30107 18.8545 4.2
    endloop
  endfacet
  facet normal 0 0 1
    outer loop
      vertex 2.30399 18.5502 4.2
      vertex 1.25337 18.5378 4.2
      vertex 2.24936 18.2764 4.2
    endloop
  endfacet
  facet normal 0 0 1
    outer loop
      vertex 2.24936 18.2764 4.2
      vertex 1.25337 18.5378 4.2
      vertex 2.1729 18.0167 4.2
    endloop
  endfacet
  facet normal -0 0 1
    outer loop
      vertex 1.17387 18.2499 4.2
      vertex 2.1729 18.0167 4.2
      vertex 1.25337 18.5378 4.2
    endloop
  endfacet
  facet normal 0 0 1
    outer loop
      vertex 2.1729 18.0167 4.2
      vertex 1.17387 18.2499 4.2
      vertex 2.07457 17.7712 4.2
    endloop
  endfacet
  facet normal 0 0 1
    outer loop
      vertex 1.31696 19.2 4.2
      vertex 2.34769 23.9088 4.2
      vertex 1.31696 23.9088 4.2
    endloop
  endfacet
  facet normal -0 0 1
    outer loop
      vertex 1.06259 17.9908 4.2
      vertex 2.07457 17.7712 4.2
      vertex 1.17387 18.2499 4.2
    endloop
  endfacet
  facet normal 0 0 1
    outer loop
      vertex 2.07457 17.7712 4.2
      vertex 1.06259 17.9908 4.2
      vertex 1.95441 17.5399 4.2
    endloop
  endfacet
  facet normal 0 0 1
    outer loop
      vertex 1.95441 17.5399 4.2
      vertex 1.06259 17.9908 4.2
      vertex 1.81427 17.3245 4.2
    endloop
  endfacet
  facet normal -0 0 1
    outer loop
      vertex 0.91951 17.7604 4.2
      vertex 1.81427 17.3245 4.2
      vertex 1.06259 17.9908 4.2
    endloop
  endfacet
  facet normal 0 0 1
    outer loop
      vertex 1.81427 17.3245 4.2
      vertex 0.91951 17.7604 4.2
      vertex 1.65604 17.1267 4.2
    endloop
  endfacet
  facet normal 0 0 1
    outer loop
      vertex 1.65604 17.1267 4.2
      vertex 0.91951 17.7604 4.2
      vertex 1.47972 16.9465 4.2
    endloop
  endfacet
  facet normal -0 0 1
    outer loop
      vertex 0.744644 17.5589 4.2
      vertex 1.47972 16.9465 4.2
      vertex 0.91951 17.7604 4.2
    endloop
  endfacet
  facet normal 0 0 1
    outer loop
      vertex 1.47972 16.9465 4.2
      vertex 0.744644 17.5589 4.2
      vertex 1.28532 16.784 4.2
    endloop
  endfacet
  facet normal -0 0 1
    outer loop
      vertex 0.541138 17.3873 4.2
      vertex 1.28532 16.784 4.2
      vertex 0.744644 17.5589 4.2
    endloop
  endfacet
  facet normal 0 0 1
    outer loop
      vertex 1.28532 16.784 4.2
      vertex 0.541138 17.3873 4.2
      vertex 1.07283 16.6391 4.2
    endloop
  endfacet
  facet normal 0 0 1
    outer loop
      vertex 1.07283 16.6391 4.2
      vertex 0.541138 17.3873 4.2
      vertex 0.842239 16.5118 4.2
    endloop
  endfacet
  facet normal -0 0 1
    outer loop
      vertex 0.312149 17.2469 4.2
      vertex 0.842239 16.5118 4.2
      vertex 0.541138 17.3873 4.2
    endloop
  endfacet
  facet normal 0 0 1
    outer loop
      vertex 0.842239 16.5118 4.2
      vertex 0.312149 17.2469 4.2
      vertex 0.59549 16.4032 4.2
    endloop
  endfacet
  facet normal -0 0 1
    outer loop
      vertex 0.0577087 17.1378 4.2
      vertex 0.59549 16.4032 4.2
      vertex 0.312149 17.2469 4.2
    endloop
  endfacet
  facet normal 0 0 1
    outer loop
      vertex 0.59549 16.4032 4.2
      vertex 0.0577087 17.1378 4.2
      vertex 0.334412 16.3144 4.2
    endloop
  endfacet
  facet normal 0 0 1
    outer loop
      vertex 0.334412 16.3144 4.2
      vertex 0.0577087 17.1378 4.2
      vertex 0.059021 16.2453 4.2
    endloop
  endfacet
  facet normal -0 0 1
    outer loop
      vertex -0.222198 17.0598 4.2
      vertex 0.059021 16.2453 4.2
      vertex 0.0577087 17.1378 4.2
    endloop
  endfacet
  facet normal 0 0 1
    outer loop
      vertex -0.222198 17.0598 4.2
      vertex -0.230667 16.196 4.2
      vertex 0.059021 16.2453 4.2
    endloop
  endfacet
  facet normal -0 0 1
    outer loop
      vertex -0.527603 17.013 4.2
      vertex -0.230667 16.196 4.2
      vertex -0.222198 17.0598 4.2
    endloop
  endfacet
  facet normal 0 0 1
    outer loop
      vertex -0.527603 17.013 4.2
      vertex -0.534683 16.1664 4.2
      vertex -0.230667 16.196 4.2
    endloop
  endfacet
  facet normal -0 0 1
    outer loop
      vertex -0.858459 16.9974 4.2
      vertex -0.534683 16.1664 4.2
      vertex -0.527603 17.013 4.2
    endloop
  endfacet
  facet normal 0 0 1
    outer loop
      vertex -0.534683 16.1664 4.2
      vertex -0.858459 16.9974 4.2
      vertex -0.853027 16.1565 4.2
    endloop
  endfacet
  facet normal 0 0 1
    outer loop
      vertex -0.858459 16.9974 4.2
      vertex -1.15924 16.166 4.2
      vertex -0.853027 16.1565 4.2
    endloop
  endfacet
  facet normal 0 0 1
    outer loop
      vertex -1.17989 17.0125 4.2
      vertex -1.15924 16.166 4.2
      vertex -0.858459 16.9974 4.2
    endloop
  endfacet
  facet normal 0 0 1
    outer loop
      vertex -1.17989 17.0125 4.2
      vertex -1.45221 16.1945 4.2
      vertex -1.15924 16.166 4.2
    endloop
  endfacet
  facet normal 0 0 1
    outer loop
      vertex -1.4751 17.0577 4.2
      vertex -1.45221 16.1945 4.2
      vertex -1.17989 17.0125 4.2
    endloop
  endfacet
  facet normal 0 0 1
    outer loop
      vertex -1.4751 17.0577 4.2
      vertex -1.7319 16.242 4.2
      vertex -1.45221 16.1945 4.2
    endloop
  endfacet
  facet normal 0 0 1
    outer loop
      vertex -1.74408 17.133 4.2
      vertex -1.7319 16.242 4.2
      vertex -1.4751 17.0577 4.2
    endloop
  endfacet
  facet normal 0 0 1
    outer loop
      vertex -2.25151 16.3939 4.2
      vertex -1.74408 17.133 4.2
      vertex -1.98685 17.2385 4.2
    endloop
  endfacet
  facet normal 0 0 1
    outer loop
      vertex -1.74408 17.133 4.2
      vertex -1.99834 16.3084 4.2
      vertex -1.7319 16.242 4.2
    endloop
  endfacet
  facet normal 0 0 1
    outer loop
      vertex -2.49142 16.4983 4.2
      vertex -1.98685 17.2385 4.2
      vertex -2.20341 17.3741 4.2
    endloop
  endfacet
  facet normal 0 0 1
    outer loop
      vertex -1.74408 17.133 4.2
      vertex -2.25151 16.3939 4.2
      vertex -1.99834 16.3084 4.2
    endloop
  endfacet
  facet normal 0 0 1
    outer loop
      vertex -2.92297 16.7605 4.2
      vertex -2.20341 17.3741 4.2
      vertex -2.39374 17.5399 4.2
    endloop
  endfacet
  facet normal 0 0 1
    outer loop
      vertex -1.98685 17.2385 4.2
      vertex -2.49142 16.4983 4.2
      vertex -2.25151 16.3939 4.2
    endloop
  endfacet
  facet normal 0 0 1
    outer loop
      vertex -3.11255 16.9173 4.2
      vertex -2.39374 17.5399 4.2
      vertex -2.55618 17.7347 4.2
    endloop
  endfacet
  facet normal 0 0 1
    outer loop
      vertex -3.11255 16.9173 4.2
      vertex -2.55618 17.7347 4.2
      vertex -2.68907 17.9576 4.2
    endloop
  endfacet
  facet normal 0 0 1
    outer loop
      vertex -2.20341 17.3741 4.2
      vertex -2.71594 16.6208 4.2
      vertex -2.49142 16.4983 4.2
    endloop
  endfacet
  facet normal 0 0 1
    outer loop
      vertex -3.11255 16.9173 4.2
      vertex -2.68907 17.9576 4.2
      vertex -2.79245 18.2085 4.2
    endloop
  endfacet
  facet normal 0 0 1
    outer loop
      vertex -3.11255 16.9173 4.2
      vertex -2.79245 18.2085 4.2
      vertex -2.86627 18.4874 4.2
    endloop
  endfacet
  facet normal 0 0 1
    outer loop
      vertex -3.11255 16.9173 4.2
      vertex -2.86627 18.4874 4.2
      vertex -2.91058 18.7944 4.2
    endloop
  endfacet
  facet normal 0 0 1
    outer loop
      vertex -2.20341 17.3741 4.2
      vertex -2.92297 16.7605 4.2
      vertex -2.71594 16.6208 4.2
    endloop
  endfacet
  facet normal 0 0 1
    outer loop
      vertex -3.11255 16.9173 4.2
      vertex -2.91058 18.7944 4.2
      vertex -2.92534 19.1294 4.2
    endloop
  endfacet
  facet normal 0 0 1
    outer loop
      vertex -2.39374 17.5399 4.2
      vertex -3.11255 16.9173 4.2
      vertex -2.92297 16.7605 4.2
    endloop
  endfacet
  facet normal 0 0 1
    outer loop
      vertex -8.90572 23.9088 4.2
      vertex -9.94188 23.9088 4.2
      vertex -8.90572 17.1113 4.2
    endloop
  endfacet
  facet normal -0 0 1
    outer loop
      vertex -8.90572 17.1113 4.2
      vertex -5.04315 16.265 4.2
      vertex -5.04315 17.1113 4.2
    endloop
  endfacet
  facet normal 0 0 1
    outer loop
      vertex -8.90572 17.1113 4.2
      vertex -9.94188 16.265 4.2
      vertex -5.04315 16.265 4.2
    endloop
  endfacet
  facet normal 0 0 1
    outer loop
      vertex -9.94188 16.265 4.2
      vertex -8.90572 17.1113 4.2
      vertex -9.94188 23.9088 4.2
    endloop
  endfacet
  facet normal -0 0 1
    outer loop
      vertex -23.6933 23.9088 4.2
      vertex -22.6572 16.265 4.2
      vertex -22.6572 23.9088 4.2
    endloop
  endfacet
  facet normal 0 0 1
    outer loop
      vertex -22.6572 16.265 4.2
      vertex -23.6933 23.9088 4.2
      vertex -23.6933 16.265 4.2
    endloop
  endfacet
  facet normal 0.107994 -0.994152 0
    outer loop
      vertex 7.24272 16.1727 3
      vertex 7.68735 16.221 4.2
      vertex 7.24272 16.1727 4.2
    endloop
  endfacet
  facet normal 0.107994 -0.994152 0
    outer loop
      vertex 7.68735 16.221 4.2
      vertex 7.24272 16.1727 3
      vertex 7.68735 16.221 3
    endloop
  endfacet
  facet normal 0.194452 -0.980912 0
    outer loop
      vertex 7.68735 16.221 3
      vertex 8.09444 16.3017 4.2
      vertex 7.68735 16.221 4.2
    endloop
  endfacet
  facet normal 0.194452 -0.980912 0
    outer loop
      vertex 8.09444 16.3017 4.2
      vertex 7.68735 16.221 3
      vertex 8.09444 16.3017 3
    endloop
  endfacet
  facet normal 0.291932 -0.956439 0
    outer loop
      vertex 8.09444 16.3017 3
      vertex 8.464 16.4145 4.2
      vertex 8.09444 16.3017 4.2
    endloop
  endfacet
  facet normal 0.291932 -0.956439 0
    outer loop
      vertex 8.464 16.4145 4.2
      vertex 8.09444 16.3017 3
      vertex 8.464 16.4145 3
    endloop
  endfacet
  facet normal 0.400421 -0.916331 0
    outer loop
      vertex 8.464 16.4145 3
      vertex 8.79605 16.5596 4.2
      vertex 8.464 16.4145 4.2
    endloop
  endfacet
  facet normal 0.400421 -0.916331 0
    outer loop
      vertex 8.79605 16.5596 4.2
      vertex 8.464 16.4145 3
      vertex 8.79605 16.5596 3
    endloop
  endfacet
  facet normal 0.515953 -0.856617 0
    outer loop
      vertex 8.79605 16.5596 3
      vertex 9.09058 16.737 4.2
      vertex 8.79605 16.5596 4.2
    endloop
  endfacet
  facet normal 0.515953 -0.856617 0
    outer loop
      vertex 9.09058 16.737 4.2
      vertex 8.79605 16.5596 3
      vertex 9.09058 16.737 3
    endloop
  endfacet
  facet normal 0.633171 -0.774012 0
    outer loop
      vertex 9.09058 16.737 3
      vertex 9.34338 16.9438 4.2
      vertex 9.09058 16.737 4.2
    endloop
  endfacet
  facet normal 0.633171 -0.774012 0
    outer loop
      vertex 9.34338 16.9438 4.2
      vertex 9.09058 16.737 3
      vertex 9.34338 16.9438 3
    endloop
  endfacet
  facet normal 0.748124 -0.663559 0
    outer loop
      vertex 9.34338 16.9438 4.2
      vertex 9.55022 17.177 3
      vertex 9.55022 17.177 4.2
    endloop
  endfacet
  facet normal 0.748124 -0.663559 0
    outer loop
      vertex 9.55022 17.177 3
      vertex 9.34338 16.9438 4.2
      vertex 9.34338 16.9438 3
    endloop
  endfacet
  facet normal 0.850204 -0.526453 0
    outer loop
      vertex 9.55022 17.177 4.2
      vertex 9.71109 17.4368 3
      vertex 9.71109 17.4368 4.2
    endloop
  endfacet
  facet normal 0.850204 -0.526453 0
    outer loop
      vertex 9.71109 17.4368 3
      vertex 9.55022 17.177 4.2
      vertex 9.55022 17.177 3
    endloop
  endfacet
  facet normal 0.92804 -0.37248 0
    outer loop
      vertex 9.71109 17.4368 4.2
      vertex 9.826 17.7231 3
      vertex 9.826 17.7231 4.2
    endloop
  endfacet
  facet normal 0.92804 -0.37248 0
    outer loop
      vertex 9.826 17.7231 3
      vertex 9.71109 17.4368 4.2
      vertex 9.71109 17.4368 3
    endloop
  endfacet
  facet normal 0.976564 -0.215225 0
    outer loop
      vertex 9.826 17.7231 4.2
      vertex 9.89496 18.036 3
      vertex 9.89496 18.036 4.2
    endloop
  endfacet
  facet normal 0.976564 -0.215225 0
    outer loop
      vertex 9.89496 18.036 3
      vertex 9.826 17.7231 4.2
      vertex 9.826 17.7231 3
    endloop
  endfacet
  facet normal 0.997714 -0.0675729 0
    outer loop
      vertex 9.89496 18.036 4.2
      vertex 9.91794 18.3753 3
      vertex 9.91794 18.3753 4.2
    endloop
  endfacet
  facet normal 0.997714 -0.0675729 0
    outer loop
      vertex 9.91794 18.3753 3
      vertex 9.89496 18.036 4.2
      vertex 9.89496 18.036 3
    endloop
  endfacet
  facet normal 0.999718 0.0237644 0
    outer loop
      vertex 9.91794 18.3753 4.2
      vertex 9.9147 18.5116 3
      vertex 9.9147 18.5116 4.2
    endloop
  endfacet
  facet normal 0.999718 0.0237644 0
    outer loop
      vertex 9.9147 18.5116 3
      vertex 9.91794 18.3753 4.2
      vertex 9.91794 18.3753 3
    endloop
  endfacet
  facet normal 0.997225 0.0744472 0
    outer loop
      vertex 9.9147 18.5116 4.2
      vertex 9.90498 18.6418 3
      vertex 9.90498 18.6418 4.2
    endloop
  endfacet
  facet normal 0.997225 0.0744472 0
    outer loop
      vertex 9.90498 18.6418 3
      vertex 9.9147 18.5116 4.2
      vertex 9.9147 18.5116 3
    endloop
  endfacet
  facet normal 0.991587 0.129442 0
    outer loop
      vertex 9.90498 18.6418 4.2
      vertex 9.88878 18.7659 3
      vertex 9.88878 18.7659 4.2
    endloop
  endfacet
  facet normal 0.991587 0.129442 0
    outer loop
      vertex 9.88878 18.7659 3
      vertex 9.90498 18.6418 4.2
      vertex 9.90498 18.6418 3
    endloop
  endfacet
  facet normal 0.982085 0.188441 0
    outer loop
      vertex 9.88878 18.7659 4.2
      vertex 9.8661 18.8841 3
      vertex 9.8661 18.8841 4.2
    endloop
  endfacet
  facet normal 0.982085 0.188441 0
    outer loop
      vertex 9.8661 18.8841 3
      vertex 9.88878 18.7659 4.2
      vertex 9.88878 18.7659 3
    endloop
  endfacet
  facet normal 0.967793 0.251747 0
    outer loop
      vertex 9.8661 18.8841 4.2
      vertex 9.83694 18.9962 3
      vertex 9.83694 18.9962 4.2
    endloop
  endfacet
  facet normal 0.967793 0.251747 0
    outer loop
      vertex 9.83694 18.9962 3
      vertex 9.8661 18.8841 4.2
      vertex 9.8661 18.8841 3
    endloop
  endfacet
  facet normal 0.947948 0.318425 0
    outer loop
      vertex 9.83694 18.9962 4.2
      vertex 9.8013 19.1023 3
      vertex 9.8013 19.1023 4.2
    endloop
  endfacet
  facet normal 0.947948 0.318425 0
    outer loop
      vertex 9.8013 19.1023 3
      vertex 9.83694 18.9962 4.2
      vertex 9.83694 18.9962 3
    endloop
  endfacet
  facet normal 0.925117 0.379683 0
    outer loop
      vertex 9.8013 19.1023 4.2
      vertex 9.75993 19.2031 3
      vertex 9.75993 19.2031 4.2
    endloop
  endfacet
  facet normal 0.925117 0.379683 0
    outer loop
      vertex 9.75993 19.2031 3
      vertex 9.8013 19.1023 4.2
      vertex 9.8013 19.1023 3
    endloop
  endfacet
  facet normal 0.901099 0.433613 0
    outer loop
      vertex 9.75993 19.2031 4.2
      vertex 9.71359 19.2994 3
      vertex 9.71359 19.2994 4.2
    endloop
  endfacet
  facet normal 0.901099 0.433613 0
    outer loop
      vertex 9.71359 19.2994 3
      vertex 9.75993 19.2031 4.2
      vertex 9.75993 19.2031 3
    endloop
  endfacet
  facet normal 0.872676 0.488299 0
    outer loop
      vertex 9.71359 19.2994 4.2
      vertex 9.66228 19.3911 3
      vertex 9.66228 19.3911 4.2
    endloop
  endfacet
  facet normal 0.872676 0.488299 0
    outer loop
      vertex 9.66228 19.3911 3
      vertex 9.71359 19.2994 4.2
      vertex 9.71359 19.2994 3
    endloop
  endfacet
  facet normal 0.84044 0.541905 0
    outer loop
      vertex 9.66228 19.3911 4.2
      vertex 9.60599 19.4784 3
      vertex 9.60599 19.4784 4.2
    endloop
  endfacet
  facet normal 0.84044 0.541905 0
    outer loop
      vertex 9.60599 19.4784 3
      vertex 9.66228 19.3911 4.2
      vertex 9.66228 19.3911 3
    endloop
  endfacet
  facet normal 0.803507 0.595295 0
    outer loop
      vertex 9.60599 19.4784 4.2
      vertex 9.54472 19.5611 3
      vertex 9.54472 19.5611 4.2
    endloop
  endfacet
  facet normal 0.803507 0.595295 0
    outer loop
      vertex 9.54472 19.5611 3
      vertex 9.60599 19.4784 4.2
      vertex 9.60599 19.4784 3
    endloop
  endfacet
  facet normal 0.763142 0.646231 0
    outer loop
      vertex 9.54472 19.5611 4.2
      vertex 9.4785 19.6393 3
      vertex 9.4785 19.6393 4.2
    endloop
  endfacet
  facet normal 0.763142 0.646231 0
    outer loop
      vertex 9.4785 19.6393 3
      vertex 9.54472 19.5611 4.2
      vertex 9.54472 19.5611 3
    endloop
  endfacet
  facet normal 0.722801 0.691056 0
    outer loop
      vertex 9.4785 19.6393 4.2
      vertex 9.40775 19.7133 3
      vertex 9.40775 19.7133 4.2
    endloop
  endfacet
  facet normal 0.722801 0.691056 0
    outer loop
      vertex 9.40775 19.7133 3
      vertex 9.4785 19.6393 4.2
      vertex 9.4785 19.6393 3
    endloop
  endfacet
  facet normal 0.683665 0.729796 -0
    outer loop
      vertex 9.40775 19.7133 3
      vertex 9.33292 19.7834 4.2
      vertex 9.40775 19.7133 4.2
    endloop
  endfacet
  facet normal 0.683665 0.729796 0
    outer loop
      vertex 9.33292 19.7834 4.2
      vertex 9.40775 19.7133 3
      vertex 9.33292 19.7834 3
    endloop
  endfacet
  facet normal 0.642712 0.766108 -0
    outer loop
      vertex 9.33292 19.7834 3
      vertex 9.25401 19.8496 4.2
      vertex 9.33292 19.7834 4.2
    endloop
  endfacet
  facet normal 0.642712 0.766108 0
    outer loop
      vertex 9.25401 19.8496 4.2
      vertex 9.33292 19.7834 3
      vertex 9.25401 19.8496 3
    endloop
  endfacet
  facet normal 0.599877 0.800093 -0
    outer loop
      vertex 9.25401 19.8496 3
      vertex 9.17105 19.9118 4.2
      vertex 9.25401 19.8496 4.2
    endloop
  endfacet
  facet normal 0.599877 0.800093 0
    outer loop
      vertex 9.17105 19.9118 4.2
      vertex 9.25401 19.8496 3
      vertex 9.17105 19.9118 3
    endloop
  endfacet
  facet normal 0.556505 0.830844 -0
    outer loop
      vertex 9.17105 19.9118 3
      vertex 9.08401 19.9701 4.2
      vertex 9.17105 19.9118 4.2
    endloop
  endfacet
  facet normal 0.556505 0.830844 0
    outer loop
      vertex 9.08401 19.9701 4.2
      vertex 9.17105 19.9118 3
      vertex 9.08401 19.9701 3
    endloop
  endfacet
  facet normal 0.512651 0.858597 -0
    outer loop
      vertex 9.08401 19.9701 3
      vertex 8.9929 20.0245 4.2
      vertex 9.08401 19.9701 4.2
    endloop
  endfacet
  facet normal 0.512651 0.858597 0
    outer loop
      vertex 8.9929 20.0245 4.2
      vertex 9.08401 19.9701 3
      vertex 8.9929 20.0245 3
    endloop
  endfacet
  facet normal 0.478068 0.878323 -0
    outer loop
      vertex 8.9929 20.0245 3
      vertex 8.89865 20.0758 4.2
      vertex 8.9929 20.0245 4.2
    endloop
  endfacet
  facet normal 0.478068 0.878323 0
    outer loop
      vertex 8.89865 20.0758 4.2
      vertex 8.9929 20.0245 3
      vertex 8.89865 20.0758 3
    endloop
  endfacet
  facet normal 0.453446 0.891284 -0
    outer loop
      vertex 8.89865 20.0758 3
      vertex 8.80214 20.1249 4.2
      vertex 8.89865 20.0758 4.2
    endloop
  endfacet
  facet normal 0.453446 0.891284 0
    outer loop
      vertex 8.80214 20.1249 4.2
      vertex 8.89865 20.0758 3
      vertex 8.80214 20.1249 3
    endloop
  endfacet
  facet normal 0.428122 0.903721 -0
    outer loop
      vertex 8.80214 20.1249 3
      vertex 8.70335 20.1717 4.2
      vertex 8.80214 20.1249 4.2
    endloop
  endfacet
  facet normal 0.428122 0.903721 0
    outer loop
      vertex 8.70335 20.1717 4.2
      vertex 8.80214 20.1249 3
      vertex 8.70335 20.1717 3
    endloop
  endfacet
  facet normal 0.403127 0.915144 -0
    outer loop
      vertex 8.70335 20.1717 3
      vertex 8.60233 20.2162 4.2
      vertex 8.70335 20.1717 4.2
    endloop
  endfacet
  facet normal 0.403127 0.915144 0
    outer loop
      vertex 8.60233 20.2162 4.2
      vertex 8.70335 20.1717 3
      vertex 8.60233 20.2162 3
    endloop
  endfacet
  facet normal 0.378915 0.925431 -0
    outer loop
      vertex 8.60233 20.2162 3
      vertex 8.49902 20.2585 4.2
      vertex 8.60233 20.2162 4.2
    endloop
  endfacet
  facet normal 0.378915 0.925431 0
    outer loop
      vertex 8.49902 20.2585 4.2
      vertex 8.60233 20.2162 3
      vertex 8.49902 20.2585 3
    endloop
  endfacet
  facet normal 0.354344 0.935115 -0
    outer loop
      vertex 8.49902 20.2585 3
      vertex 8.39346 20.2985 4.2
      vertex 8.49902 20.2585 4.2
    endloop
  endfacet
  facet normal 0.354344 0.935115 0
    outer loop
      vertex 8.39346 20.2985 4.2
      vertex 8.49902 20.2585 3
      vertex 8.39346 20.2985 3
    endloop
  endfacet
  facet normal 0.333196 0.942858 -0
    outer loop
      vertex 8.39346 20.2985 3
      vertex 8.28593 20.3365 4.2
      vertex 8.39346 20.2985 4.2
    endloop
  endfacet
  facet normal 0.333196 0.942858 0
    outer loop
      vertex 8.28593 20.3365 4.2
      vertex 8.39346 20.2985 3
      vertex 8.28593 20.3365 3
    endloop
  endfacet
  facet normal 0.314741 0.949178 -0
    outer loop
      vertex 8.28593 20.3365 3
      vertex 8.17676 20.3727 4.2
      vertex 8.28593 20.3365 4.2
    endloop
  endfacet
  facet normal 0.314741 0.949178 0
    outer loop
      vertex 8.17676 20.3727 4.2
      vertex 8.28593 20.3365 3
      vertex 8.17676 20.3727 3
    endloop
  endfacet
  facet normal 0.295624 0.955304 -0
    outer loop
      vertex 8.17676 20.3727 3
      vertex 8.06592 20.407 4.2
      vertex 8.17676 20.3727 4.2
    endloop
  endfacet
  facet normal 0.295624 0.955304 0
    outer loop
      vertex 8.06592 20.407 4.2
      vertex 8.17676 20.3727 3
      vertex 8.06592 20.407 3
    endloop
  endfacet
  facet normal 0.278305 0.960493 -0
    outer loop
      vertex 8.06592 20.407 3
      vertex 7.95341 20.4396 4.2
      vertex 8.06592 20.407 4.2
    endloop
  endfacet
  facet normal 0.278305 0.960493 0
    outer loop
      vertex 7.95341 20.4396 4.2
      vertex 8.06592 20.407 3
      vertex 7.95341 20.4396 3
    endloop
  endfacet
  facet normal 0.259716 0.965685 -0
    outer loop
      vertex 7.95341 20.4396 3
      vertex 7.83926 20.4703 4.2
      vertex 7.95341 20.4396 4.2
    endloop
  endfacet
  facet normal 0.259716 0.965685 0
    outer loop
      vertex 7.83926 20.4703 4.2
      vertex 7.95341 20.4396 3
      vertex 7.83926 20.4703 3
    endloop
  endfacet
  facet normal 0.242122 0.970246 -0
    outer loop
      vertex 7.83926 20.4703 3
      vertex 7.72345 20.4992 4.2
      vertex 7.83926 20.4703 4.2
    endloop
  endfacet
  facet normal 0.242122 0.970246 0
    outer loop
      vertex 7.72345 20.4992 4.2
      vertex 7.83926 20.4703 3
      vertex 7.72345 20.4992 3
    endloop
  endfacet
  facet normal 0.23331 0.972402 -0
    outer loop
      vertex 7.72345 20.4992 3
      vertex 7.60675 20.5272 4.2
      vertex 7.72345 20.4992 4.2
    endloop
  endfacet
  facet normal 0.23331 0.972402 0
    outer loop
      vertex 7.60675 20.5272 4.2
      vertex 7.72345 20.4992 3
      vertex 7.60675 20.5272 3
    endloop
  endfacet
  facet normal 0.231414 0.972855 -0
    outer loop
      vertex 7.60675 20.5272 3
      vertex 7.48988 20.555 4.2
      vertex 7.60675 20.5272 4.2
    endloop
  endfacet
  facet normal 0.231414 0.972855 0
    outer loop
      vertex 7.48988 20.555 4.2
      vertex 7.60675 20.5272 3
      vertex 7.48988 20.555 3
    endloop
  endfacet
  facet normal 0.229596 0.973286 -0
    outer loop
      vertex 7.48988 20.555 3
      vertex 7.37288 20.5826 4.2
      vertex 7.48988 20.555 4.2
    endloop
  endfacet
  facet normal 0.229596 0.973286 0
    outer loop
      vertex 7.37288 20.5826 4.2
      vertex 7.48988 20.555 3
      vertex 7.37288 20.5826 3
    endloop
  endfacet
  facet normal 0.228511 0.973541 -0
    outer loop
      vertex 7.37288 20.5826 3
      vertex 7.25572 20.6101 4.2
      vertex 7.37288 20.5826 4.2
    endloop
  endfacet
  facet normal 0.228511 0.973541 0
    outer loop
      vertex 7.25572 20.6101 4.2
      vertex 7.37288 20.5826 3
      vertex 7.25572 20.6101 3
    endloop
  endfacet
  facet normal 0.227484 0.973782 -0
    outer loop
      vertex 7.25572 20.6101 3
      vertex 7.13843 20.6375 4.2
      vertex 7.25572 20.6101 4.2
    endloop
  endfacet
  facet normal 0.227484 0.973782 0
    outer loop
      vertex 7.13843 20.6375 4.2
      vertex 7.25572 20.6101 3
      vertex 7.13843 20.6375 3
    endloop
  endfacet
  facet normal 0.225617 0.974216 -0
    outer loop
      vertex 7.13843 20.6375 3
      vertex 7.02098 20.6647 4.2
      vertex 7.13843 20.6375 4.2
    endloop
  endfacet
  facet normal 0.225617 0.974216 0
    outer loop
      vertex 7.02098 20.6647 4.2
      vertex 7.13843 20.6375 3
      vertex 7.02098 20.6647 3
    endloop
  endfacet
  facet normal 0.222695 0.974888 -0
    outer loop
      vertex 7.02098 20.6647 3
      vertex 6.68959 20.7404 4.2
      vertex 7.02098 20.6647 4.2
    endloop
  endfacet
  facet normal 0.222695 0.974888 0
    outer loop
      vertex 6.68959 20.7404 4.2
      vertex 7.02098 20.6647 3
      vertex 6.68959 20.7404 3
    endloop
  endfacet
  facet normal 0.238072 0.971248 -0
    outer loop
      vertex 6.68959 20.7404 3
      vertex 6.39708 20.8121 4.2
      vertex 6.68959 20.7404 4.2
    endloop
  endfacet
  facet normal 0.238072 0.971248 0
    outer loop
      vertex 6.39708 20.8121 4.2
      vertex 6.68959 20.7404 3
      vertex 6.39708 20.8121 3
    endloop
  endfacet
  facet normal 0.257193 0.96636 -0
    outer loop
      vertex 6.39708 20.8121 3
      vertex 6.14346 20.8796 4.2
      vertex 6.39708 20.8121 4.2
    endloop
  endfacet
  facet normal 0.257193 0.96636 0
    outer loop
      vertex 6.14346 20.8796 4.2
      vertex 6.39708 20.8121 3
      vertex 6.14346 20.8796 3
    endloop
  endfacet
  facet normal 0.283556 0.958956 -0
    outer loop
      vertex 6.14346 20.8796 3
      vertex 5.92871 20.9431 4.2
      vertex 6.14346 20.8796 4.2
    endloop
  endfacet
  facet normal 0.283556 0.958956 0
    outer loop
      vertex 5.92871 20.9431 4.2
      vertex 6.14346 20.8796 3
      vertex 5.92871 20.9431 3
    endloop
  endfacet
  facet normal 0.320474 0.947257 -0
    outer loop
      vertex 5.92871 20.9431 3
      vertex 5.75284 21.0026 4.2
      vertex 5.92871 20.9431 4.2
    endloop
  endfacet
  facet normal 0.320474 0.947257 0
    outer loop
      vertex 5.75284 21.0026 4.2
      vertex 5.92871 20.9431 3
      vertex 5.75284 21.0026 3
    endloop
  endfacet
  facet normal 0.374935 0.927051 -0
    outer loop
      vertex 5.75284 21.0026 3
      vertex 5.61586 21.058 4.2
      vertex 5.75284 21.0026 4.2
    endloop
  endfacet
  facet normal 0.374935 0.927051 0
    outer loop
      vertex 5.61586 21.058 4.2
      vertex 5.75284 21.0026 3
      vertex 5.61586 21.058 3
    endloop
  endfacet
  facet normal 0.439692 0.898149 -0
    outer loop
      vertex 5.61586 21.058 3
      vertex 5.5029 21.1133 4.2
      vertex 5.61586 21.058 4.2
    endloop
  endfacet
  facet normal 0.439692 0.898149 0
    outer loop
      vertex 5.5029 21.1133 4.2
      vertex 5.61586 21.058 3
      vertex 5.5029 21.1133 3
    endloop
  endfacet
  facet normal 0.495562 0.868573 -0
    outer loop
      vertex 5.5029 21.1133 3
      vertex 5.39914 21.1725 4.2
      vertex 5.5029 21.1133 4.2
    endloop
  endfacet
  facet normal 0.495562 0.868573 0
    outer loop
      vertex 5.39914 21.1725 4.2
      vertex 5.5029 21.1133 3
      vertex 5.39914 21.1725 3
    endloop
  endfacet
  facet normal 0.555674 0.8314 -0
    outer loop
      vertex 5.39914 21.1725 3
      vertex 5.30458 21.2357 4.2
      vertex 5.39914 21.1725 4.2
    endloop
  endfacet
  facet normal 0.555674 0.8314 0
    outer loop
      vertex 5.30458 21.2357 4.2
      vertex 5.39914 21.1725 3
      vertex 5.30458 21.2357 3
    endloop
  endfacet
  facet normal 0.617297 0.786731 -0
    outer loop
      vertex 5.30458 21.2357 3
      vertex 5.21919 21.3027 4.2
      vertex 5.30458 21.2357 4.2
    endloop
  endfacet
  facet normal 0.617297 0.786731 0
    outer loop
      vertex 5.21919 21.3027 4.2
      vertex 5.30458 21.2357 3
      vertex 5.21919 21.3027 3
    endloop
  endfacet
  facet normal 0.681798 0.73154 -0
    outer loop
      vertex 5.21919 21.3027 3
      vertex 5.14301 21.3737 4.2
      vertex 5.21919 21.3027 4.2
    endloop
  endfacet
  facet normal 0.681798 0.73154 0
    outer loop
      vertex 5.14301 21.3737 4.2
      vertex 5.21919 21.3027 3
      vertex 5.14301 21.3737 3
    endloop
  endfacet
  facet normal 0.745369 0.666652 0
    outer loop
      vertex 5.14301 21.3737 4.2
      vertex 5.07602 21.4486 3
      vertex 5.07602 21.4486 4.2
    endloop
  endfacet
  facet normal 0.745369 0.666652 0
    outer loop
      vertex 5.07602 21.4486 3
      vertex 5.14301 21.3737 4.2
      vertex 5.14301 21.3737 3
    endloop
  endfacet
  facet normal 0.814241 0.580527 0
    outer loop
      vertex 5.07602 21.4486 4.2
      vertex 5.01884 21.5288 3
      vertex 5.01884 21.5288 4.2
    endloop
  endfacet
  facet normal 0.814241 0.580527 0
    outer loop
      vertex 5.01884 21.5288 3
      vertex 5.07602 21.4486 4.2
      vertex 5.07602 21.4486 3
    endloop
  endfacet
  facet normal 0.880977 0.473159 0
    outer loop
      vertex 5.01884 21.5288 4.2
      vertex 4.97206 21.6159 3
      vertex 4.97206 21.6159 4.2
    endloop
  endfacet
  facet normal 0.880977 0.473159 0
    outer loop
      vertex 4.97206 21.6159 3
      vertex 5.01884 21.5288 4.2
      vertex 5.01884 21.5288 3
    endloop
  endfacet
  facet normal 0.932333 0.361602 0
    outer loop
      vertex 4.97206 21.6159 4.2
      vertex 4.93568 21.7097 3
      vertex 4.93568 21.7097 4.2
    endloop
  endfacet
  facet normal 0.932333 0.361602 0
    outer loop
      vertex 4.93568 21.7097 3
      vertex 4.97206 21.6159 4.2
      vertex 4.97206 21.6159 3
    endloop
  endfacet
  facet normal 0.968187 0.250227 0
    outer loop
      vertex 4.93568 21.7097 4.2
      vertex 4.90968 21.8103 3
      vertex 4.90968 21.8103 4.2
    endloop
  endfacet
  facet normal 0.968187 0.250227 0
    outer loop
      vertex 4.90968 21.8103 3
      vertex 4.93568 21.7097 4.2
      vertex 4.93568 21.7097 3
    endloop
  endfacet
  facet normal 0.989609 0.143784 0
    outer loop
      vertex 4.90968 21.8103 4.2
      vertex 4.89409 21.9176 3
      vertex 4.89409 21.9176 4.2
    endloop
  endfacet
  facet normal 0.989609 0.143784 0
    outer loop
      vertex 4.89409 21.9176 3
      vertex 4.90968 21.8103 4.2
      vertex 4.90968 21.8103 3
    endloop
  endfacet
  facet normal 0.998969 0.0453997 0
    outer loop
      vertex 4.89409 21.9176 4.2
      vertex 4.8889 22.0318 3
      vertex 4.8889 22.0318 4.2
    endloop
  endfacet
  facet normal 0.998969 0.0453997 0
    outer loop
      vertex 4.8889 22.0318 3
      vertex 4.89409 21.9176 4.2
      vertex 4.89409 21.9176 3
    endloop
  endfacet
  facet normal 0.99758 -0.0695299 0
    outer loop
      vertex 4.8889 22.0318 4.2
      vertex 4.90231 22.2242 3
      vertex 4.90231 22.2242 4.2
    endloop
  endfacet
  facet normal 0.99758 -0.0695299 0
    outer loop
      vertex 4.90231 22.2242 3
      vertex 4.8889 22.0318 4.2
      vertex 4.8889 22.0318 3
    endloop
  endfacet
  facet normal 0.974829 -0.222953 0
    outer loop
      vertex 4.90231 22.2242 4.2
      vertex 4.94254 22.4001 3
      vertex 4.94254 22.4001 4.2
    endloop
  endfacet
  facet normal 0.974829 -0.222953 0
    outer loop
      vertex 4.94254 22.4001 3
      vertex 4.90231 22.2242 4.2
      vertex 4.90231 22.2242 3
    endloop
  endfacet
  facet normal 0.921664 -0.38799 0
    outer loop
      vertex 4.94254 22.4001 4.2
      vertex 5.0096 22.5594 3
      vertex 5.0096 22.5594 4.2
    endloop
  endfacet
  facet normal 0.921664 -0.38799 0
    outer loop
      vertex 5.0096 22.5594 3
      vertex 4.94254 22.4001 4.2
      vertex 4.94254 22.4001 3
    endloop
  endfacet
  facet normal 0.835448 -0.549569 0
    outer loop
      vertex 5.0096 22.5594 4.2
      vertex 5.10347 22.7021 3
      vertex 5.10347 22.7021 4.2
    endloop
  endfacet
  facet normal 0.835448 -0.549569 0
    outer loop
      vertex 5.10347 22.7021 3
      vertex 5.0096 22.5594 4.2
      vertex 5.0096 22.5594 3
    endloop
  endfacet
  facet normal 0.722377 -0.6915 0
    outer loop
      vertex 5.10347 22.7021 4.2
      vertex 5.22418 22.8282 3
      vertex 5.22418 22.8282 4.2
    endloop
  endfacet
  facet normal 0.722377 -0.6915 0
    outer loop
      vertex 5.22418 22.8282 3
      vertex 5.10347 22.7021 4.2
      vertex 5.10347 22.7021 3
    endloop
  endfacet
  facet normal 0.596021 -0.802969 0
    outer loop
      vertex 5.22418 22.8282 3
      vertex 5.3717 22.9377 4.2
      vertex 5.22418 22.8282 4.2
    endloop
  endfacet
  facet normal 0.596021 -0.802969 0
    outer loop
      vertex 5.3717 22.9377 4.2
      vertex 5.22418 22.8282 3
      vertex 5.3717 22.9377 3
    endloop
  endfacet
  facet normal 0.472681 -0.881234 0
    outer loop
      vertex 5.3717 22.9377 3
      vertex 5.54471 23.0305 4.2
      vertex 5.3717 22.9377 4.2
    endloop
  endfacet
  facet normal 0.472681 -0.881234 0
    outer loop
      vertex 5.54471 23.0305 4.2
      vertex 5.3717 22.9377 3
      vertex 5.54471 23.0305 3
    endloop
  endfacet
  facet normal 0.359724 -0.933059 0
    outer loop
      vertex 5.54471 23.0305 3
      vertex 5.74184 23.1065 4.2
      vertex 5.54471 23.0305 4.2
    endloop
  endfacet
  facet normal 0.359724 -0.933059 0
    outer loop
      vertex 5.74184 23.1065 4.2
      vertex 5.54471 23.0305 3
      vertex 5.74184 23.1065 3
    endloop
  endfacet
  facet normal 0.258103 -0.966117 0
    outer loop
      vertex 5.74184 23.1065 3
      vertex 5.96306 23.1656 4.2
      vertex 5.74184 23.1065 4.2
    endloop
  endfacet
  facet normal 0.258103 -0.966117 0
    outer loop
      vertex 5.96306 23.1656 4.2
      vertex 5.74184 23.1065 3
      vertex 5.96306 23.1656 3
    endloop
  endfacet
  facet normal 0.169524 -0.985526 0
    outer loop
      vertex 5.96306 23.1656 3
      vertex 6.20839 23.2078 4.2
      vertex 5.96306 23.1656 4.2
    endloop
  endfacet
  facet normal 0.169524 -0.985526 0
    outer loop
      vertex 6.20839 23.2078 4.2
      vertex 5.96306 23.1656 3
      vertex 6.20839 23.2078 3
    endloop
  endfacet
  facet normal 0.0934872 -0.99562 0
    outer loop
      vertex 6.20839 23.2078 3
      vertex 6.47783 23.2331 4.2
      vertex 6.20839 23.2078 4.2
    endloop
  endfacet
  facet normal 0.0934872 -0.99562 0
    outer loop
      vertex 6.47783 23.2331 4.2
      vertex 6.20839 23.2078 3
      vertex 6.47783 23.2331 3
    endloop
  endfacet
  facet normal 0.0286035 -0.999591 0
    outer loop
      vertex 6.47783 23.2331 3
      vertex 6.77138 23.2415 4.2
      vertex 6.47783 23.2331 4.2
    endloop
  endfacet
  facet normal 0.0286035 -0.999591 0
    outer loop
      vertex 6.77138 23.2415 4.2
      vertex 6.47783 23.2331 3
      vertex 6.77138 23.2415 3
    endloop
  endfacet
  facet normal -0.0283067 -0.999599 0
    outer loop
      vertex 6.77138 23.2415 3
      vertex 7.03976 23.2339 4.2
      vertex 6.77138 23.2415 4.2
    endloop
  endfacet
  facet normal -0.0283067 -0.999599 -0
    outer loop
      vertex 7.03976 23.2339 4.2
      vertex 6.77138 23.2415 3
      vertex 7.03976 23.2339 3
    endloop
  endfacet
  facet normal -0.0914799 -0.995807 0
    outer loop
      vertex 7.03976 23.2339 3
      vertex 7.28795 23.2111 4.2
      vertex 7.03976 23.2339 4.2
    endloop
  endfacet
  facet normal -0.0914799 -0.995807 -0
    outer loop
      vertex 7.28795 23.2111 4.2
      vertex 7.03976 23.2339 3
      vertex 7.28795 23.2111 3
    endloop
  endfacet
  facet normal -0.164813 -0.986325 0
    outer loop
      vertex 7.28795 23.2111 3
      vertex 7.51596 23.173 4.2
      vertex 7.28795 23.2111 4.2
    endloop
  endfacet
  facet normal -0.164813 -0.986325 -0
    outer loop
      vertex 7.51596 23.173 4.2
      vertex 7.28795 23.2111 3
      vertex 7.51596 23.173 3
    endloop
  endfacet
  facet normal -0.248005 -0.968759 0
    outer loop
      vertex 7.51596 23.173 3
      vertex 7.72377 23.1198 4.2
      vertex 7.51596 23.173 4.2
    endloop
  endfacet
  facet normal -0.248005 -0.968759 -0
    outer loop
      vertex 7.72377 23.1198 4.2
      vertex 7.51596 23.173 3
      vertex 7.72377 23.1198 3
    endloop
  endfacet
  facet normal -0.342957 -0.939351 0
    outer loop
      vertex 7.72377 23.1198 3
      vertex 7.91139 23.0513 4.2
      vertex 7.72377 23.1198 4.2
    endloop
  endfacet
  facet normal -0.342957 -0.939351 -0
    outer loop
      vertex 7.91139 23.0513 4.2
      vertex 7.72377 23.1198 3
      vertex 7.91139 23.0513 3
    endloop
  endfacet
  facet normal -0.447171 -0.894449 0
    outer loop
      vertex 7.91139 23.0513 3
      vertex 8.07881 22.9676 4.2
      vertex 7.91139 23.0513 4.2
    endloop
  endfacet
  facet normal -0.447171 -0.894449 -0
    outer loop
      vertex 8.07881 22.9676 4.2
      vertex 7.91139 23.0513 3
      vertex 8.07881 22.9676 3
    endloop
  endfacet
  facet normal -0.559826 -0.82861 0
    outer loop
      vertex 8.07881 22.9676 3
      vertex 8.22771 22.867 4.2
      vertex 8.07881 22.9676 4.2
    endloop
  endfacet
  facet normal -0.559826 -0.82861 -0
    outer loop
      vertex 8.22771 22.867 4.2
      vertex 8.07881 22.9676 3
      vertex 8.22771 22.867 3
    endloop
  endfacet
  facet normal -0.669841 -0.742505 0
    outer loop
      vertex 8.22771 22.867 3
      vertex 8.35973 22.7479 4.2
      vertex 8.22771 22.867 4.2
    endloop
  endfacet
  facet normal -0.669841 -0.742505 -0
    outer loop
      vertex 8.35973 22.7479 4.2
      vertex 8.22771 22.867 3
      vertex 8.35973 22.7479 3
    endloop
  endfacet
  facet normal -0.767206 -0.6414 0
    outer loop
      vertex 8.47485 22.6102 3
      vertex 8.35973 22.7479 4.2
      vertex 8.35973 22.7479 3
    endloop
  endfacet
  facet normal -0.767206 -0.6414 0
    outer loop
      vertex 8.35973 22.7479 4.2
      vertex 8.47485 22.6102 3
      vertex 8.47485 22.6102 4.2
    endloop
  endfacet
  facet normal -0.846473 -0.532432 0
    outer loop
      vertex 8.5731 22.454 3
      vertex 8.47485 22.6102 4.2
      vertex 8.47485 22.6102 3
    endloop
  endfacet
  facet normal -0.846473 -0.532432 0
    outer loop
      vertex 8.47485 22.6102 4.2
      vertex 8.5731 22.454 3
      vertex 8.5731 22.454 4.2
    endloop
  endfacet
  facet normal -0.906475 -0.42226 0
    outer loop
      vertex 8.65448 22.2793 3
      vertex 8.5731 22.454 4.2
      vertex 8.5731 22.454 3
    endloop
  endfacet
  facet normal -0.906475 -0.42226 0
    outer loop
      vertex 8.5731 22.454 4.2
      vertex 8.65448 22.2793 3
      vertex 8.65448 22.2793 4.2
    endloop
  endfacet
  facet normal -0.948585 -0.316522 0
    outer loop
      vertex 8.71898 22.086 3
      vertex 8.65448 22.2793 4.2
      vertex 8.65448 22.2793 3
    endloop
  endfacet
  facet normal -0.948585 -0.316522 0
    outer loop
      vertex 8.65448 22.2793 4.2
      vertex 8.71898 22.086 3
      vertex 8.71898 22.086 4.2
    endloop
  endfacet
  facet normal 0.172957 -0.984929 0
    outer loop
      vertex 8.71898 22.086 3
      vertex 9.73889 22.2651 4.2
      vertex 8.71898 22.086 4.2
    endloop
  endfacet
  facet normal 0.172957 -0.984929 0
    outer loop
      vertex 9.73889 22.2651 4.2
      vertex 8.71898 22.086 3
      vertex 9.73889 22.2651 3
    endloop
  endfacet
  facet normal 0.946598 0.322416 0
    outer loop
      vertex 9.73889 22.2651 4.2
      vertex 9.63521 22.5695 3
      vertex 9.63521 22.5695 4.2
    endloop
  endfacet
  facet normal 0.946598 0.322416 0
    outer loop
      vertex 9.63521 22.5695 3
      vertex 9.73889 22.2651 4.2
      vertex 9.73889 22.2651 3
    endloop
  endfacet
  facet normal 0.907375 0.420321 0
    outer loop
      vertex 9.63521 22.5695 4.2
      vertex 9.50861 22.8428 3
      vertex 9.50861 22.8428 4.2
    endloop
  endfacet
  facet normal 0.907375 0.420321 0
    outer loop
      vertex 9.50861 22.8428 3
      vertex 9.63521 22.5695 4.2
      vertex 9.63521 22.5695 3
    endloop
  endfacet
  facet normal 0.850865 0.525385 0
    outer loop
      vertex 9.50861 22.8428 4.2
      vertex 9.35912 23.0849 3
      vertex 9.35912 23.0849 4.2
    endloop
  endfacet
  facet normal 0.850865 0.525385 0
    outer loop
      vertex 9.35912 23.0849 3
      vertex 9.50861 22.8428 4.2
      vertex 9.50861 22.8428 3
    endloop
  endfacet
  facet normal 0.774235 0.632898 0
    outer loop
      vertex 9.35912 23.0849 4.2
      vertex 9.18672 23.2958 3
      vertex 9.18672 23.2958 4.2
    endloop
  endfacet
  facet normal 0.774235 0.632898 0
    outer loop
      vertex 9.18672 23.2958 3
      vertex 9.35912 23.0849 4.2
      vertex 9.35912 23.0849 3
    endloop
  endfacet
  facet normal 0.676901 0.736074 -0
    outer loop
      vertex 9.18672 23.2958 3
      vertex 8.99142 23.4754 4.2
      vertex 9.18672 23.2958 4.2
    endloop
  endfacet
  facet normal 0.676901 0.736074 0
    outer loop
      vertex 8.99142 23.4754 4.2
      vertex 9.18672 23.2958 3
      vertex 8.99142 23.4754 3
    endloop
  endfacet
  facet normal 0.562631 0.826708 -0
    outer loop
      vertex 8.99142 23.4754 3
      vertex 8.77322 23.6239 4.2
      vertex 8.99142 23.4754 4.2
    endloop
  endfacet
  facet normal 0.562631 0.826708 0
    outer loop
      vertex 8.77322 23.6239 4.2
      vertex 8.99142 23.4754 3
      vertex 8.77322 23.6239 3
    endloop
  endfacet
  facet normal 0.443022 0.896511 -0
    outer loop
      vertex 8.77322 23.6239 3
      vertex 8.52654 23.7458 4.2
      vertex 8.77322 23.6239 4.2
    endloop
  endfacet
  facet normal 0.443022 0.896511 0
    outer loop
      vertex 8.52654 23.7458 4.2
      vertex 8.77322 23.6239 3
      vertex 8.52654 23.7458 3
    endloop
  endfacet
  facet normal 0.334645 0.942344 -0
    outer loop
      vertex 8.52654 23.7458 3
      vertex 8.24579 23.8455 4.2
      vertex 8.52654 23.7458 4.2
    endloop
  endfacet
  facet normal 0.334645 0.942344 0
    outer loop
      vertex 8.24579 23.8455 4.2
      vertex 8.52654 23.7458 3
      vertex 8.24579 23.8455 3
    endloop
  endfacet
  facet normal 0.239058 0.971005 -0
    outer loop
      vertex 8.24579 23.8455 3
      vertex 7.931 23.923 4.2
      vertex 8.24579 23.8455 4.2
    endloop
  endfacet
  facet normal 0.239058 0.971005 0
    outer loop
      vertex 7.931 23.923 4.2
      vertex 8.24579 23.8455 3
      vertex 7.931 23.923 3
    endloop
  endfacet
  facet normal 0.156838 0.987624 -0
    outer loop
      vertex 7.931 23.923 3
      vertex 7.58214 23.9784 4.2
      vertex 7.931 23.923 4.2
    endloop
  endfacet
  facet normal 0.156838 0.987624 0
    outer loop
      vertex 7.58214 23.9784 4.2
      vertex 7.931 23.923 3
      vertex 7.58214 23.9784 3
    endloop
  endfacet
  facet normal 0.0866386 0.99624 -0
    outer loop
      vertex 7.58214 23.9784 3
      vertex 7.19923 24.0117 4.2
      vertex 7.58214 23.9784 4.2
    endloop
  endfacet
  facet normal 0.0866386 0.99624 0
    outer loop
      vertex 7.19923 24.0117 4.2
      vertex 7.58214 23.9784 3
      vertex 7.19923 24.0117 3
    endloop
  endfacet
  facet normal 0.0266112 0.999646 -0
    outer loop
      vertex 7.19923 24.0117 3
      vertex 6.78226 24.0228 4.2
      vertex 7.19923 24.0117 4.2
    endloop
  endfacet
  facet normal 0.0266112 0.999646 0
    outer loop
      vertex 6.78226 24.0228 4.2
      vertex 7.19923 24.0117 3
      vertex 6.78226 24.0228 3
    endloop
  endfacet
  facet normal -0.0329773 0.999456 0
    outer loop
      vertex 6.78226 24.0228 3
      vertex 6.33371 24.008 4.2
      vertex 6.78226 24.0228 4.2
    endloop
  endfacet
  facet normal -0.0329773 0.999456 0
    outer loop
      vertex 6.33371 24.008 4.2
      vertex 6.78226 24.0228 3
      vertex 6.33371 24.008 3
    endloop
  endfacet
  facet normal -0.10677 0.994284 0
    outer loop
      vertex 6.33371 24.008 3
      vertex 5.92117 23.9637 4.2
      vertex 6.33371 24.008 4.2
    endloop
  endfacet
  facet normal -0.10677 0.994284 0
    outer loop
      vertex 5.92117 23.9637 4.2
      vertex 6.33371 24.008 3
      vertex 5.92117 23.9637 3
    endloop
  endfacet
  facet normal -0.192601 0.981277 0
    outer loop
      vertex 5.92117 23.9637 3
      vertex 5.54466 23.8898 4.2
      vertex 5.92117 23.9637 4.2
    endloop
  endfacet
  facet normal -0.192601 0.981277 0
    outer loop
      vertex 5.54466 23.8898 4.2
      vertex 5.92117 23.9637 3
      vertex 5.54466 23.8898 3
    endloop
  endfacet
  facet normal -0.290312 0.956932 0
    outer loop
      vertex 5.54466 23.8898 3
      vertex 5.20416 23.7865 4.2
      vertex 5.54466 23.8898 4.2
    endloop
  endfacet
  facet normal -0.290312 0.956932 0
    outer loop
      vertex 5.20416 23.7865 4.2
      vertex 5.54466 23.8898 3
      vertex 5.20416 23.7865 3
    endloop
  endfacet
  facet normal -0.400277 0.916394 0
    outer loop
      vertex 5.20416 23.7865 3
      vertex 4.89967 23.6535 4.2
      vertex 5.20416 23.7865 4.2
    endloop
  endfacet
  facet normal -0.400277 0.916394 0
    outer loop
      vertex 4.89967 23.6535 4.2
      vertex 5.20416 23.7865 3
      vertex 4.89967 23.6535 3
    endloop
  endfacet
  facet normal -0.517595 0.855626 0
    outer loop
      vertex 4.89967 23.6535 3
      vertex 4.63121 23.4911 4.2
      vertex 4.89967 23.6535 4.2
    endloop
  endfacet
  facet normal -0.517595 0.855626 0
    outer loop
      vertex 4.63121 23.4911 4.2
      vertex 4.89967 23.6535 3
      vertex 4.63121 23.4911 3
    endloop
  endfacet
  facet normal -0.636992 0.770871 0
    outer loop
      vertex 4.63121 23.4911 3
      vertex 4.40164 23.3014 4.2
      vertex 4.63121 23.4911 4.2
    endloop
  endfacet
  facet normal -0.636992 0.770871 0
    outer loop
      vertex 4.40164 23.3014 4.2
      vertex 4.63121 23.4911 3
      vertex 4.40164 23.3014 3
    endloop
  endfacet
  facet normal -0.75275 0.658306 0
    outer loop
      vertex 4.21379 23.0866 3
      vertex 4.40164 23.3014 4.2
      vertex 4.40164 23.3014 3
    endloop
  endfacet
  facet normal -0.75275 0.658306 0
    outer loop
      vertex 4.40164 23.3014 4.2
      vertex 4.21379 23.0866 3
      vertex 4.21379 23.0866 4.2
    endloop
  endfacet
  facet normal -0.853905 0.520429 0
    outer loop
      vertex 4.0677 22.8469 3
      vertex 4.21379 23.0866 4.2
      vertex 4.21379 23.0866 3
    endloop
  endfacet
  facet normal -0.853905 0.520429 0
    outer loop
      vertex 4.21379 23.0866 4.2
      vertex 4.0677 22.8469 3
      vertex 4.0677 22.8469 4.2
    endloop
  endfacet
  facet normal -0.930367 0.366631 0
    outer loop
      vertex 3.96335 22.5821 3
      vertex 4.0677 22.8469 4.2
      vertex 4.0677 22.8469 3
    endloop
  endfacet
  facet normal -0.930367 0.366631 0
    outer loop
      vertex 4.0677 22.8469 4.2
      vertex 3.96335 22.5821 3
      vertex 3.96335 22.5821 4.2
    endloop
  endfacet
  facet normal -0.977442 0.211206 0
    outer loop
      vertex 3.90073 22.2923 3
      vertex 3.96335 22.5821 4.2
      vertex 3.96335 22.5821 3
    endloop
  endfacet
  facet normal -0.977442 0.211206 0
    outer loop
      vertex 3.96335 22.5821 4.2
      vertex 3.90073 22.2923 3
      vertex 3.90073 22.2923 4.2
    endloop
  endfacet
  facet normal -0.997806 0.0662033 0
    outer loop
      vertex 3.87985 21.9776 3
      vertex 3.90073 22.2923 4.2
      vertex 3.90073 22.2923 3
    endloop
  endfacet
  facet normal -0.997806 0.0662033 0
    outer loop
      vertex 3.90073 22.2923 4.2
      vertex 3.87985 21.9776 3
      vertex 3.87985 21.9776 4.2
    endloop
  endfacet
  facet normal -0.999593 -0.0285191 0
    outer loop
      vertex 3.88385 21.8374 3
      vertex 3.87985 21.9776 4.2
      vertex 3.87985 21.9776 3
    endloop
  endfacet
  facet normal -0.999593 -0.0285191 0
    outer loop
      vertex 3.87985 21.9776 4.2
      vertex 3.88385 21.8374 3
      vertex 3.88385 21.8374 4.2
    endloop
  endfacet
  facet normal -0.996068 -0.0885887 0
    outer loop
      vertex 3.89583 21.7027 3
      vertex 3.88385 21.8374 4.2
      vertex 3.88385 21.8374 3
    endloop
  endfacet
  facet normal -0.996068 -0.0885887 0
    outer loop
      vertex 3.88385 21.8374 4.2
      vertex 3.89583 21.7027 3
      vertex 3.89583 21.7027 4.2
    endloop
  endfacet
  facet normal -0.9883 -0.152522 0
    outer loop
      vertex 3.9158 21.5733 3
      vertex 3.89583 21.7027 4.2
      vertex 3.89583 21.7027 3
    endloop
  endfacet
  facet normal -0.9883 -0.152522 0
    outer loop
      vertex 3.89583 21.7027 4.2
      vertex 3.9158 21.5733 3
      vertex 3.9158 21.5733 4.2
    endloop
  endfacet
  facet normal -0.97547 -0.22013 0
    outer loop
      vertex 3.94376 21.4494 3
      vertex 3.9158 21.5733 4.2
      vertex 3.9158 21.5733 3
    endloop
  endfacet
  facet normal -0.97547 -0.22013 0
    outer loop
      vertex 3.9158 21.5733 4.2
      vertex 3.94376 21.4494 3
      vertex 3.94376 21.4494 4.2
    endloop
  endfacet
  facet normal -0.956909 -0.290386 0
    outer loop
      vertex 3.97969 21.331 3
      vertex 3.94376 21.4494 4.2
      vertex 3.94376 21.4494 3
    endloop
  endfacet
  facet normal -0.956909 -0.290386 0
    outer loop
      vertex 3.94376 21.4494 4.2
      vertex 3.97969 21.331 3
      vertex 3.97969 21.331 4.2
    endloop
  endfacet
  facet normal -0.932045 -0.362343 0
    outer loop
      vertex 4.02362 21.218 3
      vertex 3.97969 21.331 4.2
      vertex 3.97969 21.331 3
    endloop
  endfacet
  facet normal -0.932045 -0.362343 0
    outer loop
      vertex 3.97969 21.331 4.2
      vertex 4.02362 21.218 3
      vertex 4.02362 21.218 4.2
    endloop
  endfacet
  facet normal -0.902791 -0.43008 0
    outer loop
      vertex 4.07507 21.11 3
      vertex 4.02362 21.218 4.2
      vertex 4.02362 21.218 3
    endloop
  endfacet
  facet normal -0.902791 -0.43008 0
    outer loop
      vertex 4.02362 21.218 4.2
      vertex 4.07507 21.11 3
      vertex 4.07507 21.11 4.2
    endloop
  endfacet
  facet normal -0.869974 -0.493098 0
    outer loop
      vertex 4.13362 21.0067 3
      vertex 4.07507 21.11 4.2
      vertex 4.07507 21.11 3
    endloop
  endfacet
  facet normal -0.869974 -0.493098 0
    outer loop
      vertex 4.07507 21.11 4.2
      vertex 4.13362 21.0067 3
      vertex 4.13362 21.0067 4.2
    endloop
  endfacet
  facet normal -0.832414 -0.554155 0
    outer loop
      vertex 4.19926 20.9081 3
      vertex 4.13362 21.0067 4.2
      vertex 4.13362 21.0067 3
    endloop
  endfacet
  facet normal -0.832414 -0.554155 0
    outer loop
      vertex 4.13362 21.0067 4.2
      vertex 4.19926 20.9081 3
      vertex 4.19926 20.9081 4.2
    endloop
  endfacet
  facet normal -0.790985 -0.611835 0
    outer loop
      vertex 4.27197 20.8141 3
      vertex 4.19926 20.9081 4.2
      vertex 4.19926 20.9081 3
    endloop
  endfacet
  facet normal -0.790985 -0.611835 0
    outer loop
      vertex 4.19926 20.9081 4.2
      vertex 4.27197 20.8141 3
      vertex 4.27197 20.8141 4.2
    endloop
  endfacet
  facet normal -0.745615 -0.666377 0
    outer loop
      vertex 4.35178 20.7248 3
      vertex 4.27197 20.8141 4.2
      vertex 4.27197 20.8141 3
    endloop
  endfacet
  facet normal -0.745615 -0.666377 0
    outer loop
      vertex 4.27197 20.8141 4.2
      vertex 4.35178 20.7248 3
      vertex 4.35178 20.7248 4.2
    endloop
  endfacet
  facet normal -0.697643 -0.716445 0
    outer loop
      vertex 4.35178 20.7248 3
      vertex 4.43866 20.6402 4.2
      vertex 4.35178 20.7248 4.2
    endloop
  endfacet
  facet normal -0.697643 -0.716445 -0
    outer loop
      vertex 4.43866 20.6402 4.2
      vertex 4.35178 20.7248 3
      vertex 4.43866 20.6402 3
    endloop
  endfacet
  facet normal -0.645185 -0.764026 0
    outer loop
      vertex 4.43866 20.6402 3
      vertex 4.53458 20.5592 4.2
      vertex 4.43866 20.6402 4.2
    endloop
  endfacet
  facet normal -0.645185 -0.764026 -0
    outer loop
      vertex 4.53458 20.5592 4.2
      vertex 4.43866 20.6402 3
      vertex 4.53458 20.5592 3
    endloop
  endfacet
  facet normal -0.59136 -0.806407 0
    outer loop
      vertex 4.53458 20.5592 3
      vertex 4.64149 20.4808 4.2
      vertex 4.53458 20.5592 4.2
    endloop
  endfacet
  facet normal -0.59136 -0.806407 -0
    outer loop
      vertex 4.64149 20.4808 4.2
      vertex 4.53458 20.5592 3
      vertex 4.64149 20.4808 3
    endloop
  endfacet
  facet normal -0.541233 -0.840873 0
    outer loop
      vertex 4.64149 20.4808 3
      vertex 4.75941 20.4049 4.2
      vertex 4.64149 20.4808 4.2
    endloop
  endfacet
  facet normal -0.541233 -0.840873 -0
    outer loop
      vertex 4.75941 20.4049 4.2
      vertex 4.64149 20.4808 3
      vertex 4.75941 20.4049 3
    endloop
  endfacet
  facet normal -0.494293 -0.869295 0
    outer loop
      vertex 4.75941 20.4049 3
      vertex 4.88832 20.3316 4.2
      vertex 4.75941 20.4049 4.2
    endloop
  endfacet
  facet normal -0.494293 -0.869295 -0
    outer loop
      vertex 4.88832 20.3316 4.2
      vertex 4.75941 20.4049 3
      vertex 4.88832 20.3316 3
    endloop
  endfacet
  facet normal -0.451012 -0.892518 0
    outer loop
      vertex 4.88832 20.3316 3
      vertex 5.02823 20.2609 4.2
      vertex 4.88832 20.3316 4.2
    endloop
  endfacet
  facet normal -0.451012 -0.892518 -0
    outer loop
      vertex 5.02823 20.2609 4.2
      vertex 4.88832 20.3316 3
      vertex 5.02823 20.2609 3
    endloop
  endfacet
  facet normal -0.411823 -0.911264 0
    outer loop
      vertex 5.02823 20.2609 3
      vertex 5.17914 20.1927 4.2
      vertex 5.02823 20.2609 4.2
    endloop
  endfacet
  facet normal -0.411823 -0.911264 -0
    outer loop
      vertex 5.17914 20.1927 4.2
      vertex 5.02823 20.2609 3
      vertex 5.17914 20.1927 3
    endloop
  endfacet
  facet normal -0.368898 -0.92947 0
    outer loop
      vertex 5.17914 20.1927 3
      vertex 5.3477 20.1258 4.2
      vertex 5.17914 20.1927 4.2
    endloop
  endfacet
  facet normal -0.368898 -0.92947 -0
    outer loop
      vertex 5.3477 20.1258 4.2
      vertex 5.17914 20.1927 3
      vertex 5.3477 20.1258 3
    endloop
  endfacet
  facet normal -0.327802 -0.944746 0
    outer loop
      vertex 5.3477 20.1258 3
      vertex 5.54051 20.0589 4.2
      vertex 5.3477 20.1258 4.2
    endloop
  endfacet
  facet normal -0.327802 -0.944746 -0
    outer loop
      vertex 5.54051 20.0589 4.2
      vertex 5.3477 20.1258 3
      vertex 5.54051 20.0589 3
    endloop
  endfacet
  facet normal -0.2945 -0.955651 0
    outer loop
      vertex 5.54051 20.0589 3
      vertex 5.7576 19.992 4.2
      vertex 5.54051 20.0589 4.2
    endloop
  endfacet
  facet normal -0.2945 -0.955651 -0
    outer loop
      vertex 5.7576 19.992 4.2
      vertex 5.54051 20.0589 3
      vertex 5.7576 19.992 3
    endloop
  endfacet
  facet normal -0.267119 -0.963664 0
    outer loop
      vertex 5.7576 19.992 3
      vertex 5.99895 19.9251 4.2
      vertex 5.7576 19.992 4.2
    endloop
  endfacet
  facet normal -0.267119 -0.963664 -0
    outer loop
      vertex 5.99895 19.9251 4.2
      vertex 5.7576 19.992 3
      vertex 5.99895 19.9251 3
    endloop
  endfacet
  facet normal -0.244262 -0.969709 0
    outer loop
      vertex 5.99895 19.9251 3
      vertex 6.26454 19.8582 4.2
      vertex 5.99895 19.9251 4.2
    endloop
  endfacet
  facet normal -0.244262 -0.969709 -0
    outer loop
      vertex 6.26454 19.8582 4.2
      vertex 5.99895 19.9251 3
      vertex 6.26454 19.8582 3
    endloop
  endfacet
  facet normal -0.225201 -0.974312 0
    outer loop
      vertex 6.26454 19.8582 3
      vertex 6.55441 19.7912 4.2
      vertex 6.26454 19.8582 4.2
    endloop
  endfacet
  facet normal -0.225201 -0.974312 -0
    outer loop
      vertex 6.55441 19.7912 4.2
      vertex 6.26454 19.8582 3
      vertex 6.55441 19.7912 3
    endloop
  endfacet
  facet normal -0.223936 -0.974604 0
    outer loop
      vertex 6.55441 19.7912 3
      vertex 6.72545 19.7519 4.2
      vertex 6.55441 19.7912 4.2
    endloop
  endfacet
  facet normal -0.223936 -0.974604 -0
    outer loop
      vertex 6.72545 19.7519 4.2
      vertex 6.55441 19.7912 3
      vertex 6.72545 19.7519 3
    endloop
  endfacet
  facet normal -0.225477 -0.974248 0
    outer loop
      vertex 6.72545 19.7519 3
      vertex 6.89137 19.7135 4.2
      vertex 6.72545 19.7519 4.2
    endloop
  endfacet
  facet normal -0.225477 -0.974248 -0
    outer loop
      vertex 6.89137 19.7135 4.2
      vertex 6.72545 19.7519 3
      vertex 6.89137 19.7135 3
    endloop
  endfacet
  facet normal -0.227716 -0.973728 0
    outer loop
      vertex 6.89137 19.7135 3
      vertex 7.05215 19.6759 4.2
      vertex 6.89137 19.7135 4.2
    endloop
  endfacet
  facet normal -0.227716 -0.973728 -0
    outer loop
      vertex 7.05215 19.6759 4.2
      vertex 6.89137 19.7135 3
      vertex 7.05215 19.6759 3
    endloop
  endfacet
  facet normal -0.228872 -0.973457 0
    outer loop
      vertex 7.05215 19.6759 3
      vertex 7.20782 19.6393 4.2
      vertex 7.05215 19.6759 4.2
    endloop
  endfacet
  facet normal -0.228872 -0.973457 -0
    outer loop
      vertex 7.20782 19.6393 4.2
      vertex 7.05215 19.6759 3
      vertex 7.20782 19.6393 3
    endloop
  endfacet
  facet normal -0.230732 -0.973017 0
    outer loop
      vertex 7.20782 19.6393 3
      vertex 7.35837 19.6036 4.2
      vertex 7.20782 19.6393 4.2
    endloop
  endfacet
  facet normal -0.230732 -0.973017 -0
    outer loop
      vertex 7.35837 19.6036 4.2
      vertex 7.20782 19.6393 3
      vertex 7.35837 19.6036 3
    endloop
  endfacet
  facet normal -0.232751 -0.972536 0
    outer loop
      vertex 7.35837 19.6036 3
      vertex 7.50378 19.5688 4.2
      vertex 7.35837 19.6036 4.2
    endloop
  endfacet
  facet normal -0.232751 -0.972536 -0
    outer loop
      vertex 7.50378 19.5688 4.2
      vertex 7.35837 19.6036 3
      vertex 7.50378 19.5688 3
    endloop
  endfacet
  facet normal -0.247874 -0.968792 0
    outer loop
      vertex 7.50378 19.5688 3
      vertex 7.64331 19.5331 4.2
      vertex 7.50378 19.5688 4.2
    endloop
  endfacet
  facet normal -0.247874 -0.968792 -0
    outer loop
      vertex 7.64331 19.5331 4.2
      vertex 7.50378 19.5688 3
      vertex 7.64331 19.5331 3
    endloop
  endfacet
  facet normal -0.278251 -0.960508 0
    outer loop
      vertex 7.64331 19.5331 3
      vertex 7.77621 19.4946 4.2
      vertex 7.64331 19.5331 4.2
    endloop
  endfacet
  facet normal -0.278251 -0.960508 -0
    outer loop
      vertex 7.77621 19.4946 4.2
      vertex 7.64331 19.5331 3
      vertex 7.77621 19.4946 3
    endloop
  endfacet
  facet normal -0.309466 -0.950911 0
    outer loop
      vertex 7.77621 19.4946 3
      vertex 7.9025 19.4535 4.2
      vertex 7.77621 19.4946 4.2
    endloop
  endfacet
  facet normal -0.309466 -0.950911 -0
    outer loop
      vertex 7.9025 19.4535 4.2
      vertex 7.77621 19.4946 3
      vertex 7.9025 19.4535 3
    endloop
  endfacet
  facet normal -0.343784 -0.939049 0
    outer loop
      vertex 7.9025 19.4535 3
      vertex 8.02214 19.4097 4.2
      vertex 7.9025 19.4535 4.2
    endloop
  endfacet
  facet normal -0.343784 -0.939049 -0
    outer loop
      vertex 8.02214 19.4097 4.2
      vertex 7.9025 19.4535 3
      vertex 8.02214 19.4097 3
    endloop
  endfacet
  facet normal -0.381186 -0.924498 0
    outer loop
      vertex 8.02214 19.4097 3
      vertex 8.13516 19.3631 4.2
      vertex 8.02214 19.4097 4.2
    endloop
  endfacet
  facet normal -0.381186 -0.924498 -0
    outer loop
      vertex 8.13516 19.3631 4.2
      vertex 8.02214 19.4097 3
      vertex 8.13516 19.3631 3
    endloop
  endfacet
  facet normal -0.420507 -0.907289 0
    outer loop
      vertex 8.13516 19.3631 3
      vertex 8.24153 19.3138 4.2
      vertex 8.13516 19.3631 4.2
    endloop
  endfacet
  facet normal -0.420507 -0.907289 -0
    outer loop
      vertex 8.24153 19.3138 4.2
      vertex 8.13516 19.3631 3
      vertex 8.24153 19.3138 3
    endloop
  endfacet
  facet normal -0.470321 -0.882496 0
    outer loop
      vertex 8.24153 19.3138 3
      vertex 8.34079 19.2609 4.2
      vertex 8.24153 19.3138 4.2
    endloop
  endfacet
  facet normal -0.470321 -0.882496 -0
    outer loop
      vertex 8.34079 19.2609 4.2
      vertex 8.24153 19.3138 3
      vertex 8.34079 19.2609 3
    endloop
  endfacet
  facet normal -0.531205 -0.847244 0
    outer loop
      vertex 8.34079 19.2609 3
      vertex 8.43234 19.2035 4.2
      vertex 8.34079 19.2609 4.2
    endloop
  endfacet
  facet normal -0.531205 -0.847244 -0
    outer loop
      vertex 8.43234 19.2035 4.2
      vertex 8.34079 19.2609 3
      vertex 8.43234 19.2035 3
    endloop
  endfacet
  facet normal -0.593781 -0.804626 0
    outer loop
      vertex 8.43234 19.2035 3
      vertex 8.51622 19.1416 4.2
      vertex 8.43234 19.2035 4.2
    endloop
  endfacet
  facet normal -0.593781 -0.804626 -0
    outer loop
      vertex 8.51622 19.1416 4.2
      vertex 8.43234 19.2035 3
      vertex 8.51622 19.1416 3
    endloop
  endfacet
  facet normal -0.657109 -0.753795 0
    outer loop
      vertex 8.51622 19.1416 3
      vertex 8.59239 19.0752 4.2
      vertex 8.51622 19.1416 4.2
    endloop
  endfacet
  facet normal -0.657109 -0.753795 -0
    outer loop
      vertex 8.59239 19.0752 4.2
      vertex 8.51622 19.1416 3
      vertex 8.59239 19.0752 3
    endloop
  endfacet
  facet normal -0.719663 -0.694323 0
    outer loop
      vertex 8.66089 19.0042 3
      vertex 8.59239 19.0752 4.2
      vertex 8.59239 19.0752 3
    endloop
  endfacet
  facet normal -0.719663 -0.694323 0
    outer loop
      vertex 8.59239 19.0752 4.2
      vertex 8.66089 19.0042 3
      vertex 8.66089 19.0042 4.2
    endloop
  endfacet
  facet normal -0.778852 -0.627208 0
    outer loop
      vertex 8.72169 18.9287 3
      vertex 8.66089 19.0042 4.2
      vertex 8.66089 19.0042 3
    endloop
  endfacet
  facet normal -0.778852 -0.627208 0
    outer loop
      vertex 8.66089 19.0042 4.2
      vertex 8.72169 18.9287 3
      vertex 8.72169 18.9287 4.2
    endloop
  endfacet
  facet normal -0.84259 -0.538556 0
    outer loop
      vertex 8.77391 18.847 3
      vertex 8.72169 18.9287 4.2
      vertex 8.72169 18.9287 3
    endloop
  endfacet
  facet normal -0.84259 -0.538556 0
    outer loop
      vertex 8.72169 18.9287 4.2
      vertex 8.77391 18.847 3
      vertex 8.77391 18.847 4.2
    endloop
  endfacet
  facet normal -0.902426 -0.430845 0
    outer loop
      vertex 8.81664 18.7575 3
      vertex 8.77391 18.847 4.2
      vertex 8.77391 18.847 3
    endloop
  endfacet
  facet normal -0.902426 -0.430845 0
    outer loop
      vertex 8.77391 18.847 4.2
      vertex 8.81664 18.7575 3
      vertex 8.81664 18.7575 4.2
    endloop
  endfacet
  facet normal -0.946494 -0.322721 0
    outer loop
      vertex 8.84985 18.6601 3
      vertex 8.81664 18.7575 4.2
      vertex 8.81664 18.7575 3
    endloop
  endfacet
  facet normal -0.946494 -0.322721 0
    outer loop
      vertex 8.81664 18.7575 4.2
      vertex 8.84985 18.6601 3
      vertex 8.84985 18.6601 4.2
    endloop
  endfacet
  facet normal -0.975406 -0.220418 0
    outer loop
      vertex 8.8736 18.555 3
      vertex 8.84985 18.6601 4.2
      vertex 8.84985 18.6601 3
    endloop
  endfacet
  facet normal -0.975406 -0.220418 0
    outer loop
      vertex 8.84985 18.6601 4.2
      vertex 8.8736 18.555 3
      vertex 8.8736 18.555 4.2
    endloop
  endfacet
  facet normal -0.992178 -0.124834 0
    outer loop
      vertex 8.88783 18.4419 3
      vertex 8.8736 18.555 4.2
      vertex 8.8736 18.555 3
    endloop
  endfacet
  facet normal -0.992178 -0.124834 0
    outer loop
      vertex 8.8736 18.555 4.2
      vertex 8.88783 18.4419 3
      vertex 8.88783 18.4419 4.2
    endloop
  endfacet
  facet normal -0.999228 -0.0392908 0
    outer loop
      vertex 8.89258 18.3211 3
      vertex 8.88783 18.4419 4.2
      vertex 8.88783 18.4419 3
    endloop
  endfacet
  facet normal -0.999228 -0.0392908 0
    outer loop
      vertex 8.88783 18.4419 4.2
      vertex 8.89258 18.3211 3
      vertex 8.89258 18.3211 4.2
    endloop
  endfacet
  facet normal -0.997492 0.0707822 0
    outer loop
      vertex 8.87743 18.1076 3
      vertex 8.89258 18.3211 4.2
      vertex 8.89258 18.3211 3
    endloop
  endfacet
  facet normal -0.997492 0.0707822 0
    outer loop
      vertex 8.89258 18.3211 4.2
      vertex 8.87743 18.1076 3
      vertex 8.87743 18.1076 4.2
    endloop
  endfacet
  facet normal -0.974047 0.226348 0
    outer loop
      vertex 8.832 17.9121 3
      vertex 8.87743 18.1076 4.2
      vertex 8.87743 18.1076 3
    endloop
  endfacet
  facet normal -0.974047 0.226348 0
    outer loop
      vertex 8.87743 18.1076 4.2
      vertex 8.832 17.9121 3
      vertex 8.832 17.9121 4.2
    endloop
  endfacet
  facet normal -0.919864 0.392237 0
    outer loop
      vertex 8.75627 17.7345 3
      vertex 8.832 17.9121 4.2
      vertex 8.832 17.9121 3
    endloop
  endfacet
  facet normal -0.919864 0.392237 0
    outer loop
      vertex 8.832 17.9121 4.2
      vertex 8.75627 17.7345 3
      vertex 8.75627 17.7345 4.2
    endloop
  endfacet
  facet normal -0.833172 0.553014 0
    outer loop
      vertex 8.65027 17.5748 3
      vertex 8.75627 17.7345 4.2
      vertex 8.75627 17.7345 3
    endloop
  endfacet
  facet normal -0.833172 0.553014 0
    outer loop
      vertex 8.75627 17.7345 4.2
      vertex 8.65027 17.5748 3
      vertex 8.65027 17.5748 4.2
    endloop
  endfacet
  facet normal -0.720681 0.693267 0
    outer loop
      vertex 8.51396 17.4331 3
      vertex 8.65027 17.5748 4.2
      vertex 8.65027 17.5748 3
    endloop
  endfacet
  facet normal -0.720681 0.693267 0
    outer loop
      vertex 8.65027 17.5748 4.2
      vertex 8.51396 17.4331 3
      vertex 8.51396 17.4331 4.2
    endloop
  endfacet
  facet normal -0.596494 0.802617 0
    outer loop
      vertex 8.51396 17.4331 3
      vertex 8.34738 17.3093 4.2
      vertex 8.51396 17.4331 4.2
    endloop
  endfacet
  facet normal -0.596494 0.802617 0
    outer loop
      vertex 8.34738 17.3093 4.2
      vertex 8.51396 17.4331 3
      vertex 8.34738 17.3093 3
    endloop
  endfacet
  facet normal -0.475801 0.879553 0
    outer loop
      vertex 8.34738 17.3093 3
      vertex 8.15291 17.2041 4.2
      vertex 8.34738 17.3093 4.2
    endloop
  endfacet
  facet normal -0.475801 0.879553 0
    outer loop
      vertex 8.15291 17.2041 4.2
      vertex 8.34738 17.3093 3
      vertex 8.15291 17.2041 3
    endloop
  endfacet
  facet normal -0.364533 0.93119 0
    outer loop
      vertex 8.15291 17.2041 3
      vertex 7.93297 17.118 4.2
      vertex 8.15291 17.2041 4.2
    endloop
  endfacet
  facet normal -0.364533 0.93119 0
    outer loop
      vertex 7.93297 17.118 4.2
      vertex 8.15291 17.2041 3
      vertex 7.93297 17.118 3
    endloop
  endfacet
  facet normal -0.263374 0.964694 0
    outer loop
      vertex 7.93297 17.118 3
      vertex 7.68756 17.051 4.2
      vertex 7.93297 17.118 4.2
    endloop
  endfacet
  facet normal -0.263374 0.964694 0
    outer loop
      vertex 7.68756 17.051 4.2
      vertex 7.93297 17.118 3
      vertex 7.68756 17.051 3
    endloop
  endfacet
  facet normal -0.174123 0.984724 0
    outer loop
      vertex 7.68756 17.051 3
      vertex 7.41667 17.0031 4.2
      vertex 7.68756 17.051 4.2
    endloop
  endfacet
  facet normal -0.174123 0.984724 0
    outer loop
      vertex 7.41667 17.0031 4.2
      vertex 7.68756 17.051 3
      vertex 7.41667 17.0031 3
    endloop
  endfacet
  facet normal -0.096394 0.995343 0
    outer loop
      vertex 7.41667 17.0031 3
      vertex 7.12032 16.9744 4.2
      vertex 7.41667 17.0031 4.2
    endloop
  endfacet
  facet normal -0.096394 0.995343 0
    outer loop
      vertex 7.12032 16.9744 4.2
      vertex 7.41667 17.0031 3
      vertex 7.12032 16.9744 3
    endloop
  endfacet
  facet normal -0.0298162 0.999555 0
    outer loop
      vertex 7.12032 16.9744 3
      vertex 6.79849 16.9648 4.2
      vertex 7.12032 16.9744 4.2
    endloop
  endfacet
  facet normal -0.0298162 0.999555 0
    outer loop
      vertex 6.79849 16.9648 4.2
      vertex 7.12032 16.9744 3
      vertex 6.79849 16.9648 3
    endloop
  endfacet
  facet normal 0.0287991 0.999585 -0
    outer loop
      vertex 6.79849 16.9648 3
      vertex 6.48611 16.9738 4.2
      vertex 6.79849 16.9648 4.2
    endloop
  endfacet
  facet normal 0.0287991 0.999585 0
    outer loop
      vertex 6.48611 16.9738 4.2
      vertex 6.79849 16.9648 3
      vertex 6.48611 16.9738 3
    endloop
  endfacet
  facet normal 0.0924316 0.995719 -0
    outer loop
      vertex 6.48611 16.9738 3
      vertex 6.19633 17.0007 4.2
      vertex 6.48611 16.9738 4.2
    endloop
  endfacet
  facet normal 0.0924316 0.995719 0
    outer loop
      vertex 6.19633 17.0007 4.2
      vertex 6.48611 16.9738 3
      vertex 6.19633 17.0007 3
    endloop
  endfacet
  facet normal 0.165369 0.986232 -0
    outer loop
      vertex 6.19633 17.0007 3
      vertex 5.92915 17.0455 4.2
      vertex 6.19633 17.0007 4.2
    endloop
  endfacet
  facet normal 0.165369 0.986232 0
    outer loop
      vertex 5.92915 17.0455 4.2
      vertex 6.19633 17.0007 3
      vertex 5.92915 17.0455 3
    endloop
  endfacet
  facet normal 0.248699 0.968581 -0
    outer loop
      vertex 5.92915 17.0455 3
      vertex 5.68457 17.1083 4.2
      vertex 5.92915 17.0455 4.2
    endloop
  endfacet
  facet normal 0.248699 0.968581 0
    outer loop
      vertex 5.68457 17.1083 4.2
      vertex 5.92915 17.0455 3
      vertex 5.68457 17.1083 3
    endloop
  endfacet
  facet normal 0.341682 0.939816 -0
    outer loop
      vertex 5.68457 17.1083 3
      vertex 5.4626 17.189 4.2
      vertex 5.68457 17.1083 4.2
    endloop
  endfacet
  facet normal 0.341682 0.939816 0
    outer loop
      vertex 5.4626 17.189 4.2
      vertex 5.68457 17.1083 3
      vertex 5.4626 17.189 3
    endloop
  endfacet
  facet normal 0.443271 0.896388 -0
    outer loop
      vertex 5.4626 17.189 3
      vertex 5.26321 17.2876 4.2
      vertex 5.4626 17.189 4.2
    endloop
  endfacet
  facet normal 0.443271 0.896388 0
    outer loop
      vertex 5.26321 17.2876 4.2
      vertex 5.4626 17.189 3
      vertex 5.26321 17.2876 3
    endloop
  endfacet
  facet normal 0.553615 0.832773 -0
    outer loop
      vertex 5.26321 17.2876 3
      vertex 5.08601 17.4054 4.2
      vertex 5.26321 17.2876 4.2
    endloop
  endfacet
  facet normal 0.553615 0.832773 0
    outer loop
      vertex 5.08601 17.4054 4.2
      vertex 5.26321 17.2876 3
      vertex 5.08601 17.4054 3
    endloop
  endfacet
  facet normal 0.664035 0.747701 -0
    outer loop
      vertex 5.08601 17.4054 3
      vertex 4.93051 17.5435 4.2
      vertex 5.08601 17.4054 4.2
    endloop
  endfacet
  facet normal 0.664035 0.747701 0
    outer loop
      vertex 4.93051 17.5435 4.2
      vertex 5.08601 17.4054 3
      vertex 4.93051 17.5435 3
    endloop
  endfacet
  facet normal 0.764088 0.645112 0
    outer loop
      vertex 4.93051 17.5435 4.2
      vertex 4.79669 17.702 3
      vertex 4.79669 17.702 4.2
    endloop
  endfacet
  facet normal 0.764088 0.645112 0
    outer loop
      vertex 4.79669 17.702 3
      vertex 4.93051 17.5435 4.2
      vertex 4.93051 17.5435 3
    endloop
  endfacet
  facet normal 0.847252 0.531191 0
    outer loop
      vertex 4.79669 17.702 4.2
      vertex 4.68459 17.8808 3
      vertex 4.68459 17.8808 4.2
    endloop
  endfacet
  facet normal 0.847252 0.531191 0
    outer loop
      vertex 4.68459 17.8808 3
      vertex 4.79669 17.702 4.2
      vertex 4.79669 17.702 3
    endloop
  endfacet
  facet normal 0.910521 0.413462 0
    outer loop
      vertex 4.68459 17.8808 4.2
      vertex 4.59418 18.0799 3
      vertex 4.59418 18.0799 4.2
    endloop
  endfacet
  facet normal 0.910521 0.413462 0
    outer loop
      vertex 4.59418 18.0799 3
      vertex 4.68459 17.8808 4.2
      vertex 4.68459 17.8808 3
    endloop
  endfacet
  facet normal 0.954311 0.298815 0
    outer loop
      vertex 4.59418 18.0799 4.2
      vertex 4.52545 18.2994 3
      vertex 4.52545 18.2994 4.2
    endloop
  endfacet
  facet normal 0.954311 0.298815 0
    outer loop
      vertex 4.52545 18.2994 3
      vertex 4.59418 18.0799 4.2
      vertex 4.59418 18.0799 3
    endloop
  endfacet
  facet normal -0.196097 0.980584 0
    outer loop
      vertex 4.52545 18.2994 3
      vertex 3.52185 18.0987 4.2
      vertex 4.52545 18.2994 4.2
    endloop
  endfacet
  facet normal -0.196097 0.980584 0
    outer loop
      vertex 3.52185 18.0987 4.2
      vertex 4.52545 18.2994 3
      vertex 3.52185 18.0987 3
    endloop
  endfacet
  facet normal -0.940953 -0.338537 0
    outer loop
      vertex 3.73538 17.5052 3
      vertex 3.52185 18.0987 4.2
      vertex 3.52185 18.0987 3
    endloop
  endfacet
  facet normal -0.940953 -0.338537 0
    outer loop
      vertex 3.52185 18.0987 4.2
      vertex 3.73538 17.5052 3
      vertex 3.73538 17.5052 4.2
    endloop
  endfacet
  facet normal -0.815918 -0.578167 0
    outer loop
      vertex 4.07941 17.0197 3
      vertex 3.73538 17.5052 4.2
      vertex 3.73538 17.5052 3
    endloop
  endfacet
  facet normal -0.815918 -0.578167 0
    outer loop
      vertex 3.73538 17.5052 4.2
      vertex 4.07941 17.0197 3
      vertex 4.07941 17.0197 4.2
    endloop
  endfacet
  facet normal -0.622658 -0.782494 0
    outer loop
      vertex 4.07941 17.0197 3
      vertex 4.55394 16.6421 4.2
      vertex 4.07941 17.0197 4.2
    endloop
  endfacet
  facet normal -0.622658 -0.782494 -0
    outer loop
      vertex 4.55394 16.6421 4.2
      vertex 4.07941 17.0197 3
      vertex 4.55394 16.6421 3
    endloop
  endfacet
  facet normal -0.407264 -0.91331 0
    outer loop
      vertex 4.55394 16.6421 3
      vertex 5.15898 16.3723 4.2
      vertex 4.55394 16.6421 4.2
    endloop
  endfacet
  facet normal -0.407264 -0.91331 -0
    outer loop
      vertex 5.15898 16.3723 4.2
      vertex 4.55394 16.6421 3
      vertex 5.15898 16.3723 3
    endloop
  endfacet
  facet normal -0.214835 -0.97665 0
    outer loop
      vertex 5.15898 16.3723 3
      vertex 5.89453 16.2105 4.2
      vertex 5.15898 16.3723 4.2
    endloop
  endfacet
  facet normal -0.214835 -0.97665 -0
    outer loop
      vertex 5.89453 16.2105 4.2
      vertex 5.15898 16.3723 3
      vertex 5.89453 16.2105 3
    endloop
  endfacet
  facet normal -0.0622319 -0.998062 0
    outer loop
      vertex 5.89453 16.2105 3
      vertex 6.76057 16.1565 4.2
      vertex 5.89453 16.2105 4.2
    endloop
  endfacet
  facet normal -0.0622319 -0.998062 -0
    outer loop
      vertex 6.76057 16.1565 4.2
      vertex 5.89453 16.2105 3
      vertex 6.76057 16.1565 3
    endloop
  endfacet
  facet normal 0.0335806 -0.999436 0
    outer loop
      vertex 6.76057 16.1565 3
      vertex 7.24272 16.1727 4.2
      vertex 6.76057 16.1565 4.2
    endloop
  endfacet
  facet normal 0.0335806 -0.999436 0
    outer loop
      vertex 7.24272 16.1727 4.2
      vertex 6.76057 16.1565 3
      vertex 7.24272 16.1727 3
    endloop
  endfacet
  facet normal 0.120818 -0.992675 0
    outer loop
      vertex -14.0296 16.1708 3
      vertex -13.6763 16.2138 4.2
      vertex -14.0296 16.1708 4.2
    endloop
  endfacet
  facet normal 0.120818 -0.992675 0
    outer loop
      vertex -13.6763 16.2138 4.2
      vertex -14.0296 16.1708 3
      vertex -13.6763 16.2138 3
    endloop
  endfacet
  facet normal 0.207177 -0.978303 0
    outer loop
      vertex -13.6763 16.2138 3
      vertex -13.3382 16.2854 4.2
      vertex -13.6763 16.2138 4.2
    endloop
  endfacet
  facet normal 0.207177 -0.978303 0
    outer loop
      vertex -13.3382 16.2854 4.2
      vertex -13.6763 16.2138 3
      vertex -13.3382 16.2854 3
    endloop
  endfacet
  facet normal 0.296455 -0.955047 0
    outer loop
      vertex -13.3382 16.2854 3
      vertex -13.0154 16.3856 4.2
      vertex -13.3382 16.2854 4.2
    endloop
  endfacet
  facet normal 0.296455 -0.955047 0
    outer loop
      vertex -13.0154 16.3856 4.2
      vertex -13.3382 16.2854 3
      vertex -13.0154 16.3856 3
    endloop
  endfacet
  facet normal 0.386126 -0.922446 0
    outer loop
      vertex -13.0154 16.3856 3
      vertex -12.7077 16.5144 4.2
      vertex -13.0154 16.3856 4.2
    endloop
  endfacet
  facet normal 0.386126 -0.922446 0
    outer loop
      vertex -12.7077 16.5144 4.2
      vertex -13.0154 16.3856 3
      vertex -12.7077 16.5144 3
    endloop
  endfacet
  facet normal 0.474226 -0.880403 0
    outer loop
      vertex -12.7077 16.5144 3
      vertex -12.4153 16.6719 4.2
      vertex -12.7077 16.5144 4.2
    endloop
  endfacet
  facet normal 0.474226 -0.880403 0
    outer loop
      vertex -12.4153 16.6719 4.2
      vertex -12.7077 16.5144 3
      vertex -12.4153 16.6719 3
    endloop
  endfacet
  facet normal 0.559088 -0.829108 0
    outer loop
      vertex -12.4153 16.6719 3
      vertex -12.1411 16.8568 4.2
      vertex -12.4153 16.6719 4.2
    endloop
  endfacet
  facet normal 0.559088 -0.829108 0
    outer loop
      vertex -12.1411 16.8568 4.2
      vertex -12.4153 16.6719 3
      vertex -12.1411 16.8568 3
    endloop
  endfacet
  facet normal 0.640811 -0.767699 0
    outer loop
      vertex -12.1411 16.8568 3
      vertex -11.8882 17.0679 4.2
      vertex -12.1411 16.8568 4.2
    endloop
  endfacet
  facet normal 0.640811 -0.767699 0
    outer loop
      vertex -11.8882 17.0679 4.2
      vertex -12.1411 16.8568 3
      vertex -11.8882 17.0679 3
    endloop
  endfacet
  facet normal 0.715646 -0.698463 0
    outer loop
      vertex -11.8882 17.0679 4.2
      vertex -11.6565 17.3053 3
      vertex -11.6565 17.3053 4.2
    endloop
  endfacet
  facet normal 0.715646 -0.698463 0
    outer loop
      vertex -11.6565 17.3053 3
      vertex -11.8882 17.0679 4.2
      vertex -11.8882 17.0679 3
    endloop
  endfacet
  facet normal 0.781303 -0.624153 0
    outer loop
      vertex -11.6565 17.3053 4.2
      vertex -11.446 17.5688 3
      vertex -11.446 17.5688 4.2
    endloop
  endfacet
  facet normal 0.781303 -0.624153 0
    outer loop
      vertex -11.446 17.5688 3
      vertex -11.6565 17.3053 4.2
      vertex -11.6565 17.3053 3
    endloop
  endfacet
  facet normal 0.837478 -0.546471 0
    outer loop
      vertex -11.446 17.5688 4.2
      vertex -11.2569 17.8586 3
      vertex -11.2569 17.8586 4.2
    endloop
  endfacet
  facet normal 0.837478 -0.546471 0
    outer loop
      vertex -11.2569 17.8586 3
      vertex -11.446 17.5688 4.2
      vertex -11.446 17.5688 3
    endloop
  endfacet
  facet normal 0.882971 -0.469428 0
    outer loop
      vertex -11.2569 17.8586 4.2
      vertex -11.0889 18.1746 3
      vertex -11.0889 18.1746 4.2
    endloop
  endfacet
  facet normal 0.882971 -0.469428 0
    outer loop
      vertex -11.0889 18.1746 3
      vertex -11.2569 17.8586 4.2
      vertex -11.2569 17.8586 3
    endloop
  endfacet
  facet normal 0.447171 0.894448 -0
    outer loop
      vertex -11.0889 18.1746 3
      vertex -11.9352 18.5977 4.2
      vertex -11.0889 18.1746 4.2
    endloop
  endfacet
  facet normal 0.447171 0.894448 0
    outer loop
      vertex -11.9352 18.5977 4.2
      vertex -11.0889 18.1746 3
      vertex -11.9352 18.5977 3
    endloop
  endfacet
  facet normal -0.857353 0.514729 0
    outer loop
      vertex -12.2268 18.112 3
      vertex -11.9352 18.5977 4.2
      vertex -11.9352 18.5977 3
    endloop
  endfacet
  facet normal -0.857353 0.514729 0
    outer loop
      vertex -11.9352 18.5977 4.2
      vertex -12.2268 18.112 3
      vertex -12.2268 18.112 4.2
    endloop
  endfacet
  facet normal -0.763649 0.645632 0
    outer loop
      vertex -12.5627 17.7147 3
      vertex -12.2268 18.112 4.2
      vertex -12.2268 18.112 3
    endloop
  endfacet
  facet normal -0.763649 0.645632 0
    outer loop
      vertex -12.2268 18.112 4.2
      vertex -12.5627 17.7147 3
      vertex -12.5627 17.7147 4.2
    endloop
  endfacet
  facet normal -0.630823 0.775927 0
    outer loop
      vertex -12.5627 17.7147 3
      vertex -12.9429 17.4056 4.2
      vertex -12.5627 17.7147 4.2
    endloop
  endfacet
  facet normal -0.630823 0.775927 0
    outer loop
      vertex -12.9429 17.4056 4.2
      vertex -12.5627 17.7147 3
      vertex -12.9429 17.4056 3
    endloop
  endfacet
  facet normal -0.461451 0.887165 0
    outer loop
      vertex -12.9429 17.4056 3
      vertex -13.3674 17.1848 4.2
      vertex -12.9429 17.4056 4.2
    endloop
  endfacet
  facet normal -0.461451 0.887165 0
    outer loop
      vertex -13.3674 17.1848 4.2
      vertex -12.9429 17.4056 3
      vertex -13.3674 17.1848 3
    endloop
  endfacet
  facet normal -0.271792 0.962356 0
    outer loop
      vertex -13.3674 17.1848 3
      vertex -13.8362 17.0524 4.2
      vertex -13.3674 17.1848 4.2
    endloop
  endfacet
  facet normal -0.271792 0.962356 0
    outer loop
      vertex -13.8362 17.0524 4.2
      vertex -13.3674 17.1848 3
      vertex -13.8362 17.0524 3
    endloop
  endfacet
  facet normal -0.0858252 0.99631 0
    outer loop
      vertex -13.8362 17.0524 3
      vertex -14.3493 17.0082 4.2
      vertex -13.8362 17.0524 4.2
    endloop
  endfacet
  facet normal -0.0858252 0.99631 0
    outer loop
      vertex -14.3493 17.0082 4.2
      vertex -13.8362 17.0524 3
      vertex -14.3493 17.0082 3
    endloop
  endfacet
  facet normal 0.0586495 0.998279 -0
    outer loop
      vertex -14.3493 17.0082 3
      vertex -14.7527 17.0319 4.2
      vertex -14.3493 17.0082 4.2
    endloop
  endfacet
  facet normal 0.0586495 0.998279 0
    outer loop
      vertex -14.7527 17.0319 4.2
      vertex -14.3493 17.0082 3
      vertex -14.7527 17.0319 3
    endloop
  endfacet
  facet normal 0.186775 0.982403 -0
    outer loop
      vertex -14.7527 17.0319 3
      vertex -15.1272 17.1031 4.2
      vertex -14.7527 17.0319 4.2
    endloop
  endfacet
  facet normal 0.186775 0.982403 0
    outer loop
      vertex -15.1272 17.1031 4.2
      vertex -14.7527 17.0319 3
      vertex -15.1272 17.1031 3
    endloop
  endfacet
  facet normal 0.324667 0.945828 -0
    outer loop
      vertex -15.1272 17.1031 3
      vertex -15.473 17.2218 4.2
      vertex -15.1272 17.1031 4.2
    endloop
  endfacet
  facet normal 0.324667 0.945828 0
    outer loop
      vertex -15.473 17.2218 4.2
      vertex -15.1272 17.1031 3
      vertex -15.473 17.2218 3
    endloop
  endfacet
  facet normal 0.464122 0.885771 -0
    outer loop
      vertex -15.473 17.2218 3
      vertex -15.79 17.3879 4.2
      vertex -15.473 17.2218 4.2
    endloop
  endfacet
  facet normal 0.464122 0.885771 0
    outer loop
      vertex -15.79 17.3879 4.2
      vertex -15.473 17.2218 3
      vertex -15.79 17.3879 3
    endloop
  endfacet
  facet normal 0.595441 0.803399 -0
    outer loop
      vertex -15.79 17.3879 3
      vertex -16.0782 17.6015 4.2
      vertex -15.79 17.3879 4.2
    endloop
  endfacet
  facet normal 0.595441 0.803399 0
    outer loop
      vertex -16.0782 17.6015 4.2
      vertex -15.79 17.3879 3
      vertex -16.0782 17.6015 3
    endloop
  endfacet
  facet normal 0.709412 0.704794 0
    outer loop
      vertex -16.0782 17.6015 4.2
      vertex -16.3376 17.8626 3
      vertex -16.3376 17.8626 4.2
    endloop
  endfacet
  facet normal 0.709412 0.704794 0
    outer loop
      vertex -16.3376 17.8626 3
      vertex -16.0782 17.6015 4.2
      vertex -16.0782 17.6015 3
    endloop
  endfacet
  facet normal 0.800608 0.599189 0
    outer loop
      vertex -16.3376 17.8626 4.2
      vertex -16.5622 18.1627 3
      vertex -16.5622 18.1627 4.2
    endloop
  endfacet
  facet normal 0.800608 0.599189 0
    outer loop
      vertex -16.5622 18.1627 3
      vertex -16.3376 17.8626 4.2
      vertex -16.3376 17.8626 3
    endloop
  endfacet
  facet normal 0.87407 0.4858 0
    outer loop
      vertex -16.5622 18.1627 4.2
      vertex -16.746 18.4934 3
      vertex -16.746 18.4934 4.2
    endloop
  endfacet
  facet normal 0.87407 0.4858 0
    outer loop
      vertex -16.746 18.4934 3
      vertex -16.5622 18.1627 4.2
      vertex -16.5622 18.1627 3
    endloop
  endfacet
  facet normal 0.929942 0.367705 0
    outer loop
      vertex -16.746 18.4934 4.2
      vertex -16.8889 18.8548 3
      vertex -16.8889 18.8548 4.2
    endloop
  endfacet
  facet normal 0.929942 0.367705 0
    outer loop
      vertex -16.8889 18.8548 3
      vertex -16.746 18.4934 4.2
      vertex -16.746 18.4934 3
    endloop
  endfacet
  facet normal 0.967683 0.252171 0
    outer loop
      vertex -16.8889 18.8548 4.2
      vertex -16.991 19.2466 3
      vertex -16.991 19.2466 4.2
    endloop
  endfacet
  facet normal 0.967683 0.252171 0
    outer loop
      vertex -16.991 19.2466 3
      vertex -16.8889 18.8548 4.2
      vertex -16.8889 18.8548 3
    endloop
  endfacet
  facet normal 0.989638 0.143585 0
    outer loop
      vertex -16.991 19.2466 4.2
      vertex -17.0523 19.6691 3
      vertex -17.0523 19.6691 4.2
    endloop
  endfacet
  facet normal 0.989638 0.143585 0
    outer loop
      vertex -17.0523 19.6691 3
      vertex -16.991 19.2466 4.2
      vertex -16.991 19.2466 3
    endloop
  endfacet
  facet normal 0.998988 0.0449776 0
    outer loop
      vertex -17.0523 19.6691 4.2
      vertex -17.0727 20.1222 3
      vertex -17.0727 20.1222 4.2
    endloop
  endfacet
  facet normal 0.998988 0.0449776 0
    outer loop
      vertex -17.0727 20.1222 3
      vertex -17.0523 19.6691 4.2
      vertex -17.0523 19.6691 3
    endloop
  endfacet
  facet normal 0.999082 -0.042849 0
    outer loop
      vertex -17.0727 20.1222 4.2
      vertex -17.0531 20.5792 3
      vertex -17.0531 20.5792 4.2
    endloop
  endfacet
  facet normal 0.999082 -0.042849 0
    outer loop
      vertex -17.0531 20.5792 3
      vertex -17.0727 20.1222 4.2
      vertex -17.0727 20.1222 3
    endloop
  endfacet
  facet normal 0.99049 -0.137588 0
    outer loop
      vertex -17.0531 20.5792 4.2
      vertex -16.9943 21.0025 3
      vertex -16.9943 21.0025 4.2
    endloop
  endfacet
  facet normal 0.99049 -0.137588 0
    outer loop
      vertex -16.9943 21.0025 3
      vertex -17.0531 20.5792 4.2
      vertex -17.0531 20.5792 3
    endloop
  endfacet
  facet normal 0.969878 -0.243589 0
    outer loop
      vertex -16.9943 21.0025 4.2
      vertex -16.8964 21.3923 3
      vertex -16.8964 21.3923 4.2
    endloop
  endfacet
  facet normal 0.969878 -0.243589 0
    outer loop
      vertex -16.8964 21.3923 3
      vertex -16.9943 21.0025 4.2
      vertex -16.9943 21.0025 3
    endloop
  endfacet
  facet normal 0.933258 -0.359207 0
    outer loop
      vertex -16.8964 21.3923 4.2
      vertex -16.7593 21.7485 3
      vertex -16.7593 21.7485 4.2
    endloop
  endfacet
  facet normal 0.933258 -0.359207 0
    outer loop
      vertex -16.7593 21.7485 3
      vertex -16.8964 21.3923 4.2
      vertex -16.8964 21.3923 3
    endloop
  endfacet
  facet normal 0.877448 -0.479672 0
    outer loop
      vertex -16.7593 21.7485 4.2
      vertex -16.583 22.071 3
      vertex -16.583 22.071 4.2
    endloop
  endfacet
  facet normal 0.877448 -0.479672 0
    outer loop
      vertex -16.583 22.071 3
      vertex -16.7593 21.7485 4.2
      vertex -16.7593 21.7485 3
    endloop
  endfacet
  facet normal 0.801661 -0.597779 0
    outer loop
      vertex -16.583 22.071 4.2
      vertex -16.3675 22.36 3
      vertex -16.3675 22.36 4.2
    endloop
  endfacet
  facet normal 0.801661 -0.597779 0
    outer loop
      vertex -16.3675 22.36 3
      vertex -16.583 22.071 4.2
      vertex -16.583 22.071 3
    endloop
  endfacet
  facet normal 0.705125 -0.709083 0
    outer loop
      vertex -16.3675 22.36 3
      vertex -16.1167 22.6094 4.2
      vertex -16.3675 22.36 4.2
    endloop
  endfacet
  facet normal 0.705125 -0.709083 0
    outer loop
      vertex -16.1167 22.6094 4.2
      vertex -16.3675 22.36 3
      vertex -16.1167 22.6094 3
    endloop
  endfacet
  facet normal 0.58636 -0.81005 0
    outer loop
      vertex -16.1167 22.6094 3
      vertex -15.8346 22.8136 4.2
      vertex -16.1167 22.6094 4.2
    endloop
  endfacet
  facet normal 0.58636 -0.81005 0
    outer loop
      vertex -15.8346 22.8136 4.2
      vertex -16.1167 22.6094 3
      vertex -15.8346 22.8136 3
    endloop
  endfacet
  facet normal 0.451648 -0.892196 0
    outer loop
      vertex -15.8346 22.8136 3
      vertex -15.5211 22.9723 4.2
      vertex -15.8346 22.8136 4.2
    endloop
  endfacet
  facet normal 0.451648 -0.892196 0
    outer loop
      vertex -15.5211 22.9723 4.2
      vertex -15.8346 22.8136 3
      vertex -15.5211 22.9723 3
    endloop
  endfacet
  facet normal 0.312423 -0.949943 0
    outer loop
      vertex -15.5211 22.9723 3
      vertex -15.1763 23.0857 4.2
      vertex -15.5211 22.9723 4.2
    endloop
  endfacet
  facet normal 0.312423 -0.949943 0
    outer loop
      vertex -15.1763 23.0857 4.2
      vertex -15.5211 22.9723 3
      vertex -15.1763 23.0857 3
    endloop
  endfacet
  facet normal 0.177918 -0.984045 0
    outer loop
      vertex -15.1763 23.0857 3
      vertex -14.8002 23.1537 4.2
      vertex -15.1763 23.0857 4.2
    endloop
  endfacet
  facet normal 0.177918 -0.984045 0
    outer loop
      vertex -14.8002 23.1537 4.2
      vertex -15.1763 23.0857 3
      vertex -14.8002 23.1537 3
    endloop
  endfacet
  facet normal 0.0556193 -0.998452 0
    outer loop
      vertex -14.8002 23.1537 3
      vertex -14.3927 23.1764 4.2
      vertex -14.8002 23.1537 4.2
    endloop
  endfacet
  facet normal 0.0556193 -0.998452 0
    outer loop
      vertex -14.3927 23.1764 4.2
      vertex -14.8002 23.1537 3
      vertex -14.3927 23.1764 3
    endloop
  endfacet
  facet normal -0.03718 -0.999309 0
    outer loop
      vertex -14.3927 23.1764 3
      vertex -14.1293 23.1666 4.2
      vertex -14.3927 23.1764 4.2
    endloop
  endfacet
  facet normal -0.03718 -0.999309 -0
    outer loop
      vertex -14.1293 23.1666 4.2
      vertex -14.3927 23.1764 3
      vertex -14.1293 23.1666 3
    endloop
  endfacet
  facet normal -0.1159 -0.993261 0
    outer loop
      vertex -14.1293 23.1666 3
      vertex -13.8782 23.1373 4.2
      vertex -14.1293 23.1666 4.2
    endloop
  endfacet
  facet normal -0.1159 -0.993261 -0
    outer loop
      vertex -13.8782 23.1373 4.2
      vertex -14.1293 23.1666 3
      vertex -13.8782 23.1373 3
    endloop
  endfacet
  facet normal -0.200924 -0.979607 0
    outer loop
      vertex -13.8782 23.1373 3
      vertex -13.6393 23.0883 4.2
      vertex -13.8782 23.1373 4.2
    endloop
  endfacet
  facet normal -0.200924 -0.979607 -0
    outer loop
      vertex -13.6393 23.0883 4.2
      vertex -13.8782 23.1373 3
      vertex -13.6393 23.0883 3
    endloop
  endfacet
  facet normal -0.289632 -0.957138 0
    outer loop
      vertex -13.6393 23.0883 3
      vertex -13.4126 23.0197 4.2
      vertex -13.6393 23.0883 4.2
    endloop
  endfacet
  facet normal -0.289632 -0.957138 -0
    outer loop
      vertex -13.4126 23.0197 4.2
      vertex -13.6393 23.0883 3
      vertex -13.4126 23.0197 3
    endloop
  endfacet
  facet normal -0.380294 -0.924866 0
    outer loop
      vertex -13.4126 23.0197 3
      vertex -13.1981 22.9315 4.2
      vertex -13.4126 23.0197 4.2
    endloop
  endfacet
  facet normal -0.380294 -0.924866 -0
    outer loop
      vertex -13.1981 22.9315 4.2
      vertex -13.4126 23.0197 3
      vertex -13.1981 22.9315 3
    endloop
  endfacet
  facet normal -0.469931 -0.882703 0
    outer loop
      vertex -13.1981 22.9315 3
      vertex -12.9958 22.8238 4.2
      vertex -13.1981 22.9315 4.2
    endloop
  endfacet
  facet normal -0.469931 -0.882703 -0
    outer loop
      vertex -12.9958 22.8238 4.2
      vertex -13.1981 22.9315 3
      vertex -12.9958 22.8238 3
    endloop
  endfacet
  facet normal -0.55929 -0.828972 0
    outer loop
      vertex -12.9958 22.8238 3
      vertex -12.8086 22.6975 4.2
      vertex -12.9958 22.8238 4.2
    endloop
  endfacet
  facet normal -0.55929 -0.828972 -0
    outer loop
      vertex -12.8086 22.6975 4.2
      vertex -12.9958 22.8238 3
      vertex -12.8086 22.6975 3
    endloop
  endfacet
  facet normal -0.647112 -0.762395 0
    outer loop
      vertex -12.8086 22.6975 3
      vertex -12.6393 22.5538 4.2
      vertex -12.8086 22.6975 4.2
    endloop
  endfacet
  facet normal -0.647112 -0.762395 -0
    outer loop
      vertex -12.6393 22.5538 4.2
      vertex -12.8086 22.6975 3
      vertex -12.6393 22.5538 3
    endloop
  endfacet
  facet normal -0.729128 -0.684377 0
    outer loop
      vertex -12.4879 22.3925 3
      vertex -12.6393 22.5538 4.2
      vertex -12.6393 22.5538 3
    endloop
  endfacet
  facet normal -0.729128 -0.684377 0
    outer loop
      vertex -12.6393 22.5538 4.2
      vertex -12.4879 22.3925 3
      vertex -12.4879 22.3925 4.2
    endloop
  endfacet
  facet normal -0.801128 -0.598493 0
    outer loop
      vertex -12.3544 22.2138 3
      vertex -12.4879 22.3925 4.2
      vertex -12.4879 22.3925 3
    endloop
  endfacet
  facet normal -0.801128 -0.598493 0
    outer loop
      vertex -12.4879 22.3925 4.2
      vertex -12.3544 22.2138 3
      vertex -12.3544 22.2138 4.2
    endloop
  endfacet
  facet normal -0.861765 -0.507308 0
    outer loop
      vertex -12.2389 22.0176 3
      vertex -12.3544 22.2138 4.2
      vertex -12.3544 22.2138 3
    endloop
  endfacet
  facet normal -0.861765 -0.507308 0
    outer loop
      vertex -12.3544 22.2138 4.2
      vertex -12.2389 22.0176 3
      vertex -12.2389 22.0176 4.2
    endloop
  endfacet
  facet normal -0.909548 -0.415599 0
    outer loop
      vertex -12.1413 21.804 3
      vertex -12.2389 22.0176 4.2
      vertex -12.2389 22.0176 3
    endloop
  endfacet
  facet normal -0.909548 -0.415599 0
    outer loop
      vertex -12.2389 22.0176 4.2
      vertex -12.1413 21.804 3
      vertex -12.1413 21.804 4.2
    endloop
  endfacet
  facet normal 0.314574 -0.949233 0
    outer loop
      vertex -12.1413 21.804 3
      vertex -11.1594 22.1294 4.2
      vertex -12.1413 21.804 4.2
    endloop
  endfacet
  facet normal 0.314574 -0.949233 0
    outer loop
      vertex -11.1594 22.1294 4.2
      vertex -12.1413 21.804 3
      vertex -11.1594 22.1294 3
    endloop
  endfacet
  facet normal 0.905604 0.424124 0
    outer loop
      vertex -11.1594 22.1294 4.2
      vertex -11.2999 22.4294 3
      vertex -11.2999 22.4294 4.2
    endloop
  endfacet
  facet normal 0.905604 0.424124 0
    outer loop
      vertex -11.2999 22.4294 3
      vertex -11.1594 22.1294 4.2
      vertex -11.1594 22.1294 3
    endloop
  endfacet
  facet normal 0.857769 0.514036 0
    outer loop
      vertex -11.2999 22.4294 4.2
      vertex -11.4644 22.7039 3
      vertex -11.4644 22.7039 4.2
    endloop
  endfacet
  facet normal 0.857769 0.514036 0
    outer loop
      vertex -11.4644 22.7039 3
      vertex -11.2999 22.4294 4.2
      vertex -11.2999 22.4294 3
    endloop
  endfacet
  facet normal 0.79676 0.604295 0
    outer loop
      vertex -11.4644 22.7039 4.2
      vertex -11.6531 22.9527 3
      vertex -11.6531 22.9527 4.2
    endloop
  endfacet
  facet normal 0.79676 0.604295 0
    outer loop
      vertex -11.6531 22.9527 3
      vertex -11.4644 22.7039 4.2
      vertex -11.4644 22.7039 3
    endloop
  endfacet
  facet normal 0.723613 0.690206 0
    outer loop
      vertex -11.6531 22.9527 4.2
      vertex -11.8659 23.1758 3
      vertex -11.8659 23.1758 4.2
    endloop
  endfacet
  facet normal 0.723613 0.690206 0
    outer loop
      vertex -11.8659 23.1758 3
      vertex -11.6531 22.9527 4.2
      vertex -11.6531 22.9527 3
    endloop
  endfacet
  facet normal 0.640535 0.767929 -0
    outer loop
      vertex -11.8659 23.1758 3
      vertex -12.1028 23.3734 4.2
      vertex -11.8659 23.1758 4.2
    endloop
  endfacet
  facet normal 0.640535 0.767929 0
    outer loop
      vertex -12.1028 23.3734 4.2
      vertex -11.8659 23.1758 3
      vertex -12.1028 23.3734 3
    endloop
  endfacet
  facet normal 0.55004 0.835139 -0
    outer loop
      vertex -12.1028 23.3734 3
      vertex -12.3638 23.5453 4.2
      vertex -12.1028 23.3734 4.2
    endloop
  endfacet
  facet normal 0.55004 0.835139 0
    outer loop
      vertex -12.3638 23.5453 4.2
      vertex -12.1028 23.3734 3
      vertex -12.3638 23.5453 3
    endloop
  endfacet
  facet normal 0.456704 0.889619 -0
    outer loop
      vertex -12.3638 23.5453 3
      vertex -12.648 23.6912 4.2
      vertex -12.3638 23.5453 4.2
    endloop
  endfacet
  facet normal 0.456704 0.889619 0
    outer loop
      vertex -12.648 23.6912 4.2
      vertex -12.3638 23.5453 3
      vertex -12.648 23.6912 3
    endloop
  endfacet
  facet normal 0.362989 0.931793 -0
    outer loop
      vertex -12.648 23.6912 3
      vertex -12.9545 23.8106 4.2
      vertex -12.648 23.6912 4.2
    endloop
  endfacet
  facet normal 0.362989 0.931793 0
    outer loop
      vertex -12.9545 23.8106 4.2
      vertex -12.648 23.6912 3
      vertex -12.9545 23.8106 3
    endloop
  endfacet
  facet normal 0.271627 0.962403 -0
    outer loop
      vertex -12.9545 23.8106 3
      vertex -13.2833 23.9034 4.2
      vertex -12.9545 23.8106 4.2
    endloop
  endfacet
  facet normal 0.271627 0.962403 0
    outer loop
      vertex -13.2833 23.9034 4.2
      vertex -12.9545 23.8106 3
      vertex -13.2833 23.9034 3
    endloop
  endfacet
  facet normal 0.185556 0.982634 -0
    outer loop
      vertex -13.2833 23.9034 3
      vertex -13.6344 23.9697 4.2
      vertex -13.2833 23.9034 4.2
    endloop
  endfacet
  facet normal 0.185556 0.982634 0
    outer loop
      vertex -13.6344 23.9697 4.2
      vertex -13.2833 23.9034 3
      vertex -13.6344 23.9697 3
    endloop
  endfacet
  facet normal 0.105988 0.994367 -0
    outer loop
      vertex -13.6344 23.9697 3
      vertex -14.0078 24.0095 4.2
      vertex -13.6344 23.9697 4.2
    endloop
  endfacet
  facet normal 0.105988 0.994367 0
    outer loop
      vertex -14.0078 24.0095 4.2
      vertex -13.6344 23.9697 3
      vertex -14.0078 24.0095 3
    endloop
  endfacet
  facet normal 0.0335839 0.999436 -0
    outer loop
      vertex -14.0078 24.0095 3
      vertex -14.4036 24.0228 4.2
      vertex -14.0078 24.0095 4.2
    endloop
  endfacet
  facet normal 0.0335839 0.999436 0
    outer loop
      vertex -14.4036 24.0228 4.2
      vertex -14.0078 24.0095 3
      vertex -14.4036 24.0228 3
    endloop
  endfacet
  facet normal -0.0512512 0.998686 0
    outer loop
      vertex -14.4036 24.0228 3
      vertex -14.9648 23.994 4.2
      vertex -14.4036 24.0228 4.2
    endloop
  endfacet
  facet normal -0.0512512 0.998686 0
    outer loop
      vertex -14.9648 23.994 4.2
      vertex -14.4036 24.0228 3
      vertex -14.9648 23.994 3
    endloop
  endfacet
  facet normal -0.164214 0.986425 0
    outer loop
      vertex -14.9648 23.994 3
      vertex -15.4838 23.9076 4.2
      vertex -14.9648 23.994 4.2
    endloop
  endfacet
  facet normal -0.164214 0.986425 0
    outer loop
      vertex -15.4838 23.9076 4.2
      vertex -14.9648 23.994 3
      vertex -15.4838 23.9076 3
    endloop
  endfacet
  facet normal -0.288932 0.95735 0
    outer loop
      vertex -15.4838 23.9076 3
      vertex -15.9606 23.7637 4.2
      vertex -15.4838 23.9076 4.2
    endloop
  endfacet
  facet normal -0.288932 0.95735 0
    outer loop
      vertex -15.9606 23.7637 4.2
      vertex -15.4838 23.9076 3
      vertex -15.9606 23.7637 3
    endloop
  endfacet
  facet normal -0.420633 0.907231 0
    outer loop
      vertex -15.9606 23.7637 3
      vertex -16.3952 23.5622 4.2
      vertex -15.9606 23.7637 4.2
    endloop
  endfacet
  facet normal -0.420633 0.907231 0
    outer loop
      vertex -16.3952 23.5622 4.2
      vertex -15.9606 23.7637 3
      vertex -16.3952 23.5622 3
    endloop
  endfacet
  facet normal -0.550866 0.834594 0
    outer loop
      vertex -16.3952 23.5622 3
      vertex -16.7876 23.3032 4.2
      vertex -16.3952 23.5622 4.2
    endloop
  endfacet
  facet normal -0.550866 0.834594 0
    outer loop
      vertex -16.7876 23.3032 4.2
      vertex -16.3952 23.5622 3
      vertex -16.7876 23.3032 3
    endloop
  endfacet
  facet normal -0.670625 0.741797 0
    outer loop
      vertex -16.7876 23.3032 3
      vertex -17.1378 22.9866 4.2
      vertex -16.7876 23.3032 4.2
    endloop
  endfacet
  facet normal -0.670625 0.741797 0
    outer loop
      vertex -17.1378 22.9866 4.2
      vertex -16.7876 23.3032 3
      vertex -17.1378 22.9866 3
    endloop
  endfacet
  facet normal -0.772822 0.634623 0
    outer loop
      vertex -17.4395 22.6192 3
      vertex -17.1378 22.9866 4.2
      vertex -17.1378 22.9866 3
    endloop
  endfacet
  facet normal -0.772822 0.634623 0
    outer loop
      vertex -17.1378 22.9866 4.2
      vertex -17.4395 22.6192 3
      vertex -17.4395 22.6192 4.2
    endloop
  endfacet
  facet normal -0.85753 0.514434 0
    outer loop
      vertex -17.6863 22.2078 3
      vertex -17.4395 22.6192 4.2
      vertex -17.4395 22.6192 3
    endloop
  endfacet
  facet normal -0.85753 0.514434 0
    outer loop
      vertex -17.4395 22.6192 4.2
      vertex -17.6863 22.2078 3
      vertex -17.6863 22.2078 4.2
    endloop
  endfacet
  facet normal -0.921452 0.388491 0
    outer loop
      vertex -17.8783 21.7524 3
      vertex -17.6863 22.2078 4.2
      vertex -17.6863 22.2078 3
    endloop
  endfacet
  facet normal -0.921452 0.388491 0
    outer loop
      vertex -17.6863 22.2078 4.2
      vertex -17.8783 21.7524 3
      vertex -17.8783 21.7524 4.2
    endloop
  endfacet
  facet normal -0.964321 0.264735 0
    outer loop
      vertex -18.0154 21.253 3
      vertex -17.8783 21.7524 4.2
      vertex -17.8783 21.7524 3
    endloop
  endfacet
  facet normal -0.964321 0.264735 0
    outer loop
      vertex -17.8783 21.7524 4.2
      vertex -18.0154 21.253 3
      vertex -18.0154 21.253 4.2
    endloop
  endfacet
  facet normal -0.988724 0.149746 0
    outer loop
      vertex -18.0977 20.7096 3
      vertex -18.0154 21.253 4.2
      vertex -18.0154 21.253 3
    endloop
  endfacet
  facet normal -0.988724 0.149746 0
    outer loop
      vertex -18.0154 21.253 4.2
      vertex -18.0977 20.7096 3
      vertex -18.0977 20.7096 4.2
    endloop
  endfacet
  facet normal -0.998914 0.0465956 0
    outer loop
      vertex -18.1251 20.1222 3
      vertex -18.0977 20.7096 4.2
      vertex -18.0977 20.7096 3
    endloop
  endfacet
  facet normal -0.998914 0.0465956 0
    outer loop
      vertex -18.0977 20.7096 4.2
      vertex -18.1251 20.1222 3
      vertex -18.1251 20.1222 4.2
    endloop
  endfacet
  facet normal -0.999522 -0.0309053 0
    outer loop
      vertex -18.1128 19.7244 3
      vertex -18.1251 20.1222 4.2
      vertex -18.1251 20.1222 3
    endloop
  endfacet
  facet normal -0.999522 -0.0309053 0
    outer loop
      vertex -18.1251 20.1222 4.2
      vertex -18.1128 19.7244 3
      vertex -18.1128 19.7244 4.2
    endloop
  endfacet
  facet normal -0.995331 -0.096517 0
    outer loop
      vertex -18.076 19.3449 3
      vertex -18.1128 19.7244 4.2
      vertex -18.1128 19.7244 3
    endloop
  endfacet
  facet normal -0.995331 -0.096517 0
    outer loop
      vertex -18.1128 19.7244 4.2
      vertex -18.076 19.3449 3
      vertex -18.076 19.3449 4.2
    endloop
  endfacet
  facet normal -0.985865 -0.16754 0
    outer loop
      vertex -18.0146 18.9836 3
      vertex -18.076 19.3449 4.2
      vertex -18.076 19.3449 3
    endloop
  endfacet
  facet normal -0.985865 -0.16754 0
    outer loop
      vertex -18.076 19.3449 4.2
      vertex -18.0146 18.9836 3
      vertex -18.0146 18.9836 4.2
    endloop
  endfacet
  facet normal -0.969976 -0.243201 0
    outer loop
      vertex -17.9286 18.6406 3
      vertex -18.0146 18.9836 4.2
      vertex -18.0146 18.9836 3
    endloop
  endfacet
  facet normal -0.969976 -0.243201 0
    outer loop
      vertex -18.0146 18.9836 4.2
      vertex -17.9286 18.6406 3
      vertex -17.9286 18.6406 4.2
    endloop
  endfacet
  facet normal -0.946712 -0.32208 0
    outer loop
      vertex -17.8181 18.3158 3
      vertex -17.9286 18.6406 4.2
      vertex -17.9286 18.6406 3
    endloop
  endfacet
  facet normal -0.946712 -0.32208 0
    outer loop
      vertex -17.9286 18.6406 4.2
      vertex -17.8181 18.3158 3
      vertex -17.8181 18.3158 4.2
    endloop
  endfacet
  facet normal -0.915099 -0.403229 0
    outer loop
      vertex -17.683 18.0092 3
      vertex -17.8181 18.3158 4.2
      vertex -17.8181 18.3158 3
    endloop
  endfacet
  facet normal -0.915099 -0.403229 0
    outer loop
      vertex -17.8181 18.3158 4.2
      vertex -17.683 18.0092 3
      vertex -17.683 18.0092 4.2
    endloop
  endfacet
  facet normal -0.874734 -0.484604 0
    outer loop
      vertex -17.5245 17.7231 3
      vertex -17.683 18.0092 4.2
      vertex -17.683 18.0092 3
    endloop
  endfacet
  facet normal -0.874734 -0.484604 0
    outer loop
      vertex -17.683 18.0092 4.2
      vertex -17.5245 17.7231 3
      vertex -17.5245 17.7231 4.2
    endloop
  endfacet
  facet normal -0.824015 -0.566569 0
    outer loop
      vertex -17.3436 17.46 3
      vertex -17.5245 17.7231 4.2
      vertex -17.5245 17.7231 3
    endloop
  endfacet
  facet normal -0.824015 -0.566569 0
    outer loop
      vertex -17.5245 17.7231 4.2
      vertex -17.3436 17.46 3
      vertex -17.3436 17.46 4.2
    endloop
  endfacet
  facet normal -0.763615 -0.645671 0
    outer loop
      vertex -17.1405 17.2198 3
      vertex -17.3436 17.46 4.2
      vertex -17.3436 17.46 3
    endloop
  endfacet
  facet normal -0.763615 -0.645671 0
    outer loop
      vertex -17.3436 17.46 4.2
      vertex -17.1405 17.2198 3
      vertex -17.1405 17.2198 4.2
    endloop
  endfacet
  facet normal -0.693893 -0.720078 0
    outer loop
      vertex -17.1405 17.2198 3
      vertex -16.915 17.0025 4.2
      vertex -17.1405 17.2198 4.2
    endloop
  endfacet
  facet normal -0.693893 -0.720078 -0
    outer loop
      vertex -16.915 17.0025 4.2
      vertex -17.1405 17.2198 3
      vertex -16.915 17.0025 3
    endloop
  endfacet
  facet normal -0.617387 -0.78666 0
    outer loop
      vertex -16.915 17.0025 3
      vertex -16.6673 16.8081 4.2
      vertex -16.915 17.0025 4.2
    endloop
  endfacet
  facet normal -0.617387 -0.78666 -0
    outer loop
      vertex -16.6673 16.8081 4.2
      vertex -16.915 17.0025 3
      vertex -16.6673 16.8081 3
    endloop
  endfacet
  facet normal -0.536026 -0.844202 0
    outer loop
      vertex -16.6673 16.8081 3
      vertex -16.3972 16.6366 4.2
      vertex -16.6673 16.8081 4.2
    endloop
  endfacet
  facet normal -0.536026 -0.844202 -0
    outer loop
      vertex -16.3972 16.6366 4.2
      vertex -16.6673 16.8081 3
      vertex -16.3972 16.6366 3
    endloop
  endfacet
  facet normal -0.451641 -0.8922 0
    outer loop
      vertex -16.3972 16.6366 3
      vertex -16.1074 16.4899 4.2
      vertex -16.3972 16.6366 4.2
    endloop
  endfacet
  facet normal -0.451641 -0.8922 -0
    outer loop
      vertex -16.1074 16.4899 4.2
      vertex -16.3972 16.6366 3
      vertex -16.1074 16.4899 3
    endloop
  endfacet
  facet normal -0.363851 -0.931457 0
    outer loop
      vertex -16.1074 16.4899 3
      vertex -15.8002 16.3699 4.2
      vertex -16.1074 16.4899 4.2
    endloop
  endfacet
  facet normal -0.363851 -0.931457 -0
    outer loop
      vertex -15.8002 16.3699 4.2
      vertex -16.1074 16.4899 3
      vertex -15.8002 16.3699 3
    endloop
  endfacet
  facet normal -0.276325 -0.961064 0
    outer loop
      vertex -15.8002 16.3699 3
      vertex -15.4757 16.2766 4.2
      vertex -15.8002 16.3699 4.2
    endloop
  endfacet
  facet normal -0.276325 -0.961064 -0
    outer loop
      vertex -15.4757 16.2766 4.2
      vertex -15.8002 16.3699 3
      vertex -15.4757 16.2766 3
    endloop
  endfacet
  facet normal -0.191477 -0.981497 0
    outer loop
      vertex -15.4757 16.2766 3
      vertex -15.1338 16.2099 4.2
      vertex -15.4757 16.2766 4.2
    endloop
  endfacet
  facet normal -0.191477 -0.981497 -0
    outer loop
      vertex -15.1338 16.2099 4.2
      vertex -15.4757 16.2766 3
      vertex -15.1338 16.2099 3
    endloop
  endfacet
  facet normal -0.110674 -0.993857 0
    outer loop
      vertex -15.1338 16.2099 3
      vertex -14.7746 16.1699 4.2
      vertex -15.1338 16.2099 4.2
    endloop
  endfacet
  facet normal -0.110674 -0.993857 -0
    outer loop
      vertex -14.7746 16.1699 4.2
      vertex -15.1338 16.2099 3
      vertex -14.7746 16.1699 3
    endloop
  endfacet
  facet normal -0.0355684 -0.999367 0
    outer loop
      vertex -14.7746 16.1699 3
      vertex -14.3981 16.1565 4.2
      vertex -14.7746 16.1699 4.2
    endloop
  endfacet
  facet normal -0.0355684 -0.999367 -0
    outer loop
      vertex -14.3981 16.1565 4.2
      vertex -14.7746 16.1699 3
      vertex -14.3981 16.1565 3
    endloop
  endfacet
  facet normal 0.0387768 -0.999248 0
    outer loop
      vertex -14.3981 16.1565 3
      vertex -14.0296 16.1708 4.2
      vertex -14.3981 16.1565 4.2
    endloop
  endfacet
  facet normal 0.0387768 -0.999248 0
    outer loop
      vertex -14.0296 16.1708 4.2
      vertex -14.3981 16.1565 3
      vertex -14.0296 16.1708 3
    endloop
  endfacet
  facet normal 0 -1 0
    outer loop
      vertex -29.9813 18.5001 3
      vertex -26.4985 18.5001 4.2
      vertex -29.9813 18.5001 4.2
    endloop
  endfacet
  facet normal 0 -1 -0
    outer loop
      vertex -26.4985 18.5001 4.2
      vertex -29.9813 18.5001 3
      vertex -26.4985 18.5001 3
    endloop
  endfacet
  facet normal -0.931413 -0.363964 0
    outer loop
      vertex -25.6251 16.265 3
      vertex -26.4985 18.5001 4.2
      vertex -26.4985 18.5001 3
    endloop
  endfacet
  facet normal -0.931413 -0.363964 0
    outer loop
      vertex -26.4985 18.5001 4.2
      vertex -25.6251 16.265 3
      vertex -25.6251 16.265 4.2
    endloop
  endfacet
  facet normal 0 -1 0
    outer loop
      vertex -25.6251 16.265 3
      vertex -24.5672 16.265 4.2
      vertex -25.6251 16.265 4.2
    endloop
  endfacet
  facet normal 0 -1 -0
    outer loop
      vertex -24.5672 16.265 4.2
      vertex -25.6251 16.265 3
      vertex -24.5672 16.265 3
    endloop
  endfacet
  facet normal 0.927932 0.372749 0
    outer loop
      vertex -24.5672 16.265 4.2
      vertex -27.6377 23.9088 3
      vertex -27.6377 23.9088 4.2
    endloop
  endfacet
  facet normal 0.927932 0.372749 0
    outer loop
      vertex -27.6377 23.9088 3
      vertex -24.5672 16.265 4.2
      vertex -24.5672 16.265 3
    endloop
  endfacet
  facet normal 0 1 -0
    outer loop
      vertex -27.6377 23.9088 3
      vertex -28.815 23.9088 4.2
      vertex -27.6377 23.9088 4.2
    endloop
  endfacet
  facet normal 0 1 0
    outer loop
      vertex -28.815 23.9088 4.2
      vertex -27.6377 23.9088 3
      vertex -28.815 23.9088 3
    endloop
  endfacet
  facet normal -0.92587 0.377843 0
    outer loop
      vertex -31.9344 16.265 3
      vertex -28.815 23.9088 4.2
      vertex -28.815 23.9088 3
    endloop
  endfacet
  facet normal -0.92587 0.377843 0
    outer loop
      vertex -28.815 23.9088 4.2
      vertex -31.9344 16.265 3
      vertex -31.9344 16.265 4.2
    endloop
  endfacet
  facet normal 0 -1 0
    outer loop
      vertex -31.9344 16.265 3
      vertex -30.8602 16.265 4.2
      vertex -31.9344 16.265 4.2
    endloop
  endfacet
  facet normal 0 -1 -0
    outer loop
      vertex -30.8602 16.265 4.2
      vertex -31.9344 16.265 3
      vertex -30.8602 16.265 3
    endloop
  endfacet
  facet normal 0.930635 -0.36595 0
    outer loop
      vertex -30.8602 16.265 4.2
      vertex -29.9813 18.5001 3
      vertex -29.9813 18.5001 4.2
    endloop
  endfacet
  facet normal 0.930635 -0.36595 0
    outer loop
      vertex -29.9813 18.5001 3
      vertex -30.8602 16.265 4.2
      vertex -30.8602 16.265 3
    endloop
  endfacet
  facet normal 0.932044 -0.362346 0
    outer loop
      vertex -29.6667 19.3084 4.2
      vertex -28.6902 21.8202 3
      vertex -28.6902 21.8202 4.2
    endloop
  endfacet
  facet normal 0.932044 -0.362346 0
    outer loop
      vertex -28.6902 21.8202 3
      vertex -29.6667 19.3084 4.2
      vertex -29.6667 19.3084 3
    endloop
  endfacet
  facet normal 0.937003 -0.349321 0
    outer loop
      vertex -28.6902 21.8202 4.2
      vertex -28.6052 22.0482 3
      vertex -28.6052 22.0482 4.2
    endloop
  endfacet
  facet normal 0.937003 -0.349321 0
    outer loop
      vertex -28.6052 22.0482 3
      vertex -28.6902 21.8202 4.2
      vertex -28.6902 21.8202 3
    endloop
  endfacet
  facet normal 0.939858 -0.341567 0
    outer loop
      vertex -28.6052 22.0482 4.2
      vertex -28.5275 22.262 3
      vertex -28.5275 22.262 4.2
    endloop
  endfacet
  facet normal 0.939858 -0.341567 0
    outer loop
      vertex -28.5275 22.262 3
      vertex -28.6052 22.0482 4.2
      vertex -28.6052 22.0482 3
    endloop
  endfacet
  facet normal 0.942816 -0.333314 0
    outer loop
      vertex -28.5275 22.262 4.2
      vertex -28.4569 22.4617 3
      vertex -28.4569 22.4617 4.2
    endloop
  endfacet
  facet normal 0.942816 -0.333314 0
    outer loop
      vertex -28.4569 22.4617 3
      vertex -28.5275 22.262 4.2
      vertex -28.5275 22.262 3
    endloop
  endfacet
  facet normal 0.946415 -0.322954 0
    outer loop
      vertex -28.4569 22.4617 4.2
      vertex -28.3936 22.6472 3
      vertex -28.3936 22.6472 4.2
    endloop
  endfacet
  facet normal 0.946415 -0.322954 0
    outer loop
      vertex -28.3936 22.6472 3
      vertex -28.4569 22.4617 4.2
      vertex -28.4569 22.4617 3
    endloop
  endfacet
  facet normal 0.950498 -0.310729 0
    outer loop
      vertex -28.3936 22.6472 4.2
      vertex -28.3376 22.8185 3
      vertex -28.3376 22.8185 4.2
    endloop
  endfacet
  facet normal 0.950498 -0.310729 0
    outer loop
      vertex -28.3376 22.8185 3
      vertex -28.3936 22.6472 4.2
      vertex -28.3936 22.6472 3
    endloop
  endfacet
  facet normal 0.95504 -0.296476 0
    outer loop
      vertex -28.3376 22.8185 4.2
      vertex -28.2888 22.9757 3
      vertex -28.2888 22.9757 4.2
    endloop
  endfacet
  facet normal 0.95504 -0.296476 0
    outer loop
      vertex -28.2888 22.9757 3
      vertex -28.3376 22.8185 4.2
      vertex -28.3376 22.8185 3
    endloop
  endfacet
  facet normal 0.951892 -0.306435 0
    outer loop
      vertex -28.2888 22.9757 4.2
      vertex -28.2399 23.1276 3
      vertex -28.2399 23.1276 4.2
    endloop
  endfacet
  facet normal 0.951892 -0.306435 0
    outer loop
      vertex -28.2399 23.1276 3
      vertex -28.2888 22.9757 4.2
      vertex -28.2888 22.9757 3
    endloop
  endfacet
  facet normal -0.950939 -0.309377 0
    outer loop
      vertex -28.0934 22.6773 3
      vertex -28.2399 23.1276 4.2
      vertex -28.2399 23.1276 3
    endloop
  endfacet
  facet normal -0.950939 -0.309377 0
    outer loop
      vertex -28.2399 23.1276 4.2
      vertex -28.0934 22.6773 3
      vertex -28.0934 22.6773 4.2
    endloop
  endfacet
  facet normal -0.950391 -0.311059 0
    outer loop
      vertex -28.0428 22.5227 3
      vertex -28.0934 22.6773 4.2
      vertex -28.0934 22.6773 3
    endloop
  endfacet
  facet normal -0.950391 -0.311059 0
    outer loop
      vertex -28.0934 22.6773 4.2
      vertex -28.0428 22.5227 3
      vertex -28.0428 22.5227 4.2
    endloop
  endfacet
  facet normal -0.946955 -0.321368 0
    outer loop
      vertex -27.9922 22.3736 3
      vertex -28.0428 22.5227 4.2
      vertex -28.0428 22.5227 3
    endloop
  endfacet
  facet normal -0.946955 -0.321368 0
    outer loop
      vertex -28.0428 22.5227 4.2
      vertex -27.9922 22.3736 3
      vertex -27.9922 22.3736 4.2
    endloop
  endfacet
  facet normal -0.943099 -0.332511 0
    outer loop
      vertex -27.9415 22.2298 3
      vertex -27.9922 22.3736 4.2
      vertex -27.9922 22.3736 3
    endloop
  endfacet
  facet normal -0.943099 -0.332511 0
    outer loop
      vertex -27.9922 22.3736 4.2
      vertex -27.9415 22.2298 3
      vertex -27.9415 22.2298 4.2
    endloop
  endfacet
  facet normal -0.939118 -0.343596 0
    outer loop
      vertex -27.8909 22.0915 3
      vertex -27.9415 22.2298 4.2
      vertex -27.9415 22.2298 3
    endloop
  endfacet
  facet normal -0.939118 -0.343596 0
    outer loop
      vertex -27.9415 22.2298 4.2
      vertex -27.8909 22.0915 3
      vertex -27.8909 22.0915 4.2
    endloop
  endfacet
  facet normal -0.934555 -0.35582 0
    outer loop
      vertex -27.8403 21.9586 3
      vertex -27.8909 22.0915 4.2
      vertex -27.8909 22.0915 3
    endloop
  endfacet
  facet normal -0.934555 -0.35582 0
    outer loop
      vertex -27.8909 22.0915 4.2
      vertex -27.8403 21.9586 3
      vertex -27.8403 21.9586 4.2
    endloop
  endfacet
  facet normal -0.929229 -0.369505 0
    outer loop
      vertex -27.7896 21.8311 3
      vertex -27.8403 21.9586 4.2
      vertex -27.8403 21.9586 3
    endloop
  endfacet
  facet normal -0.929229 -0.369505 0
    outer loop
      vertex -27.8403 21.9586 4.2
      vertex -27.7896 21.8311 3
      vertex -27.7896 21.8311 4.2
    endloop
  endfacet
  facet normal -0.931899 -0.362719 0
    outer loop
      vertex -26.8077 19.3084 3
      vertex -27.7896 21.8311 4.2
      vertex -27.7896 21.8311 3
    endloop
  endfacet
  facet normal -0.931899 -0.362719 0
    outer loop
      vertex -27.7896 21.8311 4.2
      vertex -26.8077 19.3084 3
      vertex -26.8077 19.3084 4.2
    endloop
  endfacet
  facet normal 0 1 -0
    outer loop
      vertex -26.8077 19.3084 3
      vertex -29.6667 19.3084 4.2
      vertex -26.8077 19.3084 4.2
    endloop
  endfacet
  facet normal 0 1 0
    outer loop
      vertex -29.6667 19.3084 4.2
      vertex -26.8077 19.3084 3
      vertex -29.6667 19.3084 3
    endloop
  endfacet
  facet normal 0 -1 0
    outer loop
      vertex 26.0676 19.4386 3
      vertex 28.4492 19.4386 4.2
      vertex 26.0676 19.4386 4.2
    endloop
  endfacet
  facet normal 0 -1 -0
    outer loop
      vertex 28.4492 19.4386 4.2
      vertex 26.0676 19.4386 3
      vertex 28.4492 19.4386 3
    endloop
  endfacet
  facet normal -0.847746 -0.530402 0
    outer loop
      vertex 30.4348 16.265 3
      vertex 28.4492 19.4386 4.2
      vertex 28.4492 19.4386 3
    endloop
  endfacet
  facet normal -0.847746 -0.530402 0
    outer loop
      vertex 28.4492 19.4386 4.2
      vertex 30.4348 16.265 3
      vertex 30.4348 16.265 4.2
    endloop
  endfacet
  facet normal 0 -1 0
    outer loop
      vertex 30.4348 16.265 3
      vertex 31.6283 16.265 4.2
      vertex 30.4348 16.265 4.2
    endloop
  endfacet
  facet normal 0 -1 -0
    outer loop
      vertex 31.6283 16.265 4.2
      vertex 30.4348 16.265 3
      vertex 31.6283 16.265 3
    endloop
  endfacet
  facet normal 0.835003 0.550245 0
    outer loop
      vertex 31.6283 16.265 4.2
      vertex 29.4583 19.558 3
      vertex 29.4583 19.558 4.2
    endloop
  endfacet
  facet normal 0.835003 0.550245 0
    outer loop
      vertex 29.4583 19.558 3
      vertex 31.6283 16.265 4.2
      vertex 31.6283 16.265 3
    endloop
  endfacet
  facet normal 0.217409 -0.976081 0
    outer loop
      vertex 29.4583 19.558 3
      vertex 29.7389 19.6205 4.2
      vertex 29.4583 19.558 4.2
    endloop
  endfacet
  facet normal 0.217409 -0.976081 0
    outer loop
      vertex 29.7389 19.6205 4.2
      vertex 29.4583 19.558 3
      vertex 29.7389 19.6205 3
    endloop
  endfacet
  facet normal 0.31568 -0.948866 0
    outer loop
      vertex 29.7389 19.6205 3
      vertex 29.9986 19.7069 4.2
      vertex 29.7389 19.6205 4.2
    endloop
  endfacet
  facet normal 0.31568 -0.948866 0
    outer loop
      vertex 29.9986 19.7069 4.2
      vertex 29.7389 19.6205 3
      vertex 29.9986 19.7069 3
    endloop
  endfacet
  facet normal 0.418696 -0.908126 0
    outer loop
      vertex 29.9986 19.7069 3
      vertex 30.2374 19.817 4.2
      vertex 29.9986 19.7069 4.2
    endloop
  endfacet
  facet normal 0.418696 -0.908126 0
    outer loop
      vertex 30.2374 19.817 4.2
      vertex 29.9986 19.7069 3
      vertex 30.2374 19.817 3
    endloop
  endfacet
  facet normal 0.52401 -0.851712 0
    outer loop
      vertex 30.2374 19.817 3
      vertex 30.4552 19.951 4.2
      vertex 30.2374 19.817 4.2
    endloop
  endfacet
  facet normal 0.52401 -0.851712 0
    outer loop
      vertex 30.4552 19.951 4.2
      vertex 30.2374 19.817 3
      vertex 30.4552 19.951 3
    endloop
  endfacet
  facet normal 0.625371 -0.780327 0
    outer loop
      vertex 30.4552 19.951 3
      vertex 30.6521 20.1088 4.2
      vertex 30.4552 19.951 4.2
    endloop
  endfacet
  facet normal 0.625371 -0.780327 0
    outer loop
      vertex 30.6521 20.1088 4.2
      vertex 30.4552 19.951 3
      vertex 30.6521 20.1088 3
    endloop
  endfacet
  facet normal 0.71829 -0.695744 0
    outer loop
      vertex 30.6521 20.1088 4.2
      vertex 30.828 20.2904 3
      vertex 30.828 20.2904 4.2
    endloop
  endfacet
  facet normal 0.71829 -0.695744 0
    outer loop
      vertex 30.828 20.2904 3
      vertex 30.6521 20.1088 4.2
      vertex 30.6521 20.1088 3
    endloop
  endfacet
  facet normal 0.798186 -0.602412 0
    outer loop
      vertex 30.828 20.2904 4.2
      vertex 30.9797 20.4914 3
      vertex 30.9797 20.4914 4.2
    endloop
  endfacet
  facet normal 0.798186 -0.602412 0
    outer loop
      vertex 30.9797 20.4914 3
      vertex 30.828 20.2904 4.2
      vertex 30.828 20.2904 3
    endloop
  endfacet
  facet normal 0.867179 -0.497996 0
    outer loop
      vertex 30.9797 20.4914 4.2
      vertex 31.1038 20.7075 3
      vertex 31.1038 20.7075 4.2
    endloop
  endfacet
  facet normal 0.867179 -0.497996 0
    outer loop
      vertex 31.1038 20.7075 3
      vertex 30.9797 20.4914 4.2
      vertex 30.9797 20.4914 3
    endloop
  endfacet
  facet normal 0.922781 -0.385324 0
    outer loop
      vertex 31.1038 20.7075 4.2
      vertex 31.2003 20.9386 3
      vertex 31.2003 20.9386 4.2
    endloop
  endfacet
  facet normal 0.922781 -0.385324 0
    outer loop
      vertex 31.2003 20.9386 3
      vertex 31.1038 20.7075 4.2
      vertex 31.1038 20.7075 3
    endloop
  endfacet
  facet normal 0.962927 -0.26976 0
    outer loop
      vertex 31.2003 20.9386 4.2
      vertex 31.2693 21.1849 3
      vertex 31.2693 21.1849 4.2
    endloop
  endfacet
  facet normal 0.962927 -0.26976 0
    outer loop
      vertex 31.2693 21.1849 3
      vertex 31.2003 20.9386 4.2
      vertex 31.2003 20.9386 3
    endloop
  endfacet
  facet normal 0.987738 -0.156118 0
    outer loop
      vertex 31.2693 21.1849 4.2
      vertex 31.3106 21.4462 3
      vertex 31.3106 21.4462 4.2
    endloop
  endfacet
  facet normal 0.987738 -0.156118 0
    outer loop
      vertex 31.3106 21.4462 3
      vertex 31.2693 21.1849 4.2
      vertex 31.2693 21.1849 3
    endloop
  endfacet
  facet normal 0.998755 -0.0498835 0
    outer loop
      vertex 31.3106 21.4462 4.2
      vertex 31.3244 21.7225 3
      vertex 31.3244 21.7225 4.2
    endloop
  endfacet
  facet normal 0.998755 -0.0498835 0
    outer loop
      vertex 31.3244 21.7225 3
      vertex 31.3106 21.4462 4.2
      vertex 31.3106 21.4462 3
    endloop
  endfacet
  facet normal 0.998269 0.0588104 0
    outer loop
      vertex 31.3244 21.7225 4.2
      vertex 31.3049 22.0535 3
      vertex 31.3049 22.0535 4.2
    endloop
  endfacet
  facet normal 0.998269 0.0588104 0
    outer loop
      vertex 31.3049 22.0535 3
      vertex 31.3244 21.7225 4.2
      vertex 31.3244 21.7225 3
    endloop
  endfacet
  facet normal 0.982201 0.187835 0
    outer loop
      vertex 31.3049 22.0535 4.2
      vertex 31.2464 22.3594 3
      vertex 31.2464 22.3594 4.2
    endloop
  endfacet
  facet normal 0.982201 0.187835 0
    outer loop
      vertex 31.2464 22.3594 3
      vertex 31.3049 22.0535 4.2
      vertex 31.3049 22.0535 3
    endloop
  endfacet
  facet normal 0.944497 0.328521 0
    outer loop
      vertex 31.2464 22.3594 4.2
      vertex 31.1488 22.64 3
      vertex 31.1488 22.64 4.2
    endloop
  endfacet
  facet normal 0.944497 0.328521 0
    outer loop
      vertex 31.1488 22.64 3
      vertex 31.2464 22.3594 4.2
      vertex 31.2464 22.3594 3
    endloop
  endfacet
  facet normal 0.881951 0.47134 0
    outer loop
      vertex 31.1488 22.64 4.2
      vertex 31.0122 22.8956 3
      vertex 31.0122 22.8956 4.2
    endloop
  endfacet
  facet normal 0.881951 0.47134 0
    outer loop
      vertex 31.0122 22.8956 3
      vertex 31.1488 22.64 4.2
      vertex 31.1488 22.64 3
    endloop
  endfacet
  facet normal 0.795043 0.606553 0
    outer loop
      vertex 31.0122 22.8956 4.2
      vertex 30.8365 23.1259 3
      vertex 30.8365 23.1259 4.2
    endloop
  endfacet
  facet normal 0.795043 0.606553 0
    outer loop
      vertex 30.8365 23.1259 3
      vertex 31.0122 22.8956 4.2
      vertex 31.0122 22.8956 3
    endloop
  endfacet
  facet normal 0.6911 0.722759 -0
    outer loop
      vertex 30.8365 23.1259 3
      vertex 30.6219 23.3311 4.2
      vertex 30.8365 23.1259 4.2
    endloop
  endfacet
  facet normal 0.6911 0.722759 0
    outer loop
      vertex 30.6219 23.3311 4.2
      vertex 30.8365 23.1259 3
      vertex 30.6219 23.3311 3
    endloop
  endfacet
  facet normal 0.575978 0.817465 -0
    outer loop
      vertex 30.6219 23.3311 3
      vertex 30.3714 23.5076 4.2
      vertex 30.6219 23.3311 4.2
    endloop
  endfacet
  facet normal 0.575978 0.817465 0
    outer loop
      vertex 30.3714 23.5076 4.2
      vertex 30.6219 23.3311 3
      vertex 30.3714 23.5076 3
    endloop
  endfacet
  facet normal 0.454369 0.890814 -0
    outer loop
      vertex 30.3714 23.5076 3
      vertex 30.0881 23.6521 4.2
      vertex 30.3714 23.5076 4.2
    endloop
  endfacet
  facet normal 0.454369 0.890814 0
    outer loop
      vertex 30.0881 23.6521 4.2
      vertex 30.3714 23.5076 3
      vertex 30.0881 23.6521 3
    endloop
  endfacet
  facet normal 0.334957 0.942234 -0
    outer loop
      vertex 30.0881 23.6521 3
      vertex 29.7722 23.7644 4.2
      vertex 30.0881 23.6521 4.2
    endloop
  endfacet
  facet normal 0.334957 0.942234 0
    outer loop
      vertex 29.7722 23.7644 4.2
      vertex 30.0881 23.6521 3
      vertex 29.7722 23.7644 3
    endloop
  endfacet
  facet normal 0.224206 0.974542 -0
    outer loop
      vertex 29.7722 23.7644 3
      vertex 29.4236 23.8446 4.2
      vertex 29.7722 23.7644 4.2
    endloop
  endfacet
  facet normal 0.224206 0.974542 0
    outer loop
      vertex 29.4236 23.8446 4.2
      vertex 29.7722 23.7644 3
      vertex 29.4236 23.8446 3
    endloop
  endfacet
  facet normal 0.125379 0.992109 -0
    outer loop
      vertex 29.4236 23.8446 3
      vertex 29.0422 23.8928 4.2
      vertex 29.4236 23.8446 4.2
    endloop
  endfacet
  facet normal 0.125379 0.992109 0
    outer loop
      vertex 29.0422 23.8928 4.2
      vertex 29.4236 23.8446 3
      vertex 29.0422 23.8928 3
    endloop
  endfacet
  facet normal 0.0386185 0.999254 -0
    outer loop
      vertex 29.0422 23.8928 3
      vertex 28.6282 23.9088 4.2
      vertex 29.0422 23.8928 4.2
    endloop
  endfacet
  facet normal 0.0386185 0.999254 0
    outer loop
      vertex 28.6282 23.9088 4.2
      vertex 29.0422 23.8928 3
      vertex 28.6282 23.9088 3
    endloop
  endfacet
  facet normal 0 1 -0
    outer loop
      vertex 28.6282 23.9088 3
      vertex 25.0315 23.9088 4.2
      vertex 28.6282 23.9088 4.2
    endloop
  endfacet
  facet normal 0 1 0
    outer loop
      vertex 25.0315 23.9088 4.2
      vertex 28.6282 23.9088 3
      vertex 25.0315 23.9088 3
    endloop
  endfacet
  facet normal -1 0 0
    outer loop
      vertex 25.0315 16.265 3
      vertex 25.0315 23.9088 4.2
      vertex 25.0315 23.9088 3
    endloop
  endfacet
  facet normal -1 -0 0
    outer loop
      vertex 25.0315 23.9088 4.2
      vertex 25.0315 16.265 3
      vertex 25.0315 16.265 4.2
    endloop
  endfacet
  facet normal 0 -1 0
    outer loop
      vertex 25.0315 16.265 3
      vertex 26.0676 16.265 4.2
      vertex 25.0315 16.265 4.2
    endloop
  endfacet
  facet normal 0 -1 -0
    outer loop
      vertex 26.0676 16.265 4.2
      vertex 25.0315 16.265 3
      vertex 26.0676 16.265 3
    endloop
  endfacet
  facet normal 1 -0 0
    outer loop
      vertex 26.0676 16.265 4.2
      vertex 26.0676 19.4386 3
      vertex 26.0676 19.4386 4.2
    endloop
  endfacet
  facet normal 1 0 0
    outer loop
      vertex 26.0676 19.4386 3
      vertex 26.0676 16.265 4.2
      vertex 26.0676 16.265 3
    endloop
  endfacet
  facet normal 1 -0 0
    outer loop
      vertex 26.0676 20.2578 4.2
      vertex 26.0676 23.0788 3
      vertex 26.0676 23.0788 4.2
    endloop
  endfacet
  facet normal 1 0 0
    outer loop
      vertex 26.0676 23.0788 3
      vertex 26.0676 20.2578 4.2
      vertex 26.0676 20.2578 3
    endloop
  endfacet
  facet normal 0 -1 0
    outer loop
      vertex 26.0676 23.0788 3
      vertex 28.5251 23.0788 4.2
      vertex 26.0676 23.0788 4.2
    endloop
  endfacet
  facet normal 0 -1 -0
    outer loop
      vertex 28.5251 23.0788 4.2
      vertex 26.0676 23.0788 3
      vertex 28.5251 23.0788 3
    endloop
  endfacet
  facet normal -0.0355217 -0.999369 0
    outer loop
      vertex 28.5251 23.0788 3
      vertex 28.798 23.0691 4.2
      vertex 28.5251 23.0788 4.2
    endloop
  endfacet
  facet normal -0.0355217 -0.999369 -0
    outer loop
      vertex 28.798 23.0691 4.2
      vertex 28.5251 23.0788 3
      vertex 28.798 23.0691 3
    endloop
  endfacet
  facet normal -0.115737 -0.99328 0
    outer loop
      vertex 28.798 23.0691 3
      vertex 29.0486 23.0399 4.2
      vertex 28.798 23.0691 4.2
    endloop
  endfacet
  facet normal -0.115737 -0.99328 -0
    outer loop
      vertex 29.0486 23.0399 4.2
      vertex 28.798 23.0691 3
      vertex 29.0486 23.0399 3
    endloop
  endfacet
  facet normal -0.208038 -0.978121 0
    outer loop
      vertex 29.0486 23.0399 3
      vertex 29.2771 22.9913 4.2
      vertex 29.0486 23.0399 4.2
    endloop
  endfacet
  facet normal -0.208038 -0.978121 -0
    outer loop
      vertex 29.2771 22.9913 4.2
      vertex 29.0486 23.0399 3
      vertex 29.2771 22.9913 3
    endloop
  endfacet
  facet normal -0.312913 -0.949782 0
    outer loop
      vertex 29.2771 22.9913 3
      vertex 29.4835 22.9233 4.2
      vertex 29.2771 22.9913 4.2
    endloop
  endfacet
  facet normal -0.312913 -0.949782 -0
    outer loop
      vertex 29.4835 22.9233 4.2
      vertex 29.2771 22.9913 3
      vertex 29.4835 22.9233 3
    endloop
  endfacet
  facet normal -0.429077 -0.903268 0
    outer loop
      vertex 29.4835 22.9233 3
      vertex 29.6677 22.8358 4.2
      vertex 29.4835 22.9233 4.2
    endloop
  endfacet
  facet normal -0.429077 -0.903268 -0
    outer loop
      vertex 29.6677 22.8358 4.2
      vertex 29.4835 22.9233 3
      vertex 29.6677 22.8358 3
    endloop
  endfacet
  facet normal -0.550534 -0.834813 0
    outer loop
      vertex 29.6677 22.8358 3
      vertex 29.8298 22.7289 4.2
      vertex 29.6677 22.8358 4.2
    endloop
  endfacet
  facet normal -0.550534 -0.834813 -0
    outer loop
      vertex 29.8298 22.7289 4.2
      vertex 29.6677 22.8358 3
      vertex 29.8298 22.7289 3
    endloop
  endfacet
  facet normal -0.671446 -0.741054 0
    outer loop
      vertex 29.8298 22.7289 3
      vertex 29.9682 22.6035 4.2
      vertex 29.8298 22.7289 4.2
    endloop
  endfacet
  facet normal -0.671446 -0.741054 -0
    outer loop
      vertex 29.9682 22.6035 4.2
      vertex 29.8298 22.7289 3
      vertex 29.9682 22.6035 3
    endloop
  endfacet
  facet normal -0.784012 -0.620745 0
    outer loop
      vertex 30.0815 22.4604 3
      vertex 29.9682 22.6035 4.2
      vertex 29.9682 22.6035 3
    endloop
  endfacet
  facet normal -0.784012 -0.620745 0
    outer loop
      vertex 29.9682 22.6035 4.2
      vertex 30.0815 22.4604 3
      vertex 30.0815 22.4604 4.2
    endloop
  endfacet
  facet normal -0.876872 -0.480724 0
    outer loop
      vertex 30.1696 22.2997 3
      vertex 30.0815 22.4604 4.2
      vertex 30.0815 22.4604 3
    endloop
  endfacet
  facet normal -0.876872 -0.480724 0
    outer loop
      vertex 30.0815 22.4604 4.2
      vertex 30.1696 22.2997 3
      vertex 30.1696 22.2997 4.2
    endloop
  endfacet
  facet normal -0.943098 -0.332516 0
    outer loop
      vertex 30.2325 22.1213 3
      vertex 30.1696 22.2997 4.2
      vertex 30.1696 22.2997 3
    endloop
  endfacet
  facet normal -0.943098 -0.332516 0
    outer loop
      vertex 30.1696 22.2997 4.2
      vertex 30.2325 22.1213 3
      vertex 30.2325 22.1213 4.2
    endloop
  endfacet
  facet normal -0.981999 -0.188885 0
    outer loop
      vertex 30.2702 21.9253 3
      vertex 30.2325 22.1213 4.2
      vertex 30.2325 22.1213 3
    endloop
  endfacet
  facet normal -0.981999 -0.188885 0
    outer loop
      vertex 30.2325 22.1213 4.2
      vertex 30.2702 21.9253 3
      vertex 30.2702 21.9253 4.2
    endloop
  endfacet
  facet normal -0.998265 -0.0588864 0
    outer loop
      vertex 30.2828 21.7117 3
      vertex 30.2702 21.9253 4.2
      vertex 30.2702 21.9253 3
    endloop
  endfacet
  facet normal -0.998265 -0.0588864 0
    outer loop
      vertex 30.2702 21.9253 4.2
      vertex 30.2828 21.7117 3
      vertex 30.2828 21.7117 4.2
    endloop
  endfacet
  facet normal -0.998431 0.0559952 0
    outer loop
      vertex 30.2704 21.4906 3
      vertex 30.2828 21.7117 4.2
      vertex 30.2828 21.7117 3
    endloop
  endfacet
  facet normal -0.998431 0.0559952 0
    outer loop
      vertex 30.2828 21.7117 4.2
      vertex 30.2704 21.4906 3
      vertex 30.2704 21.4906 4.2
    endloop
  endfacet
  facet normal -0.983708 0.179776 0
    outer loop
      vertex 30.2331 21.2865 3
      vertex 30.2704 21.4906 4.2
      vertex 30.2704 21.4906 3
    endloop
  endfacet
  facet normal -0.983708 0.179776 0
    outer loop
      vertex 30.2704 21.4906 4.2
      vertex 30.2331 21.2865 3
      vertex 30.2331 21.2865 4.2
    endloop
  endfacet
  facet normal -0.948937 0.315467 0
    outer loop
      vertex 30.1709 21.0994 3
      vertex 30.2331 21.2865 4.2
      vertex 30.2331 21.2865 3
    endloop
  endfacet
  facet normal -0.948937 0.315467 0
    outer loop
      vertex 30.2331 21.2865 4.2
      vertex 30.1709 21.0994 3
      vertex 30.1709 21.0994 4.2
    endloop
  endfacet
  facet normal -0.890307 0.45536 0
    outer loop
      vertex 30.0839 20.9293 3
      vertex 30.1709 21.0994 4.2
      vertex 30.1709 21.0994 3
    endloop
  endfacet
  facet normal -0.890307 0.45536 0
    outer loop
      vertex 30.1709 21.0994 4.2
      vertex 30.0839 20.9293 3
      vertex 30.0839 20.9293 4.2
    endloop
  endfacet
  facet normal -0.807159 0.590334 0
    outer loop
      vertex 29.972 20.7763 3
      vertex 30.0839 20.9293 4.2
      vertex 30.0839 20.9293 3
    endloop
  endfacet
  facet normal -0.807159 0.590334 0
    outer loop
      vertex 30.0839 20.9293 4.2
      vertex 29.972 20.7763 3
      vertex 29.972 20.7763 4.2
    endloop
  endfacet
  facet normal -0.70503 0.709177 0
    outer loop
      vertex 29.972 20.7763 3
      vertex 29.8352 20.6403 4.2
      vertex 29.972 20.7763 4.2
    endloop
  endfacet
  facet normal -0.70503 0.709177 0
    outer loop
      vertex 29.8352 20.6403 4.2
      vertex 29.972 20.7763 3
      vertex 29.8352 20.6403 3
    endloop
  endfacet
  facet normal -0.591144 0.806566 0
    outer loop
      vertex 29.8352 20.6403 3
      vertex 29.6757 20.5234 4.2
      vertex 29.8352 20.6403 4.2
    endloop
  endfacet
  facet normal -0.591144 0.806566 0
    outer loop
      vertex 29.6757 20.5234 4.2
      vertex 29.8352 20.6403 3
      vertex 29.6757 20.5234 3
    endloop
  endfacet
  facet normal -0.468856 0.883274 0
    outer loop
      vertex 29.6757 20.5234 3
      vertex 29.4956 20.4278 4.2
      vertex 29.6757 20.5234 4.2
    endloop
  endfacet
  facet normal -0.468856 0.883274 0
    outer loop
      vertex 29.4956 20.4278 4.2
      vertex 29.6757 20.5234 3
      vertex 29.4956 20.4278 3
    endloop
  endfacet
  facet normal -0.347436 0.937704 0
    outer loop
      vertex 29.4956 20.4278 3
      vertex 29.2948 20.3534 4.2
      vertex 29.4956 20.4278 4.2
    endloop
  endfacet
  facet normal -0.347436 0.937704 0
    outer loop
      vertex 29.2948 20.3534 4.2
      vertex 29.4956 20.4278 3
      vertex 29.2948 20.3534 3
    endloop
  endfacet
  facet normal -0.233124 0.972447 0
    outer loop
      vertex 29.2948 20.3534 3
      vertex 29.0733 20.3003 4.2
      vertex 29.2948 20.3534 4.2
    endloop
  endfacet
  facet normal -0.233124 0.972447 0
    outer loop
      vertex 29.0733 20.3003 4.2
      vertex 29.2948 20.3534 3
      vertex 29.0733 20.3003 3
    endloop
  endfacet
  facet normal -0.130688 0.991424 0
    outer loop
      vertex 29.0733 20.3003 3
      vertex 28.8313 20.2684 4.2
      vertex 29.0733 20.3003 4.2
    endloop
  endfacet
  facet normal -0.130688 0.991424 0
    outer loop
      vertex 28.8313 20.2684 4.2
      vertex 29.0733 20.3003 3
      vertex 28.8313 20.2684 3
    endloop
  endfacet
  facet normal -0.0403021 0.999188 0
    outer loop
      vertex 28.8313 20.2684 3
      vertex 28.5685 20.2578 4.2
      vertex 28.8313 20.2684 4.2
    endloop
  endfacet
  facet normal -0.0403021 0.999188 0
    outer loop
      vertex 28.5685 20.2578 4.2
      vertex 28.8313 20.2684 3
      vertex 28.5685 20.2578 3
    endloop
  endfacet
  facet normal 0 1 -0
    outer loop
      vertex 28.5685 20.2578 3
      vertex 26.0676 20.2578 4.2
      vertex 28.5685 20.2578 4.2
    endloop
  endfacet
  facet normal 0 1 0
    outer loop
      vertex 26.0676 20.2578 4.2
      vertex 28.5685 20.2578 3
      vertex 26.0676 20.2578 3
    endloop
  endfacet
  facet normal 0 1 -0
    outer loop
      vertex 23.8158 17.1113 3
      vertex 18.8303 17.1113 4.2
      vertex 23.8158 17.1113 4.2
    endloop
  endfacet
  facet normal 0 1 0
    outer loop
      vertex 18.8303 17.1113 4.2
      vertex 23.8158 17.1113 3
      vertex 18.8303 17.1113 3
    endloop
  endfacet
  facet normal 1 -0 0
    outer loop
      vertex 18.8303 17.1113 4.2
      vertex 18.8303 19.775 3
      vertex 18.8303 19.775 4.2
    endloop
  endfacet
  facet normal 1 0 0
    outer loop
      vertex 18.8303 19.775 3
      vertex 18.8303 17.1113 4.2
      vertex 18.8303 17.1113 3
    endloop
  endfacet
  facet normal 0 -1 0
    outer loop
      vertex 18.8303 19.775 3
      vertex 23.2679 19.775 4.2
      vertex 18.8303 19.775 4.2
    endloop
  endfacet
  facet normal 0 -1 -0
    outer loop
      vertex 23.2679 19.775 4.2
      vertex 18.8303 19.775 3
      vertex 23.2679 19.775 3
    endloop
  endfacet
  facet normal 1 -0 0
    outer loop
      vertex 23.2679 19.775 4.2
      vertex 23.2679 20.6104 3
      vertex 23.2679 20.6104 4.2
    endloop
  endfacet
  facet normal 1 0 0
    outer loop
      vertex 23.2679 20.6104 3
      vertex 23.2679 19.775 4.2
      vertex 23.2679 19.775 3
    endloop
  endfacet
  facet normal 0 1 -0
    outer loop
      vertex 23.2679 20.6104 3
      vertex 18.8303 20.6104 4.2
      vertex 23.2679 20.6104 4.2
    endloop
  endfacet
  facet normal 0 1 0
    outer loop
      vertex 18.8303 20.6104 4.2
      vertex 23.2679 20.6104 3
      vertex 18.8303 20.6104 3
    endloop
  endfacet
  facet normal 1 -0 0
    outer loop
      vertex 18.8303 20.6104 4.2
      vertex 18.8303 23.0625 3
      vertex 18.8303 23.0625 4.2
    endloop
  endfacet
  facet normal 1 0 0
    outer loop
      vertex 18.8303 23.0625 3
      vertex 18.8303 20.6104 4.2
      vertex 18.8303 20.6104 3
    endloop
  endfacet
  facet normal 0 -1 0
    outer loop
      vertex 18.8303 23.0625 3
      vertex 23.5934 23.0625 4.2
      vertex 18.8303 23.0625 4.2
    endloop
  endfacet
  facet normal 0 -1 -0
    outer loop
      vertex 23.5934 23.0625 4.2
      vertex 18.8303 23.0625 3
      vertex 23.5934 23.0625 3
    endloop
  endfacet
  facet normal 1 -0 0
    outer loop
      vertex 23.5934 23.0625 4.2
      vertex 23.5934 23.9088 3
      vertex 23.5934 23.9088 4.2
    endloop
  endfacet
  facet normal 1 0 0
    outer loop
      vertex 23.5934 23.9088 3
      vertex 23.5934 23.0625 4.2
      vertex 23.5934 23.0625 3
    endloop
  endfacet
  facet normal 0 1 -0
    outer loop
      vertex 23.5934 23.9088 3
      vertex 17.7941 23.9088 4.2
      vertex 23.5934 23.9088 4.2
    endloop
  endfacet
  facet normal 0 1 0
    outer loop
      vertex 17.7941 23.9088 4.2
      vertex 23.5934 23.9088 3
      vertex 17.7941 23.9088 3
    endloop
  endfacet
  facet normal -1 0 0
    outer loop
      vertex 17.7941 16.265 3
      vertex 17.7941 23.9088 4.2
      vertex 17.7941 23.9088 3
    endloop
  endfacet
  facet normal -1 -0 0
    outer loop
      vertex 17.7941 23.9088 4.2
      vertex 17.7941 16.265 3
      vertex 17.7941 16.265 4.2
    endloop
  endfacet
  facet normal 0 -1 0
    outer loop
      vertex 17.7941 16.265 3
      vertex 23.8158 16.265 4.2
      vertex 17.7941 16.265 4.2
    endloop
  endfacet
  facet normal 0 -1 -0
    outer loop
      vertex 23.8158 16.265 4.2
      vertex 17.7941 16.265 3
      vertex 23.8158 16.265 3
    endloop
  endfacet
  facet normal 1 -0 0
    outer loop
      vertex 23.8158 16.265 4.2
      vertex 23.8158 17.1113 3
      vertex 23.8158 17.1113 4.2
    endloop
  endfacet
  facet normal 1 0 0
    outer loop
      vertex 23.8158 17.1113 3
      vertex 23.8158 16.265 4.2
      vertex 23.8158 16.265 3
    endloop
  endfacet
  facet normal 0 -1 0
    outer loop
      vertex 14.1606 23.0625 3
      vertex 16.7863 23.0625 4.2
      vertex 14.1606 23.0625 4.2
    endloop
  endfacet
  facet normal 0 -1 -0
    outer loop
      vertex 16.7863 23.0625 4.2
      vertex 14.1606 23.0625 3
      vertex 16.7863 23.0625 3
    endloop
  endfacet
  facet normal 1 -0 0
    outer loop
      vertex 16.7863 23.0625 4.2
      vertex 16.7863 23.9088 3
      vertex 16.7863 23.9088 4.2
    endloop
  endfacet
  facet normal 1 0 0
    outer loop
      vertex 16.7863 23.9088 3
      vertex 16.7863 23.0625 4.2
      vertex 16.7863 23.0625 3
    endloop
  endfacet
  facet normal 0 1 -0
    outer loop
      vertex 16.7863 23.9088 3
      vertex 10.5042 23.9088 4.2
      vertex 16.7863 23.9088 4.2
    endloop
  endfacet
  facet normal 0 1 0
    outer loop
      vertex 10.5042 23.9088 4.2
      vertex 16.7863 23.9088 3
      vertex 10.5042 23.9088 3
    endloop
  endfacet
  facet normal -1 0 0
    outer loop
      vertex 10.5042 23.0625 3
      vertex 10.5042 23.9088 4.2
      vertex 10.5042 23.9088 3
    endloop
  endfacet
  facet normal -1 -0 0
    outer loop
      vertex 10.5042 23.9088 4.2
      vertex 10.5042 23.0625 3
      vertex 10.5042 23.0625 4.2
    endloop
  endfacet
  facet normal 0 -1 0
    outer loop
      vertex 10.5042 23.0625 3
      vertex 13.1299 23.0625 4.2
      vertex 10.5042 23.0625 4.2
    endloop
  endfacet
  facet normal 0 -1 -0
    outer loop
      vertex 13.1299 23.0625 4.2
      vertex 10.5042 23.0625 3
      vertex 13.1299 23.0625 3
    endloop
  endfacet
  facet normal -1 0 0
    outer loop
      vertex 13.1299 16.265 3
      vertex 13.1299 23.0625 4.2
      vertex 13.1299 23.0625 3
    endloop
  endfacet
  facet normal -1 -0 0
    outer loop
      vertex 13.1299 23.0625 4.2
      vertex 13.1299 16.265 3
      vertex 13.1299 16.265 4.2
    endloop
  endfacet
  facet normal 0 -1 0
    outer loop
      vertex 13.1299 16.265 3
      vertex 14.1606 16.265 4.2
      vertex 13.1299 16.265 4.2
    endloop
  endfacet
  facet normal 0 -1 -0
    outer loop
      vertex 14.1606 16.265 4.2
      vertex 13.1299 16.265 3
      vertex 14.1606 16.265 3
    endloop
  endfacet
  facet normal 1 -0 0
    outer loop
      vertex 14.1606 16.265 4.2
      vertex 14.1606 23.0625 3
      vertex 14.1606 23.0625 4.2
    endloop
  endfacet
  facet normal 1 0 0
    outer loop
      vertex 14.1606 23.0625 3
      vertex 14.1606 16.265 4.2
      vertex 14.1606 16.265 3
    endloop
  endfacet
  facet normal 0.0969051 -0.995294 0
    outer loop
      vertex -0.534683 16.1664 3
      vertex -0.230667 16.196 4.2
      vertex -0.534683 16.1664 4.2
    endloop
  endfacet
  facet normal 0.0969051 -0.995294 0
    outer loop
      vertex -0.230667 16.196 4.2
      vertex -0.534683 16.1664 3
      vertex -0.230667 16.196 3
    endloop
  endfacet
  facet normal 0.167771 -0.985826 0
    outer loop
      vertex -0.230667 16.196 3
      vertex 0.059021 16.2453 4.2
      vertex -0.230667 16.196 4.2
    endloop
  endfacet
  facet normal 0.167771 -0.985826 0
    outer loop
      vertex 0.059021 16.2453 4.2
      vertex -0.230667 16.196 3
      vertex 0.059021 16.2453 3
    endloop
  endfacet
  facet normal 0.243372 -0.969933 0
    outer loop
      vertex 0.059021 16.2453 3
      vertex 0.334412 16.3144 4.2
      vertex 0.059021 16.2453 4.2
    endloop
  endfacet
  facet normal 0.243372 -0.969933 0
    outer loop
      vertex 0.334412 16.3144 4.2
      vertex 0.059021 16.2453 3
      vertex 0.334412 16.3144 3
    endloop
  endfacet
  facet normal 0.322012 -0.946736 0
    outer loop
      vertex 0.334412 16.3144 3
      vertex 0.59549 16.4032 4.2
      vertex 0.334412 16.3144 4.2
    endloop
  endfacet
  facet normal 0.322012 -0.946736 0
    outer loop
      vertex 0.59549 16.4032 4.2
      vertex 0.334412 16.3144 3
      vertex 0.59549 16.4032 3
    endloop
  endfacet
  facet normal 0.402833 -0.915273 0
    outer loop
      vertex 0.59549 16.4032 3
      vertex 0.842239 16.5118 4.2
      vertex 0.59549 16.4032 4.2
    endloop
  endfacet
  facet normal 0.402833 -0.915273 0
    outer loop
      vertex 0.842239 16.5118 4.2
      vertex 0.59549 16.4032 3
      vertex 0.842239 16.5118 3
    endloop
  endfacet
  facet normal 0.483303 -0.875453 0
    outer loop
      vertex 0.842239 16.5118 3
      vertex 1.07283 16.6391 4.2
      vertex 0.842239 16.5118 4.2
    endloop
  endfacet
  facet normal 0.483303 -0.875453 0
    outer loop
      vertex 1.07283 16.6391 4.2
      vertex 0.842239 16.5118 3
      vertex 1.07283 16.6391 3
    endloop
  endfacet
  facet normal 0.563391 -0.82619 0
    outer loop
      vertex 1.07283 16.6391 3
      vertex 1.28532 16.784 4.2
      vertex 1.07283 16.6391 4.2
    endloop
  endfacet
  facet normal 0.563391 -0.82619 0
    outer loop
      vertex 1.28532 16.784 4.2
      vertex 1.07283 16.6391 3
      vertex 1.28532 16.784 3
    endloop
  endfacet
  facet normal 0.641348 -0.76725 0
    outer loop
      vertex 1.28532 16.784 3
      vertex 1.47972 16.9465 4.2
      vertex 1.28532 16.784 4.2
    endloop
  endfacet
  facet normal 0.641348 -0.76725 0
    outer loop
      vertex 1.47972 16.9465 4.2
      vertex 1.28532 16.784 3
      vertex 1.47972 16.9465 3
    endloop
  endfacet
  facet normal 0.71476 -0.69937 0
    outer loop
      vertex 1.47972 16.9465 4.2
      vertex 1.65604 17.1267 3
      vertex 1.65604 17.1267 4.2
    endloop
  endfacet
  facet normal 0.71476 -0.69937 0
    outer loop
      vertex 1.65604 17.1267 3
      vertex 1.47972 16.9465 4.2
      vertex 1.47972 16.9465 3
    endloop
  endfacet
  facet normal 0.780888 -0.624671 0
    outer loop
      vertex 1.65604 17.1267 4.2
      vertex 1.81427 17.3245 3
      vertex 1.81427 17.3245 4.2
    endloop
  endfacet
  facet normal 0.780888 -0.624671 0
    outer loop
      vertex 1.81427 17.3245 3
      vertex 1.65604 17.1267 4.2
      vertex 1.65604 17.1267 3
    endloop
  endfacet
  facet normal 0.838212 -0.545344 0
    outer loop
      vertex 1.81427 17.3245 4.2
      vertex 1.95441 17.5399 3
      vertex 1.95441 17.5399 4.2
    endloop
  endfacet
  facet normal 0.838212 -0.545344 0
    outer loop
      vertex 1.95441 17.5399 3
      vertex 1.81427 17.3245 4.2
      vertex 1.81427 17.3245 3
    endloop
  endfacet
  facet normal 0.887399 -0.461002 0
    outer loop
      vertex 1.95441 17.5399 4.2
      vertex 2.07457 17.7712 3
      vertex 2.07457 17.7712 4.2
    endloop
  endfacet
  facet normal 0.887399 -0.461002 0
    outer loop
      vertex 2.07457 17.7712 3
      vertex 1.95441 17.5399 4.2
      vertex 1.95441 17.5399 3
    endloop
  endfacet
  facet normal 0.928307 -0.371814 0
    outer loop
      vertex 2.07457 17.7712 4.2
      vertex 2.1729 18.0167 3
      vertex 2.1729 18.0167 4.2
    endloop
  endfacet
  facet normal 0.928307 -0.371814 0
    outer loop
      vertex 2.1729 18.0167 3
      vertex 2.07457 17.7712 4.2
      vertex 2.07457 17.7712 3
    endloop
  endfacet
  facet normal 0.959288 -0.28243 0
    outer loop
      vertex 2.1729 18.0167 4.2
      vertex 2.24936 18.2764 3
      vertex 2.24936 18.2764 4.2
    endloop
  endfacet
  facet normal 0.959288 -0.28243 0
    outer loop
      vertex 2.24936 18.2764 3
      vertex 2.1729 18.0167 4.2
      vertex 2.1729 18.0167 3
    endloop
  endfacet
  facet normal 0.98067 -0.195668 0
    outer loop
      vertex 2.24936 18.2764 4.2
      vertex 2.30399 18.5502 3
      vertex 2.30399 18.5502 4.2
    endloop
  endfacet
  facet normal 0.98067 -0.195668 0
    outer loop
      vertex 2.30399 18.5502 3
      vertex 2.24936 18.2764 4.2
      vertex 2.24936 18.2764 3
    endloop
  endfacet
  facet normal 0.993589 -0.113055 0
    outer loop
      vertex 2.30399 18.5502 4.2
      vertex 2.33676 18.8382 3
      vertex 2.33676 18.8382 4.2
    endloop
  endfacet
  facet normal 0.993589 -0.113055 0
    outer loop
      vertex 2.33676 18.8382 3
      vertex 2.30399 18.5502 4.2
      vertex 2.30399 18.5502 3
    endloop
  endfacet
  facet normal 0.999346 -0.0361564 0
    outer loop
      vertex 2.33676 18.8382 4.2
      vertex 2.34769 19.1403 3
      vertex 2.34769 19.1403 4.2
    endloop
  endfacet
  facet normal 0.999346 -0.0361564 0
    outer loop
      vertex 2.34769 19.1403 3
      vertex 2.33676 18.8382 4.2
      vertex 2.33676 18.8382 3
    endloop
  endfacet
  facet normal 1 -0 0
    outer loop
      vertex 2.34769 19.1403 4.2
      vertex 2.34769 23.9088 3
      vertex 2.34769 23.9088 4.2
    endloop
  endfacet
  facet normal 1 0 0
    outer loop
      vertex 2.34769 23.9088 3
      vertex 2.34769 19.1403 4.2
      vertex 2.34769 19.1403 3
    endloop
  endfacet
  facet normal 0 1 -0
    outer loop
      vertex 2.34769 23.9088 3
      vertex 1.31696 23.9088 4.2
      vertex 2.34769 23.9088 4.2
    endloop
  endfacet
  facet normal 0 1 0
    outer loop
      vertex 1.31696 23.9088 4.2
      vertex 2.34769 23.9088 3
      vertex 1.31696 23.9088 3
    endloop
  endfacet
  facet normal -1 0 0
    outer loop
      vertex 1.31696 19.2 3
      vertex 1.31696 23.9088 4.2
      vertex 1.31696 23.9088 3
    endloop
  endfacet
  facet normal -1 -0 0
    outer loop
      vertex 1.31696 23.9088 4.2
      vertex 1.31696 19.2 3
      vertex 1.31696 19.2 4.2
    endloop
  endfacet
  facet normal -0.998944 0.0459428 0
    outer loop
      vertex 1.30107 18.8545 3
      vertex 1.31696 19.2 4.2
      vertex 1.31696 19.2 3
    endloop
  endfacet
  facet normal -0.998944 0.0459428 0
    outer loop
      vertex 1.31696 19.2 4.2
      vertex 1.30107 18.8545 3
      vertex 1.30107 18.8545 4.2
    endloop
  endfacet
  facet normal -0.988847 0.148936 0
    outer loop
      vertex 1.25337 18.5378 3
      vertex 1.30107 18.8545 4.2
      vertex 1.30107 18.8545 3
    endloop
  endfacet
  facet normal -0.988847 0.148936 0
    outer loop
      vertex 1.30107 18.8545 4.2
      vertex 1.25337 18.5378 3
      vertex 1.25337 18.5378 4.2
    endloop
  endfacet
  facet normal -0.963925 0.266176 0
    outer loop
      vertex 1.17387 18.2499 3
      vertex 1.25337 18.5378 4.2
      vertex 1.25337 18.5378 3
    endloop
  endfacet
  facet normal -0.963925 0.266176 0
    outer loop
      vertex 1.25337 18.5378 4.2
      vertex 1.17387 18.2499 3
      vertex 1.17387 18.2499 4.2
    endloop
  endfacet
  facet normal -0.91884 0.39463 0
    outer loop
      vertex 1.06259 17.9908 3
      vertex 1.17387 18.2499 4.2
      vertex 1.17387 18.2499 3
    endloop
  endfacet
  facet normal -0.91884 0.39463 0
    outer loop
      vertex 1.17387 18.2499 4.2
      vertex 1.06259 17.9908 3
      vertex 1.06259 17.9908 4.2
    endloop
  endfacet
  facet normal -0.849519 0.527557 0
    outer loop
      vertex 0.91951 17.7604 3
      vertex 1.06259 17.9908 4.2
      vertex 1.06259 17.9908 3
    endloop
  endfacet
  facet normal -0.849519 0.527557 0
    outer loop
      vertex 1.06259 17.9908 4.2
      vertex 0.91951 17.7604 3
      vertex 0.91951 17.7604 4.2
    endloop
  endfacet
  facet normal -0.755257 0.655428 0
    outer loop
      vertex 0.744644 17.5589 3
      vertex 0.91951 17.7604 4.2
      vertex 0.91951 17.7604 3
    endloop
  endfacet
  facet normal -0.755257 0.655428 0
    outer loop
      vertex 0.91951 17.7604 4.2
      vertex 0.744644 17.5589 3
      vertex 0.744644 17.5589 4.2
    endloop
  endfacet
  facet normal -0.644634 0.764492 0
    outer loop
      vertex 0.744644 17.5589 3
      vertex 0.541138 17.3873 4.2
      vertex 0.744644 17.5589 4.2
    endloop
  endfacet
  facet normal -0.644634 0.764492 0
    outer loop
      vertex 0.541138 17.3873 4.2
      vertex 0.744644 17.5589 3
      vertex 0.541138 17.3873 3
    endloop
  endfacet
  facet normal -0.522703 0.852515 0
    outer loop
      vertex 0.541138 17.3873 3
      vertex 0.312149 17.2469 4.2
      vertex 0.541138 17.3873 4.2
    endloop
  endfacet
  facet normal -0.522703 0.852515 0
    outer loop
      vertex 0.312149 17.2469 4.2
      vertex 0.541138 17.3873 3
      vertex 0.312149 17.2469 3
    endloop
  endfacet
  facet normal -0.394085 0.919074 0
    outer loop
      vertex 0.312149 17.2469 3
      vertex 0.0577087 17.1378 4.2
      vertex 0.312149 17.2469 4.2
    endloop
  endfacet
  facet normal -0.394085 0.919074 0
    outer loop
      vertex 0.0577087 17.1378 4.2
      vertex 0.312149 17.2469 3
      vertex 0.0577087 17.1378 3
    endloop
  endfacet
  facet normal -0.268437 0.963297 0
    outer loop
      vertex 0.0577087 17.1378 3
      vertex -0.222198 17.0598 4.2
      vertex 0.0577087 17.1378 4.2
    endloop
  endfacet
  facet normal -0.268437 0.963297 0
    outer loop
      vertex -0.222198 17.0598 4.2
      vertex 0.0577087 17.1378 3
      vertex -0.222198 17.0598 3
    endloop
  endfacet
  facet normal -0.151471 0.988462 0
    outer loop
      vertex -0.222198 17.0598 3
      vertex -0.527603 17.013 4.2
      vertex -0.222198 17.0598 4.2
    endloop
  endfacet
  facet normal -0.151471 0.988462 0
    outer loop
      vertex -0.527603 17.013 4.2
      vertex -0.222198 17.0598 3
      vertex -0.527603 17.013 3
    endloop
  endfacet
  facet normal -0.0470981 0.99889 0
    outer loop
      vertex -0.527603 17.013 3
      vertex -0.858459 16.9974 4.2
      vertex -0.527603 17.013 4.2
    endloop
  endfacet
  facet normal -0.0470981 0.99889 0
    outer loop
      vertex -0.858459 16.9974 4.2
      vertex -0.527603 17.013 3
      vertex -0.858459 16.9974 3
    endloop
  endfacet
  facet normal 0.0469257 0.998898 -0
    outer loop
      vertex -0.858459 16.9974 3
      vertex -1.17989 17.0125 4.2
      vertex -0.858459 16.9974 4.2
    endloop
  endfacet
  facet normal 0.0469257 0.998898 0
    outer loop
      vertex -1.17989 17.0125 4.2
      vertex -0.858459 16.9974 3
      vertex -1.17989 17.0125 3
    endloop
  endfacet
  facet normal 0.151348 0.988481 -0
    outer loop
      vertex -1.17989 17.0125 3
      vertex -1.4751 17.0577 4.2
      vertex -1.17989 17.0125 4.2
    endloop
  endfacet
  facet normal 0.151348 0.988481 0
    outer loop
      vertex -1.4751 17.0577 4.2
      vertex -1.17989 17.0125 3
      vertex -1.4751 17.0577 3
    endloop
  endfacet
  facet normal 0.269582 0.962977 -0
    outer loop
      vertex -1.4751 17.0577 3
      vertex -1.74408 17.133 4.2
      vertex -1.4751 17.0577 4.2
    endloop
  endfacet
  facet normal 0.269582 0.962977 0
    outer loop
      vertex -1.74408 17.133 4.2
      vertex -1.4751 17.0577 3
      vertex -1.74408 17.133 3
    endloop
  endfacet
  facet normal 0.39856 0.917142 -0
    outer loop
      vertex -1.74408 17.133 3
      vertex -1.98685 17.2385 4.2
      vertex -1.74408 17.133 4.2
    endloop
  endfacet
  facet normal 0.39856 0.917142 0
    outer loop
      vertex -1.98685 17.2385 4.2
      vertex -1.74408 17.133 3
      vertex -1.98685 17.2385 3
    endloop
  endfacet
  facet normal 0.530702 0.847558 -0
    outer loop
      vertex -1.98685 17.2385 3
      vertex -2.20341 17.3741 4.2
      vertex -1.98685 17.2385 4.2
    endloop
  endfacet
  facet normal 0.530702 0.847558 0
    outer loop
      vertex -2.20341 17.3741 4.2
      vertex -1.98685 17.2385 3
      vertex -2.20341 17.3741 3
    endloop
  endfacet
  facet normal 0.656845 0.754025 -0
    outer loop
      vertex -2.20341 17.3741 3
      vertex -2.39374 17.5399 4.2
      vertex -2.20341 17.3741 4.2
    endloop
  endfacet
  facet normal 0.656845 0.754025 0
    outer loop
      vertex -2.39374 17.5399 4.2
      vertex -2.20341 17.3741 3
      vertex -2.39374 17.5399 3
    endloop
  endfacet
  facet normal 0.768014 0.640433 0
    outer loop
      vertex -2.39374 17.5399 4.2
      vertex -2.55618 17.7347 3
      vertex -2.55618 17.7347 4.2
    endloop
  endfacet
  facet normal 0.768014 0.640433 0
    outer loop
      vertex -2.55618 17.7347 3
      vertex -2.39374 17.5399 4.2
      vertex -2.39374 17.5399 3
    endloop
  endfacet
  facet normal 0.858935 0.512085 0
    outer loop
      vertex -2.55618 17.7347 4.2
      vertex -2.68907 17.9576 3
      vertex -2.68907 17.9576 4.2
    endloop
  endfacet
  facet normal 0.858935 0.512085 0
    outer loop
      vertex -2.68907 17.9576 3
      vertex -2.55618 17.7347 4.2
      vertex -2.55618 17.7347 3
    endloop
  endfacet
  facet normal 0.92459 0.380965 0
    outer loop
      vertex -2.68907 17.9576 4.2
      vertex -2.79245 18.2085 3
      vertex -2.79245 18.2085 4.2
    endloop
  endfacet
  facet normal 0.92459 0.380965 0
    outer loop
      vertex -2.79245 18.2085 3
      vertex -2.68907 17.9576 4.2
      vertex -2.68907 17.9576 3
    endloop
  endfacet
  facet normal 0.966711 0.255872 0
    outer loop
      vertex -2.79245 18.2085 4.2
      vertex -2.86627 18.4874 3
      vertex -2.86627 18.4874 4.2
    endloop
  endfacet
  facet normal 0.966711 0.255872 0
    outer loop
      vertex -2.86627 18.4874 3
      vertex -2.79245 18.2085 4.2
      vertex -2.79245 18.2085 3
    endloop
  endfacet
  facet normal 0.989744 0.142852 0
    outer loop
      vertex -2.86627 18.4874 4.2
      vertex -2.91058 18.7944 3
      vertex -2.91058 18.7944 4.2
    endloop
  endfacet
  facet normal 0.989744 0.142852 0
    outer loop
      vertex -2.91058 18.7944 3
      vertex -2.86627 18.4874 4.2
      vertex -2.86627 18.4874 3
    endloop
  endfacet
  facet normal 0.999031 0.044017 0
    outer loop
      vertex -2.91058 18.7944 4.2
      vertex -2.92534 19.1294 3
      vertex -2.92534 19.1294 4.2
    endloop
  endfacet
  facet normal 0.999031 0.044017 0
    outer loop
      vertex -2.92534 19.1294 3
      vertex -2.91058 18.7944 4.2
      vertex -2.91058 18.7944 3
    endloop
  endfacet
  facet normal 1 -0 0
    outer loop
      vertex -2.92534 19.1294 4.2
      vertex -2.92534 23.9088 3
      vertex -2.92534 23.9088 4.2
    endloop
  endfacet
  facet normal 1 0 0
    outer loop
      vertex -2.92534 23.9088 3
      vertex -2.92534 19.1294 4.2
      vertex -2.92534 19.1294 3
    endloop
  endfacet
  facet normal 0 1 -0
    outer loop
      vertex -2.92534 23.9088 3
      vertex -3.96158 23.9088 4.2
      vertex -2.92534 23.9088 4.2
    endloop
  endfacet
  facet normal 0 1 0
    outer loop
      vertex -3.96158 23.9088 4.2
      vertex -2.92534 23.9088 3
      vertex -3.96158 23.9088 3
    endloop
  endfacet
  facet normal -1 0 0
    outer loop
      vertex -3.96158 19.0426 3
      vertex -3.96158 23.9088 4.2
      vertex -3.96158 23.9088 3
    endloop
  endfacet
  facet normal -1 -0 0
    outer loop
      vertex -3.96158 23.9088 4.2
      vertex -3.96158 19.0426 3
      vertex -3.96158 19.0426 4.2
    endloop
  endfacet
  facet normal -0.999335 -0.0364696 0
    outer loop
      vertex -3.95088 18.7494 3
      vertex -3.96158 19.0426 4.2
      vertex -3.96158 19.0426 3
    endloop
  endfacet
  facet normal -0.999335 -0.0364696 0
    outer loop
      vertex -3.96158 19.0426 4.2
      vertex -3.95088 18.7494 3
      vertex -3.95088 18.7494 4.2
    endloop
  endfacet
  facet normal -0.993465 -0.114138 0
    outer loop
      vertex -3.91878 18.47 3
      vertex -3.95088 18.7494 4.2
      vertex -3.95088 18.7494 3
    endloop
  endfacet
  facet normal -0.993465 -0.114138 0
    outer loop
      vertex -3.95088 18.7494 4.2
      vertex -3.91878 18.47 3
      vertex -3.91878 18.47 4.2
    endloop
  endfacet
  facet normal -0.98031 -0.197465 0
    outer loop
      vertex -3.86528 18.2044 3
      vertex -3.91878 18.47 4.2
      vertex -3.91878 18.47 3
    endloop
  endfacet
  facet normal -0.98031 -0.197465 0
    outer loop
      vertex -3.91878 18.47 4.2
      vertex -3.86528 18.2044 3
      vertex -3.86528 18.2044 4.2
    endloop
  endfacet
  facet normal -0.958443 -0.285285 0
    outer loop
      vertex -3.79039 17.9528 3
      vertex -3.86528 18.2044 4.2
      vertex -3.86528 18.2044 3
    endloop
  endfacet
  facet normal -0.958443 -0.285285 0
    outer loop
      vertex -3.86528 18.2044 4.2
      vertex -3.79039 17.9528 3
      vertex -3.79039 17.9528 4.2
    endloop
  endfacet
  facet normal -0.926869 -0.375386 0
    outer loop
      vertex -3.69408 17.715 3
      vertex -3.79039 17.9528 4.2
      vertex -3.79039 17.9528 3
    endloop
  endfacet
  facet normal -0.926869 -0.375386 0
    outer loop
      vertex -3.79039 17.9528 4.2
      vertex -3.69408 17.715 3
      vertex -3.69408 17.715 4.2
    endloop
  endfacet
  facet normal -0.885251 -0.465113 0
    outer loop
      vertex -3.57639 17.491 3
      vertex -3.69408 17.715 4.2
      vertex -3.69408 17.715 3
    endloop
  endfacet
  facet normal -0.885251 -0.465113 0
    outer loop
      vertex -3.69408 17.715 4.2
      vertex -3.57639 17.491 3
      vertex -3.57639 17.491 4.2
    endloop
  endfacet
  facet normal -0.835335 -0.549742 0
    outer loop
      vertex -3.43924 17.2826 3
      vertex -3.57639 17.491 4.2
      vertex -3.57639 17.491 3
    endloop
  endfacet
  facet normal -0.835335 -0.549742 0
    outer loop
      vertex -3.57639 17.491 4.2
      vertex -3.43924 17.2826 3
      vertex -3.43924 17.2826 4.2
    endloop
  endfacet
  facet normal -0.777605 -0.628754 0
    outer loop
      vertex -3.28464 17.0914 3
      vertex -3.43924 17.2826 4.2
      vertex -3.43924 17.2826 3
    endloop
  endfacet
  facet normal -0.777605 -0.628754 0
    outer loop
      vertex -3.43924 17.2826 4.2
      vertex -3.28464 17.0914 3
      vertex -3.28464 17.0914 4.2
    endloop
  endfacet
  facet normal -0.7112 -0.702989 0
    outer loop
      vertex -3.11255 16.9173 3
      vertex -3.28464 17.0914 4.2
      vertex -3.28464 17.0914 3
    endloop
  endfacet
  facet normal -0.7112 -0.702989 0
    outer loop
      vertex -3.28464 17.0914 4.2
      vertex -3.11255 16.9173 3
      vertex -3.11255 16.9173 4.2
    endloop
  endfacet
  facet normal -0.637341 -0.770582 0
    outer loop
      vertex -3.11255 16.9173 3
      vertex -2.92297 16.7605 4.2
      vertex -3.11255 16.9173 4.2
    endloop
  endfacet
  facet normal -0.637341 -0.770582 -0
    outer loop
      vertex -2.92297 16.7605 4.2
      vertex -3.11255 16.9173 3
      vertex -2.92297 16.7605 3
    endloop
  endfacet
  facet normal -0.559348 -0.828933 0
    outer loop
      vertex -2.92297 16.7605 3
      vertex -2.71594 16.6208 4.2
      vertex -2.92297 16.7605 4.2
    endloop
  endfacet
  facet normal -0.559348 -0.828933 -0
    outer loop
      vertex -2.71594 16.6208 4.2
      vertex -2.92297 16.7605 3
      vertex -2.71594 16.6208 3
    endloop
  endfacet
  facet normal -0.478956 -0.877839 0
    outer loop
      vertex -2.71594 16.6208 3
      vertex -2.49142 16.4983 4.2
      vertex -2.71594 16.6208 4.2
    endloop
  endfacet
  facet normal -0.478956 -0.877839 -0
    outer loop
      vertex -2.49142 16.4983 4.2
      vertex -2.71594 16.6208 3
      vertex -2.49142 16.4983 3
    endloop
  endfacet
  facet normal -0.39902 -0.916942 0
    outer loop
      vertex -2.49142 16.4983 3
      vertex -2.25151 16.3939 4.2
      vertex -2.49142 16.4983 4.2
    endloop
  endfacet
  facet normal -0.39902 -0.916942 -0
    outer loop
      vertex -2.25151 16.3939 4.2
      vertex -2.49142 16.4983 3
      vertex -2.25151 16.3939 3
    endloop
  endfacet
  facet normal -0.319964 -0.94743 0
    outer loop
      vertex -2.25151 16.3939 3
      vertex -1.99834 16.3084 4.2
      vertex -2.25151 16.3939 4.2
    endloop
  endfacet
  facet normal -0.319964 -0.94743 -0
    outer loop
      vertex -1.99834 16.3084 4.2
      vertex -2.25151 16.3939 3
      vertex -1.99834 16.3084 3
    endloop
  endfacet
  facet normal -0.241816 -0.970322 0
    outer loop
      vertex -1.99834 16.3084 3
      vertex -1.7319 16.242 4.2
      vertex -1.99834 16.3084 4.2
    endloop
  endfacet
  facet normal -0.241816 -0.970322 -0
    outer loop
      vertex -1.7319 16.242 4.2
      vertex -1.99834 16.3084 3
      vertex -1.7319 16.242 3
    endloop
  endfacet
  facet normal -0.167433 -0.985883 0
    outer loop
      vertex -1.7319 16.242 3
      vertex -1.45221 16.1945 4.2
      vertex -1.7319 16.242 4.2
    endloop
  endfacet
  facet normal -0.167433 -0.985883 -0
    outer loop
      vertex -1.45221 16.1945 4.2
      vertex -1.7319 16.242 3
      vertex -1.45221 16.1945 3
    endloop
  endfacet
  facet normal -0.0968225 -0.995302 0
    outer loop
      vertex -1.45221 16.1945 3
      vertex -1.15924 16.166 4.2
      vertex -1.45221 16.1945 4.2
    endloop
  endfacet
  facet normal -0.0968225 -0.995302 -0
    outer loop
      vertex -1.15924 16.166 4.2
      vertex -1.45221 16.1945 3
      vertex -1.15924 16.166 3
    endloop
  endfacet
  facet normal -0.0310092 -0.999519 0
    outer loop
      vertex -1.15924 16.166 3
      vertex -0.853027 16.1565 4.2
      vertex -1.15924 16.166 4.2
    endloop
  endfacet
  facet normal -0.0310092 -0.999519 -0
    outer loop
      vertex -0.853027 16.1565 4.2
      vertex -1.15924 16.166 3
      vertex -0.853027 16.1565 3
    endloop
  endfacet
  facet normal 0.0310834 -0.999517 0
    outer loop
      vertex -0.853027 16.1565 3
      vertex -0.534683 16.1664 4.2
      vertex -0.853027 16.1565 4.2
    endloop
  endfacet
  facet normal 0.0310834 -0.999517 0
    outer loop
      vertex -0.534683 16.1664 4.2
      vertex -0.853027 16.1565 3
      vertex -0.534683 16.1664 3
    endloop
  endfacet
  facet normal 0 1 -0
    outer loop
      vertex -5.04315 17.1113 3
      vertex -8.90572 17.1113 4.2
      vertex -5.04315 17.1113 4.2
    endloop
  endfacet
  facet normal 0 1 0
    outer loop
      vertex -8.90572 17.1113 4.2
      vertex -5.04315 17.1113 3
      vertex -8.90572 17.1113 3
    endloop
  endfacet
  facet normal 1 -0 0
    outer loop
      vertex -8.90572 17.1113 4.2
      vertex -8.90572 23.9088 3
      vertex -8.90572 23.9088 4.2
    endloop
  endfacet
  facet normal 1 0 0
    outer loop
      vertex -8.90572 23.9088 3
      vertex -8.90572 17.1113 4.2
      vertex -8.90572 17.1113 3
    endloop
  endfacet
  facet normal 0 1 -0
    outer loop
      vertex -8.90572 23.9088 3
      vertex -9.94188 23.9088 4.2
      vertex -8.90572 23.9088 4.2
    endloop
  endfacet
  facet normal 0 1 0
    outer loop
      vertex -9.94188 23.9088 4.2
      vertex -8.90572 23.9088 3
      vertex -9.94188 23.9088 3
    endloop
  endfacet
  facet normal -1 0 0
    outer loop
      vertex -9.94188 16.265 3
      vertex -9.94188 23.9088 4.2
      vertex -9.94188 23.9088 3
    endloop
  endfacet
  facet normal -1 -0 0
    outer loop
      vertex -9.94188 23.9088 4.2
      vertex -9.94188 16.265 3
      vertex -9.94188 16.265 4.2
    endloop
  endfacet
  facet normal 0 -1 0
    outer loop
      vertex -9.94188 16.265 3
      vertex -5.04315 16.265 4.2
      vertex -9.94188 16.265 4.2
    endloop
  endfacet
  facet normal 0 -1 -0
    outer loop
      vertex -5.04315 16.265 4.2
      vertex -9.94188 16.265 3
      vertex -5.04315 16.265 3
    endloop
  endfacet
  facet normal 1 -0 0
    outer loop
      vertex -5.04315 16.265 4.2
      vertex -5.04315 17.1113 3
      vertex -5.04315 17.1113 4.2
    endloop
  endfacet
  facet normal 1 0 0
    outer loop
      vertex -5.04315 17.1113 3
      vertex -5.04315 16.265 4.2
      vertex -5.04315 16.265 3
    endloop
  endfacet
  facet normal 0 1 -0
    outer loop
      vertex -22.6572 23.9088 3
      vertex -23.6933 23.9088 4.2
      vertex -22.6572 23.9088 4.2
    endloop
  endfacet
  facet normal 0 1 0
    outer loop
      vertex -23.6933 23.9088 4.2
      vertex -22.6572 23.9088 3
      vertex -23.6933 23.9088 3
    endloop
  endfacet
  facet normal -1 0 0
    outer loop
      vertex -23.6933 16.265 3
      vertex -23.6933 23.9088 4.2
      vertex -23.6933 23.9088 3
    endloop
  endfacet
  facet normal -1 -0 0
    outer loop
      vertex -23.6933 23.9088 4.2
      vertex -23.6933 16.265 3
      vertex -23.6933 16.265 4.2
    endloop
  endfacet
  facet normal 0 -1 0
    outer loop
      vertex -23.6933 16.265 3
      vertex -22.6572 16.265 4.2
      vertex -23.6933 16.265 4.2
    endloop
  endfacet
  facet normal 0 -1 -0
    outer loop
      vertex -22.6572 16.265 4.2
      vertex -23.6933 16.265 3
      vertex -22.6572 16.265 3
    endloop
  endfacet
  facet normal 1 -0 0
    outer loop
      vertex -22.6572 16.265 4.2
      vertex -22.6572 23.9088 3
      vertex -22.6572 23.9088 4.2
    endloop
  endfacet
  facet normal 1 0 0
    outer loop
      vertex -22.6572 23.9088 3
      vertex -22.6572 16.265 4.2
      vertex -22.6572 16.265 3
    endloop
  endfacet
endsolid OpenSCAD_Model
