solid OpenSCAD_Model
  facet normal -0.996917 -0.0784645 0
    outer loop
      vertex -71.9 0 0
      vertex -71.9197 0.250295 3
      vertex -71.9197 0.250295 0
    endloop
  endfacet
  facet normal -0.996917 -0.0784645 0
    outer loop
      vertex -71.9197 0.250295 3
      vertex -71.9 0 0
      vertex -71.9 0 3
    endloop
  endfacet
  facet normal 0.996917 -0.0784645 0
    outer loop
      vertex -75.1 0 3
      vertex -75.0803 0.250295 0
      vertex -75.0803 0.250295 3
    endloop
  endfacet
  facet normal 0.996917 -0.0784645 0
    outer loop
      vertex -75.0803 0.250295 0
      vertex -75.1 0 3
      vertex -75.1 0 0
    endloop
  endfacet
  facet normal 0.0784629 -0.996917 0
    outer loop
      vertex -73.7503 1.5803 0
      vertex -73.5 1.6 3
      vertex -73.7503 1.5803 3
    endloop
  endfacet
  facet normal 0.0784629 -0.996917 0
    outer loop
      vertex -73.5 1.6 3
      vertex -73.7503 1.5803 0
      vertex -73.5 1.6 0
    endloop
  endfacet
  facet normal -0.0784629 0.996917 0
    outer loop
      vertex -73.2497 -1.5803 0
      vertex -73.5 -1.6 3
      vertex -73.2497 -1.5803 3
    endloop
  endfacet
  facet normal -0.0784629 0.996917 0
    outer loop
      vertex -73.5 -1.6 3
      vertex -73.2497 -1.5803 0
      vertex -73.5 -1.6 0
    endloop
  endfacet
  facet normal -0.649485 -0.760374 0
    outer loop
      vertex -72.5595 1.29443 0
      vertex -72.3686 1.13137 3
      vertex -72.5595 1.29443 3
    endloop
  endfacet
  facet normal -0.649485 -0.760374 -0
    outer loop
      vertex -72.3686 1.13137 3
      vertex -72.5595 1.29443 0
      vertex -72.3686 1.13137 0
    endloop
  endfacet
  facet normal 0.760516 -0.649319 0
    outer loop
      vertex -74.7944 0.940456 3
      vertex -74.6314 1.13137 0
      vertex -74.6314 1.13137 3
    endloop
  endfacet
  facet normal 0.760516 -0.649319 0
    outer loop
      vertex -74.6314 1.13137 0
      vertex -74.7944 0.940456 3
      vertex -74.7944 0.940456 0
    endloop
  endfacet
  facet normal 0.522439 -0.852677 0
    outer loop
      vertex -74.4405 1.29443 0
      vertex -74.2264 1.42561 3
      vertex -74.4405 1.29443 3
    endloop
  endfacet
  facet normal 0.522439 -0.852677 0
    outer loop
      vertex -74.2264 1.42561 3
      vertex -74.4405 1.29443 0
      vertex -74.2264 1.42561 0
    endloop
  endfacet
  facet normal -0.852611 -0.522546 0
    outer loop
      vertex -72.0744 0.726384 0
      vertex -72.2056 0.940456 3
      vertex -72.2056 0.940456 0
    endloop
  endfacet
  facet normal -0.852611 -0.522546 0
    outer loop
      vertex -72.2056 0.940456 3
      vertex -72.0744 0.726384 0
      vertex -72.0744 0.726384 3
    endloop
  endfacet
  facet normal -0.97238 -0.233404 0
    outer loop
      vertex -71.9197 0.250295 0
      vertex -71.9783 0.494427 3
      vertex -71.9783 0.494427 0
    endloop
  endfacet
  facet normal -0.97238 -0.233404 0
    outer loop
      vertex -71.9783 0.494427 3
      vertex -71.9197 0.250295 0
      vertex -71.9197 0.250295 3
    endloop
  endfacet
  facet normal -0.760516 -0.649319 0
    outer loop
      vertex -72.2056 0.940456 0
      vertex -72.3686 1.13137 3
      vertex -72.3686 1.13137 0
    endloop
  endfacet
  facet normal -0.760516 -0.649319 0
    outer loop
      vertex -72.3686 1.13137 3
      vertex -72.2056 0.940456 0
      vertex -72.2056 0.940456 3
    endloop
  endfacet
  facet normal -0.382624 -0.923904 0
    outer loop
      vertex -73.0056 1.52169 0
      vertex -72.7736 1.42561 3
      vertex -73.0056 1.52169 3
    endloop
  endfacet
  facet normal -0.382624 -0.923904 -0
    outer loop
      vertex -72.7736 1.42561 3
      vertex -73.0056 1.52169 0
      vertex -72.7736 1.42561 0
    endloop
  endfacet
  facet normal -0.233471 -0.972364 0
    outer loop
      vertex -73.2497 1.5803 0
      vertex -73.0056 1.52169 3
      vertex -73.2497 1.5803 3
    endloop
  endfacet
  facet normal -0.233471 -0.972364 -0
    outer loop
      vertex -73.0056 1.52169 3
      vertex -73.2497 1.5803 0
      vertex -73.0056 1.52169 0
    endloop
  endfacet
  facet normal -0.522439 -0.852677 0
    outer loop
      vertex -72.7736 1.42561 0
      vertex -72.5595 1.29443 3
      vertex -72.7736 1.42561 3
    endloop
  endfacet
  facet normal -0.522439 -0.852677 -0
    outer loop
      vertex -72.5595 1.29443 3
      vertex -72.7736 1.42561 0
      vertex -72.5595 1.29443 0
    endloop
  endfacet
  facet normal 0.923851 -0.382752 0
    outer loop
      vertex -75.0217 0.494427 3
      vertex -74.9256 0.726384 0
      vertex -74.9256 0.726384 3
    endloop
  endfacet
  facet normal 0.923851 -0.382752 0
    outer loop
      vertex -74.9256 0.726384 0
      vertex -75.0217 0.494427 3
      vertex -75.0217 0.494427 0
    endloop
  endfacet
  facet normal 0.852611 -0.522546 0
    outer loop
      vertex -74.9256 0.726384 3
      vertex -74.7944 0.940456 0
      vertex -74.7944 0.940456 3
    endloop
  endfacet
  facet normal 0.852611 -0.522546 0
    outer loop
      vertex -74.7944 0.940456 0
      vertex -74.9256 0.726384 3
      vertex -74.9256 0.726384 0
    endloop
  endfacet
  facet normal 0.97238 -0.233404 0
    outer loop
      vertex -75.0803 0.250295 3
      vertex -75.0217 0.494427 0
      vertex -75.0217 0.494427 3
    endloop
  endfacet
  facet normal 0.97238 -0.233404 0
    outer loop
      vertex -75.0217 0.494427 0
      vertex -75.0803 0.250295 3
      vertex -75.0803 0.250295 0
    endloop
  endfacet
  facet normal 0.649485 -0.760374 0
    outer loop
      vertex -74.6314 1.13137 0
      vertex -74.4405 1.29443 3
      vertex -74.6314 1.13137 3
    endloop
  endfacet
  facet normal 0.649485 -0.760374 0
    outer loop
      vertex -74.4405 1.29443 3
      vertex -74.6314 1.13137 0
      vertex -74.4405 1.29443 0
    endloop
  endfacet
  facet normal 0.233471 -0.972364 0
    outer loop
      vertex -73.9944 1.52169 0
      vertex -73.7503 1.5803 3
      vertex -73.9944 1.52169 3
    endloop
  endfacet
  facet normal 0.233471 -0.972364 0
    outer loop
      vertex -73.7503 1.5803 3
      vertex -73.9944 1.52169 0
      vertex -73.7503 1.5803 0
    endloop
  endfacet
  facet normal 0.923851 0.382752 0
    outer loop
      vertex -74.9256 -0.726384 3
      vertex -75.0217 -0.494427 0
      vertex -75.0217 -0.494427 3
    endloop
  endfacet
  facet normal 0.923851 0.382752 0
    outer loop
      vertex -75.0217 -0.494427 0
      vertex -74.9256 -0.726384 3
      vertex -74.9256 -0.726384 0
    endloop
  endfacet
  facet normal -0.233471 0.972364 0
    outer loop
      vertex -73.0056 -1.52169 0
      vertex -73.2497 -1.5803 3
      vertex -73.0056 -1.52169 3
    endloop
  endfacet
  facet normal -0.233471 0.972364 0
    outer loop
      vertex -73.2497 -1.5803 3
      vertex -73.0056 -1.52169 0
      vertex -73.2497 -1.5803 0
    endloop
  endfacet
  facet normal -0.97238 0.233404 0
    outer loop
      vertex -71.9783 -0.494427 0
      vertex -71.9197 -0.250295 3
      vertex -71.9197 -0.250295 0
    endloop
  endfacet
  facet normal -0.97238 0.233404 0
    outer loop
      vertex -71.9197 -0.250295 3
      vertex -71.9783 -0.494427 0
      vertex -71.9783 -0.494427 3
    endloop
  endfacet
  facet normal -0.923851 -0.382752 0
    outer loop
      vertex -71.9783 0.494427 0
      vertex -72.0744 0.726384 3
      vertex -72.0744 0.726384 0
    endloop
  endfacet
  facet normal -0.923851 -0.382752 0
    outer loop
      vertex -72.0744 0.726384 3
      vertex -71.9783 0.494427 0
      vertex -71.9783 0.494427 3
    endloop
  endfacet
  facet normal -0.0784629 -0.996917 0
    outer loop
      vertex -73.5 1.6 0
      vertex -73.2497 1.5803 3
      vertex -73.5 1.6 3
    endloop
  endfacet
  facet normal -0.0784629 -0.996917 -0
    outer loop
      vertex -73.2497 1.5803 3
      vertex -73.5 1.6 0
      vertex -73.2497 1.5803 0
    endloop
  endfacet
  facet normal 0.382624 -0.923904 0
    outer loop
      vertex -74.2264 1.42561 0
      vertex -73.9944 1.52169 3
      vertex -74.2264 1.42561 3
    endloop
  endfacet
  facet normal 0.382624 -0.923904 0
    outer loop
      vertex -73.9944 1.52169 3
      vertex -74.2264 1.42561 0
      vertex -73.9944 1.52169 0
    endloop
  endfacet
  facet normal -0.996917 0.0784645 0
    outer loop
      vertex -71.9197 -0.250295 0
      vertex -71.9 0 3
      vertex -71.9 0 0
    endloop
  endfacet
  facet normal -0.996917 0.0784645 0
    outer loop
      vertex -71.9 0 3
      vertex -71.9197 -0.250295 0
      vertex -71.9197 -0.250295 3
    endloop
  endfacet
  facet normal 0.996917 0.0784645 0
    outer loop
      vertex -75.0803 -0.250295 3
      vertex -75.1 0 0
      vertex -75.1 0 3
    endloop
  endfacet
  facet normal 0.996917 0.0784645 0
    outer loop
      vertex -75.1 0 0
      vertex -75.0803 -0.250295 3
      vertex -75.0803 -0.250295 0
    endloop
  endfacet
  facet normal -0.649485 0.760374 0
    outer loop
      vertex -72.3686 -1.13137 0
      vertex -72.5595 -1.29443 3
      vertex -72.3686 -1.13137 3
    endloop
  endfacet
  facet normal -0.649485 0.760374 0
    outer loop
      vertex -72.5595 -1.29443 3
      vertex -72.3686 -1.13137 0
      vertex -72.5595 -1.29443 0
    endloop
  endfacet
  facet normal -0.923851 0.382752 0
    outer loop
      vertex -72.0744 -0.726384 0
      vertex -71.9783 -0.494427 3
      vertex -71.9783 -0.494427 0
    endloop
  endfacet
  facet normal -0.923851 0.382752 0
    outer loop
      vertex -71.9783 -0.494427 3
      vertex -72.0744 -0.726384 0
      vertex -72.0744 -0.726384 3
    endloop
  endfacet
  facet normal -0.852611 0.522546 0
    outer loop
      vertex -72.2056 -0.940456 0
      vertex -72.0744 -0.726384 3
      vertex -72.0744 -0.726384 0
    endloop
  endfacet
  facet normal -0.852611 0.522546 0
    outer loop
      vertex -72.0744 -0.726384 3
      vertex -72.2056 -0.940456 0
      vertex -72.2056 -0.940456 3
    endloop
  endfacet
  facet normal 0.233471 0.972364 -0
    outer loop
      vertex -73.7503 -1.5803 0
      vertex -73.9944 -1.52169 3
      vertex -73.7503 -1.5803 3
    endloop
  endfacet
  facet normal 0.233471 0.972364 0
    outer loop
      vertex -73.9944 -1.52169 3
      vertex -73.7503 -1.5803 0
      vertex -73.9944 -1.52169 0
    endloop
  endfacet
  facet normal -0.522439 0.852677 0
    outer loop
      vertex -72.5595 -1.29443 0
      vertex -72.7736 -1.42561 3
      vertex -72.5595 -1.29443 3
    endloop
  endfacet
  facet normal -0.522439 0.852677 0
    outer loop
      vertex -72.7736 -1.42561 3
      vertex -72.5595 -1.29443 0
      vertex -72.7736 -1.42561 0
    endloop
  endfacet
  facet normal -0.382624 0.923904 0
    outer loop
      vertex -72.7736 -1.42561 0
      vertex -73.0056 -1.52169 3
      vertex -72.7736 -1.42561 3
    endloop
  endfacet
  facet normal -0.382624 0.923904 0
    outer loop
      vertex -73.0056 -1.52169 3
      vertex -72.7736 -1.42561 0
      vertex -73.0056 -1.52169 0
    endloop
  endfacet
  facet normal -0.760516 0.649319 0
    outer loop
      vertex -72.3686 -1.13137 0
      vertex -72.2056 -0.940456 3
      vertex -72.2056 -0.940456 0
    endloop
  endfacet
  facet normal -0.760516 0.649319 0
    outer loop
      vertex -72.2056 -0.940456 3
      vertex -72.3686 -1.13137 0
      vertex -72.3686 -1.13137 3
    endloop
  endfacet
  facet normal 0.0784629 0.996917 -0
    outer loop
      vertex -73.5 -1.6 0
      vertex -73.7503 -1.5803 3
      vertex -73.5 -1.6 3
    endloop
  endfacet
  facet normal 0.0784629 0.996917 0
    outer loop
      vertex -73.7503 -1.5803 3
      vertex -73.5 -1.6 0
      vertex -73.7503 -1.5803 0
    endloop
  endfacet
  facet normal 0.522439 0.852677 -0
    outer loop
      vertex -74.2264 -1.42561 0
      vertex -74.4405 -1.29443 3
      vertex -74.2264 -1.42561 3
    endloop
  endfacet
  facet normal 0.522439 0.852677 0
    outer loop
      vertex -74.4405 -1.29443 3
      vertex -74.2264 -1.42561 0
      vertex -74.4405 -1.29443 0
    endloop
  endfacet
  facet normal 0.760516 0.649319 0
    outer loop
      vertex -74.6314 -1.13137 3
      vertex -74.7944 -0.940456 0
      vertex -74.7944 -0.940456 3
    endloop
  endfacet
  facet normal 0.760516 0.649319 0
    outer loop
      vertex -74.7944 -0.940456 0
      vertex -74.6314 -1.13137 3
      vertex -74.6314 -1.13137 0
    endloop
  endfacet
  facet normal 0.649485 0.760374 -0
    outer loop
      vertex -74.4405 -1.29443 0
      vertex -74.6314 -1.13137 3
      vertex -74.4405 -1.29443 3
    endloop
  endfacet
  facet normal 0.649485 0.760374 0
    outer loop
      vertex -74.6314 -1.13137 3
      vertex -74.4405 -1.29443 0
      vertex -74.6314 -1.13137 0
    endloop
  endfacet
  facet normal 0.97238 0.233404 0
    outer loop
      vertex -75.0217 -0.494427 3
      vertex -75.0803 -0.250295 0
      vertex -75.0803 -0.250295 3
    endloop
  endfacet
  facet normal 0.97238 0.233404 0
    outer loop
      vertex -75.0803 -0.250295 0
      vertex -75.0217 -0.494427 3
      vertex -75.0217 -0.494427 0
    endloop
  endfacet
  facet normal 0.382624 0.923904 -0
    outer loop
      vertex -73.9944 -1.52169 0
      vertex -74.2264 -1.42561 3
      vertex -73.9944 -1.52169 3
    endloop
  endfacet
  facet normal 0.382624 0.923904 0
    outer loop
      vertex -74.2264 -1.42561 3
      vertex -73.9944 -1.52169 0
      vertex -74.2264 -1.42561 0
    endloop
  endfacet
  facet normal 0.852611 0.522546 0
    outer loop
      vertex -74.7944 -0.940456 3
      vertex -74.9256 -0.726384 0
      vertex -74.9256 -0.726384 3
    endloop
  endfacet
  facet normal 0.852611 0.522546 0
    outer loop
      vertex -74.9256 -0.726384 0
      vertex -74.7944 -0.940456 3
      vertex -74.7944 -0.940456 0
    endloop
  endfacet
  facet normal -0.996917 -0.0784645 0
    outer loop
      vertex 75.1 0 0
      vertex 75.0803 0.250295 3
      vertex 75.0803 0.250295 0
    endloop
  endfacet
  facet normal -0.996917 -0.0784645 0
    outer loop
      vertex 75.0803 0.250295 3
      vertex 75.1 0 0
      vertex 75.1 0 3
    endloop
  endfacet
  facet normal 0.996917 -0.0784645 0
    outer loop
      vertex 71.9 0 3
      vertex 71.9197 0.250295 0
      vertex 71.9197 0.250295 3
    endloop
  endfacet
  facet normal 0.996917 -0.0784645 0
    outer loop
      vertex 71.9197 0.250295 0
      vertex 71.9 0 3
      vertex 71.9 0 0
    endloop
  endfacet
  facet normal 0.0784629 -0.996917 0
    outer loop
      vertex 73.2497 1.5803 0
      vertex 73.5 1.6 3
      vertex 73.2497 1.5803 3
    endloop
  endfacet
  facet normal 0.0784629 -0.996917 0
    outer loop
      vertex 73.5 1.6 3
      vertex 73.2497 1.5803 0
      vertex 73.5 1.6 0
    endloop
  endfacet
  facet normal -0.0784629 0.996917 0
    outer loop
      vertex 73.7503 -1.5803 0
      vertex 73.5 -1.6 3
      vertex 73.7503 -1.5803 3
    endloop
  endfacet
  facet normal -0.0784629 0.996917 0
    outer loop
      vertex 73.5 -1.6 3
      vertex 73.7503 -1.5803 0
      vertex 73.5 -1.6 0
    endloop
  endfacet
  facet normal -0.649485 -0.760374 0
    outer loop
      vertex 74.4405 1.29443 0
      vertex 74.6314 1.13137 3
      vertex 74.4405 1.29443 3
    endloop
  endfacet
  facet normal -0.649485 -0.760374 -0
    outer loop
      vertex 74.6314 1.13137 3
      vertex 74.4405 1.29443 0
      vertex 74.6314 1.13137 0
    endloop
  endfacet
  facet normal 0.760516 -0.649319 0
    outer loop
      vertex 72.2056 0.940456 3
      vertex 72.3686 1.13137 0
      vertex 72.3686 1.13137 3
    endloop
  endfacet
  facet normal 0.760516 -0.649319 0
    outer loop
      vertex 72.3686 1.13137 0
      vertex 72.2056 0.940456 3
      vertex 72.2056 0.940456 0
    endloop
  endfacet
  facet normal 0.522439 -0.852677 0
    outer loop
      vertex 72.5595 1.29443 0
      vertex 72.7736 1.42561 3
      vertex 72.5595 1.29443 3
    endloop
  endfacet
  facet normal 0.522439 -0.852677 0
    outer loop
      vertex 72.7736 1.42561 3
      vertex 72.5595 1.29443 0
      vertex 72.7736 1.42561 0
    endloop
  endfacet
  facet normal -0.852611 0.522546 0
    outer loop
      vertex 74.7944 -0.940456 0
      vertex 74.9256 -0.726384 3
      vertex 74.9256 -0.726384 0
    endloop
  endfacet
  facet normal -0.852611 0.522546 0
    outer loop
      vertex 74.9256 -0.726384 3
      vertex 74.7944 -0.940456 0
      vertex 74.7944 -0.940456 3
    endloop
  endfacet
  facet normal -0.852611 -0.522546 0
    outer loop
      vertex 74.9256 0.726384 0
      vertex 74.7944 0.940456 3
      vertex 74.7944 0.940456 0
    endloop
  endfacet
  facet normal -0.852611 -0.522546 0
    outer loop
      vertex 74.7944 0.940456 3
      vertex 74.9256 0.726384 0
      vertex 74.9256 0.726384 3
    endloop
  endfacet
  facet normal -0.97238 -0.233404 0
    outer loop
      vertex 75.0803 0.250295 0
      vertex 75.0217 0.494427 3
      vertex 75.0217 0.494427 0
    endloop
  endfacet
  facet normal -0.97238 -0.233404 0
    outer loop
      vertex 75.0217 0.494427 3
      vertex 75.0803 0.250295 0
      vertex 75.0803 0.250295 3
    endloop
  endfacet
  facet normal -0.760516 -0.649319 0
    outer loop
      vertex 74.7944 0.940456 0
      vertex 74.6314 1.13137 3
      vertex 74.6314 1.13137 0
    endloop
  endfacet
  facet normal -0.760516 -0.649319 0
    outer loop
      vertex 74.6314 1.13137 3
      vertex 74.7944 0.940456 0
      vertex 74.7944 0.940456 3
    endloop
  endfacet
  facet normal -0.382624 -0.923904 0
    outer loop
      vertex 73.9944 1.52169 0
      vertex 74.2264 1.42561 3
      vertex 73.9944 1.52169 3
    endloop
  endfacet
  facet normal -0.382624 -0.923904 -0
    outer loop
      vertex 74.2264 1.42561 3
      vertex 73.9944 1.52169 0
      vertex 74.2264 1.42561 0
    endloop
  endfacet
  facet normal -0.233471 -0.972364 0
    outer loop
      vertex 73.7503 1.5803 0
      vertex 73.9944 1.52169 3
      vertex 73.7503 1.5803 3
    endloop
  endfacet
  facet normal -0.233471 -0.972364 -0
    outer loop
      vertex 73.9944 1.52169 3
      vertex 73.7503 1.5803 0
      vertex 73.9944 1.52169 0
    endloop
  endfacet
  facet normal -0.522439 -0.852677 0
    outer loop
      vertex 74.2264 1.42561 0
      vertex 74.4405 1.29443 3
      vertex 74.2264 1.42561 3
    endloop
  endfacet
  facet normal -0.522439 -0.852677 -0
    outer loop
      vertex 74.4405 1.29443 3
      vertex 74.2264 1.42561 0
      vertex 74.4405 1.29443 0
    endloop
  endfacet
  facet normal 0.923851 -0.382752 0
    outer loop
      vertex 71.9783 0.494427 3
      vertex 72.0744 0.726384 0
      vertex 72.0744 0.726384 3
    endloop
  endfacet
  facet normal 0.923851 -0.382752 0
    outer loop
      vertex 72.0744 0.726384 0
      vertex 71.9783 0.494427 3
      vertex 71.9783 0.494427 0
    endloop
  endfacet
  facet normal 0.852611 -0.522546 0
    outer loop
      vertex 72.0744 0.726384 3
      vertex 72.2056 0.940456 0
      vertex 72.2056 0.940456 3
    endloop
  endfacet
  facet normal 0.852611 -0.522546 0
    outer loop
      vertex 72.2056 0.940456 0
      vertex 72.0744 0.726384 3
      vertex 72.0744 0.726384 0
    endloop
  endfacet
  facet normal 0.97238 -0.233404 0
    outer loop
      vertex 71.9197 0.250295 3
      vertex 71.9783 0.494427 0
      vertex 71.9783 0.494427 3
    endloop
  endfacet
  facet normal 0.97238 -0.233404 0
    outer loop
      vertex 71.9783 0.494427 0
      vertex 71.9197 0.250295 3
      vertex 71.9197 0.250295 0
    endloop
  endfacet
  facet normal 0.649485 -0.760374 0
    outer loop
      vertex 72.3686 1.13137 0
      vertex 72.5595 1.29443 3
      vertex 72.3686 1.13137 3
    endloop
  endfacet
  facet normal 0.649485 -0.760374 0
    outer loop
      vertex 72.5595 1.29443 3
      vertex 72.3686 1.13137 0
      vertex 72.5595 1.29443 0
    endloop
  endfacet
  facet normal 0.233471 -0.972364 0
    outer loop
      vertex 73.0056 1.52169 0
      vertex 73.2497 1.5803 3
      vertex 73.0056 1.52169 3
    endloop
  endfacet
  facet normal 0.233471 -0.972364 0
    outer loop
      vertex 73.2497 1.5803 3
      vertex 73.0056 1.52169 0
      vertex 73.2497 1.5803 0
    endloop
  endfacet
  facet normal 0.923851 0.382752 0
    outer loop
      vertex 72.0744 -0.726384 3
      vertex 71.9783 -0.494427 0
      vertex 71.9783 -0.494427 3
    endloop
  endfacet
  facet normal 0.923851 0.382752 0
    outer loop
      vertex 71.9783 -0.494427 0
      vertex 72.0744 -0.726384 3
      vertex 72.0744 -0.726384 0
    endloop
  endfacet
  facet normal -0.233471 0.972364 0
    outer loop
      vertex 73.9944 -1.52169 0
      vertex 73.7503 -1.5803 3
      vertex 73.9944 -1.52169 3
    endloop
  endfacet
  facet normal -0.233471 0.972364 0
    outer loop
      vertex 73.7503 -1.5803 3
      vertex 73.9944 -1.52169 0
      vertex 73.7503 -1.5803 0
    endloop
  endfacet
  facet normal -0.97238 0.233404 0
    outer loop
      vertex 75.0217 -0.494427 0
      vertex 75.0803 -0.250295 3
      vertex 75.0803 -0.250295 0
    endloop
  endfacet
  facet normal -0.97238 0.233404 0
    outer loop
      vertex 75.0803 -0.250295 3
      vertex 75.0217 -0.494427 0
      vertex 75.0217 -0.494427 3
    endloop
  endfacet
  facet normal -0.923851 -0.382752 0
    outer loop
      vertex 75.0217 0.494427 0
      vertex 74.9256 0.726384 3
      vertex 74.9256 0.726384 0
    endloop
  endfacet
  facet normal -0.923851 -0.382752 0
    outer loop
      vertex 74.9256 0.726384 3
      vertex 75.0217 0.494427 0
      vertex 75.0217 0.494427 3
    endloop
  endfacet
  facet normal -0.0784629 -0.996917 0
    outer loop
      vertex 73.5 1.6 0
      vertex 73.7503 1.5803 3
      vertex 73.5 1.6 3
    endloop
  endfacet
  facet normal -0.0784629 -0.996917 -0
    outer loop
      vertex 73.7503 1.5803 3
      vertex 73.5 1.6 0
      vertex 73.7503 1.5803 0
    endloop
  endfacet
  facet normal 0.382624 -0.923904 0
    outer loop
      vertex 72.7736 1.42561 0
      vertex 73.0056 1.52169 3
      vertex 72.7736 1.42561 3
    endloop
  endfacet
  facet normal 0.382624 -0.923904 0
    outer loop
      vertex 73.0056 1.52169 3
      vertex 72.7736 1.42561 0
      vertex 73.0056 1.52169 0
    endloop
  endfacet
  facet normal -0.996917 0.0784645 0
    outer loop
      vertex 75.0803 -0.250295 0
      vertex 75.1 0 3
      vertex 75.1 0 0
    endloop
  endfacet
  facet normal -0.996917 0.0784645 0
    outer loop
      vertex 75.1 0 3
      vertex 75.0803 -0.250295 0
      vertex 75.0803 -0.250295 3
    endloop
  endfacet
  facet normal -0.649485 0.760374 0
    outer loop
      vertex 74.6314 -1.13137 0
      vertex 74.4405 -1.29443 3
      vertex 74.6314 -1.13137 3
    endloop
  endfacet
  facet normal -0.649485 0.760374 0
    outer loop
      vertex 74.4405 -1.29443 3
      vertex 74.6314 -1.13137 0
      vertex 74.4405 -1.29443 0
    endloop
  endfacet
  facet normal -0.923851 0.382752 0
    outer loop
      vertex 74.9256 -0.726384 0
      vertex 75.0217 -0.494427 3
      vertex 75.0217 -0.494427 0
    endloop
  endfacet
  facet normal -0.923851 0.382752 0
    outer loop
      vertex 75.0217 -0.494427 3
      vertex 74.9256 -0.726384 0
      vertex 74.9256 -0.726384 3
    endloop
  endfacet
  facet normal 0.233471 0.972364 -0
    outer loop
      vertex 73.2497 -1.5803 0
      vertex 73.0056 -1.52169 3
      vertex 73.2497 -1.5803 3
    endloop
  endfacet
  facet normal 0.233471 0.972364 0
    outer loop
      vertex 73.0056 -1.52169 3
      vertex 73.2497 -1.5803 0
      vertex 73.0056 -1.52169 0
    endloop
  endfacet
  facet normal -0.522439 0.852677 0
    outer loop
      vertex 74.4405 -1.29443 0
      vertex 74.2264 -1.42561 3
      vertex 74.4405 -1.29443 3
    endloop
  endfacet
  facet normal -0.522439 0.852677 0
    outer loop
      vertex 74.2264 -1.42561 3
      vertex 74.4405 -1.29443 0
      vertex 74.2264 -1.42561 0
    endloop
  endfacet
  facet normal -0.382624 0.923904 0
    outer loop
      vertex 74.2264 -1.42561 0
      vertex 73.9944 -1.52169 3
      vertex 74.2264 -1.42561 3
    endloop
  endfacet
  facet normal -0.382624 0.923904 0
    outer loop
      vertex 73.9944 -1.52169 3
      vertex 74.2264 -1.42561 0
      vertex 73.9944 -1.52169 0
    endloop
  endfacet
  facet normal -0.760516 0.649319 0
    outer loop
      vertex 74.6314 -1.13137 0
      vertex 74.7944 -0.940456 3
      vertex 74.7944 -0.940456 0
    endloop
  endfacet
  facet normal -0.760516 0.649319 0
    outer loop
      vertex 74.7944 -0.940456 3
      vertex 74.6314 -1.13137 0
      vertex 74.6314 -1.13137 3
    endloop
  endfacet
  facet normal 0.522439 0.852677 -0
    outer loop
      vertex 72.7736 -1.42561 0
      vertex 72.5595 -1.29443 3
      vertex 72.7736 -1.42561 3
    endloop
  endfacet
  facet normal 0.522439 0.852677 0
    outer loop
      vertex 72.5595 -1.29443 3
      vertex 72.7736 -1.42561 0
      vertex 72.5595 -1.29443 0
    endloop
  endfacet
  facet normal 0.0784629 0.996917 -0
    outer loop
      vertex 73.5 -1.6 0
      vertex 73.2497 -1.5803 3
      vertex 73.5 -1.6 3
    endloop
  endfacet
  facet normal 0.0784629 0.996917 0
    outer loop
      vertex 73.2497 -1.5803 3
      vertex 73.5 -1.6 0
      vertex 73.2497 -1.5803 0
    endloop
  endfacet
  facet normal 0.760516 0.649319 0
    outer loop
      vertex 72.3686 -1.13137 3
      vertex 72.2056 -0.940456 0
      vertex 72.2056 -0.940456 3
    endloop
  endfacet
  facet normal 0.760516 0.649319 0
    outer loop
      vertex 72.2056 -0.940456 0
      vertex 72.3686 -1.13137 3
      vertex 72.3686 -1.13137 0
    endloop
  endfacet
  facet normal 0.649485 0.760374 -0
    outer loop
      vertex 72.5595 -1.29443 0
      vertex 72.3686 -1.13137 3
      vertex 72.5595 -1.29443 3
    endloop
  endfacet
  facet normal 0.649485 0.760374 0
    outer loop
      vertex 72.3686 -1.13137 3
      vertex 72.5595 -1.29443 0
      vertex 72.3686 -1.13137 0
    endloop
  endfacet
  facet normal 0.97238 0.233404 0
    outer loop
      vertex 71.9783 -0.494427 3
      vertex 71.9197 -0.250295 0
      vertex 71.9197 -0.250295 3
    endloop
  endfacet
  facet normal 0.97238 0.233404 0
    outer loop
      vertex 71.9197 -0.250295 0
      vertex 71.9783 -0.494427 3
      vertex 71.9783 -0.494427 0
    endloop
  endfacet
  facet normal 0.996917 0.0784645 0
    outer loop
      vertex 71.9197 -0.250295 3
      vertex 71.9 0 0
      vertex 71.9 0 3
    endloop
  endfacet
  facet normal 0.996917 0.0784645 0
    outer loop
      vertex 71.9 0 0
      vertex 71.9197 -0.250295 3
      vertex 71.9197 -0.250295 0
    endloop
  endfacet
  facet normal 0.382624 0.923904 -0
    outer loop
      vertex 73.0056 -1.52169 0
      vertex 72.7736 -1.42561 3
      vertex 73.0056 -1.52169 3
    endloop
  endfacet
  facet normal 0.382624 0.923904 0
    outer loop
      vertex 72.7736 -1.42561 3
      vertex 73.0056 -1.52169 0
      vertex 72.7736 -1.42561 0
    endloop
  endfacet
  facet normal 0.852611 0.522546 0
    outer loop
      vertex 72.2056 -0.940456 3
      vertex 72.0744 -0.726384 0
      vertex 72.0744 -0.726384 3
    endloop
  endfacet
  facet normal 0.852611 0.522546 0
    outer loop
      vertex 72.0744 -0.726384 0
      vertex 72.2056 -0.940456 3
      vertex 72.2056 -0.940456 0
    endloop
  endfacet
  facet normal -1 0 0
    outer loop
      vertex -81.5 -31 0
      vertex -81.5 31 3
      vertex -81.5 31 0
    endloop
  endfacet
  facet normal -1 -0 0
    outer loop
      vertex -81.5 31 3
      vertex -81.5 -31 0
      vertex -81.5 -31 3
    endloop
  endfacet
  facet normal 0 0 1
    outer loop
      vertex -5.7236 7.98303 3
      vertex -5.7236 -1.98303 3
      vertex 37.4627 3 3
    endloop
  endfacet
  facet normal -0 0 1
    outer loop
      vertex -5.77248 7.86502 3
      vertex -5.7236 -1.98303 3
      vertex -5.7236 7.98303 3
    endloop
  endfacet
  facet normal 0 0 1
    outer loop
      vertex -5.77248 7.86502 3
      vertex -5.77248 -1.86502 3
      vertex -5.7236 -1.98303 3
    endloop
  endfacet
  facet normal -0 0 1
    outer loop
      vertex -5.97746 7.53054 3
      vertex -5.77248 -1.86502 3
      vertex -5.77248 7.86502 3
    endloop
  endfacet
  facet normal 0 0 1
    outer loop
      vertex -5.97746 7.53054 3
      vertex -5.97746 -1.53054 3
      vertex -5.77248 -1.86502 3
    endloop
  endfacet
  facet normal -0 0 1
    outer loop
      vertex -6.23223 7.23223 3
      vertex -5.97746 -1.53054 3
      vertex -5.97746 7.53054 3
    endloop
  endfacet
  facet normal 0 0 1
    outer loop
      vertex -6.23223 7.23223 3
      vertex -6.23223 -1.23223 3
      vertex -5.97746 -1.53054 3
    endloop
  endfacet
  facet normal -0 0 1
    outer loop
      vertex -6.53054 6.97746 3
      vertex -6.23223 -1.23223 3
      vertex -6.23223 7.23223 3
    endloop
  endfacet
  facet normal 0 0 1
    outer loop
      vertex -6.53054 6.97746 3
      vertex -6.53054 -0.977457 3
      vertex -6.23223 -1.23223 3
    endloop
  endfacet
  facet normal -0 0 1
    outer loop
      vertex -6.86502 6.77248 3
      vertex -6.53054 -0.977457 3
      vertex -6.53054 6.97746 3
    endloop
  endfacet
  facet normal 0 0 1
    outer loop
      vertex -6.86502 6.77248 3
      vertex -6.86502 -0.772483 3
      vertex -6.53054 -0.977457 3
    endloop
  endfacet
  facet normal -0 0 1
    outer loop
      vertex -7.22746 6.62236 3
      vertex -6.86502 -0.772483 3
      vertex -6.86502 6.77248 3
    endloop
  endfacet
  facet normal 0 0 1
    outer loop
      vertex -7.22746 6.62236 3
      vertex -7.22746 -0.622358 3
      vertex -6.86502 -0.772483 3
    endloop
  endfacet
  facet normal -0 0 1
    outer loop
      vertex -7.60891 6.53078 3
      vertex -7.22746 -0.622358 3
      vertex -7.22746 6.62236 3
    endloop
  endfacet
  facet normal 0 0 1
    outer loop
      vertex -7.60891 6.53078 3
      vertex -7.60891 -0.530779 3
      vertex -7.22746 -0.622358 3
    endloop
  endfacet
  facet normal -0 0 1
    outer loop
      vertex -8 6.5 3
      vertex -7.60891 -0.530779 3
      vertex -7.60891 6.53078 3
    endloop
  endfacet
  facet normal 0 0 1
    outer loop
      vertex -8 6.5 3
      vertex -8 -0.5 3
      vertex -7.60891 -0.530779 3
    endloop
  endfacet
  facet normal 0 0 1
    outer loop
      vertex -8.39109 6.53078 3
      vertex -8 -0.5 3
      vertex -8 6.5 3
    endloop
  endfacet
  facet normal 0 0 1
    outer loop
      vertex -8.39109 6.53078 3
      vertex -8.39109 -0.530779 3
      vertex -8 -0.5 3
    endloop
  endfacet
  facet normal 0 0 1
    outer loop
      vertex -8.77254 6.62236 3
      vertex -8.39109 -0.530779 3
      vertex -8.39109 6.53078 3
    endloop
  endfacet
  facet normal 0 0 1
    outer loop
      vertex -8.77254 6.62236 3
      vertex -8.77254 -0.622358 3
      vertex -8.39109 -0.530779 3
    endloop
  endfacet
  facet normal 0 0 1
    outer loop
      vertex -9.13498 6.77248 3
      vertex -8.77254 -0.622358 3
      vertex -8.77254 6.62236 3
    endloop
  endfacet
  facet normal 0 0 1
    outer loop
      vertex -9.13498 6.77248 3
      vertex -9.13498 -0.772483 3
      vertex -8.77254 -0.622358 3
    endloop
  endfacet
  facet normal 0 0 1
    outer loop
      vertex -9.46946 6.97746 3
      vertex -9.13498 -0.772483 3
      vertex -9.13498 6.77248 3
    endloop
  endfacet
  facet normal 0 0 1
    outer loop
      vertex -9.46946 6.97746 3
      vertex -9.46946 -0.977457 3
      vertex -9.13498 -0.772483 3
    endloop
  endfacet
  facet normal 0 0 1
    outer loop
      vertex -9.76777 7.23223 3
      vertex -9.46946 -0.977457 3
      vertex -9.46946 6.97746 3
    endloop
  endfacet
  facet normal 0 0 1
    outer loop
      vertex -9.76777 7.23223 3
      vertex -9.76777 -1.23223 3
      vertex -9.46946 -0.977457 3
    endloop
  endfacet
  facet normal 0 0 1
    outer loop
      vertex -10.0225 7.53054 3
      vertex -9.76777 -1.23223 3
      vertex -9.76777 7.23223 3
    endloop
  endfacet
  facet normal 0 0 1
    outer loop
      vertex -10.0225 7.53054 3
      vertex -10.0225 -1.53054 3
      vertex -9.76777 -1.23223 3
    endloop
  endfacet
  facet normal 0 0 1
    outer loop
      vertex -10.0225 7.53054 3
      vertex -10.2098 -1.83612 3
      vertex -10.0225 -1.53054 3
    endloop
  endfacet
  facet normal 0 0 1
    outer loop
      vertex -10.2275 7.86502 3
      vertex -10.2098 -1.83612 3
      vertex -10.0225 7.53054 3
    endloop
  endfacet
  facet normal 0 0 1
    outer loop
      vertex -10.2998 8.0395 3
      vertex -10.2098 -1.83612 3
      vertex -10.2275 7.86502 3
    endloop
  endfacet
  facet normal 0 0 1
    outer loop
      vertex -10.2098 -1.83612 3
      vertex -10.2998 8.0395 3
      vertex -46.4504 4.75308 3
    endloop
  endfacet
  facet normal 0 0 1
    outer loop
      vertex -5.75945 -4.10352 3
      vertex -5.68673 -14.0721 3
      vertex 37.4618 -10.7529 3
    endloop
  endfacet
  facet normal -0 0 1
    outer loop
      vertex -5.77248 -4.13498 3
      vertex -5.68673 -14.0721 3
      vertex -5.75945 -4.10352 3
    endloop
  endfacet
  facet normal 0 0 1
    outer loop
      vertex -5.77248 -4.13498 3
      vertex -5.77248 -13.865 3
      vertex -5.68673 -14.0721 3
    endloop
  endfacet
  facet normal -0 0 1
    outer loop
      vertex -5.97746 -4.46946 3
      vertex -5.77248 -13.865 3
      vertex -5.77248 -4.13498 3
    endloop
  endfacet
  facet normal 0 0 1
    outer loop
      vertex -5.97746 -4.46946 3
      vertex -5.97746 -13.5305 3
      vertex -5.77248 -13.865 3
    endloop
  endfacet
  facet normal -0 0 1
    outer loop
      vertex -6.23223 -4.76777 3
      vertex -5.97746 -13.5305 3
      vertex -5.97746 -4.46946 3
    endloop
  endfacet
  facet normal 0 0 1
    outer loop
      vertex -6.23223 -4.76777 3
      vertex -6.23223 -13.2322 3
      vertex -5.97746 -13.5305 3
    endloop
  endfacet
  facet normal -0 0 1
    outer loop
      vertex -6.53054 -5.02254 3
      vertex -6.23223 -13.2322 3
      vertex -6.23223 -4.76777 3
    endloop
  endfacet
  facet normal 0 0 1
    outer loop
      vertex -6.53054 -5.02254 3
      vertex -6.53054 -12.9775 3
      vertex -6.23223 -13.2322 3
    endloop
  endfacet
  facet normal -0 0 1
    outer loop
      vertex -6.86502 -5.22752 3
      vertex -6.53054 -12.9775 3
      vertex -6.53054 -5.02254 3
    endloop
  endfacet
  facet normal 0 0 1
    outer loop
      vertex -6.86502 -5.22752 3
      vertex -6.86502 -12.7725 3
      vertex -6.53054 -12.9775 3
    endloop
  endfacet
  facet normal -0 0 1
    outer loop
      vertex -7.22746 -5.37764 3
      vertex -6.86502 -12.7725 3
      vertex -6.86502 -5.22752 3
    endloop
  endfacet
  facet normal 0 0 1
    outer loop
      vertex -7.22746 -5.37764 3
      vertex -7.22746 -12.6224 3
      vertex -6.86502 -12.7725 3
    endloop
  endfacet
  facet normal -0 0 1
    outer loop
      vertex -7.60891 -5.46922 3
      vertex -7.22746 -12.6224 3
      vertex -7.22746 -5.37764 3
    endloop
  endfacet
  facet normal 0 0 1
    outer loop
      vertex -7.60891 -5.46922 3
      vertex -7.60891 -12.5308 3
      vertex -7.22746 -12.6224 3
    endloop
  endfacet
  facet normal -0 0 1
    outer loop
      vertex -8 -5.5 3
      vertex -7.60891 -12.5308 3
      vertex -7.60891 -5.46922 3
    endloop
  endfacet
  facet normal 0 0 1
    outer loop
      vertex -8 -5.5 3
      vertex -8 -12.5 3
      vertex -7.60891 -12.5308 3
    endloop
  endfacet
  facet normal 0 0 1
    outer loop
      vertex -8.39109 -5.46922 3
      vertex -8 -12.5 3
      vertex -8 -5.5 3
    endloop
  endfacet
  facet normal 0 0 1
    outer loop
      vertex -8.39109 -5.46922 3
      vertex -8.39109 -12.5308 3
      vertex -8 -12.5 3
    endloop
  endfacet
  facet normal 0 0 1
    outer loop
      vertex -8.77254 -5.37764 3
      vertex -8.39109 -12.5308 3
      vertex -8.39109 -5.46922 3
    endloop
  endfacet
  facet normal 0 0 1
    outer loop
      vertex -8.77254 -5.37764 3
      vertex -8.77254 -12.6224 3
      vertex -8.39109 -12.5308 3
    endloop
  endfacet
  facet normal 0 0 1
    outer loop
      vertex -9.13498 -5.22752 3
      vertex -8.77254 -12.6224 3
      vertex -8.77254 -5.37764 3
    endloop
  endfacet
  facet normal 0 0 1
    outer loop
      vertex -9.13498 -5.22752 3
      vertex -9.13498 -12.7725 3
      vertex -8.77254 -12.6224 3
    endloop
  endfacet
  facet normal 0 0 1
    outer loop
      vertex -9.46946 -5.02254 3
      vertex -9.13498 -12.7725 3
      vertex -9.13498 -5.22752 3
    endloop
  endfacet
  facet normal 0 0 1
    outer loop
      vertex -9.46946 -5.02254 3
      vertex -9.46946 -12.9775 3
      vertex -9.13498 -12.7725 3
    endloop
  endfacet
  facet normal 0 0 1
    outer loop
      vertex -9.76777 -4.76777 3
      vertex -9.46946 -12.9775 3
      vertex -9.46946 -5.02254 3
    endloop
  endfacet
  facet normal 0 0 1
    outer loop
      vertex -9.76777 -4.76777 3
      vertex -9.76777 -13.2322 3
      vertex -9.46946 -12.9775 3
    endloop
  endfacet
  facet normal 0 0 1
    outer loop
      vertex -10.0225 -4.46946 3
      vertex -9.76777 -13.2322 3
      vertex -9.76777 -4.76777 3
    endloop
  endfacet
  facet normal 0 0 1
    outer loop
      vertex -10.0225 -4.46946 3
      vertex -10.0225 -13.5305 3
      vertex -9.76777 -13.2322 3
    endloop
  endfacet
  facet normal 0 0 1
    outer loop
      vertex -10.0225 -4.46946 3
      vertex -10.2098 -13.8361 3
      vertex -10.0225 -13.5305 3
    endloop
  endfacet
  facet normal 0 0 1
    outer loop
      vertex -10.2275 -4.13498 3
      vertex -10.2098 -13.8361 3
      vertex -10.0225 -4.46946 3
    endloop
  endfacet
  facet normal 0 0 1
    outer loop
      vertex -10.2998 -3.9605 3
      vertex -10.2098 -13.8361 3
      vertex -10.2275 -4.13498 3
    endloop
  endfacet
  facet normal 0 0 1
    outer loop
      vertex -10.2098 -13.8361 3
      vertex -10.2998 -3.9605 3
      vertex -46.4504 -7.24692 3
    endloop
  endfacet
  facet normal 0 0 1
    outer loop
      vertex -5.75945 -16.1035 3
      vertex -5.65045 -24.1596 3
      vertex 36.1542 -22.5518 3
    endloop
  endfacet
  facet normal 0 0 1
    outer loop
      vertex -5.77248 -23.865 3
      vertex -5.75945 -16.1035 3
      vertex -5.77248 -16.135 3
    endloop
  endfacet
  facet normal 0 0 1
    outer loop
      vertex -5.75945 -16.1035 3
      vertex -5.77248 -23.865 3
      vertex -5.65045 -24.1596 3
    endloop
  endfacet
  facet normal -0 0 1
    outer loop
      vertex -5.97746 -16.4695 3
      vertex -5.77248 -23.865 3
      vertex -5.77248 -16.135 3
    endloop
  endfacet
  facet normal 0 0 1
    outer loop
      vertex -5.97746 -16.4695 3
      vertex -5.97746 -23.5305 3
      vertex -5.77248 -23.865 3
    endloop
  endfacet
  facet normal -0 0 1
    outer loop
      vertex -6.23223 -16.7678 3
      vertex -5.97746 -23.5305 3
      vertex -5.97746 -16.4695 3
    endloop
  endfacet
  facet normal 0 0 1
    outer loop
      vertex -6.23223 -16.7678 3
      vertex -6.23223 -23.2322 3
      vertex -5.97746 -23.5305 3
    endloop
  endfacet
  facet normal -0 0 1
    outer loop
      vertex -6.53054 -17.0225 3
      vertex -6.23223 -23.2322 3
      vertex -6.23223 -16.7678 3
    endloop
  endfacet
  facet normal 0 0 1
    outer loop
      vertex -6.53054 -17.0225 3
      vertex -6.53054 -22.9775 3
      vertex -6.23223 -23.2322 3
    endloop
  endfacet
  facet normal -0 0 1
    outer loop
      vertex -6.86502 -17.2275 3
      vertex -6.53054 -22.9775 3
      vertex -6.53054 -17.0225 3
    endloop
  endfacet
  facet normal 0 0 1
    outer loop
      vertex -6.86502 -17.2275 3
      vertex -6.86502 -22.7725 3
      vertex -6.53054 -22.9775 3
    endloop
  endfacet
  facet normal -0 0 1
    outer loop
      vertex -7.22746 -17.3776 3
      vertex -6.86502 -22.7725 3
      vertex -6.86502 -17.2275 3
    endloop
  endfacet
  facet normal 0 0 1
    outer loop
      vertex -7.22746 -17.3776 3
      vertex -7.22746 -22.6224 3
      vertex -6.86502 -22.7725 3
    endloop
  endfacet
  facet normal -0 0 1
    outer loop
      vertex -7.60891 -17.4692 3
      vertex -7.22746 -22.6224 3
      vertex -7.22746 -17.3776 3
    endloop
  endfacet
  facet normal 0 0 1
    outer loop
      vertex -7.60891 -17.4692 3
      vertex -7.60891 -22.5308 3
      vertex -7.22746 -22.6224 3
    endloop
  endfacet
  facet normal -0 0 1
    outer loop
      vertex -8 -17.5 3
      vertex -7.60891 -22.5308 3
      vertex -7.60891 -17.4692 3
    endloop
  endfacet
  facet normal 0 0 1
    outer loop
      vertex -8 -17.5 3
      vertex -8 -22.5 3
      vertex -7.60891 -22.5308 3
    endloop
  endfacet
  facet normal 0 0 1
    outer loop
      vertex -8.39109 -17.4692 3
      vertex -8 -22.5 3
      vertex -8 -17.5 3
    endloop
  endfacet
  facet normal 0 0 1
    outer loop
      vertex -8.39109 -17.4692 3
      vertex -8.39109 -22.5308 3
      vertex -8 -22.5 3
    endloop
  endfacet
  facet normal 0 0 1
    outer loop
      vertex -8.77254 -17.3776 3
      vertex -8.39109 -22.5308 3
      vertex -8.39109 -17.4692 3
    endloop
  endfacet
  facet normal 0 0 1
    outer loop
      vertex -8.77254 -17.3776 3
      vertex -8.77254 -22.6224 3
      vertex -8.39109 -22.5308 3
    endloop
  endfacet
  facet normal 0 0 1
    outer loop
      vertex -9.13498 -17.2275 3
      vertex -8.77254 -22.6224 3
      vertex -8.77254 -17.3776 3
    endloop
  endfacet
  facet normal 0 0 1
    outer loop
      vertex -9.13498 -17.2275 3
      vertex -9.13498 -22.7725 3
      vertex -8.77254 -22.6224 3
    endloop
  endfacet
  facet normal 0 0 1
    outer loop
      vertex -9.46946 -17.0225 3
      vertex -9.13498 -22.7725 3
      vertex -9.13498 -17.2275 3
    endloop
  endfacet
  facet normal 0 0 1
    outer loop
      vertex -9.46946 -17.0225 3
      vertex -9.46946 -22.9775 3
      vertex -9.13498 -22.7725 3
    endloop
  endfacet
  facet normal 0 0 1
    outer loop
      vertex -9.76777 -16.7678 3
      vertex -9.46946 -22.9775 3
      vertex -9.46946 -17.0225 3
    endloop
  endfacet
  facet normal 0 0 1
    outer loop
      vertex -9.76777 -16.7678 3
      vertex -9.76777 -23.2322 3
      vertex -9.46946 -22.9775 3
    endloop
  endfacet
  facet normal 0 0 1
    outer loop
      vertex -10.0225 -16.4695 3
      vertex -9.76777 -23.2322 3
      vertex -9.76777 -16.7678 3
    endloop
  endfacet
  facet normal 0 0 1
    outer loop
      vertex -10.0225 -16.4695 3
      vertex -10.0225 -23.5305 3
      vertex -9.76777 -23.2322 3
    endloop
  endfacet
  facet normal 0 0 1
    outer loop
      vertex -10.2275 -16.135 3
      vertex -10.0225 -23.5305 3
      vertex -10.0225 -16.4695 3
    endloop
  endfacet
  facet normal 0 0 1
    outer loop
      vertex -10.2275 -16.135 3
      vertex -10.2275 -23.865 3
      vertex -10.0225 -23.5305 3
    endloop
  endfacet
  facet normal 0 0 1
    outer loop
      vertex -10.2275 -16.135 3
      vertex -10.2567 -23.9355 3
      vertex -10.2275 -23.865 3
    endloop
  endfacet
  facet normal 0 0 1
    outer loop
      vertex -10.2998 -15.9605 3
      vertex -10.2567 -23.9355 3
      vertex -10.2275 -16.135 3
    endloop
  endfacet
  facet normal 0 0 1
    outer loop
      vertex -10.2567 -23.9355 3
      vertex -10.2998 -15.9605 3
      vertex -45.3639 -19.1482 3
    endloop
  endfacet
  facet normal 0 0 1
    outer loop
      vertex 6.26418 22.9808 3
      vertex 7.06349 21.7692 3
      vertex 7.05092 21.9828 3
    endloop
  endfacet
  facet normal 0 0 1
    outer loop
      vertex 7.06349 21.7692 3
      vertex 6.05782 23.0489 3
      vertex 7.05106 21.5481 3
    endloop
  endfacet
  facet normal 0 0 1
    outer loop
      vertex 6.44839 22.8933 3
      vertex 7.05092 21.9828 3
      vertex 7.01315 22.1788 3
    endloop
  endfacet
  facet normal 0 0 1
    outer loop
      vertex 7.06349 21.7692 3
      vertex 6.26418 22.9808 3
      vertex 6.05782 23.0489 3
    endloop
  endfacet
  facet normal 0 0 1
    outer loop
      vertex 6.61046 22.7864 3
      vertex 7.01315 22.1788 3
      vertex 6.95024 22.3571 3
    endloop
  endfacet
  facet normal 0 -0 1
    outer loop
      vertex 6.27625 20.4853 3
      vertex 7.05106 21.5481 3
      vertex 6.05782 23.0489 3
    endloop
  endfacet
  facet normal 0 0 1
    outer loop
      vertex 6.61046 22.7864 3
      vertex 6.95024 22.3571 3
      vertex 6.86214 22.5179 3
    endloop
  endfacet
  facet normal 0 0 1
    outer loop
      vertex 7.05092 21.9828 3
      vertex 6.44839 22.8933 3
      vertex 6.26418 22.9808 3
    endloop
  endfacet
  facet normal 0 0 1
    outer loop
      vertex 6.61046 22.7864 3
      vertex 6.86214 22.5179 3
      vertex 6.74889 22.6609 3
    endloop
  endfacet
  facet normal 0 0 1
    outer loop
      vertex 7.01315 22.1788 3
      vertex 6.61046 22.7864 3
      vertex 6.44839 22.8933 3
    endloop
  endfacet
  facet normal 0 0 1
    outer loop
      vertex 7.05106 21.5481 3
      vertex 6.27625 20.4853 3
      vertex 7.01376 21.344 3
    endloop
  endfacet
  facet normal 0 0 1
    outer loop
      vertex 6.9516 21.1569 3
      vertex 6.45639 20.5809 3
      vertex 6.86456 20.9868 3
    endloop
  endfacet
  facet normal 0 0 1
    outer loop
      vertex 6.86456 20.9868 3
      vertex 6.61589 20.6978 3
      vertex 6.75266 20.8338 3
    endloop
  endfacet
  facet normal 0 0 1
    outer loop
      vertex 6.86456 20.9868 3
      vertex 6.45639 20.5809 3
      vertex 6.61589 20.6978 3
    endloop
  endfacet
  facet normal 0 0 1
    outer loop
      vertex 7.01376 21.344 3
      vertex 6.45639 20.5809 3
      vertex 6.9516 21.1569 3
    endloop
  endfacet
  facet normal 0 -0 1
    outer loop
      vertex 6.45639 20.5809 3
      vertex 7.01376 21.344 3
      vertex 6.27625 20.4853 3
    endloop
  endfacet
  facet normal 0 0 1
    outer loop
      vertex 6.27625 20.4853 3
      vertex 6.05782 23.0489 3
      vertex 6.07545 20.4109 3
    endloop
  endfacet
  facet normal 0 0 1
    outer loop
      vertex 5.8293 23.0975 3
      vertex 6.07545 20.4109 3
      vertex 6.05782 23.0489 3
    endloop
  endfacet
  facet normal 0 0 1
    outer loop
      vertex 6.07545 20.4109 3
      vertex 5.8293 23.0975 3
      vertex 5.854 20.3578 3
    endloop
  endfacet
  facet normal 0 0 1
    outer loop
      vertex 5.8293 23.0975 3
      vertex 5.61192 20.3259 3
      vertex 5.854 20.3578 3
    endloop
  endfacet
  facet normal 0 0 1
    outer loop
      vertex 5.57863 23.1266 3
      vertex 5.61192 20.3259 3
      vertex 5.8293 23.0975 3
    endloop
  endfacet
  facet normal 0 0 1
    outer loop
      vertex 5.57863 23.1266 3
      vertex 5.34918 20.3153 3
      vertex 5.61192 20.3259 3
    endloop
  endfacet
  facet normal 0 0 1
    outer loop
      vertex 5.30582 23.1363 3
      vertex 5.34918 20.3153 3
      vertex 5.57863 23.1266 3
    endloop
  endfacet
  facet normal 0 0 1
    outer loop
      vertex 2.8483 20.3153 3
      vertex 5.30582 23.1363 3
      vertex 2.8483 23.1363 3
    endloop
  endfacet
  facet normal 0 0 1
    outer loop
      vertex 5.30582 23.1363 3
      vertex 2.8483 20.3153 3
      vertex 5.34918 20.3153 3
    endloop
  endfacet
  facet normal 0 0 1
    outer loop
      vertex 12.0025 21.8777 3
      vertex 12.9031 21.8886 3
      vertex 12.8525 22.0161 3
    endloop
  endfacet
  facet normal -0 0 1
    outer loop
      vertex 12.404 23.0332 3
      vertex 12.5993 22.7348 3
      vertex 12.4529 23.1851 3
    endloop
  endfacet
  facet normal -0 0 1
    outer loop
      vertex 12.3552 22.8761 3
      vertex 12.5993 22.7348 3
      vertex 12.404 23.0332 3
    endloop
  endfacet
  facet normal 0 0 1
    outer loop
      vertex 12.2991 22.7047 3
      vertex 12.5993 22.7348 3
      vertex 12.3552 22.8761 3
    endloop
  endfacet
  facet normal 0 0 1
    outer loop
      vertex 12.5993 22.7348 3
      vertex 12.2991 22.7047 3
      vertex 12.65 22.5802 3
    endloop
  endfacet
  facet normal 0 0 1
    outer loop
      vertex 12.2358 22.5192 3
      vertex 12.65 22.5802 3
      vertex 12.2991 22.7047 3
    endloop
  endfacet
  facet normal 0 0 1
    outer loop
      vertex 12.65 22.5802 3
      vertex 12.2358 22.5192 3
      vertex 12.7006 22.431 3
    endloop
  endfacet
  facet normal 0 0 1
    outer loop
      vertex 12.1653 22.3195 3
      vertex 12.7006 22.431 3
      vertex 12.2358 22.5192 3
    endloop
  endfacet
  facet normal 0 0 1
    outer loop
      vertex 12.7006 22.431 3
      vertex 12.1653 22.3195 3
      vertex 12.7512 22.2873 3
    endloop
  endfacet
  facet normal 0 0 1
    outer loop
      vertex 12.7512 22.2873 3
      vertex 12.1653 22.3195 3
      vertex 12.8018 22.149 3
    endloop
  endfacet
  facet normal 0 0 1
    outer loop
      vertex 12.0875 22.1057 3
      vertex 12.8018 22.149 3
      vertex 12.1653 22.3195 3
    endloop
  endfacet
  facet normal 0 0 1
    outer loop
      vertex 12.8018 22.149 3
      vertex 12.0875 22.1057 3
      vertex 12.8525 22.0161 3
    endloop
  endfacet
  facet normal 0 0 1
    outer loop
      vertex 12.0025 21.8777 3
      vertex 12.8525 22.0161 3
      vertex 12.0875 22.1057 3
    endloop
  endfacet
  facet normal 0 0 1
    outer loop
      vertex 12.9031 21.8886 3
      vertex 12.0025 21.8777 3
      vertex 13.885 19.366 3
    endloop
  endfacet
  facet normal 0 0 1
    outer loop
      vertex 13.885 19.366 3
      vertex 12.0025 21.8777 3
      vertex 11.0261 19.366 3
    endloop
  endfacet
  facet normal 0 0 1
    outer loop
      vertex -16.1388 16.3225 3
      vertex -20.2021 22.3063 3
      vertex -20.175 21.4003 3
    endloop
  endfacet
  facet normal -0 -0 1
    outer loop
      vertex -20.2021 22.3063 3
      vertex -16.1388 16.3225 3
      vertex -20.2292 22.8325 3
    endloop
  endfacet
  facet normal -0 0 1
    outer loop
      vertex -12.2251 23.12 3
      vertex -7.78745 20.6679 3
      vertex -7.46193 23.12 3
    endloop
  endfacet
  facet normal 0 0 1
    outer loop
      vertex -7.78745 20.6679 3
      vertex -12.2251 23.12 3
      vertex -12.2251 20.6679 3
    endloop
  endfacet
  facet normal 0 0 1
    outer loop
      vertex 72.5595 -1.29443 3
      vertex 46.3776 -11.7725 3
      vertex 72.7736 -1.42561 3
    endloop
  endfacet
  facet normal 0 0 1
    outer loop
      vertex 72.7736 -1.42561 3
      vertex 46.4692 -22.6089 3
      vertex 46.5 -23 3
    endloop
  endfacet
  facet normal 0 0 1
    outer loop
      vertex 46.3776 -22.2275 3
      vertex 72.7736 -1.42561 3
      vertex 46.3776 -11.7725 3
    endloop
  endfacet
  facet normal 0 0 1
    outer loop
      vertex 72.7736 -1.42561 3
      vertex 46.3776 -22.2275 3
      vertex 46.4692 -22.6089 3
    endloop
  endfacet
  facet normal -0 0 1
    outer loop
      vertex 46.2275 -12.135 3
      vertex 46.3776 -22.2275 3
      vertex 46.3776 -11.7725 3
    endloop
  endfacet
  facet normal 0 0 1
    outer loop
      vertex 46.2275 -12.135 3
      vertex 46.2275 -21.865 3
      vertex 46.3776 -22.2275 3
    endloop
  endfacet
  facet normal -0 0 1
    outer loop
      vertex 46.0225 -12.4695 3
      vertex 46.2275 -21.865 3
      vertex 46.2275 -12.135 3
    endloop
  endfacet
  facet normal 0 0 1
    outer loop
      vertex 46.0225 -12.4695 3
      vertex 46.0225 -21.5305 3
      vertex 46.2275 -21.865 3
    endloop
  endfacet
  facet normal -0 0 1
    outer loop
      vertex 45.7678 -12.7678 3
      vertex 46.0225 -21.5305 3
      vertex 46.0225 -12.4695 3
    endloop
  endfacet
  facet normal 0 0 1
    outer loop
      vertex 45.7678 -12.7678 3
      vertex 45.7678 -21.2322 3
      vertex 46.0225 -21.5305 3
    endloop
  endfacet
  facet normal -0 0 1
    outer loop
      vertex 45.4695 -13.0225 3
      vertex 45.7678 -21.2322 3
      vertex 45.7678 -12.7678 3
    endloop
  endfacet
  facet normal 0 0 1
    outer loop
      vertex 45.4695 -13.0225 3
      vertex 45.4695 -20.9775 3
      vertex 45.7678 -21.2322 3
    endloop
  endfacet
  facet normal -0 0 1
    outer loop
      vertex 45.135 -13.2275 3
      vertex 45.4695 -20.9775 3
      vertex 45.4695 -13.0225 3
    endloop
  endfacet
  facet normal 0 0 1
    outer loop
      vertex 45.135 -13.2275 3
      vertex 45.135 -20.7725 3
      vertex 45.4695 -20.9775 3
    endloop
  endfacet
  facet normal -0 0 1
    outer loop
      vertex 44.7725 -13.3776 3
      vertex 45.135 -20.7725 3
      vertex 45.135 -13.2275 3
    endloop
  endfacet
  facet normal 0 0 1
    outer loop
      vertex 44.7725 -13.3776 3
      vertex 44.7725 -20.6224 3
      vertex 45.135 -20.7725 3
    endloop
  endfacet
  facet normal -0 0 1
    outer loop
      vertex 44.3911 -13.4692 3
      vertex 44.7725 -20.6224 3
      vertex 44.7725 -13.3776 3
    endloop
  endfacet
  facet normal 0 0 1
    outer loop
      vertex 44.3911 -13.4692 3
      vertex 44.3911 -20.5308 3
      vertex 44.7725 -20.6224 3
    endloop
  endfacet
  facet normal -0 0 1
    outer loop
      vertex 44 -13.5 3
      vertex 44.3911 -20.5308 3
      vertex 44.3911 -13.4692 3
    endloop
  endfacet
  facet normal 0 0 1
    outer loop
      vertex 44 -13.5 3
      vertex 44 -20.5 3
      vertex 44.3911 -20.5308 3
    endloop
  endfacet
  facet normal 0 0 1
    outer loop
      vertex 43.6089 -13.4692 3
      vertex 44 -20.5 3
      vertex 44 -13.5 3
    endloop
  endfacet
  facet normal 0 0 1
    outer loop
      vertex 43.6089 -13.4692 3
      vertex 43.6089 -20.5308 3
      vertex 44 -20.5 3
    endloop
  endfacet
  facet normal 0 0 1
    outer loop
      vertex 43.2275 -13.3776 3
      vertex 43.6089 -20.5308 3
      vertex 43.6089 -13.4692 3
    endloop
  endfacet
  facet normal 0 0 1
    outer loop
      vertex 43.2275 -13.3776 3
      vertex 43.2275 -20.6224 3
      vertex 43.6089 -20.5308 3
    endloop
  endfacet
  facet normal 0 0 1
    outer loop
      vertex 42.865 -13.2275 3
      vertex 43.2275 -20.6224 3
      vertex 43.2275 -13.3776 3
    endloop
  endfacet
  facet normal 0 0 1
    outer loop
      vertex 42.865 -13.2275 3
      vertex 42.865 -20.7725 3
      vertex 43.2275 -20.6224 3
    endloop
  endfacet
  facet normal 0 0 1
    outer loop
      vertex 42.5305 -13.0225 3
      vertex 42.865 -20.7725 3
      vertex 42.865 -13.2275 3
    endloop
  endfacet
  facet normal 0 0 1
    outer loop
      vertex 42.5305 -13.0225 3
      vertex 42.5305 -20.9775 3
      vertex 42.865 -20.7725 3
    endloop
  endfacet
  facet normal 0 0 1
    outer loop
      vertex 42.2322 -12.7678 3
      vertex 42.5305 -20.9775 3
      vertex 42.5305 -13.0225 3
    endloop
  endfacet
  facet normal 0 0 1
    outer loop
      vertex 42.2322 -12.7678 3
      vertex 42.2322 -21.2322 3
      vertex 42.5305 -20.9775 3
    endloop
  endfacet
  facet normal 0 0 1
    outer loop
      vertex 41.9775 -12.4695 3
      vertex 42.2322 -21.2322 3
      vertex 42.2322 -12.7678 3
    endloop
  endfacet
  facet normal 0 0 1
    outer loop
      vertex 41.9775 -12.4695 3
      vertex 41.9775 -21.5305 3
      vertex 42.2322 -21.2322 3
    endloop
  endfacet
  facet normal 0 0 1
    outer loop
      vertex 41.7725 -12.135 3
      vertex 41.9775 -21.5305 3
      vertex 41.9775 -12.4695 3
    endloop
  endfacet
  facet normal 0 0 1
    outer loop
      vertex 41.7725 -12.135 3
      vertex 41.7725 -21.865 3
      vertex 41.9775 -21.5305 3
    endloop
  endfacet
  facet normal 0 0 1
    outer loop
      vertex 41.7725 -12.135 3
      vertex 41.7595 -21.8965 3
      vertex 41.7725 -21.865 3
    endloop
  endfacet
  facet normal 0 0 1
    outer loop
      vertex 41.6867 -11.9279 3
      vertex 41.7595 -21.8965 3
      vertex 41.7725 -12.135 3
    endloop
  endfacet
  facet normal 0 0 1
    outer loop
      vertex 41.7595 -21.8965 3
      vertex 41.6867 -11.9279 3
      vertex -1.46179 -15.2471 3
    endloop
  endfacet
  facet normal -0 0 1
    outer loop
      vertex 46.2275 1.86502 3
      vertex 71.9197 -0.250295 3
      vertex 46.3776 2.22746 3
    endloop
  endfacet
  facet normal 0 0 1
    outer loop
      vertex 71.9783 -0.494427 3
      vertex 46.4692 -10.6089 3
      vertex 46.5 -11 3
    endloop
  endfacet
  facet normal 0 0 1
    outer loop
      vertex 71.9197 -0.250295 3
      vertex 46.2275 1.86502 3
      vertex 71.9783 -0.494427 3
    endloop
  endfacet
  facet normal 0 0 1
    outer loop
      vertex 71.9783 -0.494427 3
      vertex 46.3776 -10.2275 3
      vertex 46.4692 -10.6089 3
    endloop
  endfacet
  facet normal 0 0 1
    outer loop
      vertex 46.2275 -9.86502 3
      vertex 71.9783 -0.494427 3
      vertex 46.2275 1.86502 3
    endloop
  endfacet
  facet normal 0 0 1
    outer loop
      vertex 71.9783 -0.494427 3
      vertex 46.2275 -9.86502 3
      vertex 46.3776 -10.2275 3
    endloop
  endfacet
  facet normal -0 0 1
    outer loop
      vertex 46.0225 1.53054 3
      vertex 46.2275 -9.86502 3
      vertex 46.2275 1.86502 3
    endloop
  endfacet
  facet normal 0 0 1
    outer loop
      vertex 46.0225 1.53054 3
      vertex 46.0225 -9.53054 3
      vertex 46.2275 -9.86502 3
    endloop
  endfacet
  facet normal -0 0 1
    outer loop
      vertex 45.7678 1.23223 3
      vertex 46.0225 -9.53054 3
      vertex 46.0225 1.53054 3
    endloop
  endfacet
  facet normal 0 0 1
    outer loop
      vertex 45.7678 1.23223 3
      vertex 45.7678 -9.23223 3
      vertex 46.0225 -9.53054 3
    endloop
  endfacet
  facet normal -0 0 1
    outer loop
      vertex 45.4695 0.977457 3
      vertex 45.7678 -9.23223 3
      vertex 45.7678 1.23223 3
    endloop
  endfacet
  facet normal 0 0 1
    outer loop
      vertex 45.4695 0.977457 3
      vertex 45.4695 -8.97746 3
      vertex 45.7678 -9.23223 3
    endloop
  endfacet
  facet normal -0 0 1
    outer loop
      vertex 45.135 0.772483 3
      vertex 45.4695 -8.97746 3
      vertex 45.4695 0.977457 3
    endloop
  endfacet
  facet normal 0 0 1
    outer loop
      vertex 45.135 0.772483 3
      vertex 45.135 -8.77248 3
      vertex 45.4695 -8.97746 3
    endloop
  endfacet
  facet normal -0 0 1
    outer loop
      vertex 44.7725 0.622358 3
      vertex 45.135 -8.77248 3
      vertex 45.135 0.772483 3
    endloop
  endfacet
  facet normal 0 0 1
    outer loop
      vertex 44.7725 0.622358 3
      vertex 44.7725 -8.62236 3
      vertex 45.135 -8.77248 3
    endloop
  endfacet
  facet normal -0 0 1
    outer loop
      vertex 44.3911 0.530779 3
      vertex 44.7725 -8.62236 3
      vertex 44.7725 0.622358 3
    endloop
  endfacet
  facet normal 0 0 1
    outer loop
      vertex 44.3911 0.530779 3
      vertex 44.3911 -8.53078 3
      vertex 44.7725 -8.62236 3
    endloop
  endfacet
  facet normal -0 0 1
    outer loop
      vertex 44 0.5 3
      vertex 44.3911 -8.53078 3
      vertex 44.3911 0.530779 3
    endloop
  endfacet
  facet normal 0 0 1
    outer loop
      vertex 44 0.5 3
      vertex 44 -8.5 3
      vertex 44.3911 -8.53078 3
    endloop
  endfacet
  facet normal 0 0 1
    outer loop
      vertex 43.6089 0.530779 3
      vertex 44 -8.5 3
      vertex 44 0.5 3
    endloop
  endfacet
  facet normal 0 0 1
    outer loop
      vertex 43.6089 0.530779 3
      vertex 43.6089 -8.53078 3
      vertex 44 -8.5 3
    endloop
  endfacet
  facet normal 0 0 1
    outer loop
      vertex 43.2275 0.622358 3
      vertex 43.6089 -8.53078 3
      vertex 43.6089 0.530779 3
    endloop
  endfacet
  facet normal 0 0 1
    outer loop
      vertex 43.2275 0.622358 3
      vertex 43.2275 -8.62236 3
      vertex 43.6089 -8.53078 3
    endloop
  endfacet
  facet normal 0 0 1
    outer loop
      vertex 42.865 0.772483 3
      vertex 43.2275 -8.62236 3
      vertex 43.2275 0.622358 3
    endloop
  endfacet
  facet normal 0 0 1
    outer loop
      vertex 42.865 0.772483 3
      vertex 42.865 -8.77248 3
      vertex 43.2275 -8.62236 3
    endloop
  endfacet
  facet normal 0 0 1
    outer loop
      vertex 42.5305 0.977457 3
      vertex 42.865 -8.77248 3
      vertex 42.865 0.772483 3
    endloop
  endfacet
  facet normal 0 0 1
    outer loop
      vertex 42.5305 0.977457 3
      vertex 42.5305 -8.97746 3
      vertex 42.865 -8.77248 3
    endloop
  endfacet
  facet normal 0 0 1
    outer loop
      vertex 42.2322 1.23223 3
      vertex 42.5305 -8.97746 3
      vertex 42.5305 0.977457 3
    endloop
  endfacet
  facet normal 0 0 1
    outer loop
      vertex 42.2322 1.23223 3
      vertex 42.2322 -9.23223 3
      vertex 42.5305 -8.97746 3
    endloop
  endfacet
  facet normal 0 0 1
    outer loop
      vertex 41.9775 1.53054 3
      vertex 42.2322 -9.23223 3
      vertex 42.2322 1.23223 3
    endloop
  endfacet
  facet normal 0 0 1
    outer loop
      vertex 41.9775 1.53054 3
      vertex 41.9775 -9.53054 3
      vertex 42.2322 -9.23223 3
    endloop
  endfacet
  facet normal 0 0 1
    outer loop
      vertex 41.7725 1.86502 3
      vertex 41.9775 -9.53054 3
      vertex 41.9775 1.53054 3
    endloop
  endfacet
  facet normal 0 0 1
    outer loop
      vertex 41.7725 1.86502 3
      vertex 41.7725 -9.86502 3
      vertex 41.9775 -9.53054 3
    endloop
  endfacet
  facet normal 0 0 1
    outer loop
      vertex 41.7725 1.86502 3
      vertex 41.7595 -9.89648 3
      vertex 41.7725 -9.86502 3
    endloop
  endfacet
  facet normal 0 0 1
    outer loop
      vertex 41.7236 1.98303 3
      vertex 41.7595 -9.89648 3
      vertex 41.7725 1.86502 3
    endloop
  endfacet
  facet normal 0 0 1
    outer loop
      vertex 41.7595 -9.89648 3
      vertex 41.7236 1.98303 3
      vertex -2.37984 -3.10582 3
    endloop
  endfacet
  facet normal 0 0 1
    outer loop
      vertex 81.5 31 3
      vertex 75.1 0 3
      vertex 81.5 -31 3
    endloop
  endfacet
  facet normal 0 0 1
    outer loop
      vertex 81.5 31 3
      vertex 75.0803 0.250295 3
      vertex 75.1 0 3
    endloop
  endfacet
  facet normal 0 0 1
    outer loop
      vertex 81.5 31 3
      vertex 75.0217 0.494427 3
      vertex 75.0803 0.250295 3
    endloop
  endfacet
  facet normal 0 0 1
    outer loop
      vertex 81.5 31 3
      vertex 74.9256 0.726384 3
      vertex 75.0217 0.494427 3
    endloop
  endfacet
  facet normal 0 0 1
    outer loop
      vertex 81.5 31 3
      vertex 74.7944 0.940456 3
      vertex 74.9256 0.726384 3
    endloop
  endfacet
  facet normal 0 0 1
    outer loop
      vertex 81.5 31 3
      vertex 74.6314 1.13137 3
      vertex 74.7944 0.940456 3
    endloop
  endfacet
  facet normal 0 0 1
    outer loop
      vertex 81.5 31 3
      vertex 74.4405 1.29443 3
      vertex 74.6314 1.13137 3
    endloop
  endfacet
  facet normal 0 0 1
    outer loop
      vertex 81.5 31 3
      vertex 74.2264 1.42561 3
      vertex 74.4405 1.29443 3
    endloop
  endfacet
  facet normal 0 0 1
    outer loop
      vertex 81.5 31 3
      vertex 73.9944 1.52169 3
      vertex 74.2264 1.42561 3
    endloop
  endfacet
  facet normal 0 0 1
    outer loop
      vertex 81.5 31 3
      vertex 73.7503 1.5803 3
      vertex 73.9944 1.52169 3
    endloop
  endfacet
  facet normal 0 0 1
    outer loop
      vertex 81.5 31 3
      vertex 73.5 1.6 3
      vertex 73.7503 1.5803 3
    endloop
  endfacet
  facet normal 0 0 1
    outer loop
      vertex 81.5 31 3
      vertex 73.2497 1.5803 3
      vertex 73.5 1.6 3
    endloop
  endfacet
  facet normal 0 0 1
    outer loop
      vertex 81.5 31 3
      vertex 73.0056 1.52169 3
      vertex 73.2497 1.5803 3
    endloop
  endfacet
  facet normal 0 0 1
    outer loop
      vertex 81.5 31 3
      vertex 72.7736 1.42561 3
      vertex 73.0056 1.52169 3
    endloop
  endfacet
  facet normal -0 0 1
    outer loop
      vertex 45.7678 4.76777 3
      vertex 72.7736 1.42561 3
      vertex 81.5 31 3
    endloop
  endfacet
  facet normal 0 0 1
    outer loop
      vertex 72.7736 1.42561 3
      vertex 45.7678 4.76777 3
      vertex 72.5595 1.29443 3
    endloop
  endfacet
  facet normal -0 -0 1
    outer loop
      vertex 46.0225 4.46946 3
      vertex 72.5595 1.29443 3
      vertex 45.7678 4.76777 3
    endloop
  endfacet
  facet normal 0 0 1
    outer loop
      vertex 72.5595 1.29443 3
      vertex 46.0225 4.46946 3
      vertex 72.3686 1.13137 3
    endloop
  endfacet
  facet normal -0 -0 1
    outer loop
      vertex 46.2275 4.13498 3
      vertex 72.3686 1.13137 3
      vertex 46.0225 4.46946 3
    endloop
  endfacet
  facet normal -0 0 1
    outer loop
      vertex 46.4692 2.60891 3
      vertex 71.9197 0.250295 3
      vertex 46.5 3 3
    endloop
  endfacet
  facet normal 0 0 1
    outer loop
      vertex 71.9783 0.494427 3
      vertex 46.5 3 3
      vertex 71.9197 0.250295 3
    endloop
  endfacet
  facet normal 0 0 1
    outer loop
      vertex 72.3686 1.13137 3
      vertex 46.2275 4.13498 3
      vertex 72.2056 0.940456 3
    endloop
  endfacet
  facet normal 0 0 1
    outer loop
      vertex 71.9783 0.494427 3
      vertex 46.4692 3.39109 3
      vertex 46.5 3 3
    endloop
  endfacet
  facet normal 0 0 1
    outer loop
      vertex 72.0744 0.726384 3
      vertex 46.4692 3.39109 3
      vertex 71.9783 0.494427 3
    endloop
  endfacet
  facet normal -0 -0 1
    outer loop
      vertex 46.4692 3.39109 3
      vertex 72.0744 0.726384 3
      vertex 46.3776 3.77254 3
    endloop
  endfacet
  facet normal 0 0 1
    outer loop
      vertex 72.2056 0.940456 3
      vertex 46.3776 3.77254 3
      vertex 72.0744 0.726384 3
    endloop
  endfacet
  facet normal -0 -0 1
    outer loop
      vertex 46.3776 3.77254 3
      vertex 72.2056 0.940456 3
      vertex 46.2275 4.13498 3
    endloop
  endfacet
  facet normal 0 0 1
    outer loop
      vertex 81.5 31 3
      vertex 45.4695 5.02254 3
      vertex 45.7678 4.76777 3
    endloop
  endfacet
  facet normal 0 0 1
    outer loop
      vertex 81.5 31 3
      vertex 45.135 5.22752 3
      vertex 45.4695 5.02254 3
    endloop
  endfacet
  facet normal 0 0 1
    outer loop
      vertex 81.5 31 3
      vertex 44.7725 5.37764 3
      vertex 45.135 5.22752 3
    endloop
  endfacet
  facet normal 0 0 1
    outer loop
      vertex 81.5 31 3
      vertex 44.3911 5.46922 3
      vertex 44.7725 5.37764 3
    endloop
  endfacet
  facet normal -0 0 1
    outer loop
      vertex 17.9217 23.9663 3
      vertex 44.3911 5.46922 3
      vertex 81.5 31 3
    endloop
  endfacet
  facet normal 0 0 1
    outer loop
      vertex 44.3911 5.46922 3
      vertex 17.9217 23.9663 3
      vertex 44 5.5 3
    endloop
  endfacet
  facet normal -0 -0 1
    outer loop
      vertex 21.7842 17.1688 3
      vertex 44 5.5 3
      vertex 17.9217 23.9663 3
    endloop
  endfacet
  facet normal 0 0 1
    outer loop
      vertex 44 5.5 3
      vertex 21.7842 17.1688 3
      vertex 43.6089 5.46922 3
    endloop
  endfacet
  facet normal 0 0 1
    outer loop
      vertex 43.6089 5.46922 3
      vertex 21.7842 17.1688 3
      vertex 43.2275 5.37764 3
    endloop
  endfacet
  facet normal 0 0 1
    outer loop
      vertex 41.9775 4.46946 3
      vertex 21.7842 16.3225 3
      vertex 41.7725 4.13498 3
    endloop
  endfacet
  facet normal 0 0 1
    outer loop
      vertex 42.2322 4.76777 3
      vertex 21.7842 16.3225 3
      vertex 41.9775 4.46946 3
    endloop
  endfacet
  facet normal 0 0 1
    outer loop
      vertex 42.5305 5.02254 3
      vertex 21.7842 16.3225 3
      vertex 42.2322 4.76777 3
    endloop
  endfacet
  facet normal -0 0 1
    outer loop
      vertex 21.7842 16.3225 3
      vertex 42.5305 5.02254 3
      vertex 21.7842 17.1688 3
    endloop
  endfacet
  facet normal 0 0 1
    outer loop
      vertex 43.2275 5.37764 3
      vertex 21.7842 17.1688 3
      vertex 42.865 5.22752 3
    endloop
  endfacet
  facet normal 0 0 1
    outer loop
      vertex 42.865 5.22752 3
      vertex 21.7842 17.1688 3
      vertex 42.5305 5.02254 3
    endloop
  endfacet
  facet normal 0 0 1
    outer loop
      vertex 81.5 31 3
      vertex 16.8855 23.9663 3
      vertex 17.9217 23.9663 3
    endloop
  endfacet
  facet normal 0 0 1
    outer loop
      vertex 16.8855 23.9663 3
      vertex 16.1256 16.3225 3
      vertex 16.8855 16.3225 3
    endloop
  endfacet
  facet normal 0 0 1
    outer loop
      vertex 16.8855 23.9663 3
      vertex 13.055 23.9663 3
      vertex 16.1256 16.3225 3
    endloop
  endfacet
  facet normal 0 0 1
    outer loop
      vertex 81.5 31 3
      vertex 13.055 23.9663 3
      vertex 16.8855 23.9663 3
    endloop
  endfacet
  facet normal 0 0 1
    outer loop
      vertex 81.5 31 3
      vertex 11.8777 23.9663 3
      vertex 13.055 23.9663 3
    endloop
  endfacet
  facet normal -0 0 1
    outer loop
      vertex 7.981 20.9961 3
      vertex 8.75839 16.3225 3
      vertex 11.8777 23.9663 3
    endloop
  endfacet
  facet normal 0 0 1
    outer loop
      vertex 8.09131 21.5036 3
      vertex 11.8777 23.9663 3
      vertex 8.1051 21.78 3
    endloop
  endfacet
  facet normal 0 0 1
    outer loop
      vertex 11.8777 23.9663 3
      vertex 8.08559 22.111 3
      vertex 8.1051 21.78 3
    endloop
  endfacet
  facet normal 0 0 1
    outer loop
      vertex 11.8777 23.9663 3
      vertex 8.02704 22.4169 3
      vertex 8.08559 22.111 3
    endloop
  endfacet
  facet normal 0 0 1
    outer loop
      vertex 11.8777 23.9663 3
      vertex 7.92946 22.6976 3
      vertex 8.02704 22.4169 3
    endloop
  endfacet
  facet normal 0 0 1
    outer loop
      vertex 11.8777 23.9663 3
      vertex 7.79285 22.9531 3
      vertex 7.92946 22.6976 3
    endloop
  endfacet
  facet normal 0 0 1
    outer loop
      vertex 11.8777 23.9663 3
      vertex 7.6172 23.1834 3
      vertex 7.79285 22.9531 3
    endloop
  endfacet
  facet normal 0 0 1
    outer loop
      vertex 11.8777 23.9663 3
      vertex 7.40254 23.3886 3
      vertex 7.6172 23.1834 3
    endloop
  endfacet
  facet normal 0 0 1
    outer loop
      vertex 11.8777 23.9663 3
      vertex 7.15202 23.5651 3
      vertex 7.40254 23.3886 3
    endloop
  endfacet
  facet normal 0 0 1
    outer loop
      vertex 5.40886 23.9663 3
      vertex 11.8777 23.9663 3
      vertex 81.5 31 3
    endloop
  endfacet
  facet normal 0 0 1
    outer loop
      vertex 11.8777 23.9663 3
      vertex 6.8688 23.7095 3
      vertex 7.15202 23.5651 3
    endloop
  endfacet
  facet normal 0 0 1
    outer loop
      vertex 11.8777 23.9663 3
      vertex 6.55287 23.8219 3
      vertex 6.8688 23.7095 3
    endloop
  endfacet
  facet normal 0 0 1
    outer loop
      vertex 11.8777 23.9663 3
      vertex 6.20424 23.9021 3
      vertex 6.55287 23.8219 3
    endloop
  endfacet
  facet normal 0 0 1
    outer loop
      vertex 11.8777 23.9663 3
      vertex 5.82291 23.9503 3
      vertex 6.20424 23.9021 3
    endloop
  endfacet
  facet normal 0 0 1
    outer loop
      vertex 11.8777 23.9663 3
      vertex 5.40886 23.9663 3
      vertex 5.82291 23.9503 3
    endloop
  endfacet
  facet normal 0 0 1
    outer loop
      vertex 81.5 31 3
      vertex 1.81213 23.9663 3
      vertex 5.40886 23.9663 3
    endloop
  endfacet
  facet normal 0 0 1
    outer loop
      vertex 0.231079 19.1978 3
      vertex 1.81213 23.9663 3
      vertex 0.231079 23.9663 3
    endloop
  endfacet
  facet normal 0 0 1
    outer loop
      vertex 81.5 31 3
      vertex 0.231079 23.9663 3
      vertex 1.81213 23.9663 3
    endloop
  endfacet
  facet normal 0 0 1
    outer loop
      vertex 81.5 31 3
      vertex -0.799622 23.9663 3
      vertex 0.231079 23.9663 3
    endloop
  endfacet
  facet normal -0 0 1
    outer loop
      vertex -5.04195 23.9663 3
      vertex -0.799622 19.2575 3
      vertex -0.799622 23.9663 3
    endloop
  endfacet
  facet normal 0 0 1
    outer loop
      vertex -0.799622 19.2575 3
      vertex -5.04195 19.1869 3
      vertex -0.815521 18.912 3
    endloop
  endfacet
  facet normal 0 -0 1
    outer loop
      vertex -2.6442 17.0705 3
      vertex -0.815521 18.912 3
      vertex -5.04195 19.1869 3
    endloop
  endfacet
  facet normal 0 0 1
    outer loop
      vertex -0.815521 18.912 3
      vertex -2.6442 17.0705 3
      vertex -0.86322 18.5953 3
    endloop
  endfacet
  facet normal 0 -0 1
    outer loop
      vertex -2.33881 17.1173 3
      vertex -0.86322 18.5953 3
      vertex -2.6442 17.0705 3
    endloop
  endfacet
  facet normal 0 0 1
    outer loop
      vertex -0.86322 18.5953 3
      vertex -2.33881 17.1173 3
      vertex -0.942703 18.3074 3
    endloop
  endfacet
  facet normal 0 -0 1
    outer loop
      vertex -2.05888 17.1953 3
      vertex -0.942703 18.3074 3
      vertex -2.33881 17.1173 3
    endloop
  endfacet
  facet normal 0 0 1
    outer loop
      vertex -1.05399 18.0483 3
      vertex -2.05888 17.1953 3
      vertex -1.19707 17.8179 3
    endloop
  endfacet
  facet normal 0 0 1
    outer loop
      vertex -1.19707 17.8179 3
      vertex -2.05888 17.1953 3
      vertex -1.37195 17.6163 3
    endloop
  endfacet
  facet normal 0 0 1
    outer loop
      vertex -1.57545 17.4448 3
      vertex -2.05888 17.1953 3
      vertex -1.80443 17.3044 3
    endloop
  endfacet
  facet normal 0 0 1
    outer loop
      vertex -1.37195 17.6163 3
      vertex -2.05888 17.1953 3
      vertex -1.57545 17.4448 3
    endloop
  endfacet
  facet normal 0 0 1
    outer loop
      vertex -0.942703 18.3074 3
      vertex -2.05888 17.1953 3
      vertex -1.05399 18.0483 3
    endloop
  endfacet
  facet normal 0 0 1
    outer loop
      vertex -2.6442 17.0705 3
      vertex -5.04195 19.1869 3
      vertex -2.97507 17.0549 3
    endloop
  endfacet
  facet normal -0 -0 1
    outer loop
      vertex -5.02718 18.8519 3
      vertex -2.97507 17.0549 3
      vertex -5.04195 19.1869 3
    endloop
  endfacet
  facet normal 0 0 1
    outer loop
      vertex -2.97507 17.0549 3
      vertex -5.02718 18.8519 3
      vertex -3.29649 17.07 3
    endloop
  endfacet
  facet normal -0 -0 1
    outer loop
      vertex -4.98288 18.5449 3
      vertex -3.29649 17.07 3
      vertex -5.02718 18.8519 3
    endloop
  endfacet
  facet normal 0 0 1
    outer loop
      vertex -3.29649 17.07 3
      vertex -4.98288 18.5449 3
      vertex -3.59169 17.1152 3
    endloop
  endfacet
  facet normal -0 -0 1
    outer loop
      vertex -4.90904 18.266 3
      vertex -3.59169 17.1152 3
      vertex -4.98288 18.5449 3
    endloop
  endfacet
  facet normal 0 0 1
    outer loop
      vertex -3.59169 17.1152 3
      vertex -4.90904 18.266 3
      vertex -3.86069 17.1905 3
    endloop
  endfacet
  facet normal 0 0 1
    outer loop
      vertex -3.86069 17.1905 3
      vertex -4.90904 18.266 3
      vertex -4.10345 17.296 3
    endloop
  endfacet
  facet normal -0 -0 1
    outer loop
      vertex -4.80568 18.0151 3
      vertex -4.10345 17.296 3
      vertex -4.90904 18.266 3
    endloop
  endfacet
  facet normal 0 0 1
    outer loop
      vertex -4.10345 17.296 3
      vertex -4.80568 18.0151 3
      vertex -4.32001 17.4316 3
    endloop
  endfacet
  facet normal 0 0 1
    outer loop
      vertex -4.32001 17.4316 3
      vertex -4.80568 18.0151 3
      vertex -4.51035 17.5974 3
    endloop
  endfacet
  facet normal 0 0 1
    outer loop
      vertex -0.799622 19.2575 3
      vertex -5.04195 23.9663 3
      vertex -5.04195 19.1869 3
    endloop
  endfacet
  facet normal 0 0 1
    outer loop
      vertex 81.5 31 3
      vertex -5.04195 23.9663 3
      vertex -0.799622 23.9663 3
    endloop
  endfacet
  facet normal -0 0 1
    outer loop
      vertex -81.5 31 3
      vertex -5.04195 23.9663 3
      vertex 81.5 31 3
    endloop
  endfacet
  facet normal -0 0 1
    outer loop
      vertex -7.78745 20.6679 3
      vertex -6.07819 19.1001 3
      vertex -6.07819 23.9663 3
    endloop
  endfacet
  facet normal 0 0 1
    outer loop
      vertex -7.23953 16.3225 3
      vertex -6.07819 19.1001 3
      vertex -7.23953 17.1688 3
    endloop
  endfacet
  facet normal 0 0 1
    outer loop
      vertex -6.23223 10.7678 3
      vertex -7.23953 16.3225 3
      vertex -6.53054 11.0225 3
    endloop
  endfacet
  facet normal 0 0 1
    outer loop
      vertex -6.53054 11.0225 3
      vertex -7.23953 16.3225 3
      vertex -6.86502 11.2275 3
    endloop
  endfacet
  facet normal 0 0 1
    outer loop
      vertex -6.07819 19.1001 3
      vertex -7.23953 16.3225 3
      vertex -6.23223 10.7678 3
    endloop
  endfacet
  facet normal 0 0 1
    outer loop
      vertex -7.46193 23.12 3
      vertex -6.07819 23.9663 3
      vertex -7.46193 23.9663 3
    endloop
  endfacet
  facet normal 0 0 1
    outer loop
      vertex -5.04195 23.9663 3
      vertex -81.5 31 3
      vertex -6.07819 23.9663 3
    endloop
  endfacet
  facet normal 0 0 1
    outer loop
      vertex -6.07819 23.9663 3
      vertex -81.5 31 3
      vertex -7.46193 23.9663 3
    endloop
  endfacet
  facet normal 0 0 1
    outer loop
      vertex -13.2612 23.9663 3
      vertex -14.8911 23.9663 3
      vertex -13.2612 16.3225 3
    endloop
  endfacet
  facet normal 0 0 1
    outer loop
      vertex -7.46193 23.9663 3
      vertex -81.5 31 3
      vertex -13.2612 23.9663 3
    endloop
  endfacet
  facet normal 0 0 1
    outer loop
      vertex -13.2612 23.9663 3
      vertex -81.5 31 3
      vertex -14.8911 23.9663 3
    endloop
  endfacet
  facet normal 0 0 1
    outer loop
      vertex -15.8242 23.9663 3
      vertex -19.8929 23.9663 3
      vertex -15.8242 18.9536 3
    endloop
  endfacet
  facet normal 0 0 1
    outer loop
      vertex -14.8911 23.9663 3
      vertex -81.5 31 3
      vertex -15.8242 23.9663 3
    endloop
  endfacet
  facet normal 0 0 1
    outer loop
      vertex -15.8242 23.9663 3
      vertex -81.5 31 3
      vertex -19.8929 23.9663 3
    endloop
  endfacet
  facet normal 0 0 1
    outer loop
      vertex -50.2322 6.76777 3
      vertex -21.0972 16.3225 3
      vertex -21.0972 23.9663 3
    endloop
  endfacet
  facet normal 0 0 1
    outer loop
      vertex -21.0972 16.3225 3
      vertex -49.7725 6.13498 3
      vertex -49.7002 5.9605 3
    endloop
  endfacet
  facet normal 0 0 1
    outer loop
      vertex -21.0972 16.3225 3
      vertex -49.9775 6.46946 3
      vertex -49.7725 6.13498 3
    endloop
  endfacet
  facet normal 0 0 1
    outer loop
      vertex -21.0972 16.3225 3
      vertex -50.2322 6.76777 3
      vertex -49.9775 6.46946 3
    endloop
  endfacet
  facet normal 0 0 1
    outer loop
      vertex -21.0972 23.9663 3
      vertex -50.5305 7.02254 3
      vertex -50.2322 6.76777 3
    endloop
  endfacet
  facet normal 0 0 1
    outer loop
      vertex -21.0972 23.9663 3
      vertex -50.865 7.22752 3
      vertex -50.5305 7.02254 3
    endloop
  endfacet
  facet normal 0 0 1
    outer loop
      vertex -21.0972 23.9663 3
      vertex -51.2275 7.37764 3
      vertex -50.865 7.22752 3
    endloop
  endfacet
  facet normal 0 0 1
    outer loop
      vertex -21.0972 23.9663 3
      vertex -51.6089 7.46922 3
      vertex -51.2275 7.37764 3
    endloop
  endfacet
  facet normal 0 0 1
    outer loop
      vertex -21.0972 23.9663 3
      vertex -52 7.5 3
      vertex -51.6089 7.46922 3
    endloop
  endfacet
  facet normal 0 0 1
    outer loop
      vertex -81.5 31 3
      vertex -52 7.5 3
      vertex -21.0972 23.9663 3
    endloop
  endfacet
  facet normal 0 0 1
    outer loop
      vertex -52 7.5 3
      vertex -81.5 31 3
      vertex -52.3911 7.46922 3
    endloop
  endfacet
  facet normal 0 0 1
    outer loop
      vertex -52.3911 7.46922 3
      vertex -81.5 31 3
      vertex -52.7725 7.37764 3
    endloop
  endfacet
  facet normal 0 0 1
    outer loop
      vertex -54.3776 -6.22746 3
      vertex -71.9783 -0.494427 3
      vertex -54.4692 -6.60891 3
    endloop
  endfacet
  facet normal 0 0 1
    outer loop
      vertex -71.9197 -0.250295 3
      vertex -54.5 5 3
      vertex -71.9 0 3
    endloop
  endfacet
  facet normal 0 0 1
    outer loop
      vertex -72.2056 0.940456 3
      vertex -54.5 5 3
      vertex -54.4692 5.39109 3
    endloop
  endfacet
  facet normal 0 0 1
    outer loop
      vertex -72.3686 1.13137 3
      vertex -54.4692 5.39109 3
      vertex -54.3776 5.77254 3
    endloop
  endfacet
  facet normal 0 0 1
    outer loop
      vertex -72.5595 1.29443 3
      vertex -54.3776 5.77254 3
      vertex -54.2275 6.13498 3
    endloop
  endfacet
  facet normal 0 0 1
    outer loop
      vertex -72.7736 1.42561 3
      vertex -54.2275 6.13498 3
      vertex -54.0225 6.46946 3
    endloop
  endfacet
  facet normal 0 0 1
    outer loop
      vertex -73.0056 1.52169 3
      vertex -54.0225 6.46946 3
      vertex -53.7678 6.76777 3
    endloop
  endfacet
  facet normal 0 0 1
    outer loop
      vertex -81.5 31 3
      vertex -53.7678 6.76777 3
      vertex -53.4695 7.02254 3
    endloop
  endfacet
  facet normal 0 0 1
    outer loop
      vertex -81.5 31 3
      vertex -53.4695 7.02254 3
      vertex -53.135 7.22752 3
    endloop
  endfacet
  facet normal 0 0 1
    outer loop
      vertex -52.7725 7.37764 3
      vertex -81.5 31 3
      vertex -53.135 7.22752 3
    endloop
  endfacet
  facet normal 0 0 1
    outer loop
      vertex -54.5 5 3
      vertex -71.9197 0.250295 3
      vertex -71.9 0 3
    endloop
  endfacet
  facet normal 0 0 1
    outer loop
      vertex -54.5 5 3
      vertex -71.9783 0.494427 3
      vertex -71.9197 0.250295 3
    endloop
  endfacet
  facet normal 0 0 1
    outer loop
      vertex -54.5 5 3
      vertex -72.0744 0.726384 3
      vertex -71.9783 0.494427 3
    endloop
  endfacet
  facet normal 0 0 1
    outer loop
      vertex -54.5 5 3
      vertex -72.2056 0.940456 3
      vertex -72.0744 0.726384 3
    endloop
  endfacet
  facet normal 0 0 1
    outer loop
      vertex -54.4692 5.39109 3
      vertex -72.3686 1.13137 3
      vertex -72.2056 0.940456 3
    endloop
  endfacet
  facet normal 0 0 1
    outer loop
      vertex -53.7678 6.76777 3
      vertex -81.5 31 3
      vertex -73.0056 1.52169 3
    endloop
  endfacet
  facet normal 0 0 1
    outer loop
      vertex -54.3776 5.77254 3
      vertex -72.5595 1.29443 3
      vertex -72.3686 1.13137 3
    endloop
  endfacet
  facet normal 0 0 1
    outer loop
      vertex -54.2275 6.13498 3
      vertex -72.7736 1.42561 3
      vertex -72.5595 1.29443 3
    endloop
  endfacet
  facet normal 0 0 1
    outer loop
      vertex -54.0225 6.46946 3
      vertex -73.0056 1.52169 3
      vertex -72.7736 1.42561 3
    endloop
  endfacet
  facet normal 0 0 1
    outer loop
      vertex -73.0056 1.52169 3
      vertex -81.5 31 3
      vertex -73.2497 1.5803 3
    endloop
  endfacet
  facet normal 0 0 1
    outer loop
      vertex -73.2497 1.5803 3
      vertex -81.5 31 3
      vertex -73.5 1.6 3
    endloop
  endfacet
  facet normal 0 0 1
    outer loop
      vertex -73.5 1.6 3
      vertex -81.5 31 3
      vertex -73.7503 1.5803 3
    endloop
  endfacet
  facet normal 0 0 1
    outer loop
      vertex -73.7503 1.5803 3
      vertex -81.5 31 3
      vertex -73.9944 1.52169 3
    endloop
  endfacet
  facet normal 0 0 1
    outer loop
      vertex -75.0803 0.250295 3
      vertex -81.5 31 3
      vertex -75.1 0 3
    endloop
  endfacet
  facet normal 0 0 1
    outer loop
      vertex -75.0217 0.494427 3
      vertex -81.5 31 3
      vertex -75.0803 0.250295 3
    endloop
  endfacet
  facet normal 0 0 1
    outer loop
      vertex -74.9256 0.726384 3
      vertex -81.5 31 3
      vertex -75.0217 0.494427 3
    endloop
  endfacet
  facet normal 0 0 1
    outer loop
      vertex -74.7944 0.940456 3
      vertex -81.5 31 3
      vertex -74.9256 0.726384 3
    endloop
  endfacet
  facet normal 0 0 1
    outer loop
      vertex -74.6314 1.13137 3
      vertex -81.5 31 3
      vertex -74.7944 0.940456 3
    endloop
  endfacet
  facet normal 0 0 1
    outer loop
      vertex -74.4405 1.29443 3
      vertex -81.5 31 3
      vertex -74.6314 1.13137 3
    endloop
  endfacet
  facet normal 0 0 1
    outer loop
      vertex -74.2264 1.42561 3
      vertex -81.5 31 3
      vertex -74.4405 1.29443 3
    endloop
  endfacet
  facet normal 0 0 1
    outer loop
      vertex -73.9944 1.52169 3
      vertex -81.5 31 3
      vertex -74.2264 1.42561 3
    endloop
  endfacet
  facet normal 0 0 1
    outer loop
      vertex -19.8929 23.9663 3
      vertex -81.5 31 3
      vertex -21.0972 23.9663 3
    endloop
  endfacet
  facet normal -0 0 1
    outer loop
      vertex 75.0803 -0.250295 3
      vertex 81.5 -31 3
      vertex 75.1 0 3
    endloop
  endfacet
  facet normal -0 0 1
    outer loop
      vertex 75.0217 -0.494427 3
      vertex 81.5 -31 3
      vertex 75.0803 -0.250295 3
    endloop
  endfacet
  facet normal -0 0 1
    outer loop
      vertex 74.9256 -0.726384 3
      vertex 81.5 -31 3
      vertex 75.0217 -0.494427 3
    endloop
  endfacet
  facet normal -0 0 1
    outer loop
      vertex 74.7944 -0.940456 3
      vertex 81.5 -31 3
      vertex 74.9256 -0.726384 3
    endloop
  endfacet
  facet normal -0 0 1
    outer loop
      vertex 74.6314 -1.13137 3
      vertex 81.5 -31 3
      vertex 74.7944 -0.940456 3
    endloop
  endfacet
  facet normal -0 0 1
    outer loop
      vertex 74.4405 -1.29443 3
      vertex 81.5 -31 3
      vertex 74.6314 -1.13137 3
    endloop
  endfacet
  facet normal -0 0 1
    outer loop
      vertex 74.2264 -1.42561 3
      vertex 81.5 -31 3
      vertex 74.4405 -1.29443 3
    endloop
  endfacet
  facet normal -0 0 1
    outer loop
      vertex 73.9944 -1.52169 3
      vertex 81.5 -31 3
      vertex 74.2264 -1.42561 3
    endloop
  endfacet
  facet normal -0 0 1
    outer loop
      vertex 73.7503 -1.5803 3
      vertex 81.5 -31 3
      vertex 73.9944 -1.52169 3
    endloop
  endfacet
  facet normal -0 0 1
    outer loop
      vertex 73.5 -1.6 3
      vertex 81.5 -31 3
      vertex 73.7503 -1.5803 3
    endloop
  endfacet
  facet normal 0 0 1
    outer loop
      vertex 73.2497 -1.5803 3
      vertex 81.5 -31 3
      vertex 73.5 -1.6 3
    endloop
  endfacet
  facet normal 0 0 1
    outer loop
      vertex 73.0056 -1.52169 3
      vertex 81.5 -31 3
      vertex 73.2497 -1.5803 3
    endloop
  endfacet
  facet normal 0 0 1
    outer loop
      vertex 46.5 -23 3
      vertex 73.0056 -1.52169 3
      vertex 72.7736 -1.42561 3
    endloop
  endfacet
  facet normal 0 0 1
    outer loop
      vertex 72.3686 -1.13137 3
      vertex 46.4692 -11.3911 3
      vertex 72.5595 -1.29443 3
    endloop
  endfacet
  facet normal 0 0 1
    outer loop
      vertex 46.4692 -11.3911 3
      vertex 72.3686 -1.13137 3
      vertex 46.5 -11 3
    endloop
  endfacet
  facet normal 0 0 1
    outer loop
      vertex 46.5 -11 3
      vertex 72.3686 -1.13137 3
      vertex 72.2056 -0.940456 3
    endloop
  endfacet
  facet normal 0 0 1
    outer loop
      vertex 46.5 -11 3
      vertex 72.2056 -0.940456 3
      vertex 72.0744 -0.726384 3
    endloop
  endfacet
  facet normal 0 0 1
    outer loop
      vertex 46.5 -11 3
      vertex 72.0744 -0.726384 3
      vertex 71.9783 -0.494427 3
    endloop
  endfacet
  facet normal 0 0 1
    outer loop
      vertex 71.9197 0.250295 3
      vertex 46.4692 2.60891 3
      vertex 71.9 0 3
    endloop
  endfacet
  facet normal -0 0 1
    outer loop
      vertex 46.3776 2.22746 3
      vertex 71.9 0 3
      vertex 46.4692 2.60891 3
    endloop
  endfacet
  facet normal 0 0 1
    outer loop
      vertex 71.9 0 3
      vertex 46.3776 2.22746 3
      vertex 71.9197 -0.250295 3
    endloop
  endfacet
  facet normal 0 0 1
    outer loop
      vertex 46.3776 -11.7725 3
      vertex 72.5595 -1.29443 3
      vertex 46.4692 -11.3911 3
    endloop
  endfacet
  facet normal 0 0 1
    outer loop
      vertex 73.0056 -1.52169 3
      vertex 46.5 -23 3
      vertex 81.5 -31 3
    endloop
  endfacet
  facet normal -0 0 1
    outer loop
      vertex 46.4692 -23.3911 3
      vertex 81.5 -31 3
      vertex 46.5 -23 3
    endloop
  endfacet
  facet normal -0 0 1
    outer loop
      vertex 46.3776 -23.7725 3
      vertex 81.5 -31 3
      vertex 46.4692 -23.3911 3
    endloop
  endfacet
  facet normal -0 0 1
    outer loop
      vertex 46.2275 -24.135 3
      vertex 81.5 -31 3
      vertex 46.3776 -23.7725 3
    endloop
  endfacet
  facet normal -0 0 1
    outer loop
      vertex 46.0225 -24.4695 3
      vertex 81.5 -31 3
      vertex 46.2275 -24.135 3
    endloop
  endfacet
  facet normal -0 0 1
    outer loop
      vertex 45.7678 -24.7678 3
      vertex 81.5 -31 3
      vertex 46.0225 -24.4695 3
    endloop
  endfacet
  facet normal -0 0 1
    outer loop
      vertex 45.4695 -25.0225 3
      vertex 81.5 -31 3
      vertex 45.7678 -24.7678 3
    endloop
  endfacet
  facet normal -0 0 1
    outer loop
      vertex 45.135 -25.2275 3
      vertex 81.5 -31 3
      vertex 45.4695 -25.0225 3
    endloop
  endfacet
  facet normal -0 0 1
    outer loop
      vertex 44.7725 -25.3776 3
      vertex 81.5 -31 3
      vertex 45.135 -25.2275 3
    endloop
  endfacet
  facet normal -0 0 1
    outer loop
      vertex 44.3911 -25.4692 3
      vertex 81.5 -31 3
      vertex 44.7725 -25.3776 3
    endloop
  endfacet
  facet normal -0 0 1
    outer loop
      vertex 44 -25.5 3
      vertex 81.5 -31 3
      vertex 44.3911 -25.4692 3
    endloop
  endfacet
  facet normal 0 0 1
    outer loop
      vertex -7.60891 -27.4692 3
      vertex 44 -25.5 3
      vertex 43.6089 -25.4692 3
    endloop
  endfacet
  facet normal 0 0 1
    outer loop
      vertex -5.62236 -25.7725 3
      vertex 41.6505 -23.8404 3
      vertex -5.59474 -25.6575 3
    endloop
  endfacet
  facet normal 0 0 1
    outer loop
      vertex 41.6505 -23.8404 3
      vertex -5.62236 -25.7725 3
      vertex 41.7725 -24.135 3
    endloop
  endfacet
  facet normal 0 0 1
    outer loop
      vertex -5.77248 -26.135 3
      vertex 41.7725 -24.135 3
      vertex -5.62236 -25.7725 3
    endloop
  endfacet
  facet normal 0 0 1
    outer loop
      vertex 41.7725 -24.135 3
      vertex -5.77248 -26.135 3
      vertex 41.9775 -24.4695 3
    endloop
  endfacet
  facet normal 0 0 1
    outer loop
      vertex -5.97746 -26.4695 3
      vertex 41.9775 -24.4695 3
      vertex -5.77248 -26.135 3
    endloop
  endfacet
  facet normal 0 0 1
    outer loop
      vertex 41.9775 -24.4695 3
      vertex -5.97746 -26.4695 3
      vertex 42.2322 -24.7678 3
    endloop
  endfacet
  facet normal 0 0 1
    outer loop
      vertex -6.23223 -26.7678 3
      vertex 42.2322 -24.7678 3
      vertex -5.97746 -26.4695 3
    endloop
  endfacet
  facet normal 0 0 1
    outer loop
      vertex 42.2322 -24.7678 3
      vertex -6.23223 -26.7678 3
      vertex 42.5305 -25.0225 3
    endloop
  endfacet
  facet normal 0 0 1
    outer loop
      vertex -6.53054 -27.0225 3
      vertex 42.5305 -25.0225 3
      vertex -6.23223 -26.7678 3
    endloop
  endfacet
  facet normal 0 0 1
    outer loop
      vertex 42.5305 -25.0225 3
      vertex -6.53054 -27.0225 3
      vertex 42.865 -25.2275 3
    endloop
  endfacet
  facet normal 0 0 1
    outer loop
      vertex -6.86502 -27.2275 3
      vertex 42.865 -25.2275 3
      vertex -6.53054 -27.0225 3
    endloop
  endfacet
  facet normal 0 0 1
    outer loop
      vertex 42.865 -25.2275 3
      vertex -6.86502 -27.2275 3
      vertex 43.2275 -25.3776 3
    endloop
  endfacet
  facet normal 0 0 1
    outer loop
      vertex -7.22746 -27.3776 3
      vertex 43.2275 -25.3776 3
      vertex -6.86502 -27.2275 3
    endloop
  endfacet
  facet normal 0 0 1
    outer loop
      vertex 43.2275 -25.3776 3
      vertex -7.22746 -27.3776 3
      vertex 43.6089 -25.4692 3
    endloop
  endfacet
  facet normal 0 0 1
    outer loop
      vertex -7.60891 -27.4692 3
      vertex 43.6089 -25.4692 3
      vertex -7.22746 -27.3776 3
    endloop
  endfacet
  facet normal 0 0 1
    outer loop
      vertex 44 -25.5 3
      vertex -7.60891 -27.4692 3
      vertex 81.5 -31 3
    endloop
  endfacet
  facet normal -0 0 1
    outer loop
      vertex -8 -27.5 3
      vertex 81.5 -31 3
      vertex -7.60891 -27.4692 3
    endloop
  endfacet
  facet normal -0 0 1
    outer loop
      vertex -49.7725 -20.135 3
      vertex -10.462 -25.421 3
      vertex -49.7433 -20.0645 3
    endloop
  endfacet
  facet normal 0 0 1
    outer loop
      vertex -10.462 -25.421 3
      vertex -49.7725 -20.135 3
      vertex -10.3776 -25.7725 3
    endloop
  endfacet
  facet normal -0 0 1
    outer loop
      vertex -49.9775 -20.4695 3
      vertex -10.3776 -25.7725 3
      vertex -49.7725 -20.135 3
    endloop
  endfacet
  facet normal 0 0 1
    outer loop
      vertex -10.3776 -25.7725 3
      vertex -49.9775 -20.4695 3
      vertex -10.2275 -26.135 3
    endloop
  endfacet
  facet normal -0 0 1
    outer loop
      vertex -50.2322 -20.7678 3
      vertex -10.2275 -26.135 3
      vertex -49.9775 -20.4695 3
    endloop
  endfacet
  facet normal 0 0 1
    outer loop
      vertex -10.2275 -26.135 3
      vertex -50.2322 -20.7678 3
      vertex -10.0225 -26.4695 3
    endloop
  endfacet
  facet normal -0 0 1
    outer loop
      vertex -50.5305 -21.0225 3
      vertex -10.0225 -26.4695 3
      vertex -50.2322 -20.7678 3
    endloop
  endfacet
  facet normal 0 0 1
    outer loop
      vertex -10.0225 -26.4695 3
      vertex -50.5305 -21.0225 3
      vertex -9.76777 -26.7678 3
    endloop
  endfacet
  facet normal -0 0 1
    outer loop
      vertex -50.865 -21.2275 3
      vertex -9.76777 -26.7678 3
      vertex -50.5305 -21.0225 3
    endloop
  endfacet
  facet normal 0 0 1
    outer loop
      vertex -9.76777 -26.7678 3
      vertex -50.865 -21.2275 3
      vertex -9.46946 -27.0225 3
    endloop
  endfacet
  facet normal -0 0 1
    outer loop
      vertex -51.2275 -21.3776 3
      vertex -9.46946 -27.0225 3
      vertex -50.865 -21.2275 3
    endloop
  endfacet
  facet normal 0 0 1
    outer loop
      vertex -9.46946 -27.0225 3
      vertex -51.2275 -21.3776 3
      vertex -9.13498 -27.2275 3
    endloop
  endfacet
  facet normal -0 0 1
    outer loop
      vertex -51.6089 -21.4692 3
      vertex -9.13498 -27.2275 3
      vertex -51.2275 -21.3776 3
    endloop
  endfacet
  facet normal 0 0 1
    outer loop
      vertex -9.13498 -27.2275 3
      vertex -51.6089 -21.4692 3
      vertex -8.77254 -27.3776 3
    endloop
  endfacet
  facet normal 0 0 1
    outer loop
      vertex -81.5 -31 3
      vertex -8.77254 -27.3776 3
      vertex -51.6089 -21.4692 3
    endloop
  endfacet
  facet normal 0 0 1
    outer loop
      vertex -81.5 -31 3
      vertex -51.6089 -21.4692 3
      vertex -52 -21.5 3
    endloop
  endfacet
  facet normal 0 0 1
    outer loop
      vertex -81.5 -31 3
      vertex -52 -21.5 3
      vertex -52.3911 -21.4692 3
    endloop
  endfacet
  facet normal -0 0 1
    outer loop
      vertex -72.0744 -0.726384 3
      vertex -54.4692 -6.60891 3
      vertex -71.9783 -0.494427 3
    endloop
  endfacet
  facet normal -0 0 1
    outer loop
      vertex -72.2056 -0.940456 3
      vertex -54.4692 -6.60891 3
      vertex -72.0744 -0.726384 3
    endloop
  endfacet
  facet normal 0 0 1
    outer loop
      vertex -54.4692 -6.60891 3
      vertex -72.2056 -0.940456 3
      vertex -54.5 -7 3
    endloop
  endfacet
  facet normal -0 0 1
    outer loop
      vertex -72.3686 -1.13137 3
      vertex -54.5 -7 3
      vertex -72.2056 -0.940456 3
    endloop
  endfacet
  facet normal -0 0 1
    outer loop
      vertex -72.5595 -1.29443 3
      vertex -54.5 -7 3
      vertex -72.3686 -1.13137 3
    endloop
  endfacet
  facet normal -0 0 1
    outer loop
      vertex -72.7736 -1.42561 3
      vertex -54.5 -7 3
      vertex -72.5595 -1.29443 3
    endloop
  endfacet
  facet normal 0 0 1
    outer loop
      vertex -54.5 -7 3
      vertex -72.7736 -1.42561 3
      vertex -54.5 -19 3
    endloop
  endfacet
  facet normal -0 0 1
    outer loop
      vertex -73.0056 -1.52169 3
      vertex -54.5 -19 3
      vertex -72.7736 -1.42561 3
    endloop
  endfacet
  facet normal -0 0 1
    outer loop
      vertex -73.2497 -1.5803 3
      vertex -54.5 -19 3
      vertex -73.0056 -1.52169 3
    endloop
  endfacet
  facet normal 0 0 1
    outer loop
      vertex -81.5 -31 3
      vertex -54.5 -19 3
      vertex -73.2497 -1.5803 3
    endloop
  endfacet
  facet normal 0 0 1
    outer loop
      vertex -54.5 -19 3
      vertex -81.5 -31 3
      vertex -54.4692 -19.3911 3
    endloop
  endfacet
  facet normal 0 0 1
    outer loop
      vertex -54.4692 -19.3911 3
      vertex -81.5 -31 3
      vertex -54.3776 -19.7725 3
    endloop
  endfacet
  facet normal 0 0 1
    outer loop
      vertex -54.3776 -19.7725 3
      vertex -81.5 -31 3
      vertex -54.2275 -20.135 3
    endloop
  endfacet
  facet normal 0 0 1
    outer loop
      vertex -54.2275 -20.135 3
      vertex -81.5 -31 3
      vertex -54.0225 -20.4695 3
    endloop
  endfacet
  facet normal 0 0 1
    outer loop
      vertex -81.5 -31 3
      vertex -73.2497 -1.5803 3
      vertex -73.5 -1.6 3
    endloop
  endfacet
  facet normal 0 0 1
    outer loop
      vertex -81.5 -31 3
      vertex -73.5 -1.6 3
      vertex -73.7503 -1.5803 3
    endloop
  endfacet
  facet normal 0 0 1
    outer loop
      vertex -81.5 -31 3
      vertex -73.7503 -1.5803 3
      vertex -73.9944 -1.52169 3
    endloop
  endfacet
  facet normal 0 0 1
    outer loop
      vertex -81.5 -31 3
      vertex -73.9944 -1.52169 3
      vertex -74.2264 -1.42561 3
    endloop
  endfacet
  facet normal 0 0 1
    outer loop
      vertex -81.5 -31 3
      vertex -74.2264 -1.42561 3
      vertex -74.4405 -1.29443 3
    endloop
  endfacet
  facet normal 0 0 1
    outer loop
      vertex -81.5 -31 3
      vertex -74.4405 -1.29443 3
      vertex -74.6314 -1.13137 3
    endloop
  endfacet
  facet normal 0 0 1
    outer loop
      vertex -81.5 -31 3
      vertex -75.1 0 3
      vertex -81.5 31 3
    endloop
  endfacet
  facet normal 0 0 1
    outer loop
      vertex -8 -27.5 3
      vertex -81.5 -31 3
      vertex 81.5 -31 3
    endloop
  endfacet
  facet normal 0 0 1
    outer loop
      vertex -8.39109 -27.4692 3
      vertex -81.5 -31 3
      vertex -8 -27.5 3
    endloop
  endfacet
  facet normal 0 0 1
    outer loop
      vertex -8.77254 -27.3776 3
      vertex -81.5 -31 3
      vertex -8.39109 -27.4692 3
    endloop
  endfacet
  facet normal 0 0 1
    outer loop
      vertex -52.7725 -21.3776 3
      vertex -81.5 -31 3
      vertex -52.3911 -21.4692 3
    endloop
  endfacet
  facet normal 0 0 1
    outer loop
      vertex -53.135 -21.2275 3
      vertex -81.5 -31 3
      vertex -52.7725 -21.3776 3
    endloop
  endfacet
  facet normal 0 0 1
    outer loop
      vertex -53.4695 -21.0225 3
      vertex -81.5 -31 3
      vertex -53.135 -21.2275 3
    endloop
  endfacet
  facet normal 0 0 1
    outer loop
      vertex -53.7678 -20.7678 3
      vertex -81.5 -31 3
      vertex -53.4695 -21.0225 3
    endloop
  endfacet
  facet normal 0 0 1
    outer loop
      vertex -54.0225 -20.4695 3
      vertex -81.5 -31 3
      vertex -53.7678 -20.7678 3
    endloop
  endfacet
  facet normal 0 0 1
    outer loop
      vertex -74.7944 -0.940456 3
      vertex -81.5 -31 3
      vertex -74.6314 -1.13137 3
    endloop
  endfacet
  facet normal 0 0 1
    outer loop
      vertex -74.9256 -0.726384 3
      vertex -81.5 -31 3
      vertex -74.7944 -0.940456 3
    endloop
  endfacet
  facet normal 0 0 1
    outer loop
      vertex -75.0217 -0.494427 3
      vertex -81.5 -31 3
      vertex -74.9256 -0.726384 3
    endloop
  endfacet
  facet normal 0 0 1
    outer loop
      vertex -75.0803 -0.250295 3
      vertex -81.5 -31 3
      vertex -75.0217 -0.494427 3
    endloop
  endfacet
  facet normal 0 0 1
    outer loop
      vertex -75.1 0 3
      vertex -81.5 -31 3
      vertex -75.0803 -0.250295 3
    endloop
  endfacet
  facet normal 0 0 1
    outer loop
      vertex 41.7725 4.13498 3
      vertex 21.7842 16.3225 3
      vertex 41.7236 4.01696 3
    endloop
  endfacet
  facet normal -0 0 1
    outer loop
      vertex 16.8855 16.3225 3
      vertex 41.7236 4.01696 3
      vertex 21.7842 16.3225 3
    endloop
  endfacet
  facet normal -0 0 1
    outer loop
      vertex 16.1256 16.3225 3
      vertex 41.7236 4.01696 3
      vertex 16.8855 16.3225 3
    endloop
  endfacet
  facet normal -0 0 1
    outer loop
      vertex 15.0677 16.3225 3
      vertex 41.7236 4.01696 3
      vertex 16.1256 16.3225 3
    endloop
  endfacet
  facet normal -0 0 1
    outer loop
      vertex 10.7114 18.5576 3
      vertex 15.0677 16.3225 3
      vertex 14.1942 18.5576 3
    endloop
  endfacet
  facet normal 0 0 1
    outer loop
      vertex 9.83255 16.3225 3
      vertex 15.0677 16.3225 3
      vertex 10.7114 18.5576 3
    endloop
  endfacet
  facet normal 0 0 1
    outer loop
      vertex -5.55011 9.47162 3
      vertex 15.0677 16.3225 3
      vertex 9.83255 16.3225 3
    endloop
  endfacet
  facet normal 0 0 1
    outer loop
      vertex -5.55011 9.47162 3
      vertex 9.83255 16.3225 3
      vertex 8.75839 16.3225 3
    endloop
  endfacet
  facet normal 0 0 1
    outer loop
      vertex -5.55011 9.47162 3
      vertex 8.75839 16.3225 3
      vertex 8.40894 16.3225 3
    endloop
  endfacet
  facet normal 0 0 1
    outer loop
      vertex -5.55011 9.47162 3
      vertex 8.40894 16.3225 3
      vertex 7.21541 16.3225 3
    endloop
  endfacet
  facet normal 0 0 1
    outer loop
      vertex 2.8483 16.3225 3
      vertex 5.22981 19.4961 3
      vertex 2.8483 19.4961 3
    endloop
  endfacet
  facet normal 0 0 1
    outer loop
      vertex 5.22981 19.4961 3
      vertex 2.8483 16.3225 3
      vertex 7.21541 16.3225 3
    endloop
  endfacet
  facet normal 0 0 1
    outer loop
      vertex -5.55011 9.47162 3
      vertex 7.21541 16.3225 3
      vertex 2.8483 16.3225 3
    endloop
  endfacet
  facet normal 0 0 1
    outer loop
      vertex -5.55011 9.47162 3
      vertex 2.8483 16.3225 3
      vertex 1.81213 16.3225 3
    endloop
  endfacet
  facet normal 0 0 1
    outer loop
      vertex 1.81213 23.9663 3
      vertex 0.231079 19.1978 3
      vertex 1.81213 16.3225 3
    endloop
  endfacet
  facet normal -0 0 1
    outer loop
      vertex 0.220154 18.8956 3
      vertex 1.81213 16.3225 3
      vertex 0.231079 19.1978 3
    endloop
  endfacet
  facet normal -0 0 1
    outer loop
      vertex 0.187378 18.6077 3
      vertex 1.81213 16.3225 3
      vertex 0.220154 18.8956 3
    endloop
  endfacet
  facet normal -0 0 1
    outer loop
      vertex 0.132767 18.3338 3
      vertex 1.81213 16.3225 3
      vertex 0.187378 18.6077 3
    endloop
  endfacet
  facet normal -0 0 1
    outer loop
      vertex 0.0562897 18.0742 3
      vertex 1.81213 16.3225 3
      vertex 0.132767 18.3338 3
    endloop
  endfacet
  facet normal -0 0 1
    outer loop
      vertex -0.0420227 17.8287 3
      vertex 1.81213 16.3225 3
      vertex 0.0562897 18.0742 3
    endloop
  endfacet
  facet normal -0 0 1
    outer loop
      vertex -0.162186 17.5974 3
      vertex 1.81213 16.3225 3
      vertex -0.0420227 17.8287 3
    endloop
  endfacet
  facet normal -0 0 1
    outer loop
      vertex -0.302322 17.382 3
      vertex 1.81213 16.3225 3
      vertex -0.162186 17.5974 3
    endloop
  endfacet
  facet normal -0 0 1
    outer loop
      vertex -0.460556 17.1842 3
      vertex 1.81213 16.3225 3
      vertex -0.302322 17.382 3
    endloop
  endfacet
  facet normal -0 0 1
    outer loop
      vertex -0.636871 17.004 3
      vertex 1.81213 16.3225 3
      vertex -0.460556 17.1842 3
    endloop
  endfacet
  facet normal -0 0 1
    outer loop
      vertex -0.831268 16.8415 3
      vertex 1.81213 16.3225 3
      vertex -0.636871 17.004 3
    endloop
  endfacet
  facet normal -0 0 1
    outer loop
      vertex -1.04376 16.6966 3
      vertex 1.81213 16.3225 3
      vertex -0.831268 16.8415 3
    endloop
  endfacet
  facet normal -0 0 1
    outer loop
      vertex -1.27434 16.5693 3
      vertex 1.81213 16.3225 3
      vertex -1.04376 16.6966 3
    endloop
  endfacet
  facet normal -0 0 1
    outer loop
      vertex -1.5211 16.4608 3
      vertex 1.81213 16.3225 3
      vertex -1.27434 16.5693 3
    endloop
  endfacet
  facet normal -0 0 1
    outer loop
      vertex -1.78218 16.3719 3
      vertex 1.81213 16.3225 3
      vertex -1.5211 16.4608 3
    endloop
  endfacet
  facet normal 0 0 1
    outer loop
      vertex 1.81213 16.3225 3
      vertex -1.78218 16.3719 3
      vertex -5.55011 9.47162 3
    endloop
  endfacet
  facet normal 0 0 1
    outer loop
      vertex -5.62236 9.77254 3
      vertex -1.78218 16.3719 3
      vertex -2.05757 16.3028 3
    endloop
  endfacet
  facet normal 0 0 1
    outer loop
      vertex -5.62236 9.77254 3
      vertex -2.05757 16.3028 3
      vertex -2.34727 16.2535 3
    endloop
  endfacet
  facet normal 0 0 1
    outer loop
      vertex -5.77248 10.135 3
      vertex -2.34727 16.2535 3
      vertex -2.65129 16.2239 3
    endloop
  endfacet
  facet normal 0 0 1
    outer loop
      vertex -5.97746 10.4695 3
      vertex -2.65129 16.2239 3
      vertex -2.96962 16.214 3
    endloop
  endfacet
  facet normal 0 0 1
    outer loop
      vertex -5.97746 10.4695 3
      vertex -2.96962 16.214 3
      vertex -3.27585 16.2235 3
    endloop
  endfacet
  facet normal 0 0 1
    outer loop
      vertex -6.23223 10.7678 3
      vertex -3.27585 16.2235 3
      vertex -3.5688 16.252 3
    endloop
  endfacet
  facet normal 0 0 1
    outer loop
      vertex -6.23223 10.7678 3
      vertex -3.5688 16.252 3
      vertex -3.84851 16.2995 3
    endloop
  endfacet
  facet normal 0 0 1
    outer loop
      vertex -6.23223 10.7678 3
      vertex -3.84851 16.2995 3
      vertex -4.11494 16.3659 3
    endloop
  endfacet
  facet normal 0 0 1
    outer loop
      vertex 15.0677 16.3225 3
      vertex -5.55011 9.47162 3
      vertex 41.7236 4.01696 3
    endloop
  endfacet
  facet normal 0 0 1
    outer loop
      vertex -6.23223 10.7678 3
      vertex -4.11494 16.3659 3
      vertex -4.36812 16.4514 3
    endloop
  endfacet
  facet normal 0 0 1
    outer loop
      vertex -6.23223 10.7678 3
      vertex -4.36812 16.4514 3
      vertex -4.60803 16.5558 3
    endloop
  endfacet
  facet normal 0 0 1
    outer loop
      vertex -6.23223 10.7678 3
      vertex -4.60803 16.5558 3
      vertex -4.83253 16.6783 3
    endloop
  endfacet
  facet normal 0 0 1
    outer loop
      vertex -6.23223 10.7678 3
      vertex -4.83253 16.6783 3
      vertex -5.03958 16.818 3
    endloop
  endfacet
  facet normal 0 0 1
    outer loop
      vertex -6.23223 10.7678 3
      vertex -5.03958 16.818 3
      vertex -5.22914 16.9749 3
    endloop
  endfacet
  facet normal 0 0 1
    outer loop
      vertex -6.23223 10.7678 3
      vertex -5.22914 16.9749 3
      vertex -5.40123 17.1489 3
    endloop
  endfacet
  facet normal 0 0 1
    outer loop
      vertex -6.23223 10.7678 3
      vertex -5.40123 17.1489 3
      vertex -5.55585 17.3401 3
    endloop
  endfacet
  facet normal 0 0 1
    outer loop
      vertex -1.78218 16.3719 3
      vertex -5.62236 9.77254 3
      vertex -5.55011 9.47162 3
    endloop
  endfacet
  facet normal 0 0 1
    outer loop
      vertex -6.23223 10.7678 3
      vertex -5.55585 17.3401 3
      vertex -5.69298 17.5485 3
    endloop
  endfacet
  facet normal 0 0 1
    outer loop
      vertex -2.34727 16.2535 3
      vertex -5.77248 10.135 3
      vertex -5.62236 9.77254 3
    endloop
  endfacet
  facet normal 0 0 1
    outer loop
      vertex -6.23223 10.7678 3
      vertex -5.69298 17.5485 3
      vertex -5.81068 17.7724 3
    endloop
  endfacet
  facet normal 0 0 1
    outer loop
      vertex -6.23223 10.7678 3
      vertex -5.81068 17.7724 3
      vertex -5.90698 18.0103 3
    endloop
  endfacet
  facet normal 0 0 1
    outer loop
      vertex -2.65129 16.2239 3
      vertex -5.97746 10.4695 3
      vertex -5.77248 10.135 3
    endloop
  endfacet
  facet normal 0 0 1
    outer loop
      vertex -6.23223 10.7678 3
      vertex -5.90698 18.0103 3
      vertex -5.98189 18.2619 3
    endloop
  endfacet
  facet normal 0 0 1
    outer loop
      vertex -6.23223 10.7678 3
      vertex -5.98189 18.2619 3
      vertex -6.03539 18.5275 3
    endloop
  endfacet
  facet normal 0 0 1
    outer loop
      vertex -6.23223 10.7678 3
      vertex -6.03539 18.5275 3
      vertex -6.06749 18.8069 3
    endloop
  endfacet
  facet normal 0 0 1
    outer loop
      vertex -6.23223 10.7678 3
      vertex -6.06749 18.8069 3
      vertex -6.07819 19.1001 3
    endloop
  endfacet
  facet normal 0 0 1
    outer loop
      vertex -3.27585 16.2235 3
      vertex -6.23223 10.7678 3
      vertex -5.97746 10.4695 3
    endloop
  endfacet
  facet normal 0 0 1
    outer loop
      vertex 21.7842 17.1688 3
      vertex 17.9217 23.9663 3
      vertex 17.9217 17.1688 3
    endloop
  endfacet
  facet normal 0 0 1
    outer loop
      vertex 8.04994 21.2424 3
      vertex 11.8777 23.9663 3
      vertex 8.09131 21.5036 3
    endloop
  endfacet
  facet normal 0 0 1
    outer loop
      vertex 7.981 20.9961 3
      vertex 11.8777 23.9663 3
      vertex 8.04994 21.2424 3
    endloop
  endfacet
  facet normal -0 0 1
    outer loop
      vertex 7.88448 20.765 3
      vertex 8.75839 16.3225 3
      vertex 7.981 20.9961 3
    endloop
  endfacet
  facet normal -0 0 1
    outer loop
      vertex 7.76038 20.5489 3
      vertex 8.75839 16.3225 3
      vertex 7.88448 20.765 3
    endloop
  endfacet
  facet normal -0 0 1
    outer loop
      vertex 7.60869 20.3479 3
      vertex 8.75839 16.3225 3
      vertex 7.76038 20.5489 3
    endloop
  endfacet
  facet normal -0 0 1
    outer loop
      vertex 7.43275 20.1663 3
      vertex 8.75839 16.3225 3
      vertex 7.60869 20.3479 3
    endloop
  endfacet
  facet normal -0 0 1
    outer loop
      vertex 7.23587 20.0085 3
      vertex 8.75839 16.3225 3
      vertex 7.43275 20.1663 3
    endloop
  endfacet
  facet normal 0 0 1
    outer loop
      vertex 8.75839 16.3225 3
      vertex 7.23587 20.0085 3
      vertex 8.40894 16.3225 3
    endloop
  endfacet
  facet normal -0 0 1
    outer loop
      vertex 7.01805 19.8745 3
      vertex 8.40894 16.3225 3
      vertex 7.23587 20.0085 3
    endloop
  endfacet
  facet normal -0 0 1
    outer loop
      vertex 6.7793 19.7644 3
      vertex 8.40894 16.3225 3
      vertex 7.01805 19.8745 3
    endloop
  endfacet
  facet normal -0 0 1
    outer loop
      vertex 6.51958 19.678 3
      vertex 8.40894 16.3225 3
      vertex 6.7793 19.7644 3
    endloop
  endfacet
  facet normal 0 0 1
    outer loop
      vertex 8.40894 16.3225 3
      vertex 6.51958 19.678 3
      vertex 6.23894 19.6155 3
    endloop
  endfacet
  facet normal 0 0 1
    outer loop
      vertex -4.51035 17.5974 3
      vertex -4.80568 18.0151 3
      vertex -4.67278 17.7922 3
    endloop
  endfacet
  facet normal 0 0 1
    outer loop
      vertex -6.86502 11.2275 3
      vertex -7.23953 16.3225 3
      vertex -7.22746 11.3776 3
    endloop
  endfacet
  facet normal 0 0 1
    outer loop
      vertex -7.23953 16.3225 3
      vertex -7.60891 11.4692 3
      vertex -7.22746 11.3776 3
    endloop
  endfacet
  facet normal 0 0 1
    outer loop
      vertex -7.23953 16.3225 3
      vertex -8 11.5 3
      vertex -7.60891 11.4692 3
    endloop
  endfacet
  facet normal 0 0 1
    outer loop
      vertex -7.23953 16.3225 3
      vertex -8.39109 11.4692 3
      vertex -8 11.5 3
    endloop
  endfacet
  facet normal 0 0 1
    outer loop
      vertex -7.23953 16.3225 3
      vertex -8.77254 11.3776 3
      vertex -8.39109 11.4692 3
    endloop
  endfacet
  facet normal -0 0 1
    outer loop
      vertex -13.2612 16.3225 3
      vertex -8.77254 11.3776 3
      vertex -7.23953 16.3225 3
    endloop
  endfacet
  facet normal 0 0 1
    outer loop
      vertex -8.77254 11.3776 3
      vertex -13.2612 16.3225 3
      vertex -9.13498 11.2275 3
    endloop
  endfacet
  facet normal 0 0 1
    outer loop
      vertex -9.13498 11.2275 3
      vertex -13.2612 16.3225 3
      vertex -9.46946 11.0225 3
    endloop
  endfacet
  facet normal 0 0 1
    outer loop
      vertex -9.46946 11.0225 3
      vertex -13.2612 16.3225 3
      vertex -9.76777 10.7678 3
    endloop
  endfacet
  facet normal 0 0 1
    outer loop
      vertex -9.76777 10.7678 3
      vertex -13.2612 16.3225 3
      vertex -10.0225 10.4695 3
    endloop
  endfacet
  facet normal 0 0 1
    outer loop
      vertex -10.0225 10.4695 3
      vertex -13.2612 16.3225 3
      vertex -10.2275 10.135 3
    endloop
  endfacet
  facet normal -0 0 1
    outer loop
      vertex -14.8911 16.3225 3
      vertex -10.2275 10.135 3
      vertex -13.2612 16.3225 3
    endloop
  endfacet
  facet normal 0 0 1
    outer loop
      vertex -10.2275 10.135 3
      vertex -14.8911 16.3225 3
      vertex -10.3776 9.77254 3
    endloop
  endfacet
  facet normal 0 0 1
    outer loop
      vertex -14.8911 16.3225 3
      vertex -13.2612 16.3225 3
      vertex -14.8911 23.9663 3
    endloop
  endfacet
  facet normal -0 0 1
    outer loop
      vertex -16.1388 16.3225 3
      vertex -10.3776 9.77254 3
      vertex -14.8911 16.3225 3
    endloop
  endfacet
  facet normal 0 0 1
    outer loop
      vertex -10.3776 9.77254 3
      vertex -16.1388 16.3225 3
      vertex -10.4359 9.52999 3
    endloop
  endfacet
  facet normal 0 0 1
    outer loop
      vertex -20.175 16.3225 3
      vertex -16.1388 16.3225 3
      vertex -20.175 21.4003 3
    endloop
  endfacet
  facet normal -0 0 1
    outer loop
      vertex -20.175 16.3225 3
      vertex -10.4359 9.52999 3
      vertex -16.1388 16.3225 3
    endloop
  endfacet
  facet normal -0 0 1
    outer loop
      vertex -21.0972 16.3225 3
      vertex -10.4359 9.52999 3
      vertex -20.175 16.3225 3
    endloop
  endfacet
  facet normal 0 0 1
    outer loop
      vertex -10.4359 9.52999 3
      vertex -21.0972 16.3225 3
      vertex -49.7002 5.9605 3
    endloop
  endfacet
  facet normal 0 0 1
    outer loop
      vertex -7.78745 20.6679 3
      vertex -6.07819 23.9663 3
      vertex -7.46193 23.12 3
    endloop
  endfacet
  facet normal 0 0 1
    outer loop
      vertex -6.07819 19.1001 3
      vertex -7.78745 20.6679 3
      vertex -7.78745 19.8325 3
    endloop
  endfacet
  facet normal 0 0 1
    outer loop
      vertex -6.07819 19.1001 3
      vertex -7.78745 19.8325 3
      vertex -7.23953 17.1688 3
    endloop
  endfacet
  facet normal 0 0 1
    outer loop
      vertex -12.2251 17.1688 3
      vertex -7.78745 19.8325 3
      vertex -12.2251 19.8325 3
    endloop
  endfacet
  facet normal 0 0 1
    outer loop
      vertex -7.78745 19.8325 3
      vertex -12.2251 17.1688 3
      vertex -7.23953 17.1688 3
    endloop
  endfacet
  facet normal 0 0 1
    outer loop
      vertex -15.779 17.7511 3
      vertex -19.8929 23.9663 3
      vertex -15.7591 17.4129 3
    endloop
  endfacet
  facet normal 0 0 1
    outer loop
      vertex -15.7952 18.0567 3
      vertex -19.8929 23.9663 3
      vertex -15.779 17.7511 3
    endloop
  endfacet
  facet normal 0 0 1
    outer loop
      vertex -15.8079 18.3298 3
      vertex -19.8929 23.9663 3
      vertex -15.7952 18.0567 3
    endloop
  endfacet
  facet normal 0 0 1
    outer loop
      vertex -15.817 18.5703 3
      vertex -19.8929 23.9663 3
      vertex -15.8079 18.3298 3
    endloop
  endfacet
  facet normal 0 0 1
    outer loop
      vertex -15.8224 18.7782 3
      vertex -19.8929 23.9663 3
      vertex -15.817 18.5703 3
    endloop
  endfacet
  facet normal 0 0 1
    outer loop
      vertex -19.8929 23.9663 3
      vertex -15.8224 18.7782 3
      vertex -15.8242 18.9536 3
    endloop
  endfacet
  facet normal 0 0 1
    outer loop
      vertex -49.7902 3.83612 3
      vertex -49.7002 -6.0395 3
      vertex -13.5496 -2.75308 3
    endloop
  endfacet
  facet normal 0 0 1
    outer loop
      vertex -49.7002 -6.0395 3
      vertex -49.7902 3.83612 3
      vertex -49.7725 -5.86502 3
    endloop
  endfacet
  facet normal -0 0 1
    outer loop
      vertex -49.9775 3.53054 3
      vertex -49.7725 -5.86502 3
      vertex -49.7902 3.83612 3
    endloop
  endfacet
  facet normal 0 0 1
    outer loop
      vertex -49.9775 3.53054 3
      vertex -49.9775 -5.53054 3
      vertex -49.7725 -5.86502 3
    endloop
  endfacet
  facet normal -0 0 1
    outer loop
      vertex -50.2322 3.23223 3
      vertex -49.9775 -5.53054 3
      vertex -49.9775 3.53054 3
    endloop
  endfacet
  facet normal 0 0 1
    outer loop
      vertex -50.2322 3.23223 3
      vertex -50.2322 -5.23223 3
      vertex -49.9775 -5.53054 3
    endloop
  endfacet
  facet normal -0 0 1
    outer loop
      vertex -50.5305 2.97746 3
      vertex -50.2322 -5.23223 3
      vertex -50.2322 3.23223 3
    endloop
  endfacet
  facet normal 0 0 1
    outer loop
      vertex -50.5305 2.97746 3
      vertex -50.5305 -4.97746 3
      vertex -50.2322 -5.23223 3
    endloop
  endfacet
  facet normal -0 0 1
    outer loop
      vertex -50.865 2.77248 3
      vertex -50.5305 -4.97746 3
      vertex -50.5305 2.97746 3
    endloop
  endfacet
  facet normal 0 0 1
    outer loop
      vertex -50.865 2.77248 3
      vertex -50.865 -4.77248 3
      vertex -50.5305 -4.97746 3
    endloop
  endfacet
  facet normal -0 0 1
    outer loop
      vertex -51.2275 2.62236 3
      vertex -50.865 -4.77248 3
      vertex -50.865 2.77248 3
    endloop
  endfacet
  facet normal 0 0 1
    outer loop
      vertex -51.2275 2.62236 3
      vertex -51.2275 -4.62236 3
      vertex -50.865 -4.77248 3
    endloop
  endfacet
  facet normal -0 0 1
    outer loop
      vertex -51.6089 2.53078 3
      vertex -51.2275 -4.62236 3
      vertex -51.2275 2.62236 3
    endloop
  endfacet
  facet normal 0 0 1
    outer loop
      vertex -51.6089 2.53078 3
      vertex -51.6089 -4.53078 3
      vertex -51.2275 -4.62236 3
    endloop
  endfacet
  facet normal -0 0 1
    outer loop
      vertex -52 2.5 3
      vertex -51.6089 -4.53078 3
      vertex -51.6089 2.53078 3
    endloop
  endfacet
  facet normal 0 0 1
    outer loop
      vertex -52 2.5 3
      vertex -52 -4.5 3
      vertex -51.6089 -4.53078 3
    endloop
  endfacet
  facet normal 0 0 1
    outer loop
      vertex -52.3911 2.53078 3
      vertex -52 -4.5 3
      vertex -52 2.5 3
    endloop
  endfacet
  facet normal 0 0 1
    outer loop
      vertex -52.3911 2.53078 3
      vertex -52.3911 -4.53078 3
      vertex -52 -4.5 3
    endloop
  endfacet
  facet normal 0 0 1
    outer loop
      vertex -52.7725 2.62236 3
      vertex -52.3911 -4.53078 3
      vertex -52.3911 2.53078 3
    endloop
  endfacet
  facet normal 0 0 1
    outer loop
      vertex -52.7725 2.62236 3
      vertex -52.7725 -4.62236 3
      vertex -52.3911 -4.53078 3
    endloop
  endfacet
  facet normal 0 0 1
    outer loop
      vertex -53.135 2.77248 3
      vertex -52.7725 -4.62236 3
      vertex -52.7725 2.62236 3
    endloop
  endfacet
  facet normal 0 0 1
    outer loop
      vertex -53.135 2.77248 3
      vertex -53.135 -4.77248 3
      vertex -52.7725 -4.62236 3
    endloop
  endfacet
  facet normal 0 0 1
    outer loop
      vertex -53.4695 2.97746 3
      vertex -53.135 -4.77248 3
      vertex -53.135 2.77248 3
    endloop
  endfacet
  facet normal 0 0 1
    outer loop
      vertex -53.4695 2.97746 3
      vertex -53.4695 -4.97746 3
      vertex -53.135 -4.77248 3
    endloop
  endfacet
  facet normal 0 0 1
    outer loop
      vertex -53.7678 3.23223 3
      vertex -53.4695 -4.97746 3
      vertex -53.4695 2.97746 3
    endloop
  endfacet
  facet normal 0 0 1
    outer loop
      vertex -53.7678 3.23223 3
      vertex -53.7678 -5.23223 3
      vertex -53.4695 -4.97746 3
    endloop
  endfacet
  facet normal 0 0 1
    outer loop
      vertex -54.0225 3.53054 3
      vertex -53.7678 -5.23223 3
      vertex -53.7678 3.23223 3
    endloop
  endfacet
  facet normal 0 0 1
    outer loop
      vertex -54.0225 3.53054 3
      vertex -54.0225 -5.53054 3
      vertex -53.7678 -5.23223 3
    endloop
  endfacet
  facet normal 0 0 1
    outer loop
      vertex -54.2275 3.86502 3
      vertex -54.0225 -5.53054 3
      vertex -54.0225 3.53054 3
    endloop
  endfacet
  facet normal 0 0 1
    outer loop
      vertex -54.2275 3.86502 3
      vertex -54.2275 -5.86502 3
      vertex -54.0225 -5.53054 3
    endloop
  endfacet
  facet normal 0 0 1
    outer loop
      vertex -71.9197 -0.250295 3
      vertex -54.2275 3.86502 3
      vertex -54.3776 4.22746 3
    endloop
  endfacet
  facet normal 0 0 1
    outer loop
      vertex -54.2275 3.86502 3
      vertex -71.9197 -0.250295 3
      vertex -54.2275 -5.86502 3
    endloop
  endfacet
  facet normal 0 0 1
    outer loop
      vertex -71.9197 -0.250295 3
      vertex -54.3776 4.22746 3
      vertex -54.4692 4.60891 3
    endloop
  endfacet
  facet normal 0 0 1
    outer loop
      vertex -54.2275 -5.86502 3
      vertex -71.9197 -0.250295 3
      vertex -54.3776 -6.22746 3
    endloop
  endfacet
  facet normal 0 0 1
    outer loop
      vertex -71.9197 -0.250295 3
      vertex -54.4692 4.60891 3
      vertex -54.5 5 3
    endloop
  endfacet
  facet normal -0 0 1
    outer loop
      vertex -71.9783 -0.494427 3
      vertex -54.3776 -6.22746 3
      vertex -71.9197 -0.250295 3
    endloop
  endfacet
  facet normal 0 0 1
    outer loop
      vertex -49.7902 -8.16388 3
      vertex -49.7002 -18.0395 3
      vertex -13.5496 -14.7531 3
    endloop
  endfacet
  facet normal 0 0 1
    outer loop
      vertex -49.7002 -18.0395 3
      vertex -49.7902 -8.16388 3
      vertex -49.7725 -17.865 3
    endloop
  endfacet
  facet normal -0 0 1
    outer loop
      vertex -49.9775 -8.46946 3
      vertex -49.7725 -17.865 3
      vertex -49.7902 -8.16388 3
    endloop
  endfacet
  facet normal 0 0 1
    outer loop
      vertex -49.9775 -8.46946 3
      vertex -49.9775 -17.5305 3
      vertex -49.7725 -17.865 3
    endloop
  endfacet
  facet normal -0 0 1
    outer loop
      vertex -50.2322 -8.76777 3
      vertex -49.9775 -17.5305 3
      vertex -49.9775 -8.46946 3
    endloop
  endfacet
  facet normal 0 0 1
    outer loop
      vertex -50.2322 -8.76777 3
      vertex -50.2322 -17.2322 3
      vertex -49.9775 -17.5305 3
    endloop
  endfacet
  facet normal -0 0 1
    outer loop
      vertex -50.5305 -9.02254 3
      vertex -50.2322 -17.2322 3
      vertex -50.2322 -8.76777 3
    endloop
  endfacet
  facet normal 0 0 1
    outer loop
      vertex -50.5305 -9.02254 3
      vertex -50.5305 -16.9775 3
      vertex -50.2322 -17.2322 3
    endloop
  endfacet
  facet normal -0 0 1
    outer loop
      vertex -50.865 -9.22752 3
      vertex -50.5305 -16.9775 3
      vertex -50.5305 -9.02254 3
    endloop
  endfacet
  facet normal 0 0 1
    outer loop
      vertex -50.865 -9.22752 3
      vertex -50.865 -16.7725 3
      vertex -50.5305 -16.9775 3
    endloop
  endfacet
  facet normal -0 0 1
    outer loop
      vertex -51.2275 -9.37764 3
      vertex -50.865 -16.7725 3
      vertex -50.865 -9.22752 3
    endloop
  endfacet
  facet normal 0 0 1
    outer loop
      vertex -51.2275 -9.37764 3
      vertex -51.2275 -16.6224 3
      vertex -50.865 -16.7725 3
    endloop
  endfacet
  facet normal -0 0 1
    outer loop
      vertex -51.6089 -9.46922 3
      vertex -51.2275 -16.6224 3
      vertex -51.2275 -9.37764 3
    endloop
  endfacet
  facet normal 0 0 1
    outer loop
      vertex -51.6089 -9.46922 3
      vertex -51.6089 -16.5308 3
      vertex -51.2275 -16.6224 3
    endloop
  endfacet
  facet normal -0 0 1
    outer loop
      vertex -52 -9.5 3
      vertex -51.6089 -16.5308 3
      vertex -51.6089 -9.46922 3
    endloop
  endfacet
  facet normal 0 0 1
    outer loop
      vertex -52 -9.5 3
      vertex -52 -16.5 3
      vertex -51.6089 -16.5308 3
    endloop
  endfacet
  facet normal 0 0 1
    outer loop
      vertex -52.3911 -9.46922 3
      vertex -52 -16.5 3
      vertex -52 -9.5 3
    endloop
  endfacet
  facet normal 0 0 1
    outer loop
      vertex -52.3911 -9.46922 3
      vertex -52.3911 -16.5308 3
      vertex -52 -16.5 3
    endloop
  endfacet
  facet normal 0 0 1
    outer loop
      vertex -52.7725 -9.37764 3
      vertex -52.3911 -16.5308 3
      vertex -52.3911 -9.46922 3
    endloop
  endfacet
  facet normal 0 0 1
    outer loop
      vertex -52.7725 -9.37764 3
      vertex -52.7725 -16.6224 3
      vertex -52.3911 -16.5308 3
    endloop
  endfacet
  facet normal 0 0 1
    outer loop
      vertex -53.135 -9.22752 3
      vertex -52.7725 -16.6224 3
      vertex -52.7725 -9.37764 3
    endloop
  endfacet
  facet normal 0 0 1
    outer loop
      vertex -53.135 -9.22752 3
      vertex -53.135 -16.7725 3
      vertex -52.7725 -16.6224 3
    endloop
  endfacet
  facet normal 0 0 1
    outer loop
      vertex -53.4695 -9.02254 3
      vertex -53.135 -16.7725 3
      vertex -53.135 -9.22752 3
    endloop
  endfacet
  facet normal 0 0 1
    outer loop
      vertex -53.4695 -9.02254 3
      vertex -53.4695 -16.9775 3
      vertex -53.135 -16.7725 3
    endloop
  endfacet
  facet normal 0 0 1
    outer loop
      vertex -53.7678 -8.76777 3
      vertex -53.4695 -16.9775 3
      vertex -53.4695 -9.02254 3
    endloop
  endfacet
  facet normal 0 0 1
    outer loop
      vertex -53.7678 -8.76777 3
      vertex -53.7678 -17.2322 3
      vertex -53.4695 -16.9775 3
    endloop
  endfacet
  facet normal 0 0 1
    outer loop
      vertex -54.0225 -8.46946 3
      vertex -53.7678 -17.2322 3
      vertex -53.7678 -8.76777 3
    endloop
  endfacet
  facet normal 0 0 1
    outer loop
      vertex -54.0225 -8.46946 3
      vertex -54.0225 -17.5305 3
      vertex -53.7678 -17.2322 3
    endloop
  endfacet
  facet normal 0 0 1
    outer loop
      vertex -54.2275 -8.13498 3
      vertex -54.0225 -17.5305 3
      vertex -54.0225 -8.46946 3
    endloop
  endfacet
  facet normal 0 0 1
    outer loop
      vertex -54.2275 -8.13498 3
      vertex -54.2275 -17.865 3
      vertex -54.0225 -17.5305 3
    endloop
  endfacet
  facet normal 0 0 1
    outer loop
      vertex -54.3776 -7.77254 3
      vertex -54.2275 -17.865 3
      vertex -54.2275 -8.13498 3
    endloop
  endfacet
  facet normal 0 0 1
    outer loop
      vertex -54.3776 -7.77254 3
      vertex -54.3776 -18.2275 3
      vertex -54.2275 -17.865 3
    endloop
  endfacet
  facet normal 0 0 1
    outer loop
      vertex -54.4692 -7.39109 3
      vertex -54.3776 -18.2275 3
      vertex -54.3776 -7.77254 3
    endloop
  endfacet
  facet normal 0 0 1
    outer loop
      vertex -54.4692 -7.39109 3
      vertex -54.4692 -18.6089 3
      vertex -54.3776 -18.2275 3
    endloop
  endfacet
  facet normal 0 0 1
    outer loop
      vertex -54.5 -7 3
      vertex -54.4692 -18.6089 3
      vertex -54.4692 -7.39109 3
    endloop
  endfacet
  facet normal 0 0 1
    outer loop
      vertex -54.4692 -18.6089 3
      vertex -54.5 -7 3
      vertex -54.5 -19 3
    endloop
  endfacet
  facet normal 1 -0 0
    outer loop
      vertex 81.5 -31 3
      vertex 81.5 31 0
      vertex 81.5 31 3
    endloop
  endfacet
  facet normal 1 0 0
    outer loop
      vertex 81.5 31 0
      vertex 81.5 -31 3
      vertex 81.5 -31 0
    endloop
  endfacet
  facet normal 0 0 -1
    outer loop
      vertex 81.5 -31 0
      vertex 75.1 0 0
      vertex 81.5 31 0
    endloop
  endfacet
  facet normal 0 0 -1
    outer loop
      vertex 81.5 -31 0
      vertex 75.0803 -0.250295 0
      vertex 75.1 0 0
    endloop
  endfacet
  facet normal 0 0 -1
    outer loop
      vertex 81.5 -31 0
      vertex 75.0217 -0.494427 0
      vertex 75.0803 -0.250295 0
    endloop
  endfacet
  facet normal 0 0 -1
    outer loop
      vertex 81.5 -31 0
      vertex 74.9256 -0.726384 0
      vertex 75.0217 -0.494427 0
    endloop
  endfacet
  facet normal 0 0 -1
    outer loop
      vertex 81.5 -31 0
      vertex 74.7944 -0.940456 0
      vertex 74.9256 -0.726384 0
    endloop
  endfacet
  facet normal 0 0 -1
    outer loop
      vertex 81.5 -31 0
      vertex 74.6314 -1.13137 0
      vertex 74.7944 -0.940456 0
    endloop
  endfacet
  facet normal 0 0 -1
    outer loop
      vertex 81.5 -31 0
      vertex 74.4405 -1.29443 0
      vertex 74.6314 -1.13137 0
    endloop
  endfacet
  facet normal 0 0 -1
    outer loop
      vertex 81.5 -31 0
      vertex 74.2264 -1.42561 0
      vertex 74.4405 -1.29443 0
    endloop
  endfacet
  facet normal 0 0 -1
    outer loop
      vertex 81.5 -31 0
      vertex 73.9944 -1.52169 0
      vertex 74.2264 -1.42561 0
    endloop
  endfacet
  facet normal 0 0 -1
    outer loop
      vertex 81.5 -31 0
      vertex 73.7503 -1.5803 0
      vertex 73.9944 -1.52169 0
    endloop
  endfacet
  facet normal 0 0 -1
    outer loop
      vertex 81.5 -31 0
      vertex 73.5 -1.6 0
      vertex 73.7503 -1.5803 0
    endloop
  endfacet
  facet normal 0 0 -1
    outer loop
      vertex 81.5 -31 0
      vertex 73.2497 -1.5803 0
      vertex 73.5 -1.6 0
    endloop
  endfacet
  facet normal 0 0 -1
    outer loop
      vertex 81.5 -31 0
      vertex 73.0056 -1.52169 0
      vertex 73.2497 -1.5803 0
    endloop
  endfacet
  facet normal 0 0 -1
    outer loop
      vertex 81.5 -31 0
      vertex 72.7736 -1.42561 0
      vertex 73.0056 -1.52169 0
    endloop
  endfacet
  facet normal 0 0 -1
    outer loop
      vertex 81.5 -31 0
      vertex 72.5595 -1.29443 0
      vertex 72.7736 -1.42561 0
    endloop
  endfacet
  facet normal 0 0 -1
    outer loop
      vertex 81.5 -31 0
      vertex 72.3686 -1.13137 0
      vertex 72.5595 -1.29443 0
    endloop
  endfacet
  facet normal 0 0 -1
    outer loop
      vertex 81.5 -31 0
      vertex 72.2056 -0.940456 0
      vertex 72.3686 -1.13137 0
    endloop
  endfacet
  facet normal 0 0 -1
    outer loop
      vertex 81.5 -31 0
      vertex 72.0744 -0.726384 0
      vertex 72.2056 -0.940456 0
    endloop
  endfacet
  facet normal 0 0 -1
    outer loop
      vertex -72.0744 -0.726384 0
      vertex 72.0744 -0.726384 0
      vertex 81.5 -31 0
    endloop
  endfacet
  facet normal 0 0 -1
    outer loop
      vertex 71.9197 -0.250295 0
      vertex -71.9 0 0
      vertex 71.9 0 0
    endloop
  endfacet
  facet normal 0 0 -1
    outer loop
      vertex -71.9197 -0.250295 0
      vertex 71.9197 -0.250295 0
      vertex 71.9783 -0.494427 0
    endloop
  endfacet
  facet normal 0 0 -1
    outer loop
      vertex 72.0744 -0.726384 0
      vertex -72.0744 -0.726384 0
      vertex 71.9783 -0.494427 0
    endloop
  endfacet
  facet normal 0 0 -1
    outer loop
      vertex 71.9197 -0.250295 0
      vertex -71.9197 -0.250295 0
      vertex -71.9 0 0
    endloop
  endfacet
  facet normal 0 0 -1
    outer loop
      vertex 71.9783 -0.494427 0
      vertex -71.9783 -0.494427 0
      vertex -71.9197 -0.250295 0
    endloop
  endfacet
  facet normal -0 0 -1
    outer loop
      vertex 71.9783 -0.494427 0
      vertex -72.0744 -0.726384 0
      vertex -71.9783 -0.494427 0
    endloop
  endfacet
  facet normal 0 0 -1
    outer loop
      vertex -81.5 -31 0
      vertex -72.0744 -0.726384 0
      vertex 81.5 -31 0
    endloop
  endfacet
  facet normal 0 0 -1
    outer loop
      vertex -72.0744 -0.726384 0
      vertex -81.5 -31 0
      vertex -72.2056 -0.940456 0
    endloop
  endfacet
  facet normal 0 0 -1
    outer loop
      vertex -72.2056 -0.940456 0
      vertex -81.5 -31 0
      vertex -72.3686 -1.13137 0
    endloop
  endfacet
  facet normal 0 0 -1
    outer loop
      vertex -72.3686 -1.13137 0
      vertex -81.5 -31 0
      vertex -72.5595 -1.29443 0
    endloop
  endfacet
  facet normal 0 0 -1
    outer loop
      vertex -72.5595 -1.29443 0
      vertex -81.5 -31 0
      vertex -72.7736 -1.42561 0
    endloop
  endfacet
  facet normal 0 0 -1
    outer loop
      vertex -72.7736 -1.42561 0
      vertex -81.5 -31 0
      vertex -73.0056 -1.52169 0
    endloop
  endfacet
  facet normal 0 0 -1
    outer loop
      vertex -73.0056 -1.52169 0
      vertex -81.5 -31 0
      vertex -73.2497 -1.5803 0
    endloop
  endfacet
  facet normal 0 0 -1
    outer loop
      vertex -73.2497 -1.5803 0
      vertex -81.5 -31 0
      vertex -73.5 -1.6 0
    endloop
  endfacet
  facet normal -0 0 -1
    outer loop
      vertex -75.0803 -0.250295 0
      vertex -81.5 -31 0
      vertex -75.1 0 0
    endloop
  endfacet
  facet normal -0 0 -1
    outer loop
      vertex -75.0217 -0.494427 0
      vertex -81.5 -31 0
      vertex -75.0803 -0.250295 0
    endloop
  endfacet
  facet normal -0 0 -1
    outer loop
      vertex -74.9256 -0.726384 0
      vertex -81.5 -31 0
      vertex -75.0217 -0.494427 0
    endloop
  endfacet
  facet normal -0 0 -1
    outer loop
      vertex -74.7944 -0.940456 0
      vertex -81.5 -31 0
      vertex -74.9256 -0.726384 0
    endloop
  endfacet
  facet normal -0 0 -1
    outer loop
      vertex -74.6314 -1.13137 0
      vertex -81.5 -31 0
      vertex -74.7944 -0.940456 0
    endloop
  endfacet
  facet normal -0 0 -1
    outer loop
      vertex -74.4405 -1.29443 0
      vertex -81.5 -31 0
      vertex -74.6314 -1.13137 0
    endloop
  endfacet
  facet normal -0 0 -1
    outer loop
      vertex -74.2264 -1.42561 0
      vertex -81.5 -31 0
      vertex -74.4405 -1.29443 0
    endloop
  endfacet
  facet normal -0 0 -1
    outer loop
      vertex -73.9944 -1.52169 0
      vertex -81.5 -31 0
      vertex -74.2264 -1.42561 0
    endloop
  endfacet
  facet normal -0 0 -1
    outer loop
      vertex -73.7503 -1.5803 0
      vertex -81.5 -31 0
      vertex -73.9944 -1.52169 0
    endloop
  endfacet
  facet normal -0 0 -1
    outer loop
      vertex -73.5 -1.6 0
      vertex -81.5 -31 0
      vertex -73.7503 -1.5803 0
    endloop
  endfacet
  facet normal 0 0 -1
    outer loop
      vertex 75.0803 0.250295 0
      vertex 81.5 31 0
      vertex 75.1 0 0
    endloop
  endfacet
  facet normal 0 0 -1
    outer loop
      vertex 75.0217 0.494427 0
      vertex 81.5 31 0
      vertex 75.0803 0.250295 0
    endloop
  endfacet
  facet normal 0 0 -1
    outer loop
      vertex 74.9256 0.726384 0
      vertex 81.5 31 0
      vertex 75.0217 0.494427 0
    endloop
  endfacet
  facet normal 0 0 -1
    outer loop
      vertex 74.7944 0.940456 0
      vertex 81.5 31 0
      vertex 74.9256 0.726384 0
    endloop
  endfacet
  facet normal 0 0 -1
    outer loop
      vertex 74.6314 1.13137 0
      vertex 81.5 31 0
      vertex 74.7944 0.940456 0
    endloop
  endfacet
  facet normal 0 0 -1
    outer loop
      vertex 74.4405 1.29443 0
      vertex 81.5 31 0
      vertex 74.6314 1.13137 0
    endloop
  endfacet
  facet normal 0 0 -1
    outer loop
      vertex 74.2264 1.42561 0
      vertex 81.5 31 0
      vertex 74.4405 1.29443 0
    endloop
  endfacet
  facet normal 0 0 -1
    outer loop
      vertex 73.9944 1.52169 0
      vertex 81.5 31 0
      vertex 74.2264 1.42561 0
    endloop
  endfacet
  facet normal 0 0 -1
    outer loop
      vertex 73.7503 1.5803 0
      vertex 81.5 31 0
      vertex 73.9944 1.52169 0
    endloop
  endfacet
  facet normal 0 0 -1
    outer loop
      vertex 73.5 1.6 0
      vertex 81.5 31 0
      vertex 73.7503 1.5803 0
    endloop
  endfacet
  facet normal 0 0 -1
    outer loop
      vertex 73.2497 1.5803 0
      vertex 81.5 31 0
      vertex 73.5 1.6 0
    endloop
  endfacet
  facet normal 0 0 -1
    outer loop
      vertex 73.0056 1.52169 0
      vertex 81.5 31 0
      vertex 73.2497 1.5803 0
    endloop
  endfacet
  facet normal 0 0 -1
    outer loop
      vertex 72.7736 1.42561 0
      vertex 81.5 31 0
      vertex 73.0056 1.52169 0
    endloop
  endfacet
  facet normal 0 0 -1
    outer loop
      vertex 72.5595 1.29443 0
      vertex 81.5 31 0
      vertex 72.7736 1.42561 0
    endloop
  endfacet
  facet normal 0 0 -1
    outer loop
      vertex 72.3686 1.13137 0
      vertex 81.5 31 0
      vertex 72.5595 1.29443 0
    endloop
  endfacet
  facet normal 0 0 -1
    outer loop
      vertex 72.2056 0.940456 0
      vertex 81.5 31 0
      vertex 72.3686 1.13137 0
    endloop
  endfacet
  facet normal 0 0 -1
    outer loop
      vertex 72.0744 0.726384 0
      vertex 81.5 31 0
      vertex 72.2056 0.940456 0
    endloop
  endfacet
  facet normal 0 0 -1
    outer loop
      vertex -72.0744 0.726384 0
      vertex 72.0744 0.726384 0
      vertex 71.9783 0.494427 0
    endloop
  endfacet
  facet normal 0 0 -1
    outer loop
      vertex -71.9 0 0
      vertex 71.9197 0.250295 0
      vertex 71.9 0 0
    endloop
  endfacet
  facet normal 0 0 -1
    outer loop
      vertex -71.9197 0.250295 0
      vertex 71.9197 0.250295 0
      vertex -71.9 0 0
    endloop
  endfacet
  facet normal 0 0 -1
    outer loop
      vertex 71.9197 0.250295 0
      vertex -71.9197 0.250295 0
      vertex 71.9783 0.494427 0
    endloop
  endfacet
  facet normal 0 0 -1
    outer loop
      vertex -71.9783 0.494427 0
      vertex 71.9783 0.494427 0
      vertex -71.9197 0.250295 0
    endloop
  endfacet
  facet normal 0 0 -1
    outer loop
      vertex -72.0744 0.726384 0
      vertex 71.9783 0.494427 0
      vertex -71.9783 0.494427 0
    endloop
  endfacet
  facet normal 0 0 -1
    outer loop
      vertex 72.0744 0.726384 0
      vertex -72.0744 0.726384 0
      vertex 81.5 31 0
    endloop
  endfacet
  facet normal 0 0 -1
    outer loop
      vertex -81.5 31 0
      vertex -72.0744 0.726384 0
      vertex -72.2056 0.940456 0
    endloop
  endfacet
  facet normal 0 0 -1
    outer loop
      vertex -81.5 31 0
      vertex -72.2056 0.940456 0
      vertex -72.3686 1.13137 0
    endloop
  endfacet
  facet normal 0 0 -1
    outer loop
      vertex -81.5 31 0
      vertex -72.3686 1.13137 0
      vertex -72.5595 1.29443 0
    endloop
  endfacet
  facet normal 0 0 -1
    outer loop
      vertex -81.5 31 0
      vertex -72.5595 1.29443 0
      vertex -72.7736 1.42561 0
    endloop
  endfacet
  facet normal 0 0 -1
    outer loop
      vertex -81.5 31 0
      vertex -72.7736 1.42561 0
      vertex -73.0056 1.52169 0
    endloop
  endfacet
  facet normal 0 0 -1
    outer loop
      vertex -81.5 31 0
      vertex -73.0056 1.52169 0
      vertex -73.2497 1.5803 0
    endloop
  endfacet
  facet normal 0 0 -1
    outer loop
      vertex -81.5 31 0
      vertex -73.2497 1.5803 0
      vertex -73.5 1.6 0
    endloop
  endfacet
  facet normal 0 0 -1
    outer loop
      vertex -81.5 31 0
      vertex -73.5 1.6 0
      vertex -73.7503 1.5803 0
    endloop
  endfacet
  facet normal 0 0 -1
    outer loop
      vertex -81.5 31 0
      vertex -75.1 0 0
      vertex -81.5 -31 0
    endloop
  endfacet
  facet normal 0 0 -1
    outer loop
      vertex -72.0744 0.726384 0
      vertex -81.5 31 0
      vertex 81.5 31 0
    endloop
  endfacet
  facet normal 0 0 -1
    outer loop
      vertex -73.9944 1.52169 0
      vertex -81.5 31 0
      vertex -73.7503 1.5803 0
    endloop
  endfacet
  facet normal 0 0 -1
    outer loop
      vertex -74.2264 1.42561 0
      vertex -81.5 31 0
      vertex -73.9944 1.52169 0
    endloop
  endfacet
  facet normal 0 0 -1
    outer loop
      vertex -74.4405 1.29443 0
      vertex -81.5 31 0
      vertex -74.2264 1.42561 0
    endloop
  endfacet
  facet normal 0 0 -1
    outer loop
      vertex -74.6314 1.13137 0
      vertex -81.5 31 0
      vertex -74.4405 1.29443 0
    endloop
  endfacet
  facet normal 0 0 -1
    outer loop
      vertex -74.7944 0.940456 0
      vertex -81.5 31 0
      vertex -74.6314 1.13137 0
    endloop
  endfacet
  facet normal 0 0 -1
    outer loop
      vertex -74.9256 0.726384 0
      vertex -81.5 31 0
      vertex -74.7944 0.940456 0
    endloop
  endfacet
  facet normal 0 0 -1
    outer loop
      vertex -75.0217 0.494427 0
      vertex -81.5 31 0
      vertex -74.9256 0.726384 0
    endloop
  endfacet
  facet normal 0 0 -1
    outer loop
      vertex -75.0803 0.250295 0
      vertex -81.5 31 0
      vertex -75.0217 0.494427 0
    endloop
  endfacet
  facet normal 0 0 -1
    outer loop
      vertex -75.1 0 0
      vertex -81.5 31 0
      vertex -75.0803 0.250295 0
    endloop
  endfacet
  facet normal 0 -1 0
    outer loop
      vertex -81.5 -31 0
      vertex 81.5 -31 3
      vertex -81.5 -31 3
    endloop
  endfacet
  facet normal 0 -1 -0
    outer loop
      vertex 81.5 -31 3
      vertex -81.5 -31 0
      vertex 81.5 -31 0
    endloop
  endfacet
  facet normal 0 1 -0
    outer loop
      vertex 81.5 31 0
      vertex -81.5 31 3
      vertex 81.5 31 3
    endloop
  endfacet
  facet normal 0 1 0
    outer loop
      vertex -81.5 31 3
      vertex 81.5 31 0
      vertex -81.5 31 0
    endloop
  endfacet
  facet normal 0 0 1
    outer loop
      vertex 46.4692 3.39109 4.4
      vertex 46.4692 2.60891 4.4
      vertex 46.5 3 4.4
    endloop
  endfacet
  facet normal 0 0 1
    outer loop
      vertex 46.3776 3.77254 4.4
      vertex 46.4692 2.60891 4.4
      vertex 46.4692 3.39109 4.4
    endloop
  endfacet
  facet normal 0 0 1
    outer loop
      vertex 46.3776 3.77254 4.4
      vertex 46.3776 2.22746 4.4
      vertex 46.4692 2.60891 4.4
    endloop
  endfacet
  facet normal 0 0 1
    outer loop
      vertex 46.2275 4.13498 4.4
      vertex 46.3776 2.22746 4.4
      vertex 46.3776 3.77254 4.4
    endloop
  endfacet
  facet normal 0 0 1
    outer loop
      vertex 46.2275 4.13498 4.4
      vertex 46.2275 1.86502 4.4
      vertex 46.3776 2.22746 4.4
    endloop
  endfacet
  facet normal 0 0 1
    outer loop
      vertex 46.0225 4.46946 4.4
      vertex 46.2275 1.86502 4.4
      vertex 46.2275 4.13498 4.4
    endloop
  endfacet
  facet normal 0 0 1
    outer loop
      vertex 46.0225 4.46946 4.4
      vertex 46.0225 1.53054 4.4
      vertex 46.2275 1.86502 4.4
    endloop
  endfacet
  facet normal 0 0 1
    outer loop
      vertex 45.7678 4.76777 4.4
      vertex 46.0225 1.53054 4.4
      vertex 46.0225 4.46946 4.4
    endloop
  endfacet
  facet normal 0 0 1
    outer loop
      vertex 45.7678 4.76777 4.4
      vertex 45.7678 1.23223 4.4
      vertex 46.0225 1.53054 4.4
    endloop
  endfacet
  facet normal 0 0 1
    outer loop
      vertex 45.4695 5.02254 4.4
      vertex 45.7678 1.23223 4.4
      vertex 45.7678 4.76777 4.4
    endloop
  endfacet
  facet normal 0 0 1
    outer loop
      vertex 45.4695 5.02254 4.4
      vertex 45.4695 0.977457 4.4
      vertex 45.7678 1.23223 4.4
    endloop
  endfacet
  facet normal 0 0 1
    outer loop
      vertex 45.135 5.22752 4.4
      vertex 45.4695 0.977457 4.4
      vertex 45.4695 5.02254 4.4
    endloop
  endfacet
  facet normal 0 0 1
    outer loop
      vertex 45.135 5.22752 4.4
      vertex 45.135 0.772483 4.4
      vertex 45.4695 0.977457 4.4
    endloop
  endfacet
  facet normal 0 0 1
    outer loop
      vertex 44.7725 5.37764 4.4
      vertex 45.135 0.772483 4.4
      vertex 45.135 5.22752 4.4
    endloop
  endfacet
  facet normal 0 0 1
    outer loop
      vertex 44.7725 5.37764 4.4
      vertex 44.7725 0.622358 4.4
      vertex 45.135 0.772483 4.4
    endloop
  endfacet
  facet normal 0 0 1
    outer loop
      vertex 44.3911 5.46922 4.4
      vertex 44.7725 0.622358 4.4
      vertex 44.7725 5.37764 4.4
    endloop
  endfacet
  facet normal 0 0 1
    outer loop
      vertex 44.3911 5.46922 4.4
      vertex 44.3911 0.530779 4.4
      vertex 44.7725 0.622358 4.4
    endloop
  endfacet
  facet normal 0 0 1
    outer loop
      vertex 44 5.5 4.4
      vertex 44.3911 0.530779 4.4
      vertex 44.3911 5.46922 4.4
    endloop
  endfacet
  facet normal 0 0 1
    outer loop
      vertex 44 5.5 4.4
      vertex 44 0.5 4.4
      vertex 44.3911 0.530779 4.4
    endloop
  endfacet
  facet normal -0 0 1
    outer loop
      vertex 43.6089 5.46922 4.4
      vertex 44 0.5 4.4
      vertex 44 5.5 4.4
    endloop
  endfacet
  facet normal 0 0 1
    outer loop
      vertex 43.6089 5.46922 4.4
      vertex 43.6089 0.530779 4.4
      vertex 44 0.5 4.4
    endloop
  endfacet
  facet normal -0 0 1
    outer loop
      vertex 43.2275 5.37764 4.4
      vertex 43.6089 0.530779 4.4
      vertex 43.6089 5.46922 4.4
    endloop
  endfacet
  facet normal 0 0 1
    outer loop
      vertex 43.2275 5.37764 4.4
      vertex 43.2275 0.622358 4.4
      vertex 43.6089 0.530779 4.4
    endloop
  endfacet
  facet normal -0 0 1
    outer loop
      vertex 42.865 5.22752 4.4
      vertex 43.2275 0.622358 4.4
      vertex 43.2275 5.37764 4.4
    endloop
  endfacet
  facet normal 0 0 1
    outer loop
      vertex 42.865 5.22752 4.4
      vertex 42.865 0.772483 4.4
      vertex 43.2275 0.622358 4.4
    endloop
  endfacet
  facet normal -0 0 1
    outer loop
      vertex 42.5305 5.02254 4.4
      vertex 42.865 0.772483 4.4
      vertex 42.865 5.22752 4.4
    endloop
  endfacet
  facet normal 0 0 1
    outer loop
      vertex 42.5305 5.02254 4.4
      vertex 42.5305 0.977457 4.4
      vertex 42.865 0.772483 4.4
    endloop
  endfacet
  facet normal -0 0 1
    outer loop
      vertex 42.2322 4.76777 4.4
      vertex 42.5305 0.977457 4.4
      vertex 42.5305 5.02254 4.4
    endloop
  endfacet
  facet normal 0 0 1
    outer loop
      vertex 42.2322 4.76777 4.4
      vertex 42.2322 1.23223 4.4
      vertex 42.5305 0.977457 4.4
    endloop
  endfacet
  facet normal 0 0 1
    outer loop
      vertex 41.7236 4.01696 4.4
      vertex 42.2322 4.76777 4.4
      vertex 41.9775 4.46946 4.4
    endloop
  endfacet
  facet normal 0 0 1
    outer loop
      vertex 42.2322 4.76777 4.4
      vertex 41.7236 4.01696 4.4
      vertex 42.2322 1.23223 4.4
    endloop
  endfacet
  facet normal 0 0 1
    outer loop
      vertex 41.7236 4.01696 4.4
      vertex 41.9775 4.46946 4.4
      vertex 41.7725 4.13498 4.4
    endloop
  endfacet
  facet normal -0 0 1
    outer loop
      vertex 41.7236 1.98303 4.4
      vertex 42.2322 1.23223 4.4
      vertex 41.7236 4.01696 4.4
    endloop
  endfacet
  facet normal 0 0 1
    outer loop
      vertex 42.2322 1.23223 4.4
      vertex 41.7236 1.98303 4.4
      vertex 41.9775 1.53054 4.4
    endloop
  endfacet
  facet normal 0 0 1
    outer loop
      vertex 41.9775 1.53054 4.4
      vertex 41.7236 1.98303 4.4
      vertex 41.7725 1.86502 4.4
    endloop
  endfacet
  facet normal 0 0 1
    outer loop
      vertex 41.7236 4.01696 4.4
      vertex 37.4627 3 4.4
      vertex 41.7236 1.98303 4.4
    endloop
  endfacet
  facet normal 0 0 1
    outer loop
      vertex -5.55011 9.47162 4.4
      vertex 37.4627 3 4.4
      vertex 41.7236 4.01696 4.4
    endloop
  endfacet
  facet normal 0 0 1
    outer loop
      vertex -5.55011 9.47162 4.4
      vertex -5.7236 7.98303 4.4
      vertex 37.4627 3 4.4
    endloop
  endfacet
  facet normal 0 0 1
    outer loop
      vertex -5.77248 10.135 4.4
      vertex -5.55011 9.47162 4.4
      vertex -5.62236 9.77254 4.4
    endloop
  endfacet
  facet normal 0 0 1
    outer loop
      vertex -5.55011 9.47162 4.4
      vertex -5.77248 10.135 4.4
      vertex -5.7236 7.98303 4.4
    endloop
  endfacet
  facet normal 0 0 1
    outer loop
      vertex -5.97746 10.4695 4.4
      vertex -5.7236 7.98303 4.4
      vertex -5.77248 10.135 4.4
    endloop
  endfacet
  facet normal 0 0 1
    outer loop
      vertex -6.23223 10.7678 4.4
      vertex -5.7236 7.98303 4.4
      vertex -5.97746 10.4695 4.4
    endloop
  endfacet
  facet normal 0 0 1
    outer loop
      vertex -5.7236 7.98303 4.4
      vertex -5.97746 7.53054 4.4
      vertex -5.77248 7.86502 4.4
    endloop
  endfacet
  facet normal 0 0 1
    outer loop
      vertex -6.23223 7.23223 4.4
      vertex -5.7236 7.98303 4.4
      vertex -6.23223 10.7678 4.4
    endloop
  endfacet
  facet normal 0 0 1
    outer loop
      vertex -5.7236 7.98303 4.4
      vertex -6.23223 7.23223 4.4
      vertex -5.97746 7.53054 4.4
    endloop
  endfacet
  facet normal 0 0 1
    outer loop
      vertex -6.53054 11.0225 4.4
      vertex -6.23223 7.23223 4.4
      vertex -6.23223 10.7678 4.4
    endloop
  endfacet
  facet normal 0 0 1
    outer loop
      vertex -6.53054 11.0225 4.4
      vertex -6.53054 6.97746 4.4
      vertex -6.23223 7.23223 4.4
    endloop
  endfacet
  facet normal 0 0 1
    outer loop
      vertex -6.86502 11.2275 4.4
      vertex -6.53054 6.97746 4.4
      vertex -6.53054 11.0225 4.4
    endloop
  endfacet
  facet normal 0 0 1
    outer loop
      vertex -6.86502 11.2275 4.4
      vertex -6.86502 6.77248 4.4
      vertex -6.53054 6.97746 4.4
    endloop
  endfacet
  facet normal 0 0 1
    outer loop
      vertex -7.22746 11.3776 4.4
      vertex -6.86502 6.77248 4.4
      vertex -6.86502 11.2275 4.4
    endloop
  endfacet
  facet normal 0 0 1
    outer loop
      vertex -7.22746 11.3776 4.4
      vertex -7.22746 6.62236 4.4
      vertex -6.86502 6.77248 4.4
    endloop
  endfacet
  facet normal 0 0 1
    outer loop
      vertex -7.60891 11.4692 4.4
      vertex -7.22746 6.62236 4.4
      vertex -7.22746 11.3776 4.4
    endloop
  endfacet
  facet normal 0 0 1
    outer loop
      vertex -7.60891 11.4692 4.4
      vertex -7.60891 6.53078 4.4
      vertex -7.22746 6.62236 4.4
    endloop
  endfacet
  facet normal 0 0 1
    outer loop
      vertex -8 11.5 4.4
      vertex -7.60891 6.53078 4.4
      vertex -7.60891 11.4692 4.4
    endloop
  endfacet
  facet normal 0 0 1
    outer loop
      vertex -8 11.5 4.4
      vertex -8 6.5 4.4
      vertex -7.60891 6.53078 4.4
    endloop
  endfacet
  facet normal -0 0 1
    outer loop
      vertex -8.39109 11.4692 4.4
      vertex -8 6.5 4.4
      vertex -8 11.5 4.4
    endloop
  endfacet
  facet normal 0 0 1
    outer loop
      vertex -8.39109 11.4692 4.4
      vertex -8.39109 6.53078 4.4
      vertex -8 6.5 4.4
    endloop
  endfacet
  facet normal -0 0 1
    outer loop
      vertex -8.77254 11.3776 4.4
      vertex -8.39109 6.53078 4.4
      vertex -8.39109 11.4692 4.4
    endloop
  endfacet
  facet normal 0 0 1
    outer loop
      vertex -8.77254 11.3776 4.4
      vertex -8.77254 6.62236 4.4
      vertex -8.39109 6.53078 4.4
    endloop
  endfacet
  facet normal -0 0 1
    outer loop
      vertex -9.13498 11.2275 4.4
      vertex -8.77254 6.62236 4.4
      vertex -8.77254 11.3776 4.4
    endloop
  endfacet
  facet normal 0 0 1
    outer loop
      vertex -9.13498 11.2275 4.4
      vertex -9.13498 6.77248 4.4
      vertex -8.77254 6.62236 4.4
    endloop
  endfacet
  facet normal -0 0 1
    outer loop
      vertex -9.46946 11.0225 4.4
      vertex -9.13498 6.77248 4.4
      vertex -9.13498 11.2275 4.4
    endloop
  endfacet
  facet normal 0 0 1
    outer loop
      vertex -9.46946 11.0225 4.4
      vertex -9.46946 6.97746 4.4
      vertex -9.13498 6.77248 4.4
    endloop
  endfacet
  facet normal -0 0 1
    outer loop
      vertex -9.76777 10.7678 4.4
      vertex -9.46946 6.97746 4.4
      vertex -9.46946 11.0225 4.4
    endloop
  endfacet
  facet normal -0 0 1
    outer loop
      vertex -10.2998 8.0395 4.4
      vertex -9.46946 6.97746 4.4
      vertex -9.76777 10.7678 4.4
    endloop
  endfacet
  facet normal 0 0 1
    outer loop
      vertex -10.2998 8.0395 4.4
      vertex -9.76777 10.7678 4.4
      vertex -10.0225 10.4695 4.4
    endloop
  endfacet
  facet normal 0 0 1
    outer loop
      vertex -9.46946 6.97746 4.4
      vertex -10.2998 8.0395 4.4
      vertex -9.76777 7.23223 4.4
    endloop
  endfacet
  facet normal 0 0 1
    outer loop
      vertex -10.4359 9.52999 4.4
      vertex -10.0225 10.4695 4.4
      vertex -10.2275 10.135 4.4
    endloop
  endfacet
  facet normal 0 0 1
    outer loop
      vertex -9.76777 7.23223 4.4
      vertex -10.2998 8.0395 4.4
      vertex -10.0225 7.53054 4.4
    endloop
  endfacet
  facet normal 0 0 1
    outer loop
      vertex -10.0225 7.53054 4.4
      vertex -10.2998 8.0395 4.4
      vertex -10.2275 7.86502 4.4
    endloop
  endfacet
  facet normal 0 0 1
    outer loop
      vertex -10.4359 9.52999 4.4
      vertex -10.2275 10.135 4.4
      vertex -10.3776 9.77254 4.4
    endloop
  endfacet
  facet normal 0 0 1
    outer loop
      vertex -10.0225 10.4695 4.4
      vertex -10.4359 9.52999 4.4
      vertex -10.2998 8.0395 4.4
    endloop
  endfacet
  facet normal 0 0 1
    outer loop
      vertex -10.4359 9.52999 4.4
      vertex -46.4504 4.75308 4.4
      vertex -10.2998 8.0395 4.4
    endloop
  endfacet
  facet normal 0 -0 1
    outer loop
      vertex -46.4504 4.75308 4.4
      vertex -10.4359 9.52999 4.4
      vertex -49.7002 5.9605 4.4
    endloop
  endfacet
  facet normal 0 0 1
    outer loop
      vertex 37.4627 3 4.4
      vertex -2.37984 -3.10582 4.4
      vertex 41.7236 1.98303 4.4
    endloop
  endfacet
  facet normal 0 -0 1
    outer loop
      vertex -2.37984 -3.10582 4.4
      vertex 37.4627 3 4.4
      vertex -5.7236 -1.98303 4.4
    endloop
  endfacet
  facet normal 0 0 1
    outer loop
      vertex 46.4692 -10.6089 4.4
      vertex 46.4692 -11.3911 4.4
      vertex 46.5 -11 4.4
    endloop
  endfacet
  facet normal 0 0 1
    outer loop
      vertex 46.3776 -10.2275 4.4
      vertex 46.4692 -11.3911 4.4
      vertex 46.4692 -10.6089 4.4
    endloop
  endfacet
  facet normal 0 0 1
    outer loop
      vertex 46.3776 -10.2275 4.4
      vertex 46.3776 -11.7725 4.4
      vertex 46.4692 -11.3911 4.4
    endloop
  endfacet
  facet normal 0 0 1
    outer loop
      vertex 46.2275 -9.86502 4.4
      vertex 46.3776 -11.7725 4.4
      vertex 46.3776 -10.2275 4.4
    endloop
  endfacet
  facet normal 0 0 1
    outer loop
      vertex 46.2275 -9.86502 4.4
      vertex 46.2275 -12.135 4.4
      vertex 46.3776 -11.7725 4.4
    endloop
  endfacet
  facet normal 0 0 1
    outer loop
      vertex 46.0225 -9.53054 4.4
      vertex 46.2275 -12.135 4.4
      vertex 46.2275 -9.86502 4.4
    endloop
  endfacet
  facet normal 0 0 1
    outer loop
      vertex 46.0225 -9.53054 4.4
      vertex 46.0225 -12.4695 4.4
      vertex 46.2275 -12.135 4.4
    endloop
  endfacet
  facet normal 0 0 1
    outer loop
      vertex 45.7678 -9.23223 4.4
      vertex 46.0225 -12.4695 4.4
      vertex 46.0225 -9.53054 4.4
    endloop
  endfacet
  facet normal 0 0 1
    outer loop
      vertex 45.7678 -9.23223 4.4
      vertex 45.7678 -12.7678 4.4
      vertex 46.0225 -12.4695 4.4
    endloop
  endfacet
  facet normal 0 0 1
    outer loop
      vertex 45.4695 -8.97746 4.4
      vertex 45.7678 -12.7678 4.4
      vertex 45.7678 -9.23223 4.4
    endloop
  endfacet
  facet normal 0 0 1
    outer loop
      vertex 45.4695 -8.97746 4.4
      vertex 45.4695 -13.0225 4.4
      vertex 45.7678 -12.7678 4.4
    endloop
  endfacet
  facet normal 0 0 1
    outer loop
      vertex 45.135 -8.77248 4.4
      vertex 45.4695 -13.0225 4.4
      vertex 45.4695 -8.97746 4.4
    endloop
  endfacet
  facet normal 0 0 1
    outer loop
      vertex 45.135 -8.77248 4.4
      vertex 45.135 -13.2275 4.4
      vertex 45.4695 -13.0225 4.4
    endloop
  endfacet
  facet normal 0 0 1
    outer loop
      vertex 44.7725 -8.62236 4.4
      vertex 45.135 -13.2275 4.4
      vertex 45.135 -8.77248 4.4
    endloop
  endfacet
  facet normal 0 0 1
    outer loop
      vertex 44.7725 -8.62236 4.4
      vertex 44.7725 -13.3776 4.4
      vertex 45.135 -13.2275 4.4
    endloop
  endfacet
  facet normal 0 0 1
    outer loop
      vertex 44.3911 -8.53078 4.4
      vertex 44.7725 -13.3776 4.4
      vertex 44.7725 -8.62236 4.4
    endloop
  endfacet
  facet normal 0 0 1
    outer loop
      vertex 44.3911 -8.53078 4.4
      vertex 44.3911 -13.4692 4.4
      vertex 44.7725 -13.3776 4.4
    endloop
  endfacet
  facet normal 0 0 1
    outer loop
      vertex 44 -8.5 4.4
      vertex 44.3911 -13.4692 4.4
      vertex 44.3911 -8.53078 4.4
    endloop
  endfacet
  facet normal 0 0 1
    outer loop
      vertex 44 -8.5 4.4
      vertex 44 -13.5 4.4
      vertex 44.3911 -13.4692 4.4
    endloop
  endfacet
  facet normal -0 0 1
    outer loop
      vertex 43.6089 -8.53078 4.4
      vertex 44 -13.5 4.4
      vertex 44 -8.5 4.4
    endloop
  endfacet
  facet normal 0 0 1
    outer loop
      vertex 43.6089 -8.53078 4.4
      vertex 43.6089 -13.4692 4.4
      vertex 44 -13.5 4.4
    endloop
  endfacet
  facet normal -0 0 1
    outer loop
      vertex 43.2275 -8.62236 4.4
      vertex 43.6089 -13.4692 4.4
      vertex 43.6089 -8.53078 4.4
    endloop
  endfacet
  facet normal 0 0 1
    outer loop
      vertex 43.2275 -8.62236 4.4
      vertex 43.2275 -13.3776 4.4
      vertex 43.6089 -13.4692 4.4
    endloop
  endfacet
  facet normal -0 0 1
    outer loop
      vertex 42.865 -8.77248 4.4
      vertex 43.2275 -13.3776 4.4
      vertex 43.2275 -8.62236 4.4
    endloop
  endfacet
  facet normal 0 0 1
    outer loop
      vertex 42.865 -8.77248 4.4
      vertex 42.865 -13.2275 4.4
      vertex 43.2275 -13.3776 4.4
    endloop
  endfacet
  facet normal -0 0 1
    outer loop
      vertex 42.5305 -8.97746 4.4
      vertex 42.865 -13.2275 4.4
      vertex 42.865 -8.77248 4.4
    endloop
  endfacet
  facet normal 0 0 1
    outer loop
      vertex 42.5305 -8.97746 4.4
      vertex 42.5305 -13.0225 4.4
      vertex 42.865 -13.2275 4.4
    endloop
  endfacet
  facet normal -0 0 1
    outer loop
      vertex 42.2322 -9.23223 4.4
      vertex 42.5305 -13.0225 4.4
      vertex 42.5305 -8.97746 4.4
    endloop
  endfacet
  facet normal 0 0 1
    outer loop
      vertex 42.2322 -9.23223 4.4
      vertex 42.2322 -12.7678 4.4
      vertex 42.5305 -13.0225 4.4
    endloop
  endfacet
  facet normal -0 0 1
    outer loop
      vertex 41.9775 -9.53054 4.4
      vertex 42.2322 -12.7678 4.4
      vertex 42.2322 -9.23223 4.4
    endloop
  endfacet
  facet normal 0 0 1
    outer loop
      vertex 41.9775 -9.53054 4.4
      vertex 41.9775 -12.4695 4.4
      vertex 42.2322 -12.7678 4.4
    endloop
  endfacet
  facet normal 0 0 1
    outer loop
      vertex 41.7595 -9.89648 4.4
      vertex 41.9775 -9.53054 4.4
      vertex 41.7725 -9.86502 4.4
    endloop
  endfacet
  facet normal 0 0 1
    outer loop
      vertex 41.9775 -9.53054 4.4
      vertex 41.7595 -9.89648 4.4
      vertex 41.9775 -12.4695 4.4
    endloop
  endfacet
  facet normal -0 0 1
    outer loop
      vertex 41.6867 -11.9279 4.4
      vertex 41.9775 -12.4695 4.4
      vertex 41.7595 -9.89648 4.4
    endloop
  endfacet
  facet normal 0 0 1
    outer loop
      vertex 41.9775 -12.4695 4.4
      vertex 41.6867 -11.9279 4.4
      vertex 41.7725 -12.135 4.4
    endloop
  endfacet
  facet normal 0 0 1
    outer loop
      vertex 41.7595 -9.89648 4.4
      vertex 37.4618 -10.7529 4.4
      vertex 41.6867 -11.9279 4.4
    endloop
  endfacet
  facet normal 0 0 1
    outer loop
      vertex -2.37984 -3.10582 4.4
      vertex 37.4618 -10.7529 4.4
      vertex 41.7595 -9.89648 4.4
    endloop
  endfacet
  facet normal 0 0 1
    outer loop
      vertex -2.37984 -3.10582 4.4
      vertex -5.75945 -4.10352 4.4
      vertex 37.4618 -10.7529 4.4
    endloop
  endfacet
  facet normal 0 0 1
    outer loop
      vertex -5.7236 -1.98303 4.4
      vertex -5.75945 -4.10352 4.4
      vertex -2.37984 -3.10582 4.4
    endloop
  endfacet
  facet normal 0 0 1
    outer loop
      vertex -5.97746 -1.53054 4.4
      vertex -5.7236 -1.98303 4.4
      vertex -5.77248 -1.86502 4.4
    endloop
  endfacet
  facet normal 0 0 1
    outer loop
      vertex -5.7236 -1.98303 4.4
      vertex -5.97746 -1.53054 4.4
      vertex -5.75945 -4.10352 4.4
    endloop
  endfacet
  facet normal 0 0 1
    outer loop
      vertex -5.97746 -4.46946 4.4
      vertex -5.75945 -4.10352 4.4
      vertex -5.97746 -1.53054 4.4
    endloop
  endfacet
  facet normal 0 0 1
    outer loop
      vertex -5.75945 -4.10352 4.4
      vertex -5.97746 -4.46946 4.4
      vertex -5.77248 -4.13498 4.4
    endloop
  endfacet
  facet normal 0 0 1
    outer loop
      vertex -6.23223 -1.23223 4.4
      vertex -5.97746 -4.46946 4.4
      vertex -5.97746 -1.53054 4.4
    endloop
  endfacet
  facet normal 0 0 1
    outer loop
      vertex -6.23223 -1.23223 4.4
      vertex -6.23223 -4.76777 4.4
      vertex -5.97746 -4.46946 4.4
    endloop
  endfacet
  facet normal 0 0 1
    outer loop
      vertex -6.53054 -0.977457 4.4
      vertex -6.23223 -4.76777 4.4
      vertex -6.23223 -1.23223 4.4
    endloop
  endfacet
  facet normal 0 0 1
    outer loop
      vertex -6.53054 -0.977457 4.4
      vertex -6.53054 -5.02254 4.4
      vertex -6.23223 -4.76777 4.4
    endloop
  endfacet
  facet normal 0 0 1
    outer loop
      vertex -6.86502 -0.772483 4.4
      vertex -6.53054 -5.02254 4.4
      vertex -6.53054 -0.977457 4.4
    endloop
  endfacet
  facet normal 0 0 1
    outer loop
      vertex -6.86502 -0.772483 4.4
      vertex -6.86502 -5.22752 4.4
      vertex -6.53054 -5.02254 4.4
    endloop
  endfacet
  facet normal 0 0 1
    outer loop
      vertex -7.22746 -0.622358 4.4
      vertex -6.86502 -5.22752 4.4
      vertex -6.86502 -0.772483 4.4
    endloop
  endfacet
  facet normal 0 0 1
    outer loop
      vertex -7.22746 -0.622358 4.4
      vertex -7.22746 -5.37764 4.4
      vertex -6.86502 -5.22752 4.4
    endloop
  endfacet
  facet normal 0 0 1
    outer loop
      vertex -7.60891 -0.530779 4.4
      vertex -7.22746 -5.37764 4.4
      vertex -7.22746 -0.622358 4.4
    endloop
  endfacet
  facet normal 0 0 1
    outer loop
      vertex -7.60891 -0.530779 4.4
      vertex -7.60891 -5.46922 4.4
      vertex -7.22746 -5.37764 4.4
    endloop
  endfacet
  facet normal 0 0 1
    outer loop
      vertex -8 -0.5 4.4
      vertex -7.60891 -5.46922 4.4
      vertex -7.60891 -0.530779 4.4
    endloop
  endfacet
  facet normal 0 0 1
    outer loop
      vertex -8 -0.5 4.4
      vertex -8 -5.5 4.4
      vertex -7.60891 -5.46922 4.4
    endloop
  endfacet
  facet normal -0 0 1
    outer loop
      vertex -8.39109 -0.530779 4.4
      vertex -8 -5.5 4.4
      vertex -8 -0.5 4.4
    endloop
  endfacet
  facet normal 0 0 1
    outer loop
      vertex -8.39109 -0.530779 4.4
      vertex -8.39109 -5.46922 4.4
      vertex -8 -5.5 4.4
    endloop
  endfacet
  facet normal -0 0 1
    outer loop
      vertex -8.77254 -0.622358 4.4
      vertex -8.39109 -5.46922 4.4
      vertex -8.39109 -0.530779 4.4
    endloop
  endfacet
  facet normal 0 0 1
    outer loop
      vertex -8.77254 -0.622358 4.4
      vertex -8.77254 -5.37764 4.4
      vertex -8.39109 -5.46922 4.4
    endloop
  endfacet
  facet normal -0 0 1
    outer loop
      vertex -9.13498 -0.772483 4.4
      vertex -8.77254 -5.37764 4.4
      vertex -8.77254 -0.622358 4.4
    endloop
  endfacet
  facet normal 0 0 1
    outer loop
      vertex -9.13498 -0.772483 4.4
      vertex -9.13498 -5.22752 4.4
      vertex -8.77254 -5.37764 4.4
    endloop
  endfacet
  facet normal -0 0 1
    outer loop
      vertex -9.46946 -0.977457 4.4
      vertex -9.13498 -5.22752 4.4
      vertex -9.13498 -0.772483 4.4
    endloop
  endfacet
  facet normal 0 0 1
    outer loop
      vertex -9.46946 -0.977457 4.4
      vertex -9.46946 -5.02254 4.4
      vertex -9.13498 -5.22752 4.4
    endloop
  endfacet
  facet normal -0 0 1
    outer loop
      vertex -9.76777 -1.23223 4.4
      vertex -9.46946 -5.02254 4.4
      vertex -9.46946 -0.977457 4.4
    endloop
  endfacet
  facet normal 0 0 1
    outer loop
      vertex -9.76777 -1.23223 4.4
      vertex -9.76777 -4.76777 4.4
      vertex -9.46946 -5.02254 4.4
    endloop
  endfacet
  facet normal -0 0 1
    outer loop
      vertex -10.0225 -1.53054 4.4
      vertex -9.76777 -4.76777 4.4
      vertex -9.76777 -1.23223 4.4
    endloop
  endfacet
  facet normal 0 0 1
    outer loop
      vertex -10.0225 -1.53054 4.4
      vertex -10.0225 -4.46946 4.4
      vertex -9.76777 -4.76777 4.4
    endloop
  endfacet
  facet normal -0 0 1
    outer loop
      vertex -10.2098 -1.83612 4.4
      vertex -10.0225 -4.46946 4.4
      vertex -10.0225 -1.53054 4.4
    endloop
  endfacet
  facet normal -0 0 1
    outer loop
      vertex -10.2998 -3.9605 4.4
      vertex -10.0225 -4.46946 4.4
      vertex -10.2098 -1.83612 4.4
    endloop
  endfacet
  facet normal 0 0 1
    outer loop
      vertex -10.0225 -4.46946 4.4
      vertex -10.2998 -3.9605 4.4
      vertex -10.2275 -4.13498 4.4
    endloop
  endfacet
  facet normal 0 0 1
    outer loop
      vertex -10.2098 -1.83612 4.4
      vertex -13.5496 -2.75308 4.4
      vertex -10.2998 -3.9605 4.4
    endloop
  endfacet
  facet normal 0 0 1
    outer loop
      vertex -46.4504 4.75308 4.4
      vertex -13.5496 -2.75308 4.4
      vertex -10.2098 -1.83612 4.4
    endloop
  endfacet
  facet normal 0 0 1
    outer loop
      vertex -46.4504 4.75308 4.4
      vertex -49.7902 3.83612 4.4
      vertex -13.5496 -2.75308 4.4
    endloop
  endfacet
  facet normal 0 0 1
    outer loop
      vertex -49.7002 5.9605 4.4
      vertex -49.7902 3.83612 4.4
      vertex -46.4504 4.75308 4.4
    endloop
  endfacet
  facet normal 0 0 1
    outer loop
      vertex -49.9775 6.46946 4.4
      vertex -49.7002 5.9605 4.4
      vertex -49.7725 6.13498 4.4
    endloop
  endfacet
  facet normal 0 0 1
    outer loop
      vertex -49.7002 5.9605 4.4
      vertex -49.9775 6.46946 4.4
      vertex -49.7902 3.83612 4.4
    endloop
  endfacet
  facet normal 0 0 1
    outer loop
      vertex -49.9775 6.46946 4.4
      vertex -49.9775 3.53054 4.4
      vertex -49.7902 3.83612 4.4
    endloop
  endfacet
  facet normal 0 0 1
    outer loop
      vertex -50.2322 6.76777 4.4
      vertex -49.9775 3.53054 4.4
      vertex -49.9775 6.46946 4.4
    endloop
  endfacet
  facet normal 0 0 1
    outer loop
      vertex -50.2322 6.76777 4.4
      vertex -50.2322 3.23223 4.4
      vertex -49.9775 3.53054 4.4
    endloop
  endfacet
  facet normal 0 0 1
    outer loop
      vertex -50.5305 7.02254 4.4
      vertex -50.2322 3.23223 4.4
      vertex -50.2322 6.76777 4.4
    endloop
  endfacet
  facet normal 0 0 1
    outer loop
      vertex -50.5305 7.02254 4.4
      vertex -50.5305 2.97746 4.4
      vertex -50.2322 3.23223 4.4
    endloop
  endfacet
  facet normal 0 0 1
    outer loop
      vertex -50.865 7.22752 4.4
      vertex -50.5305 2.97746 4.4
      vertex -50.5305 7.02254 4.4
    endloop
  endfacet
  facet normal 0 0 1
    outer loop
      vertex -50.865 7.22752 4.4
      vertex -50.865 2.77248 4.4
      vertex -50.5305 2.97746 4.4
    endloop
  endfacet
  facet normal 0 0 1
    outer loop
      vertex -51.2275 7.37764 4.4
      vertex -50.865 2.77248 4.4
      vertex -50.865 7.22752 4.4
    endloop
  endfacet
  facet normal 0 0 1
    outer loop
      vertex -51.2275 7.37764 4.4
      vertex -51.2275 2.62236 4.4
      vertex -50.865 2.77248 4.4
    endloop
  endfacet
  facet normal 0 0 1
    outer loop
      vertex -51.6089 7.46922 4.4
      vertex -51.2275 2.62236 4.4
      vertex -51.2275 7.37764 4.4
    endloop
  endfacet
  facet normal 0 0 1
    outer loop
      vertex -51.6089 7.46922 4.4
      vertex -51.6089 2.53078 4.4
      vertex -51.2275 2.62236 4.4
    endloop
  endfacet
  facet normal 0 0 1
    outer loop
      vertex -52 7.5 4.4
      vertex -51.6089 2.53078 4.4
      vertex -51.6089 7.46922 4.4
    endloop
  endfacet
  facet normal 0 0 1
    outer loop
      vertex -52 7.5 4.4
      vertex -52 2.5 4.4
      vertex -51.6089 2.53078 4.4
    endloop
  endfacet
  facet normal -0 0 1
    outer loop
      vertex -52.3911 7.46922 4.4
      vertex -52 2.5 4.4
      vertex -52 7.5 4.4
    endloop
  endfacet
  facet normal 0 0 1
    outer loop
      vertex -52.3911 7.46922 4.4
      vertex -52.3911 2.53078 4.4
      vertex -52 2.5 4.4
    endloop
  endfacet
  facet normal -0 0 1
    outer loop
      vertex -52.7725 7.37764 4.4
      vertex -52.3911 2.53078 4.4
      vertex -52.3911 7.46922 4.4
    endloop
  endfacet
  facet normal 0 0 1
    outer loop
      vertex -52.7725 7.37764 4.4
      vertex -52.7725 2.62236 4.4
      vertex -52.3911 2.53078 4.4
    endloop
  endfacet
  facet normal -0 0 1
    outer loop
      vertex -53.135 7.22752 4.4
      vertex -52.7725 2.62236 4.4
      vertex -52.7725 7.37764 4.4
    endloop
  endfacet
  facet normal 0 0 1
    outer loop
      vertex -53.135 7.22752 4.4
      vertex -53.135 2.77248 4.4
      vertex -52.7725 2.62236 4.4
    endloop
  endfacet
  facet normal -0 0 1
    outer loop
      vertex -53.4695 7.02254 4.4
      vertex -53.135 2.77248 4.4
      vertex -53.135 7.22752 4.4
    endloop
  endfacet
  facet normal 0 0 1
    outer loop
      vertex -53.4695 7.02254 4.4
      vertex -53.4695 2.97746 4.4
      vertex -53.135 2.77248 4.4
    endloop
  endfacet
  facet normal -0 0 1
    outer loop
      vertex -53.7678 6.76777 4.4
      vertex -53.4695 2.97746 4.4
      vertex -53.4695 7.02254 4.4
    endloop
  endfacet
  facet normal 0 0 1
    outer loop
      vertex -53.7678 6.76777 4.4
      vertex -53.7678 3.23223 4.4
      vertex -53.4695 2.97746 4.4
    endloop
  endfacet
  facet normal -0 0 1
    outer loop
      vertex -54.0225 6.46946 4.4
      vertex -53.7678 3.23223 4.4
      vertex -53.7678 6.76777 4.4
    endloop
  endfacet
  facet normal 0 0 1
    outer loop
      vertex -54.0225 6.46946 4.4
      vertex -54.0225 3.53054 4.4
      vertex -53.7678 3.23223 4.4
    endloop
  endfacet
  facet normal -0 0 1
    outer loop
      vertex -54.2275 6.13498 4.4
      vertex -54.0225 3.53054 4.4
      vertex -54.0225 6.46946 4.4
    endloop
  endfacet
  facet normal 0 0 1
    outer loop
      vertex -54.2275 6.13498 4.4
      vertex -54.2275 3.86502 4.4
      vertex -54.0225 3.53054 4.4
    endloop
  endfacet
  facet normal -0 0 1
    outer loop
      vertex -54.3776 5.77254 4.4
      vertex -54.2275 3.86502 4.4
      vertex -54.2275 6.13498 4.4
    endloop
  endfacet
  facet normal 0 0 1
    outer loop
      vertex -54.3776 5.77254 4.4
      vertex -54.3776 4.22746 4.4
      vertex -54.2275 3.86502 4.4
    endloop
  endfacet
  facet normal -0 0 1
    outer loop
      vertex -54.4692 5.39109 4.4
      vertex -54.3776 4.22746 4.4
      vertex -54.3776 5.77254 4.4
    endloop
  endfacet
  facet normal 0 0 1
    outer loop
      vertex -54.4692 5.39109 4.4
      vertex -54.4692 4.60891 4.4
      vertex -54.3776 4.22746 4.4
    endloop
  endfacet
  facet normal 0 -0 1
    outer loop
      vertex -54.4692 4.60891 4.4
      vertex -54.4692 5.39109 4.4
      vertex -54.5 5 4.4
    endloop
  endfacet
  facet normal 0 0 1
    outer loop
      vertex 37.4618 -10.7529 4.4
      vertex -1.46179 -15.2471 4.4
      vertex 41.6867 -11.9279 4.4
    endloop
  endfacet
  facet normal 0 -0 1
    outer loop
      vertex -1.46179 -15.2471 4.4
      vertex 37.4618 -10.7529 4.4
      vertex -5.68673 -14.0721 4.4
    endloop
  endfacet
  facet normal 0 0 1
    outer loop
      vertex 46.4692 -22.6089 4.4
      vertex 46.4692 -23.3911 4.4
      vertex 46.5 -23 4.4
    endloop
  endfacet
  facet normal 0 0 1
    outer loop
      vertex 46.3776 -22.2275 4.4
      vertex 46.4692 -23.3911 4.4
      vertex 46.4692 -22.6089 4.4
    endloop
  endfacet
  facet normal 0 0 1
    outer loop
      vertex 46.3776 -22.2275 4.4
      vertex 46.3776 -23.7725 4.4
      vertex 46.4692 -23.3911 4.4
    endloop
  endfacet
  facet normal 0 0 1
    outer loop
      vertex 46.2275 -21.865 4.4
      vertex 46.3776 -23.7725 4.4
      vertex 46.3776 -22.2275 4.4
    endloop
  endfacet
  facet normal 0 0 1
    outer loop
      vertex 46.2275 -21.865 4.4
      vertex 46.2275 -24.135 4.4
      vertex 46.3776 -23.7725 4.4
    endloop
  endfacet
  facet normal 0 0 1
    outer loop
      vertex 46.0225 -21.5305 4.4
      vertex 46.2275 -24.135 4.4
      vertex 46.2275 -21.865 4.4
    endloop
  endfacet
  facet normal 0 0 1
    outer loop
      vertex 46.0225 -21.5305 4.4
      vertex 46.0225 -24.4695 4.4
      vertex 46.2275 -24.135 4.4
    endloop
  endfacet
  facet normal 0 0 1
    outer loop
      vertex 45.7678 -21.2322 4.4
      vertex 46.0225 -24.4695 4.4
      vertex 46.0225 -21.5305 4.4
    endloop
  endfacet
  facet normal 0 0 1
    outer loop
      vertex 45.7678 -21.2322 4.4
      vertex 45.7678 -24.7678 4.4
      vertex 46.0225 -24.4695 4.4
    endloop
  endfacet
  facet normal 0 0 1
    outer loop
      vertex 45.4695 -20.9775 4.4
      vertex 45.7678 -24.7678 4.4
      vertex 45.7678 -21.2322 4.4
    endloop
  endfacet
  facet normal 0 0 1
    outer loop
      vertex 45.4695 -20.9775 4.4
      vertex 45.4695 -25.0225 4.4
      vertex 45.7678 -24.7678 4.4
    endloop
  endfacet
  facet normal 0 0 1
    outer loop
      vertex 45.135 -20.7725 4.4
      vertex 45.4695 -25.0225 4.4
      vertex 45.4695 -20.9775 4.4
    endloop
  endfacet
  facet normal 0 0 1
    outer loop
      vertex 45.135 -20.7725 4.4
      vertex 45.135 -25.2275 4.4
      vertex 45.4695 -25.0225 4.4
    endloop
  endfacet
  facet normal 0 0 1
    outer loop
      vertex 44.7725 -20.6224 4.4
      vertex 45.135 -25.2275 4.4
      vertex 45.135 -20.7725 4.4
    endloop
  endfacet
  facet normal 0 0 1
    outer loop
      vertex 44.7725 -20.6224 4.4
      vertex 44.7725 -25.3776 4.4
      vertex 45.135 -25.2275 4.4
    endloop
  endfacet
  facet normal 0 0 1
    outer loop
      vertex 44.3911 -20.5308 4.4
      vertex 44.7725 -25.3776 4.4
      vertex 44.7725 -20.6224 4.4
    endloop
  endfacet
  facet normal 0 0 1
    outer loop
      vertex 44.3911 -20.5308 4.4
      vertex 44.3911 -25.4692 4.4
      vertex 44.7725 -25.3776 4.4
    endloop
  endfacet
  facet normal 0 0 1
    outer loop
      vertex 44 -20.5 4.4
      vertex 44.3911 -25.4692 4.4
      vertex 44.3911 -20.5308 4.4
    endloop
  endfacet
  facet normal 0 0 1
    outer loop
      vertex 44 -20.5 4.4
      vertex 44 -25.5 4.4
      vertex 44.3911 -25.4692 4.4
    endloop
  endfacet
  facet normal -0 0 1
    outer loop
      vertex 43.6089 -20.5308 4.4
      vertex 44 -25.5 4.4
      vertex 44 -20.5 4.4
    endloop
  endfacet
  facet normal 0 0 1
    outer loop
      vertex 43.6089 -20.5308 4.4
      vertex 43.6089 -25.4692 4.4
      vertex 44 -25.5 4.4
    endloop
  endfacet
  facet normal -0 0 1
    outer loop
      vertex 43.2275 -20.6224 4.4
      vertex 43.6089 -25.4692 4.4
      vertex 43.6089 -20.5308 4.4
    endloop
  endfacet
  facet normal 0 0 1
    outer loop
      vertex 43.2275 -20.6224 4.4
      vertex 43.2275 -25.3776 4.4
      vertex 43.6089 -25.4692 4.4
    endloop
  endfacet
  facet normal -0 0 1
    outer loop
      vertex 42.865 -20.7725 4.4
      vertex 43.2275 -25.3776 4.4
      vertex 43.2275 -20.6224 4.4
    endloop
  endfacet
  facet normal 0 0 1
    outer loop
      vertex 42.865 -20.7725 4.4
      vertex 42.865 -25.2275 4.4
      vertex 43.2275 -25.3776 4.4
    endloop
  endfacet
  facet normal -0 0 1
    outer loop
      vertex 42.5305 -20.9775 4.4
      vertex 42.865 -25.2275 4.4
      vertex 42.865 -20.7725 4.4
    endloop
  endfacet
  facet normal 0 0 1
    outer loop
      vertex 42.5305 -20.9775 4.4
      vertex 42.5305 -25.0225 4.4
      vertex 42.865 -25.2275 4.4
    endloop
  endfacet
  facet normal -0 0 1
    outer loop
      vertex 42.2322 -21.2322 4.4
      vertex 42.5305 -25.0225 4.4
      vertex 42.5305 -20.9775 4.4
    endloop
  endfacet
  facet normal 0 0 1
    outer loop
      vertex 42.2322 -21.2322 4.4
      vertex 42.2322 -24.7678 4.4
      vertex 42.5305 -25.0225 4.4
    endloop
  endfacet
  facet normal -0 0 1
    outer loop
      vertex 41.9775 -21.5305 4.4
      vertex 42.2322 -24.7678 4.4
      vertex 42.2322 -21.2322 4.4
    endloop
  endfacet
  facet normal 0 0 1
    outer loop
      vertex 41.9775 -21.5305 4.4
      vertex 41.9775 -24.4695 4.4
      vertex 42.2322 -24.7678 4.4
    endloop
  endfacet
  facet normal 0 0 1
    outer loop
      vertex 41.7595 -21.8965 4.4
      vertex 41.9775 -21.5305 4.4
      vertex 41.7725 -21.865 4.4
    endloop
  endfacet
  facet normal 0 0 1
    outer loop
      vertex 41.9775 -21.5305 4.4
      vertex 41.7595 -21.8965 4.4
      vertex 41.9775 -24.4695 4.4
    endloop
  endfacet
  facet normal -0 0 1
    outer loop
      vertex 41.6505 -23.8404 4.4
      vertex 41.9775 -24.4695 4.4
      vertex 41.7595 -21.8965 4.4
    endloop
  endfacet
  facet normal 0 0 1
    outer loop
      vertex 41.9775 -24.4695 4.4
      vertex 41.6505 -23.8404 4.4
      vertex 41.7725 -24.135 4.4
    endloop
  endfacet
  facet normal 0 0 1
    outer loop
      vertex 41.7595 -21.8965 4.4
      vertex 36.1542 -22.5518 4.4
      vertex 41.6505 -23.8404 4.4
    endloop
  endfacet
  facet normal 0 0 1
    outer loop
      vertex -1.46179 -15.2471 4.4
      vertex 36.1542 -22.5518 4.4
      vertex 41.7595 -21.8965 4.4
    endloop
  endfacet
  facet normal 0 0 1
    outer loop
      vertex -1.46179 -15.2471 4.4
      vertex -5.75945 -16.1035 4.4
      vertex 36.1542 -22.5518 4.4
    endloop
  endfacet
  facet normal 0 0 1
    outer loop
      vertex -5.68673 -14.0721 4.4
      vertex -5.75945 -16.1035 4.4
      vertex -1.46179 -15.2471 4.4
    endloop
  endfacet
  facet normal 0 0 1
    outer loop
      vertex -5.97746 -13.5305 4.4
      vertex -5.68673 -14.0721 4.4
      vertex -5.77248 -13.865 4.4
    endloop
  endfacet
  facet normal 0 0 1
    outer loop
      vertex -5.68673 -14.0721 4.4
      vertex -5.97746 -13.5305 4.4
      vertex -5.75945 -16.1035 4.4
    endloop
  endfacet
  facet normal 0 0 1
    outer loop
      vertex -5.97746 -16.4695 4.4
      vertex -5.75945 -16.1035 4.4
      vertex -5.97746 -13.5305 4.4
    endloop
  endfacet
  facet normal 0 0 1
    outer loop
      vertex -5.75945 -16.1035 4.4
      vertex -5.97746 -16.4695 4.4
      vertex -5.77248 -16.135 4.4
    endloop
  endfacet
  facet normal 0 0 1
    outer loop
      vertex -6.23223 -13.2322 4.4
      vertex -5.97746 -16.4695 4.4
      vertex -5.97746 -13.5305 4.4
    endloop
  endfacet
  facet normal 0 0 1
    outer loop
      vertex -6.23223 -13.2322 4.4
      vertex -6.23223 -16.7678 4.4
      vertex -5.97746 -16.4695 4.4
    endloop
  endfacet
  facet normal 0 0 1
    outer loop
      vertex -6.53054 -12.9775 4.4
      vertex -6.23223 -16.7678 4.4
      vertex -6.23223 -13.2322 4.4
    endloop
  endfacet
  facet normal 0 0 1
    outer loop
      vertex -6.53054 -12.9775 4.4
      vertex -6.53054 -17.0225 4.4
      vertex -6.23223 -16.7678 4.4
    endloop
  endfacet
  facet normal 0 0 1
    outer loop
      vertex -6.86502 -12.7725 4.4
      vertex -6.53054 -17.0225 4.4
      vertex -6.53054 -12.9775 4.4
    endloop
  endfacet
  facet normal 0 0 1
    outer loop
      vertex -6.86502 -12.7725 4.4
      vertex -6.86502 -17.2275 4.4
      vertex -6.53054 -17.0225 4.4
    endloop
  endfacet
  facet normal 0 0 1
    outer loop
      vertex -7.22746 -12.6224 4.4
      vertex -6.86502 -17.2275 4.4
      vertex -6.86502 -12.7725 4.4
    endloop
  endfacet
  facet normal 0 0 1
    outer loop
      vertex -7.22746 -12.6224 4.4
      vertex -7.22746 -17.3776 4.4
      vertex -6.86502 -17.2275 4.4
    endloop
  endfacet
  facet normal 0 0 1
    outer loop
      vertex -7.60891 -12.5308 4.4
      vertex -7.22746 -17.3776 4.4
      vertex -7.22746 -12.6224 4.4
    endloop
  endfacet
  facet normal 0 0 1
    outer loop
      vertex -7.60891 -12.5308 4.4
      vertex -7.60891 -17.4692 4.4
      vertex -7.22746 -17.3776 4.4
    endloop
  endfacet
  facet normal 0 0 1
    outer loop
      vertex -8 -12.5 4.4
      vertex -7.60891 -17.4692 4.4
      vertex -7.60891 -12.5308 4.4
    endloop
  endfacet
  facet normal 0 0 1
    outer loop
      vertex -8 -12.5 4.4
      vertex -8 -17.5 4.4
      vertex -7.60891 -17.4692 4.4
    endloop
  endfacet
  facet normal -0 0 1
    outer loop
      vertex -8.39109 -12.5308 4.4
      vertex -8 -17.5 4.4
      vertex -8 -12.5 4.4
    endloop
  endfacet
  facet normal 0 0 1
    outer loop
      vertex -8.39109 -12.5308 4.4
      vertex -8.39109 -17.4692 4.4
      vertex -8 -17.5 4.4
    endloop
  endfacet
  facet normal -0 0 1
    outer loop
      vertex -8.77254 -12.6224 4.4
      vertex -8.39109 -17.4692 4.4
      vertex -8.39109 -12.5308 4.4
    endloop
  endfacet
  facet normal 0 0 1
    outer loop
      vertex -8.77254 -12.6224 4.4
      vertex -8.77254 -17.3776 4.4
      vertex -8.39109 -17.4692 4.4
    endloop
  endfacet
  facet normal -0 0 1
    outer loop
      vertex -9.13498 -12.7725 4.4
      vertex -8.77254 -17.3776 4.4
      vertex -8.77254 -12.6224 4.4
    endloop
  endfacet
  facet normal 0 0 1
    outer loop
      vertex -9.13498 -12.7725 4.4
      vertex -9.13498 -17.2275 4.4
      vertex -8.77254 -17.3776 4.4
    endloop
  endfacet
  facet normal -0 0 1
    outer loop
      vertex -9.46946 -12.9775 4.4
      vertex -9.13498 -17.2275 4.4
      vertex -9.13498 -12.7725 4.4
    endloop
  endfacet
  facet normal 0 0 1
    outer loop
      vertex -9.46946 -12.9775 4.4
      vertex -9.46946 -17.0225 4.4
      vertex -9.13498 -17.2275 4.4
    endloop
  endfacet
  facet normal -0 0 1
    outer loop
      vertex -9.76777 -13.2322 4.4
      vertex -9.46946 -17.0225 4.4
      vertex -9.46946 -12.9775 4.4
    endloop
  endfacet
  facet normal 0 0 1
    outer loop
      vertex -9.76777 -13.2322 4.4
      vertex -9.76777 -16.7678 4.4
      vertex -9.46946 -17.0225 4.4
    endloop
  endfacet
  facet normal -0 0 1
    outer loop
      vertex -10.0225 -13.5305 4.4
      vertex -9.76777 -16.7678 4.4
      vertex -9.76777 -13.2322 4.4
    endloop
  endfacet
  facet normal 0 0 1
    outer loop
      vertex -10.0225 -13.5305 4.4
      vertex -10.0225 -16.4695 4.4
      vertex -9.76777 -16.7678 4.4
    endloop
  endfacet
  facet normal -0 0 1
    outer loop
      vertex -10.2098 -13.8361 4.4
      vertex -10.0225 -16.4695 4.4
      vertex -10.0225 -13.5305 4.4
    endloop
  endfacet
  facet normal -0 0 1
    outer loop
      vertex -10.2998 -15.9605 4.4
      vertex -10.0225 -16.4695 4.4
      vertex -10.2098 -13.8361 4.4
    endloop
  endfacet
  facet normal 0 0 1
    outer loop
      vertex -10.0225 -16.4695 4.4
      vertex -10.2998 -15.9605 4.4
      vertex -10.2275 -16.135 4.4
    endloop
  endfacet
  facet normal 0 0 1
    outer loop
      vertex -10.2098 -13.8361 4.4
      vertex -13.5496 -14.7531 4.4
      vertex -10.2998 -15.9605 4.4
    endloop
  endfacet
  facet normal 0 0 1
    outer loop
      vertex -46.4504 -7.24692 4.4
      vertex -13.5496 -14.7531 4.4
      vertex -10.2098 -13.8361 4.4
    endloop
  endfacet
  facet normal 0 0 1
    outer loop
      vertex -46.4504 -7.24692 4.4
      vertex -49.7902 -8.16388 4.4
      vertex -13.5496 -14.7531 4.4
    endloop
  endfacet
  facet normal 0 0 1
    outer loop
      vertex -49.7002 -6.0395 4.4
      vertex -49.7902 -8.16388 4.4
      vertex -46.4504 -7.24692 4.4
    endloop
  endfacet
  facet normal 0 0 1
    outer loop
      vertex -49.9775 -5.53054 4.4
      vertex -49.7002 -6.0395 4.4
      vertex -49.7725 -5.86502 4.4
    endloop
  endfacet
  facet normal 0 0 1
    outer loop
      vertex -49.7002 -6.0395 4.4
      vertex -49.9775 -5.53054 4.4
      vertex -49.7902 -8.16388 4.4
    endloop
  endfacet
  facet normal 0 0 1
    outer loop
      vertex -49.9775 -5.53054 4.4
      vertex -49.9775 -8.46946 4.4
      vertex -49.7902 -8.16388 4.4
    endloop
  endfacet
  facet normal 0 0 1
    outer loop
      vertex -50.2322 -5.23223 4.4
      vertex -49.9775 -8.46946 4.4
      vertex -49.9775 -5.53054 4.4
    endloop
  endfacet
  facet normal 0 0 1
    outer loop
      vertex -50.2322 -5.23223 4.4
      vertex -50.2322 -8.76777 4.4
      vertex -49.9775 -8.46946 4.4
    endloop
  endfacet
  facet normal 0 0 1
    outer loop
      vertex -50.5305 -4.97746 4.4
      vertex -50.2322 -8.76777 4.4
      vertex -50.2322 -5.23223 4.4
    endloop
  endfacet
  facet normal 0 0 1
    outer loop
      vertex -50.5305 -4.97746 4.4
      vertex -50.5305 -9.02254 4.4
      vertex -50.2322 -8.76777 4.4
    endloop
  endfacet
  facet normal 0 0 1
    outer loop
      vertex -50.865 -4.77248 4.4
      vertex -50.5305 -9.02254 4.4
      vertex -50.5305 -4.97746 4.4
    endloop
  endfacet
  facet normal 0 0 1
    outer loop
      vertex -50.865 -4.77248 4.4
      vertex -50.865 -9.22752 4.4
      vertex -50.5305 -9.02254 4.4
    endloop
  endfacet
  facet normal 0 0 1
    outer loop
      vertex -51.2275 -4.62236 4.4
      vertex -50.865 -9.22752 4.4
      vertex -50.865 -4.77248 4.4
    endloop
  endfacet
  facet normal 0 0 1
    outer loop
      vertex -51.2275 -4.62236 4.4
      vertex -51.2275 -9.37764 4.4
      vertex -50.865 -9.22752 4.4
    endloop
  endfacet
  facet normal 0 0 1
    outer loop
      vertex -51.6089 -4.53078 4.4
      vertex -51.2275 -9.37764 4.4
      vertex -51.2275 -4.62236 4.4
    endloop
  endfacet
  facet normal 0 0 1
    outer loop
      vertex -51.6089 -4.53078 4.4
      vertex -51.6089 -9.46922 4.4
      vertex -51.2275 -9.37764 4.4
    endloop
  endfacet
  facet normal 0 0 1
    outer loop
      vertex -52 -4.5 4.4
      vertex -51.6089 -9.46922 4.4
      vertex -51.6089 -4.53078 4.4
    endloop
  endfacet
  facet normal 0 0 1
    outer loop
      vertex -52 -4.5 4.4
      vertex -52 -9.5 4.4
      vertex -51.6089 -9.46922 4.4
    endloop
  endfacet
  facet normal -0 0 1
    outer loop
      vertex -52.3911 -4.53078 4.4
      vertex -52 -9.5 4.4
      vertex -52 -4.5 4.4
    endloop
  endfacet
  facet normal 0 0 1
    outer loop
      vertex -52.3911 -4.53078 4.4
      vertex -52.3911 -9.46922 4.4
      vertex -52 -9.5 4.4
    endloop
  endfacet
  facet normal -0 0 1
    outer loop
      vertex -52.7725 -4.62236 4.4
      vertex -52.3911 -9.46922 4.4
      vertex -52.3911 -4.53078 4.4
    endloop
  endfacet
  facet normal 0 0 1
    outer loop
      vertex -52.7725 -4.62236 4.4
      vertex -52.7725 -9.37764 4.4
      vertex -52.3911 -9.46922 4.4
    endloop
  endfacet
  facet normal -0 0 1
    outer loop
      vertex -53.135 -4.77248 4.4
      vertex -52.7725 -9.37764 4.4
      vertex -52.7725 -4.62236 4.4
    endloop
  endfacet
  facet normal 0 0 1
    outer loop
      vertex -53.135 -4.77248 4.4
      vertex -53.135 -9.22752 4.4
      vertex -52.7725 -9.37764 4.4
    endloop
  endfacet
  facet normal -0 0 1
    outer loop
      vertex -53.4695 -4.97746 4.4
      vertex -53.135 -9.22752 4.4
      vertex -53.135 -4.77248 4.4
    endloop
  endfacet
  facet normal 0 0 1
    outer loop
      vertex -53.4695 -4.97746 4.4
      vertex -53.4695 -9.02254 4.4
      vertex -53.135 -9.22752 4.4
    endloop
  endfacet
  facet normal -0 0 1
    outer loop
      vertex -53.7678 -5.23223 4.4
      vertex -53.4695 -9.02254 4.4
      vertex -53.4695 -4.97746 4.4
    endloop
  endfacet
  facet normal 0 0 1
    outer loop
      vertex -53.7678 -5.23223 4.4
      vertex -53.7678 -8.76777 4.4
      vertex -53.4695 -9.02254 4.4
    endloop
  endfacet
  facet normal -0 0 1
    outer loop
      vertex -54.0225 -5.53054 4.4
      vertex -53.7678 -8.76777 4.4
      vertex -53.7678 -5.23223 4.4
    endloop
  endfacet
  facet normal 0 0 1
    outer loop
      vertex -54.0225 -5.53054 4.4
      vertex -54.0225 -8.46946 4.4
      vertex -53.7678 -8.76777 4.4
    endloop
  endfacet
  facet normal -0 0 1
    outer loop
      vertex -54.2275 -5.86502 4.4
      vertex -54.0225 -8.46946 4.4
      vertex -54.0225 -5.53054 4.4
    endloop
  endfacet
  facet normal 0 0 1
    outer loop
      vertex -54.2275 -5.86502 4.4
      vertex -54.2275 -8.13498 4.4
      vertex -54.0225 -8.46946 4.4
    endloop
  endfacet
  facet normal -0 0 1
    outer loop
      vertex -54.3776 -6.22746 4.4
      vertex -54.2275 -8.13498 4.4
      vertex -54.2275 -5.86502 4.4
    endloop
  endfacet
  facet normal 0 0 1
    outer loop
      vertex -54.3776 -6.22746 4.4
      vertex -54.3776 -7.77254 4.4
      vertex -54.2275 -8.13498 4.4
    endloop
  endfacet
  facet normal -0 0 1
    outer loop
      vertex -54.4692 -6.60891 4.4
      vertex -54.3776 -7.77254 4.4
      vertex -54.3776 -6.22746 4.4
    endloop
  endfacet
  facet normal 0 0 1
    outer loop
      vertex -54.4692 -6.60891 4.4
      vertex -54.4692 -7.39109 4.4
      vertex -54.3776 -7.77254 4.4
    endloop
  endfacet
  facet normal 0 -0 1
    outer loop
      vertex -54.4692 -7.39109 4.4
      vertex -54.4692 -6.60891 4.4
      vertex -54.5 -7 4.4
    endloop
  endfacet
  facet normal 0 0 1
    outer loop
      vertex 36.1542 -22.5518 4.4
      vertex -5.59474 -25.6575 4.4
      vertex 41.6505 -23.8404 4.4
    endloop
  endfacet
  facet normal -0 0 1
    outer loop
      vertex -5.65045 -24.1596 4.4
      vertex -5.59474 -25.6575 4.4
      vertex 36.1542 -22.5518 4.4
    endloop
  endfacet
  facet normal 0 0 1
    outer loop
      vertex -5.77248 -26.135 4.4
      vertex -5.59474 -25.6575 4.4
      vertex -5.65045 -24.1596 4.4
    endloop
  endfacet
  facet normal 0 0 1
    outer loop
      vertex -5.97746 -23.5305 4.4
      vertex -5.65045 -24.1596 4.4
      vertex -5.77248 -23.865 4.4
    endloop
  endfacet
  facet normal 0 0 1
    outer loop
      vertex -5.59474 -25.6575 4.4
      vertex -5.77248 -26.135 4.4
      vertex -5.62236 -25.7725 4.4
    endloop
  endfacet
  facet normal 0 0 1
    outer loop
      vertex -5.65045 -24.1596 4.4
      vertex -5.97746 -23.5305 4.4
      vertex -5.77248 -26.135 4.4
    endloop
  endfacet
  facet normal 0 0 1
    outer loop
      vertex -5.97746 -23.5305 4.4
      vertex -5.97746 -26.4695 4.4
      vertex -5.77248 -26.135 4.4
    endloop
  endfacet
  facet normal 0 0 1
    outer loop
      vertex -6.23223 -23.2322 4.4
      vertex -5.97746 -26.4695 4.4
      vertex -5.97746 -23.5305 4.4
    endloop
  endfacet
  facet normal 0 0 1
    outer loop
      vertex -6.23223 -23.2322 4.4
      vertex -6.23223 -26.7678 4.4
      vertex -5.97746 -26.4695 4.4
    endloop
  endfacet
  facet normal 0 0 1
    outer loop
      vertex -6.53054 -22.9775 4.4
      vertex -6.23223 -26.7678 4.4
      vertex -6.23223 -23.2322 4.4
    endloop
  endfacet
  facet normal 0 0 1
    outer loop
      vertex -6.53054 -22.9775 4.4
      vertex -6.53054 -27.0225 4.4
      vertex -6.23223 -26.7678 4.4
    endloop
  endfacet
  facet normal 0 0 1
    outer loop
      vertex -6.86502 -22.7725 4.4
      vertex -6.53054 -27.0225 4.4
      vertex -6.53054 -22.9775 4.4
    endloop
  endfacet
  facet normal 0 0 1
    outer loop
      vertex -6.86502 -22.7725 4.4
      vertex -6.86502 -27.2275 4.4
      vertex -6.53054 -27.0225 4.4
    endloop
  endfacet
  facet normal 0 0 1
    outer loop
      vertex -7.22746 -22.6224 4.4
      vertex -6.86502 -27.2275 4.4
      vertex -6.86502 -22.7725 4.4
    endloop
  endfacet
  facet normal 0 0 1
    outer loop
      vertex -7.22746 -22.6224 4.4
      vertex -7.22746 -27.3776 4.4
      vertex -6.86502 -27.2275 4.4
    endloop
  endfacet
  facet normal 0 0 1
    outer loop
      vertex -7.60891 -22.5308 4.4
      vertex -7.22746 -27.3776 4.4
      vertex -7.22746 -22.6224 4.4
    endloop
  endfacet
  facet normal 0 0 1
    outer loop
      vertex -7.60891 -22.5308 4.4
      vertex -7.60891 -27.4692 4.4
      vertex -7.22746 -27.3776 4.4
    endloop
  endfacet
  facet normal 0 0 1
    outer loop
      vertex -8 -22.5 4.4
      vertex -7.60891 -27.4692 4.4
      vertex -7.60891 -22.5308 4.4
    endloop
  endfacet
  facet normal 0 0 1
    outer loop
      vertex -8 -22.5 4.4
      vertex -8 -27.5 4.4
      vertex -7.60891 -27.4692 4.4
    endloop
  endfacet
  facet normal -0 0 1
    outer loop
      vertex -8.39109 -22.5308 4.4
      vertex -8 -27.5 4.4
      vertex -8 -22.5 4.4
    endloop
  endfacet
  facet normal 0 0 1
    outer loop
      vertex -8.39109 -22.5308 4.4
      vertex -8.39109 -27.4692 4.4
      vertex -8 -27.5 4.4
    endloop
  endfacet
  facet normal -0 0 1
    outer loop
      vertex -8.77254 -22.6224 4.4
      vertex -8.39109 -27.4692 4.4
      vertex -8.39109 -22.5308 4.4
    endloop
  endfacet
  facet normal 0 0 1
    outer loop
      vertex -8.77254 -22.6224 4.4
      vertex -8.77254 -27.3776 4.4
      vertex -8.39109 -27.4692 4.4
    endloop
  endfacet
  facet normal -0 0 1
    outer loop
      vertex -9.13498 -22.7725 4.4
      vertex -8.77254 -27.3776 4.4
      vertex -8.77254 -22.6224 4.4
    endloop
  endfacet
  facet normal 0 0 1
    outer loop
      vertex -9.13498 -22.7725 4.4
      vertex -9.13498 -27.2275 4.4
      vertex -8.77254 -27.3776 4.4
    endloop
  endfacet
  facet normal -0 0 1
    outer loop
      vertex -9.46946 -22.9775 4.4
      vertex -9.13498 -27.2275 4.4
      vertex -9.13498 -22.7725 4.4
    endloop
  endfacet
  facet normal 0 0 1
    outer loop
      vertex -9.46946 -22.9775 4.4
      vertex -9.46946 -27.0225 4.4
      vertex -9.13498 -27.2275 4.4
    endloop
  endfacet
  facet normal -0 0 1
    outer loop
      vertex -9.76777 -23.2322 4.4
      vertex -9.46946 -27.0225 4.4
      vertex -9.46946 -22.9775 4.4
    endloop
  endfacet
  facet normal 0 0 1
    outer loop
      vertex -9.76777 -23.2322 4.4
      vertex -9.76777 -26.7678 4.4
      vertex -9.46946 -27.0225 4.4
    endloop
  endfacet
  facet normal 0 0 1
    outer loop
      vertex -10.2567 -23.9355 4.4
      vertex -9.76777 -23.2322 4.4
      vertex -10.0225 -23.5305 4.4
    endloop
  endfacet
  facet normal 0 0 1
    outer loop
      vertex -9.76777 -23.2322 4.4
      vertex -10.2567 -23.9355 4.4
      vertex -9.76777 -26.7678 4.4
    endloop
  endfacet
  facet normal 0 0 1
    outer loop
      vertex -10.2567 -23.9355 4.4
      vertex -10.0225 -23.5305 4.4
      vertex -10.2275 -23.865 4.4
    endloop
  endfacet
  facet normal 0 0 1
    outer loop
      vertex -9.76777 -26.7678 4.4
      vertex -10.2567 -23.9355 4.4
      vertex -10.0225 -26.4695 4.4
    endloop
  endfacet
  facet normal 0 0 1
    outer loop
      vertex -10.0225 -26.4695 4.4
      vertex -10.2567 -23.9355 4.4
      vertex -10.2275 -26.135 4.4
    endloop
  endfacet
  facet normal 0 0 1
    outer loop
      vertex -10.2567 -23.9355 4.4
      vertex -10.3776 -25.7725 4.4
      vertex -10.2275 -26.135 4.4
    endloop
  endfacet
  facet normal 0 0 1
    outer loop
      vertex -10.2567 -23.9355 4.4
      vertex -10.462 -25.421 4.4
      vertex -10.3776 -25.7725 4.4
    endloop
  endfacet
  facet normal 0 0 1
    outer loop
      vertex -45.3639 -19.1482 4.4
      vertex -10.462 -25.421 4.4
      vertex -10.2567 -23.9355 4.4
    endloop
  endfacet
  facet normal 0 0 1
    outer loop
      vertex -45.3639 -19.1482 4.4
      vertex -49.7433 -20.0645 4.4
      vertex -10.462 -25.421 4.4
    endloop
  endfacet
  facet normal 0 0 1
    outer loop
      vertex -49.7002 -18.0395 4.4
      vertex -49.7433 -20.0645 4.4
      vertex -45.3639 -19.1482 4.4
    endloop
  endfacet
  facet normal 0 0 1
    outer loop
      vertex -49.9775 -17.5305 4.4
      vertex -49.7002 -18.0395 4.4
      vertex -49.7725 -17.865 4.4
    endloop
  endfacet
  facet normal 0 0 1
    outer loop
      vertex -50.2322 -17.2322 4.4
      vertex -49.7002 -18.0395 4.4
      vertex -49.9775 -17.5305 4.4
    endloop
  endfacet
  facet normal 0 0 1
    outer loop
      vertex -49.7002 -18.0395 4.4
      vertex -50.2322 -17.2322 4.4
      vertex -49.7433 -20.0645 4.4
    endloop
  endfacet
  facet normal 0 0 1
    outer loop
      vertex -49.7433 -20.0645 4.4
      vertex -49.9775 -20.4695 4.4
      vertex -49.7725 -20.135 4.4
    endloop
  endfacet
  facet normal 0 0 1
    outer loop
      vertex -50.2322 -20.7678 4.4
      vertex -49.7433 -20.0645 4.4
      vertex -50.2322 -17.2322 4.4
    endloop
  endfacet
  facet normal 0 0 1
    outer loop
      vertex -49.7433 -20.0645 4.4
      vertex -50.2322 -20.7678 4.4
      vertex -49.9775 -20.4695 4.4
    endloop
  endfacet
  facet normal 0 0 1
    outer loop
      vertex -50.5305 -16.9775 4.4
      vertex -50.2322 -20.7678 4.4
      vertex -50.2322 -17.2322 4.4
    endloop
  endfacet
  facet normal 0 0 1
    outer loop
      vertex -50.5305 -16.9775 4.4
      vertex -50.5305 -21.0225 4.4
      vertex -50.2322 -20.7678 4.4
    endloop
  endfacet
  facet normal 0 0 1
    outer loop
      vertex -50.865 -16.7725 4.4
      vertex -50.5305 -21.0225 4.4
      vertex -50.5305 -16.9775 4.4
    endloop
  endfacet
  facet normal 0 0 1
    outer loop
      vertex -50.865 -16.7725 4.4
      vertex -50.865 -21.2275 4.4
      vertex -50.5305 -21.0225 4.4
    endloop
  endfacet
  facet normal 0 0 1
    outer loop
      vertex -51.2275 -16.6224 4.4
      vertex -50.865 -21.2275 4.4
      vertex -50.865 -16.7725 4.4
    endloop
  endfacet
  facet normal 0 0 1
    outer loop
      vertex -51.2275 -16.6224 4.4
      vertex -51.2275 -21.3776 4.4
      vertex -50.865 -21.2275 4.4
    endloop
  endfacet
  facet normal 0 0 1
    outer loop
      vertex -51.6089 -16.5308 4.4
      vertex -51.2275 -21.3776 4.4
      vertex -51.2275 -16.6224 4.4
    endloop
  endfacet
  facet normal 0 0 1
    outer loop
      vertex -51.6089 -16.5308 4.4
      vertex -51.6089 -21.4692 4.4
      vertex -51.2275 -21.3776 4.4
    endloop
  endfacet
  facet normal 0 0 1
    outer loop
      vertex -52 -16.5 4.4
      vertex -51.6089 -21.4692 4.4
      vertex -51.6089 -16.5308 4.4
    endloop
  endfacet
  facet normal 0 0 1
    outer loop
      vertex -52 -16.5 4.4
      vertex -52 -21.5 4.4
      vertex -51.6089 -21.4692 4.4
    endloop
  endfacet
  facet normal -0 0 1
    outer loop
      vertex -52.3911 -16.5308 4.4
      vertex -52 -21.5 4.4
      vertex -52 -16.5 4.4
    endloop
  endfacet
  facet normal 0 0 1
    outer loop
      vertex -52.3911 -16.5308 4.4
      vertex -52.3911 -21.4692 4.4
      vertex -52 -21.5 4.4
    endloop
  endfacet
  facet normal -0 0 1
    outer loop
      vertex -52.7725 -16.6224 4.4
      vertex -52.3911 -21.4692 4.4
      vertex -52.3911 -16.5308 4.4
    endloop
  endfacet
  facet normal 0 0 1
    outer loop
      vertex -52.7725 -16.6224 4.4
      vertex -52.7725 -21.3776 4.4
      vertex -52.3911 -21.4692 4.4
    endloop
  endfacet
  facet normal -0 0 1
    outer loop
      vertex -53.135 -16.7725 4.4
      vertex -52.7725 -21.3776 4.4
      vertex -52.7725 -16.6224 4.4
    endloop
  endfacet
  facet normal 0 0 1
    outer loop
      vertex -53.135 -16.7725 4.4
      vertex -53.135 -21.2275 4.4
      vertex -52.7725 -21.3776 4.4
    endloop
  endfacet
  facet normal -0 0 1
    outer loop
      vertex -53.4695 -16.9775 4.4
      vertex -53.135 -21.2275 4.4
      vertex -53.135 -16.7725 4.4
    endloop
  endfacet
  facet normal 0 0 1
    outer loop
      vertex -53.4695 -16.9775 4.4
      vertex -53.4695 -21.0225 4.4
      vertex -53.135 -21.2275 4.4
    endloop
  endfacet
  facet normal -0 0 1
    outer loop
      vertex -53.7678 -17.2322 4.4
      vertex -53.4695 -21.0225 4.4
      vertex -53.4695 -16.9775 4.4
    endloop
  endfacet
  facet normal 0 0 1
    outer loop
      vertex -53.7678 -17.2322 4.4
      vertex -53.7678 -20.7678 4.4
      vertex -53.4695 -21.0225 4.4
    endloop
  endfacet
  facet normal -0 0 1
    outer loop
      vertex -54.0225 -17.5305 4.4
      vertex -53.7678 -20.7678 4.4
      vertex -53.7678 -17.2322 4.4
    endloop
  endfacet
  facet normal 0 0 1
    outer loop
      vertex -54.0225 -17.5305 4.4
      vertex -54.0225 -20.4695 4.4
      vertex -53.7678 -20.7678 4.4
    endloop
  endfacet
  facet normal -0 0 1
    outer loop
      vertex -54.2275 -17.865 4.4
      vertex -54.0225 -20.4695 4.4
      vertex -54.0225 -17.5305 4.4
    endloop
  endfacet
  facet normal 0 0 1
    outer loop
      vertex -54.2275 -17.865 4.4
      vertex -54.2275 -20.135 4.4
      vertex -54.0225 -20.4695 4.4
    endloop
  endfacet
  facet normal -0 0 1
    outer loop
      vertex -54.3776 -18.2275 4.4
      vertex -54.2275 -20.135 4.4
      vertex -54.2275 -17.865 4.4
    endloop
  endfacet
  facet normal 0 0 1
    outer loop
      vertex -54.3776 -18.2275 4.4
      vertex -54.3776 -19.7725 4.4
      vertex -54.2275 -20.135 4.4
    endloop
  endfacet
  facet normal -0 0 1
    outer loop
      vertex -54.4692 -18.6089 4.4
      vertex -54.3776 -19.7725 4.4
      vertex -54.3776 -18.2275 4.4
    endloop
  endfacet
  facet normal 0 0 1
    outer loop
      vertex -54.4692 -18.6089 4.4
      vertex -54.4692 -19.3911 4.4
      vertex -54.3776 -19.7725 4.4
    endloop
  endfacet
  facet normal 0 -0 1
    outer loop
      vertex -54.4692 -19.3911 4.4
      vertex -54.4692 -18.6089 4.4
      vertex -54.5 -19 4.4
    endloop
  endfacet
  facet normal 0 0 1
    outer loop
      vertex -13.5496 -2.75308 4.4
      vertex -46.4504 -7.24692 4.4
      vertex -10.2998 -3.9605 4.4
    endloop
  endfacet
  facet normal 0 -0 1
    outer loop
      vertex -46.4504 -7.24692 4.4
      vertex -13.5496 -2.75308 4.4
      vertex -49.7002 -6.0395 4.4
    endloop
  endfacet
  facet normal 0 0 1
    outer loop
      vertex -13.5496 -14.7531 4.4
      vertex -45.3639 -19.1482 4.4
      vertex -10.2998 -15.9605 4.4
    endloop
  endfacet
  facet normal 0 -0 1
    outer loop
      vertex -45.3639 -19.1482 4.4
      vertex -13.5496 -14.7531 4.4
      vertex -49.7002 -18.0395 4.4
    endloop
  endfacet
  facet normal 0.0905358 -0.995893 0
    outer loop
      vertex -46.4504 4.75308 3
      vertex -10.2998 8.0395 4.4
      vertex -46.4504 4.75308 4.4
    endloop
  endfacet
  facet normal 0.0905358 -0.995893 0
    outer loop
      vertex -10.2998 8.0395 4.4
      vertex -46.4504 4.75308 3
      vertex -10.2998 8.0395 3
    endloop
  endfacet
  facet normal -0.090536 0.995893 0
    outer loop
      vertex -10.4359 9.52999 3
      vertex -49.7002 5.9605 4.4
      vertex -10.4359 9.52999 4.4
    endloop
  endfacet
  facet normal -0.090536 0.995893 0
    outer loop
      vertex -49.7002 5.9605 4.4
      vertex -10.4359 9.52999 3
      vertex -49.7002 5.9605 3
    endloop
  endfacet
  facet normal 0.178885 0.98387 -0
    outer loop
      vertex -10.2098 -1.83612 3
      vertex -46.4504 4.75308 4.4
      vertex -10.2098 -1.83612 4.4
    endloop
  endfacet
  facet normal 0.178885 0.98387 0
    outer loop
      vertex -46.4504 4.75308 4.4
      vertex -10.2098 -1.83612 3
      vertex -46.4504 4.75308 3
    endloop
  endfacet
  facet normal -0.178885 -0.98387 0
    outer loop
      vertex -49.7902 3.83612 3
      vertex -13.5496 -2.75308 4.4
      vertex -49.7902 3.83612 4.4
    endloop
  endfacet
  facet normal -0.178885 -0.98387 -0
    outer loop
      vertex -13.5496 -2.75308 4.4
      vertex -49.7902 3.83612 3
      vertex -13.5496 -2.75308 3
    endloop
  endfacet
  facet normal 0.0905358 -0.995893 0
    outer loop
      vertex -46.4504 -7.24692 3
      vertex -10.2998 -3.9605 4.4
      vertex -46.4504 -7.24692 4.4
    endloop
  endfacet
  facet normal 0.0905358 -0.995893 0
    outer loop
      vertex -10.2998 -3.9605 4.4
      vertex -46.4504 -7.24692 3
      vertex -10.2998 -3.9605 3
    endloop
  endfacet
  facet normal -0.0905358 0.995893 0
    outer loop
      vertex -13.5496 -2.75308 3
      vertex -49.7002 -6.0395 4.4
      vertex -13.5496 -2.75308 4.4
    endloop
  endfacet
  facet normal -0.0905358 0.995893 0
    outer loop
      vertex -49.7002 -6.0395 4.4
      vertex -13.5496 -2.75308 3
      vertex -49.7002 -6.0395 3
    endloop
  endfacet
  facet normal 0.178885 0.98387 -0
    outer loop
      vertex -10.2098 -13.8361 3
      vertex -46.4504 -7.24692 4.4
      vertex -10.2098 -13.8361 4.4
    endloop
  endfacet
  facet normal 0.178885 0.98387 0
    outer loop
      vertex -46.4504 -7.24692 4.4
      vertex -10.2098 -13.8361 3
      vertex -46.4504 -7.24692 3
    endloop
  endfacet
  facet normal -0.178886 -0.98387 0
    outer loop
      vertex -49.7902 -8.16388 3
      vertex -13.5496 -14.7531 4.4
      vertex -49.7902 -8.16388 4.4
    endloop
  endfacet
  facet normal -0.178886 -0.98387 -0
    outer loop
      vertex -13.5496 -14.7531 4.4
      vertex -49.7902 -8.16388 3
      vertex -13.5496 -14.7531 3
    endloop
  endfacet
  facet normal 0.0905373 -0.995893 0
    outer loop
      vertex -45.3639 -19.1482 3
      vertex -10.2998 -15.9605 4.4
      vertex -45.3639 -19.1482 4.4
    endloop
  endfacet
  facet normal 0.0905373 -0.995893 0
    outer loop
      vertex -10.2998 -15.9605 4.4
      vertex -45.3639 -19.1482 3
      vertex -10.2998 -15.9605 3
    endloop
  endfacet
  facet normal -0.0905352 0.995893 0
    outer loop
      vertex -13.5496 -14.7531 3
      vertex -49.7002 -18.0395 4.4
      vertex -13.5496 -14.7531 4.4
    endloop
  endfacet
  facet normal -0.0905352 0.995893 0
    outer loop
      vertex -49.7002 -18.0395 4.4
      vertex -13.5496 -14.7531 3
      vertex -49.7002 -18.0395 3
    endloop
  endfacet
  facet normal 0.135112 0.99083 -0
    outer loop
      vertex -10.2567 -23.9355 3
      vertex -45.3639 -19.1482 4.4
      vertex -10.2567 -23.9355 4.4
    endloop
  endfacet
  facet normal 0.135112 0.99083 0
    outer loop
      vertex -45.3639 -19.1482 4.4
      vertex -10.2567 -23.9355 3
      vertex -45.3639 -19.1482 3
    endloop
  endfacet
  facet normal -0.135112 -0.99083 0
    outer loop
      vertex -49.7433 -20.0645 3
      vertex -10.462 -25.421 4.4
      vertex -49.7433 -20.0645 4.4
    endloop
  endfacet
  facet normal -0.135112 -0.99083 -0
    outer loop
      vertex -10.462 -25.421 4.4
      vertex -49.7433 -20.0645 3
      vertex -10.462 -25.421 3
    endloop
  endfacet
  facet normal 0.114624 0.993409 -0
    outer loop
      vertex 41.7236 4.01696 3
      vertex -5.55011 9.47162 4.4
      vertex 41.7236 4.01696 4.4
    endloop
  endfacet
  facet normal 0.114624 0.993409 0
    outer loop
      vertex -5.55011 9.47162 4.4
      vertex 41.7236 4.01696 3
      vertex -5.55011 9.47162 3
    endloop
  endfacet
  facet normal -0.114624 -0.993409 0
    outer loop
      vertex -5.7236 7.98303 3
      vertex 37.4627 3 4.4
      vertex -5.7236 7.98303 4.4
    endloop
  endfacet
  facet normal -0.114624 -0.993409 -0
    outer loop
      vertex 37.4627 3 4.4
      vertex -5.7236 7.98303 3
      vertex 37.4627 3 3
    endloop
  endfacet
  facet normal -0.114624 0.993409 0
    outer loop
      vertex 37.4627 3 3
      vertex -5.7236 -1.98303 4.4
      vertex 37.4627 3 4.4
    endloop
  endfacet
  facet normal -0.114624 0.993409 0
    outer loop
      vertex -5.7236 -1.98303 4.4
      vertex 37.4627 3 3
      vertex -5.7236 -1.98303 3
    endloop
  endfacet
  facet normal 0.114624 -0.993409 0
    outer loop
      vertex -2.37984 -3.10582 3
      vertex 41.7236 1.98303 4.4
      vertex -2.37984 -3.10582 4.4
    endloop
  endfacet
  facet normal 0.114624 -0.993409 0
    outer loop
      vertex 41.7236 1.98303 4.4
      vertex -2.37984 -3.10582 3
      vertex 41.7236 1.98303 3
    endloop
  endfacet
  facet normal 0.152057 0.988372 -0
    outer loop
      vertex 41.7595 -9.89648 3
      vertex -2.37984 -3.10582 4.4
      vertex 41.7595 -9.89648 4.4
    endloop
  endfacet
  facet normal 0.152057 0.988372 0
    outer loop
      vertex -2.37984 -3.10582 4.4
      vertex 41.7595 -9.89648 3
      vertex -2.37984 -3.10582 3
    endloop
  endfacet
  facet normal -0.152056 -0.988372 0
    outer loop
      vertex -5.75945 -4.10352 3
      vertex 37.4618 -10.7529 4.4
      vertex -5.75945 -4.10352 4.4
    endloop
  endfacet
  facet normal -0.152056 -0.988372 -0
    outer loop
      vertex 37.4618 -10.7529 4.4
      vertex -5.75945 -4.10352 3
      vertex 37.4618 -10.7529 3
    endloop
  endfacet
  facet normal -0.0766984 0.997054 0
    outer loop
      vertex 37.4618 -10.7529 3
      vertex -5.68673 -14.0721 4.4
      vertex 37.4618 -10.7529 4.4
    endloop
  endfacet
  facet normal -0.0766984 0.997054 0
    outer loop
      vertex -5.68673 -14.0721 4.4
      vertex 37.4618 -10.7529 3
      vertex -5.68673 -14.0721 3
    endloop
  endfacet
  facet normal 0.0766985 -0.997054 0
    outer loop
      vertex -1.46179 -15.2471 3
      vertex 41.6867 -11.9279 4.4
      vertex -1.46179 -15.2471 4.4
    endloop
  endfacet
  facet normal 0.0766985 -0.997054 0
    outer loop
      vertex 41.6867 -11.9279 4.4
      vertex -1.46179 -15.2471 3
      vertex 41.6867 -11.9279 3
    endloop
  endfacet
  facet normal 0.152057 0.988372 -0
    outer loop
      vertex 41.7595 -21.8965 3
      vertex -1.46179 -15.2471 4.4
      vertex 41.7595 -21.8965 4.4
    endloop
  endfacet
  facet normal 0.152057 0.988372 0
    outer loop
      vertex -1.46179 -15.2471 4.4
      vertex 41.7595 -21.8965 3
      vertex -1.46179 -15.2471 3
    endloop
  endfacet
  facet normal -0.152058 -0.988372 0
    outer loop
      vertex -5.75945 -16.1035 3
      vertex 36.1542 -22.5518 4.4
      vertex -5.75945 -16.1035 4.4
    endloop
  endfacet
  facet normal -0.152058 -0.988372 -0
    outer loop
      vertex 36.1542 -22.5518 4.4
      vertex -5.75945 -16.1035 3
      vertex 36.1542 -22.5518 3
    endloop
  endfacet
  facet normal -0.0384314 0.999261 0
    outer loop
      vertex 36.1542 -22.5518 3
      vertex -5.65045 -24.1596 4.4
      vertex 36.1542 -22.5518 4.4
    endloop
  endfacet
  facet normal -0.0384314 0.999261 0
    outer loop
      vertex -5.65045 -24.1596 4.4
      vertex 36.1542 -22.5518 3
      vertex -5.65045 -24.1596 3
    endloop
  endfacet
  facet normal 0.0384326 -0.999261 0
    outer loop
      vertex -5.59474 -25.6575 3
      vertex 41.6505 -23.8404 4.4
      vertex -5.59474 -25.6575 4.4
    endloop
  endfacet
  facet normal 0.0384326 -0.999261 0
    outer loop
      vertex 41.6505 -23.8404 4.4
      vertex -5.59474 -25.6575 3
      vertex 41.6505 -23.8404 3
    endloop
  endfacet
  facet normal -0.996913 0.0785112 0
    outer loop
      vertex -54.5 5 3
      vertex -54.4692 5.39109 4.4
      vertex -54.4692 5.39109 3
    endloop
  endfacet
  facet normal -0.996913 0.0785112 0
    outer loop
      vertex -54.4692 5.39109 4.4
      vertex -54.5 5 3
      vertex -54.5 5 4.4
    endloop
  endfacet
  facet normal 0.0784585 0.996917 -0
    outer loop
      vertex -51.6089 7.46922 3
      vertex -52 7.5 4.4
      vertex -51.6089 7.46922 4.4
    endloop
  endfacet
  facet normal 0.0784585 0.996917 0
    outer loop
      vertex -52 7.5 4.4
      vertex -51.6089 7.46922 3
      vertex -52 7.5 3
    endloop
  endfacet
  facet normal 0.0784585 -0.996917 0
    outer loop
      vertex -52 2.5 3
      vertex -51.6089 2.53078 4.4
      vertex -52 2.5 4.4
    endloop
  endfacet
  facet normal 0.0784585 -0.996917 0
    outer loop
      vertex -51.6089 2.53078 4.4
      vertex -52 2.5 3
      vertex -51.6089 2.53078 3
    endloop
  endfacet
  facet normal 0.760508 0.649329 0
    outer loop
      vertex -49.9775 6.46946 4.4
      vertex -50.2322 6.76777 3
      vertex -50.2322 6.76777 4.4
    endloop
  endfacet
  facet normal 0.760508 0.649329 0
    outer loop
      vertex -50.2322 6.76777 3
      vertex -49.9775 6.46946 4.4
      vertex -49.9775 6.46946 3
    endloop
  endfacet
  facet normal -0.649445 0.760409 0
    outer loop
      vertex -53.4695 7.02254 3
      vertex -53.7678 6.76777 4.4
      vertex -53.4695 7.02254 4.4
    endloop
  endfacet
  facet normal -0.649445 0.760409 0
    outer loop
      vertex -53.7678 6.76777 4.4
      vertex -53.4695 7.02254 3
      vertex -53.7678 6.76777 3
    endloop
  endfacet
  facet normal -0.382613 0.923909 0
    outer loop
      vertex -52.7725 7.37764 3
      vertex -53.135 7.22752 4.4
      vertex -52.7725 7.37764 4.4
    endloop
  endfacet
  facet normal -0.382613 0.923909 0
    outer loop
      vertex -53.135 7.22752 4.4
      vertex -52.7725 7.37764 3
      vertex -53.135 7.22752 3
    endloop
  endfacet
  facet normal 0.923827 0.38281 0
    outer loop
      vertex -49.7002 5.9605 4.4
      vertex -49.7725 6.13498 3
      vertex -49.7725 6.13498 4.4
    endloop
  endfacet
  facet normal 0.923827 0.38281 0
    outer loop
      vertex -49.7725 6.13498 3
      vertex -49.7002 5.9605 4.4
      vertex -49.7002 5.9605 3
    endloop
  endfacet
  facet normal 0.852606 0.522555 0
    outer loop
      vertex -49.7725 6.13498 4.4
      vertex -49.9775 6.46946 3
      vertex -49.9775 6.46946 4.4
    endloop
  endfacet
  facet normal 0.852606 0.522555 0
    outer loop
      vertex -49.9775 6.46946 3
      vertex -49.7725 6.13498 4.4
      vertex -49.7725 6.13498 3
    endloop
  endfacet
  facet normal 0.522495 0.852642 -0
    outer loop
      vertex -50.5305 7.02254 3
      vertex -50.865 7.22752 4.4
      vertex -50.5305 7.02254 4.4
    endloop
  endfacet
  facet normal 0.522495 0.852642 0
    outer loop
      vertex -50.865 7.22752 4.4
      vertex -50.5305 7.02254 3
      vertex -50.865 7.22752 3
    endloop
  endfacet
  facet normal 0.382613 0.923909 -0
    outer loop
      vertex -50.865 7.22752 3
      vertex -51.2275 7.37764 4.4
      vertex -50.865 7.22752 4.4
    endloop
  endfacet
  facet normal 0.382613 0.923909 0
    outer loop
      vertex -51.2275 7.37764 4.4
      vertex -50.865 7.22752 3
      vertex -51.2275 7.37764 3
    endloop
  endfacet
  facet normal 0.649445 0.760409 -0
    outer loop
      vertex -50.2322 6.76777 3
      vertex -50.5305 7.02254 4.4
      vertex -50.2322 6.76777 4.4
    endloop
  endfacet
  facet normal 0.649445 0.760409 0
    outer loop
      vertex -50.5305 7.02254 4.4
      vertex -50.2322 6.76777 3
      vertex -50.5305 7.02254 3
    endloop
  endfacet
  facet normal -0.852606 0.522555 0
    outer loop
      vertex -54.2275 6.13498 3
      vertex -54.0225 6.46946 4.4
      vertex -54.0225 6.46946 3
    endloop
  endfacet
  facet normal -0.852606 0.522555 0
    outer loop
      vertex -54.0225 6.46946 4.4
      vertex -54.2275 6.13498 3
      vertex -54.2275 6.13498 4.4
    endloop
  endfacet
  facet normal -0.760508 0.649329 0
    outer loop
      vertex -54.0225 6.46946 3
      vertex -53.7678 6.76777 4.4
      vertex -53.7678 6.76777 3
    endloop
  endfacet
  facet normal -0.760508 0.649329 0
    outer loop
      vertex -53.7678 6.76777 4.4
      vertex -54.0225 6.46946 3
      vertex -54.0225 6.46946 4.4
    endloop
  endfacet
  facet normal -0.923904 0.382623 0
    outer loop
      vertex -54.3776 5.77254 3
      vertex -54.2275 6.13498 4.4
      vertex -54.2275 6.13498 3
    endloop
  endfacet
  facet normal -0.923904 0.382623 0
    outer loop
      vertex -54.2275 6.13498 4.4
      vertex -54.3776 5.77254 3
      vertex -54.3776 5.77254 4.4
    endloop
  endfacet
  facet normal -0.522495 0.852642 0
    outer loop
      vertex -53.135 7.22752 3
      vertex -53.4695 7.02254 4.4
      vertex -53.135 7.22752 4.4
    endloop
  endfacet
  facet normal -0.522495 0.852642 0
    outer loop
      vertex -53.4695 7.02254 4.4
      vertex -53.135 7.22752 3
      vertex -53.4695 7.02254 3
    endloop
  endfacet
  facet normal -0.233479 0.972362 0
    outer loop
      vertex -52.3911 7.46922 3
      vertex -52.7725 7.37764 4.4
      vertex -52.3911 7.46922 4.4
    endloop
  endfacet
  facet normal -0.233479 0.972362 0
    outer loop
      vertex -52.7725 7.37764 4.4
      vertex -52.3911 7.46922 3
      vertex -52.7725 7.37764 3
    endloop
  endfacet
  facet normal 0.85259 -0.52258 0
    outer loop
      vertex -49.9775 3.53054 4.4
      vertex -49.7902 3.83612 3
      vertex -49.7902 3.83612 4.4
    endloop
  endfacet
  facet normal 0.85259 -0.52258 0
    outer loop
      vertex -49.7902 3.83612 3
      vertex -49.9775 3.53054 4.4
      vertex -49.9775 3.53054 3
    endloop
  endfacet
  facet normal 0.233479 0.972362 -0
    outer loop
      vertex -51.2275 7.37764 3
      vertex -51.6089 7.46922 4.4
      vertex -51.2275 7.37764 4.4
    endloop
  endfacet
  facet normal 0.233479 0.972362 0
    outer loop
      vertex -51.6089 7.46922 4.4
      vertex -51.2275 7.37764 3
      vertex -51.6089 7.46922 3
    endloop
  endfacet
  facet normal -0.972357 0.233498 0
    outer loop
      vertex -54.4692 5.39109 3
      vertex -54.3776 5.77254 4.4
      vertex -54.3776 5.77254 3
    endloop
  endfacet
  facet normal -0.972357 0.233498 0
    outer loop
      vertex -54.3776 5.77254 4.4
      vertex -54.4692 5.39109 3
      vertex -54.4692 5.39109 4.4
    endloop
  endfacet
  facet normal -0.0784585 0.996917 0
    outer loop
      vertex -52 7.5 3
      vertex -52.3911 7.46922 4.4
      vertex -52 7.5 4.4
    endloop
  endfacet
  facet normal -0.0784585 0.996917 0
    outer loop
      vertex -52.3911 7.46922 4.4
      vertex -52 7.5 3
      vertex -52.3911 7.46922 3
    endloop
  endfacet
  facet normal 0.760508 -0.649329 0
    outer loop
      vertex -50.2322 3.23223 4.4
      vertex -49.9775 3.53054 3
      vertex -49.9775 3.53054 4.4
    endloop
  endfacet
  facet normal 0.760508 -0.649329 0
    outer loop
      vertex -49.9775 3.53054 3
      vertex -50.2322 3.23223 4.4
      vertex -50.2322 3.23223 3
    endloop
  endfacet
  facet normal -0.852606 -0.522555 0
    outer loop
      vertex -54.0225 3.53054 3
      vertex -54.2275 3.86502 4.4
      vertex -54.2275 3.86502 3
    endloop
  endfacet
  facet normal -0.852606 -0.522555 0
    outer loop
      vertex -54.2275 3.86502 4.4
      vertex -54.0225 3.53054 3
      vertex -54.0225 3.53054 4.4
    endloop
  endfacet
  facet normal 0.233479 -0.972362 0
    outer loop
      vertex -51.6089 2.53078 3
      vertex -51.2275 2.62236 4.4
      vertex -51.6089 2.53078 4.4
    endloop
  endfacet
  facet normal 0.233479 -0.972362 0
    outer loop
      vertex -51.2275 2.62236 4.4
      vertex -51.6089 2.53078 3
      vertex -51.2275 2.62236 3
    endloop
  endfacet
  facet normal 0.522495 -0.852642 0
    outer loop
      vertex -50.865 2.77248 3
      vertex -50.5305 2.97746 4.4
      vertex -50.865 2.77248 4.4
    endloop
  endfacet
  facet normal 0.522495 -0.852642 0
    outer loop
      vertex -50.5305 2.97746 4.4
      vertex -50.865 2.77248 3
      vertex -50.5305 2.97746 3
    endloop
  endfacet
  facet normal -0.382613 -0.923909 0
    outer loop
      vertex -53.135 2.77248 3
      vertex -52.7725 2.62236 4.4
      vertex -53.135 2.77248 4.4
    endloop
  endfacet
  facet normal -0.382613 -0.923909 -0
    outer loop
      vertex -52.7725 2.62236 4.4
      vertex -53.135 2.77248 3
      vertex -52.7725 2.62236 3
    endloop
  endfacet
  facet normal -0.760508 -0.649329 0
    outer loop
      vertex -53.7678 3.23223 3
      vertex -54.0225 3.53054 4.4
      vertex -54.0225 3.53054 3
    endloop
  endfacet
  facet normal -0.760508 -0.649329 0
    outer loop
      vertex -54.0225 3.53054 4.4
      vertex -53.7678 3.23223 3
      vertex -53.7678 3.23223 4.4
    endloop
  endfacet
  facet normal -0.923904 -0.382623 0
    outer loop
      vertex -54.2275 3.86502 3
      vertex -54.3776 4.22746 4.4
      vertex -54.3776 4.22746 3
    endloop
  endfacet
  facet normal -0.923904 -0.382623 0
    outer loop
      vertex -54.3776 4.22746 4.4
      vertex -54.2275 3.86502 3
      vertex -54.2275 3.86502 4.4
    endloop
  endfacet
  facet normal -0.996913 -0.0785112 0
    outer loop
      vertex -54.4692 4.60891 3
      vertex -54.5 5 4.4
      vertex -54.5 5 3
    endloop
  endfacet
  facet normal -0.996913 -0.0785112 0
    outer loop
      vertex -54.5 5 4.4
      vertex -54.4692 4.60891 3
      vertex -54.4692 4.60891 4.4
    endloop
  endfacet
  facet normal 0.382613 -0.923909 0
    outer loop
      vertex -51.2275 2.62236 3
      vertex -50.865 2.77248 4.4
      vertex -51.2275 2.62236 4.4
    endloop
  endfacet
  facet normal 0.382613 -0.923909 0
    outer loop
      vertex -50.865 2.77248 4.4
      vertex -51.2275 2.62236 3
      vertex -50.865 2.77248 3
    endloop
  endfacet
  facet normal 0.649445 -0.760409 0
    outer loop
      vertex -50.5305 2.97746 3
      vertex -50.2322 3.23223 4.4
      vertex -50.5305 2.97746 4.4
    endloop
  endfacet
  facet normal 0.649445 -0.760409 0
    outer loop
      vertex -50.2322 3.23223 4.4
      vertex -50.5305 2.97746 3
      vertex -50.2322 3.23223 3
    endloop
  endfacet
  facet normal -0.649445 -0.760409 0
    outer loop
      vertex -53.7678 3.23223 3
      vertex -53.4695 2.97746 4.4
      vertex -53.7678 3.23223 4.4
    endloop
  endfacet
  facet normal -0.649445 -0.760409 -0
    outer loop
      vertex -53.4695 2.97746 4.4
      vertex -53.7678 3.23223 3
      vertex -53.4695 2.97746 3
    endloop
  endfacet
  facet normal -0.233479 -0.972362 0
    outer loop
      vertex -52.7725 2.62236 3
      vertex -52.3911 2.53078 4.4
      vertex -52.7725 2.62236 4.4
    endloop
  endfacet
  facet normal -0.233479 -0.972362 -0
    outer loop
      vertex -52.3911 2.53078 4.4
      vertex -52.7725 2.62236 3
      vertex -52.3911 2.53078 3
    endloop
  endfacet
  facet normal -0.972357 -0.233498 0
    outer loop
      vertex -54.3776 4.22746 3
      vertex -54.4692 4.60891 4.4
      vertex -54.4692 4.60891 3
    endloop
  endfacet
  facet normal -0.972357 -0.233498 0
    outer loop
      vertex -54.4692 4.60891 4.4
      vertex -54.3776 4.22746 3
      vertex -54.3776 4.22746 4.4
    endloop
  endfacet
  facet normal -0.522495 -0.852642 0
    outer loop
      vertex -53.4695 2.97746 3
      vertex -53.135 2.77248 4.4
      vertex -53.4695 2.97746 4.4
    endloop
  endfacet
  facet normal -0.522495 -0.852642 -0
    outer loop
      vertex -53.135 2.77248 4.4
      vertex -53.4695 2.97746 3
      vertex -53.135 2.77248 3
    endloop
  endfacet
  facet normal -0.0784585 -0.996917 0
    outer loop
      vertex -52.3911 2.53078 3
      vertex -52 2.5 4.4
      vertex -52.3911 2.53078 4.4
    endloop
  endfacet
  facet normal -0.0784585 -0.996917 -0
    outer loop
      vertex -52 2.5 4.4
      vertex -52.3911 2.53078 3
      vertex -52 2.5 3
    endloop
  endfacet
  facet normal -0.996913 0.0785112 0
    outer loop
      vertex -54.5 -7 3
      vertex -54.4692 -6.60891 4.4
      vertex -54.4692 -6.60891 3
    endloop
  endfacet
  facet normal -0.996913 0.0785112 0
    outer loop
      vertex -54.4692 -6.60891 4.4
      vertex -54.5 -7 3
      vertex -54.5 -7 4.4
    endloop
  endfacet
  facet normal -0.0784585 0.996917 0
    outer loop
      vertex -52 -4.5 3
      vertex -52.3911 -4.53078 4.4
      vertex -52 -4.5 4.4
    endloop
  endfacet
  facet normal -0.0784585 0.996917 0
    outer loop
      vertex -52.3911 -4.53078 4.4
      vertex -52 -4.5 3
      vertex -52.3911 -4.53078 3
    endloop
  endfacet
  facet normal 0.649445 0.760409 -0
    outer loop
      vertex -50.2322 -5.23223 3
      vertex -50.5305 -4.97746 4.4
      vertex -50.2322 -5.23223 4.4
    endloop
  endfacet
  facet normal 0.649445 0.760409 0
    outer loop
      vertex -50.5305 -4.97746 4.4
      vertex -50.2322 -5.23223 3
      vertex -50.5305 -4.97746 3
    endloop
  endfacet
  facet normal -0.649445 0.760409 0
    outer loop
      vertex -53.4695 -4.97746 3
      vertex -53.7678 -5.23223 4.4
      vertex -53.4695 -4.97746 4.4
    endloop
  endfacet
  facet normal -0.649445 0.760409 0
    outer loop
      vertex -53.7678 -5.23223 4.4
      vertex -53.4695 -4.97746 3
      vertex -53.7678 -5.23223 3
    endloop
  endfacet
  facet normal -0.382613 0.923909 0
    outer loop
      vertex -52.7725 -4.62236 3
      vertex -53.135 -4.77248 4.4
      vertex -52.7725 -4.62236 4.4
    endloop
  endfacet
  facet normal -0.382613 0.923909 0
    outer loop
      vertex -53.135 -4.77248 4.4
      vertex -52.7725 -4.62236 3
      vertex -53.135 -4.77248 3
    endloop
  endfacet
  facet normal 0.85259 -0.52258 0
    outer loop
      vertex -49.9775 -8.46946 4.4
      vertex -49.7902 -8.16388 3
      vertex -49.7902 -8.16388 4.4
    endloop
  endfacet
  facet normal 0.85259 -0.52258 0
    outer loop
      vertex -49.7902 -8.16388 3
      vertex -49.9775 -8.46946 4.4
      vertex -49.9775 -8.46946 3
    endloop
  endfacet
  facet normal 0.923827 0.38281 0
    outer loop
      vertex -49.7002 -6.0395 4.4
      vertex -49.7725 -5.86502 3
      vertex -49.7725 -5.86502 4.4
    endloop
  endfacet
  facet normal 0.923827 0.38281 0
    outer loop
      vertex -49.7725 -5.86502 3
      vertex -49.7002 -6.0395 4.4
      vertex -49.7002 -6.0395 3
    endloop
  endfacet
  facet normal 0.382613 0.923909 -0
    outer loop
      vertex -50.865 -4.77248 3
      vertex -51.2275 -4.62236 4.4
      vertex -50.865 -4.77248 4.4
    endloop
  endfacet
  facet normal 0.382613 0.923909 0
    outer loop
      vertex -51.2275 -4.62236 4.4
      vertex -50.865 -4.77248 3
      vertex -51.2275 -4.62236 3
    endloop
  endfacet
  facet normal 0.233479 0.972362 -0
    outer loop
      vertex -51.2275 -4.62236 3
      vertex -51.6089 -4.53078 4.4
      vertex -51.2275 -4.62236 4.4
    endloop
  endfacet
  facet normal 0.233479 0.972362 0
    outer loop
      vertex -51.6089 -4.53078 4.4
      vertex -51.2275 -4.62236 3
      vertex -51.6089 -4.53078 3
    endloop
  endfacet
  facet normal 0.522495 0.852642 -0
    outer loop
      vertex -50.5305 -4.97746 3
      vertex -50.865 -4.77248 4.4
      vertex -50.5305 -4.97746 4.4
    endloop
  endfacet
  facet normal 0.522495 0.852642 0
    outer loop
      vertex -50.865 -4.77248 4.4
      vertex -50.5305 -4.97746 3
      vertex -50.865 -4.77248 3
    endloop
  endfacet
  facet normal -0.852606 0.522555 0
    outer loop
      vertex -54.2275 -5.86502 3
      vertex -54.0225 -5.53054 4.4
      vertex -54.0225 -5.53054 3
    endloop
  endfacet
  facet normal -0.852606 0.522555 0
    outer loop
      vertex -54.0225 -5.53054 4.4
      vertex -54.2275 -5.86502 3
      vertex -54.2275 -5.86502 4.4
    endloop
  endfacet
  facet normal -0.760508 0.649329 0
    outer loop
      vertex -54.0225 -5.53054 3
      vertex -53.7678 -5.23223 4.4
      vertex -53.7678 -5.23223 3
    endloop
  endfacet
  facet normal -0.760508 0.649329 0
    outer loop
      vertex -53.7678 -5.23223 4.4
      vertex -54.0225 -5.53054 3
      vertex -54.0225 -5.53054 4.4
    endloop
  endfacet
  facet normal -0.923904 0.382623 0
    outer loop
      vertex -54.3776 -6.22746 3
      vertex -54.2275 -5.86502 4.4
      vertex -54.2275 -5.86502 3
    endloop
  endfacet
  facet normal -0.923904 0.382623 0
    outer loop
      vertex -54.2275 -5.86502 4.4
      vertex -54.3776 -6.22746 3
      vertex -54.3776 -6.22746 4.4
    endloop
  endfacet
  facet normal -0.522495 0.852642 0
    outer loop
      vertex -53.135 -4.77248 3
      vertex -53.4695 -4.97746 4.4
      vertex -53.135 -4.77248 4.4
    endloop
  endfacet
  facet normal -0.522495 0.852642 0
    outer loop
      vertex -53.4695 -4.97746 4.4
      vertex -53.135 -4.77248 3
      vertex -53.4695 -4.97746 3
    endloop
  endfacet
  facet normal -0.233479 0.972362 0
    outer loop
      vertex -52.3911 -4.53078 3
      vertex -52.7725 -4.62236 4.4
      vertex -52.3911 -4.53078 4.4
    endloop
  endfacet
  facet normal -0.233479 0.972362 0
    outer loop
      vertex -52.7725 -4.62236 4.4
      vertex -52.3911 -4.53078 3
      vertex -52.7725 -4.62236 3
    endloop
  endfacet
  facet normal 0.522495 -0.852642 0
    outer loop
      vertex -50.865 -9.22752 3
      vertex -50.5305 -9.02254 4.4
      vertex -50.865 -9.22752 4.4
    endloop
  endfacet
  facet normal 0.522495 -0.852642 0
    outer loop
      vertex -50.5305 -9.02254 4.4
      vertex -50.865 -9.22752 3
      vertex -50.5305 -9.02254 3
    endloop
  endfacet
  facet normal -0.522495 -0.852642 0
    outer loop
      vertex -53.4695 -9.02254 3
      vertex -53.135 -9.22752 4.4
      vertex -53.4695 -9.02254 4.4
    endloop
  endfacet
  facet normal -0.522495 -0.852642 -0
    outer loop
      vertex -53.135 -9.22752 4.4
      vertex -53.4695 -9.02254 3
      vertex -53.135 -9.22752 3
    endloop
  endfacet
  facet normal -0.649445 -0.760409 0
    outer loop
      vertex -53.7678 -8.76777 3
      vertex -53.4695 -9.02254 4.4
      vertex -53.7678 -8.76777 4.4
    endloop
  endfacet
  facet normal -0.649445 -0.760409 -0
    outer loop
      vertex -53.4695 -9.02254 4.4
      vertex -53.7678 -8.76777 3
      vertex -53.4695 -9.02254 3
    endloop
  endfacet
  facet normal -0.382613 -0.923909 0
    outer loop
      vertex -53.135 -9.22752 3
      vertex -52.7725 -9.37764 4.4
      vertex -53.135 -9.22752 4.4
    endloop
  endfacet
  facet normal -0.382613 -0.923909 -0
    outer loop
      vertex -52.7725 -9.37764 4.4
      vertex -53.135 -9.22752 3
      vertex -52.7725 -9.37764 3
    endloop
  endfacet
  facet normal -0.852606 -0.522555 0
    outer loop
      vertex -54.0225 -8.46946 3
      vertex -54.2275 -8.13498 4.4
      vertex -54.2275 -8.13498 3
    endloop
  endfacet
  facet normal -0.852606 -0.522555 0
    outer loop
      vertex -54.2275 -8.13498 4.4
      vertex -54.0225 -8.46946 3
      vertex -54.0225 -8.46946 4.4
    endloop
  endfacet
  facet normal -0.760508 -0.649329 0
    outer loop
      vertex -53.7678 -8.76777 3
      vertex -54.0225 -8.46946 4.4
      vertex -54.0225 -8.46946 3
    endloop
  endfacet
  facet normal -0.760508 -0.649329 0
    outer loop
      vertex -54.0225 -8.46946 4.4
      vertex -53.7678 -8.76777 3
      vertex -53.7678 -8.76777 4.4
    endloop
  endfacet
  facet normal 0.760508 0.649329 0
    outer loop
      vertex -49.9775 -5.53054 4.4
      vertex -50.2322 -5.23223 3
      vertex -50.2322 -5.23223 4.4
    endloop
  endfacet
  facet normal 0.760508 0.649329 0
    outer loop
      vertex -50.2322 -5.23223 3
      vertex -49.9775 -5.53054 4.4
      vertex -49.9775 -5.53054 3
    endloop
  endfacet
  facet normal 0.852606 0.522555 0
    outer loop
      vertex -49.7725 -5.86502 4.4
      vertex -49.9775 -5.53054 3
      vertex -49.9775 -5.53054 4.4
    endloop
  endfacet
  facet normal 0.852606 0.522555 0
    outer loop
      vertex -49.9775 -5.53054 3
      vertex -49.7725 -5.86502 4.4
      vertex -49.7725 -5.86502 3
    endloop
  endfacet
  facet normal 0.0784585 0.996917 -0
    outer loop
      vertex -51.6089 -4.53078 3
      vertex -52 -4.5 4.4
      vertex -51.6089 -4.53078 4.4
    endloop
  endfacet
  facet normal 0.0784585 0.996917 0
    outer loop
      vertex -52 -4.5 4.4
      vertex -51.6089 -4.53078 3
      vertex -52 -4.5 3
    endloop
  endfacet
  facet normal -0.972357 0.233498 0
    outer loop
      vertex -54.4692 -6.60891 3
      vertex -54.3776 -6.22746 4.4
      vertex -54.3776 -6.22746 3
    endloop
  endfacet
  facet normal -0.972357 0.233498 0
    outer loop
      vertex -54.3776 -6.22746 4.4
      vertex -54.4692 -6.60891 3
      vertex -54.4692 -6.60891 4.4
    endloop
  endfacet
  facet normal 0.0784585 -0.996917 0
    outer loop
      vertex -52 -9.5 3
      vertex -51.6089 -9.46922 4.4
      vertex -52 -9.5 4.4
    endloop
  endfacet
  facet normal 0.0784585 -0.996917 0
    outer loop
      vertex -51.6089 -9.46922 4.4
      vertex -52 -9.5 3
      vertex -51.6089 -9.46922 3
    endloop
  endfacet
  facet normal 0.382613 -0.923909 0
    outer loop
      vertex -51.2275 -9.37764 3
      vertex -50.865 -9.22752 4.4
      vertex -51.2275 -9.37764 4.4
    endloop
  endfacet
  facet normal 0.382613 -0.923909 0
    outer loop
      vertex -50.865 -9.22752 4.4
      vertex -51.2275 -9.37764 3
      vertex -50.865 -9.22752 3
    endloop
  endfacet
  facet normal 0.649445 -0.760409 0
    outer loop
      vertex -50.5305 -9.02254 3
      vertex -50.2322 -8.76777 4.4
      vertex -50.5305 -9.02254 4.4
    endloop
  endfacet
  facet normal 0.649445 -0.760409 0
    outer loop
      vertex -50.2322 -8.76777 4.4
      vertex -50.5305 -9.02254 3
      vertex -50.2322 -8.76777 3
    endloop
  endfacet
  facet normal 0.760508 -0.649329 0
    outer loop
      vertex -50.2322 -8.76777 4.4
      vertex -49.9775 -8.46946 3
      vertex -49.9775 -8.46946 4.4
    endloop
  endfacet
  facet normal 0.760508 -0.649329 0
    outer loop
      vertex -49.9775 -8.46946 3
      vertex -50.2322 -8.76777 4.4
      vertex -50.2322 -8.76777 3
    endloop
  endfacet
  facet normal -0.233479 -0.972362 0
    outer loop
      vertex -52.7725 -9.37764 3
      vertex -52.3911 -9.46922 4.4
      vertex -52.7725 -9.37764 4.4
    endloop
  endfacet
  facet normal -0.233479 -0.972362 -0
    outer loop
      vertex -52.3911 -9.46922 4.4
      vertex -52.7725 -9.37764 3
      vertex -52.3911 -9.46922 3
    endloop
  endfacet
  facet normal -0.923904 -0.382623 0
    outer loop
      vertex -54.2275 -8.13498 3
      vertex -54.3776 -7.77254 4.4
      vertex -54.3776 -7.77254 3
    endloop
  endfacet
  facet normal -0.923904 -0.382623 0
    outer loop
      vertex -54.3776 -7.77254 4.4
      vertex -54.2275 -8.13498 3
      vertex -54.2275 -8.13498 4.4
    endloop
  endfacet
  facet normal -0.996913 -0.0785112 0
    outer loop
      vertex -54.4692 -7.39109 3
      vertex -54.5 -7 4.4
      vertex -54.5 -7 3
    endloop
  endfacet
  facet normal -0.996913 -0.0785112 0
    outer loop
      vertex -54.5 -7 4.4
      vertex -54.4692 -7.39109 3
      vertex -54.4692 -7.39109 4.4
    endloop
  endfacet
  facet normal 0.233479 -0.972362 0
    outer loop
      vertex -51.6089 -9.46922 3
      vertex -51.2275 -9.37764 4.4
      vertex -51.6089 -9.46922 4.4
    endloop
  endfacet
  facet normal 0.233479 -0.972362 0
    outer loop
      vertex -51.2275 -9.37764 4.4
      vertex -51.6089 -9.46922 3
      vertex -51.2275 -9.37764 3
    endloop
  endfacet
  facet normal -0.0784585 -0.996917 0
    outer loop
      vertex -52.3911 -9.46922 3
      vertex -52 -9.5 4.4
      vertex -52.3911 -9.46922 4.4
    endloop
  endfacet
  facet normal -0.0784585 -0.996917 -0
    outer loop
      vertex -52 -9.5 4.4
      vertex -52.3911 -9.46922 3
      vertex -52 -9.5 3
    endloop
  endfacet
  facet normal -0.972357 -0.233498 0
    outer loop
      vertex -54.3776 -7.77254 3
      vertex -54.4692 -7.39109 4.4
      vertex -54.4692 -7.39109 3
    endloop
  endfacet
  facet normal -0.972357 -0.233498 0
    outer loop
      vertex -54.4692 -7.39109 4.4
      vertex -54.3776 -7.77254 3
      vertex -54.3776 -7.77254 4.4
    endloop
  endfacet
  facet normal -0.996913 0.0785092 0
    outer loop
      vertex -54.5 -19 3
      vertex -54.4692 -18.6089 4.4
      vertex -54.4692 -18.6089 3
    endloop
  endfacet
  facet normal -0.996913 0.0785092 0
    outer loop
      vertex -54.4692 -18.6089 4.4
      vertex -54.5 -19 3
      vertex -54.5 -19 4.4
    endloop
  endfacet
  facet normal -0.0785092 0.996913 0
    outer loop
      vertex -52 -16.5 3
      vertex -52.3911 -16.5308 4.4
      vertex -52 -16.5 4.4
    endloop
  endfacet
  facet normal -0.0785092 0.996913 0
    outer loop
      vertex -52.3911 -16.5308 4.4
      vertex -52 -16.5 3
      vertex -52.3911 -16.5308 3
    endloop
  endfacet
  facet normal -0.0785092 -0.996913 0
    outer loop
      vertex -52.3911 -21.4692 3
      vertex -52 -21.5 4.4
      vertex -52.3911 -21.4692 4.4
    endloop
  endfacet
  facet normal -0.0785092 -0.996913 -0
    outer loop
      vertex -52 -21.5 4.4
      vertex -52.3911 -21.4692 3
      vertex -52 -21.5 3
    endloop
  endfacet
  facet normal 0.649342 0.760497 -0
    outer loop
      vertex -50.2322 -17.2322 3
      vertex -50.5305 -16.9775 4.4
      vertex -50.2322 -17.2322 4.4
    endloop
  endfacet
  facet normal 0.649342 0.760497 0
    outer loop
      vertex -50.5305 -16.9775 4.4
      vertex -50.2322 -17.2322 3
      vertex -50.5305 -16.9775 3
    endloop
  endfacet
  facet normal -0.649342 0.760497 0
    outer loop
      vertex -53.4695 -16.9775 3
      vertex -53.7678 -17.2322 4.4
      vertex -53.4695 -16.9775 4.4
    endloop
  endfacet
  facet normal -0.649342 0.760497 0
    outer loop
      vertex -53.7678 -17.2322 4.4
      vertex -53.4695 -16.9775 3
      vertex -53.7678 -17.2322 3
    endloop
  endfacet
  facet normal -0.382569 0.923927 0
    outer loop
      vertex -52.7725 -16.6224 3
      vertex -53.135 -16.7725 4.4
      vertex -52.7725 -16.6224 4.4
    endloop
  endfacet
  facet normal -0.382569 0.923927 0
    outer loop
      vertex -53.135 -16.7725 4.4
      vertex -52.7725 -16.6224 3
      vertex -53.135 -16.7725 3
    endloop
  endfacet
  facet normal 0.923843 0.382773 0
    outer loop
      vertex -49.7002 -18.0395 4.4
      vertex -49.7725 -17.865 3
      vertex -49.7725 -17.865 4.4
    endloop
  endfacet
  facet normal 0.923843 0.382773 0
    outer loop
      vertex -49.7725 -17.865 3
      vertex -49.7002 -18.0395 4.4
      vertex -49.7002 -18.0395 3
    endloop
  endfacet
  facet normal 0.382569 0.923927 -0
    outer loop
      vertex -50.865 -16.7725 3
      vertex -51.2275 -16.6224 4.4
      vertex -50.865 -16.7725 4.4
    endloop
  endfacet
  facet normal 0.382569 0.923927 0
    outer loop
      vertex -51.2275 -16.6224 4.4
      vertex -50.865 -16.7725 3
      vertex -51.2275 -16.6224 3
    endloop
  endfacet
  facet normal 0.233527 0.97235 -0
    outer loop
      vertex -51.2275 -16.6224 3
      vertex -51.6089 -16.5308 4.4
      vertex -51.2275 -16.6224 4.4
    endloop
  endfacet
  facet normal 0.233527 0.97235 0
    outer loop
      vertex -51.6089 -16.5308 4.4
      vertex -51.2275 -16.6224 3
      vertex -51.6089 -16.5308 3
    endloop
  endfacet
  facet normal 0.522532 0.85262 -0
    outer loop
      vertex -50.5305 -16.9775 3
      vertex -50.865 -16.7725 4.4
      vertex -50.5305 -16.9775 4.4
    endloop
  endfacet
  facet normal 0.522532 0.85262 0
    outer loop
      vertex -50.865 -16.7725 4.4
      vertex -50.5305 -16.9775 3
      vertex -50.865 -16.7725 3
    endloop
  endfacet
  facet normal -0.85262 0.522532 0
    outer loop
      vertex -54.2275 -17.865 3
      vertex -54.0225 -17.5305 4.4
      vertex -54.0225 -17.5305 3
    endloop
  endfacet
  facet normal -0.85262 0.522532 0
    outer loop
      vertex -54.0225 -17.5305 4.4
      vertex -54.2275 -17.865 3
      vertex -54.2275 -17.865 4.4
    endloop
  endfacet
  facet normal -0.760497 0.649342 0
    outer loop
      vertex -54.0225 -17.5305 3
      vertex -53.7678 -17.2322 4.4
      vertex -53.7678 -17.2322 3
    endloop
  endfacet
  facet normal -0.760497 0.649342 0
    outer loop
      vertex -53.7678 -17.2322 4.4
      vertex -54.0225 -17.5305 3
      vertex -54.0225 -17.5305 4.4
    endloop
  endfacet
  facet normal -0.923927 0.382569 0
    outer loop
      vertex -54.3776 -18.2275 3
      vertex -54.2275 -17.865 4.4
      vertex -54.2275 -17.865 3
    endloop
  endfacet
  facet normal -0.923927 0.382569 0
    outer loop
      vertex -54.2275 -17.865 4.4
      vertex -54.3776 -18.2275 3
      vertex -54.3776 -18.2275 4.4
    endloop
  endfacet
  facet normal -0.522532 0.85262 0
    outer loop
      vertex -53.135 -16.7725 3
      vertex -53.4695 -16.9775 4.4
      vertex -53.135 -16.7725 4.4
    endloop
  endfacet
  facet normal -0.522532 0.85262 0
    outer loop
      vertex -53.4695 -16.9775 4.4
      vertex -53.135 -16.7725 3
      vertex -53.4695 -16.9775 3
    endloop
  endfacet
  facet normal -0.233527 0.97235 0
    outer loop
      vertex -52.3911 -16.5308 3
      vertex -52.7725 -16.6224 4.4
      vertex -52.3911 -16.5308 4.4
    endloop
  endfacet
  facet normal -0.233527 0.97235 0
    outer loop
      vertex -52.7725 -16.6224 4.4
      vertex -52.3911 -16.5308 3
      vertex -52.7725 -16.6224 3
    endloop
  endfacet
  facet normal 0.522532 -0.85262 0
    outer loop
      vertex -50.865 -21.2275 3
      vertex -50.5305 -21.0225 4.4
      vertex -50.865 -21.2275 4.4
    endloop
  endfacet
  facet normal 0.522532 -0.85262 0
    outer loop
      vertex -50.5305 -21.0225 4.4
      vertex -50.865 -21.2275 3
      vertex -50.5305 -21.0225 3
    endloop
  endfacet
  facet normal -0.649342 -0.760497 0
    outer loop
      vertex -53.7678 -20.7678 3
      vertex -53.4695 -21.0225 4.4
      vertex -53.7678 -20.7678 4.4
    endloop
  endfacet
  facet normal -0.649342 -0.760497 -0
    outer loop
      vertex -53.4695 -21.0225 4.4
      vertex -53.7678 -20.7678 3
      vertex -53.4695 -21.0225 3
    endloop
  endfacet
  facet normal -0.382569 -0.923927 0
    outer loop
      vertex -53.135 -21.2275 3
      vertex -52.7725 -21.3776 4.4
      vertex -53.135 -21.2275 4.4
    endloop
  endfacet
  facet normal -0.382569 -0.923927 -0
    outer loop
      vertex -52.7725 -21.3776 4.4
      vertex -53.135 -21.2275 3
      vertex -52.7725 -21.3776 3
    endloop
  endfacet
  facet normal -0.85262 -0.522532 0
    outer loop
      vertex -54.0225 -20.4695 3
      vertex -54.2275 -20.135 4.4
      vertex -54.2275 -20.135 3
    endloop
  endfacet
  facet normal -0.85262 -0.522532 0
    outer loop
      vertex -54.2275 -20.135 4.4
      vertex -54.0225 -20.4695 3
      vertex -54.0225 -20.4695 4.4
    endloop
  endfacet
  facet normal 0.760497 0.649342 0
    outer loop
      vertex -49.9775 -17.5305 4.4
      vertex -50.2322 -17.2322 3
      vertex -50.2322 -17.2322 4.4
    endloop
  endfacet
  facet normal 0.760497 0.649342 0
    outer loop
      vertex -50.2322 -17.2322 3
      vertex -49.9775 -17.5305 4.4
      vertex -49.9775 -17.5305 3
    endloop
  endfacet
  facet normal 0.85262 0.522532 0
    outer loop
      vertex -49.7725 -17.865 4.4
      vertex -49.9775 -17.5305 3
      vertex -49.9775 -17.5305 4.4
    endloop
  endfacet
  facet normal 0.85262 0.522532 0
    outer loop
      vertex -49.9775 -17.5305 3
      vertex -49.7725 -17.865 4.4
      vertex -49.7725 -17.865 3
    endloop
  endfacet
  facet normal 0.0785092 0.996913 -0
    outer loop
      vertex -51.6089 -16.5308 3
      vertex -52 -16.5 4.4
      vertex -51.6089 -16.5308 4.4
    endloop
  endfacet
  facet normal 0.0785092 0.996913 0
    outer loop
      vertex -52 -16.5 4.4
      vertex -51.6089 -16.5308 3
      vertex -52 -16.5 3
    endloop
  endfacet
  facet normal -0.97235 0.233527 0
    outer loop
      vertex -54.4692 -18.6089 3
      vertex -54.3776 -18.2275 4.4
      vertex -54.3776 -18.2275 3
    endloop
  endfacet
  facet normal -0.97235 0.233527 0
    outer loop
      vertex -54.3776 -18.2275 4.4
      vertex -54.4692 -18.6089 3
      vertex -54.4692 -18.6089 4.4
    endloop
  endfacet
  facet normal 0.0785092 -0.996913 0
    outer loop
      vertex -52 -21.5 3
      vertex -51.6089 -21.4692 4.4
      vertex -52 -21.5 4.4
    endloop
  endfacet
  facet normal 0.0785092 -0.996913 0
    outer loop
      vertex -51.6089 -21.4692 4.4
      vertex -52 -21.5 3
      vertex -51.6089 -21.4692 3
    endloop
  endfacet
  facet normal 0.382569 -0.923927 0
    outer loop
      vertex -51.2275 -21.3776 3
      vertex -50.865 -21.2275 4.4
      vertex -51.2275 -21.3776 4.4
    endloop
  endfacet
  facet normal 0.382569 -0.923927 0
    outer loop
      vertex -50.865 -21.2275 4.4
      vertex -51.2275 -21.3776 3
      vertex -50.865 -21.2275 3
    endloop
  endfacet
  facet normal 0.649342 -0.760497 0
    outer loop
      vertex -50.5305 -21.0225 3
      vertex -50.2322 -20.7678 4.4
      vertex -50.5305 -21.0225 4.4
    endloop
  endfacet
  facet normal 0.649342 -0.760497 0
    outer loop
      vertex -50.2322 -20.7678 4.4
      vertex -50.5305 -21.0225 3
      vertex -50.2322 -20.7678 3
    endloop
  endfacet
  facet normal 0.760497 -0.649342 0
    outer loop
      vertex -50.2322 -20.7678 4.4
      vertex -49.9775 -20.4695 3
      vertex -49.9775 -20.4695 4.4
    endloop
  endfacet
  facet normal 0.760497 -0.649342 0
    outer loop
      vertex -49.9775 -20.4695 3
      vertex -50.2322 -20.7678 4.4
      vertex -50.2322 -20.7678 3
    endloop
  endfacet
  facet normal -0.522532 -0.85262 0
    outer loop
      vertex -53.4695 -21.0225 3
      vertex -53.135 -21.2275 4.4
      vertex -53.4695 -21.0225 4.4
    endloop
  endfacet
  facet normal -0.522532 -0.85262 -0
    outer loop
      vertex -53.135 -21.2275 4.4
      vertex -53.4695 -21.0225 3
      vertex -53.135 -21.2275 3
    endloop
  endfacet
  facet normal -0.233527 -0.97235 0
    outer loop
      vertex -52.7725 -21.3776 3
      vertex -52.3911 -21.4692 4.4
      vertex -52.7725 -21.3776 4.4
    endloop
  endfacet
  facet normal -0.233527 -0.97235 -0
    outer loop
      vertex -52.3911 -21.4692 4.4
      vertex -52.7725 -21.3776 3
      vertex -52.3911 -21.4692 3
    endloop
  endfacet
  facet normal -0.760497 -0.649342 0
    outer loop
      vertex -53.7678 -20.7678 3
      vertex -54.0225 -20.4695 4.4
      vertex -54.0225 -20.4695 3
    endloop
  endfacet
  facet normal -0.760497 -0.649342 0
    outer loop
      vertex -54.0225 -20.4695 4.4
      vertex -53.7678 -20.7678 3
      vertex -53.7678 -20.7678 4.4
    endloop
  endfacet
  facet normal -0.923927 -0.382569 0
    outer loop
      vertex -54.2275 -20.135 3
      vertex -54.3776 -19.7725 4.4
      vertex -54.3776 -19.7725 3
    endloop
  endfacet
  facet normal -0.923927 -0.382569 0
    outer loop
      vertex -54.3776 -19.7725 4.4
      vertex -54.2275 -20.135 3
      vertex -54.2275 -20.135 4.4
    endloop
  endfacet
  facet normal -0.996913 -0.0785092 0
    outer loop
      vertex -54.4692 -19.3911 3
      vertex -54.5 -19 4.4
      vertex -54.5 -19 3
    endloop
  endfacet
  facet normal -0.996913 -0.0785092 0
    outer loop
      vertex -54.5 -19 4.4
      vertex -54.4692 -19.3911 3
      vertex -54.4692 -19.3911 4.4
    endloop
  endfacet
  facet normal 0.923889 -0.38266 0
    outer loop
      vertex -49.7725 -20.135 4.4
      vertex -49.7433 -20.0645 3
      vertex -49.7433 -20.0645 4.4
    endloop
  endfacet
  facet normal 0.923889 -0.38266 0
    outer loop
      vertex -49.7433 -20.0645 3
      vertex -49.7725 -20.135 4.4
      vertex -49.7725 -20.135 3
    endloop
  endfacet
  facet normal 0.233527 -0.97235 0
    outer loop
      vertex -51.6089 -21.4692 3
      vertex -51.2275 -21.3776 4.4
      vertex -51.6089 -21.4692 4.4
    endloop
  endfacet
  facet normal 0.233527 -0.97235 0
    outer loop
      vertex -51.2275 -21.3776 4.4
      vertex -51.6089 -21.4692 3
      vertex -51.2275 -21.3776 3
    endloop
  endfacet
  facet normal -0.97235 -0.233527 0
    outer loop
      vertex -54.3776 -19.7725 3
      vertex -54.4692 -19.3911 4.4
      vertex -54.4692 -19.3911 3
    endloop
  endfacet
  facet normal -0.97235 -0.233527 0
    outer loop
      vertex -54.4692 -19.3911 4.4
      vertex -54.3776 -19.7725 3
      vertex -54.3776 -19.7725 4.4
    endloop
  endfacet
  facet normal 0.85262 -0.522532 0
    outer loop
      vertex -49.9775 -20.4695 4.4
      vertex -49.7725 -20.135 3
      vertex -49.7725 -20.135 4.4
    endloop
  endfacet
  facet normal 0.85262 -0.522532 0
    outer loop
      vertex -49.7725 -20.135 3
      vertex -49.9775 -20.4695 4.4
      vertex -49.9775 -20.4695 3
    endloop
  endfacet
  facet normal 0.0785112 0.996913 -0
    outer loop
      vertex -7.60891 11.4692 3
      vertex -8 11.5 4.4
      vertex -7.60891 11.4692 4.4
    endloop
  endfacet
  facet normal 0.0785112 0.996913 0
    outer loop
      vertex -8 11.5 4.4
      vertex -7.60891 11.4692 3
      vertex -8 11.5 3
    endloop
  endfacet
  facet normal 0.0784605 -0.996917 0
    outer loop
      vertex -8 6.5 3
      vertex -7.60891 6.53078 4.4
      vertex -8 6.5 4.4
    endloop
  endfacet
  facet normal 0.0784605 -0.996917 0
    outer loop
      vertex -7.60891 6.53078 4.4
      vertex -8 6.5 3
      vertex -7.60891 6.53078 3
    endloop
  endfacet
  facet normal 0.760409 0.649445 0
    outer loop
      vertex -5.97746 10.4695 4.4
      vertex -6.23223 10.7678 3
      vertex -6.23223 10.7678 4.4
    endloop
  endfacet
  facet normal 0.760409 0.649445 0
    outer loop
      vertex -6.23223 10.7678 3
      vertex -5.97746 10.4695 4.4
      vertex -5.97746 10.4695 3
    endloop
  endfacet
  facet normal -0.649329 0.760508 0
    outer loop
      vertex -9.46946 11.0225 3
      vertex -9.76777 10.7678 4.4
      vertex -9.46946 11.0225 4.4
    endloop
  endfacet
  facet normal -0.649329 0.760508 0
    outer loop
      vertex -9.76777 10.7678 4.4
      vertex -9.46946 11.0225 3
      vertex -9.76777 10.7678 3
    endloop
  endfacet
  facet normal -0.382623 0.923904 0
    outer loop
      vertex -8.77254 11.3776 3
      vertex -9.13498 11.2275 4.4
      vertex -8.77254 11.3776 4.4
    endloop
  endfacet
  facet normal -0.382623 0.923904 0
    outer loop
      vertex -9.13498 11.2275 4.4
      vertex -8.77254 11.3776 3
      vertex -9.13498 11.2275 3
    endloop
  endfacet
  facet normal 0.923894 0.382649 0
    outer loop
      vertex -5.62236 9.77254 4.4
      vertex -5.77248 10.135 3
      vertex -5.77248 10.135 4.4
    endloop
  endfacet
  facet normal 0.923894 0.382649 0
    outer loop
      vertex -5.77248 10.135 3
      vertex -5.62236 9.77254 4.4
      vertex -5.62236 9.77254 3
    endloop
  endfacet
  facet normal 0.972366 0.233462 0
    outer loop
      vertex -5.55011 9.47162 4.4
      vertex -5.62236 9.77254 3
      vertex -5.62236 9.77254 4.4
    endloop
  endfacet
  facet normal 0.972366 0.233462 0
    outer loop
      vertex -5.62236 9.77254 3
      vertex -5.55011 9.47162 4.4
      vertex -5.55011 9.47162 3
    endloop
  endfacet
  facet normal 0.852642 0.522495 0
    outer loop
      vertex -5.77248 10.135 4.4
      vertex -5.97746 10.4695 3
      vertex -5.97746 10.4695 4.4
    endloop
  endfacet
  facet normal 0.852642 0.522495 0
    outer loop
      vertex -5.97746 10.4695 3
      vertex -5.77248 10.135 4.4
      vertex -5.77248 10.135 3
    endloop
  endfacet
  facet normal 0.522555 0.852606 -0
    outer loop
      vertex -6.53054 11.0225 3
      vertex -6.86502 11.2275 4.4
      vertex -6.53054 11.0225 4.4
    endloop
  endfacet
  facet normal 0.522555 0.852606 0
    outer loop
      vertex -6.86502 11.2275 4.4
      vertex -6.53054 11.0225 3
      vertex -6.86502 11.2275 3
    endloop
  endfacet
  facet normal 0.382623 0.923904 -0
    outer loop
      vertex -6.86502 11.2275 3
      vertex -7.22746 11.3776 4.4
      vertex -6.86502 11.2275 4.4
    endloop
  endfacet
  facet normal 0.382623 0.923904 0
    outer loop
      vertex -7.22746 11.3776 4.4
      vertex -6.86502 11.2275 3
      vertex -7.22746 11.3776 3
    endloop
  endfacet
  facet normal 0.649329 0.760508 -0
    outer loop
      vertex -6.23223 10.7678 3
      vertex -6.53054 11.0225 4.4
      vertex -6.23223 10.7678 4.4
    endloop
  endfacet
  facet normal 0.649329 0.760508 0
    outer loop
      vertex -6.53054 11.0225 4.4
      vertex -6.23223 10.7678 3
      vertex -6.53054 11.0225 3
    endloop
  endfacet
  facet normal -0.85262 0.522532 0
    outer loop
      vertex -10.2275 10.135 3
      vertex -10.0225 10.4695 4.4
      vertex -10.0225 10.4695 3
    endloop
  endfacet
  facet normal -0.85262 0.522532 0
    outer loop
      vertex -10.0225 10.4695 4.4
      vertex -10.2275 10.135 3
      vertex -10.2275 10.135 4.4
    endloop
  endfacet
  facet normal -0.760459 0.649386 0
    outer loop
      vertex -10.0225 10.4695 3
      vertex -9.76777 10.7678 4.4
      vertex -9.76777 10.7678 3
    endloop
  endfacet
  facet normal -0.760459 0.649386 0
    outer loop
      vertex -9.76777 10.7678 4.4
      vertex -10.0225 10.4695 3
      vertex -10.0225 10.4695 4.4
    endloop
  endfacet
  facet normal -0.923912 0.382605 0
    outer loop
      vertex -10.3776 9.77254 3
      vertex -10.2275 10.135 4.4
      vertex -10.2275 10.135 3
    endloop
  endfacet
  facet normal -0.923912 0.382605 0
    outer loop
      vertex -10.2275 10.135 4.4
      vertex -10.3776 9.77254 3
      vertex -10.3776 9.77254 4.4
    endloop
  endfacet
  facet normal -0.522555 0.852606 0
    outer loop
      vertex -9.13498 11.2275 3
      vertex -9.46946 11.0225 4.4
      vertex -9.13498 11.2275 4.4
    endloop
  endfacet
  facet normal -0.522555 0.852606 0
    outer loop
      vertex -9.46946 11.0225 4.4
      vertex -9.13498 11.2275 3
      vertex -9.46946 11.0225 3
    endloop
  endfacet
  facet normal -0.233498 0.972357 0
    outer loop
      vertex -8.39109 11.4692 3
      vertex -8.77254 11.3776 4.4
      vertex -8.39109 11.4692 4.4
    endloop
  endfacet
  facet normal -0.233498 0.972357 0
    outer loop
      vertex -8.77254 11.3776 4.4
      vertex -8.39109 11.4692 3
      vertex -8.77254 11.3776 3
    endloop
  endfacet
  facet normal 0.852628 -0.522518 0
    outer loop
      vertex -5.97746 7.53054 4.4
      vertex -5.77248 7.86502 3
      vertex -5.77248 7.86502 4.4
    endloop
  endfacet
  facet normal 0.852628 -0.522518 0
    outer loop
      vertex -5.77248 7.86502 3
      vertex -5.97746 7.53054 4.4
      vertex -5.97746 7.53054 3
    endloop
  endfacet
  facet normal 0.233498 0.972357 -0
    outer loop
      vertex -7.22746 11.3776 3
      vertex -7.60891 11.4692 4.4
      vertex -7.22746 11.3776 4.4
    endloop
  endfacet
  facet normal 0.233498 0.972357 0
    outer loop
      vertex -7.60891 11.4692 4.4
      vertex -7.22746 11.3776 3
      vertex -7.60891 11.4692 3
    endloop
  endfacet
  facet normal -0.972307 0.233706 0
    outer loop
      vertex -10.4359 9.52999 3
      vertex -10.3776 9.77254 4.4
      vertex -10.3776 9.77254 3
    endloop
  endfacet
  facet normal -0.972307 0.233706 0
    outer loop
      vertex -10.3776 9.77254 4.4
      vertex -10.4359 9.52999 3
      vertex -10.4359 9.52999 4.4
    endloop
  endfacet
  facet normal -0.0785112 0.996913 0
    outer loop
      vertex -8 11.5 3
      vertex -8.39109 11.4692 4.4
      vertex -8 11.5 4.4
    endloop
  endfacet
  facet normal -0.0785112 0.996913 0
    outer loop
      vertex -8.39109 11.4692 4.4
      vertex -8 11.5 3
      vertex -8.39109 11.4692 3
    endloop
  endfacet
  facet normal 0.76042 -0.649432 0
    outer loop
      vertex -6.23223 7.23223 4.4
      vertex -5.97746 7.53054 3
      vertex -5.97746 7.53054 4.4
    endloop
  endfacet
  facet normal 0.76042 -0.649432 0
    outer loop
      vertex -5.97746 7.53054 3
      vertex -6.23223 7.23223 4.4
      vertex -6.23223 7.23223 3
    endloop
  endfacet
  facet normal 0.923883 -0.382674 0
    outer loop
      vertex -5.77248 7.86502 4.4
      vertex -5.7236 7.98303 3
      vertex -5.7236 7.98303 4.4
    endloop
  endfacet
  facet normal 0.923883 -0.382674 0
    outer loop
      vertex -5.7236 7.98303 3
      vertex -5.77248 7.86502 4.4
      vertex -5.77248 7.86502 3
    endloop
  endfacet
  facet normal -0.852606 -0.522555 0
    outer loop
      vertex -10.0225 7.53054 3
      vertex -10.2275 7.86502 4.4
      vertex -10.2275 7.86502 3
    endloop
  endfacet
  facet normal -0.852606 -0.522555 0
    outer loop
      vertex -10.2275 7.86502 4.4
      vertex -10.0225 7.53054 3
      vertex -10.0225 7.53054 4.4
    endloop
  endfacet
  facet normal 0.23345 -0.972369 0
    outer loop
      vertex -7.60891 6.53078 3
      vertex -7.22746 6.62236 4.4
      vertex -7.60891 6.53078 4.4
    endloop
  endfacet
  facet normal 0.23345 -0.972369 0
    outer loop
      vertex -7.22746 6.62236 4.4
      vertex -7.60891 6.53078 3
      vertex -7.22746 6.62236 3
    endloop
  endfacet
  facet normal 0.522518 -0.852628 0
    outer loop
      vertex -6.86502 6.77248 3
      vertex -6.53054 6.97746 4.4
      vertex -6.86502 6.77248 4.4
    endloop
  endfacet
  facet normal 0.522518 -0.852628 0
    outer loop
      vertex -6.53054 6.97746 4.4
      vertex -6.86502 6.77248 3
      vertex -6.53054 6.97746 3
    endloop
  endfacet
  facet normal -0.382667 -0.923886 0
    outer loop
      vertex -9.13498 6.77248 3
      vertex -8.77254 6.62236 4.4
      vertex -9.13498 6.77248 4.4
    endloop
  endfacet
  facet normal -0.382667 -0.923886 -0
    outer loop
      vertex -8.77254 6.62236 4.4
      vertex -9.13498 6.77248 3
      vertex -8.77254 6.62236 3
    endloop
  endfacet
  facet normal -0.76047 -0.649373 0
    outer loop
      vertex -9.76777 7.23223 3
      vertex -10.0225 7.53054 4.4
      vertex -10.0225 7.53054 3
    endloop
  endfacet
  facet normal -0.76047 -0.649373 0
    outer loop
      vertex -10.0225 7.53054 4.4
      vertex -9.76777 7.23223 3
      vertex -9.76777 7.23223 4.4
    endloop
  endfacet
  facet normal -0.923827 -0.38281 0
    outer loop
      vertex -10.2275 7.86502 3
      vertex -10.2998 8.0395 4.4
      vertex -10.2998 8.0395 3
    endloop
  endfacet
  facet normal -0.923827 -0.38281 0
    outer loop
      vertex -10.2998 8.0395 4.4
      vertex -10.2275 7.86502 3
      vertex -10.2275 7.86502 4.4
    endloop
  endfacet
  facet normal 0.382667 -0.923886 0
    outer loop
      vertex -7.22746 6.62236 3
      vertex -6.86502 6.77248 4.4
      vertex -7.22746 6.62236 4.4
    endloop
  endfacet
  facet normal 0.382667 -0.923886 0
    outer loop
      vertex -6.86502 6.77248 4.4
      vertex -7.22746 6.62236 3
      vertex -6.86502 6.77248 3
    endloop
  endfacet
  facet normal 0.649432 -0.76042 0
    outer loop
      vertex -6.53054 6.97746 3
      vertex -6.23223 7.23223 4.4
      vertex -6.53054 6.97746 4.4
    endloop
  endfacet
  facet normal 0.649432 -0.76042 0
    outer loop
      vertex -6.23223 7.23223 4.4
      vertex -6.53054 6.97746 3
      vertex -6.23223 7.23223 3
    endloop
  endfacet
  facet normal -0.0784605 -0.996917 0
    outer loop
      vertex -8.39109 6.53078 3
      vertex -8 6.5 4.4
      vertex -8.39109 6.53078 4.4
    endloop
  endfacet
  facet normal -0.0784605 -0.996917 -0
    outer loop
      vertex -8 6.5 4.4
      vertex -8.39109 6.53078 3
      vertex -8 6.5 3
    endloop
  endfacet
  facet normal -0.649432 -0.76042 0
    outer loop
      vertex -9.76777 7.23223 3
      vertex -9.46946 6.97746 4.4
      vertex -9.76777 7.23223 4.4
    endloop
  endfacet
  facet normal -0.649432 -0.76042 -0
    outer loop
      vertex -9.46946 6.97746 4.4
      vertex -9.76777 7.23223 3
      vertex -9.46946 6.97746 3
    endloop
  endfacet
  facet normal -0.23345 -0.972369 0
    outer loop
      vertex -8.77254 6.62236 3
      vertex -8.39109 6.53078 4.4
      vertex -8.77254 6.62236 4.4
    endloop
  endfacet
  facet normal -0.23345 -0.972369 -0
    outer loop
      vertex -8.39109 6.53078 4.4
      vertex -8.77254 6.62236 3
      vertex -8.39109 6.53078 3
    endloop
  endfacet
  facet normal -0.522518 -0.852628 0
    outer loop
      vertex -9.46946 6.97746 3
      vertex -9.13498 6.77248 4.4
      vertex -9.46946 6.97746 4.4
    endloop
  endfacet
  facet normal -0.522518 -0.852628 -0
    outer loop
      vertex -9.13498 6.77248 4.4
      vertex -9.46946 6.97746 3
      vertex -9.13498 6.77248 3
    endloop
  endfacet
  facet normal -0.078458 0.996917 0
    outer loop
      vertex -8 -0.5 3
      vertex -8.39109 -0.530779 4.4
      vertex -8 -0.5 4.4
    endloop
  endfacet
  facet normal -0.078458 0.996917 0
    outer loop
      vertex -8.39109 -0.530779 4.4
      vertex -8 -0.5 3
      vertex -8.39109 -0.530779 3
    endloop
  endfacet
  facet normal 0.649437 0.760416 -0
    outer loop
      vertex -6.23223 -1.23223 3
      vertex -6.53054 -0.977457 4.4
      vertex -6.23223 -1.23223 4.4
    endloop
  endfacet
  facet normal 0.649437 0.760416 0
    outer loop
      vertex -6.53054 -0.977457 4.4
      vertex -6.23223 -1.23223 3
      vertex -6.53054 -0.977457 3
    endloop
  endfacet
  facet normal -0.649437 0.760416 0
    outer loop
      vertex -9.46946 -0.977457 3
      vertex -9.76777 -1.23223 4.4
      vertex -9.46946 -0.977457 4.4
    endloop
  endfacet
  facet normal -0.649437 0.760416 0
    outer loop
      vertex -9.76777 -1.23223 4.4
      vertex -9.46946 -0.977457 3
      vertex -9.76777 -1.23223 3
    endloop
  endfacet
  facet normal -0.382678 0.923882 0
    outer loop
      vertex -8.77254 -0.622358 3
      vertex -9.13498 -0.772483 4.4
      vertex -8.77254 -0.622358 4.4
    endloop
  endfacet
  facet normal -0.382678 0.923882 0
    outer loop
      vertex -9.13498 -0.772483 4.4
      vertex -8.77254 -0.622358 3
      vertex -9.13498 -0.772483 3
    endloop
  endfacet
  facet normal 0.923883 0.382674 0
    outer loop
      vertex -5.7236 -1.98303 4.4
      vertex -5.77248 -1.86502 3
      vertex -5.77248 -1.86502 4.4
    endloop
  endfacet
  facet normal 0.923883 0.382674 0
    outer loop
      vertex -5.77248 -1.86502 3
      vertex -5.7236 -1.98303 4.4
      vertex -5.7236 -1.98303 3
    endloop
  endfacet
  facet normal 0.382678 0.923882 -0
    outer loop
      vertex -6.86502 -0.772483 3
      vertex -7.22746 -0.622358 4.4
      vertex -6.86502 -0.772483 4.4
    endloop
  endfacet
  facet normal 0.382678 0.923882 0
    outer loop
      vertex -7.22746 -0.622358 4.4
      vertex -6.86502 -0.772483 3
      vertex -7.22746 -0.622358 3
    endloop
  endfacet
  facet normal 0.233448 0.972369 -0
    outer loop
      vertex -7.22746 -0.622358 3
      vertex -7.60891 -0.530779 4.4
      vertex -7.22746 -0.622358 4.4
    endloop
  endfacet
  facet normal 0.233448 0.972369 0
    outer loop
      vertex -7.60891 -0.530779 4.4
      vertex -7.22746 -0.622358 3
      vertex -7.60891 -0.530779 3
    endloop
  endfacet
  facet normal 0.522507 0.852635 -0
    outer loop
      vertex -6.53054 -0.977457 3
      vertex -6.86502 -0.772483 4.4
      vertex -6.53054 -0.977457 4.4
    endloop
  endfacet
  facet normal 0.522507 0.852635 0
    outer loop
      vertex -6.86502 -0.772483 4.4
      vertex -6.53054 -0.977457 3
      vertex -6.86502 -0.772483 3
    endloop
  endfacet
  facet normal -0.85259 0.52258 0
    outer loop
      vertex -10.2098 -1.83612 3
      vertex -10.0225 -1.53054 4.4
      vertex -10.0225 -1.53054 3
    endloop
  endfacet
  facet normal -0.85259 0.52258 0
    outer loop
      vertex -10.0225 -1.53054 4.4
      vertex -10.2098 -1.83612 3
      vertex -10.2098 -1.83612 4.4
    endloop
  endfacet
  facet normal -0.76047 0.649373 0
    outer loop
      vertex -10.0225 -1.53054 3
      vertex -9.76777 -1.23223 4.4
      vertex -9.76777 -1.23223 3
    endloop
  endfacet
  facet normal -0.76047 0.649373 0
    outer loop
      vertex -9.76777 -1.23223 4.4
      vertex -10.0225 -1.53054 3
      vertex -10.0225 -1.53054 4.4
    endloop
  endfacet
  facet normal -0.522507 0.852635 0
    outer loop
      vertex -9.13498 -0.772483 3
      vertex -9.46946 -0.977457 4.4
      vertex -9.13498 -0.772483 4.4
    endloop
  endfacet
  facet normal -0.522507 0.852635 0
    outer loop
      vertex -9.46946 -0.977457 4.4
      vertex -9.13498 -0.772483 3
      vertex -9.46946 -0.977457 3
    endloop
  endfacet
  facet normal -0.233448 0.972369 0
    outer loop
      vertex -8.39109 -0.530779 3
      vertex -8.77254 -0.622358 4.4
      vertex -8.39109 -0.530779 4.4
    endloop
  endfacet
  facet normal -0.233448 0.972369 0
    outer loop
      vertex -8.77254 -0.622358 4.4
      vertex -8.39109 -0.530779 3
      vertex -8.77254 -0.622358 3
    endloop
  endfacet
  facet normal 0.522518 -0.852628 0
    outer loop
      vertex -6.86502 -5.22752 3
      vertex -6.53054 -5.02254 4.4
      vertex -6.86502 -5.22752 4.4
    endloop
  endfacet
  facet normal 0.522518 -0.852628 0
    outer loop
      vertex -6.53054 -5.02254 4.4
      vertex -6.86502 -5.22752 3
      vertex -6.53054 -5.02254 3
    endloop
  endfacet
  facet normal -0.649432 -0.76042 0
    outer loop
      vertex -9.76777 -4.76777 3
      vertex -9.46946 -5.02254 4.4
      vertex -9.76777 -4.76777 4.4
    endloop
  endfacet
  facet normal -0.649432 -0.76042 -0
    outer loop
      vertex -9.46946 -5.02254 4.4
      vertex -9.76777 -4.76777 3
      vertex -9.46946 -5.02254 3
    endloop
  endfacet
  facet normal -0.382667 -0.923886 0
    outer loop
      vertex -9.13498 -5.22752 3
      vertex -8.77254 -5.37764 4.4
      vertex -9.13498 -5.22752 4.4
    endloop
  endfacet
  facet normal -0.382667 -0.923886 -0
    outer loop
      vertex -8.77254 -5.37764 4.4
      vertex -9.13498 -5.22752 3
      vertex -8.77254 -5.37764 3
    endloop
  endfacet
  facet normal -0.852606 -0.522555 0
    outer loop
      vertex -10.0225 -4.46946 3
      vertex -10.2275 -4.13498 4.4
      vertex -10.2275 -4.13498 3
    endloop
  endfacet
  facet normal -0.852606 -0.522555 0
    outer loop
      vertex -10.2275 -4.13498 4.4
      vertex -10.0225 -4.46946 3
      vertex -10.0225 -4.46946 4.4
    endloop
  endfacet
  facet normal 0.76042 0.649432 0
    outer loop
      vertex -5.97746 -1.53054 4.4
      vertex -6.23223 -1.23223 3
      vertex -6.23223 -1.23223 4.4
    endloop
  endfacet
  facet normal 0.76042 0.649432 0
    outer loop
      vertex -6.23223 -1.23223 3
      vertex -5.97746 -1.53054 4.4
      vertex -5.97746 -1.53054 3
    endloop
  endfacet
  facet normal 0.852628 0.522518 0
    outer loop
      vertex -5.77248 -1.86502 4.4
      vertex -5.97746 -1.53054 3
      vertex -5.97746 -1.53054 4.4
    endloop
  endfacet
  facet normal 0.852628 0.522518 0
    outer loop
      vertex -5.97746 -1.53054 3
      vertex -5.77248 -1.86502 4.4
      vertex -5.77248 -1.86502 3
    endloop
  endfacet
  facet normal 0.078458 0.996917 -0
    outer loop
      vertex -7.60891 -0.530779 3
      vertex -8 -0.5 4.4
      vertex -7.60891 -0.530779 4.4
    endloop
  endfacet
  facet normal 0.078458 0.996917 0
    outer loop
      vertex -8 -0.5 4.4
      vertex -7.60891 -0.530779 3
      vertex -8 -0.5 3
    endloop
  endfacet
  facet normal 0.0784605 -0.996917 0
    outer loop
      vertex -8 -5.5 3
      vertex -7.60891 -5.46922 4.4
      vertex -8 -5.5 4.4
    endloop
  endfacet
  facet normal 0.0784605 -0.996917 0
    outer loop
      vertex -7.60891 -5.46922 4.4
      vertex -8 -5.5 3
      vertex -7.60891 -5.46922 3
    endloop
  endfacet
  facet normal 0.382667 -0.923886 0
    outer loop
      vertex -7.22746 -5.37764 3
      vertex -6.86502 -5.22752 4.4
      vertex -7.22746 -5.37764 4.4
    endloop
  endfacet
  facet normal 0.382667 -0.923886 0
    outer loop
      vertex -6.86502 -5.22752 4.4
      vertex -7.22746 -5.37764 3
      vertex -6.86502 -5.22752 3
    endloop
  endfacet
  facet normal 0.649432 -0.76042 0
    outer loop
      vertex -6.53054 -5.02254 3
      vertex -6.23223 -4.76777 4.4
      vertex -6.53054 -5.02254 4.4
    endloop
  endfacet
  facet normal 0.649432 -0.76042 0
    outer loop
      vertex -6.23223 -4.76777 4.4
      vertex -6.53054 -5.02254 3
      vertex -6.23223 -4.76777 3
    endloop
  endfacet
  facet normal 0.76042 -0.649432 0
    outer loop
      vertex -6.23223 -4.76777 4.4
      vertex -5.97746 -4.46946 3
      vertex -5.97746 -4.46946 4.4
    endloop
  endfacet
  facet normal 0.76042 -0.649432 0
    outer loop
      vertex -5.97746 -4.46946 3
      vertex -6.23223 -4.76777 4.4
      vertex -6.23223 -4.76777 3
    endloop
  endfacet
  facet normal -0.522518 -0.852628 0
    outer loop
      vertex -9.46946 -5.02254 3
      vertex -9.13498 -5.22752 4.4
      vertex -9.46946 -5.02254 4.4
    endloop
  endfacet
  facet normal -0.522518 -0.852628 -0
    outer loop
      vertex -9.13498 -5.22752 4.4
      vertex -9.46946 -5.02254 3
      vertex -9.13498 -5.22752 3
    endloop
  endfacet
  facet normal -0.23345 -0.972369 0
    outer loop
      vertex -8.77254 -5.37764 3
      vertex -8.39109 -5.46922 4.4
      vertex -8.77254 -5.37764 4.4
    endloop
  endfacet
  facet normal -0.23345 -0.972369 -0
    outer loop
      vertex -8.39109 -5.46922 4.4
      vertex -8.77254 -5.37764 3
      vertex -8.39109 -5.46922 3
    endloop
  endfacet
  facet normal -0.76047 -0.649373 0
    outer loop
      vertex -9.76777 -4.76777 3
      vertex -10.0225 -4.46946 4.4
      vertex -10.0225 -4.46946 3
    endloop
  endfacet
  facet normal -0.76047 -0.649373 0
    outer loop
      vertex -10.0225 -4.46946 4.4
      vertex -9.76777 -4.76777 3
      vertex -9.76777 -4.76777 4.4
    endloop
  endfacet
  facet normal -0.923827 -0.38281 0
    outer loop
      vertex -10.2275 -4.13498 3
      vertex -10.2998 -3.9605 4.4
      vertex -10.2998 -3.9605 3
    endloop
  endfacet
  facet normal -0.923827 -0.38281 0
    outer loop
      vertex -10.2998 -3.9605 4.4
      vertex -10.2275 -4.13498 3
      vertex -10.2275 -4.13498 4.4
    endloop
  endfacet
  facet normal 0.923892 -0.382654 0
    outer loop
      vertex -5.77248 -4.13498 4.4
      vertex -5.75945 -4.10352 3
      vertex -5.75945 -4.10352 4.4
    endloop
  endfacet
  facet normal 0.923892 -0.382654 0
    outer loop
      vertex -5.75945 -4.10352 3
      vertex -5.77248 -4.13498 4.4
      vertex -5.77248 -4.13498 3
    endloop
  endfacet
  facet normal 0.23345 -0.972369 0
    outer loop
      vertex -7.60891 -5.46922 3
      vertex -7.22746 -5.37764 4.4
      vertex -7.60891 -5.46922 4.4
    endloop
  endfacet
  facet normal 0.23345 -0.972369 0
    outer loop
      vertex -7.22746 -5.37764 4.4
      vertex -7.60891 -5.46922 3
      vertex -7.22746 -5.37764 3
    endloop
  endfacet
  facet normal -0.0784605 -0.996917 0
    outer loop
      vertex -8.39109 -5.46922 3
      vertex -8 -5.5 4.4
      vertex -8.39109 -5.46922 4.4
    endloop
  endfacet
  facet normal -0.0784605 -0.996917 -0
    outer loop
      vertex -8 -5.5 4.4
      vertex -8.39109 -5.46922 3
      vertex -8 -5.5 3
    endloop
  endfacet
  facet normal 0.852628 -0.522518 0
    outer loop
      vertex -5.97746 -4.46946 4.4
      vertex -5.77248 -4.13498 3
      vertex -5.77248 -4.13498 4.4
    endloop
  endfacet
  facet normal 0.852628 -0.522518 0
    outer loop
      vertex -5.77248 -4.13498 3
      vertex -5.97746 -4.46946 4.4
      vertex -5.97746 -4.46946 3
    endloop
  endfacet
  facet normal -0.0785112 0.996913 0
    outer loop
      vertex -8 -12.5 3
      vertex -8.39109 -12.5308 4.4
      vertex -8 -12.5 4.4
    endloop
  endfacet
  facet normal -0.0785112 0.996913 0
    outer loop
      vertex -8.39109 -12.5308 4.4
      vertex -8 -12.5 3
      vertex -8.39109 -12.5308 3
    endloop
  endfacet
  facet normal -0.0785112 -0.996913 0
    outer loop
      vertex -8.39109 -17.4692 3
      vertex -8 -17.5 4.4
      vertex -8.39109 -17.4692 4.4
    endloop
  endfacet
  facet normal -0.0785112 -0.996913 -0
    outer loop
      vertex -8 -17.5 4.4
      vertex -8.39109 -17.4692 3
      vertex -8 -17.5 3
    endloop
  endfacet
  facet normal 0.649329 0.760508 -0
    outer loop
      vertex -6.23223 -13.2322 3
      vertex -6.53054 -12.9775 4.4
      vertex -6.23223 -13.2322 4.4
    endloop
  endfacet
  facet normal 0.649329 0.760508 0
    outer loop
      vertex -6.53054 -12.9775 4.4
      vertex -6.23223 -13.2322 3
      vertex -6.53054 -12.9775 3
    endloop
  endfacet
  facet normal -0.649329 0.760508 0
    outer loop
      vertex -9.46946 -12.9775 3
      vertex -9.76777 -13.2322 4.4
      vertex -9.46946 -12.9775 4.4
    endloop
  endfacet
  facet normal -0.649329 0.760508 0
    outer loop
      vertex -9.76777 -13.2322 4.4
      vertex -9.46946 -12.9775 3
      vertex -9.76777 -13.2322 3
    endloop
  endfacet
  facet normal -0.382623 0.923904 0
    outer loop
      vertex -8.77254 -12.6224 3
      vertex -9.13498 -12.7725 4.4
      vertex -8.77254 -12.6224 4.4
    endloop
  endfacet
  facet normal -0.382623 0.923904 0
    outer loop
      vertex -9.13498 -12.7725 4.4
      vertex -8.77254 -12.6224 3
      vertex -9.13498 -12.7725 3
    endloop
  endfacet
  facet normal 0.852642 -0.522495 0
    outer loop
      vertex -5.97746 -16.4695 4.4
      vertex -5.77248 -16.135 3
      vertex -5.77248 -16.135 4.4
    endloop
  endfacet
  facet normal 0.852642 -0.522495 0
    outer loop
      vertex -5.77248 -16.135 3
      vertex -5.97746 -16.4695 4.4
      vertex -5.97746 -16.4695 3
    endloop
  endfacet
  facet normal 0.923933 0.382555 0
    outer loop
      vertex -5.68673 -14.0721 4.4
      vertex -5.77248 -13.865 3
      vertex -5.77248 -13.865 4.4
    endloop
  endfacet
  facet normal 0.923933 0.382555 0
    outer loop
      vertex -5.77248 -13.865 3
      vertex -5.68673 -14.0721 4.4
      vertex -5.68673 -14.0721 3
    endloop
  endfacet
  facet normal 0.382623 0.923904 -0
    outer loop
      vertex -6.86502 -12.7725 3
      vertex -7.22746 -12.6224 4.4
      vertex -6.86502 -12.7725 4.4
    endloop
  endfacet
  facet normal 0.382623 0.923904 0
    outer loop
      vertex -7.22746 -12.6224 4.4
      vertex -6.86502 -12.7725 3
      vertex -7.22746 -12.6224 3
    endloop
  endfacet
  facet normal 0.233498 0.972357 -0
    outer loop
      vertex -7.22746 -12.6224 3
      vertex -7.60891 -12.5308 4.4
      vertex -7.22746 -12.6224 4.4
    endloop
  endfacet
  facet normal 0.233498 0.972357 0
    outer loop
      vertex -7.60891 -12.5308 4.4
      vertex -7.22746 -12.6224 3
      vertex -7.60891 -12.5308 3
    endloop
  endfacet
  facet normal 0.522555 0.852606 -0
    outer loop
      vertex -6.53054 -12.9775 3
      vertex -6.86502 -12.7725 4.4
      vertex -6.53054 -12.9775 4.4
    endloop
  endfacet
  facet normal 0.522555 0.852606 0
    outer loop
      vertex -6.86502 -12.7725 4.4
      vertex -6.53054 -12.9775 3
      vertex -6.86502 -12.7725 3
    endloop
  endfacet
  facet normal -0.852605 0.522556 0
    outer loop
      vertex -10.2098 -13.8361 3
      vertex -10.0225 -13.5305 4.4
      vertex -10.0225 -13.5305 3
    endloop
  endfacet
  facet normal -0.852605 0.522556 0
    outer loop
      vertex -10.0225 -13.5305 4.4
      vertex -10.2098 -13.8361 3
      vertex -10.2098 -13.8361 4.4
    endloop
  endfacet
  facet normal -0.760459 0.649386 0
    outer loop
      vertex -10.0225 -13.5305 3
      vertex -9.76777 -13.2322 4.4
      vertex -9.76777 -13.2322 3
    endloop
  endfacet
  facet normal -0.760459 0.649386 0
    outer loop
      vertex -9.76777 -13.2322 4.4
      vertex -10.0225 -13.5305 3
      vertex -10.0225 -13.5305 4.4
    endloop
  endfacet
  facet normal -0.522555 0.852606 0
    outer loop
      vertex -9.13498 -12.7725 3
      vertex -9.46946 -12.9775 4.4
      vertex -9.13498 -12.7725 4.4
    endloop
  endfacet
  facet normal -0.522555 0.852606 0
    outer loop
      vertex -9.46946 -12.9775 4.4
      vertex -9.13498 -12.7725 3
      vertex -9.46946 -12.9775 3
    endloop
  endfacet
  facet normal -0.233498 0.972357 0
    outer loop
      vertex -8.39109 -12.5308 3
      vertex -8.77254 -12.6224 4.4
      vertex -8.39109 -12.5308 4.4
    endloop
  endfacet
  facet normal -0.233498 0.972357 0
    outer loop
      vertex -8.77254 -12.6224 4.4
      vertex -8.39109 -12.5308 3
      vertex -8.77254 -12.6224 3
    endloop
  endfacet
  facet normal 0.522555 -0.852606 0
    outer loop
      vertex -6.86502 -17.2275 3
      vertex -6.53054 -17.0225 4.4
      vertex -6.86502 -17.2275 4.4
    endloop
  endfacet
  facet normal 0.522555 -0.852606 0
    outer loop
      vertex -6.53054 -17.0225 4.4
      vertex -6.86502 -17.2275 3
      vertex -6.53054 -17.0225 3
    endloop
  endfacet
  facet normal -0.522555 -0.852606 0
    outer loop
      vertex -9.46946 -17.0225 3
      vertex -9.13498 -17.2275 4.4
      vertex -9.46946 -17.0225 4.4
    endloop
  endfacet
  facet normal -0.522555 -0.852606 -0
    outer loop
      vertex -9.13498 -17.2275 4.4
      vertex -9.46946 -17.0225 3
      vertex -9.13498 -17.2275 3
    endloop
  endfacet
  facet normal -0.649329 -0.760508 0
    outer loop
      vertex -9.76777 -16.7678 3
      vertex -9.46946 -17.0225 4.4
      vertex -9.76777 -16.7678 4.4
    endloop
  endfacet
  facet normal -0.649329 -0.760508 -0
    outer loop
      vertex -9.46946 -17.0225 4.4
      vertex -9.76777 -16.7678 3
      vertex -9.46946 -17.0225 3
    endloop
  endfacet
  facet normal -0.382623 -0.923904 0
    outer loop
      vertex -9.13498 -17.2275 3
      vertex -8.77254 -17.3776 4.4
      vertex -9.13498 -17.2275 4.4
    endloop
  endfacet
  facet normal -0.382623 -0.923904 -0
    outer loop
      vertex -8.77254 -17.3776 4.4
      vertex -9.13498 -17.2275 3
      vertex -8.77254 -17.3776 3
    endloop
  endfacet
  facet normal -0.85262 -0.522532 0
    outer loop
      vertex -10.0225 -16.4695 3
      vertex -10.2275 -16.135 4.4
      vertex -10.2275 -16.135 3
    endloop
  endfacet
  facet normal -0.85262 -0.522532 0
    outer loop
      vertex -10.2275 -16.135 4.4
      vertex -10.0225 -16.4695 3
      vertex -10.0225 -16.4695 4.4
    endloop
  endfacet
  facet normal -0.760459 -0.649386 0
    outer loop
      vertex -9.76777 -16.7678 3
      vertex -10.0225 -16.4695 4.4
      vertex -10.0225 -16.4695 3
    endloop
  endfacet
  facet normal -0.760459 -0.649386 0
    outer loop
      vertex -10.0225 -16.4695 4.4
      vertex -9.76777 -16.7678 3
      vertex -9.76777 -16.7678 4.4
    endloop
  endfacet
  facet normal 0.760409 0.649445 0
    outer loop
      vertex -5.97746 -13.5305 4.4
      vertex -6.23223 -13.2322 3
      vertex -6.23223 -13.2322 4.4
    endloop
  endfacet
  facet normal 0.760409 0.649445 0
    outer loop
      vertex -6.23223 -13.2322 3
      vertex -5.97746 -13.5305 4.4
      vertex -5.97746 -13.5305 3
    endloop
  endfacet
  facet normal 0.852642 0.522495 0
    outer loop
      vertex -5.77248 -13.865 4.4
      vertex -5.97746 -13.5305 3
      vertex -5.97746 -13.5305 4.4
    endloop
  endfacet
  facet normal 0.852642 0.522495 0
    outer loop
      vertex -5.97746 -13.5305 3
      vertex -5.77248 -13.865 4.4
      vertex -5.77248 -13.865 3
    endloop
  endfacet
  facet normal 0.0785112 0.996913 -0
    outer loop
      vertex -7.60891 -12.5308 3
      vertex -8 -12.5 4.4
      vertex -7.60891 -12.5308 4.4
    endloop
  endfacet
  facet normal 0.0785112 0.996913 0
    outer loop
      vertex -8 -12.5 4.4
      vertex -7.60891 -12.5308 3
      vertex -8 -12.5 3
    endloop
  endfacet
  facet normal 0.0785112 -0.996913 0
    outer loop
      vertex -8 -17.5 3
      vertex -7.60891 -17.4692 4.4
      vertex -8 -17.5 4.4
    endloop
  endfacet
  facet normal 0.0785112 -0.996913 0
    outer loop
      vertex -7.60891 -17.4692 4.4
      vertex -8 -17.5 3
      vertex -7.60891 -17.4692 3
    endloop
  endfacet
  facet normal 0.382623 -0.923904 0
    outer loop
      vertex -7.22746 -17.3776 3
      vertex -6.86502 -17.2275 4.4
      vertex -7.22746 -17.3776 4.4
    endloop
  endfacet
  facet normal 0.382623 -0.923904 0
    outer loop
      vertex -6.86502 -17.2275 4.4
      vertex -7.22746 -17.3776 3
      vertex -6.86502 -17.2275 3
    endloop
  endfacet
  facet normal 0.649329 -0.760508 0
    outer loop
      vertex -6.53054 -17.0225 3
      vertex -6.23223 -16.7678 4.4
      vertex -6.53054 -17.0225 4.4
    endloop
  endfacet
  facet normal 0.649329 -0.760508 0
    outer loop
      vertex -6.23223 -16.7678 4.4
      vertex -6.53054 -17.0225 3
      vertex -6.23223 -16.7678 3
    endloop
  endfacet
  facet normal 0.760409 -0.649445 0
    outer loop
      vertex -6.23223 -16.7678 4.4
      vertex -5.97746 -16.4695 3
      vertex -5.97746 -16.4695 4.4
    endloop
  endfacet
  facet normal 0.760409 -0.649445 0
    outer loop
      vertex -5.97746 -16.4695 3
      vertex -6.23223 -16.7678 4.4
      vertex -6.23223 -16.7678 3
    endloop
  endfacet
  facet normal -0.233498 -0.972357 0
    outer loop
      vertex -8.77254 -17.3776 3
      vertex -8.39109 -17.4692 4.4
      vertex -8.77254 -17.3776 4.4
    endloop
  endfacet
  facet normal -0.233498 -0.972357 -0
    outer loop
      vertex -8.39109 -17.4692 4.4
      vertex -8.77254 -17.3776 3
      vertex -8.39109 -17.4692 3
    endloop
  endfacet
  facet normal -0.923843 -0.382773 0
    outer loop
      vertex -10.2275 -16.135 3
      vertex -10.2998 -15.9605 4.4
      vertex -10.2998 -15.9605 3
    endloop
  endfacet
  facet normal -0.923843 -0.382773 0
    outer loop
      vertex -10.2998 -15.9605 4.4
      vertex -10.2275 -16.135 3
      vertex -10.2275 -16.135 4.4
    endloop
  endfacet
  facet normal 0.924063 -0.38224 0
    outer loop
      vertex -5.77248 -16.135 4.4
      vertex -5.75945 -16.1035 3
      vertex -5.75945 -16.1035 4.4
    endloop
  endfacet
  facet normal 0.924063 -0.38224 0
    outer loop
      vertex -5.75945 -16.1035 3
      vertex -5.77248 -16.135 4.4
      vertex -5.77248 -16.135 3
    endloop
  endfacet
  facet normal 0.233498 -0.972357 0
    outer loop
      vertex -7.60891 -17.4692 3
      vertex -7.22746 -17.3776 4.4
      vertex -7.60891 -17.4692 4.4
    endloop
  endfacet
  facet normal 0.233498 -0.972357 0
    outer loop
      vertex -7.22746 -17.3776 4.4
      vertex -7.60891 -17.4692 3
      vertex -7.22746 -17.3776 3
    endloop
  endfacet
  facet normal -0.0785112 0.996913 0
    outer loop
      vertex -8 -22.5 3
      vertex -8.39109 -22.5308 4.4
      vertex -8 -22.5 4.4
    endloop
  endfacet
  facet normal -0.0785112 0.996913 0
    outer loop
      vertex -8.39109 -22.5308 4.4
      vertex -8 -22.5 3
      vertex -8.39109 -22.5308 3
    endloop
  endfacet
  facet normal -0.0785112 -0.996913 0
    outer loop
      vertex -8.39109 -27.4692 3
      vertex -8 -27.5 4.4
      vertex -8.39109 -27.4692 4.4
    endloop
  endfacet
  facet normal -0.0785112 -0.996913 -0
    outer loop
      vertex -8 -27.5 4.4
      vertex -8.39109 -27.4692 3
      vertex -8 -27.5 3
    endloop
  endfacet
  facet normal -0.760459 -0.649386 0
    outer loop
      vertex -9.76777 -26.7678 3
      vertex -10.0225 -26.4695 4.4
      vertex -10.0225 -26.4695 3
    endloop
  endfacet
  facet normal -0.760459 -0.649386 0
    outer loop
      vertex -10.0225 -26.4695 4.4
      vertex -9.76777 -26.7678 3
      vertex -9.76777 -26.7678 4.4
    endloop
  endfacet
  facet normal 0.649329 0.760508 -0
    outer loop
      vertex -6.23223 -23.2322 3
      vertex -6.53054 -22.9775 4.4
      vertex -6.23223 -23.2322 4.4
    endloop
  endfacet
  facet normal 0.649329 0.760508 0
    outer loop
      vertex -6.53054 -22.9775 4.4
      vertex -6.23223 -23.2322 3
      vertex -6.53054 -22.9775 3
    endloop
  endfacet
  facet normal -0.649329 0.760508 0
    outer loop
      vertex -9.46946 -22.9775 3
      vertex -9.76777 -23.2322 4.4
      vertex -9.46946 -22.9775 4.4
    endloop
  endfacet
  facet normal -0.649329 0.760508 0
    outer loop
      vertex -9.76777 -23.2322 4.4
      vertex -9.46946 -22.9775 3
      vertex -9.76777 -23.2322 3
    endloop
  endfacet
  facet normal -0.382623 0.923904 0
    outer loop
      vertex -8.77254 -22.6224 3
      vertex -9.13498 -22.7725 4.4
      vertex -8.77254 -22.6224 4.4
    endloop
  endfacet
  facet normal -0.382623 0.923904 0
    outer loop
      vertex -9.13498 -22.7725 4.4
      vertex -8.77254 -22.6224 3
      vertex -9.13498 -22.7725 3
    endloop
  endfacet
  facet normal 0.923877 0.382691 0
    outer loop
      vertex -5.65045 -24.1596 4.4
      vertex -5.77248 -23.865 3
      vertex -5.77248 -23.865 4.4
    endloop
  endfacet
  facet normal 0.923877 0.382691 0
    outer loop
      vertex -5.77248 -23.865 3
      vertex -5.65045 -24.1596 4.4
      vertex -5.65045 -24.1596 3
    endloop
  endfacet
  facet normal 0.382623 0.923904 -0
    outer loop
      vertex -6.86502 -22.7725 3
      vertex -7.22746 -22.6224 4.4
      vertex -6.86502 -22.7725 4.4
    endloop
  endfacet
  facet normal 0.382623 0.923904 0
    outer loop
      vertex -7.22746 -22.6224 4.4
      vertex -6.86502 -22.7725 3
      vertex -7.22746 -22.6224 3
    endloop
  endfacet
  facet normal 0.233498 0.972357 -0
    outer loop
      vertex -7.22746 -22.6224 3
      vertex -7.60891 -22.5308 4.4
      vertex -7.22746 -22.6224 4.4
    endloop
  endfacet
  facet normal 0.233498 0.972357 0
    outer loop
      vertex -7.60891 -22.5308 4.4
      vertex -7.22746 -22.6224 3
      vertex -7.60891 -22.5308 3
    endloop
  endfacet
  facet normal 0.522555 0.852606 -0
    outer loop
      vertex -6.53054 -22.9775 3
      vertex -6.86502 -22.7725 4.4
      vertex -6.53054 -22.9775 4.4
    endloop
  endfacet
  facet normal 0.522555 0.852606 0
    outer loop
      vertex -6.86502 -22.7725 4.4
      vertex -6.53054 -22.9775 3
      vertex -6.86502 -22.7725 3
    endloop
  endfacet
  facet normal -0.85262 0.522532 0
    outer loop
      vertex -10.2275 -23.865 3
      vertex -10.0225 -23.5305 4.4
      vertex -10.0225 -23.5305 3
    endloop
  endfacet
  facet normal -0.85262 0.522532 0
    outer loop
      vertex -10.0225 -23.5305 4.4
      vertex -10.2275 -23.865 3
      vertex -10.2275 -23.865 4.4
    endloop
  endfacet
  facet normal -0.760459 0.649386 0
    outer loop
      vertex -10.0225 -23.5305 3
      vertex -9.76777 -23.2322 4.4
      vertex -9.76777 -23.2322 3
    endloop
  endfacet
  facet normal -0.760459 0.649386 0
    outer loop
      vertex -9.76777 -23.2322 4.4
      vertex -10.0225 -23.5305 3
      vertex -10.0225 -23.5305 4.4
    endloop
  endfacet
  facet normal -0.923889 0.38266 0
    outer loop
      vertex -10.2567 -23.9355 3
      vertex -10.2275 -23.865 4.4
      vertex -10.2275 -23.865 3
    endloop
  endfacet
  facet normal -0.923889 0.38266 0
    outer loop
      vertex -10.2275 -23.865 4.4
      vertex -10.2567 -23.9355 3
      vertex -10.2567 -23.9355 4.4
    endloop
  endfacet
  facet normal -0.522555 0.852606 0
    outer loop
      vertex -9.13498 -22.7725 3
      vertex -9.46946 -22.9775 4.4
      vertex -9.13498 -22.7725 4.4
    endloop
  endfacet
  facet normal -0.522555 0.852606 0
    outer loop
      vertex -9.46946 -22.9775 4.4
      vertex -9.13498 -22.7725 3
      vertex -9.46946 -22.9775 3
    endloop
  endfacet
  facet normal -0.233498 0.972357 0
    outer loop
      vertex -8.39109 -22.5308 3
      vertex -8.77254 -22.6224 4.4
      vertex -8.39109 -22.5308 4.4
    endloop
  endfacet
  facet normal -0.233498 0.972357 0
    outer loop
      vertex -8.77254 -22.6224 4.4
      vertex -8.39109 -22.5308 3
      vertex -8.77254 -22.6224 3
    endloop
  endfacet
  facet normal 0.522555 -0.852606 0
    outer loop
      vertex -6.86502 -27.2275 3
      vertex -6.53054 -27.0225 4.4
      vertex -6.86502 -27.2275 4.4
    endloop
  endfacet
  facet normal 0.522555 -0.852606 0
    outer loop
      vertex -6.53054 -27.0225 4.4
      vertex -6.86502 -27.2275 3
      vertex -6.53054 -27.0225 3
    endloop
  endfacet
  facet normal 0.972349 -0.233533 0
    outer loop
      vertex -5.62236 -25.7725 4.4
      vertex -5.59474 -25.6575 3
      vertex -5.59474 -25.6575 4.4
    endloop
  endfacet
  facet normal 0.972349 -0.233533 0
    outer loop
      vertex -5.59474 -25.6575 3
      vertex -5.62236 -25.7725 4.4
      vertex -5.62236 -25.7725 3
    endloop
  endfacet
  facet normal -0.649329 -0.760508 0
    outer loop
      vertex -9.76777 -26.7678 3
      vertex -9.46946 -27.0225 4.4
      vertex -9.76777 -26.7678 4.4
    endloop
  endfacet
  facet normal -0.649329 -0.760508 -0
    outer loop
      vertex -9.46946 -27.0225 4.4
      vertex -9.76777 -26.7678 3
      vertex -9.46946 -27.0225 3
    endloop
  endfacet
  facet normal -0.382623 -0.923904 0
    outer loop
      vertex -9.13498 -27.2275 3
      vertex -8.77254 -27.3776 4.4
      vertex -9.13498 -27.2275 4.4
    endloop
  endfacet
  facet normal -0.382623 -0.923904 -0
    outer loop
      vertex -8.77254 -27.3776 4.4
      vertex -9.13498 -27.2275 3
      vertex -8.77254 -27.3776 3
    endloop
  endfacet
  facet normal -0.85262 -0.522532 0
    outer loop
      vertex -10.0225 -26.4695 3
      vertex -10.2275 -26.135 4.4
      vertex -10.2275 -26.135 3
    endloop
  endfacet
  facet normal -0.85262 -0.522532 0
    outer loop
      vertex -10.2275 -26.135 4.4
      vertex -10.0225 -26.4695 3
      vertex -10.0225 -26.4695 4.4
    endloop
  endfacet
  facet normal 0.760409 0.649445 0
    outer loop
      vertex -5.97746 -23.5305 4.4
      vertex -6.23223 -23.2322 3
      vertex -6.23223 -23.2322 4.4
    endloop
  endfacet
  facet normal 0.760409 0.649445 0
    outer loop
      vertex -6.23223 -23.2322 3
      vertex -5.97746 -23.5305 4.4
      vertex -5.97746 -23.5305 3
    endloop
  endfacet
  facet normal 0.852642 0.522495 0
    outer loop
      vertex -5.77248 -23.865 4.4
      vertex -5.97746 -23.5305 3
      vertex -5.97746 -23.5305 4.4
    endloop
  endfacet
  facet normal 0.852642 0.522495 0
    outer loop
      vertex -5.97746 -23.5305 3
      vertex -5.77248 -23.865 4.4
      vertex -5.77248 -23.865 3
    endloop
  endfacet
  facet normal 0.0785112 0.996913 -0
    outer loop
      vertex -7.60891 -22.5308 3
      vertex -8 -22.5 4.4
      vertex -7.60891 -22.5308 4.4
    endloop
  endfacet
  facet normal 0.0785112 0.996913 0
    outer loop
      vertex -8 -22.5 4.4
      vertex -7.60891 -22.5308 3
      vertex -8 -22.5 3
    endloop
  endfacet
  facet normal 0.0785112 -0.996913 0
    outer loop
      vertex -8 -27.5 3
      vertex -7.60891 -27.4692 4.4
      vertex -8 -27.5 4.4
    endloop
  endfacet
  facet normal 0.0785112 -0.996913 0
    outer loop
      vertex -7.60891 -27.4692 4.4
      vertex -8 -27.5 3
      vertex -7.60891 -27.4692 3
    endloop
  endfacet
  facet normal 0.382623 -0.923904 0
    outer loop
      vertex -7.22746 -27.3776 3
      vertex -6.86502 -27.2275 4.4
      vertex -7.22746 -27.3776 4.4
    endloop
  endfacet
  facet normal 0.382623 -0.923904 0
    outer loop
      vertex -6.86502 -27.2275 4.4
      vertex -7.22746 -27.3776 3
      vertex -6.86502 -27.2275 3
    endloop
  endfacet
  facet normal 0.649329 -0.760508 0
    outer loop
      vertex -6.53054 -27.0225 3
      vertex -6.23223 -26.7678 4.4
      vertex -6.53054 -27.0225 4.4
    endloop
  endfacet
  facet normal 0.649329 -0.760508 0
    outer loop
      vertex -6.23223 -26.7678 4.4
      vertex -6.53054 -27.0225 3
      vertex -6.23223 -26.7678 3
    endloop
  endfacet
  facet normal 0.760409 -0.649445 0
    outer loop
      vertex -6.23223 -26.7678 4.4
      vertex -5.97746 -26.4695 3
      vertex -5.97746 -26.4695 4.4
    endloop
  endfacet
  facet normal 0.760409 -0.649445 0
    outer loop
      vertex -5.97746 -26.4695 3
      vertex -6.23223 -26.7678 4.4
      vertex -6.23223 -26.7678 3
    endloop
  endfacet
  facet normal -0.522555 -0.852606 0
    outer loop
      vertex -9.46946 -27.0225 3
      vertex -9.13498 -27.2275 4.4
      vertex -9.46946 -27.0225 4.4
    endloop
  endfacet
  facet normal -0.522555 -0.852606 -0
    outer loop
      vertex -9.13498 -27.2275 4.4
      vertex -9.46946 -27.0225 3
      vertex -9.13498 -27.2275 3
    endloop
  endfacet
  facet normal -0.233498 -0.972357 0
    outer loop
      vertex -8.77254 -27.3776 3
      vertex -8.39109 -27.4692 4.4
      vertex -8.77254 -27.3776 4.4
    endloop
  endfacet
  facet normal -0.233498 -0.972357 -0
    outer loop
      vertex -8.39109 -27.4692 4.4
      vertex -8.77254 -27.3776 3
      vertex -8.39109 -27.4692 3
    endloop
  endfacet
  facet normal -0.923927 -0.382569 0
    outer loop
      vertex -10.2275 -26.135 3
      vertex -10.3776 -25.7725 4.4
      vertex -10.3776 -25.7725 3
    endloop
  endfacet
  facet normal -0.923927 -0.382569 0
    outer loop
      vertex -10.3776 -25.7725 4.4
      vertex -10.2275 -26.135 3
      vertex -10.2275 -26.135 4.4
    endloop
  endfacet
  facet normal 0.923909 -0.382613 0
    outer loop
      vertex -5.77248 -26.135 4.4
      vertex -5.62236 -25.7725 3
      vertex -5.62236 -25.7725 4.4
    endloop
  endfacet
  facet normal 0.923909 -0.382613 0
    outer loop
      vertex -5.62236 -25.7725 3
      vertex -5.77248 -26.135 4.4
      vertex -5.77248 -26.135 3
    endloop
  endfacet
  facet normal 0.233498 -0.972357 0
    outer loop
      vertex -7.60891 -27.4692 3
      vertex -7.22746 -27.3776 4.4
      vertex -7.60891 -27.4692 4.4
    endloop
  endfacet
  facet normal 0.233498 -0.972357 0
    outer loop
      vertex -7.22746 -27.3776 4.4
      vertex -7.60891 -27.4692 3
      vertex -7.22746 -27.3776 3
    endloop
  endfacet
  facet normal -0.972362 -0.233478 0
    outer loop
      vertex -10.3776 -25.7725 3
      vertex -10.462 -25.421 4.4
      vertex -10.462 -25.421 3
    endloop
  endfacet
  facet normal -0.972362 -0.233478 0
    outer loop
      vertex -10.462 -25.421 4.4
      vertex -10.3776 -25.7725 3
      vertex -10.3776 -25.7725 4.4
    endloop
  endfacet
  facet normal 0.852642 -0.522495 0
    outer loop
      vertex -5.97746 -26.4695 4.4
      vertex -5.77248 -26.135 3
      vertex -5.77248 -26.135 4.4
    endloop
  endfacet
  facet normal 0.852642 -0.522495 0
    outer loop
      vertex -5.77248 -26.135 3
      vertex -5.97746 -26.4695 4.4
      vertex -5.97746 -26.4695 3
    endloop
  endfacet
  facet normal 0.996913 0.0785112 0
    outer loop
      vertex 46.5 3 4.4
      vertex 46.4692 3.39109 3
      vertex 46.4692 3.39109 4.4
    endloop
  endfacet
  facet normal 0.996913 0.0785112 0
    outer loop
      vertex 46.4692 3.39109 3
      vertex 46.5 3 4.4
      vertex 46.5 3 3
    endloop
  endfacet
  facet normal -0.0784585 0.996917 0
    outer loop
      vertex 44 5.5 3
      vertex 43.6089 5.46922 4.4
      vertex 44 5.5 4.4
    endloop
  endfacet
  facet normal -0.0784585 0.996917 0
    outer loop
      vertex 43.6089 5.46922 4.4
      vertex 44 5.5 3
      vertex 43.6089 5.46922 3
    endloop
  endfacet
  facet normal 0.078456 -0.996918 0
    outer loop
      vertex 44 0.5 3
      vertex 44.3911 0.530779 4.4
      vertex 44 0.5 4.4
    endloop
  endfacet
  facet normal 0.078456 -0.996918 0
    outer loop
      vertex 44.3911 0.530779 4.4
      vertex 44 0.5 3
      vertex 44.3911 0.530779 3
    endloop
  endfacet
  facet normal 0.649445 0.760409 -0
    outer loop
      vertex 45.7678 4.76777 3
      vertex 45.4695 5.02254 4.4
      vertex 45.7678 4.76777 4.4
    endloop
  endfacet
  facet normal 0.649445 0.760409 0
    outer loop
      vertex 45.4695 5.02254 4.4
      vertex 45.7678 4.76777 3
      vertex 45.4695 5.02254 3
    endloop
  endfacet
  facet normal -0.760508 0.649329 0
    outer loop
      vertex 41.9775 4.46946 3
      vertex 42.2322 4.76777 4.4
      vertex 42.2322 4.76777 3
    endloop
  endfacet
  facet normal -0.760508 0.649329 0
    outer loop
      vertex 42.2322 4.76777 4.4
      vertex 41.9775 4.46946 3
      vertex 41.9775 4.46946 4.4
    endloop
  endfacet
  facet normal -0.382613 0.923909 0
    outer loop
      vertex 43.2275 5.37764 3
      vertex 42.865 5.22752 4.4
      vertex 43.2275 5.37764 4.4
    endloop
  endfacet
  facet normal -0.382613 0.923909 0
    outer loop
      vertex 42.865 5.22752 4.4
      vertex 43.2275 5.37764 3
      vertex 42.865 5.22752 3
    endloop
  endfacet
  facet normal 0.852606 -0.522555 0
    outer loop
      vertex 46.0225 1.53054 4.4
      vertex 46.2275 1.86502 3
      vertex 46.2275 1.86502 4.4
    endloop
  endfacet
  facet normal 0.852606 -0.522555 0
    outer loop
      vertex 46.2275 1.86502 3
      vertex 46.0225 1.53054 4.4
      vertex 46.0225 1.53054 3
    endloop
  endfacet
  facet normal 0.923904 0.382623 0
    outer loop
      vertex 46.3776 3.77254 4.4
      vertex 46.2275 4.13498 3
      vertex 46.2275 4.13498 4.4
    endloop
  endfacet
  facet normal 0.923904 0.382623 0
    outer loop
      vertex 46.2275 4.13498 3
      vertex 46.3776 3.77254 4.4
      vertex 46.3776 3.77254 3
    endloop
  endfacet
  facet normal 0.972357 0.233498 0
    outer loop
      vertex 46.4692 3.39109 4.4
      vertex 46.3776 3.77254 3
      vertex 46.3776 3.77254 4.4
    endloop
  endfacet
  facet normal 0.972357 0.233498 0
    outer loop
      vertex 46.3776 3.77254 3
      vertex 46.4692 3.39109 4.4
      vertex 46.4692 3.39109 3
    endloop
  endfacet
  facet normal 0.382613 0.923909 -0
    outer loop
      vertex 45.135 5.22752 3
      vertex 44.7725 5.37764 4.4
      vertex 45.135 5.22752 4.4
    endloop
  endfacet
  facet normal 0.382613 0.923909 0
    outer loop
      vertex 44.7725 5.37764 4.4
      vertex 45.135 5.22752 3
      vertex 44.7725 5.37764 3
    endloop
  endfacet
  facet normal 0.522495 0.852642 -0
    outer loop
      vertex 45.4695 5.02254 3
      vertex 45.135 5.22752 4.4
      vertex 45.4695 5.02254 4.4
    endloop
  endfacet
  facet normal 0.522495 0.852642 0
    outer loop
      vertex 45.135 5.22752 4.4
      vertex 45.4695 5.02254 3
      vertex 45.135 5.22752 3
    endloop
  endfacet
  facet normal -0.923839 0.38278 0
    outer loop
      vertex 41.7236 4.01696 3
      vertex 41.7725 4.13498 4.4
      vertex 41.7725 4.13498 3
    endloop
  endfacet
  facet normal -0.923839 0.38278 0
    outer loop
      vertex 41.7725 4.13498 4.4
      vertex 41.7236 4.01696 3
      vertex 41.7236 4.01696 4.4
    endloop
  endfacet
  facet normal -0.852606 0.522555 0
    outer loop
      vertex 41.7725 4.13498 3
      vertex 41.9775 4.46946 4.4
      vertex 41.9775 4.46946 3
    endloop
  endfacet
  facet normal -0.852606 0.522555 0
    outer loop
      vertex 41.9775 4.46946 4.4
      vertex 41.7725 4.13498 3
      vertex 41.7725 4.13498 4.4
    endloop
  endfacet
  facet normal -0.649445 0.760409 0
    outer loop
      vertex 42.5305 5.02254 3
      vertex 42.2322 4.76777 4.4
      vertex 42.5305 5.02254 4.4
    endloop
  endfacet
  facet normal -0.649445 0.760409 0
    outer loop
      vertex 42.2322 4.76777 4.4
      vertex 42.5305 5.02254 3
      vertex 42.2322 4.76777 3
    endloop
  endfacet
  facet normal -0.233479 0.972362 0
    outer loop
      vertex 43.6089 5.46922 3
      vertex 43.2275 5.37764 4.4
      vertex 43.6089 5.46922 4.4
    endloop
  endfacet
  facet normal -0.233479 0.972362 0
    outer loop
      vertex 43.2275 5.37764 4.4
      vertex 43.6089 5.46922 3
      vertex 43.2275 5.37764 3
    endloop
  endfacet
  facet normal 0.233477 -0.972362 0
    outer loop
      vertex 44.3911 0.530779 3
      vertex 44.7725 0.622358 4.4
      vertex 44.3911 0.530779 4.4
    endloop
  endfacet
  facet normal 0.233477 -0.972362 0
    outer loop
      vertex 44.7725 0.622358 4.4
      vertex 44.3911 0.530779 3
      vertex 44.7725 0.622358 3
    endloop
  endfacet
  facet normal -0.522484 -0.852649 0
    outer loop
      vertex 42.5305 0.977457 3
      vertex 42.865 0.772483 4.4
      vertex 42.5305 0.977457 4.4
    endloop
  endfacet
  facet normal -0.522484 -0.852649 -0
    outer loop
      vertex 42.865 0.772483 4.4
      vertex 42.5305 0.977457 3
      vertex 42.865 0.772483 3
    endloop
  endfacet
  facet normal -0.233477 -0.972362 0
    outer loop
      vertex 43.2275 0.622358 3
      vertex 43.6089 0.530779 4.4
      vertex 43.2275 0.622358 4.4
    endloop
  endfacet
  facet normal -0.233477 -0.972362 -0
    outer loop
      vertex 43.6089 0.530779 4.4
      vertex 43.2275 0.622358 3
      vertex 43.6089 0.530779 3
    endloop
  endfacet
  facet normal -0.649449 -0.760405 0
    outer loop
      vertex 42.2322 1.23223 3
      vertex 42.5305 0.977457 4.4
      vertex 42.2322 1.23223 4.4
    endloop
  endfacet
  facet normal -0.649449 -0.760405 -0
    outer loop
      vertex 42.5305 0.977457 4.4
      vertex 42.2322 1.23223 3
      vertex 42.5305 0.977457 3
    endloop
  endfacet
  facet normal 0.760508 0.649329 0
    outer loop
      vertex 46.0225 4.46946 4.4
      vertex 45.7678 4.76777 3
      vertex 45.7678 4.76777 4.4
    endloop
  endfacet
  facet normal 0.760508 0.649329 0
    outer loop
      vertex 45.7678 4.76777 3
      vertex 46.0225 4.46946 4.4
      vertex 46.0225 4.46946 3
    endloop
  endfacet
  facet normal 0.852606 0.522555 0
    outer loop
      vertex 46.2275 4.13498 4.4
      vertex 46.0225 4.46946 3
      vertex 46.0225 4.46946 4.4
    endloop
  endfacet
  facet normal 0.852606 0.522555 0
    outer loop
      vertex 46.0225 4.46946 3
      vertex 46.2275 4.13498 4.4
      vertex 46.2275 4.13498 3
    endloop
  endfacet
  facet normal 0.0784585 0.996917 -0
    outer loop
      vertex 44.3911 5.46922 3
      vertex 44 5.5 4.4
      vertex 44.3911 5.46922 4.4
    endloop
  endfacet
  facet normal 0.0784585 0.996917 0
    outer loop
      vertex 44 5.5 4.4
      vertex 44.3911 5.46922 3
      vertex 44 5.5 3
    endloop
  endfacet
  facet normal 0.996913 -0.0785112 0
    outer loop
      vertex 46.4692 2.60891 4.4
      vertex 46.5 3 3
      vertex 46.5 3 4.4
    endloop
  endfacet
  facet normal 0.996913 -0.0785112 0
    outer loop
      vertex 46.5 3 3
      vertex 46.4692 2.60891 4.4
      vertex 46.4692 2.60891 3
    endloop
  endfacet
  facet normal 0.382624 -0.923904 0
    outer loop
      vertex 44.7725 0.622358 3
      vertex 45.135 0.772483 4.4
      vertex 44.7725 0.622358 4.4
    endloop
  endfacet
  facet normal 0.382624 -0.923904 0
    outer loop
      vertex 45.135 0.772483 4.4
      vertex 44.7725 0.622358 3
      vertex 45.135 0.772483 3
    endloop
  endfacet
  facet normal 0.522484 -0.852649 0
    outer loop
      vertex 45.135 0.772483 3
      vertex 45.4695 0.977457 4.4
      vertex 45.135 0.772483 4.4
    endloop
  endfacet
  facet normal 0.522484 -0.852649 0
    outer loop
      vertex 45.4695 0.977457 4.4
      vertex 45.135 0.772483 3
      vertex 45.4695 0.977457 3
    endloop
  endfacet
  facet normal 0.760508 -0.649329 0
    outer loop
      vertex 45.7678 1.23223 4.4
      vertex 46.0225 1.53054 3
      vertex 46.0225 1.53054 4.4
    endloop
  endfacet
  facet normal 0.760508 -0.649329 0
    outer loop
      vertex 46.0225 1.53054 3
      vertex 45.7678 1.23223 4.4
      vertex 45.7678 1.23223 3
    endloop
  endfacet
  facet normal 0.923904 -0.382623 0
    outer loop
      vertex 46.2275 1.86502 4.4
      vertex 46.3776 2.22746 3
      vertex 46.3776 2.22746 4.4
    endloop
  endfacet
  facet normal 0.923904 -0.382623 0
    outer loop
      vertex 46.3776 2.22746 3
      vertex 46.2275 1.86502 4.4
      vertex 46.2275 1.86502 3
    endloop
  endfacet
  facet normal 0.972357 -0.233498 0
    outer loop
      vertex 46.3776 2.22746 4.4
      vertex 46.4692 2.60891 3
      vertex 46.4692 2.60891 4.4
    endloop
  endfacet
  facet normal 0.972357 -0.233498 0
    outer loop
      vertex 46.4692 2.60891 3
      vertex 46.3776 2.22746 4.4
      vertex 46.3776 2.22746 3
    endloop
  endfacet
  facet normal -0.382624 -0.923904 0
    outer loop
      vertex 42.865 0.772483 3
      vertex 43.2275 0.622358 4.4
      vertex 42.865 0.772483 4.4
    endloop
  endfacet
  facet normal -0.382624 -0.923904 -0
    outer loop
      vertex 43.2275 0.622358 4.4
      vertex 42.865 0.772483 3
      vertex 43.2275 0.622358 3
    endloop
  endfacet
  facet normal -0.078456 -0.996918 0
    outer loop
      vertex 43.6089 0.530779 3
      vertex 44 0.5 4.4
      vertex 43.6089 0.530779 4.4
    endloop
  endfacet
  facet normal -0.078456 -0.996918 -0
    outer loop
      vertex 44 0.5 4.4
      vertex 43.6089 0.530779 3
      vertex 44 0.5 3
    endloop
  endfacet
  facet normal -0.852606 -0.522555 0
    outer loop
      vertex 41.9775 1.53054 3
      vertex 41.7725 1.86502 4.4
      vertex 41.7725 1.86502 3
    endloop
  endfacet
  facet normal -0.852606 -0.522555 0
    outer loop
      vertex 41.7725 1.86502 4.4
      vertex 41.9775 1.53054 3
      vertex 41.9775 1.53054 4.4
    endloop
  endfacet
  facet normal -0.923828 -0.382808 0
    outer loop
      vertex 41.7725 1.86502 3
      vertex 41.7236 1.98303 4.4
      vertex 41.7236 1.98303 3
    endloop
  endfacet
  facet normal -0.923828 -0.382808 0
    outer loop
      vertex 41.7236 1.98303 4.4
      vertex 41.7725 1.86502 3
      vertex 41.7725 1.86502 4.4
    endloop
  endfacet
  facet normal 0.233479 0.972362 -0
    outer loop
      vertex 44.7725 5.37764 3
      vertex 44.3911 5.46922 4.4
      vertex 44.7725 5.37764 4.4
    endloop
  endfacet
  facet normal 0.233479 0.972362 0
    outer loop
      vertex 44.3911 5.46922 4.4
      vertex 44.7725 5.37764 3
      vertex 44.3911 5.46922 3
    endloop
  endfacet
  facet normal -0.522495 0.852642 0
    outer loop
      vertex 42.865 5.22752 3
      vertex 42.5305 5.02254 4.4
      vertex 42.865 5.22752 4.4
    endloop
  endfacet
  facet normal -0.522495 0.852642 0
    outer loop
      vertex 42.5305 5.02254 4.4
      vertex 42.865 5.22752 3
      vertex 42.5305 5.02254 3
    endloop
  endfacet
  facet normal 0.649449 -0.760405 0
    outer loop
      vertex 45.4695 0.977457 3
      vertex 45.7678 1.23223 4.4
      vertex 45.4695 0.977457 4.4
    endloop
  endfacet
  facet normal 0.649449 -0.760405 0
    outer loop
      vertex 45.7678 1.23223 4.4
      vertex 45.4695 0.977457 3
      vertex 45.7678 1.23223 3
    endloop
  endfacet
  facet normal -0.760508 -0.649329 0
    outer loop
      vertex 42.2322 1.23223 3
      vertex 41.9775 1.53054 4.4
      vertex 41.9775 1.53054 3
    endloop
  endfacet
  facet normal -0.760508 -0.649329 0
    outer loop
      vertex 41.9775 1.53054 4.4
      vertex 42.2322 1.23223 3
      vertex 42.2322 1.23223 4.4
    endloop
  endfacet
  facet normal 0.996913 0.0785092 0
    outer loop
      vertex 46.5 -11 4.4
      vertex 46.4692 -10.6089 3
      vertex 46.4692 -10.6089 4.4
    endloop
  endfacet
  facet normal 0.996913 0.0785092 0
    outer loop
      vertex 46.4692 -10.6089 3
      vertex 46.5 -11 4.4
      vertex 46.5 -11 3
    endloop
  endfacet
  facet normal -0.0784585 0.996917 0
    outer loop
      vertex 44 -8.5 3
      vertex 43.6089 -8.53078 4.4
      vertex 44 -8.5 4.4
    endloop
  endfacet
  facet normal -0.0784585 0.996917 0
    outer loop
      vertex 43.6089 -8.53078 4.4
      vertex 44 -8.5 3
      vertex 43.6089 -8.53078 3
    endloop
  endfacet
  facet normal 0.0785092 -0.996913 0
    outer loop
      vertex 44 -13.5 3
      vertex 44.3911 -13.4692 4.4
      vertex 44 -13.5 4.4
    endloop
  endfacet
  facet normal 0.0785092 -0.996913 0
    outer loop
      vertex 44.3911 -13.4692 4.4
      vertex 44 -13.5 3
      vertex 44.3911 -13.4692 3
    endloop
  endfacet
  facet normal 0.649445 0.760409 -0
    outer loop
      vertex 45.7678 -9.23223 3
      vertex 45.4695 -8.97746 4.4
      vertex 45.7678 -9.23223 4.4
    endloop
  endfacet
  facet normal 0.649445 0.760409 0
    outer loop
      vertex 45.4695 -8.97746 4.4
      vertex 45.7678 -9.23223 3
      vertex 45.4695 -8.97746 3
    endloop
  endfacet
  facet normal -0.760508 0.649329 0
    outer loop
      vertex 41.9775 -9.53054 3
      vertex 42.2322 -9.23223 4.4
      vertex 42.2322 -9.23223 3
    endloop
  endfacet
  facet normal -0.760508 0.649329 0
    outer loop
      vertex 42.2322 -9.23223 4.4
      vertex 41.9775 -9.53054 3
      vertex 41.9775 -9.53054 4.4
    endloop
  endfacet
  facet normal -0.382613 0.923909 0
    outer loop
      vertex 43.2275 -8.62236 3
      vertex 42.865 -8.77248 4.4
      vertex 43.2275 -8.62236 4.4
    endloop
  endfacet
  facet normal -0.382613 0.923909 0
    outer loop
      vertex 42.865 -8.77248 4.4
      vertex 43.2275 -8.62236 3
      vertex 42.865 -8.77248 3
    endloop
  endfacet
  facet normal 0.923919 0.382587 0
    outer loop
      vertex 46.3776 -10.2275 4.4
      vertex 46.2275 -9.86502 3
      vertex 46.2275 -9.86502 4.4
    endloop
  endfacet
  facet normal 0.923919 0.382587 0
    outer loop
      vertex 46.2275 -9.86502 3
      vertex 46.3776 -10.2275 4.4
      vertex 46.3776 -10.2275 3
    endloop
  endfacet
  facet normal 0.97235 0.233527 0
    outer loop
      vertex 46.4692 -10.6089 4.4
      vertex 46.3776 -10.2275 3
      vertex 46.3776 -10.2275 4.4
    endloop
  endfacet
  facet normal 0.97235 0.233527 0
    outer loop
      vertex 46.3776 -10.2275 3
      vertex 46.4692 -10.6089 4.4
      vertex 46.4692 -10.6089 3
    endloop
  endfacet
  facet normal 0.382613 0.923909 -0
    outer loop
      vertex 45.135 -8.77248 3
      vertex 44.7725 -8.62236 4.4
      vertex 45.135 -8.77248 4.4
    endloop
  endfacet
  facet normal 0.382613 0.923909 0
    outer loop
      vertex 44.7725 -8.62236 4.4
      vertex 45.135 -8.77248 3
      vertex 44.7725 -8.62236 3
    endloop
  endfacet
  facet normal 0.233479 0.972362 -0
    outer loop
      vertex 44.7725 -8.62236 3
      vertex 44.3911 -8.53078 4.4
      vertex 44.7725 -8.62236 4.4
    endloop
  endfacet
  facet normal 0.233479 0.972362 0
    outer loop
      vertex 44.3911 -8.53078 4.4
      vertex 44.7725 -8.62236 3
      vertex 44.3911 -8.53078 3
    endloop
  endfacet
  facet normal 0.522495 0.852642 -0
    outer loop
      vertex 45.4695 -8.97746 3
      vertex 45.135 -8.77248 4.4
      vertex 45.4695 -8.97746 4.4
    endloop
  endfacet
  facet normal 0.522495 0.852642 0
    outer loop
      vertex 45.135 -8.77248 4.4
      vertex 45.4695 -8.97746 3
      vertex 45.135 -8.77248 3
    endloop
  endfacet
  facet normal -0.924203 0.381902 0
    outer loop
      vertex 41.7595 -9.89648 3
      vertex 41.7725 -9.86502 4.4
      vertex 41.7725 -9.86502 3
    endloop
  endfacet
  facet normal -0.924203 0.381902 0
    outer loop
      vertex 41.7725 -9.86502 4.4
      vertex 41.7595 -9.89648 3
      vertex 41.7595 -9.89648 4.4
    endloop
  endfacet
  facet normal -0.852606 0.522555 0
    outer loop
      vertex 41.7725 -9.86502 3
      vertex 41.9775 -9.53054 4.4
      vertex 41.9775 -9.53054 3
    endloop
  endfacet
  facet normal -0.852606 0.522555 0
    outer loop
      vertex 41.9775 -9.53054 4.4
      vertex 41.7725 -9.86502 3
      vertex 41.7725 -9.86502 4.4
    endloop
  endfacet
  facet normal -0.649445 0.760409 0
    outer loop
      vertex 42.5305 -8.97746 3
      vertex 42.2322 -9.23223 4.4
      vertex 42.5305 -8.97746 4.4
    endloop
  endfacet
  facet normal -0.649445 0.760409 0
    outer loop
      vertex 42.2322 -9.23223 4.4
      vertex 42.5305 -8.97746 3
      vertex 42.2322 -9.23223 3
    endloop
  endfacet
  facet normal -0.233479 0.972362 0
    outer loop
      vertex 43.6089 -8.53078 3
      vertex 43.2275 -8.62236 4.4
      vertex 43.6089 -8.53078 4.4
    endloop
  endfacet
  facet normal -0.233479 0.972362 0
    outer loop
      vertex 43.2275 -8.62236 4.4
      vertex 43.6089 -8.53078 3
      vertex 43.2275 -8.62236 3
    endloop
  endfacet
  facet normal 0.97235 -0.233527 0
    outer loop
      vertex 46.3776 -11.7725 4.4
      vertex 46.4692 -11.3911 3
      vertex 46.4692 -11.3911 4.4
    endloop
  endfacet
  facet normal 0.97235 -0.233527 0
    outer loop
      vertex 46.4692 -11.3911 3
      vertex 46.3776 -11.7725 4.4
      vertex 46.3776 -11.7725 3
    endloop
  endfacet
  facet normal 0.233527 -0.97235 0
    outer loop
      vertex 44.3911 -13.4692 3
      vertex 44.7725 -13.3776 4.4
      vertex 44.3911 -13.4692 4.4
    endloop
  endfacet
  facet normal 0.233527 -0.97235 0
    outer loop
      vertex 44.7725 -13.3776 4.4
      vertex 44.3911 -13.4692 3
      vertex 44.7725 -13.3776 3
    endloop
  endfacet
  facet normal 0.760508 0.649329 0
    outer loop
      vertex 46.0225 -9.53054 4.4
      vertex 45.7678 -9.23223 3
      vertex 45.7678 -9.23223 4.4
    endloop
  endfacet
  facet normal 0.760508 0.649329 0
    outer loop
      vertex 45.7678 -9.23223 3
      vertex 46.0225 -9.53054 4.4
      vertex 46.0225 -9.53054 3
    endloop
  endfacet
  facet normal 0.852606 0.522555 0
    outer loop
      vertex 46.2275 -9.86502 4.4
      vertex 46.0225 -9.53054 3
      vertex 46.0225 -9.53054 4.4
    endloop
  endfacet
  facet normal 0.852606 0.522555 0
    outer loop
      vertex 46.0225 -9.53054 3
      vertex 46.2275 -9.86502 4.4
      vertex 46.2275 -9.86502 3
    endloop
  endfacet
  facet normal 0.0784585 0.996917 -0
    outer loop
      vertex 44.3911 -8.53078 3
      vertex 44 -8.5 4.4
      vertex 44.3911 -8.53078 4.4
    endloop
  endfacet
  facet normal 0.0784585 0.996917 0
    outer loop
      vertex 44 -8.5 4.4
      vertex 44.3911 -8.53078 3
      vertex 44 -8.5 3
    endloop
  endfacet
  facet normal 0.996913 -0.0785092 0
    outer loop
      vertex 46.4692 -11.3911 4.4
      vertex 46.5 -11 3
      vertex 46.5 -11 4.4
    endloop
  endfacet
  facet normal 0.996913 -0.0785092 0
    outer loop
      vertex 46.5 -11 3
      vertex 46.4692 -11.3911 4.4
      vertex 46.4692 -11.3911 3
    endloop
  endfacet
  facet normal 0.760497 -0.649342 0
    outer loop
      vertex 45.7678 -12.7678 4.4
      vertex 46.0225 -12.4695 3
      vertex 46.0225 -12.4695 4.4
    endloop
  endfacet
  facet normal 0.760497 -0.649342 0
    outer loop
      vertex 46.0225 -12.4695 3
      vertex 45.7678 -12.7678 4.4
      vertex 45.7678 -12.7678 3
    endloop
  endfacet
  facet normal 0.923927 -0.382569 0
    outer loop
      vertex 46.2275 -12.135 4.4
      vertex 46.3776 -11.7725 3
      vertex 46.3776 -11.7725 4.4
    endloop
  endfacet
  facet normal 0.923927 -0.382569 0
    outer loop
      vertex 46.3776 -11.7725 3
      vertex 46.2275 -12.135 4.4
      vertex 46.2275 -12.135 3
    endloop
  endfacet
  facet normal 0.382569 -0.923927 0
    outer loop
      vertex 44.7725 -13.3776 3
      vertex 45.135 -13.2275 4.4
      vertex 44.7725 -13.3776 4.4
    endloop
  endfacet
  facet normal 0.382569 -0.923927 0
    outer loop
      vertex 45.135 -13.2275 4.4
      vertex 44.7725 -13.3776 3
      vertex 45.135 -13.2275 3
    endloop
  endfacet
  facet normal -0.522495 0.852642 0
    outer loop
      vertex 42.865 -8.77248 3
      vertex 42.5305 -8.97746 4.4
      vertex 42.865 -8.77248 4.4
    endloop
  endfacet
  facet normal -0.522495 0.852642 0
    outer loop
      vertex 42.5305 -8.97746 4.4
      vertex 42.865 -8.77248 3
      vertex 42.5305 -8.97746 3
    endloop
  endfacet
  facet normal 0.522532 -0.85262 0
    outer loop
      vertex 45.135 -13.2275 3
      vertex 45.4695 -13.0225 4.4
      vertex 45.135 -13.2275 4.4
    endloop
  endfacet
  facet normal 0.522532 -0.85262 0
    outer loop
      vertex 45.4695 -13.0225 4.4
      vertex 45.135 -13.2275 3
      vertex 45.4695 -13.0225 3
    endloop
  endfacet
  facet normal 0.85262 -0.522532 0
    outer loop
      vertex 46.0225 -12.4695 4.4
      vertex 46.2275 -12.135 3
      vertex 46.2275 -12.135 4.4
    endloop
  endfacet
  facet normal 0.85262 -0.522532 0
    outer loop
      vertex 46.2275 -12.135 3
      vertex 46.0225 -12.4695 4.4
      vertex 46.0225 -12.4695 3
    endloop
  endfacet
  facet normal -0.382569 -0.923927 0
    outer loop
      vertex 42.865 -13.2275 3
      vertex 43.2275 -13.3776 4.4
      vertex 42.865 -13.2275 4.4
    endloop
  endfacet
  facet normal -0.382569 -0.923927 -0
    outer loop
      vertex 43.2275 -13.3776 4.4
      vertex 42.865 -13.2275 3
      vertex 43.2275 -13.3776 3
    endloop
  endfacet
  facet normal -0.649342 -0.760497 0
    outer loop
      vertex 42.2322 -12.7678 3
      vertex 42.5305 -13.0225 4.4
      vertex 42.2322 -12.7678 4.4
    endloop
  endfacet
  facet normal -0.649342 -0.760497 -0
    outer loop
      vertex 42.5305 -13.0225 4.4
      vertex 42.2322 -12.7678 3
      vertex 42.5305 -13.0225 3
    endloop
  endfacet
  facet normal -0.923854 -0.382746 0
    outer loop
      vertex 41.7725 -12.135 3
      vertex 41.6867 -11.9279 4.4
      vertex 41.6867 -11.9279 3
    endloop
  endfacet
  facet normal -0.923854 -0.382746 0
    outer loop
      vertex 41.6867 -11.9279 4.4
      vertex 41.7725 -12.135 3
      vertex 41.7725 -12.135 4.4
    endloop
  endfacet
  facet normal 0.649342 -0.760497 0
    outer loop
      vertex 45.4695 -13.0225 3
      vertex 45.7678 -12.7678 4.4
      vertex 45.4695 -13.0225 4.4
    endloop
  endfacet
  facet normal 0.649342 -0.760497 0
    outer loop
      vertex 45.7678 -12.7678 4.4
      vertex 45.4695 -13.0225 3
      vertex 45.7678 -12.7678 3
    endloop
  endfacet
  facet normal -0.522532 -0.85262 0
    outer loop
      vertex 42.5305 -13.0225 3
      vertex 42.865 -13.2275 4.4
      vertex 42.5305 -13.0225 4.4
    endloop
  endfacet
  facet normal -0.522532 -0.85262 -0
    outer loop
      vertex 42.865 -13.2275 4.4
      vertex 42.5305 -13.0225 3
      vertex 42.865 -13.2275 3
    endloop
  endfacet
  facet normal -0.233527 -0.97235 0
    outer loop
      vertex 43.2275 -13.3776 3
      vertex 43.6089 -13.4692 4.4
      vertex 43.2275 -13.3776 4.4
    endloop
  endfacet
  facet normal -0.233527 -0.97235 -0
    outer loop
      vertex 43.6089 -13.4692 4.4
      vertex 43.2275 -13.3776 3
      vertex 43.6089 -13.4692 3
    endloop
  endfacet
  facet normal -0.760497 -0.649342 0
    outer loop
      vertex 42.2322 -12.7678 3
      vertex 41.9775 -12.4695 4.4
      vertex 41.9775 -12.4695 3
    endloop
  endfacet
  facet normal -0.760497 -0.649342 0
    outer loop
      vertex 41.9775 -12.4695 4.4
      vertex 42.2322 -12.7678 3
      vertex 42.2322 -12.7678 4.4
    endloop
  endfacet
  facet normal -0.85262 -0.522532 0
    outer loop
      vertex 41.9775 -12.4695 3
      vertex 41.7725 -12.135 4.4
      vertex 41.7725 -12.135 3
    endloop
  endfacet
  facet normal -0.85262 -0.522532 0
    outer loop
      vertex 41.7725 -12.135 4.4
      vertex 41.9775 -12.4695 3
      vertex 41.9775 -12.4695 4.4
    endloop
  endfacet
  facet normal -0.0785092 -0.996913 0
    outer loop
      vertex 43.6089 -13.4692 3
      vertex 44 -13.5 4.4
      vertex 43.6089 -13.4692 4.4
    endloop
  endfacet
  facet normal -0.0785092 -0.996913 -0
    outer loop
      vertex 44 -13.5 4.4
      vertex 43.6089 -13.4692 3
      vertex 44 -13.5 3
    endloop
  endfacet
  facet normal 0.996913 0.0785092 0
    outer loop
      vertex 46.5 -23 4.4
      vertex 46.4692 -22.6089 3
      vertex 46.4692 -22.6089 4.4
    endloop
  endfacet
  facet normal 0.996913 0.0785092 0
    outer loop
      vertex 46.4692 -22.6089 3
      vertex 46.5 -23 4.4
      vertex 46.5 -23 3
    endloop
  endfacet
  facet normal -0.0785092 0.996913 0
    outer loop
      vertex 44 -20.5 3
      vertex 43.6089 -20.5308 4.4
      vertex 44 -20.5 4.4
    endloop
  endfacet
  facet normal -0.0785092 0.996913 0
    outer loop
      vertex 43.6089 -20.5308 4.4
      vertex 44 -20.5 3
      vertex 43.6089 -20.5308 3
    endloop
  endfacet
  facet normal 0.0785092 -0.996913 0
    outer loop
      vertex 44 -25.5 3
      vertex 44.3911 -25.4692 4.4
      vertex 44 -25.5 4.4
    endloop
  endfacet
  facet normal 0.0785092 -0.996913 0
    outer loop
      vertex 44.3911 -25.4692 4.4
      vertex 44 -25.5 3
      vertex 44.3911 -25.4692 3
    endloop
  endfacet
  facet normal 0.649342 0.760497 -0
    outer loop
      vertex 45.7678 -21.2322 3
      vertex 45.4695 -20.9775 4.4
      vertex 45.7678 -21.2322 4.4
    endloop
  endfacet
  facet normal 0.649342 0.760497 0
    outer loop
      vertex 45.4695 -20.9775 4.4
      vertex 45.7678 -21.2322 3
      vertex 45.4695 -20.9775 3
    endloop
  endfacet
  facet normal -0.760497 0.649342 0
    outer loop
      vertex 41.9775 -21.5305 3
      vertex 42.2322 -21.2322 4.4
      vertex 42.2322 -21.2322 3
    endloop
  endfacet
  facet normal -0.760497 0.649342 0
    outer loop
      vertex 42.2322 -21.2322 4.4
      vertex 41.9775 -21.5305 3
      vertex 41.9775 -21.5305 4.4
    endloop
  endfacet
  facet normal -0.382569 0.923927 0
    outer loop
      vertex 43.2275 -20.6224 3
      vertex 42.865 -20.7725 4.4
      vertex 43.2275 -20.6224 4.4
    endloop
  endfacet
  facet normal -0.382569 0.923927 0
    outer loop
      vertex 42.865 -20.7725 4.4
      vertex 43.2275 -20.6224 3
      vertex 42.865 -20.7725 3
    endloop
  endfacet
  facet normal 0.923927 0.382569 0
    outer loop
      vertex 46.3776 -22.2275 4.4
      vertex 46.2275 -21.865 3
      vertex 46.2275 -21.865 4.4
    endloop
  endfacet
  facet normal 0.923927 0.382569 0
    outer loop
      vertex 46.2275 -21.865 3
      vertex 46.3776 -22.2275 4.4
      vertex 46.3776 -22.2275 3
    endloop
  endfacet
  facet normal 0.97235 0.233527 0
    outer loop
      vertex 46.4692 -22.6089 4.4
      vertex 46.3776 -22.2275 3
      vertex 46.3776 -22.2275 4.4
    endloop
  endfacet
  facet normal 0.97235 0.233527 0
    outer loop
      vertex 46.3776 -22.2275 3
      vertex 46.4692 -22.6089 4.4
      vertex 46.4692 -22.6089 3
    endloop
  endfacet
  facet normal 0.382569 0.923927 -0
    outer loop
      vertex 45.135 -20.7725 3
      vertex 44.7725 -20.6224 4.4
      vertex 45.135 -20.7725 4.4
    endloop
  endfacet
  facet normal 0.382569 0.923927 0
    outer loop
      vertex 44.7725 -20.6224 4.4
      vertex 45.135 -20.7725 3
      vertex 44.7725 -20.6224 3
    endloop
  endfacet
  facet normal 0.233527 0.97235 -0
    outer loop
      vertex 44.7725 -20.6224 3
      vertex 44.3911 -20.5308 4.4
      vertex 44.7725 -20.6224 4.4
    endloop
  endfacet
  facet normal 0.233527 0.97235 0
    outer loop
      vertex 44.3911 -20.5308 4.4
      vertex 44.7725 -20.6224 3
      vertex 44.3911 -20.5308 3
    endloop
  endfacet
  facet normal 0.522532 0.85262 -0
    outer loop
      vertex 45.4695 -20.9775 3
      vertex 45.135 -20.7725 4.4
      vertex 45.4695 -20.9775 4.4
    endloop
  endfacet
  facet normal 0.522532 0.85262 0
    outer loop
      vertex 45.135 -20.7725 4.4
      vertex 45.4695 -20.9775 3
      vertex 45.135 -20.7725 3
    endloop
  endfacet
  facet normal -0.924374 0.381488 0
    outer loop
      vertex 41.7595 -21.8965 3
      vertex 41.7725 -21.865 4.4
      vertex 41.7725 -21.865 3
    endloop
  endfacet
  facet normal -0.924374 0.381488 0
    outer loop
      vertex 41.7725 -21.865 4.4
      vertex 41.7595 -21.8965 3
      vertex 41.7595 -21.8965 4.4
    endloop
  endfacet
  facet normal -0.85262 0.522532 0
    outer loop
      vertex 41.7725 -21.865 3
      vertex 41.9775 -21.5305 4.4
      vertex 41.9775 -21.5305 3
    endloop
  endfacet
  facet normal -0.85262 0.522532 0
    outer loop
      vertex 41.9775 -21.5305 4.4
      vertex 41.7725 -21.865 3
      vertex 41.7725 -21.865 4.4
    endloop
  endfacet
  facet normal -0.649342 0.760497 0
    outer loop
      vertex 42.5305 -20.9775 3
      vertex 42.2322 -21.2322 4.4
      vertex 42.5305 -20.9775 4.4
    endloop
  endfacet
  facet normal -0.649342 0.760497 0
    outer loop
      vertex 42.2322 -21.2322 4.4
      vertex 42.5305 -20.9775 3
      vertex 42.2322 -21.2322 3
    endloop
  endfacet
  facet normal -0.233527 0.97235 0
    outer loop
      vertex 43.6089 -20.5308 3
      vertex 43.2275 -20.6224 4.4
      vertex 43.6089 -20.5308 4.4
    endloop
  endfacet
  facet normal -0.233527 0.97235 0
    outer loop
      vertex 43.2275 -20.6224 4.4
      vertex 43.6089 -20.5308 3
      vertex 43.2275 -20.6224 3
    endloop
  endfacet
  facet normal 0.97235 -0.233527 0
    outer loop
      vertex 46.3776 -23.7725 4.4
      vertex 46.4692 -23.3911 3
      vertex 46.4692 -23.3911 4.4
    endloop
  endfacet
  facet normal 0.97235 -0.233527 0
    outer loop
      vertex 46.4692 -23.3911 3
      vertex 46.3776 -23.7725 4.4
      vertex 46.3776 -23.7725 3
    endloop
  endfacet
  facet normal 0.233527 -0.97235 0
    outer loop
      vertex 44.3911 -25.4692 3
      vertex 44.7725 -25.3776 4.4
      vertex 44.3911 -25.4692 4.4
    endloop
  endfacet
  facet normal 0.233527 -0.97235 0
    outer loop
      vertex 44.7725 -25.3776 4.4
      vertex 44.3911 -25.4692 3
      vertex 44.7725 -25.3776 3
    endloop
  endfacet
  facet normal 0.760497 0.649342 0
    outer loop
      vertex 46.0225 -21.5305 4.4
      vertex 45.7678 -21.2322 3
      vertex 45.7678 -21.2322 4.4
    endloop
  endfacet
  facet normal 0.760497 0.649342 0
    outer loop
      vertex 45.7678 -21.2322 3
      vertex 46.0225 -21.5305 4.4
      vertex 46.0225 -21.5305 3
    endloop
  endfacet
  facet normal 0.85262 0.522532 0
    outer loop
      vertex 46.2275 -21.865 4.4
      vertex 46.0225 -21.5305 3
      vertex 46.0225 -21.5305 4.4
    endloop
  endfacet
  facet normal 0.85262 0.522532 0
    outer loop
      vertex 46.0225 -21.5305 3
      vertex 46.2275 -21.865 4.4
      vertex 46.2275 -21.865 3
    endloop
  endfacet
  facet normal 0.0785092 0.996913 -0
    outer loop
      vertex 44.3911 -20.5308 3
      vertex 44 -20.5 4.4
      vertex 44.3911 -20.5308 4.4
    endloop
  endfacet
  facet normal 0.0785092 0.996913 0
    outer loop
      vertex 44 -20.5 4.4
      vertex 44.3911 -20.5308 3
      vertex 44 -20.5 3
    endloop
  endfacet
  facet normal -0.522532 0.85262 0
    outer loop
      vertex 42.865 -20.7725 3
      vertex 42.5305 -20.9775 4.4
      vertex 42.865 -20.7725 4.4
    endloop
  endfacet
  facet normal -0.522532 0.85262 0
    outer loop
      vertex 42.5305 -20.9775 4.4
      vertex 42.865 -20.7725 3
      vertex 42.5305 -20.9775 3
    endloop
  endfacet
  facet normal 0.760497 -0.649342 0
    outer loop
      vertex 45.7678 -24.7678 4.4
      vertex 46.0225 -24.4695 3
      vertex 46.0225 -24.4695 4.4
    endloop
  endfacet
  facet normal 0.760497 -0.649342 0
    outer loop
      vertex 46.0225 -24.4695 3
      vertex 45.7678 -24.7678 4.4
      vertex 45.7678 -24.7678 3
    endloop
  endfacet
  facet normal 0.923927 -0.382569 0
    outer loop
      vertex 46.2275 -24.135 4.4
      vertex 46.3776 -23.7725 3
      vertex 46.3776 -23.7725 4.4
    endloop
  endfacet
  facet normal 0.923927 -0.382569 0
    outer loop
      vertex 46.3776 -23.7725 3
      vertex 46.2275 -24.135 4.4
      vertex 46.2275 -24.135 3
    endloop
  endfacet
  facet normal 0.382569 -0.923927 0
    outer loop
      vertex 44.7725 -25.3776 3
      vertex 45.135 -25.2275 4.4
      vertex 44.7725 -25.3776 4.4
    endloop
  endfacet
  facet normal 0.382569 -0.923927 0
    outer loop
      vertex 45.135 -25.2275 4.4
      vertex 44.7725 -25.3776 3
      vertex 45.135 -25.2275 3
    endloop
  endfacet
  facet normal 0.996913 -0.0785092 0
    outer loop
      vertex 46.4692 -23.3911 4.4
      vertex 46.5 -23 3
      vertex 46.5 -23 4.4
    endloop
  endfacet
  facet normal 0.996913 -0.0785092 0
    outer loop
      vertex 46.5 -23 3
      vertex 46.4692 -23.3911 4.4
      vertex 46.4692 -23.3911 3
    endloop
  endfacet
  facet normal 0.522532 -0.85262 0
    outer loop
      vertex 45.135 -25.2275 3
      vertex 45.4695 -25.0225 4.4
      vertex 45.135 -25.2275 4.4
    endloop
  endfacet
  facet normal 0.522532 -0.85262 0
    outer loop
      vertex 45.4695 -25.0225 4.4
      vertex 45.135 -25.2275 3
      vertex 45.4695 -25.0225 3
    endloop
  endfacet
  facet normal 0.85262 -0.522532 0
    outer loop
      vertex 46.0225 -24.4695 4.4
      vertex 46.2275 -24.135 3
      vertex 46.2275 -24.135 4.4
    endloop
  endfacet
  facet normal 0.85262 -0.522532 0
    outer loop
      vertex 46.2275 -24.135 3
      vertex 46.0225 -24.4695 4.4
      vertex 46.0225 -24.4695 3
    endloop
  endfacet
  facet normal -0.382569 -0.923927 0
    outer loop
      vertex 42.865 -25.2275 3
      vertex 43.2275 -25.3776 4.4
      vertex 42.865 -25.2275 4.4
    endloop
  endfacet
  facet normal -0.382569 -0.923927 -0
    outer loop
      vertex 43.2275 -25.3776 4.4
      vertex 42.865 -25.2275 3
      vertex 43.2275 -25.3776 3
    endloop
  endfacet
  facet normal -0.649342 -0.760497 0
    outer loop
      vertex 42.2322 -24.7678 3
      vertex 42.5305 -25.0225 4.4
      vertex 42.2322 -24.7678 4.4
    endloop
  endfacet
  facet normal -0.649342 -0.760497 -0
    outer loop
      vertex 42.5305 -25.0225 4.4
      vertex 42.2322 -24.7678 3
      vertex 42.5305 -25.0225 3
    endloop
  endfacet
  facet normal -0.92391 -0.38261 0
    outer loop
      vertex 41.7725 -24.135 3
      vertex 41.6505 -23.8404 4.4
      vertex 41.6505 -23.8404 3
    endloop
  endfacet
  facet normal -0.92391 -0.38261 0
    outer loop
      vertex 41.6505 -23.8404 4.4
      vertex 41.7725 -24.135 3
      vertex 41.7725 -24.135 4.4
    endloop
  endfacet
  facet normal 0.649342 -0.760497 0
    outer loop
      vertex 45.4695 -25.0225 3
      vertex 45.7678 -24.7678 4.4
      vertex 45.4695 -25.0225 4.4
    endloop
  endfacet
  facet normal 0.649342 -0.760497 0
    outer loop
      vertex 45.7678 -24.7678 4.4
      vertex 45.4695 -25.0225 3
      vertex 45.7678 -24.7678 3
    endloop
  endfacet
  facet normal -0.0785092 -0.996913 0
    outer loop
      vertex 43.6089 -25.4692 3
      vertex 44 -25.5 4.4
      vertex 43.6089 -25.4692 4.4
    endloop
  endfacet
  facet normal -0.0785092 -0.996913 -0
    outer loop
      vertex 44 -25.5 4.4
      vertex 43.6089 -25.4692 3
      vertex 44 -25.5 3
    endloop
  endfacet
  facet normal -0.522532 -0.85262 0
    outer loop
      vertex 42.5305 -25.0225 3
      vertex 42.865 -25.2275 4.4
      vertex 42.5305 -25.0225 4.4
    endloop
  endfacet
  facet normal -0.522532 -0.85262 -0
    outer loop
      vertex 42.865 -25.2275 4.4
      vertex 42.5305 -25.0225 3
      vertex 42.865 -25.2275 3
    endloop
  endfacet
  facet normal -0.233527 -0.97235 0
    outer loop
      vertex 43.2275 -25.3776 3
      vertex 43.6089 -25.4692 4.4
      vertex 43.2275 -25.3776 4.4
    endloop
  endfacet
  facet normal -0.233527 -0.97235 -0
    outer loop
      vertex 43.6089 -25.4692 4.4
      vertex 43.2275 -25.3776 3
      vertex 43.6089 -25.4692 3
    endloop
  endfacet
  facet normal -0.760497 -0.649342 0
    outer loop
      vertex 42.2322 -24.7678 3
      vertex 41.9775 -24.4695 4.4
      vertex 41.9775 -24.4695 3
    endloop
  endfacet
  facet normal -0.760497 -0.649342 0
    outer loop
      vertex 41.9775 -24.4695 4.4
      vertex 42.2322 -24.7678 3
      vertex 42.2322 -24.7678 4.4
    endloop
  endfacet
  facet normal -0.85262 -0.522532 0
    outer loop
      vertex 41.9775 -24.4695 3
      vertex 41.7725 -24.135 4.4
      vertex 41.7725 -24.135 3
    endloop
  endfacet
  facet normal -0.85262 -0.522532 0
    outer loop
      vertex 41.7725 -24.135 4.4
      vertex 41.9775 -24.4695 3
      vertex 41.9775 -24.4695 4.4
    endloop
  endfacet
  facet normal -0 0 1
    outer loop
      vertex -15.8242 18.9536 4.2
      vertex -14.8911 16.3225 4.2
      vertex -14.8911 23.9663 4.2
    endloop
  endfacet
  facet normal 0 0 1
    outer loop
      vertex -14.8911 16.3225 4.2
      vertex -15.779 17.7511 4.2
      vertex -15.7591 17.4129 4.2
    endloop
  endfacet
  facet normal 0 0 1
    outer loop
      vertex -14.8911 16.3225 4.2
      vertex -15.7952 18.0567 4.2
      vertex -15.779 17.7511 4.2
    endloop
  endfacet
  facet normal 0 0 1
    outer loop
      vertex -14.8911 16.3225 4.2
      vertex -15.8079 18.3298 4.2
      vertex -15.7952 18.0567 4.2
    endloop
  endfacet
  facet normal 0 0 1
    outer loop
      vertex -14.8911 16.3225 4.2
      vertex -15.817 18.5703 4.2
      vertex -15.8079 18.3298 4.2
    endloop
  endfacet
  facet normal 0 0 1
    outer loop
      vertex -14.8911 16.3225 4.2
      vertex -15.8224 18.7782 4.2
      vertex -15.817 18.5703 4.2
    endloop
  endfacet
  facet normal 0 0 1
    outer loop
      vertex -15.8242 18.9536 4.2
      vertex -14.8911 23.9663 4.2
      vertex -15.8242 23.9663 4.2
    endloop
  endfacet
  facet normal 0 0 1
    outer loop
      vertex -14.8911 16.3225 4.2
      vertex -15.8242 18.9536 4.2
      vertex -15.8224 18.7782 4.2
    endloop
  endfacet
  facet normal 0 0 1
    outer loop
      vertex -15.7591 17.4129 4.2
      vertex -16.1388 16.3225 4.2
      vertex -14.8911 16.3225 4.2
    endloop
  endfacet
  facet normal -0 0 1
    outer loop
      vertex -20.2292 22.8325 4.2
      vertex -15.7591 17.4129 4.2
      vertex -19.8929 23.9663 4.2
    endloop
  endfacet
  facet normal 0 0 1
    outer loop
      vertex -15.7591 17.4129 4.2
      vertex -20.2292 22.8325 4.2
      vertex -16.1388 16.3225 4.2
    endloop
  endfacet
  facet normal 0 -0 1
    outer loop
      vertex -20.2292 22.8325 4.2
      vertex -19.8929 23.9663 4.2
      vertex -21.0972 23.9663 4.2
    endloop
  endfacet
  facet normal 0 0 1
    outer loop
      vertex -21.0972 23.9663 4.2
      vertex -20.175 21.4003 4.2
      vertex -20.2021 22.3063 4.2
    endloop
  endfacet
  facet normal 0 0 1
    outer loop
      vertex -21.0972 23.9663 4.2
      vertex -20.2021 22.3063 4.2
      vertex -20.2292 22.8325 4.2
    endloop
  endfacet
  facet normal 0 0 1
    outer loop
      vertex -20.175 21.4003 4.2
      vertex -21.0972 23.9663 4.2
      vertex -21.0972 16.3225 4.2
    endloop
  endfacet
  facet normal 0 0 1
    outer loop
      vertex -20.175 21.4003 4.2
      vertex -21.0972 16.3225 4.2
      vertex -20.175 16.3225 4.2
    endloop
  endfacet
  facet normal 0 0 1
    outer loop
      vertex -7.46193 23.9663 4.2
      vertex -12.2251 23.12 4.2
      vertex -7.46193 23.12 4.2
    endloop
  endfacet
  facet normal 0 0 1
    outer loop
      vertex -13.2612 23.9663 4.2
      vertex -12.2251 20.6679 4.2
      vertex -12.2251 23.12 4.2
    endloop
  endfacet
  facet normal 0 0 1
    outer loop
      vertex -12.2251 20.6679 4.2
      vertex -13.2612 23.9663 4.2
      vertex -12.2251 19.8325 4.2
    endloop
  endfacet
  facet normal 0 0 1
    outer loop
      vertex -13.2612 16.3225 4.2
      vertex -12.2251 19.8325 4.2
      vertex -13.2612 23.9663 4.2
    endloop
  endfacet
  facet normal -0 0 1
    outer loop
      vertex -13.2612 23.9663 4.2
      vertex -12.2251 23.12 4.2
      vertex -7.46193 23.9663 4.2
    endloop
  endfacet
  facet normal -0 0 1
    outer loop
      vertex -12.2251 20.6679 4.2
      vertex -7.78745 19.8325 4.2
      vertex -7.78745 20.6679 4.2
    endloop
  endfacet
  facet normal 0 0 1
    outer loop
      vertex -7.78745 19.8325 4.2
      vertex -12.2251 20.6679 4.2
      vertex -12.2251 19.8325 4.2
    endloop
  endfacet
  facet normal -0 0 1
    outer loop
      vertex -12.2251 17.1688 4.2
      vertex -7.23953 16.3225 4.2
      vertex -7.23953 17.1688 4.2
    endloop
  endfacet
  facet normal 0 0 1
    outer loop
      vertex -12.2251 17.1688 4.2
      vertex -13.2612 16.3225 4.2
      vertex -7.23953 16.3225 4.2
    endloop
  endfacet
  facet normal 0 0 1
    outer loop
      vertex -12.2251 19.8325 4.2
      vertex -13.2612 16.3225 4.2
      vertex -12.2251 17.1688 4.2
    endloop
  endfacet
  facet normal -0 0 1
    outer loop
      vertex -6.07819 23.9663 4.2
      vertex -5.04195 19.1869 4.2
      vertex -5.04195 23.9663 4.2
    endloop
  endfacet
  facet normal 0 -0 1
    outer loop
      vertex -6.06749 18.8069 4.2
      vertex -5.04195 19.1869 4.2
      vertex -6.07819 19.1001 4.2
    endloop
  endfacet
  facet normal 0 -0 1
    outer loop
      vertex -6.03539 18.5275 4.2
      vertex -5.04195 19.1869 4.2
      vertex -6.06749 18.8069 4.2
    endloop
  endfacet
  facet normal 0 -0 1
    outer loop
      vertex -5.98189 18.2619 4.2
      vertex -5.04195 19.1869 4.2
      vertex -6.03539 18.5275 4.2
    endloop
  endfacet
  facet normal 0 0 1
    outer loop
      vertex -5.04195 19.1869 4.2
      vertex -5.40123 17.1489 4.2
      vertex -5.22914 16.9749 4.2
    endloop
  endfacet
  facet normal 0 0 1
    outer loop
      vertex -5.04195 19.1869 4.2
      vertex -5.55585 17.3401 4.2
      vertex -5.40123 17.1489 4.2
    endloop
  endfacet
  facet normal 0 0 1
    outer loop
      vertex -5.04195 19.1869 4.2
      vertex -5.69298 17.5485 4.2
      vertex -5.55585 17.3401 4.2
    endloop
  endfacet
  facet normal 0 0 1
    outer loop
      vertex -5.04195 19.1869 4.2
      vertex -5.90698 18.0103 4.2
      vertex -5.81068 17.7724 4.2
    endloop
  endfacet
  facet normal 0 -0 1
    outer loop
      vertex -5.90698 18.0103 4.2
      vertex -5.04195 19.1869 4.2
      vertex -5.98189 18.2619 4.2
    endloop
  endfacet
  facet normal 0 0 1
    outer loop
      vertex -5.04195 19.1869 4.2
      vertex -6.07819 23.9663 4.2
      vertex -6.07819 19.1001 4.2
    endloop
  endfacet
  facet normal 0 0 1
    outer loop
      vertex -5.04195 19.1869 4.2
      vertex -5.81068 17.7724 4.2
      vertex -5.69298 17.5485 4.2
    endloop
  endfacet
  facet normal -0 0 1
    outer loop
      vertex -0.799622 19.2575 4.2
      vertex 0.231079 19.1978 4.2
      vertex 0.231079 23.9663 4.2
    endloop
  endfacet
  facet normal 0 0 1
    outer loop
      vertex 0.231079 19.1978 4.2
      vertex -0.799622 19.2575 4.2
      vertex 0.220154 18.8956 4.2
    endloop
  endfacet
  facet normal -0 0 1
    outer loop
      vertex -0.815521 18.912 4.2
      vertex 0.220154 18.8956 4.2
      vertex -0.799622 19.2575 4.2
    endloop
  endfacet
  facet normal 0 0 1
    outer loop
      vertex 0.220154 18.8956 4.2
      vertex -0.815521 18.912 4.2
      vertex 0.187378 18.6077 4.2
    endloop
  endfacet
  facet normal 0 0 1
    outer loop
      vertex -0.86322 18.5953 4.2
      vertex 0.187378 18.6077 4.2
      vertex -0.815521 18.912 4.2
    endloop
  endfacet
  facet normal 0 0 1
    outer loop
      vertex 0.187378 18.6077 4.2
      vertex -0.86322 18.5953 4.2
      vertex 0.132767 18.3338 4.2
    endloop
  endfacet
  facet normal 0 0 1
    outer loop
      vertex 0.132767 18.3338 4.2
      vertex -0.86322 18.5953 4.2
      vertex 0.0562897 18.0742 4.2
    endloop
  endfacet
  facet normal -0 0 1
    outer loop
      vertex -0.942703 18.3074 4.2
      vertex 0.0562897 18.0742 4.2
      vertex -0.86322 18.5953 4.2
    endloop
  endfacet
  facet normal 0 0 1
    outer loop
      vertex 0.0562897 18.0742 4.2
      vertex -0.942703 18.3074 4.2
      vertex -0.0420227 17.8287 4.2
    endloop
  endfacet
  facet normal 0 0 1
    outer loop
      vertex -0.799622 19.2575 4.2
      vertex 0.231079 23.9663 4.2
      vertex -0.799622 23.9663 4.2
    endloop
  endfacet
  facet normal -0 0 1
    outer loop
      vertex -1.05399 18.0483 4.2
      vertex -0.0420227 17.8287 4.2
      vertex -0.942703 18.3074 4.2
    endloop
  endfacet
  facet normal 0 0 1
    outer loop
      vertex -0.0420227 17.8287 4.2
      vertex -1.05399 18.0483 4.2
      vertex -0.162186 17.5974 4.2
    endloop
  endfacet
  facet normal 0 0 1
    outer loop
      vertex -0.162186 17.5974 4.2
      vertex -1.05399 18.0483 4.2
      vertex -0.302322 17.382 4.2
    endloop
  endfacet
  facet normal -0 0 1
    outer loop
      vertex -1.19707 17.8179 4.2
      vertex -0.302322 17.382 4.2
      vertex -1.05399 18.0483 4.2
    endloop
  endfacet
  facet normal 0 0 1
    outer loop
      vertex -0.302322 17.382 4.2
      vertex -1.19707 17.8179 4.2
      vertex -0.460556 17.1842 4.2
    endloop
  endfacet
  facet normal 0 0 1
    outer loop
      vertex -0.460556 17.1842 4.2
      vertex -1.19707 17.8179 4.2
      vertex -0.636871 17.004 4.2
    endloop
  endfacet
  facet normal -0 0 1
    outer loop
      vertex -1.37195 17.6163 4.2
      vertex -0.636871 17.004 4.2
      vertex -1.19707 17.8179 4.2
    endloop
  endfacet
  facet normal 0 0 1
    outer loop
      vertex -0.636871 17.004 4.2
      vertex -1.37195 17.6163 4.2
      vertex -0.831268 16.8415 4.2
    endloop
  endfacet
  facet normal -0 0 1
    outer loop
      vertex -1.57545 17.4448 4.2
      vertex -0.831268 16.8415 4.2
      vertex -1.37195 17.6163 4.2
    endloop
  endfacet
  facet normal 0 0 1
    outer loop
      vertex -0.831268 16.8415 4.2
      vertex -1.57545 17.4448 4.2
      vertex -1.04376 16.6966 4.2
    endloop
  endfacet
  facet normal 0 0 1
    outer loop
      vertex -1.04376 16.6966 4.2
      vertex -1.57545 17.4448 4.2
      vertex -1.27434 16.5693 4.2
    endloop
  endfacet
  facet normal -0 0 1
    outer loop
      vertex -1.80443 17.3044 4.2
      vertex -1.27434 16.5693 4.2
      vertex -1.57545 17.4448 4.2
    endloop
  endfacet
  facet normal 0 0 1
    outer loop
      vertex -1.27434 16.5693 4.2
      vertex -1.80443 17.3044 4.2
      vertex -1.5211 16.4608 4.2
    endloop
  endfacet
  facet normal -0 0 1
    outer loop
      vertex -2.05888 17.1953 4.2
      vertex -1.5211 16.4608 4.2
      vertex -1.80443 17.3044 4.2
    endloop
  endfacet
  facet normal 0 0 1
    outer loop
      vertex -1.5211 16.4608 4.2
      vertex -2.05888 17.1953 4.2
      vertex -1.78218 16.3719 4.2
    endloop
  endfacet
  facet normal 0 0 1
    outer loop
      vertex -1.78218 16.3719 4.2
      vertex -2.05888 17.1953 4.2
      vertex -2.05757 16.3028 4.2
    endloop
  endfacet
  facet normal -0 0 1
    outer loop
      vertex -2.33881 17.1173 4.2
      vertex -2.05757 16.3028 4.2
      vertex -2.05888 17.1953 4.2
    endloop
  endfacet
  facet normal 0 0 1
    outer loop
      vertex -2.33881 17.1173 4.2
      vertex -2.34727 16.2535 4.2
      vertex -2.05757 16.3028 4.2
    endloop
  endfacet
  facet normal -0 0 1
    outer loop
      vertex -2.6442 17.0705 4.2
      vertex -2.34727 16.2535 4.2
      vertex -2.33881 17.1173 4.2
    endloop
  endfacet
  facet normal 0 0 1
    outer loop
      vertex -2.6442 17.0705 4.2
      vertex -2.65129 16.2239 4.2
      vertex -2.34727 16.2535 4.2
    endloop
  endfacet
  facet normal -0 0 1
    outer loop
      vertex -2.97507 17.0549 4.2
      vertex -2.65129 16.2239 4.2
      vertex -2.6442 17.0705 4.2
    endloop
  endfacet
  facet normal 0 0 1
    outer loop
      vertex -2.65129 16.2239 4.2
      vertex -2.97507 17.0549 4.2
      vertex -2.96962 16.214 4.2
    endloop
  endfacet
  facet normal 0 0 1
    outer loop
      vertex -2.97507 17.0549 4.2
      vertex -3.27585 16.2235 4.2
      vertex -2.96962 16.214 4.2
    endloop
  endfacet
  facet normal 0 0 1
    outer loop
      vertex -3.29649 17.07 4.2
      vertex -3.27585 16.2235 4.2
      vertex -2.97507 17.0549 4.2
    endloop
  endfacet
  facet normal 0 0 1
    outer loop
      vertex -3.29649 17.07 4.2
      vertex -3.5688 16.252 4.2
      vertex -3.27585 16.2235 4.2
    endloop
  endfacet
  facet normal 0 0 1
    outer loop
      vertex -3.59169 17.1152 4.2
      vertex -3.5688 16.252 4.2
      vertex -3.29649 17.07 4.2
    endloop
  endfacet
  facet normal 0 0 1
    outer loop
      vertex -3.59169 17.1152 4.2
      vertex -3.84851 16.2995 4.2
      vertex -3.5688 16.252 4.2
    endloop
  endfacet
  facet normal 0 0 1
    outer loop
      vertex -3.86069 17.1905 4.2
      vertex -3.84851 16.2995 4.2
      vertex -3.59169 17.1152 4.2
    endloop
  endfacet
  facet normal 0 0 1
    outer loop
      vertex -4.36812 16.4514 4.2
      vertex -3.86069 17.1905 4.2
      vertex -4.10345 17.296 4.2
    endloop
  endfacet
  facet normal 0 0 1
    outer loop
      vertex -3.86069 17.1905 4.2
      vertex -4.11494 16.3659 4.2
      vertex -3.84851 16.2995 4.2
    endloop
  endfacet
  facet normal 0 0 1
    outer loop
      vertex -4.60803 16.5558 4.2
      vertex -4.10345 17.296 4.2
      vertex -4.32001 17.4316 4.2
    endloop
  endfacet
  facet normal 0 0 1
    outer loop
      vertex -3.86069 17.1905 4.2
      vertex -4.36812 16.4514 4.2
      vertex -4.11494 16.3659 4.2
    endloop
  endfacet
  facet normal 0 0 1
    outer loop
      vertex -5.03958 16.818 4.2
      vertex -4.32001 17.4316 4.2
      vertex -4.51035 17.5974 4.2
    endloop
  endfacet
  facet normal 0 0 1
    outer loop
      vertex -4.10345 17.296 4.2
      vertex -4.60803 16.5558 4.2
      vertex -4.36812 16.4514 4.2
    endloop
  endfacet
  facet normal 0 0 1
    outer loop
      vertex -5.22914 16.9749 4.2
      vertex -4.51035 17.5974 4.2
      vertex -4.67278 17.7922 4.2
    endloop
  endfacet
  facet normal 0 0 1
    outer loop
      vertex -5.22914 16.9749 4.2
      vertex -4.67278 17.7922 4.2
      vertex -4.80568 18.0151 4.2
    endloop
  endfacet
  facet normal 0 0 1
    outer loop
      vertex -4.32001 17.4316 4.2
      vertex -4.83253 16.6783 4.2
      vertex -4.60803 16.5558 4.2
    endloop
  endfacet
  facet normal 0 0 1
    outer loop
      vertex -5.22914 16.9749 4.2
      vertex -4.80568 18.0151 4.2
      vertex -4.90904 18.266 4.2
    endloop
  endfacet
  facet normal 0 0 1
    outer loop
      vertex -5.22914 16.9749 4.2
      vertex -4.90904 18.266 4.2
      vertex -4.98288 18.5449 4.2
    endloop
  endfacet
  facet normal 0 0 1
    outer loop
      vertex -5.22914 16.9749 4.2
      vertex -4.98288 18.5449 4.2
      vertex -5.02718 18.8519 4.2
    endloop
  endfacet
  facet normal 0 0 1
    outer loop
      vertex -4.32001 17.4316 4.2
      vertex -5.03958 16.818 4.2
      vertex -4.83253 16.6783 4.2
    endloop
  endfacet
  facet normal 0 0 1
    outer loop
      vertex -5.22914 16.9749 4.2
      vertex -5.02718 18.8519 4.2
      vertex -5.04195 19.1869 4.2
    endloop
  endfacet
  facet normal 0 0 1
    outer loop
      vertex -4.51035 17.5974 4.2
      vertex -5.22914 16.9749 4.2
      vertex -5.03958 16.818 4.2
    endloop
  endfacet
  facet normal 0 0 1
    outer loop
      vertex 8.1051 21.78 4.2
      vertex 7.05092 21.9828 4.2
      vertex 7.06349 21.7692 4.2
    endloop
  endfacet
  facet normal 0 0 1
    outer loop
      vertex 7.40254 23.3886 4.2
      vertex 7.01315 22.1788 4.2
      vertex 7.05092 21.9828 4.2
    endloop
  endfacet
  facet normal 0 0 1
    outer loop
      vertex 7.40254 23.3886 4.2
      vertex 6.95024 22.3571 4.2
      vertex 7.01315 22.1788 4.2
    endloop
  endfacet
  facet normal 0 0 1
    outer loop
      vertex 6.61046 22.7864 4.2
      vertex 7.15202 23.5651 4.2
      vertex 6.8688 23.7095 4.2
    endloop
  endfacet
  facet normal 0 0 1
    outer loop
      vertex 7.40254 23.3886 4.2
      vertex 6.86214 22.5179 4.2
      vertex 6.95024 22.3571 4.2
    endloop
  endfacet
  facet normal 0 0 1
    outer loop
      vertex 7.40254 23.3886 4.2
      vertex 6.74889 22.6609 4.2
      vertex 6.86214 22.5179 4.2
    endloop
  endfacet
  facet normal 0 0 1
    outer loop
      vertex 7.40254 23.3886 4.2
      vertex 6.61046 22.7864 4.2
      vertex 6.74889 22.6609 4.2
    endloop
  endfacet
  facet normal 0 0 1
    outer loop
      vertex 6.44839 22.8933 4.2
      vertex 6.8688 23.7095 4.2
      vertex 6.55287 23.8219 4.2
    endloop
  endfacet
  facet normal 0 0 1
    outer loop
      vertex 6.8688 23.7095 4.2
      vertex 6.44839 22.8933 4.2
      vertex 6.61046 22.7864 4.2
    endloop
  endfacet
  facet normal 0 0 1
    outer loop
      vertex 6.55287 23.8219 4.2
      vertex 6.26418 22.9808 4.2
      vertex 6.44839 22.8933 4.2
    endloop
  endfacet
  facet normal 0 0 1
    outer loop
      vertex 6.05782 23.0489 4.2
      vertex 6.55287 23.8219 4.2
      vertex 6.20424 23.9021 4.2
    endloop
  endfacet
  facet normal 0 0 1
    outer loop
      vertex 6.55287 23.8219 4.2
      vertex 6.05782 23.0489 4.2
      vertex 6.26418 22.9808 4.2
    endloop
  endfacet
  facet normal 0 0 1
    outer loop
      vertex 6.20424 23.9021 4.2
      vertex 5.8293 23.0975 4.2
      vertex 6.05782 23.0489 4.2
    endloop
  endfacet
  facet normal 0 0 1
    outer loop
      vertex 5.82291 23.9503 4.2
      vertex 5.8293 23.0975 4.2
      vertex 6.20424 23.9021 4.2
    endloop
  endfacet
  facet normal 0 0 1
    outer loop
      vertex 5.82291 23.9503 4.2
      vertex 5.57863 23.1266 4.2
      vertex 5.8293 23.0975 4.2
    endloop
  endfacet
  facet normal 0 0 1
    outer loop
      vertex 5.40886 23.9663 4.2
      vertex 5.57863 23.1266 4.2
      vertex 5.82291 23.9503 4.2
    endloop
  endfacet
  facet normal 0 0 1
    outer loop
      vertex 5.40886 23.9663 4.2
      vertex 5.30582 23.1363 4.2
      vertex 5.57863 23.1266 4.2
    endloop
  endfacet
  facet normal 0 0 1
    outer loop
      vertex 5.40886 23.9663 4.2
      vertex 2.8483 23.1363 4.2
      vertex 5.30582 23.1363 4.2
    endloop
  endfacet
  facet normal 0 0 1
    outer loop
      vertex 1.81213 23.9663 4.2
      vertex 2.8483 20.3153 4.2
      vertex 2.8483 23.1363 4.2
    endloop
  endfacet
  facet normal 0 0 1
    outer loop
      vertex 1.81213 16.3225 4.2
      vertex 2.8483 20.3153 4.2
      vertex 1.81213 23.9663 4.2
    endloop
  endfacet
  facet normal -0 0 1
    outer loop
      vertex 1.81213 23.9663 4.2
      vertex 2.8483 23.1363 4.2
      vertex 5.40886 23.9663 4.2
    endloop
  endfacet
  facet normal 0 0 1
    outer loop
      vertex 2.8483 20.3153 4.2
      vertex 1.81213 16.3225 4.2
      vertex 2.8483 19.4961 4.2
    endloop
  endfacet
  facet normal 0 0 1
    outer loop
      vertex 2.8483 19.4961 4.2
      vertex 1.81213 16.3225 4.2
      vertex 2.8483 16.3225 4.2
    endloop
  endfacet
  facet normal -0 0 1
    outer loop
      vertex 7.05092 21.9828 4.2
      vertex 8.1051 21.78 4.2
      vertex 8.08559 22.111 4.2
    endloop
  endfacet
  facet normal 0 0 1
    outer loop
      vertex 8.1051 21.78 4.2
      vertex 7.06349 21.7692 4.2
      vertex 8.09131 21.5036 4.2
    endloop
  endfacet
  facet normal 0 0 1
    outer loop
      vertex 7.05092 21.9828 4.2
      vertex 8.08559 22.111 4.2
      vertex 8.02704 22.4169 4.2
    endloop
  endfacet
  facet normal -0 0 1
    outer loop
      vertex 7.05106 21.5481 4.2
      vertex 8.09131 21.5036 4.2
      vertex 7.06349 21.7692 4.2
    endloop
  endfacet
  facet normal 0 0 1
    outer loop
      vertex 7.05092 21.9828 4.2
      vertex 8.02704 22.4169 4.2
      vertex 7.92946 22.6976 4.2
    endloop
  endfacet
  facet normal 0 0 1
    outer loop
      vertex 8.09131 21.5036 4.2
      vertex 7.05106 21.5481 4.2
      vertex 8.04994 21.2424 4.2
    endloop
  endfacet
  facet normal 0 0 1
    outer loop
      vertex 7.05092 21.9828 4.2
      vertex 7.92946 22.6976 4.2
      vertex 7.79285 22.9531 4.2
    endloop
  endfacet
  facet normal -0 0 1
    outer loop
      vertex 7.01376 21.344 4.2
      vertex 8.04994 21.2424 4.2
      vertex 7.05106 21.5481 4.2
    endloop
  endfacet
  facet normal 0 0 1
    outer loop
      vertex 7.05092 21.9828 4.2
      vertex 7.79285 22.9531 4.2
      vertex 7.6172 23.1834 4.2
    endloop
  endfacet
  facet normal 0 0 1
    outer loop
      vertex 8.04994 21.2424 4.2
      vertex 7.01376 21.344 4.2
      vertex 7.981 20.9961 4.2
    endloop
  endfacet
  facet normal -0 0 1
    outer loop
      vertex 6.9516 21.1569 4.2
      vertex 7.981 20.9961 4.2
      vertex 7.01376 21.344 4.2
    endloop
  endfacet
  facet normal 0 0 1
    outer loop
      vertex 7.05092 21.9828 4.2
      vertex 7.6172 23.1834 4.2
      vertex 7.40254 23.3886 4.2
    endloop
  endfacet
  facet normal 0 0 1
    outer loop
      vertex 7.981 20.9961 4.2
      vertex 6.9516 21.1569 4.2
      vertex 7.88448 20.765 4.2
    endloop
  endfacet
  facet normal 0 0 1
    outer loop
      vertex 6.61046 22.7864 4.2
      vertex 7.40254 23.3886 4.2
      vertex 7.15202 23.5651 4.2
    endloop
  endfacet
  facet normal 0 0 1
    outer loop
      vertex 7.88448 20.765 4.2
      vertex 6.9516 21.1569 4.2
      vertex 7.76038 20.5489 4.2
    endloop
  endfacet
  facet normal -0 0 1
    outer loop
      vertex 6.86456 20.9868 4.2
      vertex 7.76038 20.5489 4.2
      vertex 6.9516 21.1569 4.2
    endloop
  endfacet
  facet normal 0 0 1
    outer loop
      vertex 7.76038 20.5489 4.2
      vertex 6.86456 20.9868 4.2
      vertex 7.60869 20.3479 4.2
    endloop
  endfacet
  facet normal -0 0 1
    outer loop
      vertex 6.75266 20.8338 4.2
      vertex 7.60869 20.3479 4.2
      vertex 6.86456 20.9868 4.2
    endloop
  endfacet
  facet normal 0 0 1
    outer loop
      vertex 7.60869 20.3479 4.2
      vertex 6.75266 20.8338 4.2
      vertex 7.43275 20.1663 4.2
    endloop
  endfacet
  facet normal 0 0 1
    outer loop
      vertex 7.43275 20.1663 4.2
      vertex 6.75266 20.8338 4.2
      vertex 7.23587 20.0085 4.2
    endloop
  endfacet
  facet normal -0 0 1
    outer loop
      vertex 6.61589 20.6978 4.2
      vertex 7.23587 20.0085 4.2
      vertex 6.75266 20.8338 4.2
    endloop
  endfacet
  facet normal 0 0 1
    outer loop
      vertex 7.23587 20.0085 4.2
      vertex 6.61589 20.6978 4.2
      vertex 7.01805 19.8745 4.2
    endloop
  endfacet
  facet normal -0 0 1
    outer loop
      vertex 6.45639 20.5809 4.2
      vertex 7.01805 19.8745 4.2
      vertex 6.61589 20.6978 4.2
    endloop
  endfacet
  facet normal 0 0 1
    outer loop
      vertex 7.01805 19.8745 4.2
      vertex 6.45639 20.5809 4.2
      vertex 6.7793 19.7644 4.2
    endloop
  endfacet
  facet normal -0 0 1
    outer loop
      vertex 6.27625 20.4853 4.2
      vertex 6.7793 19.7644 4.2
      vertex 6.45639 20.5809 4.2
    endloop
  endfacet
  facet normal 0 0 1
    outer loop
      vertex 6.7793 19.7644 4.2
      vertex 6.27625 20.4853 4.2
      vertex 6.51958 19.678 4.2
    endloop
  endfacet
  facet normal -0 0 1
    outer loop
      vertex 6.07545 20.4109 4.2
      vertex 6.51958 19.678 4.2
      vertex 6.27625 20.4853 4.2
    endloop
  endfacet
  facet normal 0 0 1
    outer loop
      vertex 6.51958 19.678 4.2
      vertex 6.07545 20.4109 4.2
      vertex 6.23894 19.6155 4.2
    endloop
  endfacet
  facet normal 0 0 1
    outer loop
      vertex 6.23894 19.6155 4.2
      vertex 7.21541 16.3225 4.2
      vertex 8.40894 16.3225 4.2
    endloop
  endfacet
  facet normal -0 0 1
    outer loop
      vertex 5.854 20.3578 4.2
      vertex 6.23894 19.6155 4.2
      vertex 6.07545 20.4109 4.2
    endloop
  endfacet
  facet normal -0 0 1
    outer loop
      vertex 5.61192 20.3259 4.2
      vertex 6.23894 19.6155 4.2
      vertex 5.854 20.3578 4.2
    endloop
  endfacet
  facet normal 0 0 1
    outer loop
      vertex 6.23894 19.6155 4.2
      vertex 5.61192 20.3259 4.2
      vertex 5.22981 19.4961 4.2
    endloop
  endfacet
  facet normal 0 0 1
    outer loop
      vertex 5.22981 19.4961 4.2
      vertex 5.61192 20.3259 4.2
      vertex 5.34918 20.3153 4.2
    endloop
  endfacet
  facet normal 0 0 1
    outer loop
      vertex 6.23894 19.6155 4.2
      vertex 5.22981 19.4961 4.2
      vertex 7.21541 16.3225 4.2
    endloop
  endfacet
  facet normal -0 0 1
    outer loop
      vertex 2.8483 20.3153 4.2
      vertex 5.22981 19.4961 4.2
      vertex 5.34918 20.3153 4.2
    endloop
  endfacet
  facet normal 0 0 1
    outer loop
      vertex 5.22981 19.4961 4.2
      vertex 2.8483 20.3153 4.2
      vertex 2.8483 19.4961 4.2
    endloop
  endfacet
  facet normal 0 0 1
    outer loop
      vertex 16.1256 16.3225 4.2
      vertex 14.1942 18.5576 4.2
      vertex 15.0677 16.3225 4.2
    endloop
  endfacet
  facet normal 0 0 1
    outer loop
      vertex 16.1256 16.3225 4.2
      vertex 13.885 19.366 4.2
      vertex 14.1942 18.5576 4.2
    endloop
  endfacet
  facet normal 0 0 1
    outer loop
      vertex 13.055 23.9663 4.2
      vertex 13.885 19.366 4.2
      vertex 16.1256 16.3225 4.2
    endloop
  endfacet
  facet normal 0 0 1
    outer loop
      vertex 13.055 23.9663 4.2
      vertex 12.9031 21.8886 4.2
      vertex 13.885 19.366 4.2
    endloop
  endfacet
  facet normal 0 0 1
    outer loop
      vertex 13.055 23.9663 4.2
      vertex 12.8525 22.0161 4.2
      vertex 12.9031 21.8886 4.2
    endloop
  endfacet
  facet normal 0 0 1
    outer loop
      vertex 13.055 23.9663 4.2
      vertex 12.8018 22.149 4.2
      vertex 12.8525 22.0161 4.2
    endloop
  endfacet
  facet normal 0 0 1
    outer loop
      vertex 13.055 23.9663 4.2
      vertex 12.7512 22.2873 4.2
      vertex 12.8018 22.149 4.2
    endloop
  endfacet
  facet normal 0 0 1
    outer loop
      vertex 13.055 23.9663 4.2
      vertex 12.7006 22.431 4.2
      vertex 12.7512 22.2873 4.2
    endloop
  endfacet
  facet normal 0 0 1
    outer loop
      vertex 13.055 23.9663 4.2
      vertex 12.65 22.5802 4.2
      vertex 12.7006 22.431 4.2
    endloop
  endfacet
  facet normal 0 0 1
    outer loop
      vertex 13.055 23.9663 4.2
      vertex 12.5993 22.7348 4.2
      vertex 12.65 22.5802 4.2
    endloop
  endfacet
  facet normal 0 0 1
    outer loop
      vertex 13.055 23.9663 4.2
      vertex 12.4529 23.1851 4.2
      vertex 12.5993 22.7348 4.2
    endloop
  endfacet
  facet normal 0 0 1
    outer loop
      vertex 11.8777 23.9663 4.2
      vertex 12.3552 22.8761 4.2
      vertex 12.404 23.0332 4.2
    endloop
  endfacet
  facet normal 0 0 1
    outer loop
      vertex 12.3552 22.8761 4.2
      vertex 11.8777 23.9663 4.2
      vertex 12.2991 22.7047 4.2
    endloop
  endfacet
  facet normal 0 0 1
    outer loop
      vertex 11.8777 23.9663 4.2
      vertex 12.404 23.0332 4.2
      vertex 12.4529 23.1851 4.2
    endloop
  endfacet
  facet normal 0 0 1
    outer loop
      vertex 12.2991 22.7047 4.2
      vertex 11.8777 23.9663 4.2
      vertex 12.2358 22.5192 4.2
    endloop
  endfacet
  facet normal 0 0 1
    outer loop
      vertex 12.2358 22.5192 4.2
      vertex 11.8777 23.9663 4.2
      vertex 12.1653 22.3195 4.2
    endloop
  endfacet
  facet normal 0 0 1
    outer loop
      vertex 12.1653 22.3195 4.2
      vertex 11.8777 23.9663 4.2
      vertex 12.0875 22.1057 4.2
    endloop
  endfacet
  facet normal -0 0 1
    outer loop
      vertex 11.8777 23.9663 4.2
      vertex 12.4529 23.1851 4.2
      vertex 13.055 23.9663 4.2
    endloop
  endfacet
  facet normal 0 0 1
    outer loop
      vertex 12.0875 22.1057 4.2
      vertex 11.8777 23.9663 4.2
      vertex 12.0025 21.8777 4.2
    endloop
  endfacet
  facet normal 0 0 1
    outer loop
      vertex 11.8777 23.9663 4.2
      vertex 11.0261 19.366 4.2
      vertex 12.0025 21.8777 4.2
    endloop
  endfacet
  facet normal 0 0 1
    outer loop
      vertex 8.75839 16.3225 4.2
      vertex 11.0261 19.366 4.2
      vertex 11.8777 23.9663 4.2
    endloop
  endfacet
  facet normal 0 0 1
    outer loop
      vertex 11.0261 19.366 4.2
      vertex 8.75839 16.3225 4.2
      vertex 10.7114 18.5576 4.2
    endloop
  endfacet
  facet normal 0 0 1
    outer loop
      vertex 10.7114 18.5576 4.2
      vertex 8.75839 16.3225 4.2
      vertex 9.83255 16.3225 4.2
    endloop
  endfacet
  facet normal -0 0 1
    outer loop
      vertex 11.0261 19.366 4.2
      vertex 14.1942 18.5576 4.2
      vertex 13.885 19.366 4.2
    endloop
  endfacet
  facet normal 0 0 1
    outer loop
      vertex 14.1942 18.5576 4.2
      vertex 11.0261 19.366 4.2
      vertex 10.7114 18.5576 4.2
    endloop
  endfacet
  facet normal 0 0 1
    outer loop
      vertex 17.9217 23.9663 4.2
      vertex 16.8855 23.9663 4.2
      vertex 17.9217 17.1688 4.2
    endloop
  endfacet
  facet normal -0 0 1
    outer loop
      vertex 17.9217 17.1688 4.2
      vertex 21.7842 16.3225 4.2
      vertex 21.7842 17.1688 4.2
    endloop
  endfacet
  facet normal 0 0 1
    outer loop
      vertex 17.9217 17.1688 4.2
      vertex 16.8855 16.3225 4.2
      vertex 21.7842 16.3225 4.2
    endloop
  endfacet
  facet normal 0 0 1
    outer loop
      vertex 16.8855 16.3225 4.2
      vertex 17.9217 17.1688 4.2
      vertex 16.8855 23.9663 4.2
    endloop
  endfacet
  facet normal 0.999553 0.0298983 0
    outer loop
      vertex -20.175 21.4003 4.2
      vertex -20.2021 22.3063 3
      vertex -20.2021 22.3063 4.2
    endloop
  endfacet
  facet normal 0.999553 0.0298983 0
    outer loop
      vertex -20.2021 22.3063 3
      vertex -20.175 21.4003 4.2
      vertex -20.175 21.4003 3
    endloop
  endfacet
  facet normal 0.998676 0.0514332 0
    outer loop
      vertex -20.2021 22.3063 4.2
      vertex -20.2292 22.8325 3
      vertex -20.2292 22.8325 4.2
    endloop
  endfacet
  facet normal 0.998676 0.0514332 0
    outer loop
      vertex -20.2292 22.8325 3
      vertex -20.2021 22.3063 4.2
      vertex -20.2021 22.3063 3
    endloop
  endfacet
  facet normal -0.84673 -0.532022 0
    outer loop
      vertex -16.1388 16.3225 3
      vertex -20.2292 22.8325 4.2
      vertex -20.2292 22.8325 3
    endloop
  endfacet
  facet normal -0.84673 -0.532022 0
    outer loop
      vertex -20.2292 22.8325 4.2
      vertex -16.1388 16.3225 3
      vertex -16.1388 16.3225 4.2
    endloop
  endfacet
  facet normal 0 -1 0
    outer loop
      vertex -16.1388 16.3225 3
      vertex -14.8911 16.3225 4.2
      vertex -16.1388 16.3225 4.2
    endloop
  endfacet
  facet normal 0 -1 -0
    outer loop
      vertex -14.8911 16.3225 4.2
      vertex -16.1388 16.3225 3
      vertex -14.8911 16.3225 3
    endloop
  endfacet
  facet normal 1 -0 0
    outer loop
      vertex -14.8911 16.3225 4.2
      vertex -14.8911 23.9663 3
      vertex -14.8911 23.9663 4.2
    endloop
  endfacet
  facet normal 1 0 0
    outer loop
      vertex -14.8911 23.9663 3
      vertex -14.8911 16.3225 4.2
      vertex -14.8911 16.3225 3
    endloop
  endfacet
  facet normal 0 1 -0
    outer loop
      vertex -14.8911 23.9663 3
      vertex -15.8242 23.9663 4.2
      vertex -14.8911 23.9663 4.2
    endloop
  endfacet
  facet normal 0 1 0
    outer loop
      vertex -15.8242 23.9663 4.2
      vertex -14.8911 23.9663 3
      vertex -15.8242 23.9663 3
    endloop
  endfacet
  facet normal -1 0 0
    outer loop
      vertex -15.8242 18.9536 3
      vertex -15.8242 23.9663 4.2
      vertex -15.8242 23.9663 3
    endloop
  endfacet
  facet normal -1 -0 0
    outer loop
      vertex -15.8242 23.9663 4.2
      vertex -15.8242 18.9536 3
      vertex -15.8242 18.9536 4.2
    endloop
  endfacet
  facet normal -0.999947 -0.0102617 0
    outer loop
      vertex -15.8224 18.7782 3
      vertex -15.8242 18.9536 4.2
      vertex -15.8242 18.9536 3
    endloop
  endfacet
  facet normal -0.999947 -0.0102617 0
    outer loop
      vertex -15.8242 18.9536 4.2
      vertex -15.8224 18.7782 3
      vertex -15.8224 18.7782 4.2
    endloop
  endfacet
  facet normal -0.999663 -0.0259653 0
    outer loop
      vertex -15.817 18.5703 3
      vertex -15.8224 18.7782 4.2
      vertex -15.8224 18.7782 3
    endloop
  endfacet
  facet normal -0.999663 -0.0259653 0
    outer loop
      vertex -15.8224 18.7782 4.2
      vertex -15.817 18.5703 3
      vertex -15.817 18.5703 4.2
    endloop
  endfacet
  facet normal -0.999285 -0.0378108 0
    outer loop
      vertex -15.8079 18.3298 3
      vertex -15.817 18.5703 4.2
      vertex -15.817 18.5703 3
    endloop
  endfacet
  facet normal -0.999285 -0.0378108 0
    outer loop
      vertex -15.817 18.5703 4.2
      vertex -15.8079 18.3298 3
      vertex -15.8079 18.3298 4.2
    endloop
  endfacet
  facet normal -0.99892 -0.0464529 0
    outer loop
      vertex -15.7952 18.0567 3
      vertex -15.8079 18.3298 4.2
      vertex -15.8079 18.3298 3
    endloop
  endfacet
  facet normal -0.99892 -0.0464529 0
    outer loop
      vertex -15.8079 18.3298 4.2
      vertex -15.7952 18.0567 3
      vertex -15.7952 18.0567 4.2
    endloop
  endfacet
  facet normal -0.998598 -0.0529361 0
    outer loop
      vertex -15.779 17.7511 3
      vertex -15.7952 18.0567 4.2
      vertex -15.7952 18.0567 3
    endloop
  endfacet
  facet normal -0.998598 -0.0529361 0
    outer loop
      vertex -15.7952 18.0567 4.2
      vertex -15.779 17.7511 3
      vertex -15.779 17.7511 4.2
    endloop
  endfacet
  facet normal -0.998273 -0.0587393 0
    outer loop
      vertex -15.7591 17.4129 3
      vertex -15.779 17.7511 4.2
      vertex -15.779 17.7511 3
    endloop
  endfacet
  facet normal -0.998273 -0.0587393 0
    outer loop
      vertex -15.779 17.7511 4.2
      vertex -15.7591 17.4129 3
      vertex -15.7591 17.4129 4.2
    endloop
  endfacet
  facet normal 0.845791 0.533514 0
    outer loop
      vertex -15.7591 17.4129 4.2
      vertex -19.8929 23.9663 3
      vertex -19.8929 23.9663 4.2
    endloop
  endfacet
  facet normal 0.845791 0.533514 0
    outer loop
      vertex -19.8929 23.9663 3
      vertex -15.7591 17.4129 4.2
      vertex -15.7591 17.4129 3
    endloop
  endfacet
  facet normal 0 1 -0
    outer loop
      vertex -19.8929 23.9663 3
      vertex -21.0972 23.9663 4.2
      vertex -19.8929 23.9663 4.2
    endloop
  endfacet
  facet normal 0 1 0
    outer loop
      vertex -21.0972 23.9663 4.2
      vertex -19.8929 23.9663 3
      vertex -21.0972 23.9663 3
    endloop
  endfacet
  facet normal -1 0 0
    outer loop
      vertex -21.0972 16.3225 3
      vertex -21.0972 23.9663 4.2
      vertex -21.0972 23.9663 3
    endloop
  endfacet
  facet normal -1 -0 0
    outer loop
      vertex -21.0972 23.9663 4.2
      vertex -21.0972 16.3225 3
      vertex -21.0972 16.3225 4.2
    endloop
  endfacet
  facet normal 0 -1 0
    outer loop
      vertex -21.0972 16.3225 3
      vertex -20.175 16.3225 4.2
      vertex -21.0972 16.3225 4.2
    endloop
  endfacet
  facet normal 0 -1 -0
    outer loop
      vertex -20.175 16.3225 4.2
      vertex -21.0972 16.3225 3
      vertex -20.175 16.3225 3
    endloop
  endfacet
  facet normal 1 -0 0
    outer loop
      vertex -20.175 16.3225 4.2
      vertex -20.175 21.4003 3
      vertex -20.175 21.4003 4.2
    endloop
  endfacet
  facet normal 1 0 0
    outer loop
      vertex -20.175 21.4003 3
      vertex -20.175 16.3225 4.2
      vertex -20.175 16.3225 3
    endloop
  endfacet
  facet normal 0 1 -0
    outer loop
      vertex -7.23953 17.1688 3
      vertex -12.2251 17.1688 4.2
      vertex -7.23953 17.1688 4.2
    endloop
  endfacet
  facet normal 0 1 0
    outer loop
      vertex -12.2251 17.1688 4.2
      vertex -7.23953 17.1688 3
      vertex -12.2251 17.1688 3
    endloop
  endfacet
  facet normal 1 -0 0
    outer loop
      vertex -12.2251 17.1688 4.2
      vertex -12.2251 19.8325 3
      vertex -12.2251 19.8325 4.2
    endloop
  endfacet
  facet normal 1 0 0
    outer loop
      vertex -12.2251 19.8325 3
      vertex -12.2251 17.1688 4.2
      vertex -12.2251 17.1688 3
    endloop
  endfacet
  facet normal 0 -1 0
    outer loop
      vertex -12.2251 19.8325 3
      vertex -7.78745 19.8325 4.2
      vertex -12.2251 19.8325 4.2
    endloop
  endfacet
  facet normal 0 -1 -0
    outer loop
      vertex -7.78745 19.8325 4.2
      vertex -12.2251 19.8325 3
      vertex -7.78745 19.8325 3
    endloop
  endfacet
  facet normal 1 -0 0
    outer loop
      vertex -7.78745 19.8325 4.2
      vertex -7.78745 20.6679 3
      vertex -7.78745 20.6679 4.2
    endloop
  endfacet
  facet normal 1 0 0
    outer loop
      vertex -7.78745 20.6679 3
      vertex -7.78745 19.8325 4.2
      vertex -7.78745 19.8325 3
    endloop
  endfacet
  facet normal 0 1 -0
    outer loop
      vertex -7.78745 20.6679 3
      vertex -12.2251 20.6679 4.2
      vertex -7.78745 20.6679 4.2
    endloop
  endfacet
  facet normal 0 1 0
    outer loop
      vertex -12.2251 20.6679 4.2
      vertex -7.78745 20.6679 3
      vertex -12.2251 20.6679 3
    endloop
  endfacet
  facet normal 1 -0 0
    outer loop
      vertex -12.2251 20.6679 4.2
      vertex -12.2251 23.12 3
      vertex -12.2251 23.12 4.2
    endloop
  endfacet
  facet normal 1 0 0
    outer loop
      vertex -12.2251 23.12 3
      vertex -12.2251 20.6679 4.2
      vertex -12.2251 20.6679 3
    endloop
  endfacet
  facet normal 0 -1 0
    outer loop
      vertex -12.2251 23.12 3
      vertex -7.46193 23.12 4.2
      vertex -12.2251 23.12 4.2
    endloop
  endfacet
  facet normal 0 -1 -0
    outer loop
      vertex -7.46193 23.12 4.2
      vertex -12.2251 23.12 3
      vertex -7.46193 23.12 3
    endloop
  endfacet
  facet normal 1 -0 0
    outer loop
      vertex -7.46193 23.12 4.2
      vertex -7.46193 23.9663 3
      vertex -7.46193 23.9663 4.2
    endloop
  endfacet
  facet normal 1 0 0
    outer loop
      vertex -7.46193 23.9663 3
      vertex -7.46193 23.12 4.2
      vertex -7.46193 23.12 3
    endloop
  endfacet
  facet normal 0 1 -0
    outer loop
      vertex -7.46193 23.9663 3
      vertex -13.2612 23.9663 4.2
      vertex -7.46193 23.9663 4.2
    endloop
  endfacet
  facet normal 0 1 0
    outer loop
      vertex -13.2612 23.9663 4.2
      vertex -7.46193 23.9663 3
      vertex -13.2612 23.9663 3
    endloop
  endfacet
  facet normal -1 0 0
    outer loop
      vertex -13.2612 16.3225 3
      vertex -13.2612 23.9663 4.2
      vertex -13.2612 23.9663 3
    endloop
  endfacet
  facet normal -1 -0 0
    outer loop
      vertex -13.2612 23.9663 4.2
      vertex -13.2612 16.3225 3
      vertex -13.2612 16.3225 4.2
    endloop
  endfacet
  facet normal 0 -1 0
    outer loop
      vertex -13.2612 16.3225 3
      vertex -7.23953 16.3225 4.2
      vertex -13.2612 16.3225 4.2
    endloop
  endfacet
  facet normal 0 -1 -0
    outer loop
      vertex -7.23953 16.3225 4.2
      vertex -13.2612 16.3225 3
      vertex -7.23953 16.3225 3
    endloop
  endfacet
  facet normal 1 -0 0
    outer loop
      vertex -7.23953 16.3225 4.2
      vertex -7.23953 17.1688 3
      vertex -7.23953 17.1688 4.2
    endloop
  endfacet
  facet normal 1 0 0
    outer loop
      vertex -7.23953 17.1688 3
      vertex -7.23953 16.3225 4.2
      vertex -7.23953 16.3225 3
    endloop
  endfacet
  facet normal 0.0969038 -0.995294 0
    outer loop
      vertex -2.65129 16.2239 3
      vertex -2.34727 16.2535 4.2
      vertex -2.65129 16.2239 4.2
    endloop
  endfacet
  facet normal 0.0969038 -0.995294 0
    outer loop
      vertex -2.34727 16.2535 4.2
      vertex -2.65129 16.2239 3
      vertex -2.34727 16.2535 3
    endloop
  endfacet
  facet normal 0.167764 -0.985827 0
    outer loop
      vertex -2.34727 16.2535 3
      vertex -2.05757 16.3028 4.2
      vertex -2.34727 16.2535 4.2
    endloop
  endfacet
  facet normal 0.167764 -0.985827 0
    outer loop
      vertex -2.05757 16.3028 4.2
      vertex -2.34727 16.2535 3
      vertex -2.05757 16.3028 3
    endloop
  endfacet
  facet normal 0.243373 -0.969933 0
    outer loop
      vertex -2.05757 16.3028 3
      vertex -1.78218 16.3719 4.2
      vertex -2.05757 16.3028 4.2
    endloop
  endfacet
  facet normal 0.243373 -0.969933 0
    outer loop
      vertex -1.78218 16.3719 4.2
      vertex -2.05757 16.3028 3
      vertex -1.78218 16.3719 3
    endloop
  endfacet
  facet normal 0.322334 -0.946626 0
    outer loop
      vertex -1.78218 16.3719 3
      vertex -1.5211 16.4608 4.2
      vertex -1.78218 16.3719 4.2
    endloop
  endfacet
  facet normal 0.322334 -0.946626 0
    outer loop
      vertex -1.5211 16.4608 4.2
      vertex -1.78218 16.3719 3
      vertex -1.5211 16.4608 3
    endloop
  endfacet
  facet normal 0.402507 -0.915417 0
    outer loop
      vertex -1.5211 16.4608 3
      vertex -1.27434 16.5693 4.2
      vertex -1.5211 16.4608 4.2
    endloop
  endfacet
  facet normal 0.402507 -0.915417 0
    outer loop
      vertex -1.27434 16.5693 4.2
      vertex -1.5211 16.4608 3
      vertex -1.27434 16.5693 3
    endloop
  endfacet
  facet normal 0.48332 -0.875444 0
    outer loop
      vertex -1.27434 16.5693 3
      vertex -1.04376 16.6966 4.2
      vertex -1.27434 16.5693 4.2
    endloop
  endfacet
  facet normal 0.48332 -0.875444 0
    outer loop
      vertex -1.04376 16.6966 4.2
      vertex -1.27434 16.5693 3
      vertex -1.04376 16.6966 3
    endloop
  endfacet
  facet normal 0.563387 -0.826193 0
    outer loop
      vertex -1.04376 16.6966 3
      vertex -0.831268 16.8415 4.2
      vertex -1.04376 16.6966 4.2
    endloop
  endfacet
  facet normal 0.563387 -0.826193 0
    outer loop
      vertex -0.831268 16.8415 4.2
      vertex -1.04376 16.6966 3
      vertex -0.831268 16.8415 3
    endloop
  endfacet
  facet normal 0.641354 -0.767245 0
    outer loop
      vertex -0.831268 16.8415 3
      vertex -0.636871 17.004 4.2
      vertex -0.831268 16.8415 4.2
    endloop
  endfacet
  facet normal 0.641354 -0.767245 0
    outer loop
      vertex -0.636871 17.004 4.2
      vertex -0.831268 16.8415 3
      vertex -0.636871 17.004 3
    endloop
  endfacet
  facet normal 0.71477 -0.69936 0
    outer loop
      vertex -0.636871 17.004 4.2
      vertex -0.460556 17.1842 3
      vertex -0.460556 17.1842 4.2
    endloop
  endfacet
  facet normal 0.71477 -0.69936 0
    outer loop
      vertex -0.460556 17.1842 3
      vertex -0.636871 17.004 4.2
      vertex -0.636871 17.004 3
    endloop
  endfacet
  facet normal 0.78088 -0.624681 0
    outer loop
      vertex -0.460556 17.1842 4.2
      vertex -0.302322 17.382 3
      vertex -0.302322 17.382 4.2
    endloop
  endfacet
  facet normal 0.78088 -0.624681 0
    outer loop
      vertex -0.302322 17.382 3
      vertex -0.460556 17.1842 4.2
      vertex -0.460556 17.1842 3
    endloop
  endfacet
  facet normal 0.838219 -0.545333 0
    outer loop
      vertex -0.302322 17.382 4.2
      vertex -0.162186 17.5974 3
      vertex -0.162186 17.5974 4.2
    endloop
  endfacet
  facet normal 0.838219 -0.545333 0
    outer loop
      vertex -0.162186 17.5974 3
      vertex -0.302322 17.382 4.2
      vertex -0.302322 17.382 3
    endloop
  endfacet
  facet normal 0.887394 -0.461012 0
    outer loop
      vertex -0.162186 17.5974 4.2
      vertex -0.0420227 17.8287 3
      vertex -0.0420227 17.8287 4.2
    endloop
  endfacet
  facet normal 0.887394 -0.461012 0
    outer loop
      vertex -0.0420227 17.8287 3
      vertex -0.162186 17.5974 4.2
      vertex -0.162186 17.5974 3
    endloop
  endfacet
  facet normal 0.92833 -0.371757 0
    outer loop
      vertex -0.0420227 17.8287 4.2
      vertex 0.0562897 18.0742 3
      vertex 0.0562897 18.0742 4.2
    endloop
  endfacet
  facet normal 0.92833 -0.371757 0
    outer loop
      vertex 0.0562897 18.0742 3
      vertex -0.0420227 17.8287 4.2
      vertex -0.0420227 17.8287 3
    endloop
  endfacet
  facet normal 0.959241 -0.282589 0
    outer loop
      vertex 0.0562897 18.0742 4.2
      vertex 0.132767 18.3338 3
      vertex 0.132767 18.3338 4.2
    endloop
  endfacet
  facet normal 0.959241 -0.282589 0
    outer loop
      vertex 0.132767 18.3338 3
      vertex 0.0562897 18.0742 4.2
      vertex 0.0562897 18.0742 3
    endloop
  endfacet
  facet normal 0.980697 -0.195534 0
    outer loop
      vertex 0.132767 18.3338 4.2
      vertex 0.187378 18.6077 3
      vertex 0.187378 18.6077 4.2
    endloop
  endfacet
  facet normal 0.980697 -0.195534 0
    outer loop
      vertex 0.187378 18.6077 3
      vertex 0.132767 18.3338 4.2
      vertex 0.132767 18.3338 3
    endloop
  endfacet
  facet normal 0.993582 -0.113114 0
    outer loop
      vertex 0.187378 18.6077 4.2
      vertex 0.220154 18.8956 3
      vertex 0.220154 18.8956 4.2
    endloop
  endfacet
  facet normal 0.993582 -0.113114 0
    outer loop
      vertex 0.220154 18.8956 3
      vertex 0.187378 18.6077 4.2
      vertex 0.187378 18.6077 3
    endloop
  endfacet
  facet normal 0.999347 -0.036128 0
    outer loop
      vertex 0.220154 18.8956 4.2
      vertex 0.231079 19.1978 3
      vertex 0.231079 19.1978 4.2
    endloop
  endfacet
  facet normal 0.999347 -0.036128 0
    outer loop
      vertex 0.231079 19.1978 3
      vertex 0.220154 18.8956 4.2
      vertex 0.220154 18.8956 3
    endloop
  endfacet
  facet normal 1 -0 0
    outer loop
      vertex 0.231079 19.1978 4.2
      vertex 0.231079 23.9663 3
      vertex 0.231079 23.9663 4.2
    endloop
  endfacet
  facet normal 1 0 0
    outer loop
      vertex 0.231079 23.9663 3
      vertex 0.231079 19.1978 4.2
      vertex 0.231079 19.1978 3
    endloop
  endfacet
  facet normal 0 1 -0
    outer loop
      vertex 0.231079 23.9663 3
      vertex -0.799622 23.9663 4.2
      vertex 0.231079 23.9663 4.2
    endloop
  endfacet
  facet normal 0 1 0
    outer loop
      vertex -0.799622 23.9663 4.2
      vertex 0.231079 23.9663 3
      vertex -0.799622 23.9663 3
    endloop
  endfacet
  facet normal -1 0 0
    outer loop
      vertex -0.799622 19.2575 3
      vertex -0.799622 23.9663 4.2
      vertex -0.799622 23.9663 3
    endloop
  endfacet
  facet normal -1 -0 0
    outer loop
      vertex -0.799622 23.9663 4.2
      vertex -0.799622 19.2575 3
      vertex -0.799622 19.2575 4.2
    endloop
  endfacet
  facet normal -0.998943 0.0459687 0
    outer loop
      vertex -0.815521 18.912 3
      vertex -0.799622 19.2575 4.2
      vertex -0.799622 19.2575 3
    endloop
  endfacet
  facet normal -0.998943 0.0459687 0
    outer loop
      vertex -0.799622 19.2575 4.2
      vertex -0.815521 18.912 3
      vertex -0.815521 18.912 4.2
    endloop
  endfacet
  facet normal -0.988847 0.148933 0
    outer loop
      vertex -0.86322 18.5953 3
      vertex -0.815521 18.912 4.2
      vertex -0.815521 18.912 3
    endloop
  endfacet
  facet normal -0.988847 0.148933 0
    outer loop
      vertex -0.815521 18.912 4.2
      vertex -0.86322 18.5953 3
      vertex -0.86322 18.5953 4.2
    endloop
  endfacet
  facet normal -0.963939 0.266123 0
    outer loop
      vertex -0.942703 18.3074 3
      vertex -0.86322 18.5953 4.2
      vertex -0.86322 18.5953 3
    endloop
  endfacet
  facet normal -0.963939 0.266123 0
    outer loop
      vertex -0.86322 18.5953 4.2
      vertex -0.942703 18.3074 3
      vertex -0.942703 18.3074 4.2
    endloop
  endfacet
  facet normal -0.918831 0.394651 0
    outer loop
      vertex -1.05399 18.0483 3
      vertex -0.942703 18.3074 4.2
      vertex -0.942703 18.3074 3
    endloop
  endfacet
  facet normal -0.918831 0.394651 0
    outer loop
      vertex -0.942703 18.3074 4.2
      vertex -1.05399 18.0483 3
      vertex -1.05399 18.0483 4.2
    endloop
  endfacet
  facet normal -0.849519 0.527557 0
    outer loop
      vertex -1.19707 17.8179 3
      vertex -1.05399 18.0483 4.2
      vertex -1.05399 18.0483 3
    endloop
  endfacet
  facet normal -0.849519 0.527557 0
    outer loop
      vertex -1.05399 18.0483 4.2
      vertex -1.19707 17.8179 3
      vertex -1.19707 17.8179 4.2
    endloop
  endfacet
  facet normal -0.755392 0.655273 0
    outer loop
      vertex -1.37195 17.6163 3
      vertex -1.19707 17.8179 4.2
      vertex -1.19707 17.8179 3
    endloop
  endfacet
  facet normal -0.755392 0.655273 0
    outer loop
      vertex -1.19707 17.8179 4.2
      vertex -1.37195 17.6163 3
      vertex -1.37195 17.6163 4.2
    endloop
  endfacet
  facet normal -0.644425 0.764668 0
    outer loop
      vertex -1.37195 17.6163 3
      vertex -1.57545 17.4448 4.2
      vertex -1.37195 17.6163 4.2
    endloop
  endfacet
  facet normal -0.644425 0.764668 0
    outer loop
      vertex -1.57545 17.4448 4.2
      vertex -1.37195 17.6163 3
      vertex -1.57545 17.4448 3
    endloop
  endfacet
  facet normal -0.522717 0.852506 0
    outer loop
      vertex -1.57545 17.4448 3
      vertex -1.80443 17.3044 4.2
      vertex -1.57545 17.4448 4.2
    endloop
  endfacet
  facet normal -0.522717 0.852506 0
    outer loop
      vertex -1.80443 17.3044 4.2
      vertex -1.57545 17.4448 3
      vertex -1.80443 17.3044 3
    endloop
  endfacet
  facet normal -0.394072 0.91908 0
    outer loop
      vertex -1.80443 17.3044 3
      vertex -2.05888 17.1953 4.2
      vertex -1.80443 17.3044 4.2
    endloop
  endfacet
  facet normal -0.394072 0.91908 0
    outer loop
      vertex -2.05888 17.1953 4.2
      vertex -1.80443 17.3044 3
      vertex -2.05888 17.1953 3
    endloop
  endfacet
  facet normal -0.268416 0.963303 0
    outer loop
      vertex -2.05888 17.1953 3
      vertex -2.33881 17.1173 4.2
      vertex -2.05888 17.1953 4.2
    endloop
  endfacet
  facet normal -0.268416 0.963303 0
    outer loop
      vertex -2.33881 17.1173 4.2
      vertex -2.05888 17.1953 3
      vertex -2.33881 17.1173 3
    endloop
  endfacet
  facet normal -0.151478 0.988461 0
    outer loop
      vertex -2.33881 17.1173 3
      vertex -2.6442 17.0705 4.2
      vertex -2.33881 17.1173 4.2
    endloop
  endfacet
  facet normal -0.151478 0.988461 0
    outer loop
      vertex -2.6442 17.0705 4.2
      vertex -2.33881 17.1173 3
      vertex -2.6442 17.0705 3
    endloop
  endfacet
  facet normal -0.0470961 0.99889 0
    outer loop
      vertex -2.6442 17.0705 3
      vertex -2.97507 17.0549 4.2
      vertex -2.6442 17.0705 4.2
    endloop
  endfacet
  facet normal -0.0470961 0.99889 0
    outer loop
      vertex -2.97507 17.0549 4.2
      vertex -2.6442 17.0705 3
      vertex -2.97507 17.0549 3
    endloop
  endfacet
  facet normal 0.0469273 0.998898 -0
    outer loop
      vertex -2.97507 17.0549 3
      vertex -3.29649 17.07 4.2
      vertex -2.97507 17.0549 4.2
    endloop
  endfacet
  facet normal 0.0469273 0.998898 0
    outer loop
      vertex -3.29649 17.07 4.2
      vertex -2.97507 17.0549 3
      vertex -3.29649 17.07 3
    endloop
  endfacet
  facet normal 0.151353 0.98848 -0
    outer loop
      vertex -3.29649 17.07 3
      vertex -3.59169 17.1152 4.2
      vertex -3.29649 17.07 4.2
    endloop
  endfacet
  facet normal 0.151353 0.98848 0
    outer loop
      vertex -3.59169 17.1152 4.2
      vertex -3.29649 17.07 3
      vertex -3.59169 17.1152 3
    endloop
  endfacet
  facet normal 0.269564 0.962983 -0
    outer loop
      vertex -3.59169 17.1152 3
      vertex -3.86069 17.1905 4.2
      vertex -3.59169 17.1152 4.2
    endloop
  endfacet
  facet normal 0.269564 0.962983 0
    outer loop
      vertex -3.86069 17.1905 4.2
      vertex -3.59169 17.1152 3
      vertex -3.86069 17.1905 3
    endloop
  endfacet
  facet normal 0.398574 0.917136 -0
    outer loop
      vertex -3.86069 17.1905 3
      vertex -4.10345 17.296 4.2
      vertex -3.86069 17.1905 4.2
    endloop
  endfacet
  facet normal 0.398574 0.917136 0
    outer loop
      vertex -4.10345 17.296 4.2
      vertex -3.86069 17.1905 3
      vertex -4.10345 17.296 3
    endloop
  endfacet
  facet normal 0.530702 0.847558 -0
    outer loop
      vertex -4.10345 17.296 3
      vertex -4.32001 17.4316 4.2
      vertex -4.10345 17.296 4.2
    endloop
  endfacet
  facet normal 0.530702 0.847558 0
    outer loop
      vertex -4.32001 17.4316 4.2
      vertex -4.10345 17.296 3
      vertex -4.32001 17.4316 3
    endloop
  endfacet
  facet normal 0.656826 0.754042 -0
    outer loop
      vertex -4.32001 17.4316 3
      vertex -4.51035 17.5974 4.2
      vertex -4.32001 17.4316 4.2
    endloop
  endfacet
  facet normal 0.656826 0.754042 0
    outer loop
      vertex -4.51035 17.5974 4.2
      vertex -4.32001 17.4316 3
      vertex -4.51035 17.5974 3
    endloop
  endfacet
  facet normal 0.768034 0.640409 0
    outer loop
      vertex -4.51035 17.5974 4.2
      vertex -4.67278 17.7922 3
      vertex -4.67278 17.7922 4.2
    endloop
  endfacet
  facet normal 0.768034 0.640409 0
    outer loop
      vertex -4.67278 17.7922 3
      vertex -4.51035 17.5974 4.2
      vertex -4.51035 17.5974 3
    endloop
  endfacet
  facet normal 0.858918 0.512114 0
    outer loop
      vertex -4.67278 17.7922 4.2
      vertex -4.80568 18.0151 3
      vertex -4.80568 18.0151 4.2
    endloop
  endfacet
  facet normal 0.858918 0.512114 0
    outer loop
      vertex -4.80568 18.0151 3
      vertex -4.67278 17.7922 4.2
      vertex -4.67278 17.7922 3
    endloop
  endfacet
  facet normal 0.924616 0.380902 0
    outer loop
      vertex -4.80568 18.0151 4.2
      vertex -4.90904 18.266 3
      vertex -4.90904 18.266 4.2
    endloop
  endfacet
  facet normal 0.924616 0.380902 0
    outer loop
      vertex -4.90904 18.266 3
      vertex -4.80568 18.0151 4.2
      vertex -4.80568 18.0151 3
    endloop
  endfacet
  facet normal 0.966694 0.255936 0
    outer loop
      vertex -4.90904 18.266 4.2
      vertex -4.98288 18.5449 3
      vertex -4.98288 18.5449 4.2
    endloop
  endfacet
  facet normal 0.966694 0.255936 0
    outer loop
      vertex -4.98288 18.5449 3
      vertex -4.90904 18.266 4.2
      vertex -4.90904 18.266 3
    endloop
  endfacet
  facet normal 0.989749 0.14282 0
    outer loop
      vertex -4.98288 18.5449 4.2
      vertex -5.02718 18.8519 3
      vertex -5.02718 18.8519 4.2
    endloop
  endfacet
  facet normal 0.989749 0.14282 0
    outer loop
      vertex -5.02718 18.8519 3
      vertex -4.98288 18.5449 4.2
      vertex -4.98288 18.5449 3
    endloop
  endfacet
  facet normal 0.999029 0.0440468 0
    outer loop
      vertex -5.02718 18.8519 4.2
      vertex -5.04195 19.1869 3
      vertex -5.04195 19.1869 4.2
    endloop
  endfacet
  facet normal 0.999029 0.0440468 0
    outer loop
      vertex -5.04195 19.1869 3
      vertex -5.02718 18.8519 4.2
      vertex -5.02718 18.8519 3
    endloop
  endfacet
  facet normal 1 -0 0
    outer loop
      vertex -5.04195 19.1869 4.2
      vertex -5.04195 23.9663 3
      vertex -5.04195 23.9663 4.2
    endloop
  endfacet
  facet normal 1 0 0
    outer loop
      vertex -5.04195 23.9663 3
      vertex -5.04195 19.1869 4.2
      vertex -5.04195 19.1869 3
    endloop
  endfacet
  facet normal 0 1 -0
    outer loop
      vertex -5.04195 23.9663 3
      vertex -6.07819 23.9663 4.2
      vertex -5.04195 23.9663 4.2
    endloop
  endfacet
  facet normal 0 1 0
    outer loop
      vertex -6.07819 23.9663 4.2
      vertex -5.04195 23.9663 3
      vertex -6.07819 23.9663 3
    endloop
  endfacet
  facet normal -1 0 0
    outer loop
      vertex -6.07819 19.1001 3
      vertex -6.07819 23.9663 4.2
      vertex -6.07819 23.9663 3
    endloop
  endfacet
  facet normal -1 -0 0
    outer loop
      vertex -6.07819 23.9663 4.2
      vertex -6.07819 19.1001 3
      vertex -6.07819 19.1001 4.2
    endloop
  endfacet
  facet normal -0.999335 -0.0364696 0
    outer loop
      vertex -6.06749 18.8069 3
      vertex -6.07819 19.1001 4.2
      vertex -6.07819 19.1001 3
    endloop
  endfacet
  facet normal -0.999335 -0.0364696 0
    outer loop
      vertex -6.07819 19.1001 4.2
      vertex -6.06749 18.8069 3
      vertex -6.06749 18.8069 4.2
    endloop
  endfacet
  facet normal -0.993465 -0.114138 0
    outer loop
      vertex -6.03539 18.5275 3
      vertex -6.06749 18.8069 4.2
      vertex -6.06749 18.8069 3
    endloop
  endfacet
  facet normal -0.993465 -0.114138 0
    outer loop
      vertex -6.06749 18.8069 4.2
      vertex -6.03539 18.5275 3
      vertex -6.03539 18.5275 4.2
    endloop
  endfacet
  facet normal -0.98031 -0.197465 0
    outer loop
      vertex -5.98189 18.2619 3
      vertex -6.03539 18.5275 4.2
      vertex -6.03539 18.5275 3
    endloop
  endfacet
  facet normal -0.98031 -0.197465 0
    outer loop
      vertex -6.03539 18.5275 4.2
      vertex -5.98189 18.2619 3
      vertex -5.98189 18.2619 4.2
    endloop
  endfacet
  facet normal -0.958422 -0.285355 0
    outer loop
      vertex -5.90698 18.0103 3
      vertex -5.98189 18.2619 4.2
      vertex -5.98189 18.2619 3
    endloop
  endfacet
  facet normal -0.958422 -0.285355 0
    outer loop
      vertex -5.98189 18.2619 4.2
      vertex -5.90698 18.0103 3
      vertex -5.90698 18.0103 4.2
    endloop
  endfacet
  facet normal -0.926937 -0.375217 0
    outer loop
      vertex -5.81068 17.7724 3
      vertex -5.90698 18.0103 4.2
      vertex -5.90698 18.0103 3
    endloop
  endfacet
  facet normal -0.926937 -0.375217 0
    outer loop
      vertex -5.90698 18.0103 4.2
      vertex -5.81068 17.7724 3
      vertex -5.81068 17.7724 4.2
    endloop
  endfacet
  facet normal -0.88515 -0.465306 0
    outer loop
      vertex -5.69298 17.5485 3
      vertex -5.81068 17.7724 4.2
      vertex -5.81068 17.7724 3
    endloop
  endfacet
  facet normal -0.88515 -0.465306 0
    outer loop
      vertex -5.81068 17.7724 4.2
      vertex -5.69298 17.5485 3
      vertex -5.69298 17.5485 4.2
    endloop
  endfacet
  facet normal -0.835372 -0.549686 0
    outer loop
      vertex -5.55585 17.3401 3
      vertex -5.69298 17.5485 4.2
      vertex -5.69298 17.5485 3
    endloop
  endfacet
  facet normal -0.835372 -0.549686 0
    outer loop
      vertex -5.69298 17.5485 4.2
      vertex -5.55585 17.3401 3
      vertex -5.55585 17.3401 4.2
    endloop
  endfacet
  facet normal -0.777565 -0.628803 0
    outer loop
      vertex -5.40123 17.1489 3
      vertex -5.55585 17.3401 4.2
      vertex -5.55585 17.3401 3
    endloop
  endfacet
  facet normal -0.777565 -0.628803 0
    outer loop
      vertex -5.55585 17.3401 4.2
      vertex -5.40123 17.1489 3
      vertex -5.40123 17.1489 4.2
    endloop
  endfacet
  facet normal -0.710998 -0.703194 0
    outer loop
      vertex -5.22914 16.9749 3
      vertex -5.40123 17.1489 4.2
      vertex -5.40123 17.1489 3
    endloop
  endfacet
  facet normal -0.710998 -0.703194 0
    outer loop
      vertex -5.40123 17.1489 4.2
      vertex -5.22914 16.9749 3
      vertex -5.22914 16.9749 4.2
    endloop
  endfacet
  facet normal -0.637623 -0.770349 0
    outer loop
      vertex -5.22914 16.9749 3
      vertex -5.03958 16.818 4.2
      vertex -5.22914 16.9749 4.2
    endloop
  endfacet
  facet normal -0.637623 -0.770349 -0
    outer loop
      vertex -5.03958 16.818 4.2
      vertex -5.22914 16.9749 3
      vertex -5.03958 16.818 3
    endloop
  endfacet
  facet normal -0.559311 -0.828958 0
    outer loop
      vertex -5.03958 16.818 3
      vertex -4.83253 16.6783 4.2
      vertex -5.03958 16.818 4.2
    endloop
  endfacet
  facet normal -0.559311 -0.828958 -0
    outer loop
      vertex -4.83253 16.6783 4.2
      vertex -5.03958 16.818 3
      vertex -4.83253 16.6783 3
    endloop
  endfacet
  facet normal -0.478989 -0.877821 0
    outer loop
      vertex -4.83253 16.6783 3
      vertex -4.60803 16.5558 4.2
      vertex -4.83253 16.6783 4.2
    endloop
  endfacet
  facet normal -0.478989 -0.877821 -0
    outer loop
      vertex -4.60803 16.5558 4.2
      vertex -4.83253 16.6783 3
      vertex -4.60803 16.5558 3
    endloop
  endfacet
  facet normal -0.39902 -0.916942 0
    outer loop
      vertex -4.60803 16.5558 3
      vertex -4.36812 16.4514 4.2
      vertex -4.60803 16.5558 4.2
    endloop
  endfacet
  facet normal -0.39902 -0.916942 -0
    outer loop
      vertex -4.36812 16.4514 4.2
      vertex -4.60803 16.5558 3
      vertex -4.36812 16.4514 3
    endloop
  endfacet
  facet normal -0.319952 -0.947434 0
    outer loop
      vertex -4.36812 16.4514 3
      vertex -4.11494 16.3659 4.2
      vertex -4.36812 16.4514 4.2
    endloop
  endfacet
  facet normal -0.319952 -0.947434 -0
    outer loop
      vertex -4.11494 16.3659 4.2
      vertex -4.36812 16.4514 3
      vertex -4.11494 16.3659 3
    endloop
  endfacet
  facet normal -0.241824 -0.97032 0
    outer loop
      vertex -4.11494 16.3659 3
      vertex -3.84851 16.2995 4.2
      vertex -4.11494 16.3659 4.2
    endloop
  endfacet
  facet normal -0.241824 -0.97032 -0
    outer loop
      vertex -3.84851 16.2995 4.2
      vertex -4.11494 16.3659 3
      vertex -3.84851 16.2995 3
    endloop
  endfacet
  facet normal -0.167422 -0.985885 0
    outer loop
      vertex -3.84851 16.2995 3
      vertex -3.5688 16.252 4.2
      vertex -3.84851 16.2995 4.2
    endloop
  endfacet
  facet normal -0.167422 -0.985885 -0
    outer loop
      vertex -3.5688 16.252 4.2
      vertex -3.84851 16.2995 3
      vertex -3.5688 16.252 3
    endloop
  endfacet
  facet normal -0.0968291 -0.995301 0
    outer loop
      vertex -3.5688 16.252 3
      vertex -3.27585 16.2235 4.2
      vertex -3.5688 16.252 4.2
    endloop
  endfacet
  facet normal -0.0968291 -0.995301 -0
    outer loop
      vertex -3.27585 16.2235 4.2
      vertex -3.5688 16.252 3
      vertex -3.27585 16.2235 3
    endloop
  endfacet
  facet normal -0.0310075 -0.999519 0
    outer loop
      vertex -3.27585 16.2235 3
      vertex -2.96962 16.214 4.2
      vertex -3.27585 16.2235 4.2
    endloop
  endfacet
  facet normal -0.0310075 -0.999519 -0
    outer loop
      vertex -2.96962 16.214 4.2
      vertex -3.27585 16.2235 3
      vertex -2.96962 16.214 3
    endloop
  endfacet
  facet normal 0.0310848 -0.999517 0
    outer loop
      vertex -2.96962 16.214 3
      vertex -2.65129 16.2239 4.2
      vertex -2.96962 16.214 4.2
    endloop
  endfacet
  facet normal 0.0310848 -0.999517 0
    outer loop
      vertex -2.65129 16.2239 4.2
      vertex -2.96962 16.214 3
      vertex -2.65129 16.2239 3
    endloop
  endfacet
  facet normal 0 -1 0
    outer loop
      vertex 2.8483 19.4961 3
      vertex 5.22981 19.4961 4.2
      vertex 2.8483 19.4961 4.2
    endloop
  endfacet
  facet normal 0 -1 -0
    outer loop
      vertex 5.22981 19.4961 4.2
      vertex 2.8483 19.4961 3
      vertex 5.22981 19.4961 3
    endloop
  endfacet
  facet normal -0.847746 -0.530402 0
    outer loop
      vertex 7.21541 16.3225 3
      vertex 5.22981 19.4961 4.2
      vertex 5.22981 19.4961 3
    endloop
  endfacet
  facet normal -0.847746 -0.530402 0
    outer loop
      vertex 5.22981 19.4961 4.2
      vertex 7.21541 16.3225 3
      vertex 7.21541 16.3225 4.2
    endloop
  endfacet
  facet normal 0 -1 0
    outer loop
      vertex 7.21541 16.3225 3
      vertex 8.40894 16.3225 4.2
      vertex 7.21541 16.3225 4.2
    endloop
  endfacet
  facet normal 0 -1 -0
    outer loop
      vertex 8.40894 16.3225 4.2
      vertex 7.21541 16.3225 3
      vertex 8.40894 16.3225 3
    endloop
  endfacet
  facet normal 0.835003 0.550245 0
    outer loop
      vertex 8.40894 16.3225 4.2
      vertex 6.23894 19.6155 3
      vertex 6.23894 19.6155 4.2
    endloop
  endfacet
  facet normal 0.835003 0.550245 0
    outer loop
      vertex 6.23894 19.6155 3
      vertex 8.40894 16.3225 4.2
      vertex 8.40894 16.3225 3
    endloop
  endfacet
  facet normal 0.21738 -0.976087 0
    outer loop
      vertex 6.23894 19.6155 3
      vertex 6.51958 19.678 4.2
      vertex 6.23894 19.6155 4.2
    endloop
  endfacet
  facet normal 0.21738 -0.976087 0
    outer loop
      vertex 6.51958 19.678 4.2
      vertex 6.23894 19.6155 3
      vertex 6.51958 19.678 3
    endloop
  endfacet
  facet normal 0.315658 -0.948873 0
    outer loop
      vertex 6.51958 19.678 3
      vertex 6.7793 19.7644 4.2
      vertex 6.51958 19.678 4.2
    endloop
  endfacet
  facet normal 0.315658 -0.948873 0
    outer loop
      vertex 6.7793 19.7644 4.2
      vertex 6.51958 19.678 3
      vertex 6.7793 19.7644 3
    endloop
  endfacet
  facet normal 0.418769 -0.908093 0
    outer loop
      vertex 6.7793 19.7644 3
      vertex 7.01805 19.8745 4.2
      vertex 6.7793 19.7644 4.2
    endloop
  endfacet
  facet normal 0.418769 -0.908093 0
    outer loop
      vertex 7.01805 19.8745 4.2
      vertex 6.7793 19.7644 3
      vertex 7.01805 19.8745 3
    endloop
  endfacet
  facet normal 0.523975 -0.851733 0
    outer loop
      vertex 7.01805 19.8745 3
      vertex 7.23587 20.0085 4.2
      vertex 7.01805 19.8745 4.2
    endloop
  endfacet
  facet normal 0.523975 -0.851733 0
    outer loop
      vertex 7.23587 20.0085 4.2
      vertex 7.01805 19.8745 3
      vertex 7.23587 20.0085 3
    endloop
  endfacet
  facet normal 0.62541 -0.780296 0
    outer loop
      vertex 7.23587 20.0085 3
      vertex 7.43275 20.1663 4.2
      vertex 7.23587 20.0085 4.2
    endloop
  endfacet
  facet normal 0.62541 -0.780296 0
    outer loop
      vertex 7.43275 20.1663 4.2
      vertex 7.23587 20.0085 3
      vertex 7.43275 20.1663 3
    endloop
  endfacet
  facet normal 0.718211 -0.695826 0
    outer loop
      vertex 7.43275 20.1663 4.2
      vertex 7.60869 20.3479 3
      vertex 7.60869 20.3479 4.2
    endloop
  endfacet
  facet normal 0.718211 -0.695826 0
    outer loop
      vertex 7.60869 20.3479 3
      vertex 7.43275 20.1663 4.2
      vertex 7.43275 20.1663 3
    endloop
  endfacet
  facet normal 0.798205 -0.602386 0
    outer loop
      vertex 7.60869 20.3479 4.2
      vertex 7.76038 20.5489 3
      vertex 7.76038 20.5489 4.2
    endloop
  endfacet
  facet normal 0.798205 -0.602386 0
    outer loop
      vertex 7.76038 20.5489 3
      vertex 7.60869 20.3479 4.2
      vertex 7.60869 20.3479 3
    endloop
  endfacet
  facet normal 0.867179 -0.497996 0
    outer loop
      vertex 7.76038 20.5489 4.2
      vertex 7.88448 20.765 3
      vertex 7.88448 20.765 4.2
    endloop
  endfacet
  facet normal 0.867179 -0.497996 0
    outer loop
      vertex 7.88448 20.765 3
      vertex 7.76038 20.5489 4.2
      vertex 7.76038 20.5489 3
    endloop
  endfacet
  facet normal 0.922753 -0.385392 0
    outer loop
      vertex 7.88448 20.765 4.2
      vertex 7.981 20.9961 3
      vertex 7.981 20.9961 4.2
    endloop
  endfacet
  facet normal 0.922753 -0.385392 0
    outer loop
      vertex 7.981 20.9961 3
      vertex 7.88448 20.765 4.2
      vertex 7.88448 20.765 3
    endloop
  endfacet
  facet normal 0.962988 -0.269543 0
    outer loop
      vertex 7.981 20.9961 4.2
      vertex 8.04994 21.2424 3
      vertex 8.04994 21.2424 4.2
    endloop
  endfacet
  facet normal 0.962988 -0.269543 0
    outer loop
      vertex 8.04994 21.2424 3
      vertex 7.981 20.9961 4.2
      vertex 7.981 20.9961 3
    endloop
  endfacet
  facet normal 0.987688 -0.156434 0
    outer loop
      vertex 8.04994 21.2424 4.2
      vertex 8.09131 21.5036 3
      vertex 8.09131 21.5036 4.2
    endloop
  endfacet
  facet normal 0.987688 -0.156434 0
    outer loop
      vertex 8.09131 21.5036 3
      vertex 8.04994 21.2424 4.2
      vertex 8.04994 21.2424 3
    endloop
  endfacet
  facet normal 0.998758 -0.0498295 0
    outer loop
      vertex 8.09131 21.5036 4.2
      vertex 8.1051 21.78 3
      vertex 8.1051 21.78 4.2
    endloop
  endfacet
  facet normal 0.998758 -0.0498295 0
    outer loop
      vertex 8.1051 21.78 3
      vertex 8.09131 21.5036 4.2
      vertex 8.09131 21.5036 3
    endloop
  endfacet
  facet normal 0.998267 0.0588405 0
    outer loop
      vertex 8.1051 21.78 4.2
      vertex 8.08559 22.111 3
      vertex 8.08559 22.111 4.2
    endloop
  endfacet
  facet normal 0.998267 0.0588405 0
    outer loop
      vertex 8.08559 22.111 3
      vertex 8.1051 21.78 4.2
      vertex 8.1051 21.78 3
    endloop
  endfacet
  facet normal 0.982171 0.18799 0
    outer loop
      vertex 8.08559 22.111 4.2
      vertex 8.02704 22.4169 3
      vertex 8.02704 22.4169 4.2
    endloop
  endfacet
  facet normal 0.982171 0.18799 0
    outer loop
      vertex 8.02704 22.4169 3
      vertex 8.08559 22.111 4.2
      vertex 8.08559 22.111 3
    endloop
  endfacet
  facet normal 0.944554 0.328356 0
    outer loop
      vertex 8.02704 22.4169 4.2
      vertex 7.92946 22.6976 3
      vertex 7.92946 22.6976 4.2
    endloop
  endfacet
  facet normal 0.944554 0.328356 0
    outer loop
      vertex 7.92946 22.6976 3
      vertex 8.02704 22.4169 4.2
      vertex 8.02704 22.4169 3
    endloop
  endfacet
  facet normal 0.88186 0.471511 0
    outer loop
      vertex 7.92946 22.6976 4.2
      vertex 7.79285 22.9531 3
      vertex 7.79285 22.9531 4.2
    endloop
  endfacet
  facet normal 0.88186 0.471511 0
    outer loop
      vertex 7.79285 22.9531 3
      vertex 7.92946 22.6976 4.2
      vertex 7.92946 22.6976 3
    endloop
  endfacet
  facet normal 0.795126 0.606444 0
    outer loop
      vertex 7.79285 22.9531 4.2
      vertex 7.6172 23.1834 3
      vertex 7.6172 23.1834 4.2
    endloop
  endfacet
  facet normal 0.795126 0.606444 0
    outer loop
      vertex 7.6172 23.1834 3
      vertex 7.79285 22.9531 4.2
      vertex 7.79285 22.9531 3
    endloop
  endfacet
  facet normal 0.690999 0.722855 -0
    outer loop
      vertex 7.6172 23.1834 3
      vertex 7.40254 23.3886 4.2
      vertex 7.6172 23.1834 4.2
    endloop
  endfacet
  facet normal 0.690999 0.722855 0
    outer loop
      vertex 7.40254 23.3886 4.2
      vertex 7.6172 23.1834 3
      vertex 7.40254 23.3886 3
    endloop
  endfacet
  facet normal 0.575948 0.817487 -0
    outer loop
      vertex 7.40254 23.3886 3
      vertex 7.15202 23.5651 4.2
      vertex 7.40254 23.3886 4.2
    endloop
  endfacet
  facet normal 0.575948 0.817487 0
    outer loop
      vertex 7.15202 23.5651 4.2
      vertex 7.40254 23.3886 3
      vertex 7.15202 23.5651 3
    endloop
  endfacet
  facet normal 0.454221 0.890889 -0
    outer loop
      vertex 7.15202 23.5651 3
      vertex 6.8688 23.7095 4.2
      vertex 7.15202 23.5651 4.2
    endloop
  endfacet
  facet normal 0.454221 0.890889 0
    outer loop
      vertex 6.8688 23.7095 4.2
      vertex 7.15202 23.5651 3
      vertex 6.8688 23.7095 3
    endloop
  endfacet
  facet normal 0.335193 0.942149 -0
    outer loop
      vertex 6.8688 23.7095 3
      vertex 6.55287 23.8219 4.2
      vertex 6.8688 23.7095 4.2
    endloop
  endfacet
  facet normal 0.335193 0.942149 0
    outer loop
      vertex 6.55287 23.8219 4.2
      vertex 6.8688 23.7095 3
      vertex 6.55287 23.8219 3
    endloop
  endfacet
  facet normal 0.224188 0.974546 -0
    outer loop
      vertex 6.55287 23.8219 3
      vertex 6.20424 23.9021 4.2
      vertex 6.55287 23.8219 4.2
    endloop
  endfacet
  facet normal 0.224188 0.974546 0
    outer loop
      vertex 6.20424 23.9021 4.2
      vertex 6.55287 23.8219 3
      vertex 6.20424 23.9021 3
    endloop
  endfacet
  facet normal 0.125402 0.992106 -0
    outer loop
      vertex 6.20424 23.9021 3
      vertex 5.82291 23.9503 4.2
      vertex 6.20424 23.9021 4.2
    endloop
  endfacet
  facet normal 0.125402 0.992106 0
    outer loop
      vertex 5.82291 23.9503 4.2
      vertex 6.20424 23.9021 3
      vertex 5.82291 23.9503 3
    endloop
  endfacet
  facet normal 0.0386139 0.999254 -0
    outer loop
      vertex 5.82291 23.9503 3
      vertex 5.40886 23.9663 4.2
      vertex 5.82291 23.9503 4.2
    endloop
  endfacet
  facet normal 0.0386139 0.999254 0
    outer loop
      vertex 5.40886 23.9663 4.2
      vertex 5.82291 23.9503 3
      vertex 5.40886 23.9663 3
    endloop
  endfacet
  facet normal 0 1 -0
    outer loop
      vertex 5.40886 23.9663 3
      vertex 1.81213 23.9663 4.2
      vertex 5.40886 23.9663 4.2
    endloop
  endfacet
  facet normal 0 1 0
    outer loop
      vertex 1.81213 23.9663 4.2
      vertex 5.40886 23.9663 3
      vertex 1.81213 23.9663 3
    endloop
  endfacet
  facet normal -1 0 0
    outer loop
      vertex 1.81213 16.3225 3
      vertex 1.81213 23.9663 4.2
      vertex 1.81213 23.9663 3
    endloop
  endfacet
  facet normal -1 -0 0
    outer loop
      vertex 1.81213 23.9663 4.2
      vertex 1.81213 16.3225 3
      vertex 1.81213 16.3225 4.2
    endloop
  endfacet
  facet normal 0 -1 0
    outer loop
      vertex 1.81213 16.3225 3
      vertex 2.8483 16.3225 4.2
      vertex 1.81213 16.3225 4.2
    endloop
  endfacet
  facet normal 0 -1 -0
    outer loop
      vertex 2.8483 16.3225 4.2
      vertex 1.81213 16.3225 3
      vertex 2.8483 16.3225 3
    endloop
  endfacet
  facet normal 1 -0 0
    outer loop
      vertex 2.8483 16.3225 4.2
      vertex 2.8483 19.4961 3
      vertex 2.8483 19.4961 4.2
    endloop
  endfacet
  facet normal 1 0 0
    outer loop
      vertex 2.8483 19.4961 3
      vertex 2.8483 16.3225 4.2
      vertex 2.8483 16.3225 3
    endloop
  endfacet
  facet normal 1 -0 0
    outer loop
      vertex 2.8483 20.3153 4.2
      vertex 2.8483 23.1363 3
      vertex 2.8483 23.1363 4.2
    endloop
  endfacet
  facet normal 1 0 0
    outer loop
      vertex 2.8483 23.1363 3
      vertex 2.8483 20.3153 4.2
      vertex 2.8483 20.3153 3
    endloop
  endfacet
  facet normal 0 -1 0
    outer loop
      vertex 2.8483 23.1363 3
      vertex 5.30582 23.1363 4.2
      vertex 2.8483 23.1363 4.2
    endloop
  endfacet
  facet normal 0 -1 -0
    outer loop
      vertex 5.30582 23.1363 4.2
      vertex 2.8483 23.1363 3
      vertex 5.30582 23.1363 3
    endloop
  endfacet
  facet normal -0.0355334 -0.999368 0
    outer loop
      vertex 5.30582 23.1363 3
      vertex 5.57863 23.1266 4.2
      vertex 5.30582 23.1363 4.2
    endloop
  endfacet
  facet normal -0.0355334 -0.999368 -0
    outer loop
      vertex 5.57863 23.1266 4.2
      vertex 5.30582 23.1363 3
      vertex 5.57863 23.1266 3
    endloop
  endfacet
  facet normal -0.115314 -0.993329 0
    outer loop
      vertex 5.57863 23.1266 3
      vertex 5.8293 23.0975 4.2
      vertex 5.57863 23.1266 4.2
    endloop
  endfacet
  facet normal -0.115314 -0.993329 -0
    outer loop
      vertex 5.8293 23.0975 4.2
      vertex 5.57863 23.1266 3
      vertex 5.8293 23.0975 3
    endloop
  endfacet
  facet normal -0.208021 -0.978124 0
    outer loop
      vertex 5.8293 23.0975 3
      vertex 6.05782 23.0489 4.2
      vertex 5.8293 23.0975 4.2
    endloop
  endfacet
  facet normal -0.208021 -0.978124 -0
    outer loop
      vertex 6.05782 23.0489 4.2
      vertex 5.8293 23.0975 3
      vertex 6.05782 23.0489 3
    endloop
  endfacet
  facet normal -0.313382 -0.949627 0
    outer loop
      vertex 6.05782 23.0489 3
      vertex 6.26418 22.9808 4.2
      vertex 6.05782 23.0489 4.2
    endloop
  endfacet
  facet normal -0.313382 -0.949627 -0
    outer loop
      vertex 6.26418 22.9808 4.2
      vertex 6.05782 23.0489 3
      vertex 6.26418 22.9808 3
    endloop
  endfacet
  facet normal -0.429058 -0.903277 0
    outer loop
      vertex 6.26418 22.9808 3
      vertex 6.44839 22.8933 4.2
      vertex 6.26418 22.9808 4.2
    endloop
  endfacet
  facet normal -0.429058 -0.903277 -0
    outer loop
      vertex 6.44839 22.8933 4.2
      vertex 6.26418 22.9808 3
      vertex 6.44839 22.8933 3
    endloop
  endfacet
  facet normal -0.550605 -0.834766 0
    outer loop
      vertex 6.44839 22.8933 3
      vertex 6.61046 22.7864 4.2
      vertex 6.44839 22.8933 4.2
    endloop
  endfacet
  facet normal -0.550605 -0.834766 -0
    outer loop
      vertex 6.61046 22.7864 4.2
      vertex 6.44839 22.8933 3
      vertex 6.61046 22.7864 3
    endloop
  endfacet
  facet normal -0.67166 -0.74086 0
    outer loop
      vertex 6.61046 22.7864 3
      vertex 6.74889 22.6609 4.2
      vertex 6.61046 22.7864 4.2
    endloop
  endfacet
  facet normal -0.67166 -0.74086 -0
    outer loop
      vertex 6.74889 22.6609 4.2
      vertex 6.61046 22.7864 3
      vertex 6.74889 22.6609 3
    endloop
  endfacet
  facet normal -0.783935 -0.620843 0
    outer loop
      vertex 6.86214 22.5179 3
      vertex 6.74889 22.6609 4.2
      vertex 6.74889 22.6609 3
    endloop
  endfacet
  facet normal -0.783935 -0.620843 0
    outer loop
      vertex 6.74889 22.6609 4.2
      vertex 6.86214 22.5179 3
      vertex 6.86214 22.5179 4.2
    endloop
  endfacet
  facet normal -0.876998 -0.480494 0
    outer loop
      vertex 6.95024 22.3571 3
      vertex 6.86214 22.5179 4.2
      vertex 6.86214 22.5179 3
    endloop
  endfacet
  facet normal -0.876998 -0.480494 0
    outer loop
      vertex 6.86214 22.5179 4.2
      vertex 6.95024 22.3571 3
      vertex 6.95024 22.3571 4.2
    endloop
  endfacet
  facet normal -0.943023 -0.332729 0
    outer loop
      vertex 7.01315 22.1788 3
      vertex 6.95024 22.3571 4.2
      vertex 6.95024 22.3571 3
    endloop
  endfacet
  facet normal -0.943023 -0.332729 0
    outer loop
      vertex 6.95024 22.3571 4.2
      vertex 7.01315 22.1788 3
      vertex 7.01315 22.1788 4.2
    endloop
  endfacet
  facet normal -0.981934 -0.189223 0
    outer loop
      vertex 7.05092 21.9828 3
      vertex 7.01315 22.1788 4.2
      vertex 7.01315 22.1788 3
    endloop
  endfacet
  facet normal -0.981934 -0.189223 0
    outer loop
      vertex 7.01315 22.1788 4.2
      vertex 7.05092 21.9828 3
      vertex 7.05092 21.9828 4.2
    endloop
  endfacet
  facet normal -0.998273 -0.0587467 0
    outer loop
      vertex 7.06349 21.7692 3
      vertex 7.05092 21.9828 4.2
      vertex 7.05092 21.9828 3
    endloop
  endfacet
  facet normal -0.998273 -0.0587467 0
    outer loop
      vertex 7.05092 21.9828 4.2
      vertex 7.06349 21.7692 3
      vertex 7.06349 21.7692 4.2
    endloop
  endfacet
  facet normal -0.998423 0.0561303 0
    outer loop
      vertex 7.05106 21.5481 3
      vertex 7.06349 21.7692 4.2
      vertex 7.06349 21.7692 3
    endloop
  endfacet
  facet normal -0.998423 0.0561303 0
    outer loop
      vertex 7.06349 21.7692 4.2
      vertex 7.05106 21.5481 3
      vertex 7.05106 21.5481 4.2
    endloop
  endfacet
  facet normal -0.983708 0.179776 0
    outer loop
      vertex 7.01376 21.344 3
      vertex 7.05106 21.5481 4.2
      vertex 7.05106 21.5481 3
    endloop
  endfacet
  facet normal -0.983708 0.179776 0
    outer loop
      vertex 7.05106 21.5481 4.2
      vertex 7.01376 21.344 3
      vertex 7.01376 21.344 4.2
    endloop
  endfacet
  facet normal -0.948997 0.315284 0
    outer loop
      vertex 6.9516 21.1569 3
      vertex 7.01376 21.344 4.2
      vertex 7.01376 21.344 3
    endloop
  endfacet
  facet normal -0.948997 0.315284 0
    outer loop
      vertex 7.01376 21.344 4.2
      vertex 6.9516 21.1569 3
      vertex 6.9516 21.1569 4.2
    endloop
  endfacet
  facet normal -0.890222 0.455526 0
    outer loop
      vertex 6.86456 20.9868 3
      vertex 6.9516 21.1569 4.2
      vertex 6.9516 21.1569 3
    endloop
  endfacet
  facet normal -0.890222 0.455526 0
    outer loop
      vertex 6.9516 21.1569 4.2
      vertex 6.86456 20.9868 3
      vertex 6.86456 20.9868 4.2
    endloop
  endfacet
  facet normal -0.807159 0.590334 0
    outer loop
      vertex 6.75266 20.8338 3
      vertex 6.86456 20.9868 4.2
      vertex 6.86456 20.9868 3
    endloop
  endfacet
  facet normal -0.807159 0.590334 0
    outer loop
      vertex 6.86456 20.9868 4.2
      vertex 6.75266 20.8338 3
      vertex 6.75266 20.8338 4.2
    endloop
  endfacet
  facet normal -0.705108 0.7091 0
    outer loop
      vertex 6.75266 20.8338 3
      vertex 6.61589 20.6978 4.2
      vertex 6.75266 20.8338 4.2
    endloop
  endfacet
  facet normal -0.705108 0.7091 0
    outer loop
      vertex 6.61589 20.6978 4.2
      vertex 6.75266 20.8338 3
      vertex 6.61589 20.6978 3
    endloop
  endfacet
  facet normal -0.591144 0.806566 0
    outer loop
      vertex 6.61589 20.6978 3
      vertex 6.45639 20.5809 4.2
      vertex 6.61589 20.6978 4.2
    endloop
  endfacet
  facet normal -0.591144 0.806566 0
    outer loop
      vertex 6.45639 20.5809 4.2
      vertex 6.61589 20.6978 3
      vertex 6.45639 20.5809 3
    endloop
  endfacet
  facet normal -0.468775 0.883318 0
    outer loop
      vertex 6.45639 20.5809 3
      vertex 6.27625 20.4853 4.2
      vertex 6.45639 20.5809 4.2
    endloop
  endfacet
  facet normal -0.468775 0.883318 0
    outer loop
      vertex 6.27625 20.4853 4.2
      vertex 6.45639 20.5809 3
      vertex 6.27625 20.4853 3
    endloop
  endfacet
  facet normal -0.347436 0.937704 0
    outer loop
      vertex 6.27625 20.4853 3
      vertex 6.07545 20.4109 4.2
      vertex 6.27625 20.4853 4.2
    endloop
  endfacet
  facet normal -0.347436 0.937704 0
    outer loop
      vertex 6.07545 20.4109 4.2
      vertex 6.27625 20.4853 3
      vertex 6.07545 20.4109 3
    endloop
  endfacet
  facet normal -0.233174 0.972435 0
    outer loop
      vertex 6.07545 20.4109 3
      vertex 5.854 20.3578 4.2
      vertex 6.07545 20.4109 4.2
    endloop
  endfacet
  facet normal -0.233174 0.972435 0
    outer loop
      vertex 5.854 20.3578 4.2
      vertex 6.07545 20.4109 3
      vertex 5.854 20.3578 3
    endloop
  endfacet
  facet normal -0.130645 0.991429 0
    outer loop
      vertex 5.854 20.3578 3
      vertex 5.61192 20.3259 4.2
      vertex 5.854 20.3578 4.2
    endloop
  endfacet
  facet normal -0.130645 0.991429 0
    outer loop
      vertex 5.61192 20.3259 4.2
      vertex 5.854 20.3578 3
      vertex 5.61192 20.3259 3
    endloop
  endfacet
  facet normal -0.0403113 0.999187 0
    outer loop
      vertex 5.61192 20.3259 3
      vertex 5.34918 20.3153 4.2
      vertex 5.61192 20.3259 4.2
    endloop
  endfacet
  facet normal -0.0403113 0.999187 0
    outer loop
      vertex 5.34918 20.3153 4.2
      vertex 5.61192 20.3259 3
      vertex 5.34918 20.3153 3
    endloop
  endfacet
  facet normal 0 1 -0
    outer loop
      vertex 5.34918 20.3153 3
      vertex 2.8483 20.3153 4.2
      vertex 5.34918 20.3153 4.2
    endloop
  endfacet
  facet normal 0 1 0
    outer loop
      vertex 2.8483 20.3153 4.2
      vertex 5.34918 20.3153 3
      vertex 2.8483 20.3153 3
    endloop
  endfacet
  facet normal 0 -1 0
    outer loop
      vertex 10.7114 18.5576 3
      vertex 14.1942 18.5576 4.2
      vertex 10.7114 18.5576 4.2
    endloop
  endfacet
  facet normal 0 -1 -0
    outer loop
      vertex 14.1942 18.5576 4.2
      vertex 10.7114 18.5576 3
      vertex 14.1942 18.5576 3
    endloop
  endfacet
  facet normal -0.931399 -0.364 0
    outer loop
      vertex 15.0677 16.3225 3
      vertex 14.1942 18.5576 4.2
      vertex 14.1942 18.5576 3
    endloop
  endfacet
  facet normal -0.931399 -0.364 0
    outer loop
      vertex 14.1942 18.5576 4.2
      vertex 15.0677 16.3225 3
      vertex 15.0677 16.3225 4.2
    endloop
  endfacet
  facet normal 0 -1 0
    outer loop
      vertex 15.0677 16.3225 3
      vertex 16.1256 16.3225 4.2
      vertex 15.0677 16.3225 4.2
    endloop
  endfacet
  facet normal 0 -1 -0
    outer loop
      vertex 16.1256 16.3225 4.2
      vertex 15.0677 16.3225 3
      vertex 16.1256 16.3225 3
    endloop
  endfacet
  facet normal 0.927928 0.372759 0
    outer loop
      vertex 16.1256 16.3225 4.2
      vertex 13.055 23.9663 3
      vertex 13.055 23.9663 4.2
    endloop
  endfacet
  facet normal 0.927928 0.372759 0
    outer loop
      vertex 13.055 23.9663 3
      vertex 16.1256 16.3225 4.2
      vertex 16.1256 16.3225 3
    endloop
  endfacet
  facet normal 0 1 -0
    outer loop
      vertex 13.055 23.9663 3
      vertex 11.8777 23.9663 4.2
      vertex 13.055 23.9663 4.2
    endloop
  endfacet
  facet normal 0 1 0
    outer loop
      vertex 11.8777 23.9663 4.2
      vertex 13.055 23.9663 3
      vertex 11.8777 23.9663 3
    endloop
  endfacet
  facet normal -0.925873 0.377834 0
    outer loop
      vertex 8.75839 16.3225 3
      vertex 11.8777 23.9663 4.2
      vertex 11.8777 23.9663 3
    endloop
  endfacet
  facet normal -0.925873 0.377834 0
    outer loop
      vertex 11.8777 23.9663 4.2
      vertex 8.75839 16.3225 3
      vertex 8.75839 16.3225 4.2
    endloop
  endfacet
  facet normal 0 -1 0
    outer loop
      vertex 8.75839 16.3225 3
      vertex 9.83255 16.3225 4.2
      vertex 8.75839 16.3225 4.2
    endloop
  endfacet
  facet normal 0 -1 -0
    outer loop
      vertex 9.83255 16.3225 4.2
      vertex 8.75839 16.3225 3
      vertex 9.83255 16.3225 3
    endloop
  endfacet
  facet normal 0.930642 -0.365932 0
    outer loop
      vertex 9.83255 16.3225 4.2
      vertex 10.7114 18.5576 3
      vertex 10.7114 18.5576 4.2
    endloop
  endfacet
  facet normal 0.930642 -0.365932 0
    outer loop
      vertex 10.7114 18.5576 3
      vertex 9.83255 16.3225 4.2
      vertex 9.83255 16.3225 3
    endloop
  endfacet
  facet normal 0.932051 -0.362326 0
    outer loop
      vertex 11.0261 19.366 4.2
      vertex 12.0025 21.8777 3
      vertex 12.0025 21.8777 4.2
    endloop
  endfacet
  facet normal 0.932051 -0.362326 0
    outer loop
      vertex 12.0025 21.8777 3
      vertex 11.0261 19.366 4.2
      vertex 11.0261 19.366 3
    endloop
  endfacet
  facet normal 0.937003 -0.349321 0
    outer loop
      vertex 12.0025 21.8777 4.2
      vertex 12.0875 22.1057 3
      vertex 12.0875 22.1057 4.2
    endloop
  endfacet
  facet normal 0.937003 -0.349321 0
    outer loop
      vertex 12.0875 22.1057 3
      vertex 12.0025 21.8777 4.2
      vertex 12.0025 21.8777 3
    endloop
  endfacet
  facet normal 0.939716 -0.341955 0
    outer loop
      vertex 12.0875 22.1057 4.2
      vertex 12.1653 22.3195 3
      vertex 12.1653 22.3195 4.2
    endloop
  endfacet
  facet normal 0.939716 -0.341955 0
    outer loop
      vertex 12.1653 22.3195 3
      vertex 12.0875 22.1057 4.2
      vertex 12.0875 22.1057 3
    endloop
  endfacet
  facet normal 0.942964 -0.332894 0
    outer loop
      vertex 12.1653 22.3195 4.2
      vertex 12.2358 22.5192 3
      vertex 12.2358 22.5192 4.2
    endloop
  endfacet
  facet normal 0.942964 -0.332894 0
    outer loop
      vertex 12.2358 22.5192 3
      vertex 12.1653 22.3195 4.2
      vertex 12.1653 22.3195 3
    endloop
  endfacet
  facet normal 0.946415 -0.322954 0
    outer loop
      vertex 12.2358 22.5192 4.2
      vertex 12.2991 22.7047 3
      vertex 12.2991 22.7047 4.2
    endloop
  endfacet
  facet normal 0.946415 -0.322954 0
    outer loop
      vertex 12.2991 22.7047 3
      vertex 12.2358 22.5192 4.2
      vertex 12.2358 22.5192 3
    endloop
  endfacet
  facet normal 0.950388 -0.311066 0
    outer loop
      vertex 12.2991 22.7047 4.2
      vertex 12.3552 22.8761 3
      vertex 12.3552 22.8761 4.2
    endloop
  endfacet
  facet normal 0.950388 -0.311066 0
    outer loop
      vertex 12.3552 22.8761 3
      vertex 12.2991 22.7047 4.2
      vertex 12.2991 22.7047 3
    endloop
  endfacet
  facet normal 0.954987 -0.296648 0
    outer loop
      vertex 12.3552 22.8761 4.2
      vertex 12.404 23.0332 3
      vertex 12.404 23.0332 4.2
    endloop
  endfacet
  facet normal 0.954987 -0.296648 0
    outer loop
      vertex 12.404 23.0332 3
      vertex 12.3552 22.8761 4.2
      vertex 12.3552 22.8761 3
    endloop
  endfacet
  facet normal 0.951892 -0.306435 0
    outer loop
      vertex 12.404 23.0332 4.2
      vertex 12.4529 23.1851 3
      vertex 12.4529 23.1851 4.2
    endloop
  endfacet
  facet normal 0.951892 -0.306435 0
    outer loop
      vertex 12.4529 23.1851 3
      vertex 12.404 23.0332 4.2
      vertex 12.404 23.0332 3
    endloop
  endfacet
  facet normal -0.951001 -0.309186 0
    outer loop
      vertex 12.5993 22.7348 3
      vertex 12.4529 23.1851 4.2
      vertex 12.4529 23.1851 3
    endloop
  endfacet
  facet normal -0.951001 -0.309186 0
    outer loop
      vertex 12.4529 23.1851 4.2
      vertex 12.5993 22.7348 3
      vertex 12.5993 22.7348 4.2
    endloop
  endfacet
  facet normal -0.950209 -0.311614 0
    outer loop
      vertex 12.65 22.5802 3
      vertex 12.5993 22.7348 4.2
      vertex 12.5993 22.7348 3
    endloop
  endfacet
  facet normal -0.950209 -0.311614 0
    outer loop
      vertex 12.5993 22.7348 4.2
      vertex 12.65 22.5802 3
      vertex 12.65 22.5802 4.2
    endloop
  endfacet
  facet normal -0.94702 -0.321174 0
    outer loop
      vertex 12.7006 22.431 3
      vertex 12.65 22.5802 4.2
      vertex 12.65 22.5802 3
    endloop
  endfacet
  facet normal -0.94702 -0.321174 0
    outer loop
      vertex 12.65 22.5802 4.2
      vertex 12.7006 22.431 3
      vertex 12.7006 22.431 4.2
    endloop
  endfacet
  facet normal -0.943232 -0.332133 0
    outer loop
      vertex 12.7512 22.2873 3
      vertex 12.7006 22.431 4.2
      vertex 12.7006 22.431 3
    endloop
  endfacet
  facet normal -0.943232 -0.332133 0
    outer loop
      vertex 12.7006 22.431 4.2
      vertex 12.7512 22.2873 3
      vertex 12.7512 22.2873 4.2
    endloop
  endfacet
  facet normal -0.939118 -0.343596 0
    outer loop
      vertex 12.8018 22.149 3
      vertex 12.7512 22.2873 4.2
      vertex 12.7512 22.2873 3
    endloop
  endfacet
  facet normal -0.939118 -0.343596 0
    outer loop
      vertex 12.7512 22.2873 4.2
      vertex 12.8018 22.149 3
      vertex 12.8018 22.149 4.2
    endloop
  endfacet
  facet normal -0.934321 -0.356434 0
    outer loop
      vertex 12.8525 22.0161 3
      vertex 12.8018 22.149 4.2
      vertex 12.8018 22.149 3
    endloop
  endfacet
  facet normal -0.934321 -0.356434 0
    outer loop
      vertex 12.8018 22.149 4.2
      vertex 12.8525 22.0161 3
      vertex 12.8525 22.0161 4.2
    endloop
  endfacet
  facet normal -0.929479 -0.368876 0
    outer loop
      vertex 12.9031 21.8886 3
      vertex 12.8525 22.0161 4.2
      vertex 12.8525 22.0161 3
    endloop
  endfacet
  facet normal -0.929479 -0.368876 0
    outer loop
      vertex 12.8525 22.0161 4.2
      vertex 12.9031 21.8886 3
      vertex 12.9031 21.8886 4.2
    endloop
  endfacet
  facet normal -0.931894 -0.362731 0
    outer loop
      vertex 13.885 19.366 3
      vertex 12.9031 21.8886 4.2
      vertex 12.9031 21.8886 3
    endloop
  endfacet
  facet normal -0.931894 -0.362731 0
    outer loop
      vertex 12.9031 21.8886 4.2
      vertex 13.885 19.366 3
      vertex 13.885 19.366 4.2
    endloop
  endfacet
  facet normal 0 1 -0
    outer loop
      vertex 13.885 19.366 3
      vertex 11.0261 19.366 4.2
      vertex 13.885 19.366 4.2
    endloop
  endfacet
  facet normal 0 1 0
    outer loop
      vertex 11.0261 19.366 4.2
      vertex 13.885 19.366 3
      vertex 11.0261 19.366 3
    endloop
  endfacet
  facet normal 0 1 -0
    outer loop
      vertex 21.7842 17.1688 3
      vertex 17.9217 17.1688 4.2
      vertex 21.7842 17.1688 4.2
    endloop
  endfacet
  facet normal 0 1 0
    outer loop
      vertex 17.9217 17.1688 4.2
      vertex 21.7842 17.1688 3
      vertex 17.9217 17.1688 3
    endloop
  endfacet
  facet normal 1 -0 0
    outer loop
      vertex 17.9217 17.1688 4.2
      vertex 17.9217 23.9663 3
      vertex 17.9217 23.9663 4.2
    endloop
  endfacet
  facet normal 1 0 0
    outer loop
      vertex 17.9217 23.9663 3
      vertex 17.9217 17.1688 4.2
      vertex 17.9217 17.1688 3
    endloop
  endfacet
  facet normal 0 1 -0
    outer loop
      vertex 17.9217 23.9663 3
      vertex 16.8855 23.9663 4.2
      vertex 17.9217 23.9663 4.2
    endloop
  endfacet
  facet normal 0 1 0
    outer loop
      vertex 16.8855 23.9663 4.2
      vertex 17.9217 23.9663 3
      vertex 16.8855 23.9663 3
    endloop
  endfacet
  facet normal -1 0 0
    outer loop
      vertex 16.8855 16.3225 3
      vertex 16.8855 23.9663 4.2
      vertex 16.8855 23.9663 3
    endloop
  endfacet
  facet normal -1 -0 0
    outer loop
      vertex 16.8855 23.9663 4.2
      vertex 16.8855 16.3225 3
      vertex 16.8855 16.3225 4.2
    endloop
  endfacet
  facet normal 0 -1 0
    outer loop
      vertex 16.8855 16.3225 3
      vertex 21.7842 16.3225 4.2
      vertex 16.8855 16.3225 4.2
    endloop
  endfacet
  facet normal 0 -1 -0
    outer loop
      vertex 21.7842 16.3225 4.2
      vertex 16.8855 16.3225 3
      vertex 21.7842 16.3225 3
    endloop
  endfacet
  facet normal 1 -0 0
    outer loop
      vertex 21.7842 16.3225 4.2
      vertex 21.7842 17.1688 3
      vertex 21.7842 17.1688 4.2
    endloop
  endfacet
  facet normal 1 0 0
    outer loop
      vertex 21.7842 17.1688 3
      vertex 21.7842 16.3225 4.2
      vertex 21.7842 16.3225 3
    endloop
  endfacet
endsolid OpenSCAD_Model
