solid OpenSCAD_Model
  facet normal -0.997003 -0.0773645 0
    outer loop
      vertex -27.4197 0.250295 0
      vertex -27.4173 0.219366 2
      vertex -27.4197 0.250295 2
    endloop
  endfacet
  facet normal -0.996917 -0.0784645 -1.71134e-05
    outer loop
      vertex -27.4 0 0
      vertex -27.4173 0.219366 2
      vertex -27.4197 0.250295 0
    endloop
  endfacet
  facet normal -0.996905 -0.0786195 0
    outer loop
      vertex -27.4173 0.219366 2
      vertex -27.4 0 0
      vertex -27.4 0 2
    endloop
  endfacet
  facet normal 0.996917 -0.0784645 0
    outer loop
      vertex -30.6 0 2
      vertex -30.5803 0.250295 0
      vertex -30.5803 0.250295 2
    endloop
  endfacet
  facet normal 0.996917 -0.0784645 0
    outer loop
      vertex -30.5803 0.250295 0
      vertex -30.6 0 2
      vertex -30.6 0 0
    endloop
  endfacet
  facet normal 0.0784629 -0.996917 0
    outer loop
      vertex -29.2503 1.5803 0
      vertex -29 1.6 2
      vertex -29.2503 1.5803 2
    endloop
  endfacet
  facet normal 0.0784629 -0.996917 0
    outer loop
      vertex -29 1.6 2
      vertex -29.2503 1.5803 0
      vertex -29 1.6 0
    endloop
  endfacet
  facet normal -0.0784629 0.996917 0
    outer loop
      vertex -28.7497 -1.5803 0
      vertex -29 -1.6 2
      vertex -28.7497 -1.5803 2
    endloop
  endfacet
  facet normal -0.0784629 0.996917 0
    outer loop
      vertex -29 -1.6 2
      vertex -28.7497 -1.5803 0
      vertex -29 -1.6 0
    endloop
  endfacet
  facet normal -0.649485 -0.760374 0
    outer loop
      vertex -28.0595 1.29443 0
      vertex -27.8686 1.13137 2
      vertex -28.0595 1.29443 2
    endloop
  endfacet
  facet normal -0.649485 -0.760374 -0
    outer loop
      vertex -27.8686 1.13137 2
      vertex -28.0595 1.29443 0
      vertex -27.8686 1.13137 0
    endloop
  endfacet
  facet normal 0.760516 -0.649319 0
    outer loop
      vertex -30.2944 0.940456 2
      vertex -30.1314 1.13137 0
      vertex -30.1314 1.13137 2
    endloop
  endfacet
  facet normal 0.760516 -0.649319 0
    outer loop
      vertex -30.1314 1.13137 0
      vertex -30.2944 0.940456 2
      vertex -30.2944 0.940456 0
    endloop
  endfacet
  facet normal 0.522422 -0.852687 0
    outer loop
      vertex -29.9405 1.29443 0
      vertex -29.8135 1.37224 2
      vertex -29.9405 1.29443 2
    endloop
  endfacet
  facet normal 0.522439 -0.852677 -1.47157e-06
    outer loop
      vertex -29.7264 1.42561 0
      vertex -29.8135 1.37224 2
      vertex -29.9405 1.29443 0
    endloop
  endfacet
  facet normal 0.522463 -0.852662 0
    outer loop
      vertex -29.8135 1.37224 2
      vertex -29.7264 1.42561 0
      vertex -29.7264 1.42561 2
    endloop
  endfacet
  facet normal -0.852611 -0.522546 0
    outer loop
      vertex -27.5744 0.726384 0
      vertex -27.7056 0.940456 2
      vertex -27.7056 0.940456 0
    endloop
  endfacet
  facet normal -0.852611 -0.522546 0
    outer loop
      vertex -27.7056 0.940456 2
      vertex -27.5744 0.726384 0
      vertex -27.5744 0.726384 2
    endloop
  endfacet
  facet normal -0.97238 -0.233404 0
    outer loop
      vertex -27.4197 0.250295 0
      vertex -27.4783 0.494427 2
      vertex -27.4783 0.494427 0
    endloop
  endfacet
  facet normal -0.97238 -0.233404 0
    outer loop
      vertex -27.4783 0.494427 2
      vertex -27.4197 0.250295 0
      vertex -27.4197 0.250295 2
    endloop
  endfacet
  facet normal -0.760516 -0.649319 0
    outer loop
      vertex -27.7056 0.940456 0
      vertex -27.8686 1.13137 2
      vertex -27.8686 1.13137 0
    endloop
  endfacet
  facet normal -0.760516 -0.649319 0
    outer loop
      vertex -27.8686 1.13137 2
      vertex -27.7056 0.940456 0
      vertex -27.7056 0.940456 2
    endloop
  endfacet
  facet normal -0.382624 -0.923904 0
    outer loop
      vertex -28.5056 1.52169 0
      vertex -28.2736 1.42561 2
      vertex -28.5056 1.52169 2
    endloop
  endfacet
  facet normal -0.382624 -0.923904 -0
    outer loop
      vertex -28.2736 1.42561 2
      vertex -28.5056 1.52169 0
      vertex -28.2736 1.42561 0
    endloop
  endfacet
  facet normal -0.233471 -0.972364 0
    outer loop
      vertex -28.7497 1.5803 0
      vertex -28.5056 1.52169 2
      vertex -28.7497 1.5803 2
    endloop
  endfacet
  facet normal -0.233471 -0.972364 -0
    outer loop
      vertex -28.5056 1.52169 2
      vertex -28.7497 1.5803 0
      vertex -28.5056 1.52169 0
    endloop
  endfacet
  facet normal -0.522423 -0.852686 0
    outer loop
      vertex -28.2736 1.42561 0
      vertex -28.1135 1.32752 2
      vertex -28.2736 1.42561 2
    endloop
  endfacet
  facet normal -0.522439 -0.852677 1.69062e-06
    outer loop
      vertex -28.0595 1.29443 0
      vertex -28.1135 1.32752 2
      vertex -28.2736 1.42561 0
    endloop
  endfacet
  facet normal -0.522484 -0.852649 0
    outer loop
      vertex -28.1135 1.32752 2
      vertex -28.0595 1.29443 0
      vertex -28.0595 1.29443 2
    endloop
  endfacet
  facet normal 0.923851 -0.382752 0
    outer loop
      vertex -30.5217 0.494427 2
      vertex -30.4256 0.726384 0
      vertex -30.4256 0.726384 2
    endloop
  endfacet
  facet normal 0.923851 -0.382752 0
    outer loop
      vertex -30.4256 0.726384 0
      vertex -30.5217 0.494427 2
      vertex -30.5217 0.494427 0
    endloop
  endfacet
  facet normal 0.852611 -0.522546 0
    outer loop
      vertex -30.4256 0.726384 2
      vertex -30.2944 0.940456 0
      vertex -30.2944 0.940456 2
    endloop
  endfacet
  facet normal 0.852611 -0.522546 0
    outer loop
      vertex -30.2944 0.940456 0
      vertex -30.4256 0.726384 2
      vertex -30.4256 0.726384 0
    endloop
  endfacet
  facet normal 0.97238 -0.233404 0
    outer loop
      vertex -30.5803 0.250295 2
      vertex -30.5217 0.494427 0
      vertex -30.5217 0.494427 2
    endloop
  endfacet
  facet normal 0.97238 -0.233404 0
    outer loop
      vertex -30.5217 0.494427 0
      vertex -30.5803 0.250295 2
      vertex -30.5803 0.250295 0
    endloop
  endfacet
  facet normal 0.649485 -0.760374 0
    outer loop
      vertex -30.1314 1.13137 0
      vertex -29.9405 1.29443 2
      vertex -30.1314 1.13137 2
    endloop
  endfacet
  facet normal 0.649485 -0.760374 0
    outer loop
      vertex -29.9405 1.29443 2
      vertex -30.1314 1.13137 0
      vertex -29.9405 1.29443 0
    endloop
  endfacet
  facet normal 0.233471 -0.972364 0
    outer loop
      vertex -29.4944 1.52169 0
      vertex -29.2503 1.5803 2
      vertex -29.4944 1.52169 2
    endloop
  endfacet
  facet normal 0.233471 -0.972364 0
    outer loop
      vertex -29.2503 1.5803 2
      vertex -29.4944 1.52169 0
      vertex -29.2503 1.5803 0
    endloop
  endfacet
  facet normal 0.923851 0.382752 0
    outer loop
      vertex -30.4256 -0.726384 2
      vertex -30.5217 -0.494427 0
      vertex -30.5217 -0.494427 2
    endloop
  endfacet
  facet normal 0.923851 0.382752 0
    outer loop
      vertex -30.5217 -0.494427 0
      vertex -30.4256 -0.726384 2
      vertex -30.4256 -0.726384 0
    endloop
  endfacet
  facet normal -0.233471 0.972364 0
    outer loop
      vertex -28.5056 -1.52169 0
      vertex -28.7497 -1.5803 2
      vertex -28.5056 -1.52169 2
    endloop
  endfacet
  facet normal -0.233471 0.972364 0
    outer loop
      vertex -28.7497 -1.5803 2
      vertex -28.5056 -1.52169 0
      vertex -28.7497 -1.5803 0
    endloop
  endfacet
  facet normal -0.97238 0.233404 0
    outer loop
      vertex -27.4783 -0.494427 0
      vertex -27.4197 -0.250295 2
      vertex -27.4197 -0.250295 0
    endloop
  endfacet
  facet normal -0.97238 0.233404 0
    outer loop
      vertex -27.4197 -0.250295 2
      vertex -27.4783 -0.494427 0
      vertex -27.4783 -0.494427 2
    endloop
  endfacet
  facet normal -0.923851 -0.382752 0
    outer loop
      vertex -27.4783 0.494427 0
      vertex -27.5744 0.726384 2
      vertex -27.5744 0.726384 0
    endloop
  endfacet
  facet normal -0.923851 -0.382752 0
    outer loop
      vertex -27.5744 0.726384 2
      vertex -27.4783 0.494427 0
      vertex -27.4783 0.494427 2
    endloop
  endfacet
  facet normal -0.0784629 -0.996917 0
    outer loop
      vertex -29 1.6 0
      vertex -28.7497 1.5803 2
      vertex -29 1.6 2
    endloop
  endfacet
  facet normal -0.0784629 -0.996917 -0
    outer loop
      vertex -28.7497 1.5803 2
      vertex -29 1.6 0
      vertex -28.7497 1.5803 0
    endloop
  endfacet
  facet normal 0.382624 -0.923904 0
    outer loop
      vertex -29.7264 1.42561 0
      vertex -29.4944 1.52169 2
      vertex -29.7264 1.42561 2
    endloop
  endfacet
  facet normal 0.382624 -0.923904 0
    outer loop
      vertex -29.4944 1.52169 2
      vertex -29.7264 1.42561 0
      vertex -29.4944 1.52169 0
    endloop
  endfacet
  facet normal -0.996917 0.0784645 0
    outer loop
      vertex -27.4197 -0.250295 0
      vertex -27.4 0 2
      vertex -27.4 0 0
    endloop
  endfacet
  facet normal -0.996917 0.0784645 0
    outer loop
      vertex -27.4 0 2
      vertex -27.4197 -0.250295 0
      vertex -27.4197 -0.250295 2
    endloop
  endfacet
  facet normal -0.649485 0.760374 0
    outer loop
      vertex -27.8686 -1.13137 0
      vertex -28.0595 -1.29443 2
      vertex -27.8686 -1.13137 2
    endloop
  endfacet
  facet normal -0.649485 0.760374 0
    outer loop
      vertex -28.0595 -1.29443 2
      vertex -27.8686 -1.13137 0
      vertex -28.0595 -1.29443 0
    endloop
  endfacet
  facet normal -0.923851 0.382752 0
    outer loop
      vertex -27.5744 -0.726384 0
      vertex -27.4783 -0.494427 2
      vertex -27.4783 -0.494427 0
    endloop
  endfacet
  facet normal -0.923851 0.382752 0
    outer loop
      vertex -27.4783 -0.494427 2
      vertex -27.5744 -0.726384 0
      vertex -27.5744 -0.726384 2
    endloop
  endfacet
  facet normal -0.852611 0.522546 0
    outer loop
      vertex -27.7056 -0.940456 0
      vertex -27.5744 -0.726384 2
      vertex -27.5744 -0.726384 0
    endloop
  endfacet
  facet normal -0.852611 0.522546 0
    outer loop
      vertex -27.5744 -0.726384 2
      vertex -27.7056 -0.940456 0
      vertex -27.7056 -0.940456 2
    endloop
  endfacet
  facet normal 0.233471 0.972364 -0
    outer loop
      vertex -29.2503 -1.5803 0
      vertex -29.4944 -1.52169 2
      vertex -29.2503 -1.5803 2
    endloop
  endfacet
  facet normal 0.233471 0.972364 0
    outer loop
      vertex -29.4944 -1.52169 2
      vertex -29.2503 -1.5803 0
      vertex -29.4944 -1.52169 0
    endloop
  endfacet
  facet normal -0.522439 0.852677 0
    outer loop
      vertex -28.0595 -1.29443 0
      vertex -28.2736 -1.42561 2
      vertex -28.0595 -1.29443 2
    endloop
  endfacet
  facet normal -0.522439 0.852677 0
    outer loop
      vertex -28.2736 -1.42561 2
      vertex -28.0595 -1.29443 0
      vertex -28.2736 -1.42561 0
    endloop
  endfacet
  facet normal -0.382624 0.923904 0
    outer loop
      vertex -28.2736 -1.42561 0
      vertex -28.5056 -1.52169 2
      vertex -28.2736 -1.42561 2
    endloop
  endfacet
  facet normal -0.382624 0.923904 0
    outer loop
      vertex -28.5056 -1.52169 2
      vertex -28.2736 -1.42561 0
      vertex -28.5056 -1.52169 0
    endloop
  endfacet
  facet normal -0.760516 0.649319 0
    outer loop
      vertex -27.8686 -1.13137 0
      vertex -27.7056 -0.940456 2
      vertex -27.7056 -0.940456 0
    endloop
  endfacet
  facet normal -0.760516 0.649319 0
    outer loop
      vertex -27.7056 -0.940456 2
      vertex -27.8686 -1.13137 0
      vertex -27.8686 -1.13137 2
    endloop
  endfacet
  facet normal 0.0784629 0.996917 -0
    outer loop
      vertex -29 -1.6 0
      vertex -29.2503 -1.5803 2
      vertex -29 -1.6 2
    endloop
  endfacet
  facet normal 0.0784629 0.996917 0
    outer loop
      vertex -29.2503 -1.5803 2
      vertex -29 -1.6 0
      vertex -29.2503 -1.5803 0
    endloop
  endfacet
  facet normal 0.382624 0.923904 -0
    outer loop
      vertex -29.4944 -1.52169 0
      vertex -29.7264 -1.42561 2
      vertex -29.4944 -1.52169 2
    endloop
  endfacet
  facet normal 0.382624 0.923904 0
    outer loop
      vertex -29.7264 -1.42561 2
      vertex -29.4944 -1.52169 0
      vertex -29.7264 -1.42561 0
    endloop
  endfacet
  facet normal 0.522463 0.852662 -0
    outer loop
      vertex -29.7264 -1.42561 0
      vertex -29.8135 -1.37224 2
      vertex -29.7264 -1.42561 2
    endloop
  endfacet
  facet normal 0.522439 0.852677 -1.47157e-06
    outer loop
      vertex -29.9405 -1.29443 0
      vertex -29.8135 -1.37224 2
      vertex -29.7264 -1.42561 0
    endloop
  endfacet
  facet normal 0.522422 0.852687 0
    outer loop
      vertex -29.8135 -1.37224 2
      vertex -29.9405 -1.29443 0
      vertex -29.9405 -1.29443 2
    endloop
  endfacet
  facet normal 0.760516 0.649319 0
    outer loop
      vertex -30.1314 -1.13137 2
      vertex -30.2944 -0.940456 0
      vertex -30.2944 -0.940456 2
    endloop
  endfacet
  facet normal 0.760516 0.649319 0
    outer loop
      vertex -30.2944 -0.940456 0
      vertex -30.1314 -1.13137 2
      vertex -30.1314 -1.13137 0
    endloop
  endfacet
  facet normal 0.649485 0.760374 -0
    outer loop
      vertex -29.9405 -1.29443 0
      vertex -30.1314 -1.13137 2
      vertex -29.9405 -1.29443 2
    endloop
  endfacet
  facet normal 0.649485 0.760374 0
    outer loop
      vertex -30.1314 -1.13137 2
      vertex -29.9405 -1.29443 0
      vertex -30.1314 -1.13137 0
    endloop
  endfacet
  facet normal 0.97238 0.233404 0
    outer loop
      vertex -30.5217 -0.494427 2
      vertex -30.5803 -0.250295 0
      vertex -30.5803 -0.250295 2
    endloop
  endfacet
  facet normal 0.97238 0.233404 0
    outer loop
      vertex -30.5803 -0.250295 0
      vertex -30.5217 -0.494427 2
      vertex -30.5217 -0.494427 0
    endloop
  endfacet
  facet normal 0.996917 0.0784645 0
    outer loop
      vertex -30.5803 -0.250295 2
      vertex -30.6 0 0
      vertex -30.6 0 2
    endloop
  endfacet
  facet normal 0.996917 0.0784645 0
    outer loop
      vertex -30.6 0 0
      vertex -30.5803 -0.250295 2
      vertex -30.5803 -0.250295 0
    endloop
  endfacet
  facet normal 0.852611 0.522546 0
    outer loop
      vertex -30.2944 -0.940456 2
      vertex -30.4256 -0.726384 0
      vertex -30.4256 -0.726384 2
    endloop
  endfacet
  facet normal 0.852611 0.522546 0
    outer loop
      vertex -30.4256 -0.726384 0
      vertex -30.2944 -0.940456 2
      vertex -30.2944 -0.940456 0
    endloop
  endfacet
  facet normal -0.996917 -0.0784645 0
    outer loop
      vertex 30.6 0 0
      vertex 30.5803 0.250295 2
      vertex 30.5803 0.250295 0
    endloop
  endfacet
  facet normal -0.996917 -0.0784645 0
    outer loop
      vertex 30.5803 0.250295 2
      vertex 30.6 0 0
      vertex 30.6 0 2
    endloop
  endfacet
  facet normal 0.996917 -0.0784645 0
    outer loop
      vertex 27.4 0 2
      vertex 27.4197 0.250295 0
      vertex 27.4197 0.250295 2
    endloop
  endfacet
  facet normal 0.996917 -0.0784645 0
    outer loop
      vertex 27.4197 0.250295 0
      vertex 27.4 0 2
      vertex 27.4 0 0
    endloop
  endfacet
  facet normal 0.0784629 -0.996917 0
    outer loop
      vertex 28.7497 1.5803 0
      vertex 29 1.6 2
      vertex 28.7497 1.5803 2
    endloop
  endfacet
  facet normal 0.0784629 -0.996917 0
    outer loop
      vertex 29 1.6 2
      vertex 28.7497 1.5803 0
      vertex 29 1.6 0
    endloop
  endfacet
  facet normal -0.0784629 0.996917 0
    outer loop
      vertex 29.2503 -1.5803 0
      vertex 29 -1.6 2
      vertex 29.2503 -1.5803 2
    endloop
  endfacet
  facet normal -0.0784629 0.996917 0
    outer loop
      vertex 29 -1.6 2
      vertex 29.2503 -1.5803 0
      vertex 29 -1.6 0
    endloop
  endfacet
  facet normal -0.649485 -0.760374 0
    outer loop
      vertex 29.9405 1.29443 0
      vertex 30.1314 1.13137 2
      vertex 29.9405 1.29443 2
    endloop
  endfacet
  facet normal -0.649485 -0.760374 -0
    outer loop
      vertex 30.1314 1.13137 2
      vertex 29.9405 1.29443 0
      vertex 30.1314 1.13137 0
    endloop
  endfacet
  facet normal 0.760516 -0.649319 0
    outer loop
      vertex 27.7056 0.940456 2
      vertex 27.8686 1.13137 0
      vertex 27.8686 1.13137 2
    endloop
  endfacet
  facet normal 0.760516 -0.649319 0
    outer loop
      vertex 27.8686 1.13137 0
      vertex 27.7056 0.940456 2
      vertex 27.7056 0.940456 0
    endloop
  endfacet
  facet normal 0.522439 -0.852677 0
    outer loop
      vertex 28.0595 1.29443 0
      vertex 28.2736 1.42561 2
      vertex 28.0595 1.29443 2
    endloop
  endfacet
  facet normal 0.522439 -0.852677 0
    outer loop
      vertex 28.2736 1.42561 2
      vertex 28.0595 1.29443 0
      vertex 28.2736 1.42561 0
    endloop
  endfacet
  facet normal -0.852611 0.522546 0
    outer loop
      vertex 30.2944 -0.940456 0
      vertex 30.4256 -0.726384 2
      vertex 30.4256 -0.726384 0
    endloop
  endfacet
  facet normal -0.852611 0.522546 0
    outer loop
      vertex 30.4256 -0.726384 2
      vertex 30.2944 -0.940456 0
      vertex 30.2944 -0.940456 2
    endloop
  endfacet
  facet normal -0.852611 -0.522546 0
    outer loop
      vertex 30.4256 0.726384 0
      vertex 30.2944 0.940456 2
      vertex 30.2944 0.940456 0
    endloop
  endfacet
  facet normal -0.852611 -0.522546 0
    outer loop
      vertex 30.2944 0.940456 2
      vertex 30.4256 0.726384 0
      vertex 30.4256 0.726384 2
    endloop
  endfacet
  facet normal -0.97238 -0.233404 0
    outer loop
      vertex 30.5803 0.250295 0
      vertex 30.5217 0.494427 2
      vertex 30.5217 0.494427 0
    endloop
  endfacet
  facet normal -0.97238 -0.233404 0
    outer loop
      vertex 30.5217 0.494427 2
      vertex 30.5803 0.250295 0
      vertex 30.5803 0.250295 2
    endloop
  endfacet
  facet normal -0.760504 -0.649334 0
    outer loop
      vertex 30.1314 1.13137 0
      vertex 30.2665 0.97314 2
      vertex 30.1314 1.13137 2
    endloop
  endfacet
  facet normal -0.760516 -0.649319 1.97465e-06
    outer loop
      vertex 30.2944 0.940456 0
      vertex 30.2665 0.97314 2
      vertex 30.1314 1.13137 0
    endloop
  endfacet
  facet normal -0.760576 -0.649249 0
    outer loop
      vertex 30.2665 0.97314 2
      vertex 30.2944 0.940456 0
      vertex 30.2944 0.940456 2
    endloop
  endfacet
  facet normal -0.382624 -0.923904 0
    outer loop
      vertex 29.4944 1.52169 0
      vertex 29.7264 1.42561 2
      vertex 29.4944 1.52169 2
    endloop
  endfacet
  facet normal -0.382624 -0.923904 -0
    outer loop
      vertex 29.7264 1.42561 2
      vertex 29.4944 1.52169 0
      vertex 29.7264 1.42561 0
    endloop
  endfacet
  facet normal -0.233471 -0.972364 0
    outer loop
      vertex 29.2503 1.5803 0
      vertex 29.4944 1.52169 2
      vertex 29.2503 1.5803 2
    endloop
  endfacet
  facet normal -0.233471 -0.972364 -0
    outer loop
      vertex 29.4944 1.52169 2
      vertex 29.2503 1.5803 0
      vertex 29.4944 1.52169 0
    endloop
  endfacet
  facet normal -0.522439 -0.852677 0
    outer loop
      vertex 29.7264 1.42561 0
      vertex 29.9405 1.29443 2
      vertex 29.7264 1.42561 2
    endloop
  endfacet
  facet normal -0.522439 -0.852677 -0
    outer loop
      vertex 29.9405 1.29443 2
      vertex 29.7264 1.42561 0
      vertex 29.9405 1.29443 0
    endloop
  endfacet
  facet normal 0.923851 -0.382752 0
    outer loop
      vertex 27.4783 0.494427 2
      vertex 27.5744 0.726384 0
      vertex 27.5744 0.726384 2
    endloop
  endfacet
  facet normal 0.923851 -0.382752 0
    outer loop
      vertex 27.5744 0.726384 0
      vertex 27.4783 0.494427 2
      vertex 27.4783 0.494427 0
    endloop
  endfacet
  facet normal 0.852611 -0.522546 0
    outer loop
      vertex 27.5744 0.726384 2
      vertex 27.7056 0.940456 0
      vertex 27.7056 0.940456 2
    endloop
  endfacet
  facet normal 0.852611 -0.522546 0
    outer loop
      vertex 27.7056 0.940456 0
      vertex 27.5744 0.726384 2
      vertex 27.5744 0.726384 0
    endloop
  endfacet
  facet normal 0.97238 -0.233404 0
    outer loop
      vertex 27.4197 0.250295 2
      vertex 27.4783 0.494427 0
      vertex 27.4783 0.494427 2
    endloop
  endfacet
  facet normal 0.97238 -0.233404 0
    outer loop
      vertex 27.4783 0.494427 0
      vertex 27.4197 0.250295 2
      vertex 27.4197 0.250295 0
    endloop
  endfacet
  facet normal 0.649485 -0.760374 0
    outer loop
      vertex 27.8686 1.13137 0
      vertex 28.0595 1.29443 2
      vertex 27.8686 1.13137 2
    endloop
  endfacet
  facet normal 0.649485 -0.760374 0
    outer loop
      vertex 28.0595 1.29443 2
      vertex 27.8686 1.13137 0
      vertex 28.0595 1.29443 0
    endloop
  endfacet
  facet normal 0.233471 -0.972364 0
    outer loop
      vertex 28.5056 1.52169 0
      vertex 28.7497 1.5803 2
      vertex 28.5056 1.52169 2
    endloop
  endfacet
  facet normal 0.233471 -0.972364 0
    outer loop
      vertex 28.7497 1.5803 2
      vertex 28.5056 1.52169 0
      vertex 28.7497 1.5803 0
    endloop
  endfacet
  facet normal 0.923851 0.382752 0
    outer loop
      vertex 27.5744 -0.726384 2
      vertex 27.4783 -0.494427 0
      vertex 27.4783 -0.494427 2
    endloop
  endfacet
  facet normal 0.923851 0.382752 0
    outer loop
      vertex 27.4783 -0.494427 0
      vertex 27.5744 -0.726384 2
      vertex 27.5744 -0.726384 0
    endloop
  endfacet
  facet normal -0.233471 0.972364 0
    outer loop
      vertex 29.4944 -1.52169 0
      vertex 29.2503 -1.5803 2
      vertex 29.4944 -1.52169 2
    endloop
  endfacet
  facet normal -0.233471 0.972364 0
    outer loop
      vertex 29.2503 -1.5803 2
      vertex 29.4944 -1.52169 0
      vertex 29.2503 -1.5803 0
    endloop
  endfacet
  facet normal -0.972386 0.23338 0
    outer loop
      vertex 30.5803 -0.250295 0
      vertex 30.5258 -0.477371 2
      vertex 30.5803 -0.250295 2
    endloop
  endfacet
  facet normal -0.97238 0.233404 2.9068e-06
    outer loop
      vertex 30.5217 -0.494427 0
      vertex 30.5258 -0.477371 2
      vertex 30.5803 -0.250295 0
    endloop
  endfacet
  facet normal -0.972302 0.233727 0
    outer loop
      vertex 30.5258 -0.477371 2
      vertex 30.5217 -0.494427 0
      vertex 30.5217 -0.494427 2
    endloop
  endfacet
  facet normal -0.923851 -0.382752 0
    outer loop
      vertex 30.5217 0.494427 0
      vertex 30.4256 0.726384 2
      vertex 30.4256 0.726384 0
    endloop
  endfacet
  facet normal -0.923851 -0.382752 0
    outer loop
      vertex 30.4256 0.726384 2
      vertex 30.5217 0.494427 0
      vertex 30.5217 0.494427 2
    endloop
  endfacet
  facet normal -0.0784629 -0.996917 0
    outer loop
      vertex 29 1.6 0
      vertex 29.2503 1.5803 2
      vertex 29 1.6 2
    endloop
  endfacet
  facet normal -0.0784629 -0.996917 -0
    outer loop
      vertex 29.2503 1.5803 2
      vertex 29 1.6 0
      vertex 29.2503 1.5803 0
    endloop
  endfacet
  facet normal 0.382624 -0.923904 0
    outer loop
      vertex 28.2736 1.42561 0
      vertex 28.5056 1.52169 2
      vertex 28.2736 1.42561 2
    endloop
  endfacet
  facet normal 0.382624 -0.923904 0
    outer loop
      vertex 28.5056 1.52169 2
      vertex 28.2736 1.42561 0
      vertex 28.5056 1.52169 0
    endloop
  endfacet
  facet normal -0.996917 0.0784645 0
    outer loop
      vertex 30.5803 -0.250295 0
      vertex 30.6 0 2
      vertex 30.6 0 0
    endloop
  endfacet
  facet normal -0.996917 0.0784645 0
    outer loop
      vertex 30.6 0 2
      vertex 30.5803 -0.250295 0
      vertex 30.5803 -0.250295 2
    endloop
  endfacet
  facet normal -0.649485 0.760374 0
    outer loop
      vertex 30.1314 -1.13137 0
      vertex 29.9405 -1.29443 2
      vertex 30.1314 -1.13137 2
    endloop
  endfacet
  facet normal -0.649485 0.760374 0
    outer loop
      vertex 29.9405 -1.29443 2
      vertex 30.1314 -1.13137 0
      vertex 29.9405 -1.29443 0
    endloop
  endfacet
  facet normal -0.923851 0.382752 0
    outer loop
      vertex 30.4256 -0.726384 0
      vertex 30.5217 -0.494427 2
      vertex 30.5217 -0.494427 0
    endloop
  endfacet
  facet normal -0.923851 0.382752 0
    outer loop
      vertex 30.5217 -0.494427 2
      vertex 30.4256 -0.726384 0
      vertex 30.4256 -0.726384 2
    endloop
  endfacet
  facet normal 0.23329 0.972407 -0
    outer loop
      vertex 28.7497 -1.5803 0
      vertex 28.661 -1.55902 2
      vertex 28.7497 -1.5803 2
    endloop
  endfacet
  facet normal 0.233471 0.972364 8.48279e-06
    outer loop
      vertex 28.5056 -1.52169 0
      vertex 28.661 -1.55902 2
      vertex 28.7497 -1.5803 0
    endloop
  endfacet
  facet normal 0.233574 0.972339 0
    outer loop
      vertex 28.661 -1.55902 2
      vertex 28.5056 -1.52169 0
      vertex 28.5056 -1.52169 2
    endloop
  endfacet
  facet normal -0.522439 0.852677 0
    outer loop
      vertex 29.9405 -1.29443 0
      vertex 29.7264 -1.42561 2
      vertex 29.9405 -1.29443 2
    endloop
  endfacet
  facet normal -0.522439 0.852677 0
    outer loop
      vertex 29.7264 -1.42561 2
      vertex 29.9405 -1.29443 0
      vertex 29.7264 -1.42561 0
    endloop
  endfacet
  facet normal -0.382624 0.923904 0
    outer loop
      vertex 29.7264 -1.42561 0
      vertex 29.4944 -1.52169 2
      vertex 29.7264 -1.42561 2
    endloop
  endfacet
  facet normal -0.382624 0.923904 0
    outer loop
      vertex 29.4944 -1.52169 2
      vertex 29.7264 -1.42561 0
      vertex 29.4944 -1.52169 0
    endloop
  endfacet
  facet normal -0.760516 0.649319 0
    outer loop
      vertex 30.1314 -1.13137 0
      vertex 30.2944 -0.940456 2
      vertex 30.2944 -0.940456 0
    endloop
  endfacet
  facet normal -0.760516 0.649319 0
    outer loop
      vertex 30.2944 -0.940456 2
      vertex 30.1314 -1.13137 0
      vertex 30.1314 -1.13137 2
    endloop
  endfacet
  facet normal 0.382624 0.923904 -0
    outer loop
      vertex 28.5056 -1.52169 0
      vertex 28.2736 -1.42561 2
      vertex 28.5056 -1.52169 2
    endloop
  endfacet
  facet normal 0.382624 0.923904 0
    outer loop
      vertex 28.2736 -1.42561 2
      vertex 28.5056 -1.52169 0
      vertex 28.2736 -1.42561 0
    endloop
  endfacet
  facet normal 0.522439 0.852677 -0
    outer loop
      vertex 28.2736 -1.42561 0
      vertex 28.0595 -1.29443 2
      vertex 28.2736 -1.42561 2
    endloop
  endfacet
  facet normal 0.522439 0.852677 0
    outer loop
      vertex 28.0595 -1.29443 2
      vertex 28.2736 -1.42561 0
      vertex 28.0595 -1.29443 0
    endloop
  endfacet
  facet normal 0.0784629 0.996917 -0
    outer loop
      vertex 29 -1.6 0
      vertex 28.7497 -1.5803 2
      vertex 29 -1.6 2
    endloop
  endfacet
  facet normal 0.0784629 0.996917 0
    outer loop
      vertex 28.7497 -1.5803 2
      vertex 29 -1.6 0
      vertex 28.7497 -1.5803 0
    endloop
  endfacet
  facet normal 0.760516 0.649319 0
    outer loop
      vertex 27.8686 -1.13137 2
      vertex 27.7056 -0.940456 0
      vertex 27.7056 -0.940456 2
    endloop
  endfacet
  facet normal 0.760516 0.649319 0
    outer loop
      vertex 27.7056 -0.940456 0
      vertex 27.8686 -1.13137 2
      vertex 27.8686 -1.13137 0
    endloop
  endfacet
  facet normal 0.649485 0.760374 -0
    outer loop
      vertex 28.0595 -1.29443 0
      vertex 27.8686 -1.13137 2
      vertex 28.0595 -1.29443 2
    endloop
  endfacet
  facet normal 0.649485 0.760374 0
    outer loop
      vertex 27.8686 -1.13137 2
      vertex 28.0595 -1.29443 0
      vertex 27.8686 -1.13137 0
    endloop
  endfacet
  facet normal 0.972411 0.233274 0
    outer loop
      vertex 27.4715 -0.466225 2
      vertex 27.4197 -0.250295 0
      vertex 27.4197 -0.250295 2
    endloop
  endfacet
  facet normal 0.97214 0.2344 -0
    outer loop
      vertex 27.4783 -0.494427 0
      vertex 27.4715 -0.466225 2
      vertex 27.4783 -0.494427 2
    endloop
  endfacet
  facet normal 0.97238 0.233404 1.48574e-05
    outer loop
      vertex 27.4715 -0.466225 2
      vertex 27.4783 -0.494427 0
      vertex 27.4197 -0.250295 0
    endloop
  endfacet
  facet normal 0.996917 0.0784645 0
    outer loop
      vertex 27.4197 -0.250295 2
      vertex 27.4 0 0
      vertex 27.4 0 2
    endloop
  endfacet
  facet normal 0.996917 0.0784645 0
    outer loop
      vertex 27.4 0 0
      vertex 27.4197 -0.250295 2
      vertex 27.4197 -0.250295 0
    endloop
  endfacet
  facet normal 0.852611 0.522546 0
    outer loop
      vertex 27.7056 -0.940456 2
      vertex 27.5744 -0.726384 0
      vertex 27.5744 -0.726384 2
    endloop
  endfacet
  facet normal 0.852611 0.522546 0
    outer loop
      vertex 27.5744 -0.726384 0
      vertex 27.7056 -0.940456 2
      vertex 27.7056 -0.940456 0
    endloop
  endfacet
  facet normal -1 0 0
    outer loop
      vertex -34 -19 0
      vertex -34 19 2
      vertex -34 19 0
    endloop
  endfacet
  facet normal -1 -0 0
    outer loop
      vertex -34 19 2
      vertex -34 -19 0
      vertex -34 -19 2
    endloop
  endfacet
  facet normal 0 0 1
    outer loop
      vertex -23.7592 -5.60249 2
      vertex -27.4173 0.219366 2
      vertex -27.4 0 2
    endloop
  endfacet
  facet normal -0 0 1
    outer loop
      vertex -17.8886 4.59377 2
      vertex -11.2322 0.915649 2
      vertex -10.7439 4.59377 2
    endloop
  endfacet
  facet normal 0 0 1
    outer loop
      vertex -11.2322 0.915649 2
      vertex -17.8886 4.59377 2
      vertex -17.8886 0.915649 2
    endloop
  endfacet
  facet normal 0 0 1
    outer loop
      vertex 24.2933 2.17697 2
      vertex 22.7005 -1.05093 2
      vertex 22.77 -1.19536 2
    endloop
  endfacet
  facet normal 0 0 1
    outer loop
      vertex 24.2933 2.17697 2
      vertex 22.6235 -0.913284 2
      vertex 22.7005 -1.05093 2
    endloop
  endfacet
  facet normal 0 0 1
    outer loop
      vertex 24.2933 2.17697 2
      vertex 22.5391 -0.78241 2
      vertex 22.6235 -0.913284 2
    endloop
  endfacet
  facet normal 0 0 1
    outer loop
      vertex 24.2933 2.17697 2
      vertex 22.4472 -0.658325 2
      vertex 22.5391 -0.78241 2
    endloop
  endfacet
  facet normal 0 0 1
    outer loop
      vertex 24.2933 2.17697 2
      vertex 22.3479 -0.541016 2
      vertex 22.4472 -0.658325 2
    endloop
  endfacet
  facet normal 0 0 1
    outer loop
      vertex 24.2933 2.17697 2
      vertex 22.2417 -0.429993 2
      vertex 22.3479 -0.541016 2
    endloop
  endfacet
  facet normal 0 0 1
    outer loop
      vertex 24.2933 2.17697 2
      vertex 22.1295 -0.32486 2
      vertex 22.2417 -0.429993 2
    endloop
  endfacet
  facet normal 0 0 1
    outer loop
      vertex 24.2933 2.17697 2
      vertex 22.0112 -0.225616 2
      vertex 22.1295 -0.32486 2
    endloop
  endfacet
  facet normal 0 0 1
    outer loop
      vertex 24.2933 2.17697 2
      vertex 21.8867 -0.132263 2
      vertex 22.0112 -0.225616 2
    endloop
  endfacet
  facet normal 0 0 1
    outer loop
      vertex 24.2933 2.17697 2
      vertex 21.7561 -0.0447998 2
      vertex 21.8867 -0.132263 2
    endloop
  endfacet
  facet normal 0 0 1
    outer loop
      vertex 24.2933 2.17697 2
      vertex 21.6195 0.0367737 2
      vertex 21.7561 -0.0447998 2
    endloop
  endfacet
  facet normal 0 0 1
    outer loop
      vertex 22.7385 3.39761 2
      vertex 21.4781 0.113754 2
      vertex 21.6195 0.0367737 2
    endloop
  endfacet
  facet normal -0 0 1
    outer loop
      vertex 21.2086 3.12906 2
      vertex 21.4781 0.113754 2
      vertex 22.7385 3.39761 2
    endloop
  endfacet
  facet normal 0 0 1
    outer loop
      vertex 21.4781 0.113754 2
      vertex 21.2086 3.12906 2
      vertex 21.3333 0.187347 2
    endloop
  endfacet
  facet normal 0 0 1
    outer loop
      vertex 21.2086 3.12906 2
      vertex 21.1852 0.257538 2
      vertex 21.3333 0.187347 2
    endloop
  endfacet
  facet normal 0 0 1
    outer loop
      vertex 19.0137 0.915192 2
      vertex 21.2086 3.12906 2
      vertex 21.1118 3.41895 2
    endloop
  endfacet
  facet normal 0 0 1
    outer loop
      vertex 21.2086 3.12906 2
      vertex 21.0336 0.324341 2
      vertex 21.1852 0.257538 2
    endloop
  endfacet
  facet normal 0 0 1
    outer loop
      vertex 19.0137 0.915192 2
      vertex 21.1118 3.41895 2
      vertex 20.9898 3.68105 2
    endloop
  endfacet
  facet normal 0 0 1
    outer loop
      vertex 21.2086 3.12906 2
      vertex 20.8786 0.387756 2
      vertex 21.0336 0.324341 2
    endloop
  endfacet
  facet normal 0 0 1
    outer loop
      vertex 18.8378 0.956223 2
      vertex 20.9898 3.68105 2
      vertex 20.8424 3.91533 2
    endloop
  endfacet
  facet normal 0 0 1
    outer loop
      vertex 21.2086 3.12906 2
      vertex 20.7203 0.447769 2
      vertex 20.8786 0.387756 2
    endloop
  endfacet
  facet normal 0 0 1
    outer loop
      vertex 18.8378 0.956223 2
      vertex 20.8424 3.91533 2
      vertex 20.6697 4.1218 2
    endloop
  endfacet
  facet normal 0 0 1
    outer loop
      vertex 21.2086 3.12906 2
      vertex 20.559 0.50473 2
      vertex 20.7203 0.447769 2
    endloop
  endfacet
  facet normal 0 0 1
    outer loop
      vertex 18.8378 0.956223 2
      vertex 20.6697 4.1218 2
      vertex 20.4717 4.30048 2
    endloop
  endfacet
  facet normal 0 0 1
    outer loop
      vertex 21.2086 3.12906 2
      vertex 20.3952 0.55899 2
      vertex 20.559 0.50473 2
    endloop
  endfacet
  facet normal 0 0 1
    outer loop
      vertex 18.8378 0.956223 2
      vertex 20.4717 4.30048 2
      vertex 20.2484 4.45134 2
    endloop
  endfacet
  facet normal 0 0 1
    outer loop
      vertex 21.2086 3.12906 2
      vertex 20.229 0.610519 2
      vertex 20.3952 0.55899 2
    endloop
  endfacet
  facet normal 0 0 1
    outer loop
      vertex 21.2086 3.12906 2
      vertex 20.0603 0.659348 2
      vertex 20.229 0.610519 2
    endloop
  endfacet
  facet normal 0 0 1
    outer loop
      vertex 18.8378 0.956223 2
      vertex 20.2484 4.45134 2
      vertex 19.9972 4.57692 2
    endloop
  endfacet
  facet normal 0 0 1
    outer loop
      vertex 21.2086 3.12906 2
      vertex 19.889 0.70546 2
      vertex 20.0603 0.659348 2
    endloop
  endfacet
  facet normal 0 0 1
    outer loop
      vertex 18.8378 0.956223 2
      vertex 19.9972 4.57692 2
      vertex 19.7158 4.67967 2
    endloop
  endfacet
  facet normal 0 0 1
    outer loop
      vertex 21.2086 3.12906 2
      vertex 19.7153 0.748856 2
      vertex 19.889 0.70546 2
    endloop
  endfacet
  facet normal 0 0 1
    outer loop
      vertex 21.2086 3.12906 2
      vertex 19.5402 0.790771 2
      vertex 19.7153 0.748856 2
    endloop
  endfacet
  facet normal 0 0 1
    outer loop
      vertex 18.6616 0.997009 2
      vertex 19.7158 4.67967 2
      vertex 19.4041 4.75958 2
    endloop
  endfacet
  facet normal 0 0 1
    outer loop
      vertex 21.2086 3.12906 2
      vertex 19.3649 0.832474 2
      vertex 19.5402 0.790771 2
    endloop
  endfacet
  facet normal 0 0 1
    outer loop
      vertex 21.2086 3.12906 2
      vertex 19.1894 0.873947 2
      vertex 19.3649 0.832474 2
    endloop
  endfacet
  facet normal 0 0 1
    outer loop
      vertex 18.6616 0.997009 2
      vertex 19.4041 4.75958 2
      vertex 19.0621 4.81667 2
    endloop
  endfacet
  facet normal 0 0 1
    outer loop
      vertex 21.2086 3.12906 2
      vertex 19.0137 0.915192 2
      vertex 19.1894 0.873947 2
    endloop
  endfacet
  facet normal 0 0 1
    outer loop
      vertex 20.9898 3.68105 2
      vertex 18.8378 0.956223 2
      vertex 19.0137 0.915192 2
    endloop
  endfacet
  facet normal 0 0 1
    outer loop
      vertex 18.1645 1.1106 2
      vertex 19.0621 4.81667 2
      vertex 18.6898 4.85092 2
    endloop
  endfacet
  facet normal 0 0 1
    outer loop
      vertex 19.7158 4.67967 2
      vertex 18.6616 0.997009 2
      vertex 18.8378 0.956223 2
    endloop
  endfacet
  facet normal 0 0 1
    outer loop
      vertex 18.1645 1.1106 2
      vertex 18.6898 4.85092 2
      vertex 18.2872 4.86234 2
    endloop
  endfacet
  facet normal 0 0 1
    outer loop
      vertex 19.0621 4.81667 2
      vertex 18.1645 1.1106 2
      vertex 18.6616 0.997009 2
    endloop
  endfacet
  facet normal 0 0 1
    outer loop
      vertex 17.7258 1.21808 2
      vertex 18.2872 4.86234 2
      vertex 17.8469 4.84967 2
    endloop
  endfacet
  facet normal 0 0 1
    outer loop
      vertex 18.2872 4.86234 2
      vertex 17.7258 1.21808 2
      vertex 18.1645 1.1106 2
    endloop
  endfacet
  facet normal 0 0 1
    outer loop
      vertex 17.3453 1.31946 2
      vertex 17.8469 4.84967 2
      vertex 17.4427 4.81169 2
    endloop
  endfacet
  facet normal 0 0 1
    outer loop
      vertex 17.8469 4.84967 2
      vertex 17.3453 1.31946 2
      vertex 17.7258 1.21808 2
    endloop
  endfacet
  facet normal 0 0 1
    outer loop
      vertex 17.0232 1.41472 2
      vertex 17.4427 4.81169 2
      vertex 17.0747 4.7484 2
    endloop
  endfacet
  facet normal 0 0 1
    outer loop
      vertex 17.4427 4.81169 2
      vertex 17.0232 1.41472 2
      vertex 17.3453 1.31946 2
    endloop
  endfacet
  facet normal 0 0 1
    outer loop
      vertex 17.0747 4.7484 2
      vertex 16.7594 1.50388 2
      vertex 17.0232 1.41472 2
    endloop
  endfacet
  facet normal -0 0 1
    outer loop
      vertex 16.7429 4.65977 2
      vertex 16.7594 1.50388 2
      vertex 17.0747 4.7484 2
    endloop
  endfacet
  facet normal 0 0 1
    outer loop
      vertex 16.7429 4.65977 2
      vertex 16.5539 1.58693 2
      vertex 16.7594 1.50388 2
    endloop
  endfacet
  facet normal -0 0 1
    outer loop
      vertex 16.4472 4.54584 2
      vertex 16.5539 1.58693 2
      vertex 16.7429 4.65977 2
    endloop
  endfacet
  facet normal 0 0 1
    outer loop
      vertex 16.4472 4.54584 2
      vertex 16.3845 1.66991 2
      vertex 16.5539 1.58693 2
    endloop
  endfacet
  facet normal 0 0 1
    outer loop
      vertex 16.4472 4.54584 2
      vertex 16.2288 1.75876 2
      vertex 16.3845 1.66991 2
    endloop
  endfacet
  facet normal -0 0 1
    outer loop
      vertex 16.1877 4.40657 2
      vertex 16.2288 1.75876 2
      vertex 16.4472 4.54584 2
    endloop
  endfacet
  facet normal 0 0 1
    outer loop
      vertex 16.1877 4.40657 2
      vertex 16.087 1.85349 2
      vertex 16.2288 1.75876 2
    endloop
  endfacet
  facet normal 0 0 1
    outer loop
      vertex 15.4836 3.33633 2
      vertex 16.1877 4.40657 2
      vertex 15.9664 4.24226 2
    endloop
  endfacet
  facet normal 0 0 1
    outer loop
      vertex 16.1877 4.40657 2
      vertex 15.4836 3.33633 2
      vertex 16.087 1.85349 2
    endloop
  endfacet
  facet normal -0 0 1
    outer loop
      vertex 15.4635 3.0477 2
      vertex 16.087 1.85349 2
      vertex 15.4836 3.33633 2
    endloop
  endfacet
  facet normal 0 0 1
    outer loop
      vertex 15.4836 3.33633 2
      vertex 15.9664 4.24226 2
      vertex 15.7853 4.05309 2
    endloop
  endfacet
  facet normal 0 0 1
    outer loop
      vertex 16.087 1.85349 2
      vertex 15.4635 3.0477 2
      vertex 15.9589 1.95409 2
    endloop
  endfacet
  facet normal -0 -0 1
    outer loop
      vertex 15.4713 2.87646 2
      vertex 15.9589 1.95409 2
      vertex 15.4635 3.0477 2
    endloop
  endfacet
  facet normal 0 0 1
    outer loop
      vertex 15.4836 3.33633 2
      vertex 15.7853 4.05309 2
      vertex 15.6445 3.83904 2
    endloop
  endfacet
  facet normal 0 0 1
    outer loop
      vertex 15.9589 1.95409 2
      vertex 15.4713 2.87646 2
      vertex 15.8446 2.06055 2
    endloop
  endfacet
  facet normal 0 0 1
    outer loop
      vertex 15.4836 3.33633 2
      vertex 15.6445 3.83904 2
      vertex 15.5439 3.60011 2
    endloop
  endfacet
  facet normal -0 -0 1
    outer loop
      vertex 15.4947 2.71539 2
      vertex 15.8446 2.06055 2
      vertex 15.4713 2.87646 2
    endloop
  endfacet
  facet normal 0 0 1
    outer loop
      vertex 15.8446 2.06055 2
      vertex 15.4947 2.71539 2
      vertex 15.7441 2.1729 2
    endloop
  endfacet
  facet normal 0 0 1
    outer loop
      vertex 15.7441 2.1729 2
      vertex 15.4947 2.71539 2
      vertex 15.6584 2.29326 2
    endloop
  endfacet
  facet normal 0 0 1
    outer loop
      vertex 15.5882 2.4238 2
      vertex 15.4947 2.71539 2
      vertex 15.5336 2.56451 2
    endloop
  endfacet
  facet normal 0 0 1
    outer loop
      vertex 15.6584 2.29326 2
      vertex 15.4947 2.71539 2
      vertex 15.5882 2.4238 2
    endloop
  endfacet
  facet normal 0 0 1
    outer loop
      vertex 20.7786 -1.1947 2
      vertex 21.469 -2.51837 2
      vertex 21.4619 -2.33708 2
    endloop
  endfacet
  facet normal 0 0 1
    outer loop
      vertex 20.9044 -1.2876 2
      vertex 21.4619 -2.33708 2
      vertex 21.4405 -2.16756 2
    endloop
  endfacet
  facet normal 0 0 1
    outer loop
      vertex 21.0187 -1.38727 2
      vertex 21.4405 -2.16756 2
      vertex 21.4049 -2.00978 2
    endloop
  endfacet
  facet normal 0 0 1
    outer loop
      vertex 21.4619 -2.33708 2
      vertex 20.9044 -1.2876 2
      vertex 20.7786 -1.1947 2
    endloop
  endfacet
  facet normal 0 0 1
    outer loop
      vertex 21.1215 -1.49373 2
      vertex 21.4049 -2.00978 2
      vertex 21.3551 -1.86375 2
    endloop
  endfacet
  facet normal 0 0 1
    outer loop
      vertex 21.1215 -1.49373 2
      vertex 21.3551 -1.86375 2
      vertex 21.291 -1.72949 2
    endloop
  endfacet
  facet normal 0 0 1
    outer loop
      vertex 21.4049 -2.00978 2
      vertex 21.1215 -1.49373 2
      vertex 21.0187 -1.38727 2
    endloop
  endfacet
  facet normal 0 0 1
    outer loop
      vertex 21.1215 -1.49373 2
      vertex 21.291 -1.72949 2
      vertex 21.2127 -1.60698 2
    endloop
  endfacet
  facet normal 0 0 1
    outer loop
      vertex 21.4405 -2.16756 2
      vertex 21.0187 -1.38727 2
      vertex 20.9044 -1.2876 2
    endloop
  endfacet
  facet normal 0 0 1
    outer loop
      vertex 20.6413 -1.10861 2
      vertex 21.469 -2.51837 2
      vertex 20.7786 -1.1947 2
    endloop
  endfacet
  facet normal 0 0 1
    outer loop
      vertex 21.469 -2.51837 2
      vertex 20.6413 -1.10861 2
      vertex 21.4463 -2.83856 2
    endloop
  endfacet
  facet normal 0 -0 1
    outer loop
      vertex 20.9011 -3.85033 2
      vertex 21.4463 -2.83856 2
      vertex 20.6413 -1.10861 2
    endloop
  endfacet
  facet normal 0 0 1
    outer loop
      vertex 21.4463 -2.83856 2
      vertex 20.9011 -3.85033 2
      vertex 21.3781 -3.13185 2
    endloop
  endfacet
  facet normal 0 0 1
    outer loop
      vertex 21.3781 -3.13185 2
      vertex 21.1055 -3.63773 2
      vertex 21.2645 -3.39824 2
    endloop
  endfacet
  facet normal 0 0 1
    outer loop
      vertex 21.3781 -3.13185 2
      vertex 20.9011 -3.85033 2
      vertex 21.1055 -3.63773 2
    endloop
  endfacet
  facet normal 0 0 1
    outer loop
      vertex 20.9011 -3.85033 2
      vertex 20.6413 -1.10861 2
      vertex 20.6512 -4.03601 2
    endloop
  endfacet
  facet normal 0 0 1
    outer loop
      vertex 20.4924 -1.0293 2
      vertex 20.6512 -4.03601 2
      vertex 20.6413 -1.10861 2
    endloop
  endfacet
  facet normal 0 0 1
    outer loop
      vertex 20.4924 -1.0293 2
      vertex 20.3595 -4.19389 2
      vertex 20.6512 -4.03601 2
    endloop
  endfacet
  facet normal 0 0 1
    outer loop
      vertex 20.3329 -0.955368 2
      vertex 20.3595 -4.19389 2
      vertex 20.4924 -1.0293 2
    endloop
  endfacet
  facet normal 0 0 1
    outer loop
      vertex 20.1633 -0.885513 2
      vertex 20.3595 -4.19389 2
      vertex 20.3329 -0.955368 2
    endloop
  endfacet
  facet normal 0 0 1
    outer loop
      vertex 20.1633 -0.885513 2
      vertex 20.0296 -4.32307 2
      vertex 20.3595 -4.19389 2
    endloop
  endfacet
  facet normal 0 0 1
    outer loop
      vertex 19.9839 -0.819748 2
      vertex 20.0296 -4.32307 2
      vertex 20.1633 -0.885513 2
    endloop
  endfacet
  facet normal 0 0 1
    outer loop
      vertex 19.6615 -4.42355 2
      vertex 19.9839 -0.819748 2
      vertex 19.7944 -0.758041 2
    endloop
  endfacet
  facet normal 0 0 1
    outer loop
      vertex 19.9839 -0.819748 2
      vertex 19.6615 -4.42355 2
      vertex 20.0296 -4.32307 2
    endloop
  endfacet
  facet normal 0 0 1
    outer loop
      vertex 19.5951 -0.700409 2
      vertex 19.6615 -4.42355 2
      vertex 19.7944 -0.758041 2
    endloop
  endfacet
  facet normal 0 0 1
    outer loop
      vertex 19.2551 -4.49532 2
      vertex 19.5951 -0.700409 2
      vertex 19.3858 -0.646851 2
    endloop
  endfacet
  facet normal 0 0 1
    outer loop
      vertex 19.5951 -0.700409 2
      vertex 19.2551 -4.49532 2
      vertex 19.6615 -4.42355 2
    endloop
  endfacet
  facet normal 0 0 1
    outer loop
      vertex 18.8106 -4.53838 2
      vertex 19.3858 -0.646851 2
      vertex 19.1677 -0.59462 2
    endloop
  endfacet
  facet normal 0 0 1
    outer loop
      vertex 18.8106 -4.53838 2
      vertex 19.1677 -0.59462 2
      vertex 18.9418 -0.541031 2
    endloop
  endfacet
  facet normal 0 0 1
    outer loop
      vertex 19.3858 -0.646851 2
      vertex 18.8106 -4.53838 2
      vertex 19.2551 -4.49532 2
    endloop
  endfacet
  facet normal 0 0 1
    outer loop
      vertex 18.3279 -4.55273 2
      vertex 18.9418 -0.541031 2
      vertex 18.7084 -0.486084 2
    endloop
  endfacet
  facet normal 0 0 1
    outer loop
      vertex 17.8593 -4.53928 2
      vertex 18.7084 -0.486084 2
      vertex 18.4672 -0.429779 2
    endloop
  endfacet
  facet normal 0 0 1
    outer loop
      vertex 18.9418 -0.541031 2
      vertex 18.3279 -4.55273 2
      vertex 18.8106 -4.53838 2
    endloop
  endfacet
  facet normal 0 0 1
    outer loop
      vertex 17.8593 -4.53928 2
      vertex 18.4672 -0.429779 2
      vertex 18.2183 -0.372131 2
    endloop
  endfacet
  facet normal 0 0 1
    outer loop
      vertex 17.4246 -4.49893 2
      vertex 18.2183 -0.372131 2
      vertex 17.9617 -0.313126 2
    endloop
  endfacet
  facet normal 0 0 1
    outer loop
      vertex 18.7084 -0.486084 2
      vertex 17.8593 -4.53928 2
      vertex 18.3279 -4.55273 2
    endloop
  endfacet
  facet normal 0 0 1
    outer loop
      vertex 16.657 -4.33754 2
      vertex 17.9617 -0.313126 2
      vertex 17.5269 -0.212769 2
    endloop
  endfacet
  facet normal 0 0 1
    outer loop
      vertex 18.2183 -0.372131 2
      vertex 17.4246 -4.49893 2
      vertex 17.8593 -4.53928 2
    endloop
  endfacet
  facet normal 0 0 1
    outer loop
      vertex 14.9183 -2.55089 2
      vertex 17.5269 -0.212769 2
      vertex 17.1285 -0.112411 2
    endloop
  endfacet
  facet normal 0 0 1
    outer loop
      vertex 17.9617 -0.313126 2
      vertex 17.0238 -4.43169 2
      vertex 17.4246 -4.49893 2
    endloop
  endfacet
  facet normal 0 0 1
    outer loop
      vertex 14.9183 -2.55089 2
      vertex 17.1285 -0.112411 2
      vertex 16.7665 -0.0120544 2
    endloop
  endfacet
  facet normal 0 0 1
    outer loop
      vertex 17.9617 -0.313126 2
      vertex 16.657 -4.33754 2
      vertex 17.0238 -4.43169 2
    endloop
  endfacet
  facet normal 0 0 1
    outer loop
      vertex 14.9183 -2.55089 2
      vertex 16.7665 -0.0120544 2
      vertex 16.4409 0.0882874 2
    endloop
  endfacet
  facet normal 0 0 1
    outer loop
      vertex 17.5269 -0.212769 2
      vertex 16.324 -4.21648 2
      vertex 16.657 -4.33754 2
    endloop
  endfacet
  facet normal 0 0 1
    outer loop
      vertex 14.9183 -2.55089 2
      vertex 16.4409 0.0882874 2
      vertex 16.1517 0.18866 2
    endloop
  endfacet
  facet normal 0 0 1
    outer loop
      vertex 17.5269 -0.212769 2
      vertex 14.9183 -2.55089 2
      vertex 15.0214 -2.88011 2
    endloop
  endfacet
  facet normal 0 0 1
    outer loop
      vertex 14.9183 -2.55089 2
      vertex 16.1517 0.18866 2
      vertex 15.8988 0.289017 2
    endloop
  endfacet
  facet normal 0 0 1
    outer loop
      vertex 17.5269 -0.212769 2
      vertex 15.0214 -2.88011 2
      vertex 15.157 -3.17883 2
    endloop
  endfacet
  facet normal 0 0 1
    outer loop
      vertex 14.9183 -2.55089 2
      vertex 15.8988 0.289017 2
      vertex 15.6725 0.391296 2
    endloop
  endfacet
  facet normal 0 0 1
    outer loop
      vertex 17.5269 -0.212769 2
      vertex 16.0249 -4.06853 2
      vertex 16.324 -4.21648 2
    endloop
  endfacet
  facet normal 0 0 1
    outer loop
      vertex 14.9183 -2.55089 2
      vertex 15.6725 0.391296 2
      vertex 15.4626 0.497406 2
    endloop
  endfacet
  facet normal 0 0 1
    outer loop
      vertex 17.5269 -0.212769 2
      vertex 15.7591 -3.89188 2
      vertex 16.0249 -4.06853 2
    endloop
  endfacet
  facet normal 0 0 1
    outer loop
      vertex 14.9183 -2.55089 2
      vertex 15.4626 0.497406 2
      vertex 15.2692 0.607376 2
    endloop
  endfacet
  facet normal 0 0 1
    outer loop
      vertex 17.5269 -0.212769 2
      vertex 15.5259 -3.68471 2
      vertex 15.7591 -3.89188 2
    endloop
  endfacet
  facet normal 0 0 1
    outer loop
      vertex 14.9183 -2.55089 2
      vertex 15.2692 0.607376 2
      vertex 15.0924 0.721176 2
    endloop
  endfacet
  facet normal 0 0 1
    outer loop
      vertex 17.5269 -0.212769 2
      vertex 15.3252 -3.44702 2
      vertex 15.5259 -3.68471 2
    endloop
  endfacet
  facet normal 0 0 1
    outer loop
      vertex 14.9183 -2.55089 2
      vertex 15.0924 0.721176 2
      vertex 14.932 0.838806 2
    endloop
  endfacet
  facet normal 0 0 1
    outer loop
      vertex 17.5269 -0.212769 2
      vertex 15.157 -3.17883 2
      vertex 15.3252 -3.44702 2
    endloop
  endfacet
  facet normal 0 0 1
    outer loop
      vertex 11.6516 -1.28957 2
      vertex 14.932 0.838806 2
      vertex 14.7881 0.960297 2
    endloop
  endfacet
  facet normal 0 0 1
    outer loop
      vertex 11.6516 -1.28957 2
      vertex 14.7881 0.960297 2
      vertex 14.6578 1.08723 2
    endloop
  endfacet
  facet normal 0 0 1
    outer loop
      vertex 11.6516 -1.28957 2
      vertex 14.6578 1.08723 2
      vertex 14.5381 1.22118 2
    endloop
  endfacet
  facet normal 0 0 1
    outer loop
      vertex 11.6516 -1.28957 2
      vertex 14.5381 1.22118 2
      vertex 14.429 1.36211 2
    endloop
  endfacet
  facet normal 0 0 1
    outer loop
      vertex 11.6516 -1.28957 2
      vertex 14.429 1.36211 2
      vertex 14.3306 1.51006 2
    endloop
  endfacet
  facet normal 0 0 1
    outer loop
      vertex 11.6516 -1.28957 2
      vertex 14.3306 1.51006 2
      vertex 14.2427 1.66499 2
    endloop
  endfacet
  facet normal 0 0 1
    outer loop
      vertex 11.6516 -1.28957 2
      vertex 14.2427 1.66499 2
      vertex 14.1655 1.82693 2
    endloop
  endfacet
  facet normal 0 0 1
    outer loop
      vertex 11.6516 -1.28957 2
      vertex 14.1655 1.82693 2
      vertex 14.0997 1.99648 2
    endloop
  endfacet
  facet normal 0 0 1
    outer loop
      vertex 11.6516 -1.28957 2
      vertex 14.0997 1.99648 2
      vertex 14.0457 2.17418 2
    endloop
  endfacet
  facet normal 0 0 1
    outer loop
      vertex 11.6516 -1.28957 2
      vertex 14.0457 2.17418 2
      vertex 14.0038 2.36 2
    endloop
  endfacet
  facet normal 0 0 1
    outer loop
      vertex 14.932 0.838806 2
      vertex 11.6516 -1.28957 2
      vertex 13.4129 -2.85197 2
    endloop
  endfacet
  facet normal 0 0 1
    outer loop
      vertex 11.6516 -1.28957 2
      vertex 14.0038 2.36 2
      vertex 13.9739 2.55397 2
    endloop
  endfacet
  facet normal 0 0 1
    outer loop
      vertex 11.6516 -1.28957 2
      vertex 13.9739 2.55397 2
      vertex 13.9559 2.75609 2
    endloop
  endfacet
  facet normal 0 0 1
    outer loop
      vertex 11.6516 5.86325 2
      vertex 13.9559 2.75609 2
      vertex 13.9499 2.96634 2
    endloop
  endfacet
  facet normal 0 0 1
    outer loop
      vertex 6.84241 -4.50389 2
      vertex 3.74208 -1.30589 2
      vertex 3.76424 -1.8084 2
    endloop
  endfacet
  facet normal 0 0 1
    outer loop
      vertex 2.25192 -2.29506 2
      vertex -3.44395 0.411057 2
      vertex 0.811951 -5.60249 2
    endloop
  endfacet
  facet normal -0 0 1
    outer loop
      vertex -10.7439 4.59377 2
      vertex -5.21791 0.354172 2
      vertex -9.24596 5.86325 2
    endloop
  endfacet
  facet normal 0 0 1
    outer loop
      vertex -5.21791 0.354172 2
      vertex -10.7439 4.59377 2
      vertex -11.2322 0.915649 2
    endloop
  endfacet
  facet normal 0 0 1
    outer loop
      vertex -5.21791 0.354172 2
      vertex -11.2322 0.915649 2
      vertex -11.2322 -0.337494 2
    endloop
  endfacet
  facet normal 0 0 1
    outer loop
      vertex -5.21791 0.354172 2
      vertex -11.2322 -0.337494 2
      vertex -10.4103 -4.33301 2
    endloop
  endfacet
  facet normal 0 0 1
    outer loop
      vertex -17.8886 -4.33301 2
      vertex -11.2322 -0.337494 2
      vertex -17.8886 -0.337494 2
    endloop
  endfacet
  facet normal 0 0 1
    outer loop
      vertex -11.2322 -0.337494 2
      vertex -17.8886 -4.33301 2
      vertex -10.4103 -4.33301 2
    endloop
  endfacet
  facet normal 0 0 1
    outer loop
      vertex -23.2194 -3.45963 2
      vertex -29.3904 5.86325 2
      vertex -23.1896 -3.96689 2
    endloop
  endfacet
  facet normal 0 0 1
    outer loop
      vertex -23.2439 -3.00121 2
      vertex -29.3904 5.86325 2
      vertex -23.2194 -3.45963 2
    endloop
  endfacet
  facet normal 0 0 1
    outer loop
      vertex -23.2629 -2.5916 2
      vertex -29.3904 5.86325 2
      vertex -23.2439 -3.00121 2
    endloop
  endfacet
  facet normal 0 0 1
    outer loop
      vertex -23.2764 -2.23083 2
      vertex -29.3904 5.86325 2
      vertex -23.2629 -2.5916 2
    endloop
  endfacet
  facet normal 0 0 1
    outer loop
      vertex -23.2846 -1.91891 2
      vertex -29.3904 5.86325 2
      vertex -23.2764 -2.23083 2
    endloop
  endfacet
  facet normal 0 0 1
    outer loop
      vertex -29.3904 5.86325 2
      vertex -23.2846 -1.91891 2
      vertex -23.2873 -1.65581 2
    endloop
  endfacet
  facet normal -0 0 1
    outer loop
      vertex 30.5217 -0.494427 2
      vertex 30.5137 -0.765366 2
      vertex 30.5258 -0.477371 2
    endloop
  endfacet
  facet normal -0 0 1
    outer loop
      vertex 30.4256 -0.726384 2
      vertex 30.5137 -0.765366 2
      vertex 30.5217 -0.494427 2
    endloop
  endfacet
  facet normal 0 0 1
    outer loop
      vertex 30.2944 -0.940456 2
      vertex 30.5137 -0.765366 2
      vertex 30.4256 -0.726384 2
    endloop
  endfacet
  facet normal 0 0 1
    outer loop
      vertex 30.5137 -0.765366 2
      vertex 30.2944 -0.940456 2
      vertex 30.448 -1.4062 2
    endloop
  endfacet
  facet normal -0 0 1
    outer loop
      vertex 30.1314 -1.13137 2
      vertex 30.448 -1.4062 2
      vertex 30.2944 -0.940456 2
    endloop
  endfacet
  facet normal -0 0 1
    outer loop
      vertex 29.9405 -1.29443 2
      vertex 30.448 -1.4062 2
      vertex 30.1314 -1.13137 2
    endloop
  endfacet
  facet normal 0 0 1
    outer loop
      vertex 30.448 -1.4062 2
      vertex 29.9405 -1.29443 2
      vertex 30.3456 -1.99142 2
    endloop
  endfacet
  facet normal -0 0 1
    outer loop
      vertex 29.7264 -1.42561 2
      vertex 30.3456 -1.99142 2
      vertex 29.9405 -1.29443 2
    endloop
  endfacet
  facet normal -0 0 1
    outer loop
      vertex 29.4944 -1.52169 2
      vertex 30.3456 -1.99142 2
      vertex 29.7264 -1.42561 2
    endloop
  endfacet
  facet normal 0 0 1
    outer loop
      vertex 30.3456 -1.99142 2
      vertex 29.4944 -1.52169 2
      vertex 30.2066 -2.52104 2
    endloop
  endfacet
  facet normal -0 0 1
    outer loop
      vertex 29.2503 -1.5803 2
      vertex 30.2066 -2.52104 2
      vertex 29.4944 -1.52169 2
    endloop
  endfacet
  facet normal 0 0 1
    outer loop
      vertex 30.2066 -2.52104 2
      vertex 29.2503 -1.5803 2
      vertex 30.0309 -2.99506 2
    endloop
  endfacet
  facet normal -0 0 1
    outer loop
      vertex 29 -1.6 2
      vertex 30.0309 -2.99506 2
      vertex 29.2503 -1.5803 2
    endloop
  endfacet
  facet normal 0 0 1
    outer loop
      vertex 30.0309 -2.99506 2
      vertex 29 -1.6 2
      vertex 29.8187 -3.41345 2
    endloop
  endfacet
  facet normal 0 0 1
    outer loop
      vertex 28.7497 -1.5803 2
      vertex 29.8187 -3.41345 2
      vertex 29 -1.6 2
    endloop
  endfacet
  facet normal -0 0 1
    outer loop
      vertex 28.3069 -1.63907 2
      vertex 29.8187 -3.41345 2
      vertex 28.7497 -1.5803 2
    endloop
  endfacet
  facet normal 0 0 1
    outer loop
      vertex 29.8187 -3.41345 2
      vertex 28.3069 -1.63907 2
      vertex 29.5723 -3.7715 2
    endloop
  endfacet
  facet normal 0 0 1
    outer loop
      vertex 29.5723 -3.7715 2
      vertex 28.3069 -1.63907 2
      vertex 29.2943 -4.06445 2
    endloop
  endfacet
  facet normal -0 0 1
    outer loop
      vertex 28.6001 -1.57748 2
      vertex 28.7497 -1.5803 2
      vertex 28.661 -1.55902 2
    endloop
  endfacet
  facet normal 0 0 1
    outer loop
      vertex 28.3069 -1.63907 2
      vertex 28.7497 -1.5803 2
      vertex 28.6001 -1.57748 2
    endloop
  endfacet
  facet normal -0 0 1
    outer loop
      vertex 28.0051 -1.67601 2
      vertex 29.2943 -4.06445 2
      vertex 28.3069 -1.63907 2
    endloop
  endfacet
  facet normal 0 0 1
    outer loop
      vertex 29.2943 -4.06445 2
      vertex 28.0051 -1.67601 2
      vertex 28.9846 -4.2923 2
    endloop
  endfacet
  facet normal 0 0 1
    outer loop
      vertex 28.9846 -4.2923 2
      vertex 28.0051 -1.67601 2
      vertex 28.6433 -4.45505 2
    endloop
  endfacet
  facet normal 0 0 1
    outer loop
      vertex 28.6433 -4.45505 2
      vertex 28.0051 -1.67601 2
      vertex 28.2703 -4.5527 2
    endloop
  endfacet
  facet normal 0 0 1
    outer loop
      vertex 28.0051 -1.67601 2
      vertex 27.8657 -4.58525 2
      vertex 28.2703 -4.5527 2
    endloop
  endfacet
  facet normal -0 0 1
    outer loop
      vertex 27.6948 -1.68834 2
      vertex 27.8657 -4.58525 2
      vertex 28.0051 -1.67601 2
    endloop
  endfacet
  facet normal 0 0 1
    outer loop
      vertex 27.6948 -1.68834 2
      vertex 27.396 -4.54547 2
      vertex 27.8657 -4.58525 2
    endloop
  endfacet
  facet normal 0 0 1
    outer loop
      vertex 26.3394 -3.94872 2
      vertex 27.6948 -1.68834 2
      vertex 27.1966 -1.65895 2
    endloop
  endfacet
  facet normal 0 0 1
    outer loop
      vertex 27.6948 -1.68834 2
      vertex 26.985 -4.42612 2
      vertex 27.396 -4.54547 2
    endloop
  endfacet
  facet normal 0 0 1
    outer loop
      vertex 25.9289 -3.15305 2
      vertex 27.1966 -1.65895 2
      vertex 26.7327 -1.5708 2
    endloop
  endfacet
  facet normal 0 0 1
    outer loop
      vertex 27.6948 -1.68834 2
      vertex 26.6328 -4.2272 2
      vertex 26.985 -4.42612 2
    endloop
  endfacet
  facet normal 0 0 1
    outer loop
      vertex 27.6948 -1.68834 2
      vertex 26.3394 -3.94872 2
      vertex 26.6328 -4.2272 2
    endloop
  endfacet
  facet normal 0 0 1
    outer loop
      vertex 25.9289 -3.15305 2
      vertex 26.7327 -1.5708 2
      vertex 26.3032 -1.42389 2
    endloop
  endfacet
  facet normal 0 0 1
    outer loop
      vertex 27.1966 -1.65895 2
      vertex 26.1048 -3.59067 2
      vertex 26.3394 -3.94872 2
    endloop
  endfacet
  facet normal 0 0 1
    outer loop
      vertex 27.1966 -1.65895 2
      vertex 25.9289 -3.15305 2
      vertex 26.1048 -3.59067 2
    endloop
  endfacet
  facet normal 0 0 1
    outer loop
      vertex 25.9081 -1.2182 2
      vertex 25.9289 -3.15305 2
      vertex 26.3032 -1.42389 2
    endloop
  endfacet
  facet normal 0 0 1
    outer loop
      vertex 24.5293 -3.37277 2
      vertex 25.9081 -1.2182 2
      vertex 25.5473 -0.953751 2
    endloop
  endfacet
  facet normal 0 0 1
    outer loop
      vertex 23.007 -2.43701 2
      vertex 25.5473 -0.953751 2
      vertex 25.2209 -0.630539 2
    endloop
  endfacet
  facet normal 0 0 1
    outer loop
      vertex 23.007 -2.43701 2
      vertex 25.2209 -0.630539 2
      vertex 24.9375 -0.258682 2
    endloop
  endfacet
  facet normal 0 0 1
    outer loop
      vertex 23.007 -2.43701 2
      vertex 24.9375 -0.258682 2
      vertex 24.7056 0.151581 2
    endloop
  endfacet
  facet normal 0 0 1
    outer loop
      vertex 25.9081 -1.2182 2
      vertex 24.5293 -3.37277 2
      vertex 25.9289 -3.15305 2
    endloop
  endfacet
  facet normal 0 0 1
    outer loop
      vertex 23.007 -2.43701 2
      vertex 24.7056 0.151581 2
      vertex 24.5252 0.600296 2
    endloop
  endfacet
  facet normal 0 0 1
    outer loop
      vertex 34 19 2
      vertex 31.9914 0.362335 2
      vertex 34 -19 2
    endloop
  endfacet
  facet normal 0 0 1
    outer loop
      vertex 34 19 2
      vertex 31.9641 1.26941 2
      vertex 31.9914 0.362335 2
    endloop
  endfacet
  facet normal 0 0 1
    outer loop
      vertex 34 19 2
      vertex 31.882 2.09738 2
      vertex 31.9641 1.26941 2
    endloop
  endfacet
  facet normal 0 0 1
    outer loop
      vertex 34 19 2
      vertex 31.7452 2.84624 2
      vertex 31.882 2.09738 2
    endloop
  endfacet
  facet normal 0 0 1
    outer loop
      vertex 34 19 2
      vertex 31.5537 3.51599 2
      vertex 31.7452 2.84624 2
    endloop
  endfacet
  facet normal 0 0 1
    outer loop
      vertex 34 19 2
      vertex 31.3076 4.10661 2
      vertex 31.5537 3.51599 2
    endloop
  endfacet
  facet normal 0 0 1
    outer loop
      vertex 34 19 2
      vertex 31.0067 4.61813 2
      vertex 31.3076 4.10661 2
    endloop
  endfacet
  facet normal 0 0 1
    outer loop
      vertex 34 19 2
      vertex 30.6527 5.0508 2
      vertex 31.0067 4.61813 2
    endloop
  endfacet
  facet normal 0 0 1
    outer loop
      vertex 34 19 2
      vertex 30.2472 5.4048 2
      vertex 30.6527 5.0508 2
    endloop
  endfacet
  facet normal 0 0 1
    outer loop
      vertex 34 19 2
      vertex 29.7901 5.68013 2
      vertex 30.2472 5.4048 2
    endloop
  endfacet
  facet normal 0 0 1
    outer loop
      vertex 34 19 2
      vertex 29.2816 5.8768 2
      vertex 29.7901 5.68013 2
    endloop
  endfacet
  facet normal 0 0 1
    outer loop
      vertex 34 19 2
      vertex 28.7214 5.9948 2
      vertex 29.2816 5.8768 2
    endloop
  endfacet
  facet normal 0 0 1
    outer loop
      vertex 34 19 2
      vertex 28.1098 6.03413 2
      vertex 28.7214 5.9948 2
    endloop
  endfacet
  facet normal 0 0 1
    outer loop
      vertex 34 19 2
      vertex 27.5322 6.00554 2
      vertex 28.1098 6.03413 2
    endloop
  endfacet
  facet normal 0 0 1
    outer loop
      vertex 34 19 2
      vertex 26.9986 5.91974 2
      vertex 27.5322 6.00554 2
    endloop
  endfacet
  facet normal 0 0 1
    outer loop
      vertex 34 19 2
      vertex 26.5088 5.77676 2
      vertex 26.9986 5.91974 2
    endloop
  endfacet
  facet normal 0 0 1
    outer loop
      vertex 20.4988 5.76826 2
      vertex 26.5088 5.77676 2
      vertex 34 19 2
    endloop
  endfacet
  facet normal 0 -0 1
    outer loop
      vertex 20.9199 5.61871 2
      vertex 26.5088 5.77676 2
      vertex 20.4988 5.76826 2
    endloop
  endfacet
  facet normal 0 0 1
    outer loop
      vertex 26.5088 5.77676 2
      vertex 20.9199 5.61871 2
      vertex 26.0628 5.57658 2
    endloop
  endfacet
  facet normal 0 0 1
    outer loop
      vertex 26.0628 5.57658 2
      vertex 21.2899 5.43593 2
      vertex 25.6606 5.31921 2
    endloop
  endfacet
  facet normal 0 0 1
    outer loop
      vertex 22.7385 3.39761 2
      vertex 24.2933 2.17697 2
      vertex 24.3213 2.75505 2
    endloop
  endfacet
  facet normal 0 0 1
    outer loop
      vertex 22.7385 3.39761 2
      vertex 24.3213 2.75505 2
      vertex 24.4054 3.29041 2
    endloop
  endfacet
  facet normal 0 0 1
    outer loop
      vertex 24.2933 2.17697 2
      vertex 23.0022 -2.23265 2
      vertex 23.007 -2.43701 2
    endloop
  endfacet
  facet normal 0 0 1
    outer loop
      vertex 24.2933 2.17697 2
      vertex 22.9876 -2.03734 2
      vertex 23.0022 -2.23265 2
    endloop
  endfacet
  facet normal 0 0 1
    outer loop
      vertex 24.2933 2.17697 2
      vertex 22.9633 -1.85109 2
      vertex 22.9876 -2.03734 2
    endloop
  endfacet
  facet normal 0 0 1
    outer loop
      vertex 24.2933 2.17697 2
      vertex 22.9293 -1.67386 2
      vertex 22.9633 -1.85109 2
    endloop
  endfacet
  facet normal -0 0 1
    outer loop
      vertex 22.7385 3.39761 2
      vertex 24.4054 3.29041 2
      vertex 24.5455 3.78305 2
    endloop
  endfacet
  facet normal 0 0 1
    outer loop
      vertex 24.2933 2.17697 2
      vertex 22.8855 -1.50569 2
      vertex 22.9293 -1.67386 2
    endloop
  endfacet
  facet normal 0 0 1
    outer loop
      vertex 24.2933 2.17697 2
      vertex 22.8321 -1.34657 2
      vertex 22.8855 -1.50569 2
    endloop
  endfacet
  facet normal 0 0 1
    outer loop
      vertex 24.2933 2.17697 2
      vertex 22.77 -1.19536 2
      vertex 22.8321 -1.34657 2
    endloop
  endfacet
  facet normal 0 0 1
    outer loop
      vertex 21.6195 0.0367737 2
      vertex 24.2933 2.17697 2
      vertex 22.7385 3.39761 2
    endloop
  endfacet
  facet normal -0 0 1
    outer loop
      vertex 22.5829 3.85429 2
      vertex 24.5455 3.78305 2
      vertex 24.7418 4.23297 2
    endloop
  endfacet
  facet normal -0 0 1
    outer loop
      vertex 22.393 4.26421 2
      vertex 24.7418 4.23297 2
      vertex 24.994 4.64017 2
    endloop
  endfacet
  facet normal 0 -0 1
    outer loop
      vertex 21.6172 5.21318 2
      vertex 25.6606 5.31921 2
      vertex 21.2899 5.43593 2
    endloop
  endfacet
  facet normal 0 0 1
    outer loop
      vertex 24.5455 3.78305 2
      vertex 22.5829 3.85429 2
      vertex 22.7385 3.39761 2
    endloop
  endfacet
  facet normal 0 0 1
    outer loop
      vertex 24.7418 4.23297 2
      vertex 22.393 4.26421 2
      vertex 22.5829 3.85429 2
    endloop
  endfacet
  facet normal 0 0 1
    outer loop
      vertex 24.994 4.64017 2
      vertex 22.1688 4.62732 2
      vertex 22.393 4.26421 2
    endloop
  endfacet
  facet normal 0 0 1
    outer loop
      vertex 24.994 4.64017 2
      vertex 21.9102 4.94363 2
      vertex 22.1688 4.62732 2
    endloop
  endfacet
  facet normal 0 0 1
    outer loop
      vertex 25.3024 5.00465 2
      vertex 21.9102 4.94363 2
      vertex 24.994 4.64017 2
    endloop
  endfacet
  facet normal 0 -0 1
    outer loop
      vertex 21.9102 4.94363 2
      vertex 25.3024 5.00465 2
      vertex 21.6172 5.21318 2
    endloop
  endfacet
  facet normal 0 0 1
    outer loop
      vertex 25.6606 5.31921 2
      vertex 21.6172 5.21318 2
      vertex 25.3024 5.00465 2
    endloop
  endfacet
  facet normal 0 -0 1
    outer loop
      vertex 21.2899 5.43593 2
      vertex 26.0628 5.57658 2
      vertex 20.9199 5.61871 2
    endloop
  endfacet
  facet normal 0 0 1
    outer loop
      vertex 34 19 2
      vertex 20.0266 5.88458 2
      vertex 20.4988 5.76826 2
    endloop
  endfacet
  facet normal 0 0 1
    outer loop
      vertex 34 19 2
      vertex 19.5033 5.96767 2
      vertex 20.0266 5.88458 2
    endloop
  endfacet
  facet normal 0 0 1
    outer loop
      vertex 34 19 2
      vertex 18.929 6.01752 2
      vertex 19.5033 5.96767 2
    endloop
  endfacet
  facet normal 0 0 1
    outer loop
      vertex 34 19 2
      vertex 18.3035 6.03413 2
      vertex 18.929 6.01752 2
    endloop
  endfacet
  facet normal 0 0 1
    outer loop
      vertex 34 19 2
      vertex 17.6307 6.01198 2
      vertex 18.3035 6.03413 2
    endloop
  endfacet
  facet normal 0 0 1
    outer loop
      vertex 34 19 2
      vertex 17.0119 5.94553 2
      vertex 17.6307 6.01198 2
    endloop
  endfacet
  facet normal 0 0 1
    outer loop
      vertex 11.6516 5.86325 2
      vertex 17.0119 5.94553 2
      vertex 34 19 2
    endloop
  endfacet
  facet normal 0 0 1
    outer loop
      vertex 17.0119 5.94553 2
      vertex 11.6516 5.86325 2
      vertex 16.4471 5.83475 2
    endloop
  endfacet
  facet normal 0 0 1
    outer loop
      vertex 16.4471 5.83475 2
      vertex 11.6516 5.86325 2
      vertex 15.9364 5.67967 2
    endloop
  endfacet
  facet normal 0 0 1
    outer loop
      vertex 15.9364 5.67967 2
      vertex 11.6516 5.86325 2
      vertex 15.4796 5.4803 2
    endloop
  endfacet
  facet normal 0 0 1
    outer loop
      vertex 11.6516 5.86325 2
      vertex 13.9499 2.96634 2
      vertex 13.9812 3.43852 2
    endloop
  endfacet
  facet normal 0 0 1
    outer loop
      vertex 13.9559 2.75609 2
      vertex 11.6516 5.86325 2
      vertex 11.6516 -1.28957 2
    endloop
  endfacet
  facet normal 0 0 1
    outer loop
      vertex 14.0751 3.8732 2
      vertex 11.6516 5.86325 2
      vertex 13.9812 3.43852 2
    endloop
  endfacet
  facet normal 0 0 1
    outer loop
      vertex 14.2317 4.27034 2
      vertex 11.6516 5.86325 2
      vertex 14.0751 3.8732 2
    endloop
  endfacet
  facet normal 0 0 1
    outer loop
      vertex 14.4508 4.62996 2
      vertex 11.6516 5.86325 2
      vertex 14.2317 4.27034 2
    endloop
  endfacet
  facet normal 0 0 1
    outer loop
      vertex 14.7326 4.95204 2
      vertex 11.6516 5.86325 2
      vertex 14.4508 4.62996 2
    endloop
  endfacet
  facet normal 0 0 1
    outer loop
      vertex 15.077 5.23662 2
      vertex 11.6516 5.86325 2
      vertex 14.7326 4.95204 2
    endloop
  endfacet
  facet normal 0 0 1
    outer loop
      vertex 15.4796 5.4803 2
      vertex 11.6516 5.86325 2
      vertex 15.077 5.23662 2
    endloop
  endfacet
  facet normal 0 0 1
    outer loop
      vertex 34 19 2
      vertex 10.1056 5.86325 2
      vertex 11.6516 5.86325 2
    endloop
  endfacet
  facet normal -0 0 1
    outer loop
      vertex 3.74208 5.86325 2
      vertex 10.1056 -1.20006 2
      vertex 10.1056 5.86325 2
    endloop
  endfacet
  facet normal 0 0 1
    outer loop
      vertex 3.74208 -1.30589 2
      vertex 10.1056 -1.20006 2
      vertex 3.74208 5.86325 2
    endloop
  endfacet
  facet normal 0 0 1
    outer loop
      vertex 3.74208 -1.30589 2
      vertex 7.3387 -4.4805 2
      vertex 10.0817 -1.71826 2
    endloop
  endfacet
  facet normal 0 0 1
    outer loop
      vertex 10.0817 -1.71826 2
      vertex 7.3387 -4.4805 2
      vertex 10.0102 -2.1933 2
    endloop
  endfacet
  facet normal 0 -0 1
    outer loop
      vertex 7.79678 -4.41032 2
      vertex 10.0102 -2.1933 2
      vertex 7.3387 -4.4805 2
    endloop
  endfacet
  facet normal 0 0 1
    outer loop
      vertex 10.0102 -2.1933 2
      vertex 7.79678 -4.41032 2
      vertex 9.89095 -2.62517 2
    endloop
  endfacet
  facet normal 0 -0 1
    outer loop
      vertex 8.21667 -4.29335 2
      vertex 9.89095 -2.62517 2
      vertex 7.79678 -4.41032 2
    endloop
  endfacet
  facet normal 0 0 1
    outer loop
      vertex 9.72401 -3.01387 2
      vertex 8.21667 -4.29335 2
      vertex 9.5094 -3.35939 2
    endloop
  endfacet
  facet normal 0 0 1
    outer loop
      vertex 9.5094 -3.35939 2
      vertex 8.21667 -4.29335 2
      vertex 9.24709 -3.66173 2
    endloop
  endfacet
  facet normal 0 0 1
    outer loop
      vertex 8.94182 -3.91905 2
      vertex 8.21667 -4.29335 2
      vertex 8.59834 -4.12959 2
    endloop
  endfacet
  facet normal 0 0 1
    outer loop
      vertex 9.24709 -3.66173 2
      vertex 8.21667 -4.29335 2
      vertex 8.94182 -3.91905 2
    endloop
  endfacet
  facet normal 0 0 1
    outer loop
      vertex 9.89095 -2.62517 2
      vertex 8.21667 -4.29335 2
      vertex 9.72401 -3.01387 2
    endloop
  endfacet
  facet normal 0 0 1
    outer loop
      vertex 3.74208 -1.30589 2
      vertex 6.84241 -4.50389 2
      vertex 7.3387 -4.4805 2
    endloop
  endfacet
  facet normal 0 0 1
    outer loop
      vertex 6.84241 -4.50389 2
      vertex 3.76424 -1.8084 2
      vertex 6.36026 -4.48129 2
    endloop
  endfacet
  facet normal -0 -0 1
    outer loop
      vertex 3.83069 -2.26884 2
      vertex 6.36026 -4.48129 2
      vertex 3.76424 -1.8084 2
    endloop
  endfacet
  facet normal 0 0 1
    outer loop
      vertex 6.36026 -4.48129 2
      vertex 3.83069 -2.26884 2
      vertex 5.91745 -4.41348 2
    endloop
  endfacet
  facet normal -0 -0 1
    outer loop
      vertex 3.94144 -2.68724 2
      vertex 5.91745 -4.41348 2
      vertex 3.83069 -2.26884 2
    endloop
  endfacet
  facet normal 0 0 1
    outer loop
      vertex 5.91745 -4.41348 2
      vertex 3.94144 -2.68724 2
      vertex 5.51398 -4.30046 2
    endloop
  endfacet
  facet normal 0 0 1
    outer loop
      vertex 5.51398 -4.30046 2
      vertex 3.94144 -2.68724 2
      vertex 5.14981 -4.14224 2
    endloop
  endfacet
  facet normal -0 -0 1
    outer loop
      vertex 4.09648 -3.0636 2
      vertex 5.14981 -4.14224 2
      vertex 3.94144 -2.68724 2
    endloop
  endfacet
  facet normal 0 0 1
    outer loop
      vertex 5.14981 -4.14224 2
      vertex 4.09648 -3.0636 2
      vertex 4.82498 -3.93881 2
    endloop
  endfacet
  facet normal 0 0 1
    outer loop
      vertex 4.82498 -3.93881 2
      vertex 4.09648 -3.0636 2
      vertex 4.53949 -3.69017 2
    endloop
  endfacet
  facet normal 0 0 1
    outer loop
      vertex 4.53949 -3.69017 2
      vertex 4.09648 -3.0636 2
      vertex 4.29584 -3.3979 2
    endloop
  endfacet
  facet normal -0 0 1
    outer loop
      vertex 3.74208 -1.30589 2
      vertex 10.0817 -1.71826 2
      vertex 10.1056 -1.20006 2
    endloop
  endfacet
  facet normal 0 0 1
    outer loop
      vertex 34 19 2
      vertex 3.74208 5.86325 2
      vertex 10.1056 5.86325 2
    endloop
  endfacet
  facet normal 0 0 1
    outer loop
      vertex 34 19 2
      vertex 2.18773 5.86325 2
      vertex 3.74208 5.86325 2
    endloop
  endfacet
  facet normal -0 0 1
    outer loop
      vertex 0.478348 5.86325 2
      vertex 2.18773 -1.4361 2
      vertex 2.18773 5.86325 2
    endloop
  endfacet
  facet normal -0 0 1
    outer loop
      vertex -3.44395 0.411057 2
      vertex 2.18773 -1.4361 2
      vertex 0.478348 5.86325 2
    endloop
  endfacet
  facet normal 0 0 1
    outer loop
      vertex 34 19 2
      vertex 0.478348 5.86325 2
      vertex 2.18773 5.86325 2
    endloop
  endfacet
  facet normal 0 0 1
    outer loop
      vertex 34 19 2
      vertex -1.23872 5.86325 2
      vertex 0.478348 5.86325 2
    endloop
  endfacet
  facet normal 0 0 1
    outer loop
      vertex -1.23872 5.86325 2
      vertex -7.52899 5.86325 2
      vertex -4.33904 1.36325 2
    endloop
  endfacet
  facet normal -0 0 1
    outer loop
      vertex -34 19 2
      vertex -1.23872 5.86325 2
      vertex 34 19 2
    endloop
  endfacet
  facet normal 0 0 1
    outer loop
      vertex -1.23872 5.86325 2
      vertex -34 19 2
      vertex -7.52899 5.86325 2
    endloop
  endfacet
  facet normal 0 0 1
    outer loop
      vertex -5.21791 0.354172 2
      vertex -10.4103 -4.33301 2
      vertex -9.57968 -5.60249 2
    endloop
  endfacet
  facet normal 0 0 1
    outer loop
      vertex -10.7439 4.59377 2
      vertex -9.24596 5.86325 2
      vertex -10.7439 5.86325 2
    endloop
  endfacet
  facet normal 0 0 1
    outer loop
      vertex -7.52899 5.86325 2
      vertex -34 19 2
      vertex -9.24596 5.86325 2
    endloop
  endfacet
  facet normal 0 0 1
    outer loop
      vertex -9.24596 5.86325 2
      vertex -34 19 2
      vertex -10.7439 5.86325 2
    endloop
  endfacet
  facet normal 0 0 1
    outer loop
      vertex -19.4428 5.86325 2
      vertex -21.8876 5.86325 2
      vertex -19.4428 -5.60249 2
    endloop
  endfacet
  facet normal 0 0 1
    outer loop
      vertex -10.7439 5.86325 2
      vertex -34 19 2
      vertex -19.4428 5.86325 2
    endloop
  endfacet
  facet normal 0 0 1
    outer loop
      vertex -19.4428 5.86325 2
      vertex -34 19 2
      vertex -21.8876 5.86325 2
    endloop
  endfacet
  facet normal 0 0 1
    outer loop
      vertex -23.2873 5.86325 2
      vertex -29.3904 5.86325 2
      vertex -23.2873 -1.65581 2
    endloop
  endfacet
  facet normal 0 0 1
    outer loop
      vertex -21.8876 5.86325 2
      vertex -34 19 2
      vertex -23.2873 5.86325 2
    endloop
  endfacet
  facet normal 0 0 1
    outer loop
      vertex -23.2873 5.86325 2
      vertex -34 19 2
      vertex -29.3904 5.86325 2
    endloop
  endfacet
  facet normal 0 0 1
    outer loop
      vertex -31.1968 5.86325 2
      vertex -34 19 2
      vertex -31.1968 -5.60249 2
    endloop
  endfacet
  facet normal 0 0 1
    outer loop
      vertex -29.3904 5.86325 2
      vertex -34 19 2
      vertex -31.1968 5.86325 2
    endloop
  endfacet
  facet normal -0 0 1
    outer loop
      vertex 31.9615 -0.58432 2
      vertex 34 -19 2
      vertex 31.9914 0.362335 2
    endloop
  endfacet
  facet normal -0 0 1
    outer loop
      vertex 31.8716 -1.45503 2
      vertex 34 -19 2
      vertex 31.9615 -0.58432 2
    endloop
  endfacet
  facet normal -0 0 1
    outer loop
      vertex 31.7218 -2.24982 2
      vertex 34 -19 2
      vertex 31.8716 -1.45503 2
    endloop
  endfacet
  facet normal -0 0 1
    outer loop
      vertex 31.5121 -2.96864 2
      vertex 34 -19 2
      vertex 31.7218 -2.24982 2
    endloop
  endfacet
  facet normal -0 0 1
    outer loop
      vertex 31.2426 -3.61153 2
      vertex 34 -19 2
      vertex 31.5121 -2.96864 2
    endloop
  endfacet
  facet normal -0 0 1
    outer loop
      vertex 30.9131 -4.17845 2
      vertex 34 -19 2
      vertex 31.2426 -3.61153 2
    endloop
  endfacet
  facet normal -0 0 1
    outer loop
      vertex 30.5283 -4.6633 2
      vertex 34 -19 2
      vertex 30.9131 -4.17845 2
    endloop
  endfacet
  facet normal -0 0 1
    outer loop
      vertex 30.0926 -5.05998 2
      vertex 34 -19 2
      vertex 30.5283 -4.6633 2
    endloop
  endfacet
  facet normal -0 0 1
    outer loop
      vertex 29.606 -5.36852 2
      vertex 34 -19 2
      vertex 30.0926 -5.05998 2
    endloop
  endfacet
  facet normal -0 0 1
    outer loop
      vertex 29.0686 -5.58891 2
      vertex 34 -19 2
      vertex 29.606 -5.36852 2
    endloop
  endfacet
  facet normal -0 0 1
    outer loop
      vertex 28.4803 -5.72113 2
      vertex 34 -19 2
      vertex 29.0686 -5.58891 2
    endloop
  endfacet
  facet normal -0 0 1
    outer loop
      vertex 27.8412 -5.76521 2
      vertex 34 -19 2
      vertex 28.4803 -5.72113 2
    endloop
  endfacet
  facet normal 0 0 1
    outer loop
      vertex 27.4084 -5.7495 2
      vertex 34 -19 2
      vertex 27.8412 -5.76521 2
    endloop
  endfacet
  facet normal 0 0 1
    outer loop
      vertex 27.0053 -5.70238 2
      vertex 34 -19 2
      vertex 27.4084 -5.7495 2
    endloop
  endfacet
  facet normal 0 0 1
    outer loop
      vertex 26.6318 -5.62383 2
      vertex 34 -19 2
      vertex 27.0053 -5.70238 2
    endloop
  endfacet
  facet normal -0 0 1
    outer loop
      vertex 20.2718 -5.54753 2
      vertex 26.6318 -5.62383 2
      vertex 26.2879 -5.51385 2
    endloop
  endfacet
  facet normal -0 0 1
    outer loop
      vertex 20.8261 -5.37822 2
      vertex 26.2879 -5.51385 2
      vertex 25.9736 -5.37247 2
    endloop
  endfacet
  facet normal 0 0 1
    outer loop
      vertex 21.3242 -5.16055 2
      vertex 25.9736 -5.37247 2
      vertex 25.6889 -5.19965 2
    endloop
  endfacet
  facet normal 0 0 1
    outer loop
      vertex 21.766 -4.89449 2
      vertex 25.6889 -5.19965 2
      vertex 25.4318 -4.99181 2
    endloop
  endfacet
  facet normal 0 0 1
    outer loop
      vertex 22.1452 -4.58437 2
      vertex 25.4318 -4.99181 2
      vertex 25.2002 -4.7453 2
    endloop
  endfacet
  facet normal -0 0 1
    outer loop
      vertex 22.1452 -4.58437 2
      vertex 25.2002 -4.7453 2
      vertex 24.9942 -4.46016 2
    endloop
  endfacet
  facet normal 0 0 1
    outer loop
      vertex 23.007 -2.43701 2
      vertex 24.5252 0.600296 2
      vertex 24.3963 1.08743 2
    endloop
  endfacet
  facet normal 0 0 1
    outer loop
      vertex 23.007 -2.43701 2
      vertex 24.3963 1.08743 2
      vertex 24.319 1.61299 2
    endloop
  endfacet
  facet normal 0 0 1
    outer loop
      vertex 23.007 -2.43701 2
      vertex 24.319 1.61299 2
      vertex 24.2933 2.17697 2
    endloop
  endfacet
  facet normal 0 0 1
    outer loop
      vertex 25.5473 -0.953751 2
      vertex 23.007 -2.43701 2
      vertex 24.5293 -3.37277 2
    endloop
  endfacet
  facet normal -0 0 1
    outer loop
      vertex 22.9725 -2.94604 2
      vertex 24.5293 -3.37277 2
      vertex 23.007 -2.43701 2
    endloop
  endfacet
  facet normal 0 0 1
    outer loop
      vertex 22.8691 -3.4153 2
      vertex 24.5293 -3.37277 2
      vertex 22.9725 -2.94604 2
    endloop
  endfacet
  facet normal 0 0 1
    outer loop
      vertex 24.5293 -3.37277 2
      vertex 22.8691 -3.4153 2
      vertex 24.6587 -3.77388 2
    endloop
  endfacet
  facet normal 0 0 1
    outer loop
      vertex 22.6968 -3.84476 2
      vertex 24.6587 -3.77388 2
      vertex 22.8691 -3.4153 2
    endloop
  endfacet
  facet normal 0 0 1
    outer loop
      vertex 24.6587 -3.77388 2
      vertex 22.6968 -3.84476 2
      vertex 24.8137 -4.13635 2
    endloop
  endfacet
  facet normal 0 0 1
    outer loop
      vertex 22.4555 -4.23445 2
      vertex 24.8137 -4.13635 2
      vertex 22.6968 -3.84476 2
    endloop
  endfacet
  facet normal 0 0 1
    outer loop
      vertex 24.8137 -4.13635 2
      vertex 22.4555 -4.23445 2
      vertex 24.9942 -4.46016 2
    endloop
  endfacet
  facet normal 0 0 1
    outer loop
      vertex 22.1452 -4.58437 2
      vertex 24.9942 -4.46016 2
      vertex 22.4555 -4.23445 2
    endloop
  endfacet
  facet normal 0 0 1
    outer loop
      vertex 25.4318 -4.99181 2
      vertex 22.1452 -4.58437 2
      vertex 21.766 -4.89449 2
    endloop
  endfacet
  facet normal 0 0 1
    outer loop
      vertex 25.6889 -5.19965 2
      vertex 21.766 -4.89449 2
      vertex 21.3242 -5.16055 2
    endloop
  endfacet
  facet normal 0 0 1
    outer loop
      vertex 25.9736 -5.37247 2
      vertex 21.3242 -5.16055 2
      vertex 20.8261 -5.37822 2
    endloop
  endfacet
  facet normal 0 0 1
    outer loop
      vertex 26.2879 -5.51385 2
      vertex 20.8261 -5.37822 2
      vertex 20.2718 -5.54753 2
    endloop
  endfacet
  facet normal 0 0 1
    outer loop
      vertex 26.6318 -5.62383 2
      vertex 20.2718 -5.54753 2
      vertex 34 -19 2
    endloop
  endfacet
  facet normal -0 0 1
    outer loop
      vertex 19.6611 -5.66847 2
      vertex 34 -19 2
      vertex 20.2718 -5.54753 2
    endloop
  endfacet
  facet normal -0 0 1
    outer loop
      vertex 18.9942 -5.74103 2
      vertex 34 -19 2
      vertex 19.6611 -5.66847 2
    endloop
  endfacet
  facet normal -0 0 1
    outer loop
      vertex 18.271 -5.76521 2
      vertex 34 -19 2
      vertex 18.9942 -5.74103 2
    endloop
  endfacet
  facet normal 0 0 1
    outer loop
      vertex 16.9719 -5.6843 2
      vertex 34 -19 2
      vertex 18.271 -5.76521 2
    endloop
  endfacet
  facet normal -0 0 1
    outer loop
      vertex 8.21866 -5.63199 2
      vertex 16.9719 -5.6843 2
      vertex 15.8686 -5.44151 2
    endloop
  endfacet
  facet normal -0 0 1
    outer loop
      vertex 9.39348 -5.2323 2
      vertex 15.8686 -5.44151 2
      vertex 14.961 -5.0369 2
    endloop
  endfacet
  facet normal 0 0 1
    outer loop
      vertex 14.932 0.838806 2
      vertex 13.4129 -2.85197 2
      vertex 14.9183 -2.55089 2
    endloop
  endfacet
  facet normal -0 0 1
    outer loop
      vertex 11.6353 -1.74278 2
      vertex 13.4129 -2.85197 2
      vertex 11.6516 -1.28957 2
    endloop
  endfacet
  facet normal -0 0 1
    outer loop
      vertex 11.5861 -2.17476 2
      vertex 13.4129 -2.85197 2
      vertex 11.6353 -1.74278 2
    endloop
  endfacet
  facet normal -0 0 1
    outer loop
      vertex 11.5042 -2.58548 2
      vertex 13.4129 -2.85197 2
      vertex 11.5861 -2.17476 2
    endloop
  endfacet
  facet normal 0 0 1
    outer loop
      vertex 11.3895 -2.97496 2
      vertex 13.4129 -2.85197 2
      vertex 11.5042 -2.58548 2
    endloop
  endfacet
  facet normal 0 0 1
    outer loop
      vertex 11.242 -3.34319 2
      vertex 13.4129 -2.85197 2
      vertex 11.3895 -2.97496 2
    endloop
  endfacet
  facet normal 0 0 1
    outer loop
      vertex 13.4129 -2.85197 2
      vertex 11.242 -3.34319 2
      vertex 13.7332 -3.74213 2
    endloop
  endfacet
  facet normal -0 0 1
    outer loop
      vertex 11.0617 -3.69017 2
      vertex 13.7332 -3.74213 2
      vertex 11.242 -3.34319 2
    endloop
  endfacet
  facet normal 0 0 1
    outer loop
      vertex 10.8515 -4.01331 2
      vertex 13.7332 -3.74213 2
      vertex 11.0617 -3.69017 2
    endloop
  endfacet
  facet normal 0 0 1
    outer loop
      vertex 13.7332 -3.74213 2
      vertex 10.8515 -4.01331 2
      vertex 14.2492 -4.47044 2
    endloop
  endfacet
  facet normal -0 0 1
    outer loop
      vertex 10.6142 -4.31 2
      vertex 14.2492 -4.47044 2
      vertex 10.8515 -4.01331 2
    endloop
  endfacet
  facet normal 0 0 1
    outer loop
      vertex 10.3497 -4.58025 2
      vertex 14.2492 -4.47044 2
      vertex 10.6142 -4.31 2
    endloop
  endfacet
  facet normal 0 0 1
    outer loop
      vertex 10.0581 -4.82404 2
      vertex 14.2492 -4.47044 2
      vertex 10.3497 -4.58025 2
    endloop
  endfacet
  facet normal 0 0 1
    outer loop
      vertex 14.2492 -4.47044 2
      vertex 10.0581 -4.82404 2
      vertex 14.961 -5.0369 2
    endloop
  endfacet
  facet normal 0 0 1
    outer loop
      vertex 9.73935 -5.04138 2
      vertex 14.961 -5.0369 2
      vertex 10.0581 -4.82404 2
    endloop
  endfacet
  facet normal 0 0 1
    outer loop
      vertex 9.39348 -5.2323 2
      vertex 14.961 -5.0369 2
      vertex 9.73935 -5.04138 2
    endloop
  endfacet
  facet normal 0 0 1
    outer loop
      vertex 15.8686 -5.44151 2
      vertex 9.39348 -5.2323 2
      vertex 9.02335 -5.39513 2
    endloop
  endfacet
  facet normal 0 0 1
    outer loop
      vertex 15.8686 -5.44151 2
      vertex 9.02335 -5.39513 2
      vertex 8.63173 -5.52837 2
    endloop
  endfacet
  facet normal 0 0 1
    outer loop
      vertex 15.8686 -5.44151 2
      vertex 8.63173 -5.52837 2
      vertex 8.21866 -5.63199 2
    endloop
  endfacet
  facet normal 0 0 1
    outer loop
      vertex 16.9719 -5.6843 2
      vertex 8.21866 -5.63199 2
      vertex 34 -19 2
    endloop
  endfacet
  facet normal -0 0 1
    outer loop
      vertex 7.7841 -5.70599 2
      vertex 34 -19 2
      vertex 8.21866 -5.63199 2
    endloop
  endfacet
  facet normal -0 0 1
    outer loop
      vertex 7.32806 -5.75041 2
      vertex 34 -19 2
      vertex 7.7841 -5.70599 2
    endloop
  endfacet
  facet normal -0 0 1
    outer loop
      vertex 6.85057 -5.76521 2
      vertex 34 -19 2
      vertex 7.32806 -5.75041 2
    endloop
  endfacet
  facet normal 0 0 1
    outer loop
      vertex 6.39124 -5.75098 2
      vertex 34 -19 2
      vertex 6.85057 -5.76521 2
    endloop
  endfacet
  facet normal 0 0 1
    outer loop
      vertex 0.811951 -5.60249 2
      vertex 6.39124 -5.75098 2
      vertex 5.95178 -5.70825 2
    endloop
  endfacet
  facet normal 0 0 1
    outer loop
      vertex 0.811951 -5.60249 2
      vertex 5.95178 -5.70825 2
      vertex 5.53224 -5.63705 2
    endloop
  endfacet
  facet normal -0 0 1
    outer loop
      vertex 0.811951 -5.60249 2
      vertex 5.53224 -5.63705 2
      vertex 5.13258 -5.53737 2
    endloop
  endfacet
  facet normal 0 0 1
    outer loop
      vertex 0.811951 -5.60249 2
      vertex 5.13258 -5.53737 2
      vertex 4.75282 -5.40921 2
    endloop
  endfacet
  facet normal 0 0 1
    outer loop
      vertex 0.811951 -5.60249 2
      vertex 4.75282 -5.40921 2
      vertex 4.39296 -5.25258 2
    endloop
  endfacet
  facet normal 0 0 1
    outer loop
      vertex -3.44395 0.411057 2
      vertex 2.20377 -1.87598 2
      vertex 2.18773 -1.4361 2
    endloop
  endfacet
  facet normal 0 0 1
    outer loop
      vertex -3.44395 0.411057 2
      vertex 2.25192 -2.29506 2
      vertex 2.20377 -1.87598 2
    endloop
  endfacet
  facet normal 0 0 1
    outer loop
      vertex 0.811951 -5.60249 2
      vertex 2.33217 -2.69336 2
      vertex 2.25192 -2.29506 2
    endloop
  endfacet
  facet normal 0 0 1
    outer loop
      vertex 0.811951 -5.60249 2
      vertex 2.44452 -3.07086 2
      vertex 2.33217 -2.69336 2
    endloop
  endfacet
  facet normal 0 0 1
    outer loop
      vertex 0.811951 -5.60249 2
      vertex 2.58897 -3.42758 2
      vertex 2.44452 -3.07086 2
    endloop
  endfacet
  facet normal 0 0 1
    outer loop
      vertex 0.811951 -5.60249 2
      vertex 2.76552 -3.76349 2
      vertex 2.58897 -3.42758 2
    endloop
  endfacet
  facet normal 0 0 1
    outer loop
      vertex 0.811951 -5.60249 2
      vertex 2.97124 -4.0761 2
      vertex 2.76552 -3.76349 2
    endloop
  endfacet
  facet normal 0 0 1
    outer loop
      vertex 0.811951 -5.60249 2
      vertex 3.20316 -4.36292 2
      vertex 2.97124 -4.0761 2
    endloop
  endfacet
  facet normal 0 0 1
    outer loop
      vertex 0.811951 -5.60249 2
      vertex 3.46129 -4.62398 2
      vertex 3.20316 -4.36292 2
    endloop
  endfacet
  facet normal 0 0 1
    outer loop
      vertex 0.811951 -5.60249 2
      vertex 3.74564 -4.85928 2
      vertex 3.46129 -4.62398 2
    endloop
  endfacet
  facet normal 0 0 1
    outer loop
      vertex 0.811951 -5.60249 2
      vertex 4.05618 -5.0688 2
      vertex 3.74564 -4.85928 2
    endloop
  endfacet
  facet normal 0 0 1
    outer loop
      vertex 0.811951 -5.60249 2
      vertex 4.39296 -5.25258 2
      vertex 4.05618 -5.0688 2
    endloop
  endfacet
  facet normal 0 0 1
    outer loop
      vertex 6.39124 -5.75098 2
      vertex 0.811951 -5.60249 2
      vertex 34 -19 2
    endloop
  endfacet
  facet normal -0 0 1
    outer loop
      vertex -0.904999 -5.60249 2
      vertex 34 -19 2
      vertex 0.811951 -5.60249 2
    endloop
  endfacet
  facet normal 0 0 1
    outer loop
      vertex -7.86259 -5.60249 2
      vertex -0.904999 -5.60249 2
      vertex -4.3472 -0.589737 2
    endloop
  endfacet
  facet normal 0 0 1
    outer loop
      vertex -34 -19 2
      vertex -0.904999 -5.60249 2
      vertex -7.86259 -5.60249 2
    endloop
  endfacet
  facet normal 0 0 1
    outer loop
      vertex -34 -19 2
      vertex -7.86259 -5.60249 2
      vertex -9.57968 -5.60249 2
    endloop
  endfacet
  facet normal 0 0 1
    outer loop
      vertex -10.4103 -5.60249 2
      vertex -9.57968 -5.60249 2
      vertex -10.4103 -4.33301 2
    endloop
  endfacet
  facet normal 0 0 1
    outer loop
      vertex -34 -19 2
      vertex -9.57968 -5.60249 2
      vertex -10.4103 -5.60249 2
    endloop
  endfacet
  facet normal 0 0 1
    outer loop
      vertex -34 -19 2
      vertex -10.4103 -5.60249 2
      vertex -19.4428 -5.60249 2
    endloop
  endfacet
  facet normal 0 0 1
    outer loop
      vertex -21.8876 -5.60249 2
      vertex -19.4428 -5.60249 2
      vertex -21.8876 5.86325 2
    endloop
  endfacet
  facet normal 0 0 1
    outer loop
      vertex -34 -19 2
      vertex -19.4428 -5.60249 2
      vertex -21.8876 -5.60249 2
    endloop
  endfacet
  facet normal 0 0 1
    outer loop
      vertex -34 -19 2
      vertex -21.8876 -5.60249 2
      vertex -23.7592 -5.60249 2
    endloop
  endfacet
  facet normal -0 0 1
    outer loop
      vertex -27.4197 -0.250295 2
      vertex -23.7592 -5.60249 2
      vertex -27.4 0 2
    endloop
  endfacet
  facet normal -0 0 1
    outer loop
      vertex -27.4783 -0.494427 2
      vertex -23.7592 -5.60249 2
      vertex -27.4197 -0.250295 2
    endloop
  endfacet
  facet normal -0 0 1
    outer loop
      vertex -27.5744 -0.726384 2
      vertex -23.7592 -5.60249 2
      vertex -27.4783 -0.494427 2
    endloop
  endfacet
  facet normal -0 0 1
    outer loop
      vertex -27.7056 -0.940456 2
      vertex -23.7592 -5.60249 2
      vertex -27.5744 -0.726384 2
    endloop
  endfacet
  facet normal -0 0 1
    outer loop
      vertex -27.8686 -1.13137 2
      vertex -23.7592 -5.60249 2
      vertex -27.7056 -0.940456 2
    endloop
  endfacet
  facet normal -0 0 1
    outer loop
      vertex -28.0595 -1.29443 2
      vertex -23.7592 -5.60249 2
      vertex -27.8686 -1.13137 2
    endloop
  endfacet
  facet normal -0 0 1
    outer loop
      vertex -28.2736 -1.42561 2
      vertex -23.7592 -5.60249 2
      vertex -28.0595 -1.29443 2
    endloop
  endfacet
  facet normal 0 0 1
    outer loop
      vertex -29.8135 -5.60249 2
      vertex -28.2736 -1.42561 2
      vertex -28.5056 -1.52169 2
    endloop
  endfacet
  facet normal 0 0 1
    outer loop
      vertex -29.8135 -5.60249 2
      vertex -28.5056 -1.52169 2
      vertex -28.7497 -1.5803 2
    endloop
  endfacet
  facet normal 0 0 1
    outer loop
      vertex -29.8135 -5.60249 2
      vertex -28.7497 -1.5803 2
      vertex -29 -1.6 2
    endloop
  endfacet
  facet normal 0 0 1
    outer loop
      vertex -29.8135 -5.60249 2
      vertex -29 -1.6 2
      vertex -29.2503 -1.5803 2
    endloop
  endfacet
  facet normal 0 0 1
    outer loop
      vertex -29.8135 -5.60249 2
      vertex -29.2503 -1.5803 2
      vertex -29.4944 -1.52169 2
    endloop
  endfacet
  facet normal 0 0 1
    outer loop
      vertex -29.8135 -5.60249 2
      vertex -29.4944 -1.52169 2
      vertex -29.7264 -1.42561 2
    endloop
  endfacet
  facet normal 0 0 1
    outer loop
      vertex -29.8135 -5.60249 2
      vertex -29.7264 -1.42561 2
      vertex -29.8135 -1.37224 2
    endloop
  endfacet
  facet normal 0 0 1
    outer loop
      vertex -28.2736 -1.42561 2
      vertex -29.8135 -5.60249 2
      vertex -23.7592 -5.60249 2
    endloop
  endfacet
  facet normal 0 0 1
    outer loop
      vertex -34 -19 2
      vertex -23.7592 -5.60249 2
      vertex -29.8135 -5.60249 2
    endloop
  endfacet
  facet normal 0 0 1
    outer loop
      vertex -34 -19 2
      vertex -29.8135 -5.60249 2
      vertex -31.1968 -5.60249 2
    endloop
  endfacet
  facet normal 0 0 1
    outer loop
      vertex -0.904999 -5.60249 2
      vertex -34 -19 2
      vertex 34 -19 2
    endloop
  endfacet
  facet normal 0 0 1
    outer loop
      vertex -34 -19 2
      vertex -31.1968 -5.60249 2
      vertex -34 19 2
    endloop
  endfacet
  facet normal 0 0 -1
    outer loop
      vertex -30.1314 -1.13137 2
      vertex -29.8135 -1.37224 2
      vertex -29.9405 -1.29443 2
    endloop
  endfacet
  facet normal 0 0 -1
    outer loop
      vertex -30.2944 -0.940456 2
      vertex -29.8135 -1.37224 2
      vertex -30.1314 -1.13137 2
    endloop
  endfacet
  facet normal 0 0 -1
    outer loop
      vertex -29.8135 -1.37224 2
      vertex -30.2944 -0.940456 2
      vertex -29.8135 1.37224 2
    endloop
  endfacet
  facet normal 0 0 -1
    outer loop
      vertex -29.8135 1.37224 2
      vertex -30.1314 1.13137 2
      vertex -29.9405 1.29443 2
    endloop
  endfacet
  facet normal 0 0 -1
    outer loop
      vertex -30.2944 0.940456 2
      vertex -29.8135 1.37224 2
      vertex -30.2944 -0.940456 2
    endloop
  endfacet
  facet normal 0 0 -1
    outer loop
      vertex -29.8135 1.37224 2
      vertex -30.2944 0.940456 2
      vertex -30.1314 1.13137 2
    endloop
  endfacet
  facet normal 0 0 -1
    outer loop
      vertex -30.4256 -0.726384 2
      vertex -30.2944 0.940456 2
      vertex -30.2944 -0.940456 2
    endloop
  endfacet
  facet normal 0 0 -1
    outer loop
      vertex -30.4256 -0.726384 2
      vertex -30.4256 0.726384 2
      vertex -30.2944 0.940456 2
    endloop
  endfacet
  facet normal 0 0 -1
    outer loop
      vertex -30.5217 -0.494427 2
      vertex -30.4256 0.726384 2
      vertex -30.4256 -0.726384 2
    endloop
  endfacet
  facet normal 0 0 -1
    outer loop
      vertex -30.5217 -0.494427 2
      vertex -30.5217 0.494427 2
      vertex -30.4256 0.726384 2
    endloop
  endfacet
  facet normal 0 0 -1
    outer loop
      vertex -30.5803 -0.250295 2
      vertex -30.5217 0.494427 2
      vertex -30.5217 -0.494427 2
    endloop
  endfacet
  facet normal 0 0 -1
    outer loop
      vertex -30.5803 -0.250295 2
      vertex -30.5803 0.250295 2
      vertex -30.5217 0.494427 2
    endloop
  endfacet
  facet normal 0 -0 -1
    outer loop
      vertex -30.5803 0.250295 2
      vertex -30.5803 -0.250295 2
      vertex -30.6 0 2
    endloop
  endfacet
  facet normal 0 0 1
    outer loop
      vertex -29.4944 1.52169 2
      vertex -29.8135 2.01425 2
      vertex -29.7264 1.42561 2
    endloop
  endfacet
  facet normal 0 0 1
    outer loop
      vertex -29.2503 1.5803 2
      vertex -29.8135 2.01425 2
      vertex -29.4944 1.52169 2
    endloop
  endfacet
  facet normal 0 0 1
    outer loop
      vertex -29 1.6 2
      vertex -29.8135 2.01425 2
      vertex -29.2503 1.5803 2
    endloop
  endfacet
  facet normal 0 0 1
    outer loop
      vertex -29.8542 3.37314 2
      vertex -29 1.6 2
      vertex -28.7497 1.5803 2
    endloop
  endfacet
  facet normal 0 0 1
    outer loop
      vertex -29.8542 3.37314 2
      vertex -28.7497 1.5803 2
      vertex -28.5056 1.52169 2
    endloop
  endfacet
  facet normal 0 0 1
    outer loop
      vertex -29 1.6 2
      vertex -29.8542 3.37314 2
      vertex -29.8135 2.01425 2
    endloop
  endfacet
  facet normal 0 0 1
    outer loop
      vertex -28.2736 1.42561 2
      vertex -29.8542 3.37314 2
      vertex -28.5056 1.52169 2
    endloop
  endfacet
  facet normal 0 0 1
    outer loop
      vertex -29.8948 4.16249 2
      vertex -28.2736 1.42561 2
      vertex -28.1135 1.32752 2
    endloop
  endfacet
  facet normal 0 0 1
    outer loop
      vertex -28.2736 1.42561 2
      vertex -29.8948 4.16249 2
      vertex -29.8542 3.37314 2
    endloop
  endfacet
  facet normal 0 0 1
    outer loop
      vertex -29.7264 1.42561 2
      vertex -29.8135 2.01425 2
      vertex -29.8135 1.37224 2
    endloop
  endfacet
  facet normal 0 0 -1
    outer loop
      vertex -27.4173 0.219366 2
      vertex -27.4783 0.494427 2
      vertex -27.4197 0.250295 2
    endloop
  endfacet
  facet normal 0 0 -1
    outer loop
      vertex -27.4173 0.219366 2
      vertex -27.5744 0.726384 2
      vertex -27.4783 0.494427 2
    endloop
  endfacet
  facet normal 0 0 -1
    outer loop
      vertex -27.4173 0.219366 2
      vertex -27.7056 0.940456 2
      vertex -27.5744 0.726384 2
    endloop
  endfacet
  facet normal 0 0 -1
    outer loop
      vertex -27.4173 0.219366 2
      vertex -27.8686 1.13137 2
      vertex -27.7056 0.940456 2
    endloop
  endfacet
  facet normal 0 0 -1
    outer loop
      vertex -28.1135 1.32752 2
      vertex -27.8686 1.13137 2
      vertex -27.4173 0.219366 2
    endloop
  endfacet
  facet normal 0 0 -1
    outer loop
      vertex -27.8686 1.13137 2
      vertex -28.1135 1.32752 2
      vertex -28.0595 1.29443 2
    endloop
  endfacet
  facet normal 0 0 1
    outer loop
      vertex 29.7264 1.42561 2
      vertex 30.3964 1.77821 2
      vertex 30.3787 2.2243 2
    endloop
  endfacet
  facet normal 0 0 1
    outer loop
      vertex 30.3964 1.77821 2
      vertex 29.7264 1.42561 2
      vertex 30.3877 1.55716 2
    endloop
  endfacet
  facet normal 0 0 1
    outer loop
      vertex 29.4944 1.52169 2
      vertex 30.3787 2.2243 2
      vertex 30.3258 2.64032 2
    endloop
  endfacet
  facet normal 0 -0 1
    outer loop
      vertex 29.9405 1.29443 2
      vertex 30.3877 1.55716 2
      vertex 29.7264 1.42561 2
    endloop
  endfacet
  facet normal 0 -0 1
    outer loop
      vertex 30.1314 1.13137 2
      vertex 30.3615 1.34424 2
      vertex 29.9405 1.29443 2
    endloop
  endfacet
  facet normal 0 0 1
    outer loop
      vertex 29.2503 1.5803 2
      vertex 30.3258 2.64032 2
      vertex 30.2377 3.02628 2
    endloop
  endfacet
  facet normal 0 0 1
    outer loop
      vertex 30.318 1.13945 2
      vertex 30.1314 1.13137 2
      vertex 30.2665 0.97314 2
    endloop
  endfacet
  facet normal 0 0 1
    outer loop
      vertex 29 1.6 2
      vertex 30.2377 3.02628 2
      vertex 30.1143 3.38216 2
    endloop
  endfacet
  facet normal 0 0 1
    outer loop
      vertex 29 1.6 2
      vertex 30.1143 3.38216 2
      vertex 29.9556 3.70798 2
    endloop
  endfacet
  facet normal 0 0 1
    outer loop
      vertex 30.3615 1.34424 2
      vertex 30.1314 1.13137 2
      vertex 30.318 1.13945 2
    endloop
  endfacet
  facet normal 0 0 1
    outer loop
      vertex 28.7497 1.5803 2
      vertex 29.9556 3.70798 2
      vertex 29.7617 4.00374 2
    endloop
  endfacet
  facet normal 0 0 1
    outer loop
      vertex 30.3877 1.55716 2
      vertex 29.9405 1.29443 2
      vertex 30.3615 1.34424 2
    endloop
  endfacet
  facet normal 0 0 1
    outer loop
      vertex 28.7497 1.5803 2
      vertex 29.7617 4.00374 2
      vertex 29.5381 4.26109 2
    endloop
  endfacet
  facet normal 0 0 1
    outer loop
      vertex 30.3787 2.2243 2
      vertex 29.4944 1.52169 2
      vertex 29.7264 1.42561 2
    endloop
  endfacet
  facet normal 0 0 1
    outer loop
      vertex 28.7497 1.5803 2
      vertex 29.5381 4.26109 2
      vertex 29.2906 4.47166 2
    endloop
  endfacet
  facet normal 0 0 1
    outer loop
      vertex 30.3258 2.64032 2
      vertex 29.2503 1.5803 2
      vertex 29.4944 1.52169 2
    endloop
  endfacet
  facet normal 0 0 1
    outer loop
      vertex 28.7497 1.5803 2
      vertex 29.2906 4.47166 2
      vertex 29.0191 4.63544 2
    endloop
  endfacet
  facet normal 0 0 1
    outer loop
      vertex 30.2377 3.02628 2
      vertex 29 1.6 2
      vertex 29.2503 1.5803 2
    endloop
  endfacet
  facet normal 0 0 1
    outer loop
      vertex 29.9556 3.70798 2
      vertex 28.7497 1.5803 2
      vertex 29 1.6 2
    endloop
  endfacet
  facet normal 0 0 1
    outer loop
      vertex 28.7237 4.75243 2
      vertex 28.7497 1.5803 2
      vertex 29.0191 4.63544 2
    endloop
  endfacet
  facet normal 0 0 1
    outer loop
      vertex 28.7237 4.75243 2
      vertex 28.5056 1.52169 2
      vertex 28.7497 1.5803 2
    endloop
  endfacet
  facet normal 0 0 1
    outer loop
      vertex 28.4043 4.82262 2
      vertex 28.5056 1.52169 2
      vertex 28.7237 4.75243 2
    endloop
  endfacet
  facet normal 0 0 1
    outer loop
      vertex 28.0609 4.84601 2
      vertex 28.5056 1.52169 2
      vertex 28.4043 4.82262 2
    endloop
  endfacet
  facet normal -0 0 1
    outer loop
      vertex 27.7207 4.826 2
      vertex 28.5056 1.52169 2
      vertex 28.0609 4.84601 2
    endloop
  endfacet
  facet normal -0 0 1
    outer loop
      vertex 27.4054 4.76599 2
      vertex 28.5056 1.52169 2
      vertex 27.7207 4.826 2
    endloop
  endfacet
  facet normal -0 0 1
    outer loop
      vertex 27.115 4.66595 2
      vertex 28.5056 1.52169 2
      vertex 27.4054 4.76599 2
    endloop
  endfacet
  facet normal -0 0 1
    outer loop
      vertex 26.8494 4.52591 2
      vertex 28.5056 1.52169 2
      vertex 27.115 4.66595 2
    endloop
  endfacet
  facet normal -0 0 1
    outer loop
      vertex 26.6087 4.34584 2
      vertex 28.5056 1.52169 2
      vertex 26.8494 4.52591 2
    endloop
  endfacet
  facet normal 0 0 1
    outer loop
      vertex 28.5056 1.52169 2
      vertex 26.6087 4.34584 2
      vertex 28.2736 1.42561 2
    endloop
  endfacet
  facet normal 0 0 1
    outer loop
      vertex 28.2736 1.42561 2
      vertex 25.8503 2.93959 2
      vertex 28.0595 1.29443 2
    endloop
  endfacet
  facet normal 0 0 1
    outer loop
      vertex 28.0595 1.29443 2
      vertex 25.7825 2.17697 2
      vertex 27.8686 1.13137 2
    endloop
  endfacet
  facet normal -0 0 1
    outer loop
      vertex 25.9351 3.27852 2
      vertex 28.2736 1.42561 2
      vertex 26.0537 3.58919 2
    endloop
  endfacet
  facet normal 0 0 1
    outer loop
      vertex 27.8686 1.13137 2
      vertex 25.7994 1.77383 2
      vertex 27.7056 0.940456 2
    endloop
  endfacet
  facet normal -0 -0 1
    outer loop
      vertex 25.9351 1.05501 2
      vertex 27.7056 0.940456 2
      vertex 25.8503 1.39984 2
    endloop
  endfacet
  facet normal -0 0 1
    outer loop
      vertex 26.3928 4.12578 2
      vertex 28.2736 1.42561 2
      vertex 26.6087 4.34584 2
    endloop
  endfacet
  facet normal -0 -0 1
    outer loop
      vertex 26.0537 0.739319 2
      vertex 27.5744 0.726384 2
      vertex 25.9351 1.05501 2
    endloop
  endfacet
  facet normal -0 0 1
    outer loop
      vertex 26.2063 3.87161 2
      vertex 28.2736 1.42561 2
      vertex 26.3928 4.12578 2
    endloop
  endfacet
  facet normal 0 -0 1
    outer loop
      vertex 26.2063 0.452789 2
      vertex 27.5744 0.726384 2
      vertex 26.0537 0.739319 2
    endloop
  endfacet
  facet normal -0 0 1
    outer loop
      vertex 26.0537 3.58919 2
      vertex 28.2736 1.42561 2
      vertex 26.2063 3.87161 2
    endloop
  endfacet
  facet normal 0 0 1
    outer loop
      vertex 27.5744 0.726384 2
      vertex 26.2063 0.452789 2
      vertex 27.4783 0.494427 2
    endloop
  endfacet
  facet normal -0 0 1
    outer loop
      vertex 25.8503 2.93959 2
      vertex 28.2736 1.42561 2
      vertex 25.9351 3.27852 2
    endloop
  endfacet
  facet normal 0 -0 1
    outer loop
      vertex 26.3928 0.195419 2
      vertex 27.4783 0.494427 2
      vertex 26.2063 0.452789 2
    endloop
  endfacet
  facet normal -0 0 1
    outer loop
      vertex 25.7994 2.5724 2
      vertex 28.0595 1.29443 2
      vertex 25.8503 2.93959 2
    endloop
  endfacet
  facet normal 0 0 1
    outer loop
      vertex 27.4783 0.494427 2
      vertex 26.3928 0.195419 2
      vertex 27.4197 0.250295 2
    endloop
  endfacet
  facet normal -0 0 1
    outer loop
      vertex 25.7825 2.17697 2
      vertex 28.0595 1.29443 2
      vertex 25.7994 2.5724 2
    endloop
  endfacet
  facet normal 0 -0 1
    outer loop
      vertex 26.6082 -0.0270996 2
      vertex 27.4197 0.250295 2
      vertex 26.3928 0.195419 2
    endloop
  endfacet
  facet normal -0 -0 1
    outer loop
      vertex 25.7994 1.77383 2
      vertex 27.8686 1.13137 2
      vertex 25.7825 2.17697 2
    endloop
  endfacet
  facet normal 0 -0 1
    outer loop
      vertex 26.8476 -0.209167 2
      vertex 27.4197 0.250295 2
      vertex 26.6082 -0.0270996 2
    endloop
  endfacet
  facet normal -0 -0 1
    outer loop
      vertex 25.8503 1.39984 2
      vertex 27.7056 0.940456 2
      vertex 25.7994 1.77383 2
    endloop
  endfacet
  facet normal 0 0 1
    outer loop
      vertex 27.7056 0.940456 2
      vertex 25.9351 1.05501 2
      vertex 27.5744 0.726384 2
    endloop
  endfacet
  facet normal 0 0 1
    outer loop
      vertex 27.4197 0.250295 2
      vertex 26.8476 -0.209167 2
      vertex 27.4 0 2
    endloop
  endfacet
  facet normal 0 0 1
    outer loop
      vertex 27.4 0 2
      vertex 27.1109 -0.350784 2
      vertex 27.3982 -0.451935 2
    endloop
  endfacet
  facet normal 0 0 1
    outer loop
      vertex 27.4 0 2
      vertex 26.8476 -0.209167 2
      vertex 27.1109 -0.350784 2
    endloop
  endfacet
  facet normal 0 0 1
    outer loop
      vertex 27.4197 -0.250295 2
      vertex 27.3982 -0.451935 2
      vertex 27.4715 -0.466225 2
    endloop
  endfacet
  facet normal 0 0 1
    outer loop
      vertex 27.3982 -0.451935 2
      vertex 27.4197 -0.250295 2
      vertex 27.4 0 2
    endloop
  endfacet
  facet normal 0 0 -1
    outer loop
      vertex 30.5429 -0.0689392 2
      vertex 30.6 0 2
      vertex 30.5803 -0.250295 2
    endloop
  endfacet
  facet normal -0 0 -1
    outer loop
      vertex 30.6 0 2
      vertex 30.5429 -0.0689392 2
      vertex 30.5803 0.250295 2
    endloop
  endfacet
  facet normal 0 -0 -1
    outer loop
      vertex 30.5429 -0.0689392 2
      vertex 30.5803 -0.250295 2
      vertex 30.5258 -0.477371 2
    endloop
  endfacet
  facet normal 0 0 -1
    outer loop
      vertex 29.9722 0.404236 2
      vertex 30.5803 0.250295 2
      vertex 30.5429 -0.0689392 2
    endloop
  endfacet
  facet normal 0 0 -1
    outer loop
      vertex 30.5803 0.250295 2
      vertex 29.9722 0.404236 2
      vertex 30.5217 0.494427 2
    endloop
  endfacet
  facet normal 0 0 -1
    outer loop
      vertex 29.8484 0.247925 2
      vertex 30.5429 -0.0689392 2
      vertex 30.4215 -0.305069 2
    endloop
  endfacet
  facet normal 0 0 -1
    outer loop
      vertex 30.5217 0.494427 2
      vertex 30.083 0.573898 2
      vertex 30.4256 0.726384 2
    endloop
  endfacet
  facet normal 0 0 -1
    outer loop
      vertex 29.7118 0.104935 2
      vertex 30.4215 -0.305069 2
      vertex 30.2744 -0.525146 2
    endloop
  endfacet
  facet normal 0 0 -1
    outer loop
      vertex 30.4256 0.726384 2
      vertex 30.1788 0.754272 2
      vertex 30.2944 0.940456 2
    endloop
  endfacet
  facet normal 0 0 -1
    outer loop
      vertex 30.2944 0.940456 2
      vertex 30.2571 0.942795 2
      vertex 30.2665 0.97314 2
    endloop
  endfacet
  facet normal -0 0 -1
    outer loop
      vertex 30.2944 0.940456 2
      vertex 30.1788 0.754272 2
      vertex 30.2571 0.942795 2
    endloop
  endfacet
  facet normal 0 0 -1
    outer loop
      vertex 29.5623 -0.024704 2
      vertex 30.2744 -0.525146 2
      vertex 30.1015 -0.729172 2
    endloop
  endfacet
  facet normal -0 0 -1
    outer loop
      vertex 30.4256 0.726384 2
      vertex 30.083 0.573898 2
      vertex 30.1788 0.754272 2
    endloop
  endfacet
  facet normal -0 0 -1
    outer loop
      vertex 30.5217 0.494427 2
      vertex 29.9722 0.404236 2
      vertex 30.083 0.573898 2
    endloop
  endfacet
  facet normal 0 0 -1
    outer loop
      vertex 29.3999 -0.141022 2
      vertex 30.1015 -0.729172 2
      vertex 29.9028 -0.917145 2
    endloop
  endfacet
  facet normal 0 0 -1
    outer loop
      vertex 30.5429 -0.0689392 2
      vertex 29.8484 0.247925 2
      vertex 29.9722 0.404236 2
    endloop
  endfacet
  facet normal 0 0 -1
    outer loop
      vertex 30.4215 -0.305069 2
      vertex 29.7118 0.104935 2
      vertex 29.8484 0.247925 2
    endloop
  endfacet
  facet normal 0 0 -1
    outer loop
      vertex 29.2246 -0.244019 2
      vertex 29.9028 -0.917145 2
      vertex 29.6783 -1.08907 2
    endloop
  endfacet
  facet normal 0 0 -1
    outer loop
      vertex 30.2744 -0.525146 2
      vertex 29.5623 -0.024704 2
      vertex 29.7118 0.104935 2
    endloop
  endfacet
  facet normal 0 0 -1
    outer loop
      vertex 29.0404 -0.332275 2
      vertex 29.6783 -1.08907 2
      vertex 29.4281 -1.24493 2
    endloop
  endfacet
  facet normal 0 0 -1
    outer loop
      vertex 30.1015 -0.729172 2
      vertex 29.3999 -0.141022 2
      vertex 29.5623 -0.024704 2
    endloop
  endfacet
  facet normal 0 0 -1
    outer loop
      vertex 29.9028 -0.917145 2
      vertex 29.2246 -0.244019 2
      vertex 29.3999 -0.141022 2
    endloop
  endfacet
  facet normal 0 0 -1
    outer loop
      vertex 28.8512 -0.40448 2
      vertex 29.4281 -1.24493 2
      vertex 29.1607 -1.38042 2
    endloop
  endfacet
  facet normal 0 0 -1
    outer loop
      vertex 29.6783 -1.08907 2
      vertex 29.0404 -0.332275 2
      vertex 29.2246 -0.244019 2
    endloop
  endfacet
  facet normal 0 0 -1
    outer loop
      vertex 28.657 -0.460648 2
      vertex 29.1607 -1.38042 2
      vertex 28.8847 -1.49127 2
    endloop
  endfacet
  facet normal 0 0 -1
    outer loop
      vertex 29.4281 -1.24493 2
      vertex 28.8512 -0.40448 2
      vertex 29.0404 -0.332275 2
    endloop
  endfacet
  facet normal 0 0 -1
    outer loop
      vertex 28.5056 -1.52169 2
      vertex 28.8847 -1.49127 2
      vertex 28.661 -1.55902 2
    endloop
  endfacet
  facet normal 0 0 -1
    outer loop
      vertex 29.1607 -1.38042 2
      vertex 28.657 -0.460648 2
      vertex 28.8512 -0.40448 2
    endloop
  endfacet
  facet normal 0 0 -1
    outer loop
      vertex 28.4579 -0.500763 2
      vertex 28.8847 -1.49127 2
      vertex 28.5056 -1.52169 2
    endloop
  endfacet
  facet normal 0 0 -1
    outer loop
      vertex 28.8847 -1.49127 2
      vertex 28.4579 -0.500763 2
      vertex 28.657 -0.460648 2
    endloop
  endfacet
  facet normal 0 0 -1
    outer loop
      vertex 28.2736 -1.42561 2
      vertex 28.4579 -0.500763 2
      vertex 28.5056 -1.52169 2
    endloop
  endfacet
  facet normal 0 0 -1
    outer loop
      vertex 28.2736 -1.42561 2
      vertex 28.2538 -0.524826 2
      vertex 28.4579 -0.500763 2
    endloop
  endfacet
  facet normal 0 0 -1
    outer loop
      vertex 28.0595 -1.29443 2
      vertex 28.2538 -0.524826 2
      vertex 28.2736 -1.42561 2
    endloop
  endfacet
  facet normal 0 0 -1
    outer loop
      vertex 27.8686 -1.13137 2
      vertex 28.2538 -0.524826 2
      vertex 28.0595 -1.29443 2
    endloop
  endfacet
  facet normal 0 0 -1
    outer loop
      vertex 28.2538 -0.524826 2
      vertex 27.8686 -1.13137 2
      vertex 28.0447 -0.532852 2
    endloop
  endfacet
  facet normal 0 0 -1
    outer loop
      vertex 27.7056 -0.940456 2
      vertex 28.0447 -0.532852 2
      vertex 27.8686 -1.13137 2
    endloop
  endfacet
  facet normal -0 0 -1
    outer loop
      vertex 28.0447 -0.532852 2
      vertex 27.7056 -0.940456 2
      vertex 27.7095 -0.512619 2
    endloop
  endfacet
  facet normal 0 0 -1
    outer loop
      vertex 27.5744 -0.726384 2
      vertex 27.7095 -0.512619 2
      vertex 27.7056 -0.940456 2
    endloop
  endfacet
  facet normal 0 0 -1
    outer loop
      vertex 27.4783 -0.494427 2
      vertex 27.7095 -0.512619 2
      vertex 27.5744 -0.726384 2
    endloop
  endfacet
  facet normal 0 0 -1
    outer loop
      vertex 27.7095 -0.512619 2
      vertex 27.4783 -0.494427 2
      vertex 27.4715 -0.466225 2
    endloop
  endfacet
  facet normal 1 -0 0
    outer loop
      vertex 34 -19 2
      vertex 34 19 0
      vertex 34 19 2
    endloop
  endfacet
  facet normal 1 0 0
    outer loop
      vertex 34 19 0
      vertex 34 -19 2
      vertex 34 -19 0
    endloop
  endfacet
  facet normal 0 0 -1
    outer loop
      vertex 34 -19 0
      vertex 30.6 0 0
      vertex 34 19 0
    endloop
  endfacet
  facet normal 0 0 -1
    outer loop
      vertex 34 -19 0
      vertex 30.5803 -0.250295 0
      vertex 30.6 0 0
    endloop
  endfacet
  facet normal 0 0 -1
    outer loop
      vertex 34 -19 0
      vertex 30.5217 -0.494427 0
      vertex 30.5803 -0.250295 0
    endloop
  endfacet
  facet normal 0 0 -1
    outer loop
      vertex 34 -19 0
      vertex 30.4256 -0.726384 0
      vertex 30.5217 -0.494427 0
    endloop
  endfacet
  facet normal 0 0 -1
    outer loop
      vertex 34 -19 0
      vertex 30.2944 -0.940456 0
      vertex 30.4256 -0.726384 0
    endloop
  endfacet
  facet normal 0 0 -1
    outer loop
      vertex 34 -19 0
      vertex 30.1314 -1.13137 0
      vertex 30.2944 -0.940456 0
    endloop
  endfacet
  facet normal 0 0 -1
    outer loop
      vertex 34 -19 0
      vertex 29.9405 -1.29443 0
      vertex 30.1314 -1.13137 0
    endloop
  endfacet
  facet normal 0 0 -1
    outer loop
      vertex 34 -19 0
      vertex 29.7264 -1.42561 0
      vertex 29.9405 -1.29443 0
    endloop
  endfacet
  facet normal 0 0 -1
    outer loop
      vertex 34 -19 0
      vertex 29.4944 -1.52169 0
      vertex 29.7264 -1.42561 0
    endloop
  endfacet
  facet normal 0 0 -1
    outer loop
      vertex 34 -19 0
      vertex 29.2503 -1.5803 0
      vertex 29.4944 -1.52169 0
    endloop
  endfacet
  facet normal 0 0 -1
    outer loop
      vertex 34 -19 0
      vertex 29 -1.6 0
      vertex 29.2503 -1.5803 0
    endloop
  endfacet
  facet normal 0 0 -1
    outer loop
      vertex 34 -19 0
      vertex 28.7497 -1.5803 0
      vertex 29 -1.6 0
    endloop
  endfacet
  facet normal 0 0 -1
    outer loop
      vertex 34 -19 0
      vertex 28.5056 -1.52169 0
      vertex 28.7497 -1.5803 0
    endloop
  endfacet
  facet normal 0 0 -1
    outer loop
      vertex 34 -19 0
      vertex 28.2736 -1.42561 0
      vertex 28.5056 -1.52169 0
    endloop
  endfacet
  facet normal 0 0 -1
    outer loop
      vertex 34 -19 0
      vertex 28.0595 -1.29443 0
      vertex 28.2736 -1.42561 0
    endloop
  endfacet
  facet normal 0 0 -1
    outer loop
      vertex 34 -19 0
      vertex 27.8686 -1.13137 0
      vertex 28.0595 -1.29443 0
    endloop
  endfacet
  facet normal 0 0 -1
    outer loop
      vertex 34 -19 0
      vertex 27.7056 -0.940456 0
      vertex 27.8686 -1.13137 0
    endloop
  endfacet
  facet normal 0 0 -1
    outer loop
      vertex -27.7056 -0.940456 0
      vertex 27.7056 -0.940456 0
      vertex 34 -19 0
    endloop
  endfacet
  facet normal 0 0 -1
    outer loop
      vertex 27.7056 -0.940456 0
      vertex -27.7056 -0.940456 0
      vertex 27.5744 -0.726384 0
    endloop
  endfacet
  facet normal 0 0 -1
    outer loop
      vertex 27.4197 -0.250295 0
      vertex -27.4 0 0
      vertex 27.4 0 0
    endloop
  endfacet
  facet normal 0 0 -1
    outer loop
      vertex -27.4197 -0.250295 0
      vertex 27.4197 -0.250295 0
      vertex 27.4783 -0.494427 0
    endloop
  endfacet
  facet normal 0 -0 -1
    outer loop
      vertex -27.5744 -0.726384 0
      vertex 27.5744 -0.726384 0
      vertex -27.7056 -0.940456 0
    endloop
  endfacet
  facet normal 0 0 -1
    outer loop
      vertex 27.4197 -0.250295 0
      vertex -27.4197 -0.250295 0
      vertex -27.4 0 0
    endloop
  endfacet
  facet normal 0 0 -1
    outer loop
      vertex 27.4783 -0.494427 0
      vertex -27.4783 -0.494427 0
      vertex -27.4197 -0.250295 0
    endloop
  endfacet
  facet normal -0 0 -1
    outer loop
      vertex 27.4783 -0.494427 0
      vertex -27.5744 -0.726384 0
      vertex -27.4783 -0.494427 0
    endloop
  endfacet
  facet normal 0 0 -1
    outer loop
      vertex 27.5744 -0.726384 0
      vertex -27.5744 -0.726384 0
      vertex 27.4783 -0.494427 0
    endloop
  endfacet
  facet normal 0 0 -1
    outer loop
      vertex -34 -19 0
      vertex -27.7056 -0.940456 0
      vertex 34 -19 0
    endloop
  endfacet
  facet normal 0 0 -1
    outer loop
      vertex -27.7056 -0.940456 0
      vertex -34 -19 0
      vertex -27.8686 -1.13137 0
    endloop
  endfacet
  facet normal 0 0 -1
    outer loop
      vertex -27.8686 -1.13137 0
      vertex -34 -19 0
      vertex -28.0595 -1.29443 0
    endloop
  endfacet
  facet normal 0 0 -1
    outer loop
      vertex -28.0595 -1.29443 0
      vertex -34 -19 0
      vertex -28.2736 -1.42561 0
    endloop
  endfacet
  facet normal 0 0 -1
    outer loop
      vertex -28.2736 -1.42561 0
      vertex -34 -19 0
      vertex -28.5056 -1.52169 0
    endloop
  endfacet
  facet normal 0 0 -1
    outer loop
      vertex -28.5056 -1.52169 0
      vertex -34 -19 0
      vertex -28.7497 -1.5803 0
    endloop
  endfacet
  facet normal 0 0 -1
    outer loop
      vertex -28.7497 -1.5803 0
      vertex -34 -19 0
      vertex -29 -1.6 0
    endloop
  endfacet
  facet normal -0 0 -1
    outer loop
      vertex -29 -1.6 0
      vertex -34 -19 0
      vertex -29.2503 -1.5803 0
    endloop
  endfacet
  facet normal -0 0 -1
    outer loop
      vertex -30.5803 -0.250295 0
      vertex -34 -19 0
      vertex -30.6 0 0
    endloop
  endfacet
  facet normal -0 0 -1
    outer loop
      vertex -30.5217 -0.494427 0
      vertex -34 -19 0
      vertex -30.5803 -0.250295 0
    endloop
  endfacet
  facet normal -0 0 -1
    outer loop
      vertex -30.4256 -0.726384 0
      vertex -34 -19 0
      vertex -30.5217 -0.494427 0
    endloop
  endfacet
  facet normal -0 0 -1
    outer loop
      vertex -30.2944 -0.940456 0
      vertex -34 -19 0
      vertex -30.4256 -0.726384 0
    endloop
  endfacet
  facet normal -0 0 -1
    outer loop
      vertex -30.1314 -1.13137 0
      vertex -34 -19 0
      vertex -30.2944 -0.940456 0
    endloop
  endfacet
  facet normal -0 0 -1
    outer loop
      vertex -29.9405 -1.29443 0
      vertex -34 -19 0
      vertex -30.1314 -1.13137 0
    endloop
  endfacet
  facet normal -0 0 -1
    outer loop
      vertex -29.7264 -1.42561 0
      vertex -34 -19 0
      vertex -29.9405 -1.29443 0
    endloop
  endfacet
  facet normal -0 0 -1
    outer loop
      vertex -29.4944 -1.52169 0
      vertex -34 -19 0
      vertex -29.7264 -1.42561 0
    endloop
  endfacet
  facet normal -0 0 -1
    outer loop
      vertex -29.2503 -1.5803 0
      vertex -34 -19 0
      vertex -29.4944 -1.52169 0
    endloop
  endfacet
  facet normal 0 0 -1
    outer loop
      vertex 30.5803 0.250295 0
      vertex 34 19 0
      vertex 30.6 0 0
    endloop
  endfacet
  facet normal 0 0 -1
    outer loop
      vertex 30.5217 0.494427 0
      vertex 34 19 0
      vertex 30.5803 0.250295 0
    endloop
  endfacet
  facet normal 0 0 -1
    outer loop
      vertex 30.4256 0.726384 0
      vertex 34 19 0
      vertex 30.5217 0.494427 0
    endloop
  endfacet
  facet normal 0 0 -1
    outer loop
      vertex 30.2944 0.940456 0
      vertex 34 19 0
      vertex 30.4256 0.726384 0
    endloop
  endfacet
  facet normal 0 0 -1
    outer loop
      vertex 30.1314 1.13137 0
      vertex 34 19 0
      vertex 30.2944 0.940456 0
    endloop
  endfacet
  facet normal 0 0 -1
    outer loop
      vertex 29.9405 1.29443 0
      vertex 34 19 0
      vertex 30.1314 1.13137 0
    endloop
  endfacet
  facet normal 0 0 -1
    outer loop
      vertex 29.7264 1.42561 0
      vertex 34 19 0
      vertex 29.9405 1.29443 0
    endloop
  endfacet
  facet normal 0 0 -1
    outer loop
      vertex 29.4944 1.52169 0
      vertex 34 19 0
      vertex 29.7264 1.42561 0
    endloop
  endfacet
  facet normal 0 0 -1
    outer loop
      vertex 29.2503 1.5803 0
      vertex 34 19 0
      vertex 29.4944 1.52169 0
    endloop
  endfacet
  facet normal 0 0 -1
    outer loop
      vertex 29 1.6 0
      vertex 34 19 0
      vertex 29.2503 1.5803 0
    endloop
  endfacet
  facet normal 0 0 -1
    outer loop
      vertex 28.7497 1.5803 0
      vertex 34 19 0
      vertex 29 1.6 0
    endloop
  endfacet
  facet normal 0 0 -1
    outer loop
      vertex 28.5056 1.52169 0
      vertex 34 19 0
      vertex 28.7497 1.5803 0
    endloop
  endfacet
  facet normal 0 0 -1
    outer loop
      vertex 28.2736 1.42561 0
      vertex 34 19 0
      vertex 28.5056 1.52169 0
    endloop
  endfacet
  facet normal 0 0 -1
    outer loop
      vertex 28.0595 1.29443 0
      vertex 34 19 0
      vertex 28.2736 1.42561 0
    endloop
  endfacet
  facet normal 0 0 -1
    outer loop
      vertex 27.8686 1.13137 0
      vertex 34 19 0
      vertex 28.0595 1.29443 0
    endloop
  endfacet
  facet normal 0 0 -1
    outer loop
      vertex 27.7056 0.940456 0
      vertex 34 19 0
      vertex 27.8686 1.13137 0
    endloop
  endfacet
  facet normal 0 0 -1
    outer loop
      vertex -27.7056 0.940456 0
      vertex 27.7056 0.940456 0
      vertex 27.5744 0.726384 0
    endloop
  endfacet
  facet normal 0 0 -1
    outer loop
      vertex -27.5744 0.726384 0
      vertex 27.5744 0.726384 0
      vertex 27.4783 0.494427 0
    endloop
  endfacet
  facet normal 0 0 -1
    outer loop
      vertex -27.4 0 0
      vertex 27.4197 0.250295 0
      vertex 27.4 0 0
    endloop
  endfacet
  facet normal 0 0 -1
    outer loop
      vertex -27.4197 0.250295 0
      vertex 27.4197 0.250295 0
      vertex -27.4 0 0
    endloop
  endfacet
  facet normal 0 0 -1
    outer loop
      vertex 27.4197 0.250295 0
      vertex -27.4197 0.250295 0
      vertex 27.4783 0.494427 0
    endloop
  endfacet
  facet normal 0 0 -1
    outer loop
      vertex -27.4783 0.494427 0
      vertex 27.4783 0.494427 0
      vertex -27.4197 0.250295 0
    endloop
  endfacet
  facet normal 0 0 -1
    outer loop
      vertex -27.5744 0.726384 0
      vertex 27.4783 0.494427 0
      vertex -27.4783 0.494427 0
    endloop
  endfacet
  facet normal 0 0 -1
    outer loop
      vertex 27.5744 0.726384 0
      vertex -27.5744 0.726384 0
      vertex -27.7056 0.940456 0
    endloop
  endfacet
  facet normal 0 0 -1
    outer loop
      vertex 27.7056 0.940456 0
      vertex -27.7056 0.940456 0
      vertex 34 19 0
    endloop
  endfacet
  facet normal 0 0 -1
    outer loop
      vertex -34 19 0
      vertex -27.7056 0.940456 0
      vertex -27.8686 1.13137 0
    endloop
  endfacet
  facet normal 0 0 -1
    outer loop
      vertex -34 19 0
      vertex -27.8686 1.13137 0
      vertex -28.0595 1.29443 0
    endloop
  endfacet
  facet normal 0 0 -1
    outer loop
      vertex -34 19 0
      vertex -28.0595 1.29443 0
      vertex -28.2736 1.42561 0
    endloop
  endfacet
  facet normal 0 0 -1
    outer loop
      vertex -34 19 0
      vertex -28.2736 1.42561 0
      vertex -28.5056 1.52169 0
    endloop
  endfacet
  facet normal 0 0 -1
    outer loop
      vertex -34 19 0
      vertex -28.5056 1.52169 0
      vertex -28.7497 1.5803 0
    endloop
  endfacet
  facet normal 0 0 -1
    outer loop
      vertex -34 19 0
      vertex -28.7497 1.5803 0
      vertex -29 1.6 0
    endloop
  endfacet
  facet normal 0 0 -1
    outer loop
      vertex -34 19 0
      vertex -29 1.6 0
      vertex -29.2503 1.5803 0
    endloop
  endfacet
  facet normal 0 0 -1
    outer loop
      vertex -34 19 0
      vertex -29.2503 1.5803 0
      vertex -29.4944 1.52169 0
    endloop
  endfacet
  facet normal 0 0 -1
    outer loop
      vertex -34 19 0
      vertex -30.6 0 0
      vertex -34 -19 0
    endloop
  endfacet
  facet normal 0 0 -1
    outer loop
      vertex -27.7056 0.940456 0
      vertex -34 19 0
      vertex 34 19 0
    endloop
  endfacet
  facet normal 0 0 -1
    outer loop
      vertex -29.7264 1.42561 0
      vertex -34 19 0
      vertex -29.4944 1.52169 0
    endloop
  endfacet
  facet normal 0 0 -1
    outer loop
      vertex -29.9405 1.29443 0
      vertex -34 19 0
      vertex -29.7264 1.42561 0
    endloop
  endfacet
  facet normal 0 0 -1
    outer loop
      vertex -30.1314 1.13137 0
      vertex -34 19 0
      vertex -29.9405 1.29443 0
    endloop
  endfacet
  facet normal 0 0 -1
    outer loop
      vertex -30.2944 0.940456 0
      vertex -34 19 0
      vertex -30.1314 1.13137 0
    endloop
  endfacet
  facet normal 0 0 -1
    outer loop
      vertex -30.4256 0.726384 0
      vertex -34 19 0
      vertex -30.2944 0.940456 0
    endloop
  endfacet
  facet normal 0 0 -1
    outer loop
      vertex -30.5217 0.494427 0
      vertex -34 19 0
      vertex -30.4256 0.726384 0
    endloop
  endfacet
  facet normal 0 0 -1
    outer loop
      vertex -30.5803 0.250295 0
      vertex -34 19 0
      vertex -30.5217 0.494427 0
    endloop
  endfacet
  facet normal 0 0 -1
    outer loop
      vertex -30.6 0 0
      vertex -34 19 0
      vertex -30.5803 0.250295 0
    endloop
  endfacet
  facet normal 0 -1 0
    outer loop
      vertex -34 -19 0
      vertex 34 -19 2
      vertex -34 -19 2
    endloop
  endfacet
  facet normal 0 -1 -0
    outer loop
      vertex 34 -19 2
      vertex -34 -19 0
      vertex 34 -19 0
    endloop
  endfacet
  facet normal 0 1 -0
    outer loop
      vertex 34 19 0
      vertex -34 19 2
      vertex 34 19 2
    endloop
  endfacet
  facet normal 0 1 0
    outer loop
      vertex -34 19 2
      vertex 34 19 0
      vertex -34 19 0
    endloop
  endfacet
  facet normal 0 0 1
    outer loop
      vertex 21.1118 3.41895 3.2
      vertex 22.5829 3.85429 3.2
      vertex 22.393 4.26421 3.2
    endloop
  endfacet
  facet normal 0 0 1
    outer loop
      vertex 20.9898 3.68105 3.2
      vertex 22.393 4.26421 3.2
      vertex 22.1688 4.62732 3.2
    endloop
  endfacet
  facet normal 0 0 1
    outer loop
      vertex 20.8424 3.91533 3.2
      vertex 22.1688 4.62732 3.2
      vertex 21.9102 4.94363 3.2
    endloop
  endfacet
  facet normal 0 0 1
    outer loop
      vertex 20.6697 4.1218 3.2
      vertex 21.9102 4.94363 3.2
      vertex 21.6172 5.21318 3.2
    endloop
  endfacet
  facet normal 0 0 1
    outer loop
      vertex 20.6697 4.1218 3.2
      vertex 21.6172 5.21318 3.2
      vertex 21.2899 5.43593 3.2
    endloop
  endfacet
  facet normal 0 0 1
    outer loop
      vertex 22.393 4.26421 3.2
      vertex 20.9898 3.68105 3.2
      vertex 21.1118 3.41895 3.2
    endloop
  endfacet
  facet normal 0 0 1
    outer loop
      vertex 22.5829 3.85429 3.2
      vertex 21.2086 3.12906 3.2
      vertex 22.7385 3.39761 3.2
    endloop
  endfacet
  facet normal 0 -0 1
    outer loop
      vertex 21.2086 3.12906 3.2
      vertex 22.5829 3.85429 3.2
      vertex 21.1118 3.41895 3.2
    endloop
  endfacet
  facet normal 0 0 1
    outer loop
      vertex 20.4717 4.30048 3.2
      vertex 21.2899 5.43593 3.2
      vertex 20.9199 5.61871 3.2
    endloop
  endfacet
  facet normal 0 0 1
    outer loop
      vertex 22.1688 4.62732 3.2
      vertex 20.8424 3.91533 3.2
      vertex 20.9898 3.68105 3.2
    endloop
  endfacet
  facet normal 0 0 1
    outer loop
      vertex 21.9102 4.94363 3.2
      vertex 20.6697 4.1218 3.2
      vertex 20.8424 3.91533 3.2
    endloop
  endfacet
  facet normal 0 0 1
    outer loop
      vertex 20.2484 4.45134 3.2
      vertex 20.9199 5.61871 3.2
      vertex 20.4988 5.76826 3.2
    endloop
  endfacet
  facet normal 0 0 1
    outer loop
      vertex 21.2899 5.43593 3.2
      vertex 20.4717 4.30048 3.2
      vertex 20.6697 4.1218 3.2
    endloop
  endfacet
  facet normal 0 0 1
    outer loop
      vertex 20.9199 5.61871 3.2
      vertex 20.2484 4.45134 3.2
      vertex 20.4717 4.30048 3.2
    endloop
  endfacet
  facet normal 0 0 1
    outer loop
      vertex 19.9972 4.57692 3.2
      vertex 20.4988 5.76826 3.2
      vertex 20.0266 5.88458 3.2
    endloop
  endfacet
  facet normal 0 0 1
    outer loop
      vertex 20.4988 5.76826 3.2
      vertex 19.9972 4.57692 3.2
      vertex 20.2484 4.45134 3.2
    endloop
  endfacet
  facet normal 0 0 1
    outer loop
      vertex 20.0266 5.88458 3.2
      vertex 19.7158 4.67967 3.2
      vertex 19.9972 4.57692 3.2
    endloop
  endfacet
  facet normal 0 0 1
    outer loop
      vertex 19.4041 4.75958 3.2
      vertex 20.0266 5.88458 3.2
      vertex 19.5033 5.96767 3.2
    endloop
  endfacet
  facet normal 0 0 1
    outer loop
      vertex 20.0266 5.88458 3.2
      vertex 19.4041 4.75958 3.2
      vertex 19.7158 4.67967 3.2
    endloop
  endfacet
  facet normal 0 0 1
    outer loop
      vertex 19.5033 5.96767 3.2
      vertex 19.0621 4.81667 3.2
      vertex 19.4041 4.75958 3.2
    endloop
  endfacet
  facet normal 0 0 1
    outer loop
      vertex 18.929 6.01752 3.2
      vertex 19.0621 4.81667 3.2
      vertex 19.5033 5.96767 3.2
    endloop
  endfacet
  facet normal 0 0 1
    outer loop
      vertex 18.929 6.01752 3.2
      vertex 18.6898 4.85092 3.2
      vertex 19.0621 4.81667 3.2
    endloop
  endfacet
  facet normal 0 0 1
    outer loop
      vertex 18.3035 6.03413 3.2
      vertex 18.6898 4.85092 3.2
      vertex 18.929 6.01752 3.2
    endloop
  endfacet
  facet normal 0 0 1
    outer loop
      vertex 18.3035 6.03413 3.2
      vertex 18.2872 4.86234 3.2
      vertex 18.6898 4.85092 3.2
    endloop
  endfacet
  facet normal 0 0 1
    outer loop
      vertex 18.3035 6.03413 3.2
      vertex 17.8469 4.84967 3.2
      vertex 18.2872 4.86234 3.2
    endloop
  endfacet
  facet normal -0 0 1
    outer loop
      vertex 17.6307 6.01198 3.2
      vertex 17.8469 4.84967 3.2
      vertex 18.3035 6.03413 3.2
    endloop
  endfacet
  facet normal 0 0 1
    outer loop
      vertex 17.6307 6.01198 3.2
      vertex 17.4427 4.81169 3.2
      vertex 17.8469 4.84967 3.2
    endloop
  endfacet
  facet normal -0 0 1
    outer loop
      vertex 17.0119 5.94553 3.2
      vertex 17.4427 4.81169 3.2
      vertex 17.6307 6.01198 3.2
    endloop
  endfacet
  facet normal 0 0 1
    outer loop
      vertex 17.4427 4.81169 3.2
      vertex 17.0119 5.94553 3.2
      vertex 17.0747 4.7484 3.2
    endloop
  endfacet
  facet normal -0 0 1
    outer loop
      vertex 16.4471 5.83475 3.2
      vertex 17.0747 4.7484 3.2
      vertex 17.0119 5.94553 3.2
    endloop
  endfacet
  facet normal 0 0 1
    outer loop
      vertex 17.0747 4.7484 3.2
      vertex 16.4471 5.83475 3.2
      vertex 16.7429 4.65977 3.2
    endloop
  endfacet
  facet normal 0 0 1
    outer loop
      vertex 16.7429 4.65977 3.2
      vertex 16.4471 5.83475 3.2
      vertex 16.4472 4.54584 3.2
    endloop
  endfacet
  facet normal -0 0 1
    outer loop
      vertex 15.9364 5.67967 3.2
      vertex 16.4472 4.54584 3.2
      vertex 16.4471 5.83475 3.2
    endloop
  endfacet
  facet normal 0 0 1
    outer loop
      vertex 16.4472 4.54584 3.2
      vertex 15.9364 5.67967 3.2
      vertex 16.1877 4.40657 3.2
    endloop
  endfacet
  facet normal -0 0 1
    outer loop
      vertex 15.4796 5.4803 3.2
      vertex 16.1877 4.40657 3.2
      vertex 15.9364 5.67967 3.2
    endloop
  endfacet
  facet normal 0 0 1
    outer loop
      vertex 16.1877 4.40657 3.2
      vertex 15.4796 5.4803 3.2
      vertex 15.9664 4.24226 3.2
    endloop
  endfacet
  facet normal -0 0 1
    outer loop
      vertex 15.077 5.23662 3.2
      vertex 15.9664 4.24226 3.2
      vertex 15.4796 5.4803 3.2
    endloop
  endfacet
  facet normal 0 0 1
    outer loop
      vertex 15.9664 4.24226 3.2
      vertex 15.077 5.23662 3.2
      vertex 15.7853 4.05309 3.2
    endloop
  endfacet
  facet normal -0 0 1
    outer loop
      vertex 14.7326 4.95204 3.2
      vertex 15.7853 4.05309 3.2
      vertex 15.077 5.23662 3.2
    endloop
  endfacet
  facet normal 0 0 1
    outer loop
      vertex 15.7853 4.05309 3.2
      vertex 14.7326 4.95204 3.2
      vertex 15.6445 3.83904 3.2
    endloop
  endfacet
  facet normal -0 0 1
    outer loop
      vertex 14.4508 4.62996 3.2
      vertex 15.6445 3.83904 3.2
      vertex 14.7326 4.95204 3.2
    endloop
  endfacet
  facet normal 0 0 1
    outer loop
      vertex 16.087 1.85349 3.2
      vertex 15.2692 0.607376 3.2
      vertex 15.4626 0.497406 3.2
    endloop
  endfacet
  facet normal -0 0 1
    outer loop
      vertex 14.2317 4.27034 3.2
      vertex 15.6445 3.83904 3.2
      vertex 14.4508 4.62996 3.2
    endloop
  endfacet
  facet normal 0 0 1
    outer loop
      vertex 15.4713 2.87646 3.2
      vertex 13.9499 2.96634 3.2
      vertex 13.9559 2.75609 3.2
    endloop
  endfacet
  facet normal 0 0 1
    outer loop
      vertex 15.6445 3.83904 3.2
      vertex 14.2317 4.27034 3.2
      vertex 15.5439 3.60011 3.2
    endloop
  endfacet
  facet normal 0 0 1
    outer loop
      vertex 15.4713 2.87646 3.2
      vertex 15.0924 0.721176 3.2
      vertex 15.2692 0.607376 3.2
    endloop
  endfacet
  facet normal 0 0 1
    outer loop
      vertex 15.4713 2.87646 3.2
      vertex 13.9559 2.75609 3.2
      vertex 13.9739 2.55397 3.2
    endloop
  endfacet
  facet normal -0 0 1
    outer loop
      vertex 14.0751 3.8732 3.2
      vertex 15.5439 3.60011 3.2
      vertex 14.2317 4.27034 3.2
    endloop
  endfacet
  facet normal 0 0 1
    outer loop
      vertex 15.4713 2.87646 3.2
      vertex 14.932 0.838806 3.2
      vertex 15.0924 0.721176 3.2
    endloop
  endfacet
  facet normal 0 0 1
    outer loop
      vertex 15.4713 2.87646 3.2
      vertex 13.9739 2.55397 3.2
      vertex 14.0038 2.36 3.2
    endloop
  endfacet
  facet normal 0 0 1
    outer loop
      vertex 15.5439 3.60011 3.2
      vertex 14.0751 3.8732 3.2
      vertex 15.4836 3.33633 3.2
    endloop
  endfacet
  facet normal 0 0 1
    outer loop
      vertex 15.4713 2.87646 3.2
      vertex 14.7881 0.960297 3.2
      vertex 14.932 0.838806 3.2
    endloop
  endfacet
  facet normal 0 0 1
    outer loop
      vertex 15.4713 2.87646 3.2
      vertex 14.6578 1.08723 3.2
      vertex 14.7881 0.960297 3.2
    endloop
  endfacet
  facet normal 0 0 1
    outer loop
      vertex 15.4713 2.87646 3.2
      vertex 14.5381 1.22118 3.2
      vertex 14.6578 1.08723 3.2
    endloop
  endfacet
  facet normal -0 0 1
    outer loop
      vertex 13.9812 3.43852 3.2
      vertex 15.4836 3.33633 3.2
      vertex 14.0751 3.8732 3.2
    endloop
  endfacet
  facet normal 0 0 1
    outer loop
      vertex 15.4713 2.87646 3.2
      vertex 14.429 1.36211 3.2
      vertex 14.5381 1.22118 3.2
    endloop
  endfacet
  facet normal 0 0 1
    outer loop
      vertex 15.4713 2.87646 3.2
      vertex 14.3306 1.51006 3.2
      vertex 14.429 1.36211 3.2
    endloop
  endfacet
  facet normal 0 0 1
    outer loop
      vertex 15.4836 3.33633 3.2
      vertex 13.9812 3.43852 3.2
      vertex 15.4635 3.0477 3.2
    endloop
  endfacet
  facet normal 0 0 1
    outer loop
      vertex 15.4635 3.0477 3.2
      vertex 13.9812 3.43852 3.2
      vertex 13.9499 2.96634 3.2
    endloop
  endfacet
  facet normal 0 0 1
    outer loop
      vertex 15.4713 2.87646 3.2
      vertex 14.0457 2.17418 3.2
      vertex 14.0997 1.99648 3.2
    endloop
  endfacet
  facet normal 0 0 1
    outer loop
      vertex 15.4713 2.87646 3.2
      vertex 14.2427 1.66499 3.2
      vertex 14.3306 1.51006 3.2
    endloop
  endfacet
  facet normal 0 0 1
    outer loop
      vertex 15.4713 2.87646 3.2
      vertex 14.0038 2.36 3.2
      vertex 14.0457 2.17418 3.2
    endloop
  endfacet
  facet normal 0 0 1
    outer loop
      vertex 15.4713 2.87646 3.2
      vertex 14.0997 1.99648 3.2
      vertex 14.1655 1.82693 3.2
    endloop
  endfacet
  facet normal 0 0 1
    outer loop
      vertex 15.4713 2.87646 3.2
      vertex 14.1655 1.82693 3.2
      vertex 14.2427 1.66499 3.2
    endloop
  endfacet
  facet normal 0 0 1
    outer loop
      vertex 23.007 -2.43701 3.2
      vertex 21.4619 -2.33708 3.2
      vertex 21.469 -2.51837 3.2
    endloop
  endfacet
  facet normal 0 0 1
    outer loop
      vertex 21.6195 0.0367737 3.2
      vertex 21.4405 -2.16756 3.2
      vertex 21.4619 -2.33708 3.2
    endloop
  endfacet
  facet normal 0 0 1
    outer loop
      vertex 21.6195 0.0367737 3.2
      vertex 21.4049 -2.00978 3.2
      vertex 21.4405 -2.16756 3.2
    endloop
  endfacet
  facet normal 0 0 1
    outer loop
      vertex 21.6195 0.0367737 3.2
      vertex 21.3551 -1.86375 3.2
      vertex 21.4049 -2.00978 3.2
    endloop
  endfacet
  facet normal 0 0 1
    outer loop
      vertex 20.6413 -1.10861 3.2
      vertex 21.4781 0.113754 3.2
      vertex 21.3333 0.187347 3.2
    endloop
  endfacet
  facet normal 0 0 1
    outer loop
      vertex 21.6195 0.0367737 3.2
      vertex 21.291 -1.72949 3.2
      vertex 21.3551 -1.86375 3.2
    endloop
  endfacet
  facet normal 0 0 1
    outer loop
      vertex 21.6195 0.0367737 3.2
      vertex 21.2127 -1.60698 3.2
      vertex 21.291 -1.72949 3.2
    endloop
  endfacet
  facet normal 0 0 1
    outer loop
      vertex 20.6413 -1.10861 3.2
      vertex 21.3333 0.187347 3.2
      vertex 21.1852 0.257538 3.2
    endloop
  endfacet
  facet normal 0 0 1
    outer loop
      vertex 21.6195 0.0367737 3.2
      vertex 21.1215 -1.49373 3.2
      vertex 21.2127 -1.60698 3.2
    endloop
  endfacet
  facet normal 0 0 1
    outer loop
      vertex 20.4924 -1.0293 3.2
      vertex 21.1852 0.257538 3.2
      vertex 21.0336 0.324341 3.2
    endloop
  endfacet
  facet normal 0 0 1
    outer loop
      vertex 21.6195 0.0367737 3.2
      vertex 21.0187 -1.38727 3.2
      vertex 21.1215 -1.49373 3.2
    endloop
  endfacet
  facet normal 0 0 1
    outer loop
      vertex 21.6195 0.0367737 3.2
      vertex 20.9044 -1.2876 3.2
      vertex 21.0187 -1.38727 3.2
    endloop
  endfacet
  facet normal 0 0 1
    outer loop
      vertex 20.3329 -0.955368 3.2
      vertex 21.0336 0.324341 3.2
      vertex 20.8786 0.387756 3.2
    endloop
  endfacet
  facet normal 0 0 1
    outer loop
      vertex 21.6195 0.0367737 3.2
      vertex 20.7786 -1.1947 3.2
      vertex 20.9044 -1.2876 3.2
    endloop
  endfacet
  facet normal 0 0 1
    outer loop
      vertex 20.3329 -0.955368 3.2
      vertex 20.8786 0.387756 3.2
      vertex 20.7203 0.447769 3.2
    endloop
  endfacet
  facet normal 0 0 1
    outer loop
      vertex 21.4781 0.113754 3.2
      vertex 20.6413 -1.10861 3.2
      vertex 20.7786 -1.1947 3.2
    endloop
  endfacet
  facet normal 0 0 1
    outer loop
      vertex 20.1633 -0.885513 3.2
      vertex 20.7203 0.447769 3.2
      vertex 20.559 0.50473 3.2
    endloop
  endfacet
  facet normal 0 0 1
    outer loop
      vertex 21.1852 0.257538 3.2
      vertex 20.4924 -1.0293 3.2
      vertex 20.6413 -1.10861 3.2
    endloop
  endfacet
  facet normal 0 0 1
    outer loop
      vertex 19.9839 -0.819748 3.2
      vertex 20.559 0.50473 3.2
      vertex 20.3952 0.55899 3.2
    endloop
  endfacet
  facet normal 0 0 1
    outer loop
      vertex 21.0336 0.324341 3.2
      vertex 20.3329 -0.955368 3.2
      vertex 20.4924 -1.0293 3.2
    endloop
  endfacet
  facet normal 0 0 1
    outer loop
      vertex 19.7944 -0.758041 3.2
      vertex 20.3952 0.55899 3.2
      vertex 20.229 0.610519 3.2
    endloop
  endfacet
  facet normal 0 0 1
    outer loop
      vertex 20.7203 0.447769 3.2
      vertex 20.1633 -0.885513 3.2
      vertex 20.3329 -0.955368 3.2
    endloop
  endfacet
  facet normal 0 0 1
    outer loop
      vertex 19.7944 -0.758041 3.2
      vertex 20.229 0.610519 3.2
      vertex 20.0603 0.659348 3.2
    endloop
  endfacet
  facet normal 0 0 1
    outer loop
      vertex 20.559 0.50473 3.2
      vertex 19.9839 -0.819748 3.2
      vertex 20.1633 -0.885513 3.2
    endloop
  endfacet
  facet normal 0 0 1
    outer loop
      vertex 19.5951 -0.700409 3.2
      vertex 20.0603 0.659348 3.2
      vertex 19.889 0.70546 3.2
    endloop
  endfacet
  facet normal 0 0 1
    outer loop
      vertex 20.3952 0.55899 3.2
      vertex 19.7944 -0.758041 3.2
      vertex 19.9839 -0.819748 3.2
    endloop
  endfacet
  facet normal 0 0 1
    outer loop
      vertex 19.3858 -0.646851 3.2
      vertex 19.889 0.70546 3.2
      vertex 19.7153 0.748856 3.2
    endloop
  endfacet
  facet normal 0 0 1
    outer loop
      vertex 20.0603 0.659348 3.2
      vertex 19.5951 -0.700409 3.2
      vertex 19.7944 -0.758041 3.2
    endloop
  endfacet
  facet normal 0 0 1
    outer loop
      vertex 19.3858 -0.646851 3.2
      vertex 19.7153 0.748856 3.2
      vertex 19.5402 0.790771 3.2
    endloop
  endfacet
  facet normal 0 0 1
    outer loop
      vertex 19.889 0.70546 3.2
      vertex 19.3858 -0.646851 3.2
      vertex 19.5951 -0.700409 3.2
    endloop
  endfacet
  facet normal 0 0 1
    outer loop
      vertex 19.1677 -0.59462 3.2
      vertex 19.5402 0.790771 3.2
      vertex 19.3649 0.832474 3.2
    endloop
  endfacet
  facet normal 0 0 1
    outer loop
      vertex 18.9418 -0.541031 3.2
      vertex 19.3649 0.832474 3.2
      vertex 19.1894 0.873947 3.2
    endloop
  endfacet
  facet normal 0 0 1
    outer loop
      vertex 19.5402 0.790771 3.2
      vertex 19.1677 -0.59462 3.2
      vertex 19.3858 -0.646851 3.2
    endloop
  endfacet
  facet normal 0 0 1
    outer loop
      vertex 18.7084 -0.486084 3.2
      vertex 19.1894 0.873947 3.2
      vertex 19.0137 0.915192 3.2
    endloop
  endfacet
  facet normal 0 0 1
    outer loop
      vertex 19.3649 0.832474 3.2
      vertex 18.9418 -0.541031 3.2
      vertex 19.1677 -0.59462 3.2
    endloop
  endfacet
  facet normal 0 0 1
    outer loop
      vertex 18.7084 -0.486084 3.2
      vertex 19.0137 0.915192 3.2
      vertex 18.8378 0.956223 3.2
    endloop
  endfacet
  facet normal 0 0 1
    outer loop
      vertex 19.1894 0.873947 3.2
      vertex 18.7084 -0.486084 3.2
      vertex 18.9418 -0.541031 3.2
    endloop
  endfacet
  facet normal 0 0 1
    outer loop
      vertex 18.4672 -0.429779 3.2
      vertex 18.8378 0.956223 3.2
      vertex 18.6616 0.997009 3.2
    endloop
  endfacet
  facet normal 0 0 1
    outer loop
      vertex 18.8378 0.956223 3.2
      vertex 18.4672 -0.429779 3.2
      vertex 18.7084 -0.486084 3.2
    endloop
  endfacet
  facet normal 0 0 1
    outer loop
      vertex 18.6616 0.997009 3.2
      vertex 18.2183 -0.372131 3.2
      vertex 18.4672 -0.429779 3.2
    endloop
  endfacet
  facet normal 0 0 1
    outer loop
      vertex 18.1645 1.1106 3.2
      vertex 18.2183 -0.372131 3.2
      vertex 18.6616 0.997009 3.2
    endloop
  endfacet
  facet normal 0 0 1
    outer loop
      vertex 18.1645 1.1106 3.2
      vertex 17.9617 -0.313126 3.2
      vertex 18.2183 -0.372131 3.2
    endloop
  endfacet
  facet normal 0 0 1
    outer loop
      vertex 17.5269 -0.212769 3.2
      vertex 18.1645 1.1106 3.2
      vertex 17.7258 1.21808 3.2
    endloop
  endfacet
  facet normal 0 0 1
    outer loop
      vertex 18.1645 1.1106 3.2
      vertex 17.5269 -0.212769 3.2
      vertex 17.9617 -0.313126 3.2
    endloop
  endfacet
  facet normal 0 0 1
    outer loop
      vertex 17.1285 -0.112411 3.2
      vertex 17.7258 1.21808 3.2
      vertex 17.3453 1.31946 3.2
    endloop
  endfacet
  facet normal 0 0 1
    outer loop
      vertex 17.7258 1.21808 3.2
      vertex 17.1285 -0.112411 3.2
      vertex 17.5269 -0.212769 3.2
    endloop
  endfacet
  facet normal 0 0 1
    outer loop
      vertex 16.7665 -0.0120544 3.2
      vertex 17.3453 1.31946 3.2
      vertex 17.0232 1.41472 3.2
    endloop
  endfacet
  facet normal 0 0 1
    outer loop
      vertex 17.3453 1.31946 3.2
      vertex 16.7665 -0.0120544 3.2
      vertex 17.1285 -0.112411 3.2
    endloop
  endfacet
  facet normal 0 0 1
    outer loop
      vertex 16.4409 0.0882874 3.2
      vertex 17.0232 1.41472 3.2
      vertex 16.7594 1.50388 3.2
    endloop
  endfacet
  facet normal 0 0 1
    outer loop
      vertex 16.1517 0.18866 3.2
      vertex 16.7594 1.50388 3.2
      vertex 16.5539 1.58693 3.2
    endloop
  endfacet
  facet normal 0 0 1
    outer loop
      vertex 17.0232 1.41472 3.2
      vertex 16.4409 0.0882874 3.2
      vertex 16.7665 -0.0120544 3.2
    endloop
  endfacet
  facet normal 0 0 1
    outer loop
      vertex 15.8988 0.289017 3.2
      vertex 16.5539 1.58693 3.2
      vertex 16.3845 1.66991 3.2
    endloop
  endfacet
  facet normal 0 0 1
    outer loop
      vertex 15.6725 0.391296 3.2
      vertex 16.3845 1.66991 3.2
      vertex 16.2288 1.75876 3.2
    endloop
  endfacet
  facet normal 0 0 1
    outer loop
      vertex 16.7594 1.50388 3.2
      vertex 16.1517 0.18866 3.2
      vertex 16.4409 0.0882874 3.2
    endloop
  endfacet
  facet normal 0 0 1
    outer loop
      vertex 15.4626 0.497406 3.2
      vertex 16.2288 1.75876 3.2
      vertex 16.087 1.85349 3.2
    endloop
  endfacet
  facet normal 0 0 1
    outer loop
      vertex 15.2692 0.607376 3.2
      vertex 16.087 1.85349 3.2
      vertex 15.9589 1.95409 3.2
    endloop
  endfacet
  facet normal 0 0 1
    outer loop
      vertex 16.5539 1.58693 3.2
      vertex 15.8988 0.289017 3.2
      vertex 16.1517 0.18866 3.2
    endloop
  endfacet
  facet normal 0 0 1
    outer loop
      vertex 15.2692 0.607376 3.2
      vertex 15.9589 1.95409 3.2
      vertex 15.8446 2.06055 3.2
    endloop
  endfacet
  facet normal 0 0 1
    outer loop
      vertex 15.2692 0.607376 3.2
      vertex 15.8446 2.06055 3.2
      vertex 15.7441 2.1729 3.2
    endloop
  endfacet
  facet normal 0 0 1
    outer loop
      vertex 16.3845 1.66991 3.2
      vertex 15.6725 0.391296 3.2
      vertex 15.8988 0.289017 3.2
    endloop
  endfacet
  facet normal 0 0 1
    outer loop
      vertex 15.2692 0.607376 3.2
      vertex 15.7441 2.1729 3.2
      vertex 15.6584 2.29326 3.2
    endloop
  endfacet
  facet normal 0 0 1
    outer loop
      vertex 15.2692 0.607376 3.2
      vertex 15.6584 2.29326 3.2
      vertex 15.5882 2.4238 3.2
    endloop
  endfacet
  facet normal 0 0 1
    outer loop
      vertex 15.2692 0.607376 3.2
      vertex 15.5882 2.4238 3.2
      vertex 15.5336 2.56451 3.2
    endloop
  endfacet
  facet normal 0 0 1
    outer loop
      vertex 15.2692 0.607376 3.2
      vertex 15.5336 2.56451 3.2
      vertex 15.4947 2.71539 3.2
    endloop
  endfacet
  facet normal 0 0 1
    outer loop
      vertex 15.2692 0.607376 3.2
      vertex 15.4947 2.71539 3.2
      vertex 15.4713 2.87646 3.2
    endloop
  endfacet
  facet normal 0 0 1
    outer loop
      vertex 16.2288 1.75876 3.2
      vertex 15.4626 0.497406 3.2
      vertex 15.6725 0.391296 3.2
    endloop
  endfacet
  facet normal -0 0 1
    outer loop
      vertex 13.9499 2.96634 3.2
      vertex 15.4713 2.87646 3.2
      vertex 15.4635 3.0477 3.2
    endloop
  endfacet
  facet normal 0 0 1
    outer loop
      vertex 21.4619 -2.33708 3.2
      vertex 23.0022 -2.23265 3.2
      vertex 22.9876 -2.03734 3.2
    endloop
  endfacet
  facet normal -0 0 1
    outer loop
      vertex 21.4619 -2.33708 3.2
      vertex 23.007 -2.43701 3.2
      vertex 23.0022 -2.23265 3.2
    endloop
  endfacet
  facet normal 0 0 1
    outer loop
      vertex 21.4619 -2.33708 3.2
      vertex 22.9876 -2.03734 3.2
      vertex 22.9633 -1.85109 3.2
    endloop
  endfacet
  facet normal 0 0 1
    outer loop
      vertex 21.4619 -2.33708 3.2
      vertex 22.9633 -1.85109 3.2
      vertex 22.9293 -1.67386 3.2
    endloop
  endfacet
  facet normal 0 0 1
    outer loop
      vertex 21.4619 -2.33708 3.2
      vertex 22.9293 -1.67386 3.2
      vertex 22.8855 -1.50569 3.2
    endloop
  endfacet
  facet normal 0 0 1
    outer loop
      vertex 23.007 -2.43701 3.2
      vertex 21.469 -2.51837 3.2
      vertex 22.9725 -2.94604 3.2
    endloop
  endfacet
  facet normal 0 0 1
    outer loop
      vertex 21.4619 -2.33708 3.2
      vertex 22.8855 -1.50569 3.2
      vertex 22.8321 -1.34657 3.2
    endloop
  endfacet
  facet normal 0 0 1
    outer loop
      vertex 21.4619 -2.33708 3.2
      vertex 22.8321 -1.34657 3.2
      vertex 22.77 -1.19536 3.2
    endloop
  endfacet
  facet normal 0 0 1
    outer loop
      vertex 21.4619 -2.33708 3.2
      vertex 22.77 -1.19536 3.2
      vertex 22.7005 -1.05093 3.2
    endloop
  endfacet
  facet normal -0 0 1
    outer loop
      vertex 21.4463 -2.83856 3.2
      vertex 22.9725 -2.94604 3.2
      vertex 21.469 -2.51837 3.2
    endloop
  endfacet
  facet normal 0 0 1
    outer loop
      vertex 21.4619 -2.33708 3.2
      vertex 22.7005 -1.05093 3.2
      vertex 22.6235 -0.913284 3.2
    endloop
  endfacet
  facet normal 0 0 1
    outer loop
      vertex 21.4619 -2.33708 3.2
      vertex 22.6235 -0.913284 3.2
      vertex 22.5391 -0.78241 3.2
    endloop
  endfacet
  facet normal 0 0 1
    outer loop
      vertex 22.9725 -2.94604 3.2
      vertex 21.4463 -2.83856 3.2
      vertex 22.8691 -3.4153 3.2
    endloop
  endfacet
  facet normal 0 0 1
    outer loop
      vertex 21.4619 -2.33708 3.2
      vertex 22.5391 -0.78241 3.2
      vertex 22.4472 -0.658325 3.2
    endloop
  endfacet
  facet normal 0 0 1
    outer loop
      vertex 21.4619 -2.33708 3.2
      vertex 22.4472 -0.658325 3.2
      vertex 22.3479 -0.541016 3.2
    endloop
  endfacet
  facet normal 0 0 1
    outer loop
      vertex 21.4619 -2.33708 3.2
      vertex 22.3479 -0.541016 3.2
      vertex 22.2417 -0.429993 3.2
    endloop
  endfacet
  facet normal -0 0 1
    outer loop
      vertex 21.3781 -3.13185 3.2
      vertex 22.8691 -3.4153 3.2
      vertex 21.4463 -2.83856 3.2
    endloop
  endfacet
  facet normal 0 0 1
    outer loop
      vertex 21.4619 -2.33708 3.2
      vertex 22.2417 -0.429993 3.2
      vertex 22.1295 -0.32486 3.2
    endloop
  endfacet
  facet normal 0 0 1
    outer loop
      vertex 21.4619 -2.33708 3.2
      vertex 22.1295 -0.32486 3.2
      vertex 22.0112 -0.225616 3.2
    endloop
  endfacet
  facet normal 0 0 1
    outer loop
      vertex 21.4619 -2.33708 3.2
      vertex 22.0112 -0.225616 3.2
      vertex 21.8867 -0.132263 3.2
    endloop
  endfacet
  facet normal 0 0 1
    outer loop
      vertex 22.8691 -3.4153 3.2
      vertex 21.3781 -3.13185 3.2
      vertex 22.6968 -3.84476 3.2
    endloop
  endfacet
  facet normal 0 0 1
    outer loop
      vertex 21.4619 -2.33708 3.2
      vertex 21.8867 -0.132263 3.2
      vertex 21.7561 -0.0447998 3.2
    endloop
  endfacet
  facet normal 0 0 1
    outer loop
      vertex 21.4619 -2.33708 3.2
      vertex 21.7561 -0.0447998 3.2
      vertex 21.6195 0.0367737 3.2
    endloop
  endfacet
  facet normal 0 0 1
    outer loop
      vertex 20.7786 -1.1947 3.2
      vertex 21.6195 0.0367737 3.2
      vertex 21.4781 0.113754 3.2
    endloop
  endfacet
  facet normal -0 0 1
    outer loop
      vertex 21.2645 -3.39824 3.2
      vertex 22.6968 -3.84476 3.2
      vertex 21.3781 -3.13185 3.2
    endloop
  endfacet
  facet normal 0 0 1
    outer loop
      vertex 22.6968 -3.84476 3.2
      vertex 21.2645 -3.39824 3.2
      vertex 22.4555 -4.23445 3.2
    endloop
  endfacet
  facet normal -0 0 1
    outer loop
      vertex 21.1055 -3.63773 3.2
      vertex 22.4555 -4.23445 3.2
      vertex 21.2645 -3.39824 3.2
    endloop
  endfacet
  facet normal 0 0 1
    outer loop
      vertex 22.4555 -4.23445 3.2
      vertex 21.1055 -3.63773 3.2
      vertex 22.1452 -4.58437 3.2
    endloop
  endfacet
  facet normal 0 0 1
    outer loop
      vertex 22.1452 -4.58437 3.2
      vertex 21.1055 -3.63773 3.2
      vertex 21.766 -4.89449 3.2
    endloop
  endfacet
  facet normal -0 0 1
    outer loop
      vertex 20.9011 -3.85033 3.2
      vertex 21.766 -4.89449 3.2
      vertex 21.1055 -3.63773 3.2
    endloop
  endfacet
  facet normal 0 0 1
    outer loop
      vertex 21.766 -4.89449 3.2
      vertex 20.9011 -3.85033 3.2
      vertex 21.3242 -5.16055 3.2
    endloop
  endfacet
  facet normal -0 0 1
    outer loop
      vertex 20.6512 -4.03601 3.2
      vertex 21.3242 -5.16055 3.2
      vertex 20.9011 -3.85033 3.2
    endloop
  endfacet
  facet normal 0 0 1
    outer loop
      vertex 21.3242 -5.16055 3.2
      vertex 20.6512 -4.03601 3.2
      vertex 20.8261 -5.37822 3.2
    endloop
  endfacet
  facet normal -0 0 1
    outer loop
      vertex 20.3595 -4.19389 3.2
      vertex 20.8261 -5.37822 3.2
      vertex 20.6512 -4.03601 3.2
    endloop
  endfacet
  facet normal -0 0 1
    outer loop
      vertex 20.0296 -4.32307 3.2
      vertex 20.8261 -5.37822 3.2
      vertex 20.3595 -4.19389 3.2
    endloop
  endfacet
  facet normal 0 0 1
    outer loop
      vertex 20.8261 -5.37822 3.2
      vertex 20.0296 -4.32307 3.2
      vertex 20.2718 -5.54753 3.2
    endloop
  endfacet
  facet normal -0 0 1
    outer loop
      vertex 19.6615 -4.42355 3.2
      vertex 20.2718 -5.54753 3.2
      vertex 20.0296 -4.32307 3.2
    endloop
  endfacet
  facet normal 0 0 1
    outer loop
      vertex 19.6615 -4.42355 3.2
      vertex 19.6611 -5.66847 3.2
      vertex 20.2718 -5.54753 3.2
    endloop
  endfacet
  facet normal -0 0 1
    outer loop
      vertex 19.2551 -4.49532 3.2
      vertex 19.6611 -5.66847 3.2
      vertex 19.6615 -4.42355 3.2
    endloop
  endfacet
  facet normal 0 0 1
    outer loop
      vertex 19.2551 -4.49532 3.2
      vertex 18.9942 -5.74103 3.2
      vertex 19.6611 -5.66847 3.2
    endloop
  endfacet
  facet normal -0 0 1
    outer loop
      vertex 18.8106 -4.53838 3.2
      vertex 18.9942 -5.74103 3.2
      vertex 19.2551 -4.49532 3.2
    endloop
  endfacet
  facet normal 0 0 1
    outer loop
      vertex 18.271 -5.76521 3.2
      vertex 18.8106 -4.53838 3.2
      vertex 18.3279 -4.55273 3.2
    endloop
  endfacet
  facet normal 0 0 1
    outer loop
      vertex 18.8106 -4.53838 3.2
      vertex 18.271 -5.76521 3.2
      vertex 18.9942 -5.74103 3.2
    endloop
  endfacet
  facet normal 0 0 1
    outer loop
      vertex 17.8593 -4.53928 3.2
      vertex 18.271 -5.76521 3.2
      vertex 18.3279 -4.55273 3.2
    endloop
  endfacet
  facet normal 0 0 1
    outer loop
      vertex 16.9719 -5.6843 3.2
      vertex 17.8593 -4.53928 3.2
      vertex 17.4246 -4.49893 3.2
    endloop
  endfacet
  facet normal 0 0 1
    outer loop
      vertex 16.9719 -5.6843 3.2
      vertex 17.4246 -4.49893 3.2
      vertex 17.0238 -4.43169 3.2
    endloop
  endfacet
  facet normal 0 0 1
    outer loop
      vertex 17.8593 -4.53928 3.2
      vertex 16.9719 -5.6843 3.2
      vertex 18.271 -5.76521 3.2
    endloop
  endfacet
  facet normal 0 0 1
    outer loop
      vertex 16.657 -4.33754 3.2
      vertex 16.9719 -5.6843 3.2
      vertex 17.0238 -4.43169 3.2
    endloop
  endfacet
  facet normal 0 0 1
    outer loop
      vertex 15.8686 -5.44151 3.2
      vertex 16.657 -4.33754 3.2
      vertex 16.324 -4.21648 3.2
    endloop
  endfacet
  facet normal 0 0 1
    outer loop
      vertex 15.8686 -5.44151 3.2
      vertex 16.324 -4.21648 3.2
      vertex 16.0249 -4.06853 3.2
    endloop
  endfacet
  facet normal 0 0 1
    outer loop
      vertex 16.657 -4.33754 3.2
      vertex 15.8686 -5.44151 3.2
      vertex 16.9719 -5.6843 3.2
    endloop
  endfacet
  facet normal 0 0 1
    outer loop
      vertex 14.961 -5.0369 3.2
      vertex 16.0249 -4.06853 3.2
      vertex 15.7591 -3.89188 3.2
    endloop
  endfacet
  facet normal 0 0 1
    outer loop
      vertex 14.961 -5.0369 3.2
      vertex 15.7591 -3.89188 3.2
      vertex 15.5259 -3.68471 3.2
    endloop
  endfacet
  facet normal 0 0 1
    outer loop
      vertex 14.2492 -4.47044 3.2
      vertex 15.5259 -3.68471 3.2
      vertex 15.3252 -3.44702 3.2
    endloop
  endfacet
  facet normal 0 0 1
    outer loop
      vertex 14.2492 -4.47044 3.2
      vertex 15.3252 -3.44702 3.2
      vertex 15.157 -3.17883 3.2
    endloop
  endfacet
  facet normal 0 0 1
    outer loop
      vertex 13.7332 -3.74213 3.2
      vertex 15.157 -3.17883 3.2
      vertex 15.0214 -2.88011 3.2
    endloop
  endfacet
  facet normal 0 0 1
    outer loop
      vertex 16.0249 -4.06853 3.2
      vertex 14.961 -5.0369 3.2
      vertex 15.8686 -5.44151 3.2
    endloop
  endfacet
  facet normal -0 0 1
    outer loop
      vertex 13.4129 -2.85197 3.2
      vertex 15.0214 -2.88011 3.2
      vertex 14.9183 -2.55089 3.2
    endloop
  endfacet
  facet normal 0 0 1
    outer loop
      vertex 15.5259 -3.68471 3.2
      vertex 14.2492 -4.47044 3.2
      vertex 14.961 -5.0369 3.2
    endloop
  endfacet
  facet normal 0 0 1
    outer loop
      vertex 15.157 -3.17883 3.2
      vertex 13.7332 -3.74213 3.2
      vertex 14.2492 -4.47044 3.2
    endloop
  endfacet
  facet normal 0 0 1
    outer loop
      vertex 15.0214 -2.88011 3.2
      vertex 13.4129 -2.85197 3.2
      vertex 13.7332 -3.74213 3.2
    endloop
  endfacet
  facet normal 0 0 1
    outer loop
      vertex 31.882 2.09738 3.2
      vertex 30.3877 1.55716 3.2
      vertex 31.9641 1.26941 3.2
    endloop
  endfacet
  facet normal -0 0 1
    outer loop
      vertex 30.3615 1.34424 3.2
      vertex 31.9641 1.26941 3.2
      vertex 30.3877 1.55716 3.2
    endloop
  endfacet
  facet normal 0 0 1
    outer loop
      vertex 30.6527 5.0508 3.2
      vertex 30.3787 2.2243 3.2
      vertex 30.3964 1.77821 3.2
    endloop
  endfacet
  facet normal 0 0 1
    outer loop
      vertex 30.6527 5.0508 3.2
      vertex 30.3258 2.64032 3.2
      vertex 30.3787 2.2243 3.2
    endloop
  endfacet
  facet normal 0 0 1
    outer loop
      vertex 29.5381 4.26109 3.2
      vertex 30.6527 5.0508 3.2
      vertex 30.2472 5.4048 3.2
    endloop
  endfacet
  facet normal 0 0 1
    outer loop
      vertex 30.6527 5.0508 3.2
      vertex 30.2377 3.02628 3.2
      vertex 30.3258 2.64032 3.2
    endloop
  endfacet
  facet normal 0 0 1
    outer loop
      vertex 30.6527 5.0508 3.2
      vertex 30.1143 3.38216 3.2
      vertex 30.2377 3.02628 3.2
    endloop
  endfacet
  facet normal 0 0 1
    outer loop
      vertex 30.6527 5.0508 3.2
      vertex 29.9556 3.70798 3.2
      vertex 30.1143 3.38216 3.2
    endloop
  endfacet
  facet normal 0 0 1
    outer loop
      vertex 29.2906 4.47166 3.2
      vertex 30.2472 5.4048 3.2
      vertex 29.7901 5.68013 3.2
    endloop
  endfacet
  facet normal 0 0 1
    outer loop
      vertex 30.6527 5.0508 3.2
      vertex 29.7617 4.00374 3.2
      vertex 29.9556 3.70798 3.2
    endloop
  endfacet
  facet normal 0 0 1
    outer loop
      vertex 30.6527 5.0508 3.2
      vertex 29.5381 4.26109 3.2
      vertex 29.7617 4.00374 3.2
    endloop
  endfacet
  facet normal 0 0 1
    outer loop
      vertex 30.2472 5.4048 3.2
      vertex 29.2906 4.47166 3.2
      vertex 29.5381 4.26109 3.2
    endloop
  endfacet
  facet normal 0 0 1
    outer loop
      vertex 29.0191 4.63544 3.2
      vertex 29.7901 5.68013 3.2
      vertex 29.2816 5.8768 3.2
    endloop
  endfacet
  facet normal 0 0 1
    outer loop
      vertex 29.7901 5.68013 3.2
      vertex 29.0191 4.63544 3.2
      vertex 29.2906 4.47166 3.2
    endloop
  endfacet
  facet normal 0 0 1
    outer loop
      vertex 29.2816 5.8768 3.2
      vertex 28.7237 4.75243 3.2
      vertex 29.0191 4.63544 3.2
    endloop
  endfacet
  facet normal 0 0 1
    outer loop
      vertex 28.7214 5.9948 3.2
      vertex 28.7237 4.75243 3.2
      vertex 29.2816 5.8768 3.2
    endloop
  endfacet
  facet normal 0 0 1
    outer loop
      vertex 28.7214 5.9948 3.2
      vertex 28.4043 4.82262 3.2
      vertex 28.7237 4.75243 3.2
    endloop
  endfacet
  facet normal 0 0 1
    outer loop
      vertex 28.1098 6.03413 3.2
      vertex 28.4043 4.82262 3.2
      vertex 28.7214 5.9948 3.2
    endloop
  endfacet
  facet normal 0 0 1
    outer loop
      vertex 28.1098 6.03413 3.2
      vertex 28.0609 4.84601 3.2
      vertex 28.4043 4.82262 3.2
    endloop
  endfacet
  facet normal 0 0 1
    outer loop
      vertex 28.1098 6.03413 3.2
      vertex 27.7207 4.826 3.2
      vertex 28.0609 4.84601 3.2
    endloop
  endfacet
  facet normal -0 0 1
    outer loop
      vertex 27.5322 6.00554 3.2
      vertex 27.7207 4.826 3.2
      vertex 28.1098 6.03413 3.2
    endloop
  endfacet
  facet normal 0 0 1
    outer loop
      vertex 27.5322 6.00554 3.2
      vertex 27.4054 4.76599 3.2
      vertex 27.7207 4.826 3.2
    endloop
  endfacet
  facet normal -0 0 1
    outer loop
      vertex 26.9986 5.91974 3.2
      vertex 27.4054 4.76599 3.2
      vertex 27.5322 6.00554 3.2
    endloop
  endfacet
  facet normal 0 0 1
    outer loop
      vertex 27.4054 4.76599 3.2
      vertex 26.9986 5.91974 3.2
      vertex 27.115 4.66595 3.2
    endloop
  endfacet
  facet normal -0 0 1
    outer loop
      vertex 26.5088 5.77676 3.2
      vertex 27.115 4.66595 3.2
      vertex 26.9986 5.91974 3.2
    endloop
  endfacet
  facet normal 0 0 1
    outer loop
      vertex 27.115 4.66595 3.2
      vertex 26.5088 5.77676 3.2
      vertex 26.8494 4.52591 3.2
    endloop
  endfacet
  facet normal -0 0 1
    outer loop
      vertex 26.0628 5.57658 3.2
      vertex 26.8494 4.52591 3.2
      vertex 26.5088 5.77676 3.2
    endloop
  endfacet
  facet normal 0 0 1
    outer loop
      vertex 26.8494 4.52591 3.2
      vertex 26.0628 5.57658 3.2
      vertex 26.6087 4.34584 3.2
    endloop
  endfacet
  facet normal -0 0 1
    outer loop
      vertex 25.6606 5.31921 3.2
      vertex 26.6087 4.34584 3.2
      vertex 26.0628 5.57658 3.2
    endloop
  endfacet
  facet normal 0 0 1
    outer loop
      vertex 26.6087 4.34584 3.2
      vertex 25.6606 5.31921 3.2
      vertex 26.3928 4.12578 3.2
    endloop
  endfacet
  facet normal -0 0 1
    outer loop
      vertex 25.3024 5.00465 3.2
      vertex 26.3928 4.12578 3.2
      vertex 25.6606 5.31921 3.2
    endloop
  endfacet
  facet normal 0 0 1
    outer loop
      vertex 26.3928 4.12578 3.2
      vertex 25.3024 5.00465 3.2
      vertex 26.2063 3.87161 3.2
    endloop
  endfacet
  facet normal -0 0 1
    outer loop
      vertex 24.994 4.64017 3.2
      vertex 26.2063 3.87161 3.2
      vertex 25.3024 5.00465 3.2
    endloop
  endfacet
  facet normal 0 0 1
    outer loop
      vertex 26.2063 3.87161 3.2
      vertex 24.994 4.64017 3.2
      vertex 26.0537 3.58919 3.2
    endloop
  endfacet
  facet normal -0 0 1
    outer loop
      vertex 24.5455 3.78305 3.2
      vertex 26.0537 3.58919 3.2
      vertex 24.7418 4.23297 3.2
    endloop
  endfacet
  facet normal -0 0 1
    outer loop
      vertex 24.7418 4.23297 3.2
      vertex 26.0537 3.58919 3.2
      vertex 24.994 4.64017 3.2
    endloop
  endfacet
  facet normal 0 0 1
    outer loop
      vertex 30.5429 -0.0689392 3.2
      vertex 31.9914 0.362335 3.2
      vertex 31.9641 1.26941 3.2
    endloop
  endfacet
  facet normal 0 0 1
    outer loop
      vertex 30.3877 1.55716 3.2
      vertex 31.882 2.09738 3.2
      vertex 30.3964 1.77821 3.2
    endloop
  endfacet
  facet normal 0 0 1
    outer loop
      vertex 31.9914 0.362335 3.2
      vertex 30.5429 -0.0689392 3.2
      vertex 31.9615 -0.58432 3.2
    endloop
  endfacet
  facet normal 0 0 1
    outer loop
      vertex 30.3964 1.77821 3.2
      vertex 31.882 2.09738 3.2
      vertex 31.7452 2.84624 3.2
    endloop
  endfacet
  facet normal 0 0 1
    outer loop
      vertex 30.5137 -0.765366 3.2
      vertex 31.9615 -0.58432 3.2
      vertex 30.5429 -0.0689392 3.2
    endloop
  endfacet
  facet normal 0 0 1
    outer loop
      vertex 30.3964 1.77821 3.2
      vertex 31.7452 2.84624 3.2
      vertex 31.5537 3.51599 3.2
    endloop
  endfacet
  facet normal 0 0 1
    outer loop
      vertex 31.9615 -0.58432 3.2
      vertex 30.5137 -0.765366 3.2
      vertex 31.8716 -1.45503 3.2
    endloop
  endfacet
  facet normal 0 0 1
    outer loop
      vertex 30.3964 1.77821 3.2
      vertex 31.5537 3.51599 3.2
      vertex 31.3076 4.10661 3.2
    endloop
  endfacet
  facet normal -0 0 1
    outer loop
      vertex 30.448 -1.4062 3.2
      vertex 31.8716 -1.45503 3.2
      vertex 30.5137 -0.765366 3.2
    endloop
  endfacet
  facet normal 0 0 1
    outer loop
      vertex 30.3964 1.77821 3.2
      vertex 31.3076 4.10661 3.2
      vertex 31.0067 4.61813 3.2
    endloop
  endfacet
  facet normal 0 0 1
    outer loop
      vertex 31.8716 -1.45503 3.2
      vertex 30.448 -1.4062 3.2
      vertex 31.7218 -2.24982 3.2
    endloop
  endfacet
  facet normal 0 0 1
    outer loop
      vertex 30.3964 1.77821 3.2
      vertex 31.0067 4.61813 3.2
      vertex 30.6527 5.0508 3.2
    endloop
  endfacet
  facet normal -0 0 1
    outer loop
      vertex 30.3456 -1.99142 3.2
      vertex 31.7218 -2.24982 3.2
      vertex 30.448 -1.4062 3.2
    endloop
  endfacet
  facet normal 0 0 1
    outer loop
      vertex 31.7218 -2.24982 3.2
      vertex 30.3456 -1.99142 3.2
      vertex 31.5121 -2.96864 3.2
    endloop
  endfacet
  facet normal -0 0 1
    outer loop
      vertex 30.2066 -2.52104 3.2
      vertex 31.5121 -2.96864 3.2
      vertex 30.3456 -1.99142 3.2
    endloop
  endfacet
  facet normal 0 0 1
    outer loop
      vertex 30.0309 -2.99506 3.2
      vertex 31.5121 -2.96864 3.2
      vertex 30.2066 -2.52104 3.2
    endloop
  endfacet
  facet normal 0 0 1
    outer loop
      vertex 31.5121 -2.96864 3.2
      vertex 30.0309 -2.99506 3.2
      vertex 31.2426 -3.61153 3.2
    endloop
  endfacet
  facet normal -0 0 1
    outer loop
      vertex 29.8187 -3.41345 3.2
      vertex 31.2426 -3.61153 3.2
      vertex 30.0309 -2.99506 3.2
    endloop
  endfacet
  facet normal 0 0 1
    outer loop
      vertex 31.2426 -3.61153 3.2
      vertex 29.8187 -3.41345 3.2
      vertex 30.9131 -4.17845 3.2
    endloop
  endfacet
  facet normal -0 0 1
    outer loop
      vertex 29.5723 -3.7715 3.2
      vertex 30.9131 -4.17845 3.2
      vertex 29.8187 -3.41345 3.2
    endloop
  endfacet
  facet normal 0 0 1
    outer loop
      vertex 30.9131 -4.17845 3.2
      vertex 29.5723 -3.7715 3.2
      vertex 30.5283 -4.6633 3.2
    endloop
  endfacet
  facet normal -0 0 1
    outer loop
      vertex 29.2943 -4.06445 3.2
      vertex 30.5283 -4.6633 3.2
      vertex 29.5723 -3.7715 3.2
    endloop
  endfacet
  facet normal 0 0 1
    outer loop
      vertex 30.5283 -4.6633 3.2
      vertex 29.2943 -4.06445 3.2
      vertex 30.0926 -5.05998 3.2
    endloop
  endfacet
  facet normal 0 0 1
    outer loop
      vertex 30.0926 -5.05998 3.2
      vertex 29.2943 -4.06445 3.2
      vertex 29.606 -5.36852 3.2
    endloop
  endfacet
  facet normal -0 0 1
    outer loop
      vertex 28.9846 -4.2923 3.2
      vertex 29.606 -5.36852 3.2
      vertex 29.2943 -4.06445 3.2
    endloop
  endfacet
  facet normal 0 0 1
    outer loop
      vertex 29.606 -5.36852 3.2
      vertex 28.9846 -4.2923 3.2
      vertex 29.0686 -5.58891 3.2
    endloop
  endfacet
  facet normal -0 0 1
    outer loop
      vertex 28.6433 -4.45505 3.2
      vertex 29.0686 -5.58891 3.2
      vertex 28.9846 -4.2923 3.2
    endloop
  endfacet
  facet normal 0 0 1
    outer loop
      vertex 28.6433 -4.45505 3.2
      vertex 28.4803 -5.72113 3.2
      vertex 29.0686 -5.58891 3.2
    endloop
  endfacet
  facet normal -0 0 1
    outer loop
      vertex 28.2703 -4.5527 3.2
      vertex 28.4803 -5.72113 3.2
      vertex 28.6433 -4.45505 3.2
    endloop
  endfacet
  facet normal -0 0 1
    outer loop
      vertex 27.8657 -4.58525 3.2
      vertex 28.4803 -5.72113 3.2
      vertex 28.2703 -4.5527 3.2
    endloop
  endfacet
  facet normal 0 0 1
    outer loop
      vertex 27.8657 -4.58525 3.2
      vertex 27.8412 -5.76521 3.2
      vertex 28.4803 -5.72113 3.2
    endloop
  endfacet
  facet normal 0 0 1
    outer loop
      vertex 27.8657 -4.58525 3.2
      vertex 27.4084 -5.7495 3.2
      vertex 27.8412 -5.76521 3.2
    endloop
  endfacet
  facet normal 0 0 1
    outer loop
      vertex 27.396 -4.54547 3.2
      vertex 27.4084 -5.7495 3.2
      vertex 27.8657 -4.58525 3.2
    endloop
  endfacet
  facet normal 0 0 1
    outer loop
      vertex 27.396 -4.54547 3.2
      vertex 27.0053 -5.70238 3.2
      vertex 27.4084 -5.7495 3.2
    endloop
  endfacet
  facet normal 0 0 1
    outer loop
      vertex 26.985 -4.42612 3.2
      vertex 27.0053 -5.70238 3.2
      vertex 27.396 -4.54547 3.2
    endloop
  endfacet
  facet normal 0 0 1
    outer loop
      vertex 26.2879 -5.51385 3.2
      vertex 26.985 -4.42612 3.2
      vertex 26.6328 -4.2272 3.2
    endloop
  endfacet
  facet normal 0 0 1
    outer loop
      vertex 26.985 -4.42612 3.2
      vertex 26.6318 -5.62383 3.2
      vertex 27.0053 -5.70238 3.2
    endloop
  endfacet
  facet normal 0 0 1
    outer loop
      vertex 25.6889 -5.19965 3.2
      vertex 26.6328 -4.2272 3.2
      vertex 26.3394 -3.94872 3.2
    endloop
  endfacet
  facet normal 0 0 1
    outer loop
      vertex 26.985 -4.42612 3.2
      vertex 26.2879 -5.51385 3.2
      vertex 26.6318 -5.62383 3.2
    endloop
  endfacet
  facet normal 0 0 1
    outer loop
      vertex 24.9942 -4.46016 3.2
      vertex 26.3394 -3.94872 3.2
      vertex 26.1048 -3.59067 3.2
    endloop
  endfacet
  facet normal 0 0 1
    outer loop
      vertex 26.6328 -4.2272 3.2
      vertex 25.9736 -5.37247 3.2
      vertex 26.2879 -5.51385 3.2
    endloop
  endfacet
  facet normal 0 0 1
    outer loop
      vertex 24.6587 -3.77388 3.2
      vertex 26.1048 -3.59067 3.2
      vertex 25.9289 -3.15305 3.2
    endloop
  endfacet
  facet normal 0 0 1
    outer loop
      vertex 26.6328 -4.2272 3.2
      vertex 25.6889 -5.19965 3.2
      vertex 25.9736 -5.37247 3.2
    endloop
  endfacet
  facet normal 0 0 1
    outer loop
      vertex 26.3394 -3.94872 3.2
      vertex 25.4318 -4.99181 3.2
      vertex 25.6889 -5.19965 3.2
    endloop
  endfacet
  facet normal 0 0 1
    outer loop
      vertex 26.3394 -3.94872 3.2
      vertex 25.2002 -4.7453 3.2
      vertex 25.4318 -4.99181 3.2
    endloop
  endfacet
  facet normal 0 0 1
    outer loop
      vertex 26.3394 -3.94872 3.2
      vertex 24.9942 -4.46016 3.2
      vertex 25.2002 -4.7453 3.2
    endloop
  endfacet
  facet normal 0 0 1
    outer loop
      vertex 26.1048 -3.59067 3.2
      vertex 24.8137 -4.13635 3.2
      vertex 24.9942 -4.46016 3.2
    endloop
  endfacet
  facet normal 0 0 1
    outer loop
      vertex 26.1048 -3.59067 3.2
      vertex 24.6587 -3.77388 3.2
      vertex 24.8137 -4.13635 3.2
    endloop
  endfacet
  facet normal 0 -0 1
    outer loop
      vertex 24.6587 -3.77388 3.2
      vertex 25.9289 -3.15305 3.2
      vertex 24.5293 -3.37277 3.2
    endloop
  endfacet
  facet normal 0 0 1
    outer loop
      vertex 30.318 1.13945 3.2
      vertex 31.9641 1.26941 3.2
      vertex 30.3615 1.34424 3.2
    endloop
  endfacet
  facet normal 0 0 1
    outer loop
      vertex 30.2571 0.942795 3.2
      vertex 31.9641 1.26941 3.2
      vertex 30.318 1.13945 3.2
    endloop
  endfacet
  facet normal 0 0 1
    outer loop
      vertex 31.9641 1.26941 3.2
      vertex 30.2571 0.942795 3.2
      vertex 30.5429 -0.0689392 3.2
    endloop
  endfacet
  facet normal -0 0 1
    outer loop
      vertex 30.1788 0.754272 3.2
      vertex 30.5429 -0.0689392 3.2
      vertex 30.2571 0.942795 3.2
    endloop
  endfacet
  facet normal -0 0 1
    outer loop
      vertex 30.083 0.573898 3.2
      vertex 30.5429 -0.0689392 3.2
      vertex 30.1788 0.754272 3.2
    endloop
  endfacet
  facet normal -0 0 1
    outer loop
      vertex 29.9722 0.404236 3.2
      vertex 30.5429 -0.0689392 3.2
      vertex 30.083 0.573898 3.2
    endloop
  endfacet
  facet normal -0 0 1
    outer loop
      vertex 29.8484 0.247925 3.2
      vertex 30.5429 -0.0689392 3.2
      vertex 29.9722 0.404236 3.2
    endloop
  endfacet
  facet normal 0 0 1
    outer loop
      vertex 30.5429 -0.0689392 3.2
      vertex 29.8484 0.247925 3.2
      vertex 30.4215 -0.305069 3.2
    endloop
  endfacet
  facet normal -0 0 1
    outer loop
      vertex 29.7118 0.104935 3.2
      vertex 30.4215 -0.305069 3.2
      vertex 29.8484 0.247925 3.2
    endloop
  endfacet
  facet normal 0 0 1
    outer loop
      vertex 30.4215 -0.305069 3.2
      vertex 29.7118 0.104935 3.2
      vertex 30.2744 -0.525146 3.2
    endloop
  endfacet
  facet normal -0 0 1
    outer loop
      vertex 29.5623 -0.024704 3.2
      vertex 30.2744 -0.525146 3.2
      vertex 29.7118 0.104935 3.2
    endloop
  endfacet
  facet normal 0 0 1
    outer loop
      vertex 30.2744 -0.525146 3.2
      vertex 29.5623 -0.024704 3.2
      vertex 30.1015 -0.729172 3.2
    endloop
  endfacet
  facet normal -0 0 1
    outer loop
      vertex 29.3999 -0.141022 3.2
      vertex 30.1015 -0.729172 3.2
      vertex 29.5623 -0.024704 3.2
    endloop
  endfacet
  facet normal 0 0 1
    outer loop
      vertex 30.1015 -0.729172 3.2
      vertex 29.3999 -0.141022 3.2
      vertex 29.9028 -0.917145 3.2
    endloop
  endfacet
  facet normal -0 0 1
    outer loop
      vertex 29.2246 -0.244019 3.2
      vertex 29.9028 -0.917145 3.2
      vertex 29.3999 -0.141022 3.2
    endloop
  endfacet
  facet normal 0 0 1
    outer loop
      vertex 29.9028 -0.917145 3.2
      vertex 29.2246 -0.244019 3.2
      vertex 29.6783 -1.08907 3.2
    endloop
  endfacet
  facet normal -0 0 1
    outer loop
      vertex 29.0404 -0.332275 3.2
      vertex 29.6783 -1.08907 3.2
      vertex 29.2246 -0.244019 3.2
    endloop
  endfacet
  facet normal 0 0 1
    outer loop
      vertex 29.6783 -1.08907 3.2
      vertex 29.0404 -0.332275 3.2
      vertex 29.4281 -1.24493 3.2
    endloop
  endfacet
  facet normal -0 0 1
    outer loop
      vertex 28.8512 -0.40448 3.2
      vertex 29.4281 -1.24493 3.2
      vertex 29.0404 -0.332275 3.2
    endloop
  endfacet
  facet normal 0 0 1
    outer loop
      vertex 29.4281 -1.24493 3.2
      vertex 28.8512 -0.40448 3.2
      vertex 29.1607 -1.38042 3.2
    endloop
  endfacet
  facet normal -0 0 1
    outer loop
      vertex 28.657 -0.460648 3.2
      vertex 29.1607 -1.38042 3.2
      vertex 28.8512 -0.40448 3.2
    endloop
  endfacet
  facet normal 0 0 1
    outer loop
      vertex 29.1607 -1.38042 3.2
      vertex 28.657 -0.460648 3.2
      vertex 28.8847 -1.49127 3.2
    endloop
  endfacet
  facet normal -0 0 1
    outer loop
      vertex 28.4579 -0.500763 3.2
      vertex 28.8847 -1.49127 3.2
      vertex 28.657 -0.460648 3.2
    endloop
  endfacet
  facet normal 0 0 1
    outer loop
      vertex 28.8847 -1.49127 3.2
      vertex 28.4579 -0.500763 3.2
      vertex 28.6001 -1.57748 3.2
    endloop
  endfacet
  facet normal -0 0 1
    outer loop
      vertex 28.2538 -0.524826 3.2
      vertex 28.6001 -1.57748 3.2
      vertex 28.4579 -0.500763 3.2
    endloop
  endfacet
  facet normal 0 0 1
    outer loop
      vertex 28.6001 -1.57748 3.2
      vertex 28.2538 -0.524826 3.2
      vertex 28.3069 -1.63907 3.2
    endloop
  endfacet
  facet normal -0 0 1
    outer loop
      vertex 28.0447 -0.532852 3.2
      vertex 28.3069 -1.63907 3.2
      vertex 28.2538 -0.524826 3.2
    endloop
  endfacet
  facet normal 0 0 1
    outer loop
      vertex 28.0447 -0.532852 3.2
      vertex 28.0051 -1.67601 3.2
      vertex 28.3069 -1.63907 3.2
    endloop
  endfacet
  facet normal 0 0 1
    outer loop
      vertex 27.7095 -0.512619 3.2
      vertex 28.0051 -1.67601 3.2
      vertex 28.0447 -0.532852 3.2
    endloop
  endfacet
  facet normal 0 0 1
    outer loop
      vertex 27.7095 -0.512619 3.2
      vertex 27.6948 -1.68834 3.2
      vertex 28.0051 -1.67601 3.2
    endloop
  endfacet
  facet normal 0 0 1
    outer loop
      vertex 27.1966 -1.65895 3.2
      vertex 27.7095 -0.512619 3.2
      vertex 27.3982 -0.451935 3.2
    endloop
  endfacet
  facet normal 0 0 1
    outer loop
      vertex 27.7095 -0.512619 3.2
      vertex 27.1966 -1.65895 3.2
      vertex 27.6948 -1.68834 3.2
    endloop
  endfacet
  facet normal 0 0 1
    outer loop
      vertex 26.7327 -1.5708 3.2
      vertex 27.3982 -0.451935 3.2
      vertex 27.1109 -0.350784 3.2
    endloop
  endfacet
  facet normal 0 0 1
    outer loop
      vertex 26.3032 -1.42389 3.2
      vertex 27.1109 -0.350784 3.2
      vertex 26.8476 -0.209167 3.2
    endloop
  endfacet
  facet normal 0 0 1
    outer loop
      vertex 27.3982 -0.451935 3.2
      vertex 26.7327 -1.5708 3.2
      vertex 27.1966 -1.65895 3.2
    endloop
  endfacet
  facet normal 0 0 1
    outer loop
      vertex 25.9081 -1.2182 3.2
      vertex 26.8476 -0.209167 3.2
      vertex 26.6082 -0.0270996 3.2
    endloop
  endfacet
  facet normal 0 0 1
    outer loop
      vertex 25.5473 -0.953751 3.2
      vertex 26.6082 -0.0270996 3.2
      vertex 26.3928 0.195419 3.2
    endloop
  endfacet
  facet normal 0 0 1
    outer loop
      vertex 27.1109 -0.350784 3.2
      vertex 26.3032 -1.42389 3.2
      vertex 26.7327 -1.5708 3.2
    endloop
  endfacet
  facet normal 0 0 1
    outer loop
      vertex 25.2209 -0.630539 3.2
      vertex 26.3928 0.195419 3.2
      vertex 26.2063 0.452789 3.2
    endloop
  endfacet
  facet normal 0 0 1
    outer loop
      vertex 24.9375 -0.258682 3.2
      vertex 26.2063 0.452789 3.2
      vertex 26.0537 0.739319 3.2
    endloop
  endfacet
  facet normal 0 0 1
    outer loop
      vertex 24.7056 0.151581 3.2
      vertex 26.0537 0.739319 3.2
      vertex 25.9351 1.05501 3.2
    endloop
  endfacet
  facet normal 0 0 1
    outer loop
      vertex 26.8476 -0.209167 3.2
      vertex 25.9081 -1.2182 3.2
      vertex 26.3032 -1.42389 3.2
    endloop
  endfacet
  facet normal -0 0 1
    outer loop
      vertex 24.3963 1.08743 3.2
      vertex 25.9351 1.05501 3.2
      vertex 25.8503 1.39984 3.2
    endloop
  endfacet
  facet normal -0 0 1
    outer loop
      vertex 24.319 1.61299 3.2
      vertex 25.8503 1.39984 3.2
      vertex 25.7994 1.77383 3.2
    endloop
  endfacet
  facet normal -0 0 1
    outer loop
      vertex 24.2933 2.17697 3.2
      vertex 25.7994 1.77383 3.2
      vertex 25.7825 2.17697 3.2
    endloop
  endfacet
  facet normal 0 0 1
    outer loop
      vertex 26.0537 3.58919 3.2
      vertex 24.5455 3.78305 3.2
      vertex 25.9351 3.27852 3.2
    endloop
  endfacet
  facet normal 0 0 1
    outer loop
      vertex 25.7994 1.77383 3.2
      vertex 24.2933 2.17697 3.2
      vertex 24.319 1.61299 3.2
    endloop
  endfacet
  facet normal -0 0 1
    outer loop
      vertex 24.4054 3.29041 3.2
      vertex 25.9351 3.27852 3.2
      vertex 24.5455 3.78305 3.2
    endloop
  endfacet
  facet normal 0 0 1
    outer loop
      vertex 25.8503 1.39984 3.2
      vertex 24.319 1.61299 3.2
      vertex 24.3963 1.08743 3.2
    endloop
  endfacet
  facet normal 0 0 1
    outer loop
      vertex 25.9351 3.27852 3.2
      vertex 24.4054 3.29041 3.2
      vertex 25.8503 2.93959 3.2
    endloop
  endfacet
  facet normal 0 0 1
    outer loop
      vertex 25.9351 1.05501 3.2
      vertex 24.3963 1.08743 3.2
      vertex 24.5252 0.600296 3.2
    endloop
  endfacet
  facet normal 0 0 1
    outer loop
      vertex 24.3213 2.75505 3.2
      vertex 25.8503 2.93959 3.2
      vertex 24.4054 3.29041 3.2
    endloop
  endfacet
  facet normal 0 0 1
    outer loop
      vertex 25.9351 1.05501 3.2
      vertex 24.5252 0.600296 3.2
      vertex 24.7056 0.151581 3.2
    endloop
  endfacet
  facet normal 0 0 1
    outer loop
      vertex 25.8503 2.93959 3.2
      vertex 24.3213 2.75505 3.2
      vertex 25.7994 2.5724 3.2
    endloop
  endfacet
  facet normal 0 0 1
    outer loop
      vertex 26.6082 -0.0270996 3.2
      vertex 25.5473 -0.953751 3.2
      vertex 25.9081 -1.2182 3.2
    endloop
  endfacet
  facet normal 0 0 1
    outer loop
      vertex 24.2933 2.17697 3.2
      vertex 25.7994 2.5724 3.2
      vertex 24.3213 2.75505 3.2
    endloop
  endfacet
  facet normal 0 0 1
    outer loop
      vertex 25.7994 2.5724 3.2
      vertex 24.2933 2.17697 3.2
      vertex 25.7825 2.17697 3.2
    endloop
  endfacet
  facet normal 0 0 1
    outer loop
      vertex 26.3928 0.195419 3.2
      vertex 25.2209 -0.630539 3.2
      vertex 25.5473 -0.953751 3.2
    endloop
  endfacet
  facet normal 0 0 1
    outer loop
      vertex 26.0537 0.739319 3.2
      vertex 24.7056 0.151581 3.2
      vertex 24.9375 -0.258682 3.2
    endloop
  endfacet
  facet normal 0 0 1
    outer loop
      vertex 26.2063 0.452789 3.2
      vertex 24.9375 -0.258682 3.2
      vertex 25.2209 -0.630539 3.2
    endloop
  endfacet
  facet normal -0 0 1
    outer loop
      vertex -23.2873 -1.65581 3.2
      vertex -21.8876 -5.60249 3.2
      vertex -21.8876 5.86325 3.2
    endloop
  endfacet
  facet normal 0 0 1
    outer loop
      vertex -21.8876 -5.60249 3.2
      vertex -23.2194 -3.45963 3.2
      vertex -23.1896 -3.96689 3.2
    endloop
  endfacet
  facet normal 0 0 1
    outer loop
      vertex -21.8876 -5.60249 3.2
      vertex -23.2439 -3.00121 3.2
      vertex -23.2194 -3.45963 3.2
    endloop
  endfacet
  facet normal 0 0 1
    outer loop
      vertex -21.8876 -5.60249 3.2
      vertex -23.2629 -2.5916 3.2
      vertex -23.2439 -3.00121 3.2
    endloop
  endfacet
  facet normal 0 0 1
    outer loop
      vertex -21.8876 -5.60249 3.2
      vertex -23.2764 -2.23083 3.2
      vertex -23.2629 -2.5916 3.2
    endloop
  endfacet
  facet normal 0 0 1
    outer loop
      vertex -21.8876 -5.60249 3.2
      vertex -23.2846 -1.91891 3.2
      vertex -23.2764 -2.23083 3.2
    endloop
  endfacet
  facet normal 0 0 1
    outer loop
      vertex -23.2873 -1.65581 3.2
      vertex -21.8876 5.86325 3.2
      vertex -23.2873 5.86325 3.2
    endloop
  endfacet
  facet normal 0 0 1
    outer loop
      vertex -21.8876 -5.60249 3.2
      vertex -23.2873 -1.65581 3.2
      vertex -23.2846 -1.91891 3.2
    endloop
  endfacet
  facet normal 0 0 1
    outer loop
      vertex -23.1896 -3.96689 3.2
      vertex -23.7592 -5.60249 3.2
      vertex -21.8876 -5.60249 3.2
    endloop
  endfacet
  facet normal -0 0 1
    outer loop
      vertex -29.8948 4.16249 3.2
      vertex -23.1896 -3.96689 3.2
      vertex -29.3904 5.86325 3.2
    endloop
  endfacet
  facet normal 0 0 1
    outer loop
      vertex -23.1896 -3.96689 3.2
      vertex -29.8948 4.16249 3.2
      vertex -23.7592 -5.60249 3.2
    endloop
  endfacet
  facet normal 0 -0 1
    outer loop
      vertex -29.8948 4.16249 3.2
      vertex -29.3904 5.86325 3.2
      vertex -31.1968 5.86325 3.2
    endloop
  endfacet
  facet normal 0 0 1
    outer loop
      vertex -31.1968 5.86325 3.2
      vertex -29.8135 2.01425 3.2
      vertex -29.8542 3.37314 3.2
    endloop
  endfacet
  facet normal 0 0 1
    outer loop
      vertex -31.1968 5.86325 3.2
      vertex -29.8542 3.37314 3.2
      vertex -29.8948 4.16249 3.2
    endloop
  endfacet
  facet normal 0 0 1
    outer loop
      vertex -29.8135 2.01425 3.2
      vertex -31.1968 5.86325 3.2
      vertex -31.1968 -5.60249 3.2
    endloop
  endfacet
  facet normal 0 0 1
    outer loop
      vertex -29.8135 2.01425 3.2
      vertex -31.1968 -5.60249 3.2
      vertex -29.8135 -5.60249 3.2
    endloop
  endfacet
  facet normal 0 0 1
    outer loop
      vertex -10.7439 5.86325 3.2
      vertex -17.8886 4.59377 3.2
      vertex -10.7439 4.59377 3.2
    endloop
  endfacet
  facet normal 0 0 1
    outer loop
      vertex -19.4428 5.86325 3.2
      vertex -17.8886 0.915649 3.2
      vertex -17.8886 4.59377 3.2
    endloop
  endfacet
  facet normal 0 0 1
    outer loop
      vertex -17.8886 0.915649 3.2
      vertex -19.4428 5.86325 3.2
      vertex -17.8886 -0.337494 3.2
    endloop
  endfacet
  facet normal 0 0 1
    outer loop
      vertex -19.4428 -5.60249 3.2
      vertex -17.8886 -0.337494 3.2
      vertex -19.4428 5.86325 3.2
    endloop
  endfacet
  facet normal -0 0 1
    outer loop
      vertex -19.4428 5.86325 3.2
      vertex -17.8886 4.59377 3.2
      vertex -10.7439 5.86325 3.2
    endloop
  endfacet
  facet normal -0 0 1
    outer loop
      vertex -17.8886 0.915649 3.2
      vertex -11.2322 -0.337494 3.2
      vertex -11.2322 0.915649 3.2
    endloop
  endfacet
  facet normal 0 0 1
    outer loop
      vertex -11.2322 -0.337494 3.2
      vertex -17.8886 0.915649 3.2
      vertex -17.8886 -0.337494 3.2
    endloop
  endfacet
  facet normal -0 0 1
    outer loop
      vertex -17.8886 -4.33301 3.2
      vertex -10.4103 -5.60249 3.2
      vertex -10.4103 -4.33301 3.2
    endloop
  endfacet
  facet normal 0 0 1
    outer loop
      vertex -17.8886 -4.33301 3.2
      vertex -19.4428 -5.60249 3.2
      vertex -10.4103 -5.60249 3.2
    endloop
  endfacet
  facet normal 0 0 1
    outer loop
      vertex -17.8886 -0.337494 3.2
      vertex -19.4428 -5.60249 3.2
      vertex -17.8886 -4.33301 3.2
    endloop
  endfacet
  facet normal -0 0 1
    outer loop
      vertex -1.23872 5.86325 3.2
      vertex -3.44395 0.411057 3.2
      vertex 0.478348 5.86325 3.2
    endloop
  endfacet
  facet normal 0 -0 1
    outer loop
      vertex -3.44395 0.411057 3.2
      vertex -1.23872 5.86325 3.2
      vertex -4.33904 1.36325 3.2
    endloop
  endfacet
  facet normal 0 0 1
    outer loop
      vertex -3.44395 0.411057 3.2
      vertex -0.904999 -5.60249 3.2
      vertex 0.811951 -5.60249 3.2
    endloop
  endfacet
  facet normal 0 0 1
    outer loop
      vertex -5.21791 0.354172 3.2
      vertex -3.44395 0.411057 3.2
      vertex -4.33904 1.36325 3.2
    endloop
  endfacet
  facet normal 0 0 1
    outer loop
      vertex -3.44395 0.411057 3.2
      vertex -4.3472 -0.589737 3.2
      vertex -0.904999 -5.60249 3.2
    endloop
  endfacet
  facet normal 0 0 1
    outer loop
      vertex -3.44395 0.411057 3.2
      vertex -5.21791 0.354172 3.2
      vertex -4.3472 -0.589737 3.2
    endloop
  endfacet
  facet normal 0 0 1
    outer loop
      vertex -7.52899 5.86325 3.2
      vertex -5.21791 0.354172 3.2
      vertex -4.33904 1.36325 3.2
    endloop
  endfacet
  facet normal 0 0 1
    outer loop
      vertex -5.21791 0.354172 3.2
      vertex -7.52899 5.86325 3.2
      vertex -9.24596 5.86325 3.2
    endloop
  endfacet
  facet normal 0 0 1
    outer loop
      vertex -5.21791 0.354172 3.2
      vertex -7.86259 -5.60249 3.2
      vertex -4.3472 -0.589737 3.2
    endloop
  endfacet
  facet normal 0 -0 1
    outer loop
      vertex -7.86259 -5.60249 3.2
      vertex -5.21791 0.354172 3.2
      vertex -9.57968 -5.60249 3.2
    endloop
  endfacet
  facet normal -0 0 1
    outer loop
      vertex 2.18773 5.86325 3.2
      vertex 3.74208 -1.30589 3.2
      vertex 3.74208 5.86325 3.2
    endloop
  endfacet
  facet normal 0 -0 1
    outer loop
      vertex 2.20377 -1.87598 3.2
      vertex 3.74208 -1.30589 3.2
      vertex 2.18773 -1.4361 3.2
    endloop
  endfacet
  facet normal 0 -0 1
    outer loop
      vertex 2.25192 -2.29506 3.2
      vertex 3.74208 -1.30589 3.2
      vertex 2.20377 -1.87598 3.2
    endloop
  endfacet
  facet normal 0 -0 1
    outer loop
      vertex 2.33217 -2.69336 3.2
      vertex 3.74208 -1.30589 3.2
      vertex 2.25192 -2.29506 3.2
    endloop
  endfacet
  facet normal 0 0 1
    outer loop
      vertex 3.74208 -1.30589 3.2
      vertex 3.20316 -4.36292 3.2
      vertex 3.46129 -4.62398 3.2
    endloop
  endfacet
  facet normal 0 0 1
    outer loop
      vertex 3.74208 -1.30589 3.2
      vertex 2.97124 -4.0761 3.2
      vertex 3.20316 -4.36292 3.2
    endloop
  endfacet
  facet normal 0 0 1
    outer loop
      vertex 3.74208 -1.30589 3.2
      vertex 2.76552 -3.76349 3.2
      vertex 2.97124 -4.0761 3.2
    endloop
  endfacet
  facet normal 0 0 1
    outer loop
      vertex 3.74208 -1.30589 3.2
      vertex 2.44452 -3.07086 3.2
      vertex 2.58897 -3.42758 3.2
    endloop
  endfacet
  facet normal 0 -0 1
    outer loop
      vertex 2.44452 -3.07086 3.2
      vertex 3.74208 -1.30589 3.2
      vertex 2.33217 -2.69336 3.2
    endloop
  endfacet
  facet normal 0 0 1
    outer loop
      vertex 3.74208 -1.30589 3.2
      vertex 2.18773 5.86325 3.2
      vertex 2.18773 -1.4361 3.2
    endloop
  endfacet
  facet normal 0 0 1
    outer loop
      vertex 3.74208 -1.30589 3.2
      vertex 2.58897 -3.42758 3.2
      vertex 2.76552 -3.76349 3.2
    endloop
  endfacet
  facet normal -0 0 1
    outer loop
      vertex 10.1056 -1.20006 3.2
      vertex 11.6516 -1.28957 3.2
      vertex 11.6516 5.86325 3.2
    endloop
  endfacet
  facet normal 0 0 1
    outer loop
      vertex 11.6516 -1.28957 3.2
      vertex 10.1056 -1.20006 3.2
      vertex 11.6353 -1.74278 3.2
    endloop
  endfacet
  facet normal -0 0 1
    outer loop
      vertex 10.0817 -1.71826 3.2
      vertex 11.6353 -1.74278 3.2
      vertex 10.1056 -1.20006 3.2
    endloop
  endfacet
  facet normal 0 0 1
    outer loop
      vertex 11.6353 -1.74278 3.2
      vertex 10.0817 -1.71826 3.2
      vertex 11.5861 -2.17476 3.2
    endloop
  endfacet
  facet normal 0 0 1
    outer loop
      vertex 10.0102 -2.1933 3.2
      vertex 11.5861 -2.17476 3.2
      vertex 10.0817 -1.71826 3.2
    endloop
  endfacet
  facet normal 0 0 1
    outer loop
      vertex 11.5861 -2.17476 3.2
      vertex 10.0102 -2.1933 3.2
      vertex 11.5042 -2.58548 3.2
    endloop
  endfacet
  facet normal 0 0 1
    outer loop
      vertex 11.5042 -2.58548 3.2
      vertex 10.0102 -2.1933 3.2
      vertex 11.3895 -2.97496 3.2
    endloop
  endfacet
  facet normal -0 0 1
    outer loop
      vertex 9.89095 -2.62517 3.2
      vertex 11.3895 -2.97496 3.2
      vertex 10.0102 -2.1933 3.2
    endloop
  endfacet
  facet normal 0 0 1
    outer loop
      vertex 11.3895 -2.97496 3.2
      vertex 9.89095 -2.62517 3.2
      vertex 11.242 -3.34319 3.2
    endloop
  endfacet
  facet normal 0 0 1
    outer loop
      vertex 10.1056 -1.20006 3.2
      vertex 11.6516 5.86325 3.2
      vertex 10.1056 5.86325 3.2
    endloop
  endfacet
  facet normal -0 0 1
    outer loop
      vertex 9.72401 -3.01387 3.2
      vertex 11.242 -3.34319 3.2
      vertex 9.89095 -2.62517 3.2
    endloop
  endfacet
  facet normal 0 0 1
    outer loop
      vertex 11.242 -3.34319 3.2
      vertex 9.72401 -3.01387 3.2
      vertex 11.0617 -3.69017 3.2
    endloop
  endfacet
  facet normal 0 0 1
    outer loop
      vertex 11.0617 -3.69017 3.2
      vertex 9.72401 -3.01387 3.2
      vertex 10.8515 -4.01331 3.2
    endloop
  endfacet
  facet normal -0 0 1
    outer loop
      vertex 9.5094 -3.35939 3.2
      vertex 10.8515 -4.01331 3.2
      vertex 9.72401 -3.01387 3.2
    endloop
  endfacet
  facet normal 0 0 1
    outer loop
      vertex 10.8515 -4.01331 3.2
      vertex 9.5094 -3.35939 3.2
      vertex 10.6142 -4.31 3.2
    endloop
  endfacet
  facet normal 0 0 1
    outer loop
      vertex 10.6142 -4.31 3.2
      vertex 9.5094 -3.35939 3.2
      vertex 10.3497 -4.58025 3.2
    endloop
  endfacet
  facet normal -0 0 1
    outer loop
      vertex 9.24709 -3.66173 3.2
      vertex 10.3497 -4.58025 3.2
      vertex 9.5094 -3.35939 3.2
    endloop
  endfacet
  facet normal 0 0 1
    outer loop
      vertex 10.3497 -4.58025 3.2
      vertex 9.24709 -3.66173 3.2
      vertex 10.0581 -4.82404 3.2
    endloop
  endfacet
  facet normal -0 0 1
    outer loop
      vertex 8.94182 -3.91905 3.2
      vertex 10.0581 -4.82404 3.2
      vertex 9.24709 -3.66173 3.2
    endloop
  endfacet
  facet normal 0 0 1
    outer loop
      vertex 10.0581 -4.82404 3.2
      vertex 8.94182 -3.91905 3.2
      vertex 9.73935 -5.04138 3.2
    endloop
  endfacet
  facet normal 0 0 1
    outer loop
      vertex 9.73935 -5.04138 3.2
      vertex 8.94182 -3.91905 3.2
      vertex 9.39348 -5.2323 3.2
    endloop
  endfacet
  facet normal -0 0 1
    outer loop
      vertex 8.59834 -4.12959 3.2
      vertex 9.39348 -5.2323 3.2
      vertex 8.94182 -3.91905 3.2
    endloop
  endfacet
  facet normal 0 0 1
    outer loop
      vertex 9.39348 -5.2323 3.2
      vertex 8.59834 -4.12959 3.2
      vertex 9.02335 -5.39513 3.2
    endloop
  endfacet
  facet normal -0 0 1
    outer loop
      vertex 8.21667 -4.29335 3.2
      vertex 9.02335 -5.39513 3.2
      vertex 8.59834 -4.12959 3.2
    endloop
  endfacet
  facet normal 0 0 1
    outer loop
      vertex 9.02335 -5.39513 3.2
      vertex 8.21667 -4.29335 3.2
      vertex 8.63173 -5.52837 3.2
    endloop
  endfacet
  facet normal 0 0 1
    outer loop
      vertex 8.63173 -5.52837 3.2
      vertex 8.21667 -4.29335 3.2
      vertex 8.21866 -5.63199 3.2
    endloop
  endfacet
  facet normal -0 0 1
    outer loop
      vertex 7.79678 -4.41032 3.2
      vertex 8.21866 -5.63199 3.2
      vertex 8.21667 -4.29335 3.2
    endloop
  endfacet
  facet normal 0 0 1
    outer loop
      vertex 7.79678 -4.41032 3.2
      vertex 7.7841 -5.70599 3.2
      vertex 8.21866 -5.63199 3.2
    endloop
  endfacet
  facet normal -0 0 1
    outer loop
      vertex 7.3387 -4.4805 3.2
      vertex 7.7841 -5.70599 3.2
      vertex 7.79678 -4.41032 3.2
    endloop
  endfacet
  facet normal 0 0 1
    outer loop
      vertex 7.3387 -4.4805 3.2
      vertex 7.32806 -5.75041 3.2
      vertex 7.7841 -5.70599 3.2
    endloop
  endfacet
  facet normal -0 0 1
    outer loop
      vertex 6.84241 -4.50389 3.2
      vertex 7.32806 -5.75041 3.2
      vertex 7.3387 -4.4805 3.2
    endloop
  endfacet
  facet normal 0 0 1
    outer loop
      vertex 7.32806 -5.75041 3.2
      vertex 6.84241 -4.50389 3.2
      vertex 6.85057 -5.76521 3.2
    endloop
  endfacet
  facet normal 0 0 1
    outer loop
      vertex 6.84241 -4.50389 3.2
      vertex 6.39124 -5.75098 3.2
      vertex 6.85057 -5.76521 3.2
    endloop
  endfacet
  facet normal 0 0 1
    outer loop
      vertex 6.36026 -4.48129 3.2
      vertex 6.39124 -5.75098 3.2
      vertex 6.84241 -4.50389 3.2
    endloop
  endfacet
  facet normal 0 0 1
    outer loop
      vertex 6.36026 -4.48129 3.2
      vertex 5.95178 -5.70825 3.2
      vertex 6.39124 -5.75098 3.2
    endloop
  endfacet
  facet normal 0 0 1
    outer loop
      vertex 5.91745 -4.41348 3.2
      vertex 5.95178 -5.70825 3.2
      vertex 6.36026 -4.48129 3.2
    endloop
  endfacet
  facet normal 0 0 1
    outer loop
      vertex 5.91745 -4.41348 3.2
      vertex 5.53224 -5.63705 3.2
      vertex 5.95178 -5.70825 3.2
    endloop
  endfacet
  facet normal 0 0 1
    outer loop
      vertex 5.51398 -4.30046 3.2
      vertex 5.53224 -5.63705 3.2
      vertex 5.91745 -4.41348 3.2
    endloop
  endfacet
  facet normal 0 0 1
    outer loop
      vertex 4.75282 -5.40921 3.2
      vertex 5.51398 -4.30046 3.2
      vertex 5.14981 -4.14224 3.2
    endloop
  endfacet
  facet normal 0 0 1
    outer loop
      vertex 5.51398 -4.30046 3.2
      vertex 5.13258 -5.53737 3.2
      vertex 5.53224 -5.63705 3.2
    endloop
  endfacet
  facet normal 0 0 1
    outer loop
      vertex 4.39296 -5.25258 3.2
      vertex 5.14981 -4.14224 3.2
      vertex 4.82498 -3.93881 3.2
    endloop
  endfacet
  facet normal 0 0 1
    outer loop
      vertex 5.51398 -4.30046 3.2
      vertex 4.75282 -5.40921 3.2
      vertex 5.13258 -5.53737 3.2
    endloop
  endfacet
  facet normal 0 0 1
    outer loop
      vertex 3.74564 -4.85928 3.2
      vertex 4.82498 -3.93881 3.2
      vertex 4.53949 -3.69017 3.2
    endloop
  endfacet
  facet normal 0 0 1
    outer loop
      vertex 5.14981 -4.14224 3.2
      vertex 4.39296 -5.25258 3.2
      vertex 4.75282 -5.40921 3.2
    endloop
  endfacet
  facet normal 0 0 1
    outer loop
      vertex 3.46129 -4.62398 3.2
      vertex 4.53949 -3.69017 3.2
      vertex 4.29584 -3.3979 3.2
    endloop
  endfacet
  facet normal 0 0 1
    outer loop
      vertex 3.46129 -4.62398 3.2
      vertex 4.29584 -3.3979 3.2
      vertex 4.09648 -3.0636 3.2
    endloop
  endfacet
  facet normal 0 0 1
    outer loop
      vertex 4.82498 -3.93881 3.2
      vertex 4.05618 -5.0688 3.2
      vertex 4.39296 -5.25258 3.2
    endloop
  endfacet
  facet normal 0 0 1
    outer loop
      vertex 3.46129 -4.62398 3.2
      vertex 4.09648 -3.0636 3.2
      vertex 3.94144 -2.68724 3.2
    endloop
  endfacet
  facet normal 0 0 1
    outer loop
      vertex 3.46129 -4.62398 3.2
      vertex 3.94144 -2.68724 3.2
      vertex 3.83069 -2.26884 3.2
    endloop
  endfacet
  facet normal 0 0 1
    outer loop
      vertex 3.46129 -4.62398 3.2
      vertex 3.83069 -2.26884 3.2
      vertex 3.76424 -1.8084 3.2
    endloop
  endfacet
  facet normal 0 0 1
    outer loop
      vertex 4.82498 -3.93881 3.2
      vertex 3.74564 -4.85928 3.2
      vertex 4.05618 -5.0688 3.2
    endloop
  endfacet
  facet normal 0 0 1
    outer loop
      vertex 3.46129 -4.62398 3.2
      vertex 3.76424 -1.8084 3.2
      vertex 3.74208 -1.30589 3.2
    endloop
  endfacet
  facet normal 0 0 1
    outer loop
      vertex 4.53949 -3.69017 3.2
      vertex 3.46129 -4.62398 3.2
      vertex 3.74564 -4.85928 3.2
    endloop
  endfacet
  facet normal 0.108164 -0.994133 0
    outer loop
      vertex 18.9942 -5.74103 2
      vertex 19.6611 -5.66847 3.2
      vertex 18.9942 -5.74103 3.2
    endloop
  endfacet
  facet normal 0.108164 -0.994133 0
    outer loop
      vertex 19.6611 -5.66847 3.2
      vertex 18.9942 -5.74103 2
      vertex 19.6611 -5.66847 2
    endloop
  endfacet
  facet normal 0.194262 -0.98095 0
    outer loop
      vertex 19.6611 -5.66847 2
      vertex 20.2718 -5.54753 3.2
      vertex 19.6611 -5.66847 3.2
    endloop
  endfacet
  facet normal 0.194262 -0.98095 0
    outer loop
      vertex 20.2718 -5.54753 3.2
      vertex 19.6611 -5.66847 2
      vertex 20.2718 -5.54753 2
    endloop
  endfacet
  facet normal 0.292125 -0.95638 0
    outer loop
      vertex 20.2718 -5.54753 2
      vertex 20.8261 -5.37822 3.2
      vertex 20.2718 -5.54753 3.2
    endloop
  endfacet
  facet normal 0.292125 -0.95638 0
    outer loop
      vertex 20.8261 -5.37822 3.2
      vertex 20.2718 -5.54753 2
      vertex 20.8261 -5.37822 2
    endloop
  endfacet
  facet normal 0.400435 -0.916325 0
    outer loop
      vertex 20.8261 -5.37822 2
      vertex 21.3242 -5.16055 3.2
      vertex 20.8261 -5.37822 3.2
    endloop
  endfacet
  facet normal 0.400435 -0.916325 0
    outer loop
      vertex 21.3242 -5.16055 3.2
      vertex 20.8261 -5.37822 2
      vertex 21.3242 -5.16055 2
    endloop
  endfacet
  facet normal 0.515892 -0.856653 0
    outer loop
      vertex 21.3242 -5.16055 2
      vertex 21.766 -4.89449 3.2
      vertex 21.3242 -5.16055 3.2
    endloop
  endfacet
  facet normal 0.515892 -0.856653 0
    outer loop
      vertex 21.766 -4.89449 3.2
      vertex 21.3242 -5.16055 2
      vertex 21.766 -4.89449 2
    endloop
  endfacet
  facet normal 0.633073 -0.774092 0
    outer loop
      vertex 21.766 -4.89449 2
      vertex 22.1452 -4.58437 3.2
      vertex 21.766 -4.89449 3.2
    endloop
  endfacet
  facet normal 0.633073 -0.774092 0
    outer loop
      vertex 22.1452 -4.58437 3.2
      vertex 21.766 -4.89449 2
      vertex 22.1452 -4.58437 2
    endloop
  endfacet
  facet normal 0.748194 -0.663479 0
    outer loop
      vertex 22.1452 -4.58437 3.2
      vertex 22.4555 -4.23445 2
      vertex 22.4555 -4.23445 3.2
    endloop
  endfacet
  facet normal 0.748194 -0.663479 0
    outer loop
      vertex 22.4555 -4.23445 2
      vertex 22.1452 -4.58437 3.2
      vertex 22.1452 -4.58437 2
    endloop
  endfacet
  facet normal 0.850203 -0.526455 0
    outer loop
      vertex 22.4555 -4.23445 3.2
      vertex 22.6968 -3.84476 2
      vertex 22.6968 -3.84476 3.2
    endloop
  endfacet
  facet normal 0.850203 -0.526455 0
    outer loop
      vertex 22.6968 -3.84476 2
      vertex 22.4555 -4.23445 3.2
      vertex 22.4555 -4.23445 2
    endloop
  endfacet
  facet normal 0.928092 -0.372352 0
    outer loop
      vertex 22.6968 -3.84476 3.2
      vertex 22.8691 -3.4153 2
      vertex 22.8691 -3.4153 3.2
    endloop
  endfacet
  facet normal 0.928092 -0.372352 0
    outer loop
      vertex 22.8691 -3.4153 2
      vertex 22.6968 -3.84476 3.2
      vertex 22.6968 -3.84476 2
    endloop
  endfacet
  facet normal 0.976573 -0.215185 0
    outer loop
      vertex 22.8691 -3.4153 3.2
      vertex 22.9725 -2.94604 2
      vertex 22.9725 -2.94604 3.2
    endloop
  endfacet
  facet normal 0.976573 -0.215185 0
    outer loop
      vertex 22.9725 -2.94604 2
      vertex 22.8691 -3.4153 3.2
      vertex 22.8691 -3.4153 2
    endloop
  endfacet
  facet normal 0.997711 -0.0676208 0
    outer loop
      vertex 22.9725 -2.94604 3.2
      vertex 23.007 -2.43701 2
      vertex 23.007 -2.43701 3.2
    endloop
  endfacet
  facet normal 0.997711 -0.0676208 0
    outer loop
      vertex 23.007 -2.43701 2
      vertex 22.9725 -2.94604 3.2
      vertex 22.9725 -2.94604 2
    endloop
  endfacet
  facet normal 0.999724 0.0234815 0
    outer loop
      vertex 23.007 -2.43701 3.2
      vertex 23.0022 -2.23265 2
      vertex 23.0022 -2.23265 3.2
    endloop
  endfacet
  facet normal 0.999724 0.0234815 0
    outer loop
      vertex 23.0022 -2.23265 2
      vertex 23.007 -2.43701 3.2
      vertex 23.007 -2.43701 2
    endloop
  endfacet
  facet normal 0.997218 0.074545 0
    outer loop
      vertex 23.0022 -2.23265 3.2
      vertex 22.9876 -2.03734 2
      vertex 22.9876 -2.03734 3.2
    endloop
  endfacet
  facet normal 0.997218 0.074545 0
    outer loop
      vertex 22.9876 -2.03734 2
      vertex 23.0022 -2.23265 3.2
      vertex 23.0022 -2.23265 2
    endloop
  endfacet
  facet normal 0.991596 0.129373 0
    outer loop
      vertex 22.9876 -2.03734 3.2
      vertex 22.9633 -1.85109 2
      vertex 22.9633 -1.85109 3.2
    endloop
  endfacet
  facet normal 0.991596 0.129373 0
    outer loop
      vertex 22.9633 -1.85109 2
      vertex 22.9876 -2.03734 3.2
      vertex 22.9876 -2.03734 2
    endloop
  endfacet
  facet normal 0.982091 0.188405 0
    outer loop
      vertex 22.9633 -1.85109 3.2
      vertex 22.9293 -1.67386 2
      vertex 22.9293 -1.67386 3.2
    endloop
  endfacet
  facet normal 0.982091 0.188405 0
    outer loop
      vertex 22.9293 -1.67386 2
      vertex 22.9633 -1.85109 3.2
      vertex 22.9633 -1.85109 2
    endloop
  endfacet
  facet normal 0.967716 0.252042 0
    outer loop
      vertex 22.9293 -1.67386 3.2
      vertex 22.8855 -1.50569 2
      vertex 22.8855 -1.50569 3.2
    endloop
  endfacet
  facet normal 0.967716 0.252042 0
    outer loop
      vertex 22.8855 -1.50569 2
      vertex 22.9293 -1.67386 3.2
      vertex 22.9293 -1.67386 2
    endloop
  endfacet
  facet normal 0.948038 0.318158 0
    outer loop
      vertex 22.8855 -1.50569 3.2
      vertex 22.8321 -1.34657 2
      vertex 22.8321 -1.34657 3.2
    endloop
  endfacet
  facet normal 0.948038 0.318158 0
    outer loop
      vertex 22.8321 -1.34657 2
      vertex 22.8855 -1.50569 3.2
      vertex 22.8855 -1.50569 2
    endloop
  endfacet
  facet normal 0.925029 0.379897 0
    outer loop
      vertex 22.8321 -1.34657 3.2
      vertex 22.77 -1.19536 2
      vertex 22.77 -1.19536 3.2
    endloop
  endfacet
  facet normal 0.925029 0.379897 0
    outer loop
      vertex 22.77 -1.19536 2
      vertex 22.8321 -1.34657 3.2
      vertex 22.8321 -1.34657 2
    endloop
  endfacet
  facet normal 0.9011 0.433611 0
    outer loop
      vertex 22.77 -1.19536 3.2
      vertex 22.7005 -1.05093 2
      vertex 22.7005 -1.05093 3.2
    endloop
  endfacet
  facet normal 0.9011 0.433611 0
    outer loop
      vertex 22.7005 -1.05093 2
      vertex 22.77 -1.19536 3.2
      vertex 22.77 -1.19536 2
    endloop
  endfacet
  facet normal 0.872727 0.488209 0
    outer loop
      vertex 22.7005 -1.05093 3.2
      vertex 22.6235 -0.913284 2
      vertex 22.6235 -0.913284 3.2
    endloop
  endfacet
  facet normal 0.872727 0.488209 0
    outer loop
      vertex 22.6235 -0.913284 2
      vertex 22.7005 -1.05093 3.2
      vertex 22.7005 -1.05093 2
    endloop
  endfacet
  facet normal 0.840399 0.541969 0
    outer loop
      vertex 22.6235 -0.913284 3.2
      vertex 22.5391 -0.78241 2
      vertex 22.5391 -0.78241 3.2
    endloop
  endfacet
  facet normal 0.840399 0.541969 0
    outer loop
      vertex 22.5391 -0.78241 2
      vertex 22.6235 -0.913284 3.2
      vertex 22.6235 -0.913284 2
    endloop
  endfacet
  facet normal 0.803603 0.595166 0
    outer loop
      vertex 22.5391 -0.78241 3.2
      vertex 22.4472 -0.658325 2
      vertex 22.4472 -0.658325 3.2
    endloop
  endfacet
  facet normal 0.803603 0.595166 0
    outer loop
      vertex 22.4472 -0.658325 2
      vertex 22.5391 -0.78241 3.2
      vertex 22.5391 -0.78241 2
    endloop
  endfacet
  facet normal 0.763263 0.646088 0
    outer loop
      vertex 22.4472 -0.658325 3.2
      vertex 22.3479 -0.541016 2
      vertex 22.3479 -0.541016 3.2
    endloop
  endfacet
  facet normal 0.763263 0.646088 0
    outer loop
      vertex 22.3479 -0.541016 2
      vertex 22.4472 -0.658325 3.2
      vertex 22.4472 -0.658325 2
    endloop
  endfacet
  facet normal 0.722629 0.691237 0
    outer loop
      vertex 22.3479 -0.541016 3.2
      vertex 22.2417 -0.429993 2
      vertex 22.2417 -0.429993 3.2
    endloop
  endfacet
  facet normal 0.722629 0.691237 0
    outer loop
      vertex 22.2417 -0.429993 2
      vertex 22.3479 -0.541016 3.2
      vertex 22.3479 -0.541016 2
    endloop
  endfacet
  facet normal 0.683752 0.729714 -0
    outer loop
      vertex 22.2417 -0.429993 2
      vertex 22.1295 -0.32486 3.2
      vertex 22.2417 -0.429993 3.2
    endloop
  endfacet
  facet normal 0.683752 0.729714 0
    outer loop
      vertex 22.1295 -0.32486 3.2
      vertex 22.2417 -0.429993 2
      vertex 22.1295 -0.32486 2
    endloop
  endfacet
  facet normal 0.642706 0.766113 -0
    outer loop
      vertex 22.1295 -0.32486 2
      vertex 22.0112 -0.225616 3.2
      vertex 22.1295 -0.32486 3.2
    endloop
  endfacet
  facet normal 0.642706 0.766113 0
    outer loop
      vertex 22.0112 -0.225616 3.2
      vertex 22.1295 -0.32486 2
      vertex 22.0112 -0.225616 2
    endloop
  endfacet
  facet normal 0.59991 0.800068 -0
    outer loop
      vertex 22.0112 -0.225616 2
      vertex 21.8867 -0.132263 3.2
      vertex 22.0112 -0.225616 3.2
    endloop
  endfacet
  facet normal 0.59991 0.800068 0
    outer loop
      vertex 21.8867 -0.132263 3.2
      vertex 22.0112 -0.225616 2
      vertex 21.8867 -0.132263 2
    endloop
  endfacet
  facet normal 0.556446 0.830884 -0
    outer loop
      vertex 21.8867 -0.132263 2
      vertex 21.7561 -0.0447998 3.2
      vertex 21.8867 -0.132263 3.2
    endloop
  endfacet
  facet normal 0.556446 0.830884 0
    outer loop
      vertex 21.7561 -0.0447998 3.2
      vertex 21.8867 -0.132263 2
      vertex 21.7561 -0.0447998 2
    endloop
  endfacet
  facet normal 0.512708 0.858563 -0
    outer loop
      vertex 21.7561 -0.0447998 2
      vertex 21.6195 0.0367737 3.2
      vertex 21.7561 -0.0447998 3.2
    endloop
  endfacet
  facet normal 0.512708 0.858563 0
    outer loop
      vertex 21.6195 0.0367737 3.2
      vertex 21.7561 -0.0447998 2
      vertex 21.6195 0.0367737 2
    endloop
  endfacet
  facet normal 0.478148 0.878279 -0
    outer loop
      vertex 21.6195 0.0367737 2
      vertex 21.4781 0.113754 3.2
      vertex 21.6195 0.0367737 3.2
    endloop
  endfacet
  facet normal 0.478148 0.878279 0
    outer loop
      vertex 21.4781 0.113754 3.2
      vertex 21.6195 0.0367737 2
      vertex 21.4781 0.113754 2
    endloop
  endfacet
  facet normal 0.45308 0.89147 -0
    outer loop
      vertex 21.4781 0.113754 2
      vertex 21.3333 0.187347 3.2
      vertex 21.4781 0.113754 3.2
    endloop
  endfacet
  facet normal 0.45308 0.89147 0
    outer loop
      vertex 21.3333 0.187347 3.2
      vertex 21.4781 0.113754 2
      vertex 21.3333 0.187347 2
    endloop
  endfacet
  facet normal 0.428278 0.903647 -0
    outer loop
      vertex 21.3333 0.187347 2
      vertex 21.1852 0.257538 3.2
      vertex 21.3333 0.187347 3.2
    endloop
  endfacet
  facet normal 0.428278 0.903647 0
    outer loop
      vertex 21.1852 0.257538 3.2
      vertex 21.3333 0.187347 2
      vertex 21.1852 0.257538 2
    endloop
  endfacet
  facet normal 0.403239 0.915095 -0
    outer loop
      vertex 21.1852 0.257538 2
      vertex 21.0336 0.324341 3.2
      vertex 21.1852 0.257538 3.2
    endloop
  endfacet
  facet normal 0.403239 0.915095 0
    outer loop
      vertex 21.0336 0.324341 3.2
      vertex 21.1852 0.257538 2
      vertex 21.0336 0.324341 2
    endloop
  endfacet
  facet normal 0.378663 0.925535 -0
    outer loop
      vertex 21.0336 0.324341 2
      vertex 20.8786 0.387756 3.2
      vertex 21.0336 0.324341 3.2
    endloop
  endfacet
  facet normal 0.378663 0.925535 0
    outer loop
      vertex 20.8786 0.387756 3.2
      vertex 21.0336 0.324341 2
      vertex 20.8786 0.387756 2
    endloop
  endfacet
  facet normal 0.35449 0.93506 -0
    outer loop
      vertex 20.8786 0.387756 2
      vertex 20.7203 0.447769 3.2
      vertex 20.8786 0.387756 3.2
    endloop
  endfacet
  facet normal 0.35449 0.93506 0
    outer loop
      vertex 20.7203 0.447769 3.2
      vertex 20.8786 0.387756 2
      vertex 20.7203 0.447769 2
    endloop
  endfacet
  facet normal 0.332984 0.942932 -0
    outer loop
      vertex 20.7203 0.447769 2
      vertex 20.559 0.50473 3.2
      vertex 20.7203 0.447769 3.2
    endloop
  endfacet
  facet normal 0.332984 0.942932 0
    outer loop
      vertex 20.559 0.50473 3.2
      vertex 20.7203 0.447769 2
      vertex 20.559 0.50473 2
    endloop
  endfacet
  facet normal 0.314454 0.949273 -0
    outer loop
      vertex 20.559 0.50473 2
      vertex 20.3952 0.55899 3.2
      vertex 20.559 0.50473 3.2
    endloop
  endfacet
  facet normal 0.314454 0.949273 0
    outer loop
      vertex 20.3952 0.55899 3.2
      vertex 20.559 0.50473 2
      vertex 20.3952 0.55899 2
    endloop
  endfacet
  facet normal 0.296135 0.955146 -0
    outer loop
      vertex 20.3952 0.55899 2
      vertex 20.229 0.610519 3.2
      vertex 20.3952 0.55899 3.2
    endloop
  endfacet
  facet normal 0.296135 0.955146 0
    outer loop
      vertex 20.229 0.610519 3.2
      vertex 20.3952 0.55899 2
      vertex 20.229 0.610519 2
    endloop
  endfacet
  facet normal 0.278031 0.960572 -0
    outer loop
      vertex 20.229 0.610519 2
      vertex 20.0603 0.659348 3.2
      vertex 20.229 0.610519 3.2
    endloop
  endfacet
  facet normal 0.278031 0.960572 0
    outer loop
      vertex 20.0603 0.659348 3.2
      vertex 20.229 0.610519 2
      vertex 20.0603 0.659348 2
    endloop
  endfacet
  facet normal 0.259935 0.965626 -0
    outer loop
      vertex 20.0603 0.659348 2
      vertex 19.889 0.70546 3.2
      vertex 20.0603 0.659348 3.2
    endloop
  endfacet
  facet normal 0.259935 0.965626 0
    outer loop
      vertex 19.889 0.70546 3.2
      vertex 20.0603 0.659348 2
      vertex 19.889 0.70546 2
    endloop
  endfacet
  facet normal 0.242383 0.970181 -0
    outer loop
      vertex 19.889 0.70546 2
      vertex 19.7153 0.748856 3.2
      vertex 19.889 0.70546 3.2
    endloop
  endfacet
  facet normal 0.242383 0.970181 0
    outer loop
      vertex 19.7153 0.748856 3.2
      vertex 19.889 0.70546 2
      vertex 19.7153 0.748856 2
    endloop
  endfacet
  facet normal 0.2328 0.972525 -0
    outer loop
      vertex 19.7153 0.748856 2
      vertex 19.5402 0.790771 3.2
      vertex 19.7153 0.748856 3.2
    endloop
  endfacet
  facet normal 0.2328 0.972525 0
    outer loop
      vertex 19.5402 0.790771 3.2
      vertex 19.7153 0.748856 2
      vertex 19.5402 0.790771 2
    endloop
  endfacet
  facet normal 0.231436 0.97285 -0
    outer loop
      vertex 19.5402 0.790771 2
      vertex 19.3649 0.832474 3.2
      vertex 19.5402 0.790771 3.2
    endloop
  endfacet
  facet normal 0.231436 0.97285 0
    outer loop
      vertex 19.3649 0.832474 3.2
      vertex 19.5402 0.790771 2
      vertex 19.3649 0.832474 2
    endloop
  endfacet
  facet normal 0.229979 0.973196 -0
    outer loop
      vertex 19.3649 0.832474 2
      vertex 19.1894 0.873947 3.2
      vertex 19.3649 0.832474 3.2
    endloop
  endfacet
  facet normal 0.229979 0.973196 0
    outer loop
      vertex 19.1894 0.873947 3.2
      vertex 19.3649 0.832474 2
      vertex 19.1894 0.873947 2
    endloop
  endfacet
  facet normal 0.228534 0.973536 -0
    outer loop
      vertex 19.1894 0.873947 2
      vertex 19.0137 0.915192 3.2
      vertex 19.1894 0.873947 3.2
    endloop
  endfacet
  facet normal 0.228534 0.973536 0
    outer loop
      vertex 19.0137 0.915192 3.2
      vertex 19.1894 0.873947 2
      vertex 19.0137 0.915192 2
    endloop
  endfacet
  facet normal 0.227165 0.973856 -0
    outer loop
      vertex 19.0137 0.915192 2
      vertex 18.8378 0.956223 3.2
      vertex 19.0137 0.915192 3.2
    endloop
  endfacet
  facet normal 0.227165 0.973856 0
    outer loop
      vertex 18.8378 0.956223 3.2
      vertex 19.0137 0.915192 2
      vertex 18.8378 0.956223 2
    endloop
  endfacet
  facet normal 0.225513 0.97424 -0
    outer loop
      vertex 18.8378 0.956223 2
      vertex 18.6616 0.997009 3.2
      vertex 18.8378 0.956223 3.2
    endloop
  endfacet
  facet normal 0.225513 0.97424 0
    outer loop
      vertex 18.6616 0.997009 3.2
      vertex 18.8378 0.956223 2
      vertex 18.6616 0.997009 2
    endloop
  endfacet
  facet normal 0.222765 0.974872 -0
    outer loop
      vertex 18.6616 0.997009 2
      vertex 18.1645 1.1106 3.2
      vertex 18.6616 0.997009 3.2
    endloop
  endfacet
  facet normal 0.222765 0.974872 0
    outer loop
      vertex 18.1645 1.1106 3.2
      vertex 18.6616 0.997009 2
      vertex 18.1645 1.1106 2
    endloop
  endfacet
  facet normal 0.237959 0.971275 -0
    outer loop
      vertex 18.1645 1.1106 2
      vertex 17.7258 1.21808 3.2
      vertex 18.1645 1.1106 3.2
    endloop
  endfacet
  facet normal 0.237959 0.971275 0
    outer loop
      vertex 17.7258 1.21808 3.2
      vertex 18.1645 1.1106 2
      vertex 17.7258 1.21808 2
    endloop
  endfacet
  facet normal 0.257457 0.96629 -0
    outer loop
      vertex 17.7258 1.21808 2
      vertex 17.3453 1.31946 3.2
      vertex 17.7258 1.21808 3.2
    endloop
  endfacet
  facet normal 0.257457 0.96629 0
    outer loop
      vertex 17.3453 1.31946 3.2
      vertex 17.7258 1.21808 2
      vertex 17.3453 1.31946 2
    endloop
  endfacet
  facet normal 0.283604 0.958942 -0
    outer loop
      vertex 17.3453 1.31946 2
      vertex 17.0232 1.41472 3.2
      vertex 17.3453 1.31946 3.2
    endloop
  endfacet
  facet normal 0.283604 0.958942 0
    outer loop
      vertex 17.0232 1.41472 3.2
      vertex 17.3453 1.31946 2
      vertex 17.0232 1.41472 2
    endloop
  endfacet
  facet normal 0.32019 0.947353 -0
    outer loop
      vertex 17.0232 1.41472 2
      vertex 16.7594 1.50388 3.2
      vertex 17.0232 1.41472 3.2
    endloop
  endfacet
  facet normal 0.32019 0.947353 0
    outer loop
      vertex 16.7594 1.50388 3.2
      vertex 17.0232 1.41472 2
      vertex 16.7594 1.50388 2
    endloop
  endfacet
  facet normal 0.374694 0.927148 -0
    outer loop
      vertex 16.7594 1.50388 2
      vertex 16.5539 1.58693 3.2
      vertex 16.7594 1.50388 3.2
    endloop
  endfacet
  facet normal 0.374694 0.927148 0
    outer loop
      vertex 16.5539 1.58693 3.2
      vertex 16.7594 1.50388 2
      vertex 16.5539 1.58693 2
    endloop
  endfacet
  facet normal 0.439904 0.898045 -0
    outer loop
      vertex 16.5539 1.58693 2
      vertex 16.3845 1.66991 3.2
      vertex 16.5539 1.58693 3.2
    endloop
  endfacet
  facet normal 0.439904 0.898045 0
    outer loop
      vertex 16.3845 1.66991 3.2
      vertex 16.5539 1.58693 2
      vertex 16.3845 1.66991 2
    endloop
  endfacet
  facet normal 0.495628 0.868535 -0
    outer loop
      vertex 16.3845 1.66991 2
      vertex 16.2288 1.75876 3.2
      vertex 16.3845 1.66991 3.2
    endloop
  endfacet
  facet normal 0.495628 0.868535 0
    outer loop
      vertex 16.2288 1.75876 3.2
      vertex 16.3845 1.66991 2
      vertex 16.2288 1.75876 2
    endloop
  endfacet
  facet normal 0.555498 0.831518 -0
    outer loop
      vertex 16.2288 1.75876 2
      vertex 16.087 1.85349 3.2
      vertex 16.2288 1.75876 3.2
    endloop
  endfacet
  facet normal 0.555498 0.831518 0
    outer loop
      vertex 16.087 1.85349 3.2
      vertex 16.2288 1.75876 2
      vertex 16.087 1.85349 2
    endloop
  endfacet
  facet normal 0.617632 0.786467 -0
    outer loop
      vertex 16.087 1.85349 2
      vertex 15.9589 1.95409 3.2
      vertex 16.087 1.85349 3.2
    endloop
  endfacet
  facet normal 0.617632 0.786467 0
    outer loop
      vertex 15.9589 1.95409 3.2
      vertex 16.087 1.85349 2
      vertex 15.9589 1.95409 2
    endloop
  endfacet
  facet normal 0.681565 0.731757 -0
    outer loop
      vertex 15.9589 1.95409 2
      vertex 15.8446 2.06055 3.2
      vertex 15.9589 1.95409 3.2
    endloop
  endfacet
  facet normal 0.681565 0.731757 0
    outer loop
      vertex 15.8446 2.06055 3.2
      vertex 15.9589 1.95409 2
      vertex 15.8446 2.06055 2
    endloop
  endfacet
  facet normal 0.745319 0.666708 0
    outer loop
      vertex 15.8446 2.06055 3.2
      vertex 15.7441 2.1729 2
      vertex 15.7441 2.1729 3.2
    endloop
  endfacet
  facet normal 0.745319 0.666708 0
    outer loop
      vertex 15.7441 2.1729 2
      vertex 15.8446 2.06055 3.2
      vertex 15.8446 2.06055 2
    endloop
  endfacet
  facet normal 0.814601 0.580021 0
    outer loop
      vertex 15.7441 2.1729 3.2
      vertex 15.6584 2.29326 2
      vertex 15.6584 2.29326 3.2
    endloop
  endfacet
  facet normal 0.814601 0.580021 0
    outer loop
      vertex 15.6584 2.29326 2
      vertex 15.7441 2.1729 3.2
      vertex 15.7441 2.1729 2
    endloop
  endfacet
  facet normal 0.880727 0.473625 0
    outer loop
      vertex 15.6584 2.29326 3.2
      vertex 15.5882 2.4238 2
      vertex 15.5882 2.4238 3.2
    endloop
  endfacet
  facet normal 0.880727 0.473625 0
    outer loop
      vertex 15.5882 2.4238 2
      vertex 15.6584 2.29326 3.2
      vertex 15.6584 2.29326 2
    endloop
  endfacet
  facet normal 0.932274 0.361752 0
    outer loop
      vertex 15.5882 2.4238 3.2
      vertex 15.5336 2.56451 2
      vertex 15.5336 2.56451 3.2
    endloop
  endfacet
  facet normal 0.932274 0.361752 0
    outer loop
      vertex 15.5336 2.56451 2
      vertex 15.5882 2.4238 3.2
      vertex 15.5882 2.4238 2
    endloop
  endfacet
  facet normal 0.968334 0.249657 0
    outer loop
      vertex 15.5336 2.56451 3.2
      vertex 15.4947 2.71539 2
      vertex 15.4947 2.71539 3.2
    endloop
  endfacet
  facet normal 0.968334 0.249657 0
    outer loop
      vertex 15.4947 2.71539 2
      vertex 15.5336 2.56451 3.2
      vertex 15.5336 2.56451 2
    endloop
  endfacet
  facet normal 0.989611 0.143769 0
    outer loop
      vertex 15.4947 2.71539 3.2
      vertex 15.4713 2.87646 2
      vertex 15.4713 2.87646 3.2
    endloop
  endfacet
  facet normal 0.989611 0.143769 0
    outer loop
      vertex 15.4713 2.87646 2
      vertex 15.4947 2.71539 3.2
      vertex 15.4947 2.71539 2
    endloop
  endfacet
  facet normal 0.998964 0.0455029 0
    outer loop
      vertex 15.4713 2.87646 3.2
      vertex 15.4635 3.0477 2
      vertex 15.4635 3.0477 3.2
    endloop
  endfacet
  facet normal 0.998964 0.0455029 0
    outer loop
      vertex 15.4635 3.0477 2
      vertex 15.4713 2.87646 3.2
      vertex 15.4713 2.87646 2
    endloop
  endfacet
  facet normal 0.997584 -0.0694711 0
    outer loop
      vertex 15.4635 3.0477 3.2
      vertex 15.4836 3.33633 2
      vertex 15.4836 3.33633 3.2
    endloop
  endfacet
  facet normal 0.997584 -0.0694711 0
    outer loop
      vertex 15.4836 3.33633 2
      vertex 15.4635 3.0477 3.2
      vertex 15.4635 3.0477 2
    endloop
  endfacet
  facet normal 0.974853 -0.222851 0
    outer loop
      vertex 15.4836 3.33633 3.2
      vertex 15.5439 3.60011 2
      vertex 15.5439 3.60011 3.2
    endloop
  endfacet
  facet normal 0.974853 -0.222851 0
    outer loop
      vertex 15.5439 3.60011 2
      vertex 15.4836 3.33633 3.2
      vertex 15.4836 3.33633 2
    endloop
  endfacet
  facet normal 0.921638 -0.38805 0
    outer loop
      vertex 15.5439 3.60011 3.2
      vertex 15.6445 3.83904 2
      vertex 15.6445 3.83904 3.2
    endloop
  endfacet
  facet normal 0.921638 -0.38805 0
    outer loop
      vertex 15.6445 3.83904 2
      vertex 15.5439 3.60011 3.2
      vertex 15.5439 3.60011 2
    endloop
  endfacet
  facet normal 0.835457 -0.549556 0
    outer loop
      vertex 15.6445 3.83904 3.2
      vertex 15.7853 4.05309 2
      vertex 15.7853 4.05309 3.2
    endloop
  endfacet
  facet normal 0.835457 -0.549556 0
    outer loop
      vertex 15.7853 4.05309 2
      vertex 15.6445 3.83904 3.2
      vertex 15.6445 3.83904 2
    endloop
  endfacet
  facet normal 0.722347 -0.691531 0
    outer loop
      vertex 15.7853 4.05309 3.2
      vertex 15.9664 4.24226 2
      vertex 15.9664 4.24226 3.2
    endloop
  endfacet
  facet normal 0.722347 -0.691531 0
    outer loop
      vertex 15.9664 4.24226 2
      vertex 15.7853 4.05309 3.2
      vertex 15.7853 4.05309 2
    endloop
  endfacet
  facet normal 0.596127 -0.80289 0
    outer loop
      vertex 15.9664 4.24226 2
      vertex 16.1877 4.40657 3.2
      vertex 15.9664 4.24226 3.2
    endloop
  endfacet
  facet normal 0.596127 -0.80289 0
    outer loop
      vertex 16.1877 4.40657 3.2
      vertex 15.9664 4.24226 2
      vertex 16.1877 4.40657 2
    endloop
  endfacet
  facet normal 0.472887 -0.881123 0
    outer loop
      vertex 16.1877 4.40657 2
      vertex 16.4472 4.54584 3.2
      vertex 16.1877 4.40657 3.2
    endloop
  endfacet
  facet normal 0.472887 -0.881123 0
    outer loop
      vertex 16.4472 4.54584 3.2
      vertex 16.1877 4.40657 2
      vertex 16.4472 4.54584 2
    endloop
  endfacet
  facet normal 0.359527 -0.933135 0
    outer loop
      vertex 16.4472 4.54584 2
      vertex 16.7429 4.65977 3.2
      vertex 16.4472 4.54584 3.2
    endloop
  endfacet
  facet normal 0.359527 -0.933135 0
    outer loop
      vertex 16.7429 4.65977 3.2
      vertex 16.4472 4.54584 2
      vertex 16.7429 4.65977 2
    endloop
  endfacet
  facet normal 0.25807 -0.966126 0
    outer loop
      vertex 16.7429 4.65977 2
      vertex 17.0747 4.7484 3.2
      vertex 16.7429 4.65977 3.2
    endloop
  endfacet
  facet normal 0.25807 -0.966126 0
    outer loop
      vertex 17.0747 4.7484 3.2
      vertex 16.7429 4.65977 2
      vertex 17.0747 4.7484 2
    endloop
  endfacet
  facet normal 0.169495 -0.985531 0
    outer loop
      vertex 17.0747 4.7484 2
      vertex 17.4427 4.81169 3.2
      vertex 17.0747 4.7484 3.2
    endloop
  endfacet
  facet normal 0.169495 -0.985531 0
    outer loop
      vertex 17.4427 4.81169 3.2
      vertex 17.0747 4.7484 2
      vertex 17.4427 4.81169 2
    endloop
  endfacet
  facet normal 0.0935513 -0.995614 0
    outer loop
      vertex 17.4427 4.81169 2
      vertex 17.8469 4.84967 3.2
      vertex 17.4427 4.81169 3.2
    endloop
  endfacet
  facet normal 0.0935513 -0.995614 0
    outer loop
      vertex 17.8469 4.84967 3.2
      vertex 17.4427 4.81169 2
      vertex 17.8469 4.84967 2
    endloop
  endfacet
  facet normal 0.0287639 -0.999586 0
    outer loop
      vertex 17.8469 4.84967 2
      vertex 18.2872 4.86234 3.2
      vertex 17.8469 4.84967 3.2
    endloop
  endfacet
  facet normal 0.0287639 -0.999586 0
    outer loop
      vertex 18.2872 4.86234 3.2
      vertex 17.8469 4.84967 2
      vertex 18.2872 4.86234 2
    endloop
  endfacet
  facet normal -0.0283542 -0.999598 0
    outer loop
      vertex 18.2872 4.86234 2
      vertex 18.6898 4.85092 3.2
      vertex 18.2872 4.86234 3.2
    endloop
  endfacet
  facet normal -0.0283542 -0.999598 -0
    outer loop
      vertex 18.6898 4.85092 3.2
      vertex 18.2872 4.86234 2
      vertex 18.6898 4.85092 2
    endloop
  endfacet
  facet normal -0.0916089 -0.995795 0
    outer loop
      vertex 18.6898 4.85092 2
      vertex 19.0621 4.81667 3.2
      vertex 18.6898 4.85092 3.2
    endloop
  endfacet
  facet normal -0.0916089 -0.995795 -0
    outer loop
      vertex 19.0621 4.81667 3.2
      vertex 18.6898 4.85092 2
      vertex 19.0621 4.81667 2
    endloop
  endfacet
  facet normal -0.164652 -0.986352 0
    outer loop
      vertex 19.0621 4.81667 2
      vertex 19.4041 4.75958 3.2
      vertex 19.0621 4.81667 3.2
    endloop
  endfacet
  facet normal -0.164652 -0.986352 -0
    outer loop
      vertex 19.4041 4.75958 3.2
      vertex 19.0621 4.81667 2
      vertex 19.4041 4.75958 2
    endloop
  endfacet
  facet normal -0.248337 -0.968674 0
    outer loop
      vertex 19.4041 4.75958 2
      vertex 19.7158 4.67967 3.2
      vertex 19.4041 4.75958 3.2
    endloop
  endfacet
  facet normal -0.248337 -0.968674 -0
    outer loop
      vertex 19.7158 4.67967 3.2
      vertex 19.4041 4.75958 2
      vertex 19.7158 4.67967 2
    endloop
  endfacet
  facet normal -0.342989 -0.939339 0
    outer loop
      vertex 19.7158 4.67967 2
      vertex 19.9972 4.57692 3.2
      vertex 19.7158 4.67967 3.2
    endloop
  endfacet
  facet normal -0.342989 -0.939339 -0
    outer loop
      vertex 19.9972 4.57692 3.2
      vertex 19.7158 4.67967 2
      vertex 19.9972 4.57692 2
    endloop
  endfacet
  facet normal -0.447157 -0.894456 0
    outer loop
      vertex 19.9972 4.57692 2
      vertex 20.2484 4.45134 3.2
      vertex 19.9972 4.57692 3.2
    endloop
  endfacet
  facet normal -0.447157 -0.894456 -0
    outer loop
      vertex 20.2484 4.45134 3.2
      vertex 19.9972 4.57692 2
      vertex 20.2484 4.45134 2
    endloop
  endfacet
  facet normal -0.559811 -0.828621 0
    outer loop
      vertex 20.2484 4.45134 2
      vertex 20.4717 4.30048 3.2
      vertex 20.2484 4.45134 3.2
    endloop
  endfacet
  facet normal -0.559811 -0.828621 -0
    outer loop
      vertex 20.4717 4.30048 3.2
      vertex 20.2484 4.45134 2
      vertex 20.4717 4.30048 2
    endloop
  endfacet
  facet normal -0.669958 -0.742399 0
    outer loop
      vertex 20.4717 4.30048 2
      vertex 20.6697 4.1218 3.2
      vertex 20.4717 4.30048 3.2
    endloop
  endfacet
  facet normal -0.669958 -0.742399 -0
    outer loop
      vertex 20.6697 4.1218 3.2
      vertex 20.4717 4.30048 2
      vertex 20.6697 4.1218 2
    endloop
  endfacet
  facet normal -0.767048 -0.64159 0
    outer loop
      vertex 20.8424 3.91533 2
      vertex 20.6697 4.1218 3.2
      vertex 20.6697 4.1218 2
    endloop
  endfacet
  facet normal -0.767048 -0.64159 0
    outer loop
      vertex 20.6697 4.1218 3.2
      vertex 20.8424 3.91533 2
      vertex 20.8424 3.91533 3.2
    endloop
  endfacet
  facet normal -0.846411 -0.53253 0
    outer loop
      vertex 20.9898 3.68105 2
      vertex 20.8424 3.91533 3.2
      vertex 20.8424 3.91533 2
    endloop
  endfacet
  facet normal -0.846411 -0.53253 0
    outer loop
      vertex 20.8424 3.91533 3.2
      vertex 20.9898 3.68105 2
      vertex 20.9898 3.68105 3.2
    endloop
  endfacet
  facet normal -0.906598 -0.421995 0
    outer loop
      vertex 21.1118 3.41895 2
      vertex 20.9898 3.68105 3.2
      vertex 20.9898 3.68105 2
    endloop
  endfacet
  facet normal -0.906598 -0.421995 0
    outer loop
      vertex 20.9898 3.68105 3.2
      vertex 21.1118 3.41895 2
      vertex 21.1118 3.41895 3.2
    endloop
  endfacet
  facet normal -0.948516 -0.316728 0
    outer loop
      vertex 21.2086 3.12906 2
      vertex 21.1118 3.41895 3.2
      vertex 21.1118 3.41895 2
    endloop
  endfacet
  facet normal -0.948516 -0.316728 0
    outer loop
      vertex 21.1118 3.41895 3.2
      vertex 21.2086 3.12906 2
      vertex 21.2086 3.12906 3.2
    endloop
  endfacet
  facet normal 0.172891 -0.984941 0
    outer loop
      vertex 21.2086 3.12906 2
      vertex 22.7385 3.39761 3.2
      vertex 21.2086 3.12906 3.2
    endloop
  endfacet
  facet normal 0.172891 -0.984941 0
    outer loop
      vertex 22.7385 3.39761 3.2
      vertex 21.2086 3.12906 2
      vertex 22.7385 3.39761 2
    endloop
  endfacet
  facet normal 0.946565 0.322514 0
    outer loop
      vertex 22.7385 3.39761 3.2
      vertex 22.5829 3.85429 2
      vertex 22.5829 3.85429 3.2
    endloop
  endfacet
  facet normal 0.946565 0.322514 0
    outer loop
      vertex 22.5829 3.85429 2
      vertex 22.7385 3.39761 3.2
      vertex 22.7385 3.39761 2
    endloop
  endfacet
  facet normal 0.907364 0.420346 0
    outer loop
      vertex 22.5829 3.85429 3.2
      vertex 22.393 4.26421 2
      vertex 22.393 4.26421 3.2
    endloop
  endfacet
  facet normal 0.907364 0.420346 0
    outer loop
      vertex 22.393 4.26421 2
      vertex 22.5829 3.85429 3.2
      vertex 22.5829 3.85429 2
    endloop
  endfacet
  facet normal 0.850875 0.525368 0
    outer loop
      vertex 22.393 4.26421 3.2
      vertex 22.1688 4.62732 2
      vertex 22.1688 4.62732 3.2
    endloop
  endfacet
  facet normal 0.850875 0.525368 0
    outer loop
      vertex 22.1688 4.62732 2
      vertex 22.393 4.26421 3.2
      vertex 22.393 4.26421 2
    endloop
  endfacet
  facet normal 0.774196 0.632946 0
    outer loop
      vertex 22.1688 4.62732 3.2
      vertex 21.9102 4.94363 2
      vertex 21.9102 4.94363 3.2
    endloop
  endfacet
  facet normal 0.774196 0.632946 0
    outer loop
      vertex 21.9102 4.94363 2
      vertex 22.1688 4.62732 3.2
      vertex 22.1688 4.62732 2
    endloop
  endfacet
  facet normal 0.677043 0.735944 -0
    outer loop
      vertex 21.9102 4.94363 2
      vertex 21.6172 5.21318 3.2
      vertex 21.9102 4.94363 3.2
    endloop
  endfacet
  facet normal 0.677043 0.735944 0
    outer loop
      vertex 21.6172 5.21318 3.2
      vertex 21.9102 4.94363 2
      vertex 21.6172 5.21318 2
    endloop
  endfacet
  facet normal 0.562631 0.826708 -0
    outer loop
      vertex 21.6172 5.21318 2
      vertex 21.2899 5.43593 3.2
      vertex 21.6172 5.21318 3.2
    endloop
  endfacet
  facet normal 0.562631 0.826708 0
    outer loop
      vertex 21.2899 5.43593 3.2
      vertex 21.6172 5.21318 2
      vertex 21.2899 5.43593 2
    endloop
  endfacet
  facet normal 0.442905 0.896569 -0
    outer loop
      vertex 21.2899 5.43593 2
      vertex 20.9199 5.61871 3.2
      vertex 21.2899 5.43593 3.2
    endloop
  endfacet
  facet normal 0.442905 0.896569 0
    outer loop
      vertex 20.9199 5.61871 3.2
      vertex 21.2899 5.43593 2
      vertex 20.9199 5.61871 2
    endloop
  endfacet
  facet normal 0.334663 0.942338 -0
    outer loop
      vertex 20.9199 5.61871 2
      vertex 20.4988 5.76826 3.2
      vertex 20.9199 5.61871 3.2
    endloop
  endfacet
  facet normal 0.334663 0.942338 0
    outer loop
      vertex 20.4988 5.76826 3.2
      vertex 20.9199 5.61871 2
      vertex 20.4988 5.76826 2
    endloop
  endfacet
  facet normal 0.239186 0.970974 -0
    outer loop
      vertex 20.4988 5.76826 2
      vertex 20.0266 5.88458 3.2
      vertex 20.4988 5.76826 3.2
    endloop
  endfacet
  facet normal 0.239186 0.970974 0
    outer loop
      vertex 20.0266 5.88458 3.2
      vertex 20.4988 5.76826 2
      vertex 20.0266 5.88458 2
    endloop
  endfacet
  facet normal 0.156816 0.987628 -0
    outer loop
      vertex 20.0266 5.88458 2
      vertex 19.5033 5.96767 3.2
      vertex 20.0266 5.88458 3.2
    endloop
  endfacet
  facet normal 0.156816 0.987628 0
    outer loop
      vertex 19.5033 5.96767 3.2
      vertex 20.0266 5.88458 2
      vertex 19.5033 5.96767 2
    endloop
  endfacet
  facet normal 0.0864762 0.996254 -0
    outer loop
      vertex 19.5033 5.96767 2
      vertex 18.929 6.01752 3.2
      vertex 19.5033 5.96767 3.2
    endloop
  endfacet
  facet normal 0.0864762 0.996254 0
    outer loop
      vertex 18.929 6.01752 3.2
      vertex 19.5033 5.96767 2
      vertex 18.929 6.01752 2
    endloop
  endfacet
  facet normal 0.0265454 0.999648 -0
    outer loop
      vertex 18.929 6.01752 2
      vertex 18.3035 6.03413 3.2
      vertex 18.929 6.01752 3.2
    endloop
  endfacet
  facet normal 0.0265454 0.999648 0
    outer loop
      vertex 18.3035 6.03413 3.2
      vertex 18.929 6.01752 2
      vertex 18.3035 6.03413 2
    endloop
  endfacet
  facet normal -0.0329043 0.999459 0
    outer loop
      vertex 18.3035 6.03413 2
      vertex 17.6307 6.01198 3.2
      vertex 18.3035 6.03413 3.2
    endloop
  endfacet
  facet normal -0.0329043 0.999459 0
    outer loop
      vertex 17.6307 6.01198 3.2
      vertex 18.3035 6.03413 2
      vertex 17.6307 6.01198 2
    endloop
  endfacet
  facet normal -0.106771 0.994284 0
    outer loop
      vertex 17.6307 6.01198 2
      vertex 17.0119 5.94553 3.2
      vertex 17.6307 6.01198 3.2
    endloop
  endfacet
  facet normal -0.106771 0.994284 0
    outer loop
      vertex 17.0119 5.94553 3.2
      vertex 17.6307 6.01198 2
      vertex 17.0119 5.94553 2
    endloop
  endfacet
  facet normal -0.192473 0.981302 0
    outer loop
      vertex 17.0119 5.94553 2
      vertex 16.4471 5.83475 3.2
      vertex 17.0119 5.94553 3.2
    endloop
  endfacet
  facet normal -0.192473 0.981302 0
    outer loop
      vertex 16.4471 5.83475 3.2
      vertex 17.0119 5.94553 2
      vertex 16.4471 5.83475 2
    endloop
  endfacet
  facet normal -0.290561 0.956857 0
    outer loop
      vertex 16.4471 5.83475 2
      vertex 15.9364 5.67967 3.2
      vertex 16.4471 5.83475 3.2
    endloop
  endfacet
  facet normal -0.290561 0.956857 0
    outer loop
      vertex 15.9364 5.67967 3.2
      vertex 16.4471 5.83475 2
      vertex 15.9364 5.67967 2
    endloop
  endfacet
  facet normal -0.40001 0.916511 0
    outer loop
      vertex 15.9364 5.67967 2
      vertex 15.4796 5.4803 3.2
      vertex 15.9364 5.67967 3.2
    endloop
  endfacet
  facet normal -0.40001 0.916511 0
    outer loop
      vertex 15.4796 5.4803 3.2
      vertex 15.9364 5.67967 2
      vertex 15.4796 5.4803 2
    endloop
  endfacet
  facet normal -0.517804 0.855499 0
    outer loop
      vertex 15.4796 5.4803 2
      vertex 15.077 5.23662 3.2
      vertex 15.4796 5.4803 3.2
    endloop
  endfacet
  facet normal -0.517804 0.855499 0
    outer loop
      vertex 15.077 5.23662 3.2
      vertex 15.4796 5.4803 2
      vertex 15.077 5.23662 2
    endloop
  endfacet
  facet normal -0.636982 0.770879 0
    outer loop
      vertex 15.077 5.23662 2
      vertex 14.7326 4.95204 3.2
      vertex 15.077 5.23662 3.2
    endloop
  endfacet
  facet normal -0.636982 0.770879 0
    outer loop
      vertex 14.7326 4.95204 3.2
      vertex 15.077 5.23662 2
      vertex 14.7326 4.95204 2
    endloop
  endfacet
  facet normal -0.7526 0.658478 0
    outer loop
      vertex 14.4508 4.62996 2
      vertex 14.7326 4.95204 3.2
      vertex 14.7326 4.95204 2
    endloop
  endfacet
  facet normal -0.7526 0.658478 0
    outer loop
      vertex 14.7326 4.95204 3.2
      vertex 14.4508 4.62996 2
      vertex 14.4508 4.62996 3.2
    endloop
  endfacet
  facet normal -0.853987 0.520295 0
    outer loop
      vertex 14.2317 4.27034 2
      vertex 14.4508 4.62996 3.2
      vertex 14.4508 4.62996 2
    endloop
  endfacet
  facet normal -0.853987 0.520295 0
    outer loop
      vertex 14.4508 4.62996 3.2
      vertex 14.2317 4.27034 2
      vertex 14.2317 4.27034 3.2
    endloop
  endfacet
  facet normal -0.930288 0.366831 0
    outer loop
      vertex 14.0751 3.8732 2
      vertex 14.2317 4.27034 3.2
      vertex 14.2317 4.27034 2
    endloop
  endfacet
  facet normal -0.930288 0.366831 0
    outer loop
      vertex 14.2317 4.27034 3.2
      vertex 14.0751 3.8732 2
      vertex 14.0751 3.8732 3.2
    endloop
  endfacet
  facet normal -0.977454 0.21115 0
    outer loop
      vertex 13.9812 3.43852 2
      vertex 14.0751 3.8732 3.2
      vertex 14.0751 3.8732 2
    endloop
  endfacet
  facet normal -0.977454 0.21115 0
    outer loop
      vertex 14.0751 3.8732 3.2
      vertex 13.9812 3.43852 2
      vertex 13.9812 3.43852 3.2
    endloop
  endfacet
  facet normal -0.99781 0.0661431 0
    outer loop
      vertex 13.9499 2.96634 2
      vertex 13.9812 3.43852 3.2
      vertex 13.9812 3.43852 2
    endloop
  endfacet
  facet normal -0.99781 0.0661431 0
    outer loop
      vertex 13.9812 3.43852 3.2
      vertex 13.9499 2.96634 2
      vertex 13.9499 2.96634 3.2
    endloop
  endfacet
  facet normal -0.999593 -0.0285258 0
    outer loop
      vertex 13.9559 2.75609 2
      vertex 13.9499 2.96634 3.2
      vertex 13.9499 2.96634 2
    endloop
  endfacet
  facet normal -0.999593 -0.0285258 0
    outer loop
      vertex 13.9499 2.96634 3.2
      vertex 13.9559 2.75609 2
      vertex 13.9559 2.75609 3.2
    endloop
  endfacet
  facet normal -0.996058 -0.0887049 0
    outer loop
      vertex 13.9739 2.55397 2
      vertex 13.9559 2.75609 3.2
      vertex 13.9559 2.75609 2
    endloop
  endfacet
  facet normal -0.996058 -0.0887049 0
    outer loop
      vertex 13.9559 2.75609 3.2
      vertex 13.9739 2.55397 2
      vertex 13.9739 2.55397 3.2
    endloop
  endfacet
  facet normal -0.988327 -0.152348 0
    outer loop
      vertex 14.0038 2.36 2
      vertex 13.9739 2.55397 3.2
      vertex 13.9739 2.55397 2
    endloop
  endfacet
  facet normal -0.988327 -0.152348 0
    outer loop
      vertex 13.9739 2.55397 3.2
      vertex 14.0038 2.36 2
      vertex 14.0038 2.36 3.2
    endloop
  endfacet
  facet normal -0.975508 -0.219964 0
    outer loop
      vertex 14.0457 2.17418 2
      vertex 14.0038 2.36 3.2
      vertex 14.0038 2.36 2
    endloop
  endfacet
  facet normal -0.975508 -0.219964 0
    outer loop
      vertex 14.0038 2.36 3.2
      vertex 14.0457 2.17418 2
      vertex 14.0457 2.17418 3.2
    endloop
  endfacet
  facet normal -0.956798 -0.290755 0
    outer loop
      vertex 14.0997 1.99648 2
      vertex 14.0457 2.17418 3.2
      vertex 14.0457 2.17418 2
    endloop
  endfacet
  facet normal -0.956798 -0.290755 0
    outer loop
      vertex 14.0457 2.17418 3.2
      vertex 14.0997 1.99648 2
      vertex 14.0997 1.99648 3.2
    endloop
  endfacet
  facet normal -0.932257 -0.361796 0
    outer loop
      vertex 14.1655 1.82693 2
      vertex 14.0997 1.99648 3.2
      vertex 14.0997 1.99648 2
    endloop
  endfacet
  facet normal -0.932257 -0.361796 0
    outer loop
      vertex 14.0997 1.99648 3.2
      vertex 14.1655 1.82693 2
      vertex 14.1655 1.82693 3.2
    endloop
  endfacet
  facet normal -0.902675 -0.430323 0
    outer loop
      vertex 14.2427 1.66499 2
      vertex 14.1655 1.82693 3.2
      vertex 14.1655 1.82693 2
    endloop
  endfacet
  facet normal -0.902675 -0.430323 0
    outer loop
      vertex 14.1655 1.82693 3.2
      vertex 14.2427 1.66499 2
      vertex 14.2427 1.66499 3.2
    endloop
  endfacet
  facet normal -0.869766 -0.493464 0
    outer loop
      vertex 14.3306 1.51006 2
      vertex 14.2427 1.66499 3.2
      vertex 14.2427 1.66499 2
    endloop
  endfacet
  facet normal -0.869766 -0.493464 0
    outer loop
      vertex 14.2427 1.66499 3.2
      vertex 14.3306 1.51006 2
      vertex 14.3306 1.51006 3.2
    endloop
  endfacet
  facet normal -0.832656 -0.553791 0
    outer loop
      vertex 14.429 1.36211 2
      vertex 14.3306 1.51006 3.2
      vertex 14.3306 1.51006 2
    endloop
  endfacet
  facet normal -0.832656 -0.553791 0
    outer loop
      vertex 14.3306 1.51006 3.2
      vertex 14.429 1.36211 2
      vertex 14.429 1.36211 3.2
    endloop
  endfacet
  facet normal -0.790743 -0.612148 0
    outer loop
      vertex 14.5381 1.22118 2
      vertex 14.429 1.36211 3.2
      vertex 14.429 1.36211 2
    endloop
  endfacet
  facet normal -0.790743 -0.612148 0
    outer loop
      vertex 14.429 1.36211 3.2
      vertex 14.5381 1.22118 2
      vertex 14.5381 1.22118 3.2
    endloop
  endfacet
  facet normal -0.745656 -0.666331 0
    outer loop
      vertex 14.6578 1.08723 2
      vertex 14.5381 1.22118 3.2
      vertex 14.5381 1.22118 2
    endloop
  endfacet
  facet normal -0.745656 -0.666331 0
    outer loop
      vertex 14.5381 1.22118 3.2
      vertex 14.6578 1.08723 2
      vertex 14.6578 1.08723 3.2
    endloop
  endfacet
  facet normal -0.697791 -0.716301 0
    outer loop
      vertex 14.6578 1.08723 2
      vertex 14.7881 0.960297 3.2
      vertex 14.6578 1.08723 3.2
    endloop
  endfacet
  facet normal -0.697791 -0.716301 -0
    outer loop
      vertex 14.7881 0.960297 3.2
      vertex 14.6578 1.08723 2
      vertex 14.7881 0.960297 2
    endloop
  endfacet
  facet normal -0.645105 -0.764094 0
    outer loop
      vertex 14.7881 0.960297 2
      vertex 14.932 0.838806 3.2
      vertex 14.7881 0.960297 3.2
    endloop
  endfacet
  facet normal -0.645105 -0.764094 -0
    outer loop
      vertex 14.932 0.838806 3.2
      vertex 14.7881 0.960297 2
      vertex 14.932 0.838806 2
    endloop
  endfacet
  facet normal -0.591375 -0.806397 0
    outer loop
      vertex 14.932 0.838806 2
      vertex 15.0924 0.721176 3.2
      vertex 14.932 0.838806 3.2
    endloop
  endfacet
  facet normal -0.591375 -0.806397 -0
    outer loop
      vertex 15.0924 0.721176 3.2
      vertex 14.932 0.838806 2
      vertex 15.0924 0.721176 2
    endloop
  endfacet
  facet normal -0.541238 -0.840869 0
    outer loop
      vertex 15.0924 0.721176 2
      vertex 15.2692 0.607376 3.2
      vertex 15.0924 0.721176 3.2
    endloop
  endfacet
  facet normal -0.541238 -0.840869 -0
    outer loop
      vertex 15.2692 0.607376 3.2
      vertex 15.0924 0.721176 2
      vertex 15.2692 0.607376 2
    endloop
  endfacet
  facet normal -0.494294 -0.869295 0
    outer loop
      vertex 15.2692 0.607376 2
      vertex 15.4626 0.497406 3.2
      vertex 15.2692 0.607376 3.2
    endloop
  endfacet
  facet normal -0.494294 -0.869295 -0
    outer loop
      vertex 15.4626 0.497406 3.2
      vertex 15.2692 0.607376 2
      vertex 15.4626 0.497406 2
    endloop
  endfacet
  facet normal -0.451155 -0.892446 0
    outer loop
      vertex 15.4626 0.497406 2
      vertex 15.6725 0.391296 3.2
      vertex 15.4626 0.497406 3.2
    endloop
  endfacet
  facet normal -0.451155 -0.892446 -0
    outer loop
      vertex 15.6725 0.391296 3.2
      vertex 15.4626 0.497406 2
      vertex 15.6725 0.391296 2
    endloop
  endfacet
  facet normal -0.411851 -0.911251 0
    outer loop
      vertex 15.6725 0.391296 2
      vertex 15.8988 0.289017 3.2
      vertex 15.6725 0.391296 3.2
    endloop
  endfacet
  facet normal -0.411851 -0.911251 -0
    outer loop
      vertex 15.8988 0.289017 3.2
      vertex 15.6725 0.391296 2
      vertex 15.8988 0.289017 2
    endloop
  endfacet
  facet normal -0.368845 -0.929491 0
    outer loop
      vertex 15.8988 0.289017 2
      vertex 16.1517 0.18866 3.2
      vertex 15.8988 0.289017 3.2
    endloop
  endfacet
  facet normal -0.368845 -0.929491 -0
    outer loop
      vertex 16.1517 0.18866 3.2
      vertex 15.8988 0.289017 2
      vertex 16.1517 0.18866 2
    endloop
  endfacet
  facet normal -0.327883 -0.944718 0
    outer loop
      vertex 16.1517 0.18866 2
      vertex 16.4409 0.0882874 3.2
      vertex 16.1517 0.18866 3.2
    endloop
  endfacet
  facet normal -0.327883 -0.944718 -0
    outer loop
      vertex 16.4409 0.0882874 3.2
      vertex 16.1517 0.18866 2
      vertex 16.4409 0.0882874 2
    endloop
  endfacet
  facet normal -0.294507 -0.955649 0
    outer loop
      vertex 16.4409 0.0882874 2
      vertex 16.7665 -0.0120544 3.2
      vertex 16.4409 0.0882874 3.2
    endloop
  endfacet
  facet normal -0.294507 -0.955649 -0
    outer loop
      vertex 16.7665 -0.0120544 3.2
      vertex 16.4409 0.0882874 2
      vertex 16.7665 -0.0120544 2
    endloop
  endfacet
  facet normal -0.267152 -0.963654 0
    outer loop
      vertex 16.7665 -0.0120544 2
      vertex 17.1285 -0.112411 3.2
      vertex 16.7665 -0.0120544 3.2
    endloop
  endfacet
  facet normal -0.267152 -0.963654 -0
    outer loop
      vertex 17.1285 -0.112411 3.2
      vertex 16.7665 -0.0120544 2
      vertex 17.1285 -0.112411 2
    endloop
  endfacet
  facet normal -0.244272 -0.969707 0
    outer loop
      vertex 17.1285 -0.112411 2
      vertex 17.5269 -0.212769 3.2
      vertex 17.1285 -0.112411 3.2
    endloop
  endfacet
  facet normal -0.244272 -0.969707 -0
    outer loop
      vertex 17.5269 -0.212769 3.2
      vertex 17.1285 -0.112411 2
      vertex 17.5269 -0.212769 2
    endloop
  endfacet
  facet normal -0.224899 -0.974382 0
    outer loop
      vertex 17.5269 -0.212769 2
      vertex 17.9617 -0.313126 3.2
      vertex 17.5269 -0.212769 3.2
    endloop
  endfacet
  facet normal -0.224899 -0.974382 -0
    outer loop
      vertex 17.9617 -0.313126 3.2
      vertex 17.5269 -0.212769 2
      vertex 17.9617 -0.313126 2
    endloop
  endfacet
  facet normal -0.224101 -0.974566 0
    outer loop
      vertex 17.9617 -0.313126 2
      vertex 18.2183 -0.372131 3.2
      vertex 17.9617 -0.313126 3.2
    endloop
  endfacet
  facet normal -0.224101 -0.974566 -0
    outer loop
      vertex 18.2183 -0.372131 3.2
      vertex 17.9617 -0.313126 2
      vertex 18.2183 -0.372131 2
    endloop
  endfacet
  facet normal -0.225638 -0.974211 0
    outer loop
      vertex 18.2183 -0.372131 2
      vertex 18.4672 -0.429779 3.2
      vertex 18.2183 -0.372131 3.2
    endloop
  endfacet
  facet normal -0.225638 -0.974211 -0
    outer loop
      vertex 18.4672 -0.429779 3.2
      vertex 18.2183 -0.372131 2
      vertex 18.4672 -0.429779 2
    endloop
  endfacet
  facet normal -0.227325 -0.973819 0
    outer loop
      vertex 18.4672 -0.429779 2
      vertex 18.7084 -0.486084 3.2
      vertex 18.4672 -0.429779 3.2
    endloop
  endfacet
  facet normal -0.227325 -0.973819 -0
    outer loop
      vertex 18.7084 -0.486084 3.2
      vertex 18.4672 -0.429779 2
      vertex 18.7084 -0.486084 2
    endloop
  endfacet
  facet normal -0.229155 -0.97339 0
    outer loop
      vertex 18.7084 -0.486084 2
      vertex 18.9418 -0.541031 3.2
      vertex 18.7084 -0.486084 3.2
    endloop
  endfacet
  facet normal -0.229155 -0.97339 -0
    outer loop
      vertex 18.9418 -0.541031 3.2
      vertex 18.7084 -0.486084 2
      vertex 18.9418 -0.541031 2
    endloop
  endfacet
  facet normal -0.230819 -0.972997 0
    outer loop
      vertex 18.9418 -0.541031 2
      vertex 19.1677 -0.59462 3.2
      vertex 18.9418 -0.541031 3.2
    endloop
  endfacet
  facet normal -0.230819 -0.972997 -0
    outer loop
      vertex 19.1677 -0.59462 3.2
      vertex 18.9418 -0.541031 2
      vertex 19.1677 -0.59462 2
    endloop
  endfacet
  facet normal -0.232897 -0.972502 0
    outer loop
      vertex 19.1677 -0.59462 2
      vertex 19.3858 -0.646851 3.2
      vertex 19.1677 -0.59462 3.2
    endloop
  endfacet
  facet normal -0.232897 -0.972502 -0
    outer loop
      vertex 19.3858 -0.646851 3.2
      vertex 19.1677 -0.59462 2
      vertex 19.3858 -0.646851 2
    endloop
  endfacet
  facet normal -0.247903 -0.968785 0
    outer loop
      vertex 19.3858 -0.646851 2
      vertex 19.5951 -0.700409 3.2
      vertex 19.3858 -0.646851 3.2
    endloop
  endfacet
  facet normal -0.247903 -0.968785 -0
    outer loop
      vertex 19.5951 -0.700409 3.2
      vertex 19.3858 -0.646851 2
      vertex 19.5951 -0.700409 2
    endloop
  endfacet
  facet normal -0.277791 -0.960642 0
    outer loop
      vertex 19.5951 -0.700409 2
      vertex 19.7944 -0.758041 3.2
      vertex 19.5951 -0.700409 3.2
    endloop
  endfacet
  facet normal -0.277791 -0.960642 -0
    outer loop
      vertex 19.7944 -0.758041 3.2
      vertex 19.5951 -0.700409 2
      vertex 19.7944 -0.758041 2
    endloop
  endfacet
  facet normal -0.309628 -0.950858 0
    outer loop
      vertex 19.7944 -0.758041 2
      vertex 19.9839 -0.819748 3.2
      vertex 19.7944 -0.758041 3.2
    endloop
  endfacet
  facet normal -0.309628 -0.950858 -0
    outer loop
      vertex 19.9839 -0.819748 3.2
      vertex 19.7944 -0.758041 2
      vertex 19.9839 -0.819748 2
    endloop
  endfacet
  facet normal -0.344185 -0.938902 0
    outer loop
      vertex 19.9839 -0.819748 2
      vertex 20.1633 -0.885513 3.2
      vertex 19.9839 -0.819748 3.2
    endloop
  endfacet
  facet normal -0.344185 -0.938902 -0
    outer loop
      vertex 20.1633 -0.885513 3.2
      vertex 19.9839 -0.819748 2
      vertex 20.1633 -0.885513 2
    endloop
  endfacet
  facet normal -0.380842 -0.92464 0
    outer loop
      vertex 20.1633 -0.885513 2
      vertex 20.3329 -0.955368 3.2
      vertex 20.1633 -0.885513 3.2
    endloop
  endfacet
  facet normal -0.380842 -0.92464 -0
    outer loop
      vertex 20.3329 -0.955368 3.2
      vertex 20.1633 -0.885513 2
      vertex 20.3329 -0.955368 2
    endloop
  endfacet
  facet normal -0.420542 -0.907273 0
    outer loop
      vertex 20.3329 -0.955368 2
      vertex 20.4924 -1.0293 3.2
      vertex 20.3329 -0.955368 3.2
    endloop
  endfacet
  facet normal -0.420542 -0.907273 -0
    outer loop
      vertex 20.4924 -1.0293 3.2
      vertex 20.3329 -0.955368 2
      vertex 20.4924 -1.0293 2
    endloop
  endfacet
  facet normal -0.470111 -0.882607 0
    outer loop
      vertex 20.4924 -1.0293 2
      vertex 20.6413 -1.10861 3.2
      vertex 20.4924 -1.0293 3.2
    endloop
  endfacet
  facet normal -0.470111 -0.882607 -0
    outer loop
      vertex 20.6413 -1.10861 3.2
      vertex 20.4924 -1.0293 2
      vertex 20.6413 -1.10861 2
    endloop
  endfacet
  facet normal -0.53123 -0.847228 0
    outer loop
      vertex 20.6413 -1.10861 2
      vertex 20.7786 -1.1947 3.2
      vertex 20.6413 -1.10861 3.2
    endloop
  endfacet
  facet normal -0.53123 -0.847228 -0
    outer loop
      vertex 20.7786 -1.1947 3.2
      vertex 20.6413 -1.10861 2
      vertex 20.7786 -1.1947 2
    endloop
  endfacet
  facet normal -0.594049 -0.804429 0
    outer loop
      vertex 20.7786 -1.1947 2
      vertex 20.9044 -1.2876 3.2
      vertex 20.7786 -1.1947 3.2
    endloop
  endfacet
  facet normal -0.594049 -0.804429 -0
    outer loop
      vertex 20.9044 -1.2876 3.2
      vertex 20.7786 -1.1947 2
      vertex 20.9044 -1.2876 2
    endloop
  endfacet
  facet normal -0.657225 -0.753695 0
    outer loop
      vertex 20.9044 -1.2876 2
      vertex 21.0187 -1.38727 3.2
      vertex 20.9044 -1.2876 3.2
    endloop
  endfacet
  facet normal -0.657225 -0.753695 -0
    outer loop
      vertex 21.0187 -1.38727 3.2
      vertex 20.9044 -1.2876 2
      vertex 21.0187 -1.38727 2
    endloop
  endfacet
  facet normal -0.719364 -0.694633 0
    outer loop
      vertex 21.1215 -1.49373 2
      vertex 21.0187 -1.38727 3.2
      vertex 21.0187 -1.38727 2
    endloop
  endfacet
  facet normal -0.719364 -0.694633 0
    outer loop
      vertex 21.0187 -1.38727 3.2
      vertex 21.1215 -1.49373 2
      vertex 21.1215 -1.49373 3.2
    endloop
  endfacet
  facet normal -0.778852 -0.627208 0
    outer loop
      vertex 21.2127 -1.60698 2
      vertex 21.1215 -1.49373 3.2
      vertex 21.1215 -1.49373 2
    endloop
  endfacet
  facet normal -0.778852 -0.627208 0
    outer loop
      vertex 21.1215 -1.49373 3.2
      vertex 21.2127 -1.60698 2
      vertex 21.2127 -1.60698 3.2
    endloop
  endfacet
  facet normal -0.842604 -0.538534 0
    outer loop
      vertex 21.291 -1.72949 2
      vertex 21.2127 -1.60698 3.2
      vertex 21.2127 -1.60698 2
    endloop
  endfacet
  facet normal -0.842604 -0.538534 0
    outer loop
      vertex 21.2127 -1.60698 3.2
      vertex 21.291 -1.72949 2
      vertex 21.291 -1.72949 3.2
    endloop
  endfacet
  facet normal -0.902425 -0.430847 0
    outer loop
      vertex 21.3551 -1.86375 2
      vertex 21.291 -1.72949 3.2
      vertex 21.291 -1.72949 2
    endloop
  endfacet
  facet normal -0.902425 -0.430847 0
    outer loop
      vertex 21.291 -1.72949 3.2
      vertex 21.3551 -1.86375 2
      vertex 21.3551 -1.86375 3.2
    endloop
  endfacet
  facet normal -0.946476 -0.322773 0
    outer loop
      vertex 21.4049 -2.00978 2
      vertex 21.3551 -1.86375 3.2
      vertex 21.3551 -1.86375 2
    endloop
  endfacet
  facet normal -0.946476 -0.322773 0
    outer loop
      vertex 21.3551 -1.86375 3.2
      vertex 21.4049 -2.00978 2
      vertex 21.4049 -2.00978 3.2
    endloop
  endfacet
  facet normal -0.975478 -0.220098 0
    outer loop
      vertex 21.4405 -2.16756 2
      vertex 21.4049 -2.00978 3.2
      vertex 21.4049 -2.00978 2
    endloop
  endfacet
  facet normal -0.975478 -0.220098 0
    outer loop
      vertex 21.4049 -2.00978 3.2
      vertex 21.4405 -2.16756 2
      vertex 21.4405 -2.16756 3.2
    endloop
  endfacet
  facet normal -0.992126 -0.125245 0
    outer loop
      vertex 21.4619 -2.33708 2
      vertex 21.4405 -2.16756 3.2
      vertex 21.4405 -2.16756 2
    endloop
  endfacet
  facet normal -0.992126 -0.125245 0
    outer loop
      vertex 21.4405 -2.16756 3.2
      vertex 21.4619 -2.33708 2
      vertex 21.4619 -2.33708 3.2
    endloop
  endfacet
  facet normal -0.999234 -0.0391338 0
    outer loop
      vertex 21.469 -2.51837 2
      vertex 21.4619 -2.33708 3.2
      vertex 21.4619 -2.33708 2
    endloop
  endfacet
  facet normal -0.999234 -0.0391338 0
    outer loop
      vertex 21.4619 -2.33708 3.2
      vertex 21.469 -2.51837 2
      vertex 21.469 -2.51837 3.2
    endloop
  endfacet
  facet normal -0.997496 0.0707179 0
    outer loop
      vertex 21.4463 -2.83856 2
      vertex 21.469 -2.51837 3.2
      vertex 21.469 -2.51837 2
    endloop
  endfacet
  facet normal -0.997496 0.0707179 0
    outer loop
      vertex 21.469 -2.51837 3.2
      vertex 21.4463 -2.83856 2
      vertex 21.4463 -2.83856 3.2
    endloop
  endfacet
  facet normal -0.974013 0.226492 0
    outer loop
      vertex 21.3781 -3.13185 2
      vertex 21.4463 -2.83856 3.2
      vertex 21.4463 -2.83856 2
    endloop
  endfacet
  facet normal -0.974013 0.226492 0
    outer loop
      vertex 21.4463 -2.83856 3.2
      vertex 21.3781 -3.13185 2
      vertex 21.3781 -3.13185 3.2
    endloop
  endfacet
  facet normal -0.919853 0.392264 0
    outer loop
      vertex 21.2645 -3.39824 2
      vertex 21.3781 -3.13185 3.2
      vertex 21.3781 -3.13185 2
    endloop
  endfacet
  facet normal -0.919853 0.392264 0
    outer loop
      vertex 21.3781 -3.13185 3.2
      vertex 21.2645 -3.39824 2
      vertex 21.2645 -3.39824 3.2
    endloop
  endfacet
  facet normal -0.833108 0.55311 0
    outer loop
      vertex 21.1055 -3.63773 2
      vertex 21.2645 -3.39824 3.2
      vertex 21.2645 -3.39824 2
    endloop
  endfacet
  facet normal -0.833108 0.55311 0
    outer loop
      vertex 21.2645 -3.39824 3.2
      vertex 21.1055 -3.63773 2
      vertex 21.1055 -3.63773 3.2
    endloop
  endfacet
  facet normal -0.720872 0.693068 0
    outer loop
      vertex 20.9011 -3.85033 2
      vertex 21.1055 -3.63773 3.2
      vertex 21.1055 -3.63773 2
    endloop
  endfacet
  facet normal -0.720872 0.693068 0
    outer loop
      vertex 21.1055 -3.63773 3.2
      vertex 20.9011 -3.85033 2
      vertex 20.9011 -3.85033 3.2
    endloop
  endfacet
  facet normal -0.596407 0.802682 0
    outer loop
      vertex 20.9011 -3.85033 2
      vertex 20.6512 -4.03601 3.2
      vertex 20.9011 -3.85033 3.2
    endloop
  endfacet
  facet normal -0.596407 0.802682 0
    outer loop
      vertex 20.6512 -4.03601 3.2
      vertex 20.9011 -3.85033 2
      vertex 20.6512 -4.03601 2
    endloop
  endfacet
  facet normal -0.475994 0.879449 0
    outer loop
      vertex 20.6512 -4.03601 2
      vertex 20.3595 -4.19389 3.2
      vertex 20.6512 -4.03601 3.2
    endloop
  endfacet
  facet normal -0.475994 0.879449 0
    outer loop
      vertex 20.3595 -4.19389 3.2
      vertex 20.6512 -4.03601 2
      vertex 20.3595 -4.19389 2
    endloop
  endfacet
  facet normal -0.364616 0.931158 0
    outer loop
      vertex 20.3595 -4.19389 2
      vertex 20.0296 -4.32307 3.2
      vertex 20.3595 -4.19389 3.2
    endloop
  endfacet
  facet normal -0.364616 0.931158 0
    outer loop
      vertex 20.0296 -4.32307 3.2
      vertex 20.3595 -4.19389 2
      vertex 20.0296 -4.32307 2
    endloop
  endfacet
  facet normal -0.263335 0.964705 0
    outer loop
      vertex 20.0296 -4.32307 2
      vertex 19.6615 -4.42355 3.2
      vertex 20.0296 -4.32307 3.2
    endloop
  endfacet
  facet normal -0.263335 0.964705 0
    outer loop
      vertex 19.6615 -4.42355 3.2
      vertex 20.0296 -4.32307 2
      vertex 19.6615 -4.42355 2
    endloop
  endfacet
  facet normal -0.173908 0.984762 0
    outer loop
      vertex 19.6615 -4.42355 2
      vertex 19.2551 -4.49532 3.2
      vertex 19.6615 -4.42355 3.2
    endloop
  endfacet
  facet normal -0.173908 0.984762 0
    outer loop
      vertex 19.2551 -4.49532 3.2
      vertex 19.6615 -4.42355 2
      vertex 19.2551 -4.49532 2
    endloop
  endfacet
  facet normal -0.0964215 0.995341 0
    outer loop
      vertex 19.2551 -4.49532 2
      vertex 18.8106 -4.53838 3.2
      vertex 19.2551 -4.49532 3.2
    endloop
  endfacet
  facet normal -0.0964215 0.995341 0
    outer loop
      vertex 18.8106 -4.53838 3.2
      vertex 19.2551 -4.49532 2
      vertex 18.8106 -4.53838 2
    endloop
  endfacet
  facet normal -0.0297155 0.999558 0
    outer loop
      vertex 18.8106 -4.53838 2
      vertex 18.3279 -4.55273 3.2
      vertex 18.8106 -4.53838 3.2
    endloop
  endfacet
  facet normal -0.0297155 0.999558 0
    outer loop
      vertex 18.3279 -4.55273 3.2
      vertex 18.8106 -4.53838 2
      vertex 18.3279 -4.55273 2
    endloop
  endfacet
  facet normal 0.0286907 0.999588 -0
    outer loop
      vertex 18.3279 -4.55273 2
      vertex 17.8593 -4.53928 3.2
      vertex 18.3279 -4.55273 3.2
    endloop
  endfacet
  facet normal 0.0286907 0.999588 0
    outer loop
      vertex 17.8593 -4.53928 3.2
      vertex 18.3279 -4.55273 2
      vertex 17.8593 -4.53928 2
    endloop
  endfacet
  facet normal 0.0924253 0.99572 -0
    outer loop
      vertex 17.8593 -4.53928 2
      vertex 17.4246 -4.49893 3.2
      vertex 17.8593 -4.53928 3.2
    endloop
  endfacet
  facet normal 0.0924253 0.99572 0
    outer loop
      vertex 17.4246 -4.49893 3.2
      vertex 17.8593 -4.53928 2
      vertex 17.4246 -4.49893 2
    endloop
  endfacet
  facet normal 0.165452 0.986218 -0
    outer loop
      vertex 17.4246 -4.49893 2
      vertex 17.0238 -4.43169 3.2
      vertex 17.4246 -4.49893 3.2
    endloop
  endfacet
  facet normal 0.165452 0.986218 0
    outer loop
      vertex 17.0238 -4.43169 3.2
      vertex 17.4246 -4.49893 2
      vertex 17.0238 -4.43169 2
    endloop
  endfacet
  facet normal 0.24862 0.968601 -0
    outer loop
      vertex 17.0238 -4.43169 2
      vertex 16.657 -4.33754 3.2
      vertex 17.0238 -4.43169 3.2
    endloop
  endfacet
  facet normal 0.24862 0.968601 0
    outer loop
      vertex 16.657 -4.33754 3.2
      vertex 17.0238 -4.43169 2
      vertex 16.657 -4.33754 2
    endloop
  endfacet
  facet normal 0.341666 0.939821 -0
    outer loop
      vertex 16.657 -4.33754 2
      vertex 16.324 -4.21648 3.2
      vertex 16.657 -4.33754 3.2
    endloop
  endfacet
  facet normal 0.341666 0.939821 0
    outer loop
      vertex 16.324 -4.21648 3.2
      vertex 16.657 -4.33754 2
      vertex 16.324 -4.21648 2
    endloop
  endfacet
  facet normal 0.443374 0.896337 -0
    outer loop
      vertex 16.324 -4.21648 2
      vertex 16.0249 -4.06853 3.2
      vertex 16.324 -4.21648 3.2
    endloop
  endfacet
  facet normal 0.443374 0.896337 0
    outer loop
      vertex 16.0249 -4.06853 3.2
      vertex 16.324 -4.21648 2
      vertex 16.0249 -4.06853 2
    endloop
  endfacet
  facet normal 0.553507 0.832845 -0
    outer loop
      vertex 16.0249 -4.06853 2
      vertex 15.7591 -3.89188 3.2
      vertex 16.0249 -4.06853 3.2
    endloop
  endfacet
  facet normal 0.553507 0.832845 0
    outer loop
      vertex 15.7591 -3.89188 3.2
      vertex 16.0249 -4.06853 2
      vertex 15.7591 -3.89188 2
    endloop
  endfacet
  facet normal 0.664151 0.747599 -0
    outer loop
      vertex 15.7591 -3.89188 2
      vertex 15.5259 -3.68471 3.2
      vertex 15.7591 -3.89188 3.2
    endloop
  endfacet
  facet normal 0.664151 0.747599 0
    outer loop
      vertex 15.5259 -3.68471 3.2
      vertex 15.7591 -3.89188 2
      vertex 15.5259 -3.68471 2
    endloop
  endfacet
  facet normal 0.764055 0.645151 0
    outer loop
      vertex 15.5259 -3.68471 3.2
      vertex 15.3252 -3.44702 2
      vertex 15.3252 -3.44702 3.2
    endloop
  endfacet
  facet normal 0.764055 0.645151 0
    outer loop
      vertex 15.3252 -3.44702 2
      vertex 15.5259 -3.68471 3.2
      vertex 15.5259 -3.68471 2
    endloop
  endfacet
  facet normal 0.847172 0.531319 0
    outer loop
      vertex 15.3252 -3.44702 3.2
      vertex 15.157 -3.17883 2
      vertex 15.157 -3.17883 3.2
    endloop
  endfacet
  facet normal 0.847172 0.531319 0
    outer loop
      vertex 15.157 -3.17883 2
      vertex 15.3252 -3.44702 3.2
      vertex 15.3252 -3.44702 2
    endloop
  endfacet
  facet normal 0.910575 0.413344 0
    outer loop
      vertex 15.157 -3.17883 3.2
      vertex 15.0214 -2.88011 2
      vertex 15.0214 -2.88011 3.2
    endloop
  endfacet
  facet normal 0.910575 0.413344 0
    outer loop
      vertex 15.0214 -2.88011 2
      vertex 15.157 -3.17883 3.2
      vertex 15.157 -3.17883 2
    endloop
  endfacet
  facet normal 0.954299 0.298853 0
    outer loop
      vertex 15.0214 -2.88011 3.2
      vertex 14.9183 -2.55089 2
      vertex 14.9183 -2.55089 3.2
    endloop
  endfacet
  facet normal 0.954299 0.298853 0
    outer loop
      vertex 14.9183 -2.55089 2
      vertex 15.0214 -2.88011 3.2
      vertex 15.0214 -2.88011 2
    endloop
  endfacet
  facet normal -0.196116 0.980581 0
    outer loop
      vertex 14.9183 -2.55089 2
      vertex 13.4129 -2.85197 3.2
      vertex 14.9183 -2.55089 3.2
    endloop
  endfacet
  facet normal -0.196116 0.980581 0
    outer loop
      vertex 13.4129 -2.85197 3.2
      vertex 14.9183 -2.55089 2
      vertex 13.4129 -2.85197 2
    endloop
  endfacet
  facet normal -0.94094 -0.338572 0
    outer loop
      vertex 13.7332 -3.74213 2
      vertex 13.4129 -2.85197 3.2
      vertex 13.4129 -2.85197 2
    endloop
  endfacet
  facet normal -0.94094 -0.338572 0
    outer loop
      vertex 13.4129 -2.85197 3.2
      vertex 13.7332 -3.74213 2
      vertex 13.7332 -3.74213 3.2
    endloop
  endfacet
  facet normal -0.815964 -0.578102 0
    outer loop
      vertex 14.2492 -4.47044 2
      vertex 13.7332 -3.74213 3.2
      vertex 13.7332 -3.74213 2
    endloop
  endfacet
  facet normal -0.815964 -0.578102 0
    outer loop
      vertex 13.7332 -3.74213 3.2
      vertex 14.2492 -4.47044 2
      vertex 14.2492 -4.47044 3.2
    endloop
  endfacet
  facet normal -0.622696 -0.782464 0
    outer loop
      vertex 14.2492 -4.47044 2
      vertex 14.961 -5.0369 3.2
      vertex 14.2492 -4.47044 3.2
    endloop
  endfacet
  facet normal -0.622696 -0.782464 -0
    outer loop
      vertex 14.961 -5.0369 3.2
      vertex 14.2492 -4.47044 2
      vertex 14.961 -5.0369 2
    endloop
  endfacet
  facet normal -0.407174 -0.913351 0
    outer loop
      vertex 14.961 -5.0369 2
      vertex 15.8686 -5.44151 3.2
      vertex 14.961 -5.0369 3.2
    endloop
  endfacet
  facet normal -0.407174 -0.913351 -0
    outer loop
      vertex 15.8686 -5.44151 3.2
      vertex 14.961 -5.0369 2
      vertex 15.8686 -5.44151 2
    endloop
  endfacet
  facet normal -0.214916 -0.976633 0
    outer loop
      vertex 15.8686 -5.44151 2
      vertex 16.9719 -5.6843 3.2
      vertex 15.8686 -5.44151 3.2
    endloop
  endfacet
  facet normal -0.214916 -0.976633 -0
    outer loop
      vertex 16.9719 -5.6843 3.2
      vertex 15.8686 -5.44151 2
      vertex 16.9719 -5.6843 2
    endloop
  endfacet
  facet normal -0.0621611 -0.998066 0
    outer loop
      vertex 16.9719 -5.6843 2
      vertex 18.271 -5.76521 3.2
      vertex 16.9719 -5.6843 3.2
    endloop
  endfacet
  facet normal -0.0621611 -0.998066 -0
    outer loop
      vertex 18.271 -5.76521 3.2
      vertex 16.9719 -5.6843 2
      vertex 18.271 -5.76521 2
    endloop
  endfacet
  facet normal 0.0334161 -0.999442 0
    outer loop
      vertex 18.271 -5.76521 2
      vertex 18.9942 -5.74103 3.2
      vertex 18.271 -5.76521 3.2
    endloop
  endfacet
  facet normal 0.0334161 -0.999442 0
    outer loop
      vertex 18.9942 -5.74103 3.2
      vertex 18.271 -5.76521 2
      vertex 18.9942 -5.74103 2
    endloop
  endfacet
  facet normal 0.219279 -0.975662 0
    outer loop
      vertex 28.4803 -5.72113 2
      vertex 29.0686 -5.58891 3.2
      vertex 28.4803 -5.72113 3.2
    endloop
  endfacet
  facet normal 0.219279 -0.975662 0
    outer loop
      vertex 29.0686 -5.58891 3.2
      vertex 28.4803 -5.72113 2
      vertex 29.0686 -5.58891 2
    endloop
  endfacet
  facet normal 0.379436 -0.925218 0
    outer loop
      vertex 29.0686 -5.58891 2
      vertex 29.606 -5.36852 3.2
      vertex 29.0686 -5.58891 3.2
    endloop
  endfacet
  facet normal 0.379436 -0.925218 0
    outer loop
      vertex 29.606 -5.36852 3.2
      vertex 29.0686 -5.58891 2
      vertex 29.606 -5.36852 2
    endloop
  endfacet
  facet normal 0.535498 -0.844537 0
    outer loop
      vertex 29.606 -5.36852 2
      vertex 30.0926 -5.05998 3.2
      vertex 29.606 -5.36852 3.2
    endloop
  endfacet
  facet normal 0.535498 -0.844537 0
    outer loop
      vertex 30.0926 -5.05998 3.2
      vertex 29.606 -5.36852 2
      vertex 30.0926 -5.05998 2
    endloop
  endfacet
  facet normal 0.67322 -0.739442 0
    outer loop
      vertex 30.0926 -5.05998 2
      vertex 30.5283 -4.6633 3.2
      vertex 30.0926 -5.05998 3.2
    endloop
  endfacet
  facet normal 0.67322 -0.739442 0
    outer loop
      vertex 30.5283 -4.6633 3.2
      vertex 30.0926 -5.05998 2
      vertex 30.5283 -4.6633 2
    endloop
  endfacet
  facet normal 0.78329 -0.621656 0
    outer loop
      vertex 30.5283 -4.6633 3.2
      vertex 30.9131 -4.17845 2
      vertex 30.9131 -4.17845 3.2
    endloop
  endfacet
  facet normal 0.78329 -0.621656 0
    outer loop
      vertex 30.9131 -4.17845 2
      vertex 30.5283 -4.6633 3.2
      vertex 30.5283 -4.6633 2
    endloop
  endfacet
  facet normal 0.864577 -0.502501 0
    outer loop
      vertex 30.9131 -4.17845 3.2
      vertex 31.2426 -3.61153 2
      vertex 31.2426 -3.61153 3.2
    endloop
  endfacet
  facet normal 0.864577 -0.502501 0
    outer loop
      vertex 31.2426 -3.61153 2
      vertex 30.9131 -4.17845 3.2
      vertex 30.9131 -4.17845 2
    endloop
  endfacet
  facet normal 0.922245 -0.386606 0
    outer loop
      vertex 31.2426 -3.61153 3.2
      vertex 31.5121 -2.96864 2
      vertex 31.5121 -2.96864 3.2
    endloop
  endfacet
  facet normal 0.922245 -0.386606 0
    outer loop
      vertex 31.5121 -2.96864 2
      vertex 31.2426 -3.61153 3.2
      vertex 31.2426 -3.61153 2
    endloop
  endfacet
  facet normal 0.959984 -0.280054 0
    outer loop
      vertex 31.5121 -2.96864 3.2
      vertex 31.7218 -2.24982 2
      vertex 31.7218 -2.24982 3.2
    endloop
  endfacet
  facet normal 0.959984 -0.280054 0
    outer loop
      vertex 31.7218 -2.24982 2
      vertex 31.5121 -2.96864 3.2
      vertex 31.5121 -2.96864 2
    endloop
  endfacet
  facet normal 0.982698 -0.185216 0
    outer loop
      vertex 31.7218 -2.24982 3.2
      vertex 31.8716 -1.45503 2
      vertex 31.8716 -1.45503 3.2
    endloop
  endfacet
  facet normal 0.982698 -0.185216 0
    outer loop
      vertex 31.8716 -1.45503 2
      vertex 31.7218 -2.24982 3.2
      vertex 31.7218 -2.24982 2
    endloop
  endfacet
  facet normal 0.994712 -0.102703 0
    outer loop
      vertex 31.8716 -1.45503 3.2
      vertex 31.9615 -0.58432 2
      vertex 31.9615 -0.58432 3.2
    endloop
  endfacet
  facet normal 0.994712 -0.102703 0
    outer loop
      vertex 31.9615 -0.58432 2
      vertex 31.8716 -1.45503 3.2
      vertex 31.8716 -1.45503 2
    endloop
  endfacet
  facet normal 0.999502 -0.0315692 0
    outer loop
      vertex 31.9615 -0.58432 3.2
      vertex 31.9914 0.362335 2
      vertex 31.9914 0.362335 3.2
    endloop
  endfacet
  facet normal 0.999502 -0.0315692 0
    outer loop
      vertex 31.9914 0.362335 2
      vertex 31.9615 -0.58432 3.2
      vertex 31.9615 -0.58432 2
    endloop
  endfacet
  facet normal 0.999547 0.0300831 0
    outer loop
      vertex 31.9914 0.362335 3.2
      vertex 31.9641 1.26941 2
      vertex 31.9641 1.26941 3.2
    endloop
  endfacet
  facet normal 0.999547 0.0300831 0
    outer loop
      vertex 31.9641 1.26941 2
      vertex 31.9914 0.362335 3.2
      vertex 31.9914 0.362335 2
    endloop
  endfacet
  facet normal 0.99512 0.0986743 0
    outer loop
      vertex 31.9641 1.26941 3.2
      vertex 31.882 2.09738 2
      vertex 31.882 2.09738 3.2
    endloop
  endfacet
  facet normal 0.99512 0.0986743 0
    outer loop
      vertex 31.882 2.09738 2
      vertex 31.9641 1.26941 3.2
      vertex 31.9641 1.26941 2
    endloop
  endfacet
  facet normal 0.983721 0.179704 0
    outer loop
      vertex 31.882 2.09738 3.2
      vertex 31.7452 2.84624 2
      vertex 31.7452 2.84624 3.2
    endloop
  endfacet
  facet normal 0.983721 0.179704 0
    outer loop
      vertex 31.7452 2.84624 2
      vertex 31.882 2.09738 3.2
      vertex 31.882 2.09738 2
    endloop
  endfacet
  facet normal 0.96147 0.274911 0
    outer loop
      vertex 31.7452 2.84624 3.2
      vertex 31.5537 3.51599 2
      vertex 31.5537 3.51599 3.2
    endloop
  endfacet
  facet normal 0.96147 0.274911 0
    outer loop
      vertex 31.5537 3.51599 2
      vertex 31.7452 2.84624 3.2
      vertex 31.7452 2.84624 2
    endloop
  endfacet
  facet normal 0.923072 0.384626 0
    outer loop
      vertex 31.5537 3.51599 3.2
      vertex 31.3076 4.10661 2
      vertex 31.3076 4.10661 3.2
    endloop
  endfacet
  facet normal 0.923072 0.384626 0
    outer loop
      vertex 31.3076 4.10661 2
      vertex 31.5537 3.51599 3.2
      vertex 31.5537 3.51599 2
    endloop
  endfacet
  facet normal 0.86193 0.507027 0
    outer loop
      vertex 31.3076 4.10661 3.2
      vertex 31.0067 4.61813 2
      vertex 31.0067 4.61813 3.2
    endloop
  endfacet
  facet normal 0.86193 0.507027 0
    outer loop
      vertex 31.0067 4.61813 2
      vertex 31.3076 4.10661 3.2
      vertex 31.3076 4.10661 2
    endloop
  endfacet
  facet normal 0.77396 0.633235 0
    outer loop
      vertex 31.0067 4.61813 3.2
      vertex 30.6527 5.0508 2
      vertex 30.6527 5.0508 3.2
    endloop
  endfacet
  facet normal 0.77396 0.633235 0
    outer loop
      vertex 30.6527 5.0508 2
      vertex 31.0067 4.61813 3.2
      vertex 31.0067 4.61813 2
    endloop
  endfacet
  facet normal 0.657649 0.753324 -0
    outer loop
      vertex 30.6527 5.0508 2
      vertex 30.2472 5.4048 3.2
      vertex 30.6527 5.0508 3.2
    endloop
  endfacet
  facet normal 0.657649 0.753324 0
    outer loop
      vertex 30.2472 5.4048 3.2
      vertex 30.6527 5.0508 2
      vertex 30.2472 5.4048 2
    endloop
  endfacet
  facet normal 0.515969 0.856607 -0
    outer loop
      vertex 30.2472 5.4048 2
      vertex 29.7901 5.68013 3.2
      vertex 30.2472 5.4048 3.2
    endloop
  endfacet
  facet normal 0.515969 0.856607 0
    outer loop
      vertex 29.7901 5.68013 3.2
      vertex 30.2472 5.4048 2
      vertex 29.7901 5.68013 2
    endloop
  endfacet
  facet normal 0.360725 0.932672 -0
    outer loop
      vertex 29.7901 5.68013 2
      vertex 29.2816 5.8768 3.2
      vertex 29.7901 5.68013 3.2
    endloop
  endfacet
  facet normal 0.360725 0.932672 0
    outer loop
      vertex 29.2816 5.8768 3.2
      vertex 29.7901 5.68013 2
      vertex 29.2816 5.8768 2
    endloop
  endfacet
  facet normal 0.206116 0.978528 -0
    outer loop
      vertex 29.2816 5.8768 2
      vertex 28.7214 5.9948 3.2
      vertex 29.2816 5.8768 3.2
    endloop
  endfacet
  facet normal 0.206116 0.978528 0
    outer loop
      vertex 28.7214 5.9948 3.2
      vertex 29.2816 5.8768 2
      vertex 28.7214 5.9948 2
    endloop
  endfacet
  facet normal 0.0641742 0.997939 -0
    outer loop
      vertex 28.7214 5.9948 2
      vertex 28.1098 6.03413 3.2
      vertex 28.7214 5.9948 3.2
    endloop
  endfacet
  facet normal 0.0641742 0.997939 0
    outer loop
      vertex 28.1098 6.03413 3.2
      vertex 28.7214 5.9948 2
      vertex 28.1098 6.03413 2
    endloop
  endfacet
  facet normal -0.0494374 0.998777 0
    outer loop
      vertex 28.1098 6.03413 2
      vertex 27.5322 6.00554 3.2
      vertex 28.1098 6.03413 3.2
    endloop
  endfacet
  facet normal -0.0494374 0.998777 0
    outer loop
      vertex 27.5322 6.00554 3.2
      vertex 28.1098 6.03413 2
      vertex 27.5322 6.00554 2
    endloop
  endfacet
  facet normal -0.158755 0.987318 0
    outer loop
      vertex 27.5322 6.00554 2
      vertex 26.9986 5.91974 3.2
      vertex 27.5322 6.00554 3.2
    endloop
  endfacet
  facet normal -0.158755 0.987318 0
    outer loop
      vertex 26.9986 5.91974 3.2
      vertex 27.5322 6.00554 2
      vertex 26.9986 5.91974 2
    endloop
  endfacet
  facet normal -0.28022 0.959936 0
    outer loop
      vertex 26.9986 5.91974 2
      vertex 26.5088 5.77676 3.2
      vertex 26.9986 5.91974 3.2
    endloop
  endfacet
  facet normal -0.28022 0.959936 0
    outer loop
      vertex 26.5088 5.77676 3.2
      vertex 26.9986 5.91974 2
      vertex 26.5088 5.77676 2
    endloop
  endfacet
  facet normal -0.40948 0.912319 0
    outer loop
      vertex 26.5088 5.77676 2
      vertex 26.0628 5.57658 3.2
      vertex 26.5088 5.77676 3.2
    endloop
  endfacet
  facet normal -0.40948 0.912319 0
    outer loop
      vertex 26.0628 5.57658 3.2
      vertex 26.5088 5.77676 2
      vertex 26.0628 5.57658 2
    endloop
  endfacet
  facet normal -0.538997 0.842308 0
    outer loop
      vertex 26.0628 5.57658 2
      vertex 25.6606 5.31921 3.2
      vertex 26.0628 5.57658 3.2
    endloop
  endfacet
  facet normal -0.538997 0.842308 0
    outer loop
      vertex 25.6606 5.31921 3.2
      vertex 26.0628 5.57658 2
      vertex 25.6606 5.31921 2
    endloop
  endfacet
  facet normal -0.659852 0.751396 0
    outer loop
      vertex 25.6606 5.31921 2
      vertex 25.3024 5.00465 3.2
      vertex 25.6606 5.31921 3.2
    endloop
  endfacet
  facet normal -0.659852 0.751396 0
    outer loop
      vertex 25.3024 5.00465 3.2
      vertex 25.6606 5.31921 2
      vertex 25.3024 5.00465 2
    endloop
  endfacet
  facet normal -0.763393 0.645935 0
    outer loop
      vertex 24.994 4.64017 2
      vertex 25.3024 5.00465 3.2
      vertex 25.3024 5.00465 2
    endloop
  endfacet
  facet normal -0.763393 0.645935 0
    outer loop
      vertex 25.3024 5.00465 3.2
      vertex 24.994 4.64017 2
      vertex 24.994 4.64017 3.2
    endloop
  endfacet
  facet normal -0.850149 0.526541 0
    outer loop
      vertex 24.7418 4.23297 2
      vertex 24.994 4.64017 3.2
      vertex 24.994 4.64017 2
    endloop
  endfacet
  facet normal -0.850149 0.526541 0
    outer loop
      vertex 24.994 4.64017 3.2
      vertex 24.7418 4.23297 2
      vertex 24.7418 4.23297 3.2
    endloop
  endfacet
  facet normal -0.916561 0.399895 0
    outer loop
      vertex 24.5455 3.78305 2
      vertex 24.7418 4.23297 3.2
      vertex 24.7418 4.23297 2
    endloop
  endfacet
  facet normal -0.916561 0.399895 0
    outer loop
      vertex 24.7418 4.23297 3.2
      vertex 24.5455 3.78305 2
      vertex 24.5455 3.78305 3.2
    endloop
  endfacet
  facet normal -0.961861 0.27354 0
    outer loop
      vertex 24.4054 3.29041 2
      vertex 24.5455 3.78305 3.2
      vertex 24.5455 3.78305 2
    endloop
  endfacet
  facet normal -0.961861 0.27354 0
    outer loop
      vertex 24.5455 3.78305 3.2
      vertex 24.4054 3.29041 2
      vertex 24.4054 3.29041 3.2
    endloop
  endfacet
  facet normal -0.987885 0.155187 0
    outer loop
      vertex 24.3213 2.75505 2
      vertex 24.4054 3.29041 3.2
      vertex 24.4054 3.29041 2
    endloop
  endfacet
  facet normal -0.987885 0.155187 0
    outer loop
      vertex 24.4054 3.29041 3.2
      vertex 24.3213 2.75505 2
      vertex 24.3213 2.75505 3.2
    endloop
  endfacet
  facet normal -0.998829 0.0483795 0
    outer loop
      vertex 24.2933 2.17697 2
      vertex 24.3213 2.75505 3.2
      vertex 24.3213 2.75505 2
    endloop
  endfacet
  facet normal -0.998829 0.0483795 0
    outer loop
      vertex 24.3213 2.75505 3.2
      vertex 24.2933 2.17697 2
      vertex 24.2933 2.17697 3.2
    endloop
  endfacet
  facet normal -0.998963 -0.0455218 0
    outer loop
      vertex 24.319 1.61299 2
      vertex 24.2933 2.17697 3.2
      vertex 24.2933 2.17697 2
    endloop
  endfacet
  facet normal -0.998963 -0.0455218 0
    outer loop
      vertex 24.2933 2.17697 3.2
      vertex 24.319 1.61299 2
      vertex 24.319 1.61299 3.2
    endloop
  endfacet
  facet normal -0.989356 -0.145516 0
    outer loop
      vertex 24.3963 1.08743 2
      vertex 24.319 1.61299 3.2
      vertex 24.319 1.61299 2
    endloop
  endfacet
  facet normal -0.989356 -0.145516 0
    outer loop
      vertex 24.319 1.61299 3.2
      vertex 24.3963 1.08743 2
      vertex 24.3963 1.08743 3.2
    endloop
  endfacet
  facet normal -0.966728 -0.255805 0
    outer loop
      vertex 24.5252 0.600296 2
      vertex 24.3963 1.08743 3.2
      vertex 24.3963 1.08743 2
    endloop
  endfacet
  facet normal -0.966728 -0.255805 0
    outer loop
      vertex 24.3963 1.08743 3.2
      vertex 24.5252 0.600296 2
      vertex 24.5252 0.600296 3.2
    endloop
  endfacet
  facet normal -0.927824 -0.373019 0
    outer loop
      vertex 24.7056 0.151581 2
      vertex 24.5252 0.600296 3.2
      vertex 24.5252 0.600296 2
    endloop
  endfacet
  facet normal -0.927824 -0.373019 0
    outer loop
      vertex 24.5252 0.600296 3.2
      vertex 24.7056 0.151581 2
      vertex 24.7056 0.151581 3.2
    endloop
  endfacet
  facet normal -0.870552 -0.492077 0
    outer loop
      vertex 24.9375 -0.258682 2
      vertex 24.7056 0.151581 3.2
      vertex 24.7056 0.151581 2
    endloop
  endfacet
  facet normal -0.870552 -0.492077 0
    outer loop
      vertex 24.7056 0.151581 3.2
      vertex 24.9375 -0.258682 2
      vertex 24.9375 -0.258682 3.2
    endloop
  endfacet
  facet normal -0.795349 -0.606152 0
    outer loop
      vertex 25.2209 -0.630539 2
      vertex 24.9375 -0.258682 3.2
      vertex 24.9375 -0.258682 2
    endloop
  endfacet
  facet normal -0.795349 -0.606152 0
    outer loop
      vertex 24.9375 -0.258682 3.2
      vertex 25.2209 -0.630539 2
      vertex 25.2209 -0.630539 3.2
    endloop
  endfacet
  facet normal -0.703628 -0.710568 0
    outer loop
      vertex 25.2209 -0.630539 2
      vertex 25.5473 -0.953751 3.2
      vertex 25.2209 -0.630539 3.2
    endloop
  endfacet
  facet normal -0.703628 -0.710568 -0
    outer loop
      vertex 25.5473 -0.953751 3.2
      vertex 25.2209 -0.630539 2
      vertex 25.5473 -0.953751 2
    endloop
  endfacet
  facet normal -0.591164 -0.806552 0
    outer loop
      vertex 25.5473 -0.953751 2
      vertex 25.9081 -1.2182 3.2
      vertex 25.5473 -0.953751 3.2
    endloop
  endfacet
  facet normal -0.591164 -0.806552 -0
    outer loop
      vertex 25.9081 -1.2182 3.2
      vertex 25.5473 -0.953751 2
      vertex 25.9081 -1.2182 2
    endloop
  endfacet
  facet normal -0.461773 -0.886998 0
    outer loop
      vertex 25.9081 -1.2182 2
      vertex 26.3032 -1.42389 3.2
      vertex 25.9081 -1.2182 3.2
    endloop
  endfacet
  facet normal -0.461773 -0.886998 -0
    outer loop
      vertex 26.3032 -1.42389 3.2
      vertex 25.9081 -1.2182 2
      vertex 26.3032 -1.42389 2
    endloop
  endfacet
  facet normal -0.32364 -0.94618 0
    outer loop
      vertex 26.3032 -1.42389 2
      vertex 26.7327 -1.5708 3.2
      vertex 26.3032 -1.42389 3.2
    endloop
  endfacet
  facet normal -0.32364 -0.94618 -0
    outer loop
      vertex 26.7327 -1.5708 3.2
      vertex 26.3032 -1.42389 2
      vertex 26.7327 -1.5708 2
    endloop
  endfacet
  facet normal -0.186679 -0.982421 0
    outer loop
      vertex 26.7327 -1.5708 2
      vertex 27.1966 -1.65895 3.2
      vertex 26.7327 -1.5708 3.2
    endloop
  endfacet
  facet normal -0.186679 -0.982421 -0
    outer loop
      vertex 27.1966 -1.65895 3.2
      vertex 26.7327 -1.5708 2
      vertex 27.1966 -1.65895 2
    endloop
  endfacet
  facet normal -0.05889 -0.998264 0
    outer loop
      vertex 27.1966 -1.65895 2
      vertex 27.6948 -1.68834 3.2
      vertex 27.1966 -1.65895 3.2
    endloop
  endfacet
  facet normal -0.05889 -0.998264 -0
    outer loop
      vertex 27.6948 -1.68834 3.2
      vertex 27.1966 -1.65895 2
      vertex 27.6948 -1.68834 2
    endloop
  endfacet
  facet normal 0.0397044 -0.999211 0
    outer loop
      vertex 27.6948 -1.68834 2
      vertex 28.0051 -1.67601 3.2
      vertex 27.6948 -1.68834 3.2
    endloop
  endfacet
  facet normal 0.0397044 -0.999211 0
    outer loop
      vertex 28.0051 -1.67601 3.2
      vertex 27.6948 -1.68834 2
      vertex 28.0051 -1.67601 2
    endloop
  endfacet
  facet normal 0.121492 -0.992592 0
    outer loop
      vertex 28.0051 -1.67601 2
      vertex 28.3069 -1.63907 3.2
      vertex 28.0051 -1.67601 3.2
    endloop
  endfacet
  facet normal 0.121492 -0.992592 0
    outer loop
      vertex 28.3069 -1.63907 3.2
      vertex 28.0051 -1.67601 2
      vertex 28.3069 -1.63907 2
    endloop
  endfacet
  facet normal 0.205575 -0.978641 0
    outer loop
      vertex 28.3069 -1.63907 2
      vertex 28.6001 -1.57748 3.2
      vertex 28.3069 -1.63907 3.2
    endloop
  endfacet
  facet normal 0.205575 -0.978641 0
    outer loop
      vertex 28.6001 -1.57748 3.2
      vertex 28.3069 -1.63907 2
      vertex 28.6001 -1.57748 2
    endloop
  endfacet
  facet normal 0.290086 -0.957001 0
    outer loop
      vertex 28.661 -1.55902 2
      vertex 28.6001 -1.57748 3.2
      vertex 28.6001 -1.57748 2
    endloop
  endfacet
  facet normal 0.289908 -0.957055 -9.88385e-06
    outer loop
      vertex 28.6001 -1.57748 3.2
      vertex 28.661 -1.55902 2
      vertex 28.8847 -1.49127 3.2
    endloop
  endfacet
  facet normal 0.289859 -0.957069 0
    outer loop
      vertex 28.8847 -1.49127 3.2
      vertex 28.661 -1.55902 2
      vertex 28.8847 -1.49127 2
    endloop
  endfacet
  facet normal 0.372695 -0.927954 0
    outer loop
      vertex 28.8847 -1.49127 2
      vertex 29.1607 -1.38042 3.2
      vertex 28.8847 -1.49127 3.2
    endloop
  endfacet
  facet normal 0.372695 -0.927954 0
    outer loop
      vertex 29.1607 -1.38042 3.2
      vertex 28.8847 -1.49127 2
      vertex 29.1607 -1.38042 2
    endloop
  endfacet
  facet normal 0.451984 -0.892026 0
    outer loop
      vertex 29.1607 -1.38042 2
      vertex 29.4281 -1.24493 3.2
      vertex 29.1607 -1.38042 3.2
    endloop
  endfacet
  facet normal 0.451984 -0.892026 0
    outer loop
      vertex 29.4281 -1.24493 3.2
      vertex 29.1607 -1.38042 2
      vertex 29.4281 -1.24493 2
    endloop
  endfacet
  facet normal 0.528742 -0.848783 0
    outer loop
      vertex 29.4281 -1.24493 2
      vertex 29.6783 -1.08907 3.2
      vertex 29.4281 -1.24493 3.2
    endloop
  endfacet
  facet normal 0.528742 -0.848783 0
    outer loop
      vertex 29.6783 -1.08907 3.2
      vertex 29.4281 -1.24493 2
      vertex 29.6783 -1.08907 2
    endloop
  endfacet
  facet normal 0.608005 -0.793934 0
    outer loop
      vertex 29.6783 -1.08907 2
      vertex 29.9028 -0.917145 3.2
      vertex 29.6783 -1.08907 3.2
    endloop
  endfacet
  facet normal 0.608005 -0.793934 0
    outer loop
      vertex 29.9028 -0.917145 3.2
      vertex 29.6783 -1.08907 2
      vertex 29.9028 -0.917145 2
    endloop
  endfacet
  facet normal 0.687226 -0.726444 0
    outer loop
      vertex 29.9028 -0.917145 2
      vertex 30.1015 -0.729172 3.2
      vertex 29.9028 -0.917145 3.2
    endloop
  endfacet
  facet normal 0.687226 -0.726444 0
    outer loop
      vertex 30.1015 -0.729172 3.2
      vertex 29.9028 -0.917145 2
      vertex 30.1015 -0.729172 2
    endloop
  endfacet
  facet normal 0.762902 -0.646514 0
    outer loop
      vertex 30.1015 -0.729172 3.2
      vertex 30.2744 -0.525146 2
      vertex 30.2744 -0.525146 3.2
    endloop
  endfacet
  facet normal 0.762902 -0.646514 0
    outer loop
      vertex 30.2744 -0.525146 2
      vertex 30.1015 -0.729172 3.2
      vertex 30.1015 -0.729172 2
    endloop
  endfacet
  facet normal 0.831384 -0.555699 0
    outer loop
      vertex 30.2744 -0.525146 3.2
      vertex 30.4215 -0.305069 2
      vertex 30.4215 -0.305069 3.2
    endloop
  endfacet
  facet normal 0.831384 -0.555699 0
    outer loop
      vertex 30.4215 -0.305069 2
      vertex 30.2744 -0.525146 3.2
      vertex 30.2744 -0.525146 2
    endloop
  endfacet
  facet normal 0.889346 -0.457234 0
    outer loop
      vertex 30.4215 -0.305069 3.2
      vertex 30.5429 -0.0689392 2
      vertex 30.5429 -0.0689392 3.2
    endloop
  endfacet
  facet normal 0.889346 -0.457234 0
    outer loop
      vertex 30.5429 -0.0689392 2
      vertex 30.4215 -0.305069 3.2
      vertex 30.4215 -0.305069 2
    endloop
  endfacet
  facet normal -0.999125 0.0418308 0
    outer loop
      vertex 30.5258 -0.477371 2
      vertex 30.5429 -0.0689392 3.2
      vertex 30.5429 -0.0689392 2
    endloop
  endfacet
  facet normal -0.999119 0.0419776 0
    outer loop
      vertex 30.5137 -0.765366 3.2
      vertex 30.5258 -0.477371 2
      vertex 30.5137 -0.765366 2
    endloop
  endfacet
  facet normal -0.999122 0.0418915 -2.0695e-05
    outer loop
      vertex 30.5258 -0.477371 2
      vertex 30.5137 -0.765366 3.2
      vertex 30.5429 -0.0689392 3.2
    endloop
  endfacet
  facet normal -0.994786 0.101988 0
    outer loop
      vertex 30.448 -1.4062 2
      vertex 30.5137 -0.765366 3.2
      vertex 30.5137 -0.765366 2
    endloop
  endfacet
  facet normal -0.994786 0.101988 0
    outer loop
      vertex 30.5137 -0.765366 3.2
      vertex 30.448 -1.4062 2
      vertex 30.448 -1.4062 3.2
    endloop
  endfacet
  facet normal -0.985034 0.172358 0
    outer loop
      vertex 30.3456 -1.99142 2
      vertex 30.448 -1.4062 3.2
      vertex 30.448 -1.4062 2
    endloop
  endfacet
  facet normal -0.985034 0.172358 0
    outer loop
      vertex 30.448 -1.4062 3.2
      vertex 30.3456 -1.99142 2
      vertex 30.3456 -1.99142 3.2
    endloop
  endfacet
  facet normal -0.967242 0.253855 0
    outer loop
      vertex 30.2066 -2.52104 2
      vertex 30.3456 -1.99142 3.2
      vertex 30.3456 -1.99142 2
    endloop
  endfacet
  facet normal -0.967242 0.253855 0
    outer loop
      vertex 30.3456 -1.99142 3.2
      vertex 30.2066 -2.52104 2
      vertex 30.2066 -2.52104 3.2
    endloop
  endfacet
  facet normal -0.93766 0.347553 0
    outer loop
      vertex 30.0309 -2.99506 2
      vertex 30.2066 -2.52104 3.2
      vertex 30.2066 -2.52104 2
    endloop
  endfacet
  facet normal -0.93766 0.347553 0
    outer loop
      vertex 30.2066 -2.52104 3.2
      vertex 30.0309 -2.99506 2
      vertex 30.0309 -2.99506 3.2
    endloop
  endfacet
  facet normal -0.89185 0.452331 0
    outer loop
      vertex 29.8187 -3.41345 2
      vertex 30.0309 -2.99506 3.2
      vertex 30.0309 -2.99506 2
    endloop
  endfacet
  facet normal -0.89185 0.452331 0
    outer loop
      vertex 30.0309 -2.99506 3.2
      vertex 29.8187 -3.41345 2
      vertex 29.8187 -3.41345 3.2
    endloop
  endfacet
  facet normal -0.823783 0.566905 0
    outer loop
      vertex 29.5723 -3.7715 2
      vertex 29.8187 -3.41345 3.2
      vertex 29.8187 -3.41345 2
    endloop
  endfacet
  facet normal -0.823783 0.566905 0
    outer loop
      vertex 29.8187 -3.41345 3.2
      vertex 29.5723 -3.7715 2
      vertex 29.5723 -3.7715 3.2
    endloop
  endfacet
  facet normal -0.725373 0.688356 0
    outer loop
      vertex 29.2943 -4.06445 2
      vertex 29.5723 -3.7715 3.2
      vertex 29.5723 -3.7715 2
    endloop
  endfacet
  facet normal -0.725373 0.688356 0
    outer loop
      vertex 29.5723 -3.7715 3.2
      vertex 29.2943 -4.06445 2
      vertex 29.2943 -4.06445 3.2
    endloop
  endfacet
  facet normal -0.592609 0.80549 0
    outer loop
      vertex 29.2943 -4.06445 2
      vertex 28.9846 -4.2923 3.2
      vertex 29.2943 -4.06445 3.2
    endloop
  endfacet
  facet normal -0.592609 0.80549 0
    outer loop
      vertex 28.9846 -4.2923 3.2
      vertex 29.2943 -4.06445 2
      vertex 28.9846 -4.2923 2
    endloop
  endfacet
  facet normal -0.430421 0.902628 0
    outer loop
      vertex 28.9846 -4.2923 2
      vertex 28.6433 -4.45505 3.2
      vertex 28.9846 -4.2923 3.2
    endloop
  endfacet
  facet normal -0.430421 0.902628 0
    outer loop
      vertex 28.6433 -4.45505 3.2
      vertex 28.9846 -4.2923 2
      vertex 28.6433 -4.45505 2
    endloop
  endfacet
  facet normal -0.253261 0.967398 0
    outer loop
      vertex 28.6433 -4.45505 2
      vertex 28.2703 -4.5527 3.2
      vertex 28.6433 -4.45505 3.2
    endloop
  endfacet
  facet normal -0.253261 0.967398 0
    outer loop
      vertex 28.2703 -4.5527 3.2
      vertex 28.6433 -4.45505 2
      vertex 28.2703 -4.5527 2
    endloop
  endfacet
  facet normal -0.0801907 0.99678 0
    outer loop
      vertex 28.2703 -4.5527 2
      vertex 27.8657 -4.58525 3.2
      vertex 28.2703 -4.5527 3.2
    endloop
  endfacet
  facet normal -0.0801907 0.99678 0
    outer loop
      vertex 27.8657 -4.58525 3.2
      vertex 28.2703 -4.5527 2
      vertex 27.8657 -4.58525 2
    endloop
  endfacet
  facet normal 0.0843902 0.996433 -0
    outer loop
      vertex 27.8657 -4.58525 2
      vertex 27.396 -4.54547 3.2
      vertex 27.8657 -4.58525 3.2
    endloop
  endfacet
  facet normal 0.0843902 0.996433 0
    outer loop
      vertex 27.396 -4.54547 3.2
      vertex 27.8657 -4.58525 2
      vertex 27.396 -4.54547 2
    endloop
  endfacet
  facet normal 0.278869 0.960329 -0
    outer loop
      vertex 27.396 -4.54547 2
      vertex 26.985 -4.42612 3.2
      vertex 27.396 -4.54547 3.2
    endloop
  endfacet
  facet normal 0.278869 0.960329 0
    outer loop
      vertex 26.985 -4.42612 3.2
      vertex 27.396 -4.54547 2
      vertex 26.985 -4.42612 2
    endloop
  endfacet
  facet normal 0.491777 0.870721 -0
    outer loop
      vertex 26.985 -4.42612 2
      vertex 26.6328 -4.2272 3.2
      vertex 26.985 -4.42612 3.2
    endloop
  endfacet
  facet normal 0.491777 0.870721 0
    outer loop
      vertex 26.6328 -4.2272 3.2
      vertex 26.985 -4.42612 2
      vertex 26.6328 -4.2272 2
    endloop
  endfacet
  facet normal 0.688425 0.725308 -0
    outer loop
      vertex 26.6328 -4.2272 2
      vertex 26.3394 -3.94872 3.2
      vertex 26.6328 -4.2272 3.2
    endloop
  endfacet
  facet normal 0.688425 0.725308 0
    outer loop
      vertex 26.3394 -3.94872 3.2
      vertex 26.6328 -4.2272 2
      vertex 26.3394 -3.94872 2
    endloop
  endfacet
  facet normal 0.836445 0.548052 0
    outer loop
      vertex 26.3394 -3.94872 3.2
      vertex 26.1048 -3.59067 2
      vertex 26.1048 -3.59067 3.2
    endloop
  endfacet
  facet normal 0.836445 0.548052 0
    outer loop
      vertex 26.1048 -3.59067 2
      vertex 26.3394 -3.94872 3.2
      vertex 26.3394 -3.94872 2
    endloop
  endfacet
  facet normal 0.927852 0.372947 0
    outer loop
      vertex 26.1048 -3.59067 3.2
      vertex 25.9289 -3.15305 2
      vertex 25.9289 -3.15305 3.2
    endloop
  endfacet
  facet normal 0.927852 0.372947 0
    outer loop
      vertex 25.9289 -3.15305 2
      vertex 26.1048 -3.59067 3.2
      vertex 26.1048 -3.59067 2
    endloop
  endfacet
  facet normal -0.155088 0.987901 0
    outer loop
      vertex 25.9289 -3.15305 2
      vertex 24.5293 -3.37277 3.2
      vertex 25.9289 -3.15305 3.2
    endloop
  endfacet
  facet normal -0.155088 0.987901 0
    outer loop
      vertex 24.5293 -3.37277 3.2
      vertex 25.9289 -3.15305 2
      vertex 24.5293 -3.37277 2
    endloop
  endfacet
  facet normal -0.951702 -0.307024 0
    outer loop
      vertex 24.6587 -3.77388 2
      vertex 24.5293 -3.37277 3.2
      vertex 24.5293 -3.37277 2
    endloop
  endfacet
  facet normal -0.951702 -0.307024 0
    outer loop
      vertex 24.5293 -3.37277 3.2
      vertex 24.6587 -3.77388 2
      vertex 24.6587 -3.77388 3.2
    endloop
  endfacet
  facet normal -0.919461 -0.393181 0
    outer loop
      vertex 24.8137 -4.13635 2
      vertex 24.6587 -3.77388 3.2
      vertex 24.6587 -3.77388 2
    endloop
  endfacet
  facet normal -0.919461 -0.393181 0
    outer loop
      vertex 24.6587 -3.77388 3.2
      vertex 24.8137 -4.13635 2
      vertex 24.8137 -4.13635 3.2
    endloop
  endfacet
  facet normal -0.873463 -0.486891 0
    outer loop
      vertex 24.9942 -4.46016 2
      vertex 24.8137 -4.13635 3.2
      vertex 24.8137 -4.13635 2
    endloop
  endfacet
  facet normal -0.873463 -0.486891 0
    outer loop
      vertex 24.8137 -4.13635 3.2
      vertex 24.9942 -4.46016 2
      vertex 24.9942 -4.46016 3.2
    endloop
  endfacet
  facet normal -0.810591 -0.585613 0
    outer loop
      vertex 25.2002 -4.7453 2
      vertex 24.9942 -4.46016 3.2
      vertex 24.9942 -4.46016 2
    endloop
  endfacet
  facet normal -0.810591 -0.585613 0
    outer loop
      vertex 24.9942 -4.46016 3.2
      vertex 25.2002 -4.7453 2
      vertex 25.2002 -4.7453 3.2
    endloop
  endfacet
  facet normal -0.728804 -0.684723 0
    outer loop
      vertex 25.4318 -4.99181 2
      vertex 25.2002 -4.7453 3.2
      vertex 25.2002 -4.7453 2
    endloop
  endfacet
  facet normal -0.728804 -0.684723 0
    outer loop
      vertex 25.2002 -4.7453 3.2
      vertex 25.4318 -4.99181 2
      vertex 25.4318 -4.99181 3.2
    endloop
  endfacet
  facet normal -0.628671 -0.777672 0
    outer loop
      vertex 25.4318 -4.99181 2
      vertex 25.6889 -5.19965 3.2
      vertex 25.4318 -4.99181 3.2
    endloop
  endfacet
  facet normal -0.628671 -0.777672 -0
    outer loop
      vertex 25.6889 -5.19965 3.2
      vertex 25.4318 -4.99181 2
      vertex 25.6889 -5.19965 2
    endloop
  endfacet
  facet normal -0.518904 -0.854832 0
    outer loop
      vertex 25.6889 -5.19965 2
      vertex 25.9736 -5.37247 3.2
      vertex 25.6889 -5.19965 3.2
    endloop
  endfacet
  facet normal -0.518904 -0.854832 -0
    outer loop
      vertex 25.9736 -5.37247 3.2
      vertex 25.6889 -5.19965 2
      vertex 25.9736 -5.37247 2
    endloop
  endfacet
  facet normal -0.410232 -0.911981 0
    outer loop
      vertex 25.9736 -5.37247 2
      vertex 26.2879 -5.51385 3.2
      vertex 25.9736 -5.37247 3.2
    endloop
  endfacet
  facet normal -0.410232 -0.911981 -0
    outer loop
      vertex 26.2879 -5.51385 3.2
      vertex 25.9736 -5.37247 2
      vertex 26.2879 -5.51385 2
    endloop
  endfacet
  facet normal -0.304605 -0.952479 0
    outer loop
      vertex 26.2879 -5.51385 2
      vertex 26.6318 -5.62383 3.2
      vertex 26.2879 -5.51385 3.2
    endloop
  endfacet
  facet normal -0.304605 -0.952479 -0
    outer loop
      vertex 26.6318 -5.62383 3.2
      vertex 26.2879 -5.51385 2
      vertex 26.6318 -5.62383 2
    endloop
  endfacet
  facet normal -0.205806 -0.978593 0
    outer loop
      vertex 26.6318 -5.62383 2
      vertex 27.0053 -5.70238 3.2
      vertex 26.6318 -5.62383 3.2
    endloop
  endfacet
  facet normal -0.205806 -0.978593 -0
    outer loop
      vertex 27.0053 -5.70238 3.2
      vertex 26.6318 -5.62383 2
      vertex 27.0053 -5.70238 2
    endloop
  endfacet
  facet normal -0.116104 -0.993237 0
    outer loop
      vertex 27.0053 -5.70238 2
      vertex 27.4084 -5.7495 3.2
      vertex 27.0053 -5.70238 3.2
    endloop
  endfacet
  facet normal -0.116104 -0.993237 -0
    outer loop
      vertex 27.4084 -5.7495 3.2
      vertex 27.0053 -5.70238 2
      vertex 27.4084 -5.7495 2
    endloop
  endfacet
  facet normal -0.0362746 -0.999342 0
    outer loop
      vertex 27.4084 -5.7495 2
      vertex 27.8412 -5.76521 3.2
      vertex 27.4084 -5.7495 3.2
    endloop
  endfacet
  facet normal -0.0362746 -0.999342 -0
    outer loop
      vertex 27.8412 -5.76521 3.2
      vertex 27.4084 -5.7495 2
      vertex 27.8412 -5.76521 2
    endloop
  endfacet
  facet normal 0.0688085 -0.99763 0
    outer loop
      vertex 27.8412 -5.76521 2
      vertex 28.4803 -5.72113 3.2
      vertex 27.8412 -5.76521 3.2
    endloop
  endfacet
  facet normal 0.0688085 -0.99763 0
    outer loop
      vertex 28.4803 -5.72113 3.2
      vertex 27.8412 -5.76521 2
      vertex 28.4803 -5.72113 2
    endloop
  endfacet
  facet normal 0.191331 0.981525 0
    outer loop
      vertex 27.4715 -0.466225 2
      vertex 27.7095 -0.512619 3.2
      vertex 27.7095 -0.512619 2
    endloop
  endfacet
  facet normal 0.191336 0.981525 -8.92821e-07
    outer loop
      vertex 27.7095 -0.512619 3.2
      vertex 27.4715 -0.466225 2
      vertex 27.3982 -0.451935 3.2
    endloop
  endfacet
  facet normal 0.19135 0.981522 0
    outer loop
      vertex 27.3982 -0.451935 3.2
      vertex 27.4715 -0.466225 2
      vertex 27.3982 -0.451935 2
    endloop
  endfacet
  facet normal 0.332093 0.943247 -0
    outer loop
      vertex 27.3982 -0.451935 2
      vertex 27.1109 -0.350784 3.2
      vertex 27.3982 -0.451935 3.2
    endloop
  endfacet
  facet normal 0.332093 0.943247 0
    outer loop
      vertex 27.1109 -0.350784 3.2
      vertex 27.3982 -0.451935 2
      vertex 27.1109 -0.350784 2
    endloop
  endfacet
  facet normal 0.473685 0.880694 -0
    outer loop
      vertex 27.1109 -0.350784 2
      vertex 26.8476 -0.209167 3.2
      vertex 27.1109 -0.350784 3.2
    endloop
  endfacet
  facet normal 0.473685 0.880694 0
    outer loop
      vertex 26.8476 -0.209167 3.2
      vertex 27.1109 -0.350784 2
      vertex 26.8476 -0.209167 2
    endloop
  endfacet
  facet normal 0.605343 0.795964 -0
    outer loop
      vertex 26.8476 -0.209167 2
      vertex 26.6082 -0.0270996 3.2
      vertex 26.8476 -0.209167 3.2
    endloop
  endfacet
  facet normal 0.605343 0.795964 0
    outer loop
      vertex 26.6082 -0.0270996 3.2
      vertex 26.8476 -0.209167 2
      vertex 26.6082 -0.0270996 2
    endloop
  endfacet
  facet normal 0.718506 0.69552 0
    outer loop
      vertex 26.6082 -0.0270996 3.2
      vertex 26.3928 0.195419 2
      vertex 26.3928 0.195419 3.2
    endloop
  endfacet
  facet normal 0.718506 0.69552 0
    outer loop
      vertex 26.3928 0.195419 2
      vertex 26.6082 -0.0270996 3.2
      vertex 26.6082 -0.0270996 2
    endloop
  endfacet
  facet normal 0.80975 0.586775 0
    outer loop
      vertex 26.3928 0.195419 3.2
      vertex 26.2063 0.452789 2
      vertex 26.2063 0.452789 3.2
    endloop
  endfacet
  facet normal 0.80975 0.586775 0
    outer loop
      vertex 26.2063 0.452789 2
      vertex 26.3928 0.195419 3.2
      vertex 26.3928 0.195419 2
    endloop
  endfacet
  facet normal 0.882629 0.47007 0
    outer loop
      vertex 26.2063 0.452789 3.2
      vertex 26.0537 0.739319 2
      vertex 26.0537 0.739319 3.2
    endloop
  endfacet
  facet normal 0.882629 0.47007 0
    outer loop
      vertex 26.0537 0.739319 2
      vertex 26.2063 0.452789 3.2
      vertex 26.2063 0.452789 2
    endloop
  endfacet
  facet normal 0.936119 0.351685 0
    outer loop
      vertex 26.0537 0.739319 3.2
      vertex 25.9351 1.05501 2
      vertex 25.9351 1.05501 3.2
    endloop
  endfacet
  facet normal 0.936119 0.351685 0
    outer loop
      vertex 25.9351 1.05501 2
      vertex 26.0537 0.739319 3.2
      vertex 26.0537 0.739319 2
    endloop
  endfacet
  facet normal 0.971068 0.238803 0
    outer loop
      vertex 25.9351 1.05501 3.2
      vertex 25.8503 1.39984 2
      vertex 25.8503 1.39984 3.2
    endloop
  endfacet
  facet normal 0.971068 0.238803 0
    outer loop
      vertex 25.8503 1.39984 2
      vertex 25.9351 1.05501 3.2
      vertex 25.9351 1.05501 2
    endloop
  endfacet
  facet normal 0.990865 0.134857 0
    outer loop
      vertex 25.8503 1.39984 3.2
      vertex 25.7994 1.77383 2
      vertex 25.7994 1.77383 3.2
    endloop
  endfacet
  facet normal 0.990865 0.134857 0
    outer loop
      vertex 25.7994 1.77383 2
      vertex 25.8503 1.39984 3.2
      vertex 25.8503 1.39984 2
    endloop
  endfacet
  facet normal 0.999122 0.0418841 0
    outer loop
      vertex 25.7994 1.77383 3.2
      vertex 25.7825 2.17697 2
      vertex 25.7825 2.17697 3.2
    endloop
  endfacet
  facet normal 0.999122 0.0418841 0
    outer loop
      vertex 25.7825 2.17697 2
      vertex 25.7994 1.77383 3.2
      vertex 25.7994 1.77383 2
    endloop
  endfacet
  facet normal 0.999088 -0.0426993 0
    outer loop
      vertex 25.7825 2.17697 3.2
      vertex 25.7994 2.5724 2
      vertex 25.7994 2.5724 3.2
    endloop
  endfacet
  facet normal 0.999088 -0.0426993 0
    outer loop
      vertex 25.7994 2.5724 2
      vertex 25.7825 2.17697 3.2
      vertex 25.7825 2.17697 2
    endloop
  endfacet
  facet normal 0.990528 -0.137307 0
    outer loop
      vertex 25.7994 2.5724 3.2
      vertex 25.8503 2.93959 2
      vertex 25.8503 2.93959 3.2
    endloop
  endfacet
  facet normal 0.990528 -0.137307 0
    outer loop
      vertex 25.8503 2.93959 2
      vertex 25.7994 2.5724 3.2
      vertex 25.7994 2.5724 2
    endloop
  endfacet
  facet normal 0.970097 -0.242717 0
    outer loop
      vertex 25.8503 2.93959 3.2
      vertex 25.9351 3.27852 2
      vertex 25.9351 3.27852 3.2
    endloop
  endfacet
  facet normal 0.970097 -0.242717 0
    outer loop
      vertex 25.9351 3.27852 2
      vertex 25.8503 2.93959 3.2
      vertex 25.8503 2.93959 2
    endloop
  endfacet
  facet normal 0.934238 -0.356651 0
    outer loop
      vertex 25.9351 3.27852 3.2
      vertex 26.0537 3.58919 2
      vertex 26.0537 3.58919 3.2
    endloop
  endfacet
  facet normal 0.934238 -0.356651 0
    outer loop
      vertex 26.0537 3.58919 2
      vertex 25.9351 3.27852 3.2
      vertex 25.9351 3.27852 2
    endloop
  endfacet
  facet normal 0.879784 -0.475374 0
    outer loop
      vertex 26.0537 3.58919 3.2
      vertex 26.2063 3.87161 2
      vertex 26.2063 3.87161 3.2
    endloop
  endfacet
  facet normal 0.879784 -0.475374 0
    outer loop
      vertex 26.2063 3.87161 2
      vertex 26.0537 3.58919 3.2
      vertex 26.0537 3.58919 2
    endloop
  endfacet
  facet normal 0.806241 -0.591588 0
    outer loop
      vertex 26.2063 3.87161 3.2
      vertex 26.3928 4.12578 2
      vertex 26.3928 4.12578 3.2
    endloop
  endfacet
  facet normal 0.806241 -0.591588 0
    outer loop
      vertex 26.3928 4.12578 2
      vertex 26.2063 3.87161 3.2
      vertex 26.2063 3.87161 2
    endloop
  endfacet
  facet normal 0.713822 -0.700328 0
    outer loop
      vertex 26.3928 4.12578 3.2
      vertex 26.6087 4.34584 2
      vertex 26.6087 4.34584 3.2
    endloop
  endfacet
  facet normal 0.713822 -0.700328 0
    outer loop
      vertex 26.6087 4.34584 2
      vertex 26.3928 4.12578 3.2
      vertex 26.3928 4.12578 2
    endloop
  endfacet
  facet normal 0.599031 -0.800726 0
    outer loop
      vertex 26.6087 4.34584 2
      vertex 26.8494 4.52591 3.2
      vertex 26.6087 4.34584 3.2
    endloop
  endfacet
  facet normal 0.599031 -0.800726 0
    outer loop
      vertex 26.8494 4.52591 3.2
      vertex 26.6087 4.34584 2
      vertex 26.8494 4.52591 2
    endloop
  endfacet
  facet normal 0.4664 -0.884574 0
    outer loop
      vertex 26.8494 4.52591 2
      vertex 27.115 4.66595 3.2
      vertex 26.8494 4.52591 3.2
    endloop
  endfacet
  facet normal 0.4664 -0.884574 0
    outer loop
      vertex 27.115 4.66595 3.2
      vertex 26.8494 4.52591 2
      vertex 27.115 4.66595 2
    endloop
  endfacet
  facet normal 0.325706 -0.945471 0
    outer loop
      vertex 27.115 4.66595 2
      vertex 27.4054 4.76599 3.2
      vertex 27.115 4.66595 3.2
    endloop
  endfacet
  facet normal 0.325706 -0.945471 0
    outer loop
      vertex 27.4054 4.76599 3.2
      vertex 27.115 4.66595 2
      vertex 27.4054 4.76599 2
    endloop
  endfacet
  facet normal 0.18697 -0.982366 0
    outer loop
      vertex 27.4054 4.76599 2
      vertex 27.7207 4.826 3.2
      vertex 27.4054 4.76599 3.2
    endloop
  endfacet
  facet normal 0.18697 -0.982366 0
    outer loop
      vertex 27.7207 4.826 3.2
      vertex 27.4054 4.76599 2
      vertex 27.7207 4.826 2
    endloop
  endfacet
  facet normal 0.0587169 -0.998275 0
    outer loop
      vertex 27.7207 4.826 2
      vertex 28.0609 4.84601 3.2
      vertex 27.7207 4.826 3.2
    endloop
  endfacet
  facet normal 0.0587169 -0.998275 0
    outer loop
      vertex 28.0609 4.84601 3.2
      vertex 27.7207 4.826 2
      vertex 28.0609 4.84601 2
    endloop
  endfacet
  facet normal -0.0679555 -0.997688 0
    outer loop
      vertex 28.0609 4.84601 2
      vertex 28.4043 4.82262 3.2
      vertex 28.0609 4.84601 3.2
    endloop
  endfacet
  facet normal -0.0679555 -0.997688 -0
    outer loop
      vertex 28.4043 4.82262 3.2
      vertex 28.0609 4.84601 2
      vertex 28.4043 4.82262 2
    endloop
  endfacet
  facet normal -0.214634 -0.976694 0
    outer loop
      vertex 28.4043 4.82262 2
      vertex 28.7237 4.75243 3.2
      vertex 28.4043 4.82262 3.2
    endloop
  endfacet
  facet normal -0.214634 -0.976694 -0
    outer loop
      vertex 28.7237 4.75243 3.2
      vertex 28.4043 4.82262 2
      vertex 28.7237 4.75243 2
    endloop
  endfacet
  facet normal -0.368214 -0.929741 0
    outer loop
      vertex 28.7237 4.75243 2
      vertex 29.0191 4.63544 3.2
      vertex 28.7237 4.75243 3.2
    endloop
  endfacet
  facet normal -0.368214 -0.929741 -0
    outer loop
      vertex 29.0191 4.63544 3.2
      vertex 28.7237 4.75243 2
      vertex 29.0191 4.63544 2
    endloop
  endfacet
  facet normal -0.516535 -0.856266 0
    outer loop
      vertex 29.0191 4.63544 2
      vertex 29.2906 4.47166 3.2
      vertex 29.0191 4.63544 3.2
    endloop
  endfacet
  facet normal -0.516535 -0.856266 -0
    outer loop
      vertex 29.2906 4.47166 3.2
      vertex 29.0191 4.63544 2
      vertex 29.2906 4.47166 2
    endloop
  endfacet
  facet normal -0.647997 -0.761643 0
    outer loop
      vertex 29.2906 4.47166 2
      vertex 29.5381 4.26109 3.2
      vertex 29.2906 4.47166 3.2
    endloop
  endfacet
  facet normal -0.647997 -0.761643 -0
    outer loop
      vertex 29.5381 4.26109 3.2
      vertex 29.2906 4.47166 2
      vertex 29.5381 4.26109 2
    endloop
  endfacet
  facet normal -0.754871 -0.655874 0
    outer loop
      vertex 29.7617 4.00374 2
      vertex 29.5381 4.26109 3.2
      vertex 29.5381 4.26109 2
    endloop
  endfacet
  facet normal -0.754871 -0.655874 0
    outer loop
      vertex 29.5381 4.26109 3.2
      vertex 29.7617 4.00374 2
      vertex 29.7617 4.00374 3.2
    endloop
  endfacet
  facet normal -0.836298 -0.548276 0
    outer loop
      vertex 29.9556 3.70798 2
      vertex 29.7617 4.00374 3.2
      vertex 29.7617 4.00374 2
    endloop
  endfacet
  facet normal -0.836298 -0.548276 0
    outer loop
      vertex 29.7617 4.00374 3.2
      vertex 29.9556 3.70798 2
      vertex 29.9556 3.70798 3.2
    endloop
  endfacet
  facet normal -0.899026 -0.437896 0
    outer loop
      vertex 30.1143 3.38216 2
      vertex 29.9556 3.70798 3.2
      vertex 29.9556 3.70798 2
    endloop
  endfacet
  facet normal -0.899026 -0.437896 0
    outer loop
      vertex 29.9556 3.70798 3.2
      vertex 30.1143 3.38216 2
      vertex 30.1143 3.38216 3.2
    endloop
  endfacet
  facet normal -0.944813 -0.32761 0
    outer loop
      vertex 30.2377 3.02628 2
      vertex 30.1143 3.38216 3.2
      vertex 30.1143 3.38216 2
    endloop
  endfacet
  facet normal -0.944813 -0.32761 0
    outer loop
      vertex 30.1143 3.38216 3.2
      vertex 30.2377 3.02628 2
      vertex 30.2377 3.02628 3.2
    endloop
  endfacet
  facet normal -0.974924 -0.222538 0
    outer loop
      vertex 30.3258 2.64032 2
      vertex 30.2377 3.02628 3.2
      vertex 30.2377 3.02628 2
    endloop
  endfacet
  facet normal -0.974924 -0.222538 0
    outer loop
      vertex 30.2377 3.02628 3.2
      vertex 30.3258 2.64032 2
      vertex 30.3258 2.64032 3.2
    endloop
  endfacet
  facet normal -0.992012 -0.126142 0
    outer loop
      vertex 30.3787 2.2243 2
      vertex 30.3258 2.64032 3.2
      vertex 30.3258 2.64032 2
    endloop
  endfacet
  facet normal -0.992012 -0.126142 0
    outer loop
      vertex 30.3258 2.64032 3.2
      vertex 30.3787 2.2243 2
      vertex 30.3787 2.2243 3.2
    endloop
  endfacet
  facet normal -0.999214 -0.0396469 0
    outer loop
      vertex 30.3964 1.77821 2
      vertex 30.3787 2.2243 3.2
      vertex 30.3787 2.2243 2
    endloop
  endfacet
  facet normal -0.999214 -0.0396469 0
    outer loop
      vertex 30.3787 2.2243 3.2
      vertex 30.3964 1.77821 2
      vertex 30.3964 1.77821 3.2
    endloop
  endfacet
  facet normal -0.999226 0.0393272 0
    outer loop
      vertex 30.3877 1.55716 2
      vertex 30.3964 1.77821 3.2
      vertex 30.3964 1.77821 2
    endloop
  endfacet
  facet normal -0.999226 0.0393272 0
    outer loop
      vertex 30.3964 1.77821 3.2
      vertex 30.3877 1.55716 2
      vertex 30.3877 1.55716 3.2
    endloop
  endfacet
  facet normal -0.992514 0.12213 0
    outer loop
      vertex 30.3615 1.34424 2
      vertex 30.3877 1.55716 3.2
      vertex 30.3877 1.55716 2
    endloop
  endfacet
  facet normal -0.992514 0.12213 0
    outer loop
      vertex 30.3877 1.55716 3.2
      vertex 30.3615 1.34424 2
      vertex 30.3615 1.34424 3.2
    endloop
  endfacet
  facet normal -0.978176 0.207777 0
    outer loop
      vertex 30.318 1.13945 2
      vertex 30.3615 1.34424 3.2
      vertex 30.3615 1.34424 2
    endloop
  endfacet
  facet normal -0.978176 0.207777 0
    outer loop
      vertex 30.3615 1.34424 3.2
      vertex 30.318 1.13945 2
      vertex 30.318 1.13945 3.2
    endloop
  endfacet
  facet normal -0.955248 0.295805 0
    outer loop
      vertex 30.2665 0.97314 2
      vertex 30.318 1.13945 3.2
      vertex 30.318 1.13945 2
    endloop
  endfacet
  facet normal -0.955219 0.295899 0
    outer loop
      vertex 30.2571 0.942795 3.2
      vertex 30.2665 0.97314 2
      vertex 30.2571 0.942795 2
    endloop
  endfacet
  facet normal -0.955244 0.295819 -2.21217e-06
    outer loop
      vertex 30.2665 0.97314 2
      vertex 30.2571 0.942795 3.2
      vertex 30.318 1.13945 3.2
    endloop
  endfacet
  facet normal -0.923513 0.383566 0
    outer loop
      vertex 30.1788 0.754272 2
      vertex 30.2571 0.942795 3.2
      vertex 30.2571 0.942795 2
    endloop
  endfacet
  facet normal -0.923513 0.383566 0
    outer loop
      vertex 30.2571 0.942795 3.2
      vertex 30.1788 0.754272 2
      vertex 30.1788 0.754272 3.2
    endloop
  endfacet
  facet normal -0.883164 0.469065 0
    outer loop
      vertex 30.083 0.573898 2
      vertex 30.1788 0.754272 3.2
      vertex 30.1788 0.754272 2
    endloop
  endfacet
  facet normal -0.883164 0.469065 0
    outer loop
      vertex 30.1788 0.754272 3.2
      vertex 30.083 0.573898 2
      vertex 30.083 0.573898 3.2
    endloop
  endfacet
  facet normal -0.83727 0.54679 0
    outer loop
      vertex 29.9722 0.404236 2
      vertex 30.083 0.573898 3.2
      vertex 30.083 0.573898 2
    endloop
  endfacet
  facet normal -0.83727 0.54679 0
    outer loop
      vertex 30.083 0.573898 3.2
      vertex 29.9722 0.404236 2
      vertex 29.9722 0.404236 3.2
    endloop
  endfacet
  facet normal -0.783915 0.620869 0
    outer loop
      vertex 29.8484 0.247925 2
      vertex 29.9722 0.404236 3.2
      vertex 29.9722 0.404236 2
    endloop
  endfacet
  facet normal -0.783915 0.620869 0
    outer loop
      vertex 29.9722 0.404236 3.2
      vertex 29.8484 0.247925 2
      vertex 29.8484 0.247925 3.2
    endloop
  endfacet
  facet normal -0.723079 0.690766 0
    outer loop
      vertex 29.7118 0.104935 2
      vertex 29.8484 0.247925 3.2
      vertex 29.8484 0.247925 2
    endloop
  endfacet
  facet normal -0.723079 0.690766 0
    outer loop
      vertex 29.8484 0.247925 3.2
      vertex 29.7118 0.104935 2
      vertex 29.7118 0.104935 3.2
    endloop
  endfacet
  facet normal -0.655139 0.755508 0
    outer loop
      vertex 29.7118 0.104935 2
      vertex 29.5623 -0.024704 3.2
      vertex 29.7118 0.104935 3.2
    endloop
  endfacet
  facet normal -0.655139 0.755508 0
    outer loop
      vertex 29.5623 -0.024704 3.2
      vertex 29.7118 0.104935 2
      vertex 29.5623 -0.024704 2
    endloop
  endfacet
  facet normal -0.582292 0.81298 0
    outer loop
      vertex 29.5623 -0.024704 2
      vertex 29.3999 -0.141022 3.2
      vertex 29.5623 -0.024704 3.2
    endloop
  endfacet
  facet normal -0.582292 0.81298 0
    outer loop
      vertex 29.3999 -0.141022 3.2
      vertex 29.5623 -0.024704 2
      vertex 29.3999 -0.141022 2
    endloop
  endfacet
  facet normal -0.506579 0.862193 0
    outer loop
      vertex 29.3999 -0.141022 2
      vertex 29.2246 -0.244019 3.2
      vertex 29.3999 -0.141022 3.2
    endloop
  endfacet
  facet normal -0.506579 0.862193 0
    outer loop
      vertex 29.2246 -0.244019 3.2
      vertex 29.3999 -0.141022 2
      vertex 29.2246 -0.244019 2
    endloop
  endfacet
  facet normal -0.432094 0.901828 0
    outer loop
      vertex 29.2246 -0.244019 2
      vertex 29.0404 -0.332275 3.2
      vertex 29.2246 -0.244019 3.2
    endloop
  endfacet
  facet normal -0.432094 0.901828 0
    outer loop
      vertex 29.0404 -0.332275 3.2
      vertex 29.2246 -0.244019 2
      vertex 29.0404 -0.332275 2
    endloop
  endfacet
  facet normal -0.356551 0.934276 0
    outer loop
      vertex 29.0404 -0.332275 2
      vertex 28.8512 -0.40448 3.2
      vertex 29.0404 -0.332275 3.2
    endloop
  endfacet
  facet normal -0.356551 0.934276 0
    outer loop
      vertex 28.8512 -0.40448 3.2
      vertex 29.0404 -0.332275 2
      vertex 28.8512 -0.40448 2
    endloop
  endfacet
  facet normal -0.27784 0.960627 0
    outer loop
      vertex 28.8512 -0.40448 2
      vertex 28.657 -0.460648 3.2
      vertex 28.8512 -0.40448 3.2
    endloop
  endfacet
  facet normal -0.27784 0.960627 0
    outer loop
      vertex 28.657 -0.460648 3.2
      vertex 28.8512 -0.40448 2
      vertex 28.657 -0.460648 2
    endloop
  endfacet
  facet normal -0.197513 0.9803 0
    outer loop
      vertex 28.657 -0.460648 2
      vertex 28.4579 -0.500763 3.2
      vertex 28.657 -0.460648 3.2
    endloop
  endfacet
  facet normal -0.197513 0.9803 0
    outer loop
      vertex 28.4579 -0.500763 3.2
      vertex 28.657 -0.460648 2
      vertex 28.4579 -0.500763 2
    endloop
  endfacet
  facet normal -0.117087 0.993122 0
    outer loop
      vertex 28.4579 -0.500763 2
      vertex 28.2538 -0.524826 3.2
      vertex 28.4579 -0.500763 3.2
    endloop
  endfacet
  facet normal -0.117087 0.993122 0
    outer loop
      vertex 28.2538 -0.524826 3.2
      vertex 28.4579 -0.500763 2
      vertex 28.2538 -0.524826 2
    endloop
  endfacet
  facet normal -0.0383553 0.999264 0
    outer loop
      vertex 28.2538 -0.524826 2
      vertex 28.0447 -0.532852 3.2
      vertex 28.2538 -0.524826 3.2
    endloop
  endfacet
  facet normal -0.0383553 0.999264 0
    outer loop
      vertex 28.0447 -0.532852 3.2
      vertex 28.2538 -0.524826 2
      vertex 28.0447 -0.532852 2
    endloop
  endfacet
  facet normal 0.0602513 0.998183 -0
    outer loop
      vertex 28.0447 -0.532852 2
      vertex 27.7095 -0.512619 3.2
      vertex 28.0447 -0.532852 3.2
    endloop
  endfacet
  facet normal 0.0602513 0.998183 0
    outer loop
      vertex 27.7095 -0.512619 3.2
      vertex 28.0447 -0.532852 2
      vertex 27.7095 -0.512619 2
    endloop
  endfacet
  facet normal 0.999552 0.0299375 0
    outer loop
      vertex -29.8135 2.01425 3.2
      vertex -29.8542 3.37314 2
      vertex -29.8542 3.37314 3.2
    endloop
  endfacet
  facet normal 0.999552 0.0299375 0
    outer loop
      vertex -29.8542 3.37314 2
      vertex -29.8135 2.01425 3.2
      vertex -29.8135 2.01425 2
    endloop
  endfacet
  facet normal 0.99868 0.0513668 0
    outer loop
      vertex -29.8542 3.37314 3.2
      vertex -29.8948 4.16249 2
      vertex -29.8948 4.16249 3.2
    endloop
  endfacet
  facet normal 0.99868 0.0513668 0
    outer loop
      vertex -29.8948 4.16249 2
      vertex -29.8542 3.37314 3.2
      vertex -29.8542 3.37314 2
    endloop
  endfacet
  facet normal -0.846728 -0.532026 0
    outer loop
      vertex -28.1135 1.32752 2
      vertex -29.8948 4.16249 3.2
      vertex -29.8948 4.16249 2
    endloop
  endfacet
  facet normal -0.846758 -0.531978 -0.000158303
    outer loop
      vertex -27.4173 0.219366 2
      vertex -29.8948 4.16249 3.2
      vertex -28.1135 1.32752 2
    endloop
  endfacet
  facet normal -0.846725 -0.532031 -0
    outer loop
      vertex -23.7592 -5.60249 3.2
      vertex -27.4173 0.219366 2
      vertex -23.7592 -5.60249 2
    endloop
  endfacet
  facet normal -0.84673 -0.532023 5.01235e-05
    outer loop
      vertex -27.4173 0.219366 2
      vertex -23.7592 -5.60249 3.2
      vertex -29.8948 4.16249 3.2
    endloop
  endfacet
  facet normal 0 -1 0
    outer loop
      vertex -23.7592 -5.60249 2
      vertex -21.8876 -5.60249 3.2
      vertex -23.7592 -5.60249 3.2
    endloop
  endfacet
  facet normal 0 -1 -0
    outer loop
      vertex -21.8876 -5.60249 3.2
      vertex -23.7592 -5.60249 2
      vertex -21.8876 -5.60249 2
    endloop
  endfacet
  facet normal 1 -0 0
    outer loop
      vertex -21.8876 -5.60249 3.2
      vertex -21.8876 5.86325 2
      vertex -21.8876 5.86325 3.2
    endloop
  endfacet
  facet normal 1 0 0
    outer loop
      vertex -21.8876 5.86325 2
      vertex -21.8876 -5.60249 3.2
      vertex -21.8876 -5.60249 2
    endloop
  endfacet
  facet normal 0 1 -0
    outer loop
      vertex -21.8876 5.86325 2
      vertex -23.2873 5.86325 3.2
      vertex -21.8876 5.86325 3.2
    endloop
  endfacet
  facet normal 0 1 0
    outer loop
      vertex -23.2873 5.86325 3.2
      vertex -21.8876 5.86325 2
      vertex -23.2873 5.86325 2
    endloop
  endfacet
  facet normal -1 0 0
    outer loop
      vertex -23.2873 -1.65581 2
      vertex -23.2873 5.86325 3.2
      vertex -23.2873 5.86325 2
    endloop
  endfacet
  facet normal -1 -0 0
    outer loop
      vertex -23.2873 5.86325 3.2
      vertex -23.2873 -1.65581 2
      vertex -23.2873 -1.65581 3.2
    endloop
  endfacet
  facet normal -0.999947 -0.0102617 0
    outer loop
      vertex -23.2846 -1.91891 2
      vertex -23.2873 -1.65581 3.2
      vertex -23.2873 -1.65581 2
    endloop
  endfacet
  facet normal -0.999947 -0.0102617 0
    outer loop
      vertex -23.2873 -1.65581 3.2
      vertex -23.2846 -1.91891 2
      vertex -23.2846 -1.91891 3.2
    endloop
  endfacet
  facet normal -0.999655 -0.0262797 0
    outer loop
      vertex -23.2764 -2.23083 2
      vertex -23.2846 -1.91891 3.2
      vertex -23.2846 -1.91891 2
    endloop
  endfacet
  facet normal -0.999655 -0.0262797 0
    outer loop
      vertex -23.2846 -1.91891 3.2
      vertex -23.2764 -2.23083 2
      vertex -23.2764 -2.23083 3.2
    endloop
  endfacet
  facet normal -0.999301 -0.0373938 0
    outer loop
      vertex -23.2629 -2.5916 2
      vertex -23.2764 -2.23083 3.2
      vertex -23.2764 -2.23083 2
    endloop
  endfacet
  facet normal -0.999301 -0.0373938 0
    outer loop
      vertex -23.2764 -2.23083 3.2
      vertex -23.2629 -2.5916 2
      vertex -23.2629 -2.5916 3.2
    endloop
  endfacet
  facet normal -0.998926 -0.0463358 0
    outer loop
      vertex -23.2439 -3.00121 2
      vertex -23.2629 -2.5916 3.2
      vertex -23.2629 -2.5916 2
    endloop
  endfacet
  facet normal -0.998926 -0.0463358 0
    outer loop
      vertex -23.2629 -2.5916 3.2
      vertex -23.2439 -3.00121 2
      vertex -23.2439 -3.00121 3.2
    endloop
  endfacet
  facet normal -0.998575 -0.0533683 0
    outer loop
      vertex -23.2194 -3.45963 2
      vertex -23.2439 -3.00121 3.2
      vertex -23.2439 -3.00121 2
    endloop
  endfacet
  facet normal -0.998575 -0.0533683 0
    outer loop
      vertex -23.2439 -3.00121 3.2
      vertex -23.2194 -3.45963 2
      vertex -23.2194 -3.45963 3.2
    endloop
  endfacet
  facet normal -0.998279 -0.0586459 0
    outer loop
      vertex -23.1896 -3.96689 2
      vertex -23.2194 -3.45963 3.2
      vertex -23.2194 -3.45963 2
    endloop
  endfacet
  facet normal -0.998279 -0.0586459 0
    outer loop
      vertex -23.2194 -3.45963 3.2
      vertex -23.1896 -3.96689 2
      vertex -23.1896 -3.96689 3.2
    endloop
  endfacet
  facet normal 0.845788 0.533519 0
    outer loop
      vertex -23.1896 -3.96689 3.2
      vertex -29.3904 5.86325 2
      vertex -29.3904 5.86325 3.2
    endloop
  endfacet
  facet normal 0.845788 0.533519 0
    outer loop
      vertex -29.3904 5.86325 2
      vertex -23.1896 -3.96689 3.2
      vertex -23.1896 -3.96689 2
    endloop
  endfacet
  facet normal 0 1 -0
    outer loop
      vertex -29.3904 5.86325 2
      vertex -31.1968 5.86325 3.2
      vertex -29.3904 5.86325 3.2
    endloop
  endfacet
  facet normal 0 1 0
    outer loop
      vertex -31.1968 5.86325 3.2
      vertex -29.3904 5.86325 2
      vertex -31.1968 5.86325 2
    endloop
  endfacet
  facet normal -1 0 0
    outer loop
      vertex -31.1968 -5.60249 2
      vertex -31.1968 5.86325 3.2
      vertex -31.1968 5.86325 2
    endloop
  endfacet
  facet normal -1 -0 0
    outer loop
      vertex -31.1968 5.86325 3.2
      vertex -31.1968 -5.60249 2
      vertex -31.1968 -5.60249 3.2
    endloop
  endfacet
  facet normal 0 -1 0
    outer loop
      vertex -31.1968 -5.60249 2
      vertex -29.8135 -5.60249 3.2
      vertex -31.1968 -5.60249 3.2
    endloop
  endfacet
  facet normal 0 -1 -0
    outer loop
      vertex -29.8135 -5.60249 3.2
      vertex -31.1968 -5.60249 2
      vertex -29.8135 -5.60249 2
    endloop
  endfacet
  facet normal 1 0 0
    outer loop
      vertex -29.8135 2.01425 3.2
      vertex -29.8135 1.37224 2
      vertex -29.8135 2.01425 2
    endloop
  endfacet
  facet normal 1 0 0
    outer loop
      vertex -29.8135 2.01425 3.2
      vertex -29.8135 -1.37224 2
      vertex -29.8135 1.37224 2
    endloop
  endfacet
  facet normal 1 -0 0
    outer loop
      vertex -29.8135 -5.60249 3.2
      vertex -29.8135 -1.37224 2
      vertex -29.8135 2.01425 3.2
    endloop
  endfacet
  facet normal 1 0 0
    outer loop
      vertex -29.8135 -1.37224 2
      vertex -29.8135 -5.60249 3.2
      vertex -29.8135 -5.60249 2
    endloop
  endfacet
  facet normal 0 1 -0
    outer loop
      vertex -10.4103 -4.33301 2
      vertex -17.8886 -4.33301 3.2
      vertex -10.4103 -4.33301 3.2
    endloop
  endfacet
  facet normal 0 1 0
    outer loop
      vertex -17.8886 -4.33301 3.2
      vertex -10.4103 -4.33301 2
      vertex -17.8886 -4.33301 2
    endloop
  endfacet
  facet normal 1 -0 0
    outer loop
      vertex -17.8886 -4.33301 3.2
      vertex -17.8886 -0.337494 2
      vertex -17.8886 -0.337494 3.2
    endloop
  endfacet
  facet normal 1 0 0
    outer loop
      vertex -17.8886 -0.337494 2
      vertex -17.8886 -4.33301 3.2
      vertex -17.8886 -4.33301 2
    endloop
  endfacet
  facet normal 0 -1 0
    outer loop
      vertex -17.8886 -0.337494 2
      vertex -11.2322 -0.337494 3.2
      vertex -17.8886 -0.337494 3.2
    endloop
  endfacet
  facet normal 0 -1 -0
    outer loop
      vertex -11.2322 -0.337494 3.2
      vertex -17.8886 -0.337494 2
      vertex -11.2322 -0.337494 2
    endloop
  endfacet
  facet normal 1 -0 0
    outer loop
      vertex -11.2322 -0.337494 3.2
      vertex -11.2322 0.915649 2
      vertex -11.2322 0.915649 3.2
    endloop
  endfacet
  facet normal 1 0 0
    outer loop
      vertex -11.2322 0.915649 2
      vertex -11.2322 -0.337494 3.2
      vertex -11.2322 -0.337494 2
    endloop
  endfacet
  facet normal 0 1 -0
    outer loop
      vertex -11.2322 0.915649 2
      vertex -17.8886 0.915649 3.2
      vertex -11.2322 0.915649 3.2
    endloop
  endfacet
  facet normal 0 1 0
    outer loop
      vertex -17.8886 0.915649 3.2
      vertex -11.2322 0.915649 2
      vertex -17.8886 0.915649 2
    endloop
  endfacet
  facet normal 1 -0 0
    outer loop
      vertex -17.8886 0.915649 3.2
      vertex -17.8886 4.59377 2
      vertex -17.8886 4.59377 3.2
    endloop
  endfacet
  facet normal 1 0 0
    outer loop
      vertex -17.8886 4.59377 2
      vertex -17.8886 0.915649 3.2
      vertex -17.8886 0.915649 2
    endloop
  endfacet
  facet normal 0 -1 0
    outer loop
      vertex -17.8886 4.59377 2
      vertex -10.7439 4.59377 3.2
      vertex -17.8886 4.59377 3.2
    endloop
  endfacet
  facet normal 0 -1 -0
    outer loop
      vertex -10.7439 4.59377 3.2
      vertex -17.8886 4.59377 2
      vertex -10.7439 4.59377 2
    endloop
  endfacet
  facet normal 1 -0 0
    outer loop
      vertex -10.7439 4.59377 3.2
      vertex -10.7439 5.86325 2
      vertex -10.7439 5.86325 3.2
    endloop
  endfacet
  facet normal 1 0 0
    outer loop
      vertex -10.7439 5.86325 2
      vertex -10.7439 4.59377 3.2
      vertex -10.7439 4.59377 2
    endloop
  endfacet
  facet normal 0 1 -0
    outer loop
      vertex -10.7439 5.86325 2
      vertex -19.4428 5.86325 3.2
      vertex -10.7439 5.86325 3.2
    endloop
  endfacet
  facet normal 0 1 0
    outer loop
      vertex -19.4428 5.86325 3.2
      vertex -10.7439 5.86325 2
      vertex -19.4428 5.86325 2
    endloop
  endfacet
  facet normal -1 0 0
    outer loop
      vertex -19.4428 -5.60249 2
      vertex -19.4428 5.86325 3.2
      vertex -19.4428 5.86325 2
    endloop
  endfacet
  facet normal -1 -0 0
    outer loop
      vertex -19.4428 5.86325 3.2
      vertex -19.4428 -5.60249 2
      vertex -19.4428 -5.60249 3.2
    endloop
  endfacet
  facet normal 0 -1 0
    outer loop
      vertex -19.4428 -5.60249 2
      vertex -10.4103 -5.60249 3.2
      vertex -19.4428 -5.60249 3.2
    endloop
  endfacet
  facet normal 0 -1 -0
    outer loop
      vertex -10.4103 -5.60249 3.2
      vertex -19.4428 -5.60249 2
      vertex -10.4103 -5.60249 2
    endloop
  endfacet
  facet normal 1 -0 0
    outer loop
      vertex -10.4103 -5.60249 3.2
      vertex -10.4103 -4.33301 2
      vertex -10.4103 -4.33301 3.2
    endloop
  endfacet
  facet normal 1 0 0
    outer loop
      vertex -10.4103 -4.33301 2
      vertex -10.4103 -5.60249 3.2
      vertex -10.4103 -5.60249 2
    endloop
  endfacet
  facet normal -0.824354 -0.566075 0
    outer loop
      vertex -0.904999 -5.60249 2
      vertex -4.3472 -0.589737 3.2
      vertex -4.3472 -0.589737 2
    endloop
  endfacet
  facet normal -0.824354 -0.566075 0
    outer loop
      vertex -4.3472 -0.589737 3.2
      vertex -0.904999 -5.60249 2
      vertex -0.904999 -5.60249 3.2
    endloop
  endfacet
  facet normal 0 -1 0
    outer loop
      vertex -0.904999 -5.60249 2
      vertex 0.811951 -5.60249 3.2
      vertex -0.904999 -5.60249 3.2
    endloop
  endfacet
  facet normal 0 -1 -0
    outer loop
      vertex 0.811951 -5.60249 3.2
      vertex -0.904999 -5.60249 2
      vertex 0.811951 -5.60249 2
    endloop
  endfacet
  facet normal 0.816261 0.577683 0
    outer loop
      vertex 0.811951 -5.60249 3.2
      vertex -3.44395 0.411057 2
      vertex -3.44395 0.411057 3.2
    endloop
  endfacet
  facet normal 0.816261 0.577683 0
    outer loop
      vertex -3.44395 0.411057 2
      vertex 0.811951 -5.60249 3.2
      vertex 0.811951 -5.60249 2
    endloop
  endfacet
  facet normal 0.811766 -0.583983 0
    outer loop
      vertex -3.44395 0.411057 3.2
      vertex 0.478348 5.86325 2
      vertex 0.478348 5.86325 3.2
    endloop
  endfacet
  facet normal 0.811766 -0.583983 0
    outer loop
      vertex 0.478348 5.86325 2
      vertex -3.44395 0.411057 3.2
      vertex -3.44395 0.411057 2
    endloop
  endfacet
  facet normal 0 1 -0
    outer loop
      vertex 0.478348 5.86325 2
      vertex -1.23872 5.86325 3.2
      vertex 0.478348 5.86325 3.2
    endloop
  endfacet
  facet normal 0 1 0
    outer loop
      vertex -1.23872 5.86325 3.2
      vertex 0.478348 5.86325 2
      vertex -1.23872 5.86325 2
    endloop
  endfacet
  facet normal -0.82348 0.567345 0
    outer loop
      vertex -4.33904 1.36325 2
      vertex -1.23872 5.86325 3.2
      vertex -1.23872 5.86325 2
    endloop
  endfacet
  facet normal -0.82348 0.567345 0
    outer loop
      vertex -1.23872 5.86325 3.2
      vertex -4.33904 1.36325 2
      vertex -4.33904 1.36325 3.2
    endloop
  endfacet
  facet normal 0.815815 0.578313 0
    outer loop
      vertex -4.33904 1.36325 3.2
      vertex -7.52899 5.86325 2
      vertex -7.52899 5.86325 3.2
    endloop
  endfacet
  facet normal 0.815815 0.578313 0
    outer loop
      vertex -7.52899 5.86325 2
      vertex -4.33904 1.36325 3.2
      vertex -4.33904 1.36325 2
    endloop
  endfacet
  facet normal 0 1 -0
    outer loop
      vertex -7.52899 5.86325 2
      vertex -9.24596 5.86325 3.2
      vertex -7.52899 5.86325 3.2
    endloop
  endfacet
  facet normal 0 1 0
    outer loop
      vertex -9.24596 5.86325 3.2
      vertex -7.52899 5.86325 2
      vertex -9.24596 5.86325 2
    endloop
  endfacet
  facet normal -0.807239 -0.590225 0
    outer loop
      vertex -5.21791 0.354172 2
      vertex -9.24596 5.86325 3.2
      vertex -9.24596 5.86325 2
    endloop
  endfacet
  facet normal -0.807239 -0.590225 0
    outer loop
      vertex -9.24596 5.86325 3.2
      vertex -5.21791 0.354172 2
      vertex -5.21791 0.354172 3.2
    endloop
  endfacet
  facet normal -0.806821 0.590796 0
    outer loop
      vertex -9.57968 -5.60249 2
      vertex -5.21791 0.354172 3.2
      vertex -5.21791 0.354172 2
    endloop
  endfacet
  facet normal -0.806821 0.590796 0
    outer loop
      vertex -5.21791 0.354172 3.2
      vertex -9.57968 -5.60249 2
      vertex -9.57968 -5.60249 3.2
    endloop
  endfacet
  facet normal 0 -1 0
    outer loop
      vertex -9.57968 -5.60249 2
      vertex -7.86259 -5.60249 3.2
      vertex -9.57968 -5.60249 3.2
    endloop
  endfacet
  facet normal 0 -1 -0
    outer loop
      vertex -7.86259 -5.60249 3.2
      vertex -9.57968 -5.60249 2
      vertex -7.86259 -5.60249 2
    endloop
  endfacet
  facet normal 0.818736 -0.574171 0
    outer loop
      vertex -7.86259 -5.60249 3.2
      vertex -4.3472 -0.589737 2
      vertex -4.3472 -0.589737 3.2
    endloop
  endfacet
  facet normal 0.818736 -0.574171 0
    outer loop
      vertex -4.3472 -0.589737 2
      vertex -7.86259 -5.60249 3.2
      vertex -7.86259 -5.60249 2
    endloop
  endfacet
  facet normal 0.0969449 -0.99529 0
    outer loop
      vertex 7.32806 -5.75041 2
      vertex 7.7841 -5.70599 3.2
      vertex 7.32806 -5.75041 3.2
    endloop
  endfacet
  facet normal 0.0969449 -0.99529 0
    outer loop
      vertex 7.7841 -5.70599 3.2
      vertex 7.32806 -5.75041 2
      vertex 7.7841 -5.70599 2
    endloop
  endfacet
  facet normal 0.167871 -0.985809 0
    outer loop
      vertex 7.7841 -5.70599 2
      vertex 8.21866 -5.63199 3.2
      vertex 7.7841 -5.70599 3.2
    endloop
  endfacet
  facet normal 0.167871 -0.985809 0
    outer loop
      vertex 8.21866 -5.63199 3.2
      vertex 7.7841 -5.70599 2
      vertex 8.21866 -5.63199 2
    endloop
  endfacet
  facet normal 0.243315 -0.969947 0
    outer loop
      vertex 8.21866 -5.63199 2
      vertex 8.63173 -5.52837 3.2
      vertex 8.21866 -5.63199 3.2
    endloop
  endfacet
  facet normal 0.243315 -0.969947 0
    outer loop
      vertex 8.63173 -5.52837 3.2
      vertex 8.21866 -5.63199 2
      vertex 8.63173 -5.52837 2
    endloop
  endfacet
  facet normal 0.322096 -0.946707 0
    outer loop
      vertex 8.63173 -5.52837 2
      vertex 9.02335 -5.39513 3.2
      vertex 8.63173 -5.52837 3.2
    endloop
  endfacet
  facet normal 0.322096 -0.946707 0
    outer loop
      vertex 9.02335 -5.39513 3.2
      vertex 8.63173 -5.52837 2
      vertex 9.02335 -5.39513 2
    endloop
  endfacet
  facet normal 0.402682 -0.91534 0
    outer loop
      vertex 9.02335 -5.39513 2
      vertex 9.39348 -5.2323 3.2
      vertex 9.02335 -5.39513 3.2
    endloop
  endfacet
  facet normal 0.402682 -0.91534 0
    outer loop
      vertex 9.39348 -5.2323 3.2
      vertex 9.02335 -5.39513 2
      vertex 9.39348 -5.2323 2
    endloop
  endfacet
  facet normal 0.483262 -0.875476 0
    outer loop
      vertex 9.39348 -5.2323 2
      vertex 9.73935 -5.04138 3.2
      vertex 9.39348 -5.2323 3.2
    endloop
  endfacet
  facet normal 0.483262 -0.875476 0
    outer loop
      vertex 9.73935 -5.04138 3.2
      vertex 9.39348 -5.2323 2
      vertex 9.73935 -5.04138 2
    endloop
  endfacet
  facet normal 0.563355 -0.826215 0
    outer loop
      vertex 9.73935 -5.04138 2
      vertex 10.0581 -4.82404 3.2
      vertex 9.73935 -5.04138 3.2
    endloop
  endfacet
  facet normal 0.563355 -0.826215 0
    outer loop
      vertex 10.0581 -4.82404 3.2
      vertex 9.73935 -5.04138 2
      vertex 10.0581 -4.82404 2
    endloop
  endfacet
  facet normal 0.64141 -0.767198 0
    outer loop
      vertex 10.0581 -4.82404 2
      vertex 10.3497 -4.58025 3.2
      vertex 10.0581 -4.82404 3.2
    endloop
  endfacet
  facet normal 0.64141 -0.767198 0
    outer loop
      vertex 10.3497 -4.58025 3.2
      vertex 10.0581 -4.82404 2
      vertex 10.3497 -4.58025 2
    endloop
  endfacet
  facet normal 0.714669 -0.699463 0
    outer loop
      vertex 10.3497 -4.58025 3.2
      vertex 10.6142 -4.31 2
      vertex 10.6142 -4.31 3.2
    endloop
  endfacet
  facet normal 0.714669 -0.699463 0
    outer loop
      vertex 10.6142 -4.31 2
      vertex 10.3497 -4.58025 3.2
      vertex 10.3497 -4.58025 2
    endloop
  endfacet
  facet normal 0.780936 -0.624612 0
    outer loop
      vertex 10.6142 -4.31 3.2
      vertex 10.8515 -4.01331 2
      vertex 10.8515 -4.01331 3.2
    endloop
  endfacet
  facet normal 0.780936 -0.624612 0
    outer loop
      vertex 10.8515 -4.01331 2
      vertex 10.6142 -4.31 3.2
      vertex 10.6142 -4.31 2
    endloop
  endfacet
  facet normal 0.838255 -0.545278 0
    outer loop
      vertex 10.8515 -4.01331 3.2
      vertex 11.0617 -3.69017 2
      vertex 11.0617 -3.69017 3.2
    endloop
  endfacet
  facet normal 0.838255 -0.545278 0
    outer loop
      vertex 11.0617 -3.69017 2
      vertex 10.8515 -4.01331 3.2
      vertex 10.8515 -4.01331 2
    endloop
  endfacet
  facet normal 0.887352 -0.461092 0
    outer loop
      vertex 11.0617 -3.69017 3.2
      vertex 11.242 -3.34319 2
      vertex 11.242 -3.34319 3.2
    endloop
  endfacet
  facet normal 0.887352 -0.461092 0
    outer loop
      vertex 11.242 -3.34319 2
      vertex 11.0617 -3.69017 3.2
      vertex 11.0617 -3.69017 2
    endloop
  endfacet
  facet normal 0.928296 -0.371843 0
    outer loop
      vertex 11.242 -3.34319 3.2
      vertex 11.3895 -2.97496 2
      vertex 11.3895 -2.97496 3.2
    endloop
  endfacet
  facet normal 0.928296 -0.371843 0
    outer loop
      vertex 11.3895 -2.97496 2
      vertex 11.242 -3.34319 3.2
      vertex 11.242 -3.34319 2
    endloop
  endfacet
  facet normal 0.959267 -0.2825 0
    outer loop
      vertex 11.3895 -2.97496 3.2
      vertex 11.5042 -2.58548 2
      vertex 11.5042 -2.58548 3.2
    endloop
  endfacet
  facet normal 0.959267 -0.2825 0
    outer loop
      vertex 11.5042 -2.58548 2
      vertex 11.3895 -2.97496 3.2
      vertex 11.3895 -2.97496 2
    endloop
  endfacet
  facet normal 0.980693 -0.195556 0
    outer loop
      vertex 11.5042 -2.58548 3.2
      vertex 11.5861 -2.17476 2
      vertex 11.5861 -2.17476 3.2
    endloop
  endfacet
  facet normal 0.980693 -0.195556 0
    outer loop
      vertex 11.5861 -2.17476 2
      vertex 11.5042 -2.58548 3.2
      vertex 11.5042 -2.58548 2
    endloop
  endfacet
  facet normal 0.993576 -0.113163 0
    outer loop
      vertex 11.5861 -2.17476 3.2
      vertex 11.6353 -1.74278 2
      vertex 11.6353 -1.74278 3.2
    endloop
  endfacet
  facet normal 0.993576 -0.113163 0
    outer loop
      vertex 11.6353 -1.74278 2
      vertex 11.5861 -2.17476 3.2
      vertex 11.5861 -2.17476 2
    endloop
  endfacet
  facet normal 0.999354 -0.0359424 0
    outer loop
      vertex 11.6353 -1.74278 3.2
      vertex 11.6516 -1.28957 2
      vertex 11.6516 -1.28957 3.2
    endloop
  endfacet
  facet normal 0.999354 -0.0359424 0
    outer loop
      vertex 11.6516 -1.28957 2
      vertex 11.6353 -1.74278 3.2
      vertex 11.6353 -1.74278 2
    endloop
  endfacet
  facet normal 1 -0 0
    outer loop
      vertex 11.6516 -1.28957 3.2
      vertex 11.6516 5.86325 2
      vertex 11.6516 5.86325 3.2
    endloop
  endfacet
  facet normal 1 0 0
    outer loop
      vertex 11.6516 5.86325 2
      vertex 11.6516 -1.28957 3.2
      vertex 11.6516 -1.28957 2
    endloop
  endfacet
  facet normal 0 1 -0
    outer loop
      vertex 11.6516 5.86325 2
      vertex 10.1056 5.86325 3.2
      vertex 11.6516 5.86325 3.2
    endloop
  endfacet
  facet normal 0 1 0
    outer loop
      vertex 10.1056 5.86325 3.2
      vertex 11.6516 5.86325 2
      vertex 10.1056 5.86325 2
    endloop
  endfacet
  facet normal -1 0 0
    outer loop
      vertex 10.1056 -1.20006 2
      vertex 10.1056 5.86325 3.2
      vertex 10.1056 5.86325 2
    endloop
  endfacet
  facet normal -1 -0 0
    outer loop
      vertex 10.1056 5.86325 3.2
      vertex 10.1056 -1.20006 2
      vertex 10.1056 -1.20006 3.2
    endloop
  endfacet
  facet normal -0.998938 0.0460722 0
    outer loop
      vertex 10.0817 -1.71826 2
      vertex 10.1056 -1.20006 3.2
      vertex 10.1056 -1.20006 2
    endloop
  endfacet
  facet normal -0.998938 0.0460722 0
    outer loop
      vertex 10.1056 -1.20006 3.2
      vertex 10.0817 -1.71826 2
      vertex 10.0817 -1.71826 3.2
    endloop
  endfacet
  facet normal -0.988862 0.148837 0
    outer loop
      vertex 10.0102 -2.1933 2
      vertex 10.0817 -1.71826 3.2
      vertex 10.0817 -1.71826 2
    endloop
  endfacet
  facet normal -0.988862 0.148837 0
    outer loop
      vertex 10.0817 -1.71826 3.2
      vertex 10.0102 -2.1933 2
      vertex 10.0102 -2.1933 3.2
    endloop
  endfacet
  facet normal -0.963928 0.266164 0
    outer loop
      vertex 9.89095 -2.62517 2
      vertex 10.0102 -2.1933 3.2
      vertex 10.0102 -2.1933 2
    endloop
  endfacet
  facet normal -0.963928 0.266164 0
    outer loop
      vertex 10.0102 -2.1933 3.2
      vertex 9.89095 -2.62517 2
      vertex 9.89095 -2.62517 3.2
    endloop
  endfacet
  facet normal -0.918842 0.394627 0
    outer loop
      vertex 9.72401 -3.01387 2
      vertex 9.89095 -2.62517 3.2
      vertex 9.89095 -2.62517 2
    endloop
  endfacet
  facet normal -0.918842 0.394627 0
    outer loop
      vertex 9.89095 -2.62517 3.2
      vertex 9.72401 -3.01387 2
      vertex 9.72401 -3.01387 3.2
    endloop
  endfacet
  facet normal -0.849476 0.527628 0
    outer loop
      vertex 9.5094 -3.35939 2
      vertex 9.72401 -3.01387 3.2
      vertex 9.72401 -3.01387 2
    endloop
  endfacet
  facet normal -0.849476 0.527628 0
    outer loop
      vertex 9.72401 -3.01387 3.2
      vertex 9.5094 -3.35939 2
      vertex 9.5094 -3.35939 3.2
    endloop
  endfacet
  facet normal -0.75534 0.655333 0
    outer loop
      vertex 9.24709 -3.66173 2
      vertex 9.5094 -3.35939 3.2
      vertex 9.5094 -3.35939 2
    endloop
  endfacet
  facet normal -0.75534 0.655333 0
    outer loop
      vertex 9.5094 -3.35939 3.2
      vertex 9.24709 -3.66173 2
      vertex 9.24709 -3.66173 3.2
    endloop
  endfacet
  facet normal -0.644503 0.764602 0
    outer loop
      vertex 9.24709 -3.66173 2
      vertex 8.94182 -3.91905 3.2
      vertex 9.24709 -3.66173 3.2
    endloop
  endfacet
  facet normal -0.644503 0.764602 0
    outer loop
      vertex 8.94182 -3.91905 3.2
      vertex 9.24709 -3.66173 2
      vertex 8.94182 -3.91905 2
    endloop
  endfacet
  facet normal -0.522598 0.852579 0
    outer loop
      vertex 8.94182 -3.91905 2
      vertex 8.59834 -4.12959 3.2
      vertex 8.94182 -3.91905 3.2
    endloop
  endfacet
  facet normal -0.522598 0.852579 0
    outer loop
      vertex 8.59834 -4.12959 3.2
      vertex 8.94182 -3.91905 2
      vertex 8.59834 -4.12959 2
    endloop
  endfacet
  facet normal -0.3943 0.918982 0
    outer loop
      vertex 8.59834 -4.12959 2
      vertex 8.21667 -4.29335 3.2
      vertex 8.59834 -4.12959 3.2
    endloop
  endfacet
  facet normal -0.3943 0.918982 0
    outer loop
      vertex 8.21667 -4.29335 3.2
      vertex 8.59834 -4.12959 2
      vertex 8.21667 -4.29335 2
    endloop
  endfacet
  facet normal -0.268355 0.96332 0
    outer loop
      vertex 8.21667 -4.29335 2
      vertex 7.79678 -4.41032 3.2
      vertex 8.21667 -4.29335 3.2
    endloop
  endfacet
  facet normal -0.268355 0.96332 0
    outer loop
      vertex 7.79678 -4.41032 3.2
      vertex 8.21667 -4.29335 2
      vertex 7.79678 -4.41032 2
    endloop
  endfacet
  facet normal -0.151438 0.988467 0
    outer loop
      vertex 7.79678 -4.41032 2
      vertex 7.3387 -4.4805 3.2
      vertex 7.79678 -4.41032 3.2
    endloop
  endfacet
  facet normal -0.151438 0.988467 0
    outer loop
      vertex 7.3387 -4.4805 3.2
      vertex 7.79678 -4.41032 2
      vertex 7.3387 -4.4805 2
    endloop
  endfacet
  facet normal -0.0470774 0.998891 0
    outer loop
      vertex 7.3387 -4.4805 2
      vertex 6.84241 -4.50389 3.2
      vertex 7.3387 -4.4805 3.2
    endloop
  endfacet
  facet normal -0.0470774 0.998891 0
    outer loop
      vertex 6.84241 -4.50389 3.2
      vertex 7.3387 -4.4805 2
      vertex 6.84241 -4.50389 2
    endloop
  endfacet
  facet normal 0.046822 0.998903 -0
    outer loop
      vertex 6.84241 -4.50389 2
      vertex 6.36026 -4.48129 3.2
      vertex 6.84241 -4.50389 3.2
    endloop
  endfacet
  facet normal 0.046822 0.998903 0
    outer loop
      vertex 6.36026 -4.48129 3.2
      vertex 6.84241 -4.50389 2
      vertex 6.36026 -4.48129 2
    endloop
  endfacet
  facet normal 0.151371 0.988477 -0
    outer loop
      vertex 6.36026 -4.48129 2
      vertex 5.91745 -4.41348 3.2
      vertex 6.36026 -4.48129 3.2
    endloop
  endfacet
  facet normal 0.151371 0.988477 0
    outer loop
      vertex 5.91745 -4.41348 3.2
      vertex 6.36026 -4.48129 2
      vertex 5.91745 -4.41348 2
    endloop
  endfacet
  facet normal 0.269737 0.962934 -0
    outer loop
      vertex 5.91745 -4.41348 2
      vertex 5.51398 -4.30046 3.2
      vertex 5.91745 -4.41348 3.2
    endloop
  endfacet
  facet normal 0.269737 0.962934 0
    outer loop
      vertex 5.51398 -4.30046 3.2
      vertex 5.91745 -4.41348 2
      vertex 5.51398 -4.30046 2
    endloop
  endfacet
  facet normal 0.398483 0.917176 -0
    outer loop
      vertex 5.51398 -4.30046 2
      vertex 5.14981 -4.14224 3.2
      vertex 5.51398 -4.30046 3.2
    endloop
  endfacet
  facet normal 0.398483 0.917176 0
    outer loop
      vertex 5.14981 -4.14224 3.2
      vertex 5.51398 -4.30046 2
      vertex 5.14981 -4.14224 2
    endloop
  endfacet
  facet normal 0.53077 0.847516 -0
    outer loop
      vertex 5.14981 -4.14224 2
      vertex 4.82498 -3.93881 3.2
      vertex 5.14981 -4.14224 3.2
    endloop
  endfacet
  facet normal 0.53077 0.847516 0
    outer loop
      vertex 4.82498 -3.93881 3.2
      vertex 5.14981 -4.14224 2
      vertex 4.82498 -3.93881 2
    endloop
  endfacet
  facet normal 0.656762 0.754098 -0
    outer loop
      vertex 4.82498 -3.93881 2
      vertex 4.53949 -3.69017 3.2
      vertex 4.82498 -3.93881 3.2
    endloop
  endfacet
  facet normal 0.656762 0.754098 0
    outer loop
      vertex 4.53949 -3.69017 3.2
      vertex 4.82498 -3.93881 2
      vertex 4.53949 -3.69017 2
    endloop
  endfacet
  facet normal 0.768103 0.640327 0
    outer loop
      vertex 4.53949 -3.69017 3.2
      vertex 4.29584 -3.3979 2
      vertex 4.29584 -3.3979 3.2
    endloop
  endfacet
  facet normal 0.768103 0.640327 0
    outer loop
      vertex 4.29584 -3.3979 2
      vertex 4.53949 -3.69017 3.2
      vertex 4.53949 -3.69017 2
    endloop
  endfacet
  facet normal 0.858873 0.512189 0
    outer loop
      vertex 4.29584 -3.3979 3.2
      vertex 4.09648 -3.0636 2
      vertex 4.09648 -3.0636 3.2
    endloop
  endfacet
  facet normal 0.858873 0.512189 0
    outer loop
      vertex 4.09648 -3.0636 2
      vertex 4.29584 -3.3979 3.2
      vertex 4.29584 -3.3979 2
    endloop
  endfacet
  facet normal 0.924619 0.380893 0
    outer loop
      vertex 4.09648 -3.0636 3.2
      vertex 3.94144 -2.68724 2
      vertex 3.94144 -2.68724 3.2
    endloop
  endfacet
  facet normal 0.924619 0.380893 0
    outer loop
      vertex 3.94144 -2.68724 2
      vertex 4.09648 -3.0636 3.2
      vertex 4.09648 -3.0636 2
    endloop
  endfacet
  facet normal 0.966707 0.255886 0
    outer loop
      vertex 3.94144 -2.68724 3.2
      vertex 3.83069 -2.26884 2
      vertex 3.83069 -2.26884 3.2
    endloop
  endfacet
  facet normal 0.966707 0.255886 0
    outer loop
      vertex 3.83069 -2.26884 2
      vertex 3.94144 -2.68724 3.2
      vertex 3.94144 -2.68724 2
    endloop
  endfacet
  facet normal 0.989746 0.142839 0
    outer loop
      vertex 3.83069 -2.26884 3.2
      vertex 3.76424 -1.8084 2
      vertex 3.76424 -1.8084 3.2
    endloop
  endfacet
  facet normal 0.989746 0.142839 0
    outer loop
      vertex 3.76424 -1.8084 2
      vertex 3.83069 -2.26884 3.2
      vertex 3.83069 -2.26884 2
    endloop
  endfacet
  facet normal 0.999029 0.0440558 0
    outer loop
      vertex 3.76424 -1.8084 3.2
      vertex 3.74208 -1.30589 2
      vertex 3.74208 -1.30589 3.2
    endloop
  endfacet
  facet normal 0.999029 0.0440558 0
    outer loop
      vertex 3.74208 -1.30589 2
      vertex 3.76424 -1.8084 3.2
      vertex 3.76424 -1.8084 2
    endloop
  endfacet
  facet normal 1 -0 0
    outer loop
      vertex 3.74208 -1.30589 3.2
      vertex 3.74208 5.86325 2
      vertex 3.74208 5.86325 3.2
    endloop
  endfacet
  facet normal 1 0 0
    outer loop
      vertex 3.74208 5.86325 2
      vertex 3.74208 -1.30589 3.2
      vertex 3.74208 -1.30589 2
    endloop
  endfacet
  facet normal 0 1 -0
    outer loop
      vertex 3.74208 5.86325 2
      vertex 2.18773 5.86325 3.2
      vertex 3.74208 5.86325 3.2
    endloop
  endfacet
  facet normal 0 1 0
    outer loop
      vertex 2.18773 5.86325 3.2
      vertex 3.74208 5.86325 2
      vertex 2.18773 5.86325 2
    endloop
  endfacet
  facet normal -1 0 0
    outer loop
      vertex 2.18773 -1.4361 2
      vertex 2.18773 5.86325 3.2
      vertex 2.18773 5.86325 2
    endloop
  endfacet
  facet normal -1 -0 0
    outer loop
      vertex 2.18773 5.86325 3.2
      vertex 2.18773 -1.4361 2
      vertex 2.18773 -1.4361 3.2
    endloop
  endfacet
  facet normal -0.999336 -0.0364403 0
    outer loop
      vertex 2.20377 -1.87598 2
      vertex 2.18773 -1.4361 3.2
      vertex 2.18773 -1.4361 2
    endloop
  endfacet
  facet normal -0.999336 -0.0364403 0
    outer loop
      vertex 2.18773 -1.4361 3.2
      vertex 2.20377 -1.87598 2
      vertex 2.20377 -1.87598 3.2
    endloop
  endfacet
  facet normal -0.993464 -0.114144 0
    outer loop
      vertex 2.25192 -2.29506 2
      vertex 2.20377 -1.87598 3.2
      vertex 2.20377 -1.87598 2
    endloop
  endfacet
  facet normal -0.993464 -0.114144 0
    outer loop
      vertex 2.20377 -1.87598 3.2
      vertex 2.25192 -2.29506 2
      vertex 2.25192 -2.29506 3.2
    endloop
  endfacet
  facet normal -0.9803 -0.197512 0
    outer loop
      vertex 2.33217 -2.69336 2
      vertex 2.25192 -2.29506 3.2
      vertex 2.25192 -2.29506 2
    endloop
  endfacet
  facet normal -0.9803 -0.197512 0
    outer loop
      vertex 2.25192 -2.29506 3.2
      vertex 2.33217 -2.69336 2
      vertex 2.33217 -2.69336 3.2
    endloop
  endfacet
  facet normal -0.958453 -0.285251 0
    outer loop
      vertex 2.44452 -3.07086 2
      vertex 2.33217 -2.69336 3.2
      vertex 2.33217 -2.69336 2
    endloop
  endfacet
  facet normal -0.958453 -0.285251 0
    outer loop
      vertex 2.33217 -2.69336 3.2
      vertex 2.44452 -3.07086 2
      vertex 2.44452 -3.07086 3.2
    endloop
  endfacet
  facet normal -0.92689 -0.375334 0
    outer loop
      vertex 2.58897 -3.42758 2
      vertex 2.44452 -3.07086 3.2
      vertex 2.44452 -3.07086 2
    endloop
  endfacet
  facet normal -0.92689 -0.375334 0
    outer loop
      vertex 2.44452 -3.07086 3.2
      vertex 2.58897 -3.42758 2
      vertex 2.58897 -3.42758 3.2
    endloop
  endfacet
  facet normal -0.885184 -0.465241 0
    outer loop
      vertex 2.76552 -3.76349 2
      vertex 2.58897 -3.42758 3.2
      vertex 2.58897 -3.42758 2
    endloop
  endfacet
  facet normal -0.885184 -0.465241 0
    outer loop
      vertex 2.58897 -3.42758 3.2
      vertex 2.76552 -3.76349 2
      vertex 2.76552 -3.76349 3.2
    endloop
  endfacet
  facet normal -0.835349 -0.54972 0
    outer loop
      vertex 2.97124 -4.0761 2
      vertex 2.76552 -3.76349 3.2
      vertex 2.76552 -3.76349 2
    endloop
  endfacet
  facet normal -0.835349 -0.54972 0
    outer loop
      vertex 2.76552 -3.76349 3.2
      vertex 2.97124 -4.0761 2
      vertex 2.97124 -4.0761 3.2
    endloop
  endfacet
  facet normal -0.7776 -0.62876 0
    outer loop
      vertex 3.20316 -4.36292 2
      vertex 2.97124 -4.0761 3.2
      vertex 2.97124 -4.0761 2
    endloop
  endfacet
  facet normal -0.7776 -0.62876 0
    outer loop
      vertex 2.97124 -4.0761 3.2
      vertex 3.20316 -4.36292 2
      vertex 3.20316 -4.36292 3.2
    endloop
  endfacet
  facet normal -0.711086 -0.703105 0
    outer loop
      vertex 3.46129 -4.62398 2
      vertex 3.20316 -4.36292 3.2
      vertex 3.20316 -4.36292 2
    endloop
  endfacet
  facet normal -0.711086 -0.703105 0
    outer loop
      vertex 3.20316 -4.36292 3.2
      vertex 3.46129 -4.62398 2
      vertex 3.46129 -4.62398 3.2
    endloop
  endfacet
  facet normal -0.637529 -0.770426 0
    outer loop
      vertex 3.46129 -4.62398 2
      vertex 3.74564 -4.85928 3.2
      vertex 3.46129 -4.62398 3.2
    endloop
  endfacet
  facet normal -0.637529 -0.770426 -0
    outer loop
      vertex 3.74564 -4.85928 3.2
      vertex 3.46129 -4.62398 2
      vertex 3.74564 -4.85928 2
    endloop
  endfacet
  facet normal -0.5593 -0.828966 0
    outer loop
      vertex 3.74564 -4.85928 2
      vertex 4.05618 -5.0688 3.2
      vertex 3.74564 -4.85928 3.2
    endloop
  endfacet
  facet normal -0.5593 -0.828966 -0
    outer loop
      vertex 4.05618 -5.0688 3.2
      vertex 3.74564 -4.85928 2
      vertex 4.05618 -5.0688 2
    endloop
  endfacet
  facet normal -0.479016 -0.877806 0
    outer loop
      vertex 4.05618 -5.0688 2
      vertex 4.39296 -5.25258 3.2
      vertex 4.05618 -5.0688 3.2
    endloop
  endfacet
  facet normal -0.479016 -0.877806 -0
    outer loop
      vertex 4.39296 -5.25258 3.2
      vertex 4.05618 -5.0688 2
      vertex 4.39296 -5.25258 2
    endloop
  endfacet
  facet normal -0.399089 -0.916912 0
    outer loop
      vertex 4.39296 -5.25258 2
      vertex 4.75282 -5.40921 3.2
      vertex 4.39296 -5.25258 3.2
    endloop
  endfacet
  facet normal -0.399089 -0.916912 -0
    outer loop
      vertex 4.75282 -5.40921 3.2
      vertex 4.39296 -5.25258 2
      vertex 4.75282 -5.40921 2
    endloop
  endfacet
  facet normal -0.319758 -0.947499 0
    outer loop
      vertex 4.75282 -5.40921 2
      vertex 5.13258 -5.53737 3.2
      vertex 4.75282 -5.40921 3.2
    endloop
  endfacet
  facet normal -0.319758 -0.947499 -0
    outer loop
      vertex 5.13258 -5.53737 3.2
      vertex 4.75282 -5.40921 2
      vertex 5.13258 -5.53737 2
    endloop
  endfacet
  facet normal -0.241999 -0.970277 0
    outer loop
      vertex 5.13258 -5.53737 2
      vertex 5.53224 -5.63705 3.2
      vertex 5.13258 -5.53737 3.2
    endloop
  endfacet
  facet normal -0.241999 -0.970277 -0
    outer loop
      vertex 5.53224 -5.63705 3.2
      vertex 5.13258 -5.53737 2
      vertex 5.53224 -5.63705 2
    endloop
  endfacet
  facet normal -0.167317 -0.985903 0
    outer loop
      vertex 5.53224 -5.63705 2
      vertex 5.95178 -5.70825 3.2
      vertex 5.53224 -5.63705 3.2
    endloop
  endfacet
  facet normal -0.167317 -0.985903 -0
    outer loop
      vertex 5.95178 -5.70825 3.2
      vertex 5.53224 -5.63705 2
      vertex 5.95178 -5.70825 2
    endloop
  endfacet
  facet normal -0.0967766 -0.995306 0
    outer loop
      vertex 5.95178 -5.70825 2
      vertex 6.39124 -5.75098 3.2
      vertex 5.95178 -5.70825 3.2
    endloop
  endfacet
  facet normal -0.0967766 -0.995306 -0
    outer loop
      vertex 6.39124 -5.75098 3.2
      vertex 5.95178 -5.70825 2
      vertex 6.39124 -5.75098 2
    endloop
  endfacet
  facet normal -0.030965 -0.99952 0
    outer loop
      vertex 6.39124 -5.75098 2
      vertex 6.85057 -5.76521 3.2
      vertex 6.39124 -5.75098 3.2
    endloop
  endfacet
  facet normal -0.030965 -0.99952 -0
    outer loop
      vertex 6.85057 -5.76521 3.2
      vertex 6.39124 -5.75098 2
      vertex 6.85057 -5.76521 2
    endloop
  endfacet
  facet normal 0.0309805 -0.99952 0
    outer loop
      vertex 6.85057 -5.76521 2
      vertex 7.32806 -5.75041 3.2
      vertex 6.85057 -5.76521 3.2
    endloop
  endfacet
  facet normal 0.0309805 -0.99952 0
    outer loop
      vertex 7.32806 -5.75041 3.2
      vertex 6.85057 -5.76521 2
      vertex 7.32806 -5.75041 2
    endloop
  endfacet
endsolid OpenSCAD_Model
