solid OpenSCAD_Model
  facet normal -0.760516 -0.649319 0
    outer loop
      vertex -72.2056 0.940456 0
      vertex -72.3686 1.13137 3
      vertex -72.3686 1.13137 0
    endloop
  endfacet
  facet normal -0.760516 -0.649319 0
    outer loop
      vertex -72.3686 1.13137 3
      vertex -72.2056 0.940456 0
      vertex -72.2056 0.940456 3
    endloop
  endfacet
  facet normal -0.382624 -0.923904 0
    outer loop
      vertex -73.0056 1.52169 0
      vertex -72.7736 1.42561 3
      vertex -73.0056 1.52169 3
    endloop
  endfacet
  facet normal -0.382624 -0.923904 -0
    outer loop
      vertex -72.7736 1.42561 3
      vertex -73.0056 1.52169 0
      vertex -72.7736 1.42561 0
    endloop
  endfacet
  facet normal 0.522439 -0.852677 0
    outer loop
      vertex -74.4405 1.29443 0
      vertex -74.2264 1.42561 3
      vertex -74.4405 1.29443 3
    endloop
  endfacet
  facet normal 0.522439 -0.852677 0
    outer loop
      vertex -74.2264 1.42561 3
      vertex -74.4405 1.29443 0
      vertex -74.2264 1.42561 0
    endloop
  endfacet
  facet normal 0.923851 -0.382752 0
    outer loop
      vertex -75.0217 0.494427 3
      vertex -74.9256 0.726384 0
      vertex -74.9256 0.726384 3
    endloop
  endfacet
  facet normal 0.923851 -0.382752 0
    outer loop
      vertex -74.9256 0.726384 0
      vertex -75.0217 0.494427 3
      vertex -75.0217 0.494427 0
    endloop
  endfacet
  facet normal -0.97238 -0.233404 0
    outer loop
      vertex -71.9197 0.250295 0
      vertex -71.9783 0.494427 3
      vertex -71.9783 0.494427 0
    endloop
  endfacet
  facet normal -0.97238 -0.233404 0
    outer loop
      vertex -71.9783 0.494427 3
      vertex -71.9197 0.250295 0
      vertex -71.9197 0.250295 3
    endloop
  endfacet
  facet normal -0.649485 -0.760374 0
    outer loop
      vertex -72.5595 1.29443 0
      vertex -72.3686 1.13137 3
      vertex -72.5595 1.29443 3
    endloop
  endfacet
  facet normal -0.649485 -0.760374 -0
    outer loop
      vertex -72.3686 1.13137 3
      vertex -72.5595 1.29443 0
      vertex -72.3686 1.13137 0
    endloop
  endfacet
  facet normal -0.0784629 -0.996917 0
    outer loop
      vertex -73.5 1.6 0
      vertex -73.2497 1.5803 3
      vertex -73.5 1.6 3
    endloop
  endfacet
  facet normal -0.0784629 -0.996917 -0
    outer loop
      vertex -73.2497 1.5803 3
      vertex -73.5 1.6 0
      vertex -73.2497 1.5803 0
    endloop
  endfacet
  facet normal -0.522439 -0.852677 0
    outer loop
      vertex -72.7736 1.42561 0
      vertex -72.5595 1.29443 3
      vertex -72.7736 1.42561 3
    endloop
  endfacet
  facet normal -0.522439 -0.852677 -0
    outer loop
      vertex -72.5595 1.29443 3
      vertex -72.7736 1.42561 0
      vertex -72.5595 1.29443 0
    endloop
  endfacet
  facet normal 0.996917 -0.0784645 0
    outer loop
      vertex -75.1 0 3
      vertex -75.0803 0.250295 0
      vertex -75.0803 0.250295 3
    endloop
  endfacet
  facet normal 0.996917 -0.0784645 0
    outer loop
      vertex -75.0803 0.250295 0
      vertex -75.1 0 3
      vertex -75.1 0 0
    endloop
  endfacet
  facet normal 0.852611 -0.522546 0
    outer loop
      vertex -74.9256 0.726384 3
      vertex -74.7944 0.940456 0
      vertex -74.7944 0.940456 3
    endloop
  endfacet
  facet normal 0.852611 -0.522546 0
    outer loop
      vertex -74.7944 0.940456 0
      vertex -74.9256 0.726384 3
      vertex -74.9256 0.726384 0
    endloop
  endfacet
  facet normal 0.649485 -0.760374 0
    outer loop
      vertex -74.6314 1.13137 0
      vertex -74.4405 1.29443 3
      vertex -74.6314 1.13137 3
    endloop
  endfacet
  facet normal 0.649485 -0.760374 0
    outer loop
      vertex -74.4405 1.29443 3
      vertex -74.6314 1.13137 0
      vertex -74.4405 1.29443 0
    endloop
  endfacet
  facet normal 0.233471 -0.972364 0
    outer loop
      vertex -73.9944 1.52169 0
      vertex -73.7503 1.5803 3
      vertex -73.9944 1.52169 3
    endloop
  endfacet
  facet normal 0.233471 -0.972364 0
    outer loop
      vertex -73.7503 1.5803 3
      vertex -73.9944 1.52169 0
      vertex -73.7503 1.5803 0
    endloop
  endfacet
  facet normal 0.760516 -0.649319 0
    outer loop
      vertex -74.7944 0.940456 3
      vertex -74.6314 1.13137 0
      vertex -74.6314 1.13137 3
    endloop
  endfacet
  facet normal 0.760516 -0.649319 0
    outer loop
      vertex -74.6314 1.13137 0
      vertex -74.7944 0.940456 3
      vertex -74.7944 0.940456 0
    endloop
  endfacet
  facet normal -0.923851 0.382752 0
    outer loop
      vertex -72.0744 -0.726384 0
      vertex -71.9783 -0.494427 3
      vertex -71.9783 -0.494427 0
    endloop
  endfacet
  facet normal -0.923851 0.382752 0
    outer loop
      vertex -71.9783 -0.494427 3
      vertex -72.0744 -0.726384 0
      vertex -72.0744 -0.726384 3
    endloop
  endfacet
  facet normal -0.649485 0.760374 0
    outer loop
      vertex -72.3686 -1.13137 0
      vertex -72.5595 -1.29443 3
      vertex -72.3686 -1.13137 3
    endloop
  endfacet
  facet normal -0.649485 0.760374 0
    outer loop
      vertex -72.5595 -1.29443 3
      vertex -72.3686 -1.13137 0
      vertex -72.5595 -1.29443 0
    endloop
  endfacet
  facet normal 0.0784629 -0.996917 0
    outer loop
      vertex -73.7503 1.5803 0
      vertex -73.5 1.6 3
      vertex -73.7503 1.5803 3
    endloop
  endfacet
  facet normal 0.0784629 -0.996917 0
    outer loop
      vertex -73.5 1.6 3
      vertex -73.7503 1.5803 0
      vertex -73.5 1.6 0
    endloop
  endfacet
  facet normal -0.233471 -0.972364 0
    outer loop
      vertex -73.2497 1.5803 0
      vertex -73.0056 1.52169 3
      vertex -73.2497 1.5803 3
    endloop
  endfacet
  facet normal -0.233471 -0.972364 -0
    outer loop
      vertex -73.0056 1.52169 3
      vertex -73.2497 1.5803 0
      vertex -73.0056 1.52169 0
    endloop
  endfacet
  facet normal 0.97238 -0.233404 0
    outer loop
      vertex -75.0803 0.250295 3
      vertex -75.0217 0.494427 0
      vertex -75.0217 0.494427 3
    endloop
  endfacet
  facet normal 0.97238 -0.233404 0
    outer loop
      vertex -75.0217 0.494427 0
      vertex -75.0803 0.250295 3
      vertex -75.0803 0.250295 0
    endloop
  endfacet
  facet normal 0.382624 -0.923904 0
    outer loop
      vertex -74.2264 1.42561 0
      vertex -73.9944 1.52169 3
      vertex -74.2264 1.42561 3
    endloop
  endfacet
  facet normal 0.382624 -0.923904 0
    outer loop
      vertex -73.9944 1.52169 3
      vertex -74.2264 1.42561 0
      vertex -73.9944 1.52169 0
    endloop
  endfacet
  facet normal -0.996917 -0.0784645 0
    outer loop
      vertex -71.9 0 0
      vertex -71.9197 0.250295 3
      vertex -71.9197 0.250295 0
    endloop
  endfacet
  facet normal -0.996917 -0.0784645 0
    outer loop
      vertex -71.9197 0.250295 3
      vertex -71.9 0 0
      vertex -71.9 0 3
    endloop
  endfacet
  facet normal -0.996917 0.0784645 0
    outer loop
      vertex -71.9197 -0.250295 0
      vertex -71.9 0 3
      vertex -71.9 0 0
    endloop
  endfacet
  facet normal -0.996917 0.0784645 0
    outer loop
      vertex -71.9 0 3
      vertex -71.9197 -0.250295 0
      vertex -71.9197 -0.250295 3
    endloop
  endfacet
  facet normal -0.97238 0.233404 0
    outer loop
      vertex -71.9783 -0.494427 0
      vertex -71.9197 -0.250295 3
      vertex -71.9197 -0.250295 0
    endloop
  endfacet
  facet normal -0.97238 0.233404 0
    outer loop
      vertex -71.9197 -0.250295 3
      vertex -71.9783 -0.494427 0
      vertex -71.9783 -0.494427 3
    endloop
  endfacet
  facet normal -0.0784629 0.996917 0
    outer loop
      vertex -73.2497 -1.5803 0
      vertex -73.5 -1.6 3
      vertex -73.2497 -1.5803 3
    endloop
  endfacet
  facet normal -0.0784629 0.996917 0
    outer loop
      vertex -73.5 -1.6 3
      vertex -73.2497 -1.5803 0
      vertex -73.5 -1.6 0
    endloop
  endfacet
  facet normal 0.996917 0.0784645 0
    outer loop
      vertex -75.0803 -0.250295 3
      vertex -75.1 0 0
      vertex -75.1 0 3
    endloop
  endfacet
  facet normal 0.996917 0.0784645 0
    outer loop
      vertex -75.1 0 0
      vertex -75.0803 -0.250295 3
      vertex -75.0803 -0.250295 0
    endloop
  endfacet
  facet normal 0.97238 0.233404 0
    outer loop
      vertex -75.0217 -0.494427 3
      vertex -75.0803 -0.250295 0
      vertex -75.0803 -0.250295 3
    endloop
  endfacet
  facet normal 0.97238 0.233404 0
    outer loop
      vertex -75.0803 -0.250295 0
      vertex -75.0217 -0.494427 3
      vertex -75.0217 -0.494427 0
    endloop
  endfacet
  facet normal -0.852611 0.522546 0
    outer loop
      vertex -72.2056 -0.940456 0
      vertex -72.0744 -0.726384 3
      vertex -72.0744 -0.726384 0
    endloop
  endfacet
  facet normal -0.852611 0.522546 0
    outer loop
      vertex -72.0744 -0.726384 3
      vertex -72.2056 -0.940456 0
      vertex -72.2056 -0.940456 3
    endloop
  endfacet
  facet normal -0.233471 0.972364 0
    outer loop
      vertex -73.0056 -1.52169 0
      vertex -73.2497 -1.5803 3
      vertex -73.0056 -1.52169 3
    endloop
  endfacet
  facet normal -0.233471 0.972364 0
    outer loop
      vertex -73.2497 -1.5803 3
      vertex -73.0056 -1.52169 0
      vertex -73.2497 -1.5803 0
    endloop
  endfacet
  facet normal -0.852611 -0.522546 0
    outer loop
      vertex -72.0744 0.726384 0
      vertex -72.2056 0.940456 3
      vertex -72.2056 0.940456 0
    endloop
  endfacet
  facet normal -0.852611 -0.522546 0
    outer loop
      vertex -72.2056 0.940456 3
      vertex -72.0744 0.726384 0
      vertex -72.0744 0.726384 3
    endloop
  endfacet
  facet normal -0.923851 -0.382752 0
    outer loop
      vertex -71.9783 0.494427 0
      vertex -72.0744 0.726384 3
      vertex -72.0744 0.726384 0
    endloop
  endfacet
  facet normal -0.923851 -0.382752 0
    outer loop
      vertex -72.0744 0.726384 3
      vertex -71.9783 0.494427 0
      vertex -71.9783 0.494427 3
    endloop
  endfacet
  facet normal 0.760516 0.649319 0
    outer loop
      vertex -74.6314 -1.13137 3
      vertex -74.7944 -0.940456 0
      vertex -74.7944 -0.940456 3
    endloop
  endfacet
  facet normal 0.760516 0.649319 0
    outer loop
      vertex -74.7944 -0.940456 0
      vertex -74.6314 -1.13137 3
      vertex -74.6314 -1.13137 0
    endloop
  endfacet
  facet normal -0.522439 0.852677 0
    outer loop
      vertex -72.5595 -1.29443 0
      vertex -72.7736 -1.42561 3
      vertex -72.5595 -1.29443 3
    endloop
  endfacet
  facet normal -0.522439 0.852677 0
    outer loop
      vertex -72.7736 -1.42561 3
      vertex -72.5595 -1.29443 0
      vertex -72.7736 -1.42561 0
    endloop
  endfacet
  facet normal -0.382624 0.923904 0
    outer loop
      vertex -72.7736 -1.42561 0
      vertex -73.0056 -1.52169 3
      vertex -72.7736 -1.42561 3
    endloop
  endfacet
  facet normal -0.382624 0.923904 0
    outer loop
      vertex -73.0056 -1.52169 3
      vertex -72.7736 -1.42561 0
      vertex -73.0056 -1.52169 0
    endloop
  endfacet
  facet normal -0.760516 0.649319 0
    outer loop
      vertex -72.3686 -1.13137 0
      vertex -72.2056 -0.940456 3
      vertex -72.2056 -0.940456 0
    endloop
  endfacet
  facet normal -0.760516 0.649319 0
    outer loop
      vertex -72.2056 -0.940456 3
      vertex -72.3686 -1.13137 0
      vertex -72.3686 -1.13137 3
    endloop
  endfacet
  facet normal 0.522439 0.852677 -0
    outer loop
      vertex -74.2264 -1.42561 0
      vertex -74.4405 -1.29443 3
      vertex -74.2264 -1.42561 3
    endloop
  endfacet
  facet normal 0.522439 0.852677 0
    outer loop
      vertex -74.4405 -1.29443 3
      vertex -74.2264 -1.42561 0
      vertex -74.4405 -1.29443 0
    endloop
  endfacet
  facet normal 0.382624 0.923904 -0
    outer loop
      vertex -73.9944 -1.52169 0
      vertex -74.2264 -1.42561 3
      vertex -73.9944 -1.52169 3
    endloop
  endfacet
  facet normal 0.382624 0.923904 0
    outer loop
      vertex -74.2264 -1.42561 3
      vertex -73.9944 -1.52169 0
      vertex -74.2264 -1.42561 0
    endloop
  endfacet
  facet normal 0.233471 0.972364 -0
    outer loop
      vertex -73.7503 -1.5803 0
      vertex -73.9944 -1.52169 3
      vertex -73.7503 -1.5803 3
    endloop
  endfacet
  facet normal 0.233471 0.972364 0
    outer loop
      vertex -73.9944 -1.52169 3
      vertex -73.7503 -1.5803 0
      vertex -73.9944 -1.52169 0
    endloop
  endfacet
  facet normal 0.0784629 0.996917 -0
    outer loop
      vertex -73.5 -1.6 0
      vertex -73.7503 -1.5803 3
      vertex -73.5 -1.6 3
    endloop
  endfacet
  facet normal 0.0784629 0.996917 0
    outer loop
      vertex -73.7503 -1.5803 3
      vertex -73.5 -1.6 0
      vertex -73.7503 -1.5803 0
    endloop
  endfacet
  facet normal 0.923851 0.382752 0
    outer loop
      vertex -74.9256 -0.726384 3
      vertex -75.0217 -0.494427 0
      vertex -75.0217 -0.494427 3
    endloop
  endfacet
  facet normal 0.923851 0.382752 0
    outer loop
      vertex -75.0217 -0.494427 0
      vertex -74.9256 -0.726384 3
      vertex -74.9256 -0.726384 0
    endloop
  endfacet
  facet normal 0.852611 0.522546 0
    outer loop
      vertex -74.7944 -0.940456 3
      vertex -74.9256 -0.726384 0
      vertex -74.9256 -0.726384 3
    endloop
  endfacet
  facet normal 0.852611 0.522546 0
    outer loop
      vertex -74.9256 -0.726384 0
      vertex -74.7944 -0.940456 3
      vertex -74.7944 -0.940456 0
    endloop
  endfacet
  facet normal 0.649485 0.760374 -0
    outer loop
      vertex -74.4405 -1.29443 0
      vertex -74.6314 -1.13137 3
      vertex -74.4405 -1.29443 3
    endloop
  endfacet
  facet normal 0.649485 0.760374 0
    outer loop
      vertex -74.6314 -1.13137 3
      vertex -74.4405 -1.29443 0
      vertex -74.6314 -1.13137 0
    endloop
  endfacet
  facet normal 0.97238 -0.233404 0
    outer loop
      vertex 71.9197 0.250295 3
      vertex 71.9783 0.494427 0
      vertex 71.9783 0.494427 3
    endloop
  endfacet
  facet normal 0.97238 -0.233404 0
    outer loop
      vertex 71.9783 0.494427 0
      vertex 71.9197 0.250295 3
      vertex 71.9197 0.250295 0
    endloop
  endfacet
  facet normal -0.996917 0.0784645 0
    outer loop
      vertex 75.0803 -0.250295 0
      vertex 75.1 0 3
      vertex 75.1 0 0
    endloop
  endfacet
  facet normal -0.996917 0.0784645 0
    outer loop
      vertex 75.1 0 3
      vertex 75.0803 -0.250295 0
      vertex 75.0803 -0.250295 3
    endloop
  endfacet
  facet normal -0.760516 -0.649319 0
    outer loop
      vertex 74.7944 0.940456 0
      vertex 74.6314 1.13137 3
      vertex 74.6314 1.13137 0
    endloop
  endfacet
  facet normal -0.760516 -0.649319 0
    outer loop
      vertex 74.6314 1.13137 3
      vertex 74.7944 0.940456 0
      vertex 74.7944 0.940456 3
    endloop
  endfacet
  facet normal -0.233471 -0.972364 0
    outer loop
      vertex 73.7503 1.5803 0
      vertex 73.9944 1.52169 3
      vertex 73.7503 1.5803 3
    endloop
  endfacet
  facet normal -0.233471 -0.972364 -0
    outer loop
      vertex 73.9944 1.52169 3
      vertex 73.7503 1.5803 0
      vertex 73.9944 1.52169 0
    endloop
  endfacet
  facet normal -0.382624 -0.923904 0
    outer loop
      vertex 73.9944 1.52169 0
      vertex 74.2264 1.42561 3
      vertex 73.9944 1.52169 3
    endloop
  endfacet
  facet normal -0.382624 -0.923904 -0
    outer loop
      vertex 74.2264 1.42561 3
      vertex 73.9944 1.52169 0
      vertex 74.2264 1.42561 0
    endloop
  endfacet
  facet normal 0.522439 -0.852677 0
    outer loop
      vertex 72.5595 1.29443 0
      vertex 72.7736 1.42561 3
      vertex 72.5595 1.29443 3
    endloop
  endfacet
  facet normal 0.522439 -0.852677 0
    outer loop
      vertex 72.7736 1.42561 3
      vertex 72.5595 1.29443 0
      vertex 72.7736 1.42561 0
    endloop
  endfacet
  facet normal 0.923851 -0.382752 0
    outer loop
      vertex 71.9783 0.494427 3
      vertex 72.0744 0.726384 0
      vertex 72.0744 0.726384 3
    endloop
  endfacet
  facet normal 0.923851 -0.382752 0
    outer loop
      vertex 72.0744 0.726384 0
      vertex 71.9783 0.494427 3
      vertex 71.9783 0.494427 0
    endloop
  endfacet
  facet normal -0.649485 -0.760374 0
    outer loop
      vertex 74.4405 1.29443 0
      vertex 74.6314 1.13137 3
      vertex 74.4405 1.29443 3
    endloop
  endfacet
  facet normal -0.649485 -0.760374 -0
    outer loop
      vertex 74.6314 1.13137 3
      vertex 74.4405 1.29443 0
      vertex 74.6314 1.13137 0
    endloop
  endfacet
  facet normal -0.522439 -0.852677 0
    outer loop
      vertex 74.2264 1.42561 0
      vertex 74.4405 1.29443 3
      vertex 74.2264 1.42561 3
    endloop
  endfacet
  facet normal -0.522439 -0.852677 -0
    outer loop
      vertex 74.4405 1.29443 3
      vertex 74.2264 1.42561 0
      vertex 74.4405 1.29443 0
    endloop
  endfacet
  facet normal 0.996917 -0.0784645 0
    outer loop
      vertex 71.9 0 3
      vertex 71.9197 0.250295 0
      vertex 71.9197 0.250295 3
    endloop
  endfacet
  facet normal 0.996917 -0.0784645 0
    outer loop
      vertex 71.9197 0.250295 0
      vertex 71.9 0 3
      vertex 71.9 0 0
    endloop
  endfacet
  facet normal 0.852611 -0.522546 0
    outer loop
      vertex 72.0744 0.726384 3
      vertex 72.2056 0.940456 0
      vertex 72.2056 0.940456 3
    endloop
  endfacet
  facet normal 0.852611 -0.522546 0
    outer loop
      vertex 72.2056 0.940456 0
      vertex 72.0744 0.726384 3
      vertex 72.0744 0.726384 0
    endloop
  endfacet
  facet normal 0.649485 -0.760374 0
    outer loop
      vertex 72.3686 1.13137 0
      vertex 72.5595 1.29443 3
      vertex 72.3686 1.13137 3
    endloop
  endfacet
  facet normal 0.649485 -0.760374 0
    outer loop
      vertex 72.5595 1.29443 3
      vertex 72.3686 1.13137 0
      vertex 72.5595 1.29443 0
    endloop
  endfacet
  facet normal 0.233471 -0.972364 0
    outer loop
      vertex 73.0056 1.52169 0
      vertex 73.2497 1.5803 3
      vertex 73.0056 1.52169 3
    endloop
  endfacet
  facet normal 0.233471 -0.972364 0
    outer loop
      vertex 73.2497 1.5803 3
      vertex 73.0056 1.52169 0
      vertex 73.2497 1.5803 0
    endloop
  endfacet
  facet normal 0.760516 -0.649319 0
    outer loop
      vertex 72.2056 0.940456 3
      vertex 72.3686 1.13137 0
      vertex 72.3686 1.13137 3
    endloop
  endfacet
  facet normal 0.760516 -0.649319 0
    outer loop
      vertex 72.3686 1.13137 0
      vertex 72.2056 0.940456 3
      vertex 72.2056 0.940456 0
    endloop
  endfacet
  facet normal -0.923851 0.382752 0
    outer loop
      vertex 74.9256 -0.726384 0
      vertex 75.0217 -0.494427 3
      vertex 75.0217 -0.494427 0
    endloop
  endfacet
  facet normal -0.923851 0.382752 0
    outer loop
      vertex 75.0217 -0.494427 3
      vertex 74.9256 -0.726384 0
      vertex 74.9256 -0.726384 3
    endloop
  endfacet
  facet normal -0.649485 0.760374 0
    outer loop
      vertex 74.6314 -1.13137 0
      vertex 74.4405 -1.29443 3
      vertex 74.6314 -1.13137 3
    endloop
  endfacet
  facet normal -0.649485 0.760374 0
    outer loop
      vertex 74.4405 -1.29443 3
      vertex 74.6314 -1.13137 0
      vertex 74.4405 -1.29443 0
    endloop
  endfacet
  facet normal 0.0784629 -0.996917 0
    outer loop
      vertex 73.2497 1.5803 0
      vertex 73.5 1.6 3
      vertex 73.2497 1.5803 3
    endloop
  endfacet
  facet normal 0.0784629 -0.996917 0
    outer loop
      vertex 73.5 1.6 3
      vertex 73.2497 1.5803 0
      vertex 73.5 1.6 0
    endloop
  endfacet
  facet normal 0.382624 -0.923904 0
    outer loop
      vertex 72.7736 1.42561 0
      vertex 73.0056 1.52169 3
      vertex 72.7736 1.42561 3
    endloop
  endfacet
  facet normal 0.382624 -0.923904 0
    outer loop
      vertex 73.0056 1.52169 3
      vertex 72.7736 1.42561 0
      vertex 73.0056 1.52169 0
    endloop
  endfacet
  facet normal -0.996917 -0.0784645 0
    outer loop
      vertex 75.1 0 0
      vertex 75.0803 0.250295 3
      vertex 75.0803 0.250295 0
    endloop
  endfacet
  facet normal -0.996917 -0.0784645 0
    outer loop
      vertex 75.0803 0.250295 3
      vertex 75.1 0 0
      vertex 75.1 0 3
    endloop
  endfacet
  facet normal -0.97238 0.233404 0
    outer loop
      vertex 75.0217 -0.494427 0
      vertex 75.0803 -0.250295 3
      vertex 75.0803 -0.250295 0
    endloop
  endfacet
  facet normal -0.97238 0.233404 0
    outer loop
      vertex 75.0803 -0.250295 3
      vertex 75.0217 -0.494427 0
      vertex 75.0217 -0.494427 3
    endloop
  endfacet
  facet normal 0.996917 0.0784645 0
    outer loop
      vertex 71.9197 -0.250295 3
      vertex 71.9 0 0
      vertex 71.9 0 3
    endloop
  endfacet
  facet normal 0.996917 0.0784645 0
    outer loop
      vertex 71.9 0 0
      vertex 71.9197 -0.250295 3
      vertex 71.9197 -0.250295 0
    endloop
  endfacet
  facet normal 0.97238 0.233404 0
    outer loop
      vertex 71.9783 -0.494427 3
      vertex 71.9197 -0.250295 0
      vertex 71.9197 -0.250295 3
    endloop
  endfacet
  facet normal 0.97238 0.233404 0
    outer loop
      vertex 71.9197 -0.250295 0
      vertex 71.9783 -0.494427 3
      vertex 71.9783 -0.494427 0
    endloop
  endfacet
  facet normal -0.852611 0.522546 0
    outer loop
      vertex 74.7944 -0.940456 0
      vertex 74.9256 -0.726384 3
      vertex 74.9256 -0.726384 0
    endloop
  endfacet
  facet normal -0.852611 0.522546 0
    outer loop
      vertex 74.9256 -0.726384 3
      vertex 74.7944 -0.940456 0
      vertex 74.7944 -0.940456 3
    endloop
  endfacet
  facet normal -0.233471 0.972364 0
    outer loop
      vertex 73.9944 -1.52169 0
      vertex 73.7503 -1.5803 3
      vertex 73.9944 -1.52169 3
    endloop
  endfacet
  facet normal -0.233471 0.972364 0
    outer loop
      vertex 73.7503 -1.5803 3
      vertex 73.9944 -1.52169 0
      vertex 73.7503 -1.5803 0
    endloop
  endfacet
  facet normal -0.852611 -0.522546 0
    outer loop
      vertex 74.9256 0.726384 0
      vertex 74.7944 0.940456 3
      vertex 74.7944 0.940456 0
    endloop
  endfacet
  facet normal -0.852611 -0.522546 0
    outer loop
      vertex 74.7944 0.940456 3
      vertex 74.9256 0.726384 0
      vertex 74.9256 0.726384 3
    endloop
  endfacet
  facet normal -0.923851 -0.382752 0
    outer loop
      vertex 75.0217 0.494427 0
      vertex 74.9256 0.726384 3
      vertex 74.9256 0.726384 0
    endloop
  endfacet
  facet normal -0.923851 -0.382752 0
    outer loop
      vertex 74.9256 0.726384 3
      vertex 75.0217 0.494427 0
      vertex 75.0217 0.494427 3
    endloop
  endfacet
  facet normal -0.97238 -0.233404 0
    outer loop
      vertex 75.0803 0.250295 0
      vertex 75.0217 0.494427 3
      vertex 75.0217 0.494427 0
    endloop
  endfacet
  facet normal -0.97238 -0.233404 0
    outer loop
      vertex 75.0217 0.494427 3
      vertex 75.0803 0.250295 0
      vertex 75.0803 0.250295 3
    endloop
  endfacet
  facet normal -0.0784629 -0.996917 0
    outer loop
      vertex 73.5 1.6 0
      vertex 73.7503 1.5803 3
      vertex 73.5 1.6 3
    endloop
  endfacet
  facet normal -0.0784629 -0.996917 -0
    outer loop
      vertex 73.7503 1.5803 3
      vertex 73.5 1.6 0
      vertex 73.7503 1.5803 0
    endloop
  endfacet
  facet normal 0.233471 0.972364 -0
    outer loop
      vertex 73.2497 -1.5803 0
      vertex 73.0056 -1.52169 3
      vertex 73.2497 -1.5803 3
    endloop
  endfacet
  facet normal 0.233471 0.972364 0
    outer loop
      vertex 73.0056 -1.52169 3
      vertex 73.2497 -1.5803 0
      vertex 73.0056 -1.52169 0
    endloop
  endfacet
  facet normal 0.0784629 0.996917 -0
    outer loop
      vertex 73.5 -1.6 0
      vertex 73.2497 -1.5803 3
      vertex 73.5 -1.6 3
    endloop
  endfacet
  facet normal 0.0784629 0.996917 0
    outer loop
      vertex 73.2497 -1.5803 3
      vertex 73.5 -1.6 0
      vertex 73.2497 -1.5803 0
    endloop
  endfacet
  facet normal 0.760516 0.649319 0
    outer loop
      vertex 72.3686 -1.13137 3
      vertex 72.2056 -0.940456 0
      vertex 72.2056 -0.940456 3
    endloop
  endfacet
  facet normal 0.760516 0.649319 0
    outer loop
      vertex 72.2056 -0.940456 0
      vertex 72.3686 -1.13137 3
      vertex 72.3686 -1.13137 0
    endloop
  endfacet
  facet normal -0.522439 0.852677 0
    outer loop
      vertex 74.4405 -1.29443 0
      vertex 74.2264 -1.42561 3
      vertex 74.4405 -1.29443 3
    endloop
  endfacet
  facet normal -0.522439 0.852677 0
    outer loop
      vertex 74.2264 -1.42561 3
      vertex 74.4405 -1.29443 0
      vertex 74.2264 -1.42561 0
    endloop
  endfacet
  facet normal -0.382624 0.923904 0
    outer loop
      vertex 74.2264 -1.42561 0
      vertex 73.9944 -1.52169 3
      vertex 74.2264 -1.42561 3
    endloop
  endfacet
  facet normal -0.382624 0.923904 0
    outer loop
      vertex 73.9944 -1.52169 3
      vertex 74.2264 -1.42561 0
      vertex 73.9944 -1.52169 0
    endloop
  endfacet
  facet normal -0.760516 0.649319 0
    outer loop
      vertex 74.6314 -1.13137 0
      vertex 74.7944 -0.940456 3
      vertex 74.7944 -0.940456 0
    endloop
  endfacet
  facet normal -0.760516 0.649319 0
    outer loop
      vertex 74.7944 -0.940456 3
      vertex 74.6314 -1.13137 0
      vertex 74.6314 -1.13137 3
    endloop
  endfacet
  facet normal 0.522439 0.852677 -0
    outer loop
      vertex 72.7736 -1.42561 0
      vertex 72.5595 -1.29443 3
      vertex 72.7736 -1.42561 3
    endloop
  endfacet
  facet normal 0.522439 0.852677 0
    outer loop
      vertex 72.5595 -1.29443 3
      vertex 72.7736 -1.42561 0
      vertex 72.5595 -1.29443 0
    endloop
  endfacet
  facet normal 0.382624 0.923904 -0
    outer loop
      vertex 73.0056 -1.52169 0
      vertex 72.7736 -1.42561 3
      vertex 73.0056 -1.52169 3
    endloop
  endfacet
  facet normal 0.382624 0.923904 0
    outer loop
      vertex 72.7736 -1.42561 3
      vertex 73.0056 -1.52169 0
      vertex 72.7736 -1.42561 0
    endloop
  endfacet
  facet normal -0.0784629 0.996917 0
    outer loop
      vertex 73.7503 -1.5803 0
      vertex 73.5 -1.6 3
      vertex 73.7503 -1.5803 3
    endloop
  endfacet
  facet normal -0.0784629 0.996917 0
    outer loop
      vertex 73.5 -1.6 3
      vertex 73.7503 -1.5803 0
      vertex 73.5 -1.6 0
    endloop
  endfacet
  facet normal 0.923851 0.382752 0
    outer loop
      vertex 72.0744 -0.726384 3
      vertex 71.9783 -0.494427 0
      vertex 71.9783 -0.494427 3
    endloop
  endfacet
  facet normal 0.923851 0.382752 0
    outer loop
      vertex 71.9783 -0.494427 0
      vertex 72.0744 -0.726384 3
      vertex 72.0744 -0.726384 0
    endloop
  endfacet
  facet normal 0.852611 0.522546 0
    outer loop
      vertex 72.2056 -0.940456 3
      vertex 72.0744 -0.726384 0
      vertex 72.0744 -0.726384 3
    endloop
  endfacet
  facet normal 0.852611 0.522546 0
    outer loop
      vertex 72.0744 -0.726384 0
      vertex 72.2056 -0.940456 3
      vertex 72.2056 -0.940456 0
    endloop
  endfacet
  facet normal 0.649485 0.760374 -0
    outer loop
      vertex 72.5595 -1.29443 0
      vertex 72.3686 -1.13137 3
      vertex 72.5595 -1.29443 3
    endloop
  endfacet
  facet normal 0.649485 0.760374 0
    outer loop
      vertex 72.3686 -1.13137 3
      vertex 72.5595 -1.29443 0
      vertex 72.3686 -1.13137 0
    endloop
  endfacet
  facet normal -1 0 0
    outer loop
      vertex -81.5 -31 0
      vertex -81.5 31 3
      vertex -81.5 31 0
    endloop
  endfacet
  facet normal -1 -0 0
    outer loop
      vertex -81.5 31 3
      vertex -81.5 -31 0
      vertex -81.5 -31 3
    endloop
  endfacet
  facet normal 0 0 1
    outer loop
      vertex -2.7 4.67654 3
      vertex -5.07434 1.84691 3
      vertex -2.7 -4.67654 3
    endloop
  endfacet
  facet normal 0 0 1
    outer loop
      vertex -2.7 -4.67654 3
      vertex -5.02402 -2.02836 3
      vertex -5.0027 -2.21545 3
    endloop
  endfacet
  facet normal -0 0 1
    outer loop
      vertex -5.07434 -1.84691 3
      vertex -2.7 -4.67654 3
      vertex -5.07434 1.84691 3
    endloop
  endfacet
  facet normal 0 0 1
    outer loop
      vertex -2.7 -4.67654 3
      vertex -5.07434 -1.84691 3
      vertex -5.02402 -2.02836 3
    endloop
  endfacet
  facet normal -0 0 1
    outer loop
      vertex -5.15243 1.67556 3
      vertex -5.07434 -1.84691 3
      vertex -5.07434 1.84691 3
    endloop
  endfacet
  facet normal 0 0 1
    outer loop
      vertex -5.15243 1.67556 3
      vertex -5.15243 -1.67556 3
      vertex -5.07434 -1.84691 3
    endloop
  endfacet
  facet normal -0 0 1
    outer loop
      vertex -5.25636 1.51854 3
      vertex -5.15243 -1.67556 3
      vertex -5.15243 1.67556 3
    endloop
  endfacet
  facet normal 0 0 1
    outer loop
      vertex -5.25636 1.51854 3
      vertex -5.25636 -1.51854 3
      vertex -5.15243 -1.67556 3
    endloop
  endfacet
  facet normal -0 0 1
    outer loop
      vertex -5.38357 1.37971 3
      vertex -5.25636 -1.51854 3
      vertex -5.25636 1.51854 3
    endloop
  endfacet
  facet normal 0 0 1
    outer loop
      vertex -5.38357 1.37971 3
      vertex -5.38357 -1.37971 3
      vertex -5.25636 -1.51854 3
    endloop
  endfacet
  facet normal -0 0 1
    outer loop
      vertex -5.53094 1.26249 3
      vertex -5.38357 -1.37971 3
      vertex -5.38357 1.37971 3
    endloop
  endfacet
  facet normal 0 0 1
    outer loop
      vertex -5.53094 1.26249 3
      vertex -5.53094 -1.26249 3
      vertex -5.38357 -1.37971 3
    endloop
  endfacet
  facet normal -0 0 1
    outer loop
      vertex -5.69483 1.16976 3
      vertex -5.53094 -1.26249 3
      vertex -5.53094 1.26249 3
    endloop
  endfacet
  facet normal 0 0 1
    outer loop
      vertex -5.69483 1.16976 3
      vertex -5.69483 -1.16976 3
      vertex -5.53094 -1.26249 3
    endloop
  endfacet
  facet normal -0 0 1
    outer loop
      vertex -5.87121 1.10382 3
      vertex -5.69483 -1.16976 3
      vertex -5.69483 1.16976 3
    endloop
  endfacet
  facet normal 0 0 1
    outer loop
      vertex -5.87121 1.10382 3
      vertex -5.87121 -1.10382 3
      vertex -5.69483 -1.16976 3
    endloop
  endfacet
  facet normal 0 0 1
    outer loop
      vertex -5.87121 1.10382 3
      vertex -6.05573 -1.06628 3
      vertex -5.87121 -1.10382 3
    endloop
  endfacet
  facet normal 0 0 1
    outer loop
      vertex -5.87121 1.10382 3
      vertex -6.24385 -1.05806 3
      vertex -6.05573 -1.06628 3
    endloop
  endfacet
  facet normal 0 0 1
    outer loop
      vertex -5.87121 1.10382 3
      vertex -6.43094 -1.07938 3
      vertex -6.24385 -1.05806 3
    endloop
  endfacet
  facet normal 0 0 1
    outer loop
      vertex -5.87121 1.10382 3
      vertex -6.6124 -1.1297 3
      vertex -6.43094 -1.07938 3
    endloop
  endfacet
  facet normal 0 0 1
    outer loop
      vertex -5.87121 1.10382 3
      vertex -6.78374 -1.20779 3
      vertex -6.6124 -1.1297 3
    endloop
  endfacet
  facet normal 0 0 1
    outer loop
      vertex -5.87121 1.10382 3
      vertex -6.94076 -1.31172 3
      vertex -6.78374 -1.20779 3
    endloop
  endfacet
  facet normal 0 0 1
    outer loop
      vertex -5.87121 1.10382 3
      vertex -7.0796 -1.43893 3
      vertex -6.94076 -1.31172 3
    endloop
  endfacet
  facet normal 0 0 1
    outer loop
      vertex -17.3681 -2.89043 3
      vertex -7.0796 -1.43893 3
      vertex -5.87121 1.10382 3
    endloop
  endfacet
  facet normal -0 0 1
    outer loop
      vertex -18.1052 -3.03371 3
      vertex -15.3904 -10.6678 3
      vertex -17.731 -2.99108 3
    endloop
  endfacet
  facet normal -0 0 1
    outer loop
      vertex -17.731 -2.99108 3
      vertex -15.3904 -10.6678 3
      vertex -17.3681 -2.89043 3
    endloop
  endfacet
  facet normal 0 0 1
    outer loop
      vertex -7.0796 -1.43893 3
      vertex -17.3681 -2.89043 3
      vertex -15.3904 -10.6678 3
    endloop
  endfacet
  facet normal 0 0 1
    outer loop
      vertex 3.89154 4.5327 3
      vertex 2.29364 6.85058 3
      vertex 2.3344 6.66674 3
    endloop
  endfacet
  facet normal 0 0 1
    outer loop
      vertex 6.27514 16.851 3
      vertex -1.5434 18.6624 3
      vertex 6.18084 16.4864 3
    endloop
  endfacet
  facet normal 0 0 1
    outer loop
      vertex -1.68874 18.9671 3
      vertex 0.659149 23.0105 3
      vertex 0 23.0105 3
    endloop
  endfacet
  facet normal 0 0 1
    outer loop
      vertex 6.18084 16.4864 3
      vertex -1.5434 18.6624 3
      vertex 2.29364 6.85058 3
    endloop
  endfacet
  facet normal -0 0 1
    outer loop
      vertex 0.0540771 29.1299 3
      vertex 0 23.0105 3
      vertex 1.67226 29.1299 3
    endloop
  endfacet
  facet normal 0 0 1
    outer loop
      vertex -1.60185 23.0105 3
      vertex 0 23.0105 3
      vertex 0.0540771 29.1299 3
    endloop
  endfacet
  facet normal 0 0 1
    outer loop
      vertex -1.68874 18.9671 3
      vertex 0 23.0105 3
      vertex -1.60185 23.0105 3
    endloop
  endfacet
  facet normal 0 0 1
    outer loop
      vertex 0.659149 23.0105 3
      vertex -1.68874 18.9671 3
      vertex -1.5434 18.6624 3
    endloop
  endfacet
  facet normal -0 0 1
    outer loop
      vertex -2.261 23.0105 3
      vertex -1.68874 18.9671 3
      vertex -1.60185 23.0105 3
    endloop
  endfacet
  facet normal 0 0 1
    outer loop
      vertex -1.68874 18.9671 3
      vertex -2.261 23.0105 3
      vertex -2.9879 18.8648 3
    endloop
  endfacet
  facet normal 0 0 1
    outer loop
      vertex 0.755396 -5.36511 3
      vertex -2.54482 -4.78319 3
      vertex 0.582711 -5.44019 3
    endloop
  endfacet
  facet normal 0 0 1
    outer loop
      vertex -0.0537386 -6.52067 3
      vertex -2.10657 -5.59033 3
      vertex -0.169412 -17.6061 3
    endloop
  endfacet
  facet normal -0 -0 1
    outer loop
      vertex -2.2936 -5.0622 3
      vertex 0.4239 -5.54137 3
      vertex -2.40823 -4.91281 3
    endloop
  endfacet
  facet normal 0 0 1
    outer loop
      vertex -0.042243 -6.33272 3
      vertex -2.10657 -5.59033 3
      vertex -0.0537386 -6.52067 3
    endloop
  endfacet
  facet normal 0 0 1
    outer loop
      vertex 0.4239 -5.54137 3
      vertex -2.2936 -5.0622 3
      vertex 0.282869 -5.66614 3
    endloop
  endfacet
  facet normal 0 0 1
    outer loop
      vertex -0.00148773 -6.14888 3
      vertex -2.10657 -5.59033 3
      vertex -0.042243 -6.33272 3
    endloop
  endfacet
  facet normal -0 -0 1
    outer loop
      vertex -2.14089 -5.40518 3
      vertex 0.163095 -5.81144 3
      vertex -2.20374 -5.22768 3
    endloop
  endfacet
  facet normal 0 0 1
    outer loop
      vertex 0.0675249 -5.97369 3
      vertex -2.10657 -5.59033 3
      vertex -0.00148773 -6.14888 3
    endloop
  endfacet
  facet normal 0 0 1
    outer loop
      vertex 0.163095 -5.81144 3
      vertex -2.14089 -5.40518 3
      vertex 0.0675249 -5.97369 3
    endloop
  endfacet
  facet normal -0 -0 1
    outer loop
      vertex -2.10657 -5.59033 3
      vertex 0.0675249 -5.97369 3
      vertex -2.14089 -5.40518 3
    endloop
  endfacet
  facet normal -0 -0 1
    outer loop
      vertex -2.20374 -5.22768 3
      vertex 0.282869 -5.66614 3
      vertex -2.2936 -5.0622 3
    endloop
  endfacet
  facet normal 0 0 1
    outer loop
      vertex 0.282869 -5.66614 3
      vertex -2.20374 -5.22768 3
      vertex 0.163095 -5.81144 3
    endloop
  endfacet
  facet normal -0 -0 1
    outer loop
      vertex -2.40823 -4.91281 3
      vertex 0.582711 -5.44019 3
      vertex -2.54482 -4.78319 3
    endloop
  endfacet
  facet normal 0 0 1
    outer loop
      vertex 0.582711 -5.44019 3
      vertex -2.40823 -4.91281 3
      vertex 0.4239 -5.54137 3
    endloop
  endfacet
  facet normal 0 0 1
    outer loop
      vertex -5.02402 2.02836 3
      vertex -2.86996 4.59547 3
      vertex -5.0027 2.21545 3
    endloop
  endfacet
  facet normal -0 0 1
    outer loop
      vertex -2.86996 4.59547 3
      vertex -5.02402 2.02836 3
      vertex -2.7 4.67654 3
    endloop
  endfacet
  facet normal 0 0 1
    outer loop
      vertex -5.0027 2.21545 3
      vertex -2.86996 4.59547 3
      vertex -3.05051 4.54199 3
    endloop
  endfacet
  facet normal 0 0 1
    outer loop
      vertex -5.07434 1.84691 3
      vertex -2.7 4.67654 3
      vertex -5.02402 2.02836 3
    endloop
  endfacet
  facet normal 0 0 1
    outer loop
      vertex -5.0027 2.21545 3
      vertex -3.05051 4.54199 3
      vertex -3.2372 4.51741 3
    endloop
  endfacet
  facet normal 0 0 1
    outer loop
      vertex -2.7 -4.67654 3
      vertex -5.0027 -2.21545 3
      vertex -2.86996 -4.59547 3
    endloop
  endfacet
  facet normal 0 0 1
    outer loop
      vertex -5.01092 2.40358 3
      vertex -3.2372 4.51741 3
      vertex -3.42543 4.52234 3
    endloop
  endfacet
  facet normal 0 0 1
    outer loop
      vertex -2.86996 -4.59547 3
      vertex -5.0027 -2.21545 3
      vertex -3.05051 -4.54199 3
    endloop
  endfacet
  facet normal 0 0 1
    outer loop
      vertex -5.04846 2.5881 3
      vertex -3.42543 4.52234 3
      vertex -3.61058 4.55666 3
    endloop
  endfacet
  facet normal 0 0 1
    outer loop
      vertex -3.05051 -4.54199 3
      vertex -5.0027 -2.21545 3
      vertex -3.2372 -4.51741 3
    endloop
  endfacet
  facet normal 0 0 1
    outer loop
      vertex -5.1144 2.76447 3
      vertex -3.61058 4.55666 3
      vertex -3.78808 4.61951 3
    endloop
  endfacet
  facet normal -0 0 1
    outer loop
      vertex -5.01092 -2.40358 3
      vertex -3.2372 -4.51741 3
      vertex -5.0027 -2.21545 3
    endloop
  endfacet
  facet normal -0 0 1
    outer loop
      vertex -5.04846 -2.5881 3
      vertex -3.42543 -4.52234 3
      vertex -5.01092 -2.40358 3
    endloop
  endfacet
  facet normal 0 0 1
    outer loop
      vertex -3.42543 -4.52234 3
      vertex -5.04846 -2.5881 3
      vertex -3.61058 -4.55666 3
    endloop
  endfacet
  facet normal -0 0 1
    outer loop
      vertex -5.1144 -2.76447 3
      vertex -3.61058 -4.55666 3
      vertex -5.04846 -2.5881 3
    endloop
  endfacet
  facet normal 0 0 1
    outer loop
      vertex -3.61058 -4.55666 3
      vertex -5.1144 -2.76447 3
      vertex -3.78808 -4.61951 3
    endloop
  endfacet
  facet normal -0 0 1
    outer loop
      vertex -5.20713 -2.92836 3
      vertex -3.78808 -4.61951 3
      vertex -5.1144 -2.76447 3
    endloop
  endfacet
  facet normal 0 0 1
    outer loop
      vertex -3.78808 -4.61951 3
      vertex -5.20713 -2.92836 3
      vertex -3.95357 -4.70936 3
    endloop
  endfacet
  facet normal 0 0 1
    outer loop
      vertex -3.95357 -4.70936 3
      vertex -5.20713 -2.92836 3
      vertex -4.10296 -4.82399 3
    endloop
  endfacet
  facet normal 0 0 1
    outer loop
      vertex -4.10296 -4.82399 3
      vertex -5.20713 -2.92836 3
      vertex -4.23257 -4.96058 3
    endloop
  endfacet
  facet normal 0 0 1
    outer loop
      vertex -3.2372 -4.51741 3
      vertex -5.01092 -2.40358 3
      vertex -3.42543 -4.52234 3
    endloop
  endfacet
  facet normal 0 0 1
    outer loop
      vertex -3.2372 4.51741 3
      vertex -5.01092 2.40358 3
      vertex -5.0027 2.21545 3
    endloop
  endfacet
  facet normal 0 0 1
    outer loop
      vertex -3.42543 4.52234 3
      vertex -5.04846 2.5881 3
      vertex -5.01092 2.40358 3
    endloop
  endfacet
  facet normal 0 0 1
    outer loop
      vertex -3.61058 4.55666 3
      vertex -5.1144 2.76447 3
      vertex -5.04846 2.5881 3
    endloop
  endfacet
  facet normal 0 0 1
    outer loop
      vertex -3.78808 4.61951 3
      vertex -5.20713 2.92836 3
      vertex -5.1144 2.76447 3
    endloop
  endfacet
  facet normal 0 0 1
    outer loop
      vertex -3.78808 4.61951 3
      vertex -5.32435 3.07573 3
      vertex -5.20713 2.92836 3
    endloop
  endfacet
  facet normal 0 0 1
    outer loop
      vertex -3.78808 4.61951 3
      vertex -5.46318 3.20295 3
      vertex -5.32435 3.07573 3
    endloop
  endfacet
  facet normal 0 0 1
    outer loop
      vertex -3.78808 4.61951 3
      vertex -5.6202 3.30688 3
      vertex -5.46318 3.20295 3
    endloop
  endfacet
  facet normal 0 0 1
    outer loop
      vertex -3.78808 4.61951 3
      vertex -5.79155 3.38496 3
      vertex -5.6202 3.30688 3
    endloop
  endfacet
  facet normal 0 0 1
    outer loop
      vertex -3.78808 4.61951 3
      vertex -5.973 3.43528 3
      vertex -5.79155 3.38496 3
    endloop
  endfacet
  facet normal 0 0 1
    outer loop
      vertex -3.78808 4.61951 3
      vertex -6.16009 3.4566 3
      vertex -5.973 3.43528 3
    endloop
  endfacet
  facet normal 0 0 1
    outer loop
      vertex -3.78808 4.61951 3
      vertex -6.34821 3.44839 3
      vertex -6.16009 3.4566 3
    endloop
  endfacet
  facet normal 0 0 1
    outer loop
      vertex -15.1626 8.94978 3
      vertex -6.34821 3.44839 3
      vertex -3.78808 4.61951 3
    endloop
  endfacet
  facet normal 0 0 1
    outer loop
      vertex -18.6469 1.72073 3
      vertex -15.1626 8.94978 3
      vertex -15.5053 9.10595 3
    endloop
  endfacet
  facet normal 0 0 1
    outer loop
      vertex -15.1626 8.94978 3
      vertex -18.6469 1.72073 3
      vertex -6.34821 3.44839 3
    endloop
  endfacet
  facet normal 0 0 1
    outer loop
      vertex -15.8194 9.31381 3
      vertex -18.6469 1.72073 3
      vertex -15.5053 9.10595 3
    endloop
  endfacet
  facet normal 0 0 1
    outer loop
      vertex -16.097 9.56824 3
      vertex -18.6469 1.72073 3
      vertex -15.8194 9.31381 3
    endloop
  endfacet
  facet normal 0 0 1
    outer loop
      vertex -18.6469 1.72073 3
      vertex -16.097 9.56824 3
      vertex -16.3069 9.83203 3
    endloop
  endfacet
  facet normal 0 0 1
    outer loop
      vertex 16.9338 -7.99456 3
      vertex 11.8537 -14.4967 3
      vertex 11.963 -14.8233 3
    endloop
  endfacet
  facet normal 0 0 1
    outer loop
      vertex 16.9338 -7.99456 3
      vertex 11.6798 -14.1627 3
      vertex 11.8537 -14.4967 3
    endloop
  endfacet
  facet normal 0 0 1
    outer loop
      vertex 16.9338 -7.99456 3
      vertex 11.4558 -13.8599 3
      vertex 11.6798 -14.1627 3
    endloop
  endfacet
  facet normal 0 0 1
    outer loop
      vertex 16.9338 -7.99456 3
      vertex 11.1872 -13.596 3
      vertex 11.4558 -13.8599 3
    endloop
  endfacet
  facet normal 0 0 1
    outer loop
      vertex 4.78595 -5.41164 3
      vertex 11.1872 -13.596 3
      vertex 16.9338 -7.99456 3
    endloop
  endfacet
  facet normal 0 0 1
    outer loop
      vertex 1.97967 -5.63652 3
      vertex 4.78595 -5.41164 3
      vertex 4.60637 -5.35502 3
    endloop
  endfacet
  facet normal 0 0 1
    outer loop
      vertex 1.97967 -5.63652 3
      vertex 4.60637 -5.35502 3
      vertex 4.43785 -5.271 3
    endloop
  endfacet
  facet normal 0 0 1
    outer loop
      vertex 1.97967 -5.63652 3
      vertex 4.43785 -5.271 3
      vertex 4.28455 -5.16165 3
    endloop
  endfacet
  facet normal 0 0 1
    outer loop
      vertex 1.97967 -5.63652 3
      vertex 4.28455 -5.16165 3
      vertex 4.15024 -5.02967 3
    endloop
  endfacet
  facet normal 0 0 1
    outer loop
      vertex 3.85882 4.15869 3
      vertex 1.67212 5.42118 3
      vertex 3.88665 3.97246 3
    endloop
  endfacet
  facet normal -0 0 1
    outer loop
      vertex 1.49692 5.35217 3
      vertex 3.88665 3.97246 3
      vertex 1.67212 5.42118 3
    endloop
  endfacet
  facet normal 0 0 1
    outer loop
      vertex 3.88665 3.97246 3
      vertex 1.49692 5.35217 3
      vertex 3.94327 3.79287 3
    endloop
  endfacet
  facet normal -0 0 1
    outer loop
      vertex 1.31309 5.31141 3
      vertex 3.94327 3.79287 3
      vertex 1.49692 5.35217 3
    endloop
  endfacet
  facet normal 0 0 1
    outer loop
      vertex 3.94327 3.79287 3
      vertex 1.31309 5.31141 3
      vertex 4.02729 3.62435 3
    endloop
  endfacet
  facet normal -0 0 1
    outer loop
      vertex 1.12513 5.29991 3
      vertex 4.02729 3.62435 3
      vertex 1.31309 5.31141 3
    endloop
  endfacet
  facet normal 0 0 1
    outer loop
      vertex 0.937699 5.31796 3
      vertex 4.02729 3.62435 3
      vertex 1.12513 5.29991 3
    endloop
  endfacet
  facet normal 0 0 1
    outer loop
      vertex 4.78595 -5.41164 3
      vertex 1.97967 -5.63652 3
      vertex 11.1872 -13.596 3
    endloop
  endfacet
  facet normal 0 0 1
    outer loop
      vertex 4.03823 -4.8783 3
      vertex 1.97967 -5.63652 3
      vertex 4.15024 -5.02967 3
    endloop
  endfacet
  facet normal 0 0 1
    outer loop
      vertex 3.95129 -4.71128 3
      vertex 1.97967 -5.63652 3
      vertex 4.03823 -4.8783 3
    endloop
  endfacet
  facet normal 0 0 1
    outer loop
      vertex 3.89154 -4.5327 3
      vertex 1.97967 -5.63652 3
      vertex 3.95129 -4.71128 3
    endloop
  endfacet
  facet normal 0 0 1
    outer loop
      vertex 4.02729 3.62435 3
      vertex 0.937699 5.31796 3
      vertex 4.02729 -3.62435 3
    endloop
  endfacet
  facet normal 0 0 1
    outer loop
      vertex 0.937699 -5.31796 3
      vertex 4.02729 -3.62435 3
      vertex 0.937699 5.31796 3
    endloop
  endfacet
  facet normal 0 0 1
    outer loop
      vertex 3.89154 -4.5327 3
      vertex 1.83437 -5.51675 3
      vertex 1.97967 -5.63652 3
    endloop
  endfacet
  facet normal 0 -0 1
    outer loop
      vertex 1.12513 -5.29991 3
      vertex 4.02729 -3.62435 3
      vertex 0.937699 -5.31796 3
    endloop
  endfacet
  facet normal 0 0 1
    outer loop
      vertex 3.86046 -4.34698 3
      vertex 1.83437 -5.51675 3
      vertex 3.89154 -4.5327 3
    endloop
  endfacet
  facet normal 0 0 1
    outer loop
      vertex 3.94327 -3.79287 3
      vertex 1.31309 -5.31141 3
      vertex 3.88665 -3.97246 3
    endloop
  endfacet
  facet normal 0 -0 1
    outer loop
      vertex 1.83437 -5.51675 3
      vertex 3.86046 -4.34698 3
      vertex 1.67212 -5.42118 3
    endloop
  endfacet
  facet normal 0 -0 1
    outer loop
      vertex 1.49692 -5.35217 3
      vertex 3.88665 -3.97246 3
      vertex 1.31309 -5.31141 3
    endloop
  endfacet
  facet normal 0 0 1
    outer loop
      vertex 3.85882 -4.15869 3
      vertex 1.67212 -5.42118 3
      vertex 3.86046 -4.34698 3
    endloop
  endfacet
  facet normal 0 0 1
    outer loop
      vertex 3.88665 -3.97246 3
      vertex 1.49692 -5.35217 3
      vertex 3.85882 -4.15869 3
    endloop
  endfacet
  facet normal 0 -0 1
    outer loop
      vertex 1.67212 -5.42118 3
      vertex 3.85882 -4.15869 3
      vertex 1.49692 -5.35217 3
    endloop
  endfacet
  facet normal 0 0 1
    outer loop
      vertex 4.02729 -3.62435 3
      vertex 1.12513 -5.29991 3
      vertex 3.94327 -3.79287 3
    endloop
  endfacet
  facet normal 0 -0 1
    outer loop
      vertex 1.31309 -5.31141 3
      vertex 3.94327 -3.79287 3
      vertex 1.12513 -5.29991 3
    endloop
  endfacet
  facet normal 0 0 1
    outer loop
      vertex 0.582711 5.44019 3
      vertex -2.40823 4.91281 3
      vertex 0.755396 5.36511 3
    endloop
  endfacet
  facet normal 0 0 1
    outer loop
      vertex -2.40823 4.91281 3
      vertex 0.582711 5.44019 3
      vertex -2.2936 5.0622 3
    endloop
  endfacet
  facet normal 0 0 1
    outer loop
      vertex -2.20374 5.22768 3
      vertex 0.282869 5.66614 3
      vertex -2.14089 5.40518 3
    endloop
  endfacet
  facet normal 0 0 1
    outer loop
      vertex 0.282869 5.66614 3
      vertex -2.20374 5.22768 3
      vertex 0.4239 5.54137 3
    endloop
  endfacet
  facet normal 0 0 1
    outer loop
      vertex 0.163095 5.81144 3
      vertex -2.14089 5.40518 3
      vertex 0.282869 5.66614 3
    endloop
  endfacet
  facet normal 0 0 1
    outer loop
      vertex -2.2936 5.0622 3
      vertex 0.4239 5.54137 3
      vertex -2.20374 5.22768 3
    endloop
  endfacet
  facet normal 0 0 1
    outer loop
      vertex -2.14089 5.40518 3
      vertex 0.163095 5.81144 3
      vertex -2.10657 5.59033 3
    endloop
  endfacet
  facet normal 0 0 1
    outer loop
      vertex 0.4239 5.54137 3
      vertex -2.2936 5.0622 3
      vertex 0.582711 5.44019 3
    endloop
  endfacet
  facet normal 0 0 1
    outer loop
      vertex 0.0675249 5.97369 3
      vertex -2.10657 5.59033 3
      vertex 0.163095 5.81144 3
    endloop
  endfacet
  facet normal 0 0 1
    outer loop
      vertex -2.54482 4.78319 3
      vertex 0.755396 5.36511 3
      vertex -2.40823 4.91281 3
    endloop
  endfacet
  facet normal 0 0 1
    outer loop
      vertex -2.10657 5.59033 3
      vertex 0.0675249 5.97369 3
      vertex -2.10164 5.77857 3
    endloop
  endfacet
  facet normal 0 0 1
    outer loop
      vertex 0.755396 5.36511 3
      vertex -2.54482 4.78319 3
      vertex 0.937699 5.31796 3
    endloop
  endfacet
  facet normal 0 0 1
    outer loop
      vertex -2.7 4.67654 3
      vertex 0.937699 5.31796 3
      vertex -2.54482 4.78319 3
    endloop
  endfacet
  facet normal 0 0 1
    outer loop
      vertex 0.937699 5.31796 3
      vertex -2.7 4.67654 3
      vertex 0.937699 -5.31796 3
    endloop
  endfacet
  facet normal -0 0 1
    outer loop
      vertex -2.7 -4.67654 3
      vertex 0.937699 -5.31796 3
      vertex -2.7 4.67654 3
    endloop
  endfacet
  facet normal 0 0 1
    outer loop
      vertex 7.83323 -17.009 3
      vertex -0.169412 -17.6061 3
      vertex -0.133315 -17.981 3
    endloop
  endfacet
  facet normal 0 0 1
    outer loop
      vertex 0.937699 -5.31796 3
      vertex -2.7 -4.67654 3
      vertex 0.755396 -5.36511 3
    endloop
  endfacet
  facet normal -0 -0 1
    outer loop
      vertex -2.54482 -4.78319 3
      vertex 0.755396 -5.36511 3
      vertex -2.7 -4.67654 3
    endloop
  endfacet
  facet normal 0 0 1
    outer loop
      vertex 0.0675249 5.97369 3
      vertex -2.12622 5.96526 3
      vertex -2.10164 5.77857 3
    endloop
  endfacet
  facet normal 0 0 1
    outer loop
      vertex 0.0675249 5.97369 3
      vertex -2.1797 6.14581 3
      vertex -2.12622 5.96526 3
    endloop
  endfacet
  facet normal 0 0 1
    outer loop
      vertex 0.0675249 5.97369 3
      vertex -2.26077 6.31577 3
      vertex -2.1797 6.14581 3
    endloop
  endfacet
  facet normal 0 0 1
    outer loop
      vertex 0.0675249 5.97369 3
      vertex -2.36742 6.47095 3
      vertex -2.26077 6.31577 3
    endloop
  endfacet
  facet normal 0 0 1
    outer loop
      vertex 0.0675249 5.97369 3
      vertex -2.49704 6.60754 3
      vertex -2.36742 6.47095 3
    endloop
  endfacet
  facet normal 0 0 1
    outer loop
      vertex 0.0675249 5.97369 3
      vertex -2.64643 6.72217 3
      vertex -2.49704 6.60754 3
    endloop
  endfacet
  facet normal 0 0 1
    outer loop
      vertex -5.86245 16.6023 3
      vertex -2.64643 6.72217 3
      vertex 0.0675249 5.97369 3
    endloop
  endfacet
  facet normal 0 0 1
    outer loop
      vertex -13.1783 13.3041 3
      vertex -5.86245 16.6023 3
      vertex -6.02459 16.9422 3
    endloop
  endfacet
  facet normal 0 0 1
    outer loop
      vertex -5.86245 16.6023 3
      vertex -13.1783 13.3041 3
      vertex -2.64643 6.72217 3
    endloop
  endfacet
  facet normal 0 0 1
    outer loop
      vertex -6.13155 17.3033 3
      vertex -13.1783 13.3041 3
      vertex -6.02459 16.9422 3
    endloop
  endfacet
  facet normal 0 0 1
    outer loop
      vertex -13.1783 13.3041 3
      vertex -6.13155 17.3033 3
      vertex -6.1807 17.6767 3
    endloop
  endfacet
  facet normal 0 0 1
    outer loop
      vertex 81.5 31 3
      vertex 75.1 0 3
      vertex 81.5 -31 3
    endloop
  endfacet
  facet normal 0 0 1
    outer loop
      vertex 81.5 31 3
      vertex 75.0803 0.250295 3
      vertex 75.1 0 3
    endloop
  endfacet
  facet normal 0 0 1
    outer loop
      vertex 81.5 31 3
      vertex 75.0217 0.494427 3
      vertex 75.0803 0.250295 3
    endloop
  endfacet
  facet normal 0 0 1
    outer loop
      vertex 81.5 31 3
      vertex 74.9256 0.726384 3
      vertex 75.0217 0.494427 3
    endloop
  endfacet
  facet normal 0 0 1
    outer loop
      vertex 81.5 31 3
      vertex 74.7944 0.940456 3
      vertex 74.9256 0.726384 3
    endloop
  endfacet
  facet normal 0 0 1
    outer loop
      vertex 81.5 31 3
      vertex 74.6314 1.13137 3
      vertex 74.7944 0.940456 3
    endloop
  endfacet
  facet normal 0 0 1
    outer loop
      vertex 81.5 31 3
      vertex 74.4405 1.29443 3
      vertex 74.6314 1.13137 3
    endloop
  endfacet
  facet normal 0 0 1
    outer loop
      vertex 81.5 31 3
      vertex 74.2264 1.42561 3
      vertex 74.4405 1.29443 3
    endloop
  endfacet
  facet normal 0 0 1
    outer loop
      vertex 81.5 31 3
      vertex 73.9944 1.52169 3
      vertex 74.2264 1.42561 3
    endloop
  endfacet
  facet normal 0 0 1
    outer loop
      vertex 81.5 31 3
      vertex 73.7503 1.5803 3
      vertex 73.9944 1.52169 3
    endloop
  endfacet
  facet normal 0 0 1
    outer loop
      vertex 81.5 31 3
      vertex 73.5 1.6 3
      vertex 73.7503 1.5803 3
    endloop
  endfacet
  facet normal 0 0 1
    outer loop
      vertex 81.5 31 3
      vertex 73.2497 1.5803 3
      vertex 73.5 1.6 3
    endloop
  endfacet
  facet normal 0 0 1
    outer loop
      vertex 81.5 31 3
      vertex 73.0056 1.52169 3
      vertex 73.2497 1.5803 3
    endloop
  endfacet
  facet normal 0 0 1
    outer loop
      vertex 81.5 31 3
      vertex 72.7736 1.42561 3
      vertex 73.0056 1.52169 3
    endloop
  endfacet
  facet normal 0 0 1
    outer loop
      vertex 81.5 31 3
      vertex 72.5595 1.29443 3
      vertex 72.7736 1.42561 3
    endloop
  endfacet
  facet normal 0 0 1
    outer loop
      vertex 81.5 31 3
      vertex 72.3686 1.13137 3
      vertex 72.5595 1.29443 3
    endloop
  endfacet
  facet normal -0 0 1
    outer loop
      vertex 17.0182 8.67122 3
      vertex 72.3686 1.13137 3
      vertex 81.5 31 3
    endloop
  endfacet
  facet normal 0 0 1
    outer loop
      vertex 72.3686 1.13137 3
      vertex 17.0182 8.67122 3
      vertex 72.2056 0.940456 3
    endloop
  endfacet
  facet normal -0 -0 1
    outer loop
      vertex 18.1652 5.90222 3
      vertex 72.2056 0.940456 3
      vertex 17.0182 8.67122 3
    endloop
  endfacet
  facet normal 0 0 1
    outer loop
      vertex 18.3912 4.96064 3
      vertex 71.9 0 3
      vertex 71.9197 0.250295 3
    endloop
  endfacet
  facet normal 0 0 1
    outer loop
      vertex 18.3912 4.96064 3
      vertex 71.9197 0.250295 3
      vertex 71.9783 0.494427 3
    endloop
  endfacet
  facet normal 0 0 1
    outer loop
      vertex 72.2056 0.940456 3
      vertex 18.1652 5.90222 3
      vertex 72.0744 0.726384 3
    endloop
  endfacet
  facet normal 0 0 1
    outer loop
      vertex 71.9 0 3
      vertex 18.3912 4.96064 3
      vertex 18.7009 -3.67081 3
    endloop
  endfacet
  facet normal 0 0 1
    outer loop
      vertex 18.7009 -3.67081 3
      vertex 18.3912 4.96064 3
      vertex 18.3988 -3.48569 3
    endloop
  endfacet
  facet normal 0 0 1
    outer loop
      vertex 72.0744 0.726384 3
      vertex 18.3912 4.96064 3
      vertex 71.9783 0.494427 3
    endloop
  endfacet
  facet normal -0 -0 1
    outer loop
      vertex 18.3912 4.96064 3
      vertex 72.0744 0.726384 3
      vertex 18.1652 5.90222 3
    endloop
  endfacet
  facet normal 0 0 1
    outer loop
      vertex 81.5 31 3
      vertex 16.6886 9.20919 3
      vertex 17.0182 8.67122 3
    endloop
  endfacet
  facet normal -0 0 1
    outer loop
      vertex 10.9067 15.6483 3
      vertex 16.6886 9.20919 3
      vertex 81.5 31 3
    endloop
  endfacet
  facet normal 0 0 1
    outer loop
      vertex 16.6886 9.20919 3
      vertex 10.9067 15.6483 3
      vertex 16.3349 9.15633 3
    endloop
  endfacet
  facet normal 0 0 1
    outer loop
      vertex 15.9757 9.04308 3
      vertex 10.8136 15.2883 3
      vertex 15.6387 8.87504 3
    endloop
  endfacet
  facet normal 0 0 1
    outer loop
      vertex 16.3349 9.15633 3
      vertex 10.8136 15.2883 3
      vertex 15.9757 9.04308 3
    endloop
  endfacet
  facet normal -0 0 1
    outer loop
      vertex 10.8136 15.2883 3
      vertex 16.3349 9.15633 3
      vertex 10.9067 15.6483 3
    endloop
  endfacet
  facet normal -0 0 1
    outer loop
      vertex 2.31509 29.1299 3
      vertex 10.9067 15.6483 3
      vertex 81.5 31 3
    endloop
  endfacet
  facet normal 0 0 1
    outer loop
      vertex 10.9067 15.6483 3
      vertex 2.31509 29.1299 3
      vertex 8.67122 17.0182 3
    endloop
  endfacet
  facet normal -0 0 1
    outer loop
      vertex 1.83437 5.51675 3
      vertex 3.86046 4.34698 3
      vertex 1.97967 5.63652 3
    endloop
  endfacet
  facet normal -0 0 1
    outer loop
      vertex 2.2807 6.10905 3
      vertex 3.89154 4.5327 3
      vertex 2.32785 6.29135 3
    endloop
  endfacet
  facet normal -0 0 1
    outer loop
      vertex 2.32785 6.29135 3
      vertex 3.89154 4.5327 3
      vertex 2.34589 6.47879 3
    endloop
  endfacet
  facet normal -0 0 1
    outer loop
      vertex 2.29364 6.85058 3
      vertex 3.89154 4.5327 3
      vertex 6.18084 16.4864 3
    endloop
  endfacet
  facet normal -0 0 1
    outer loop
      vertex -1.5434 18.6624 3
      vertex 6.42531 17.1964 3
      vertex 0.659149 23.0105 3
    endloop
  endfacet
  facet normal 0 0 1
    outer loop
      vertex 3.89154 4.5327 3
      vertex 2.3344 6.66674 3
      vertex 2.34589 6.47879 3
    endloop
  endfacet
  facet normal 0 0 1
    outer loop
      vertex 6.42531 17.1964 3
      vertex -1.5434 18.6624 3
      vertex 6.27514 16.851 3
    endloop
  endfacet
  facet normal 0 0 1
    outer loop
      vertex 6.62766 17.514 3
      vertex 0.659149 23.0105 3
      vertex 6.42531 17.1964 3
    endloop
  endfacet
  facet normal 0 0 1
    outer loop
      vertex 6.85471 17.7706 3
      vertex 0.659149 23.0105 3
      vertex 6.62766 17.514 3
    endloop
  endfacet
  facet normal -0 0 1
    outer loop
      vertex 0.659149 23.0105 3
      vertex 6.85471 17.7706 3
      vertex 2.31509 29.1299 3
    endloop
  endfacet
  facet normal 0 0 1
    outer loop
      vertex 8.67122 17.0182 3
      vertex 2.31509 29.1299 3
      vertex 6.85471 17.7706 3
    endloop
  endfacet
  facet normal 0 0 1
    outer loop
      vertex 81.5 31 3
      vertex 1.67226 29.1299 3
      vertex 2.31509 29.1299 3
    endloop
  endfacet
  facet normal 0 0 1
    outer loop
      vertex 81.5 31 3
      vertex 0.0540771 29.1299 3
      vertex 1.67226 29.1299 3
    endloop
  endfacet
  facet normal 0 0 1
    outer loop
      vertex 81.5 31 3
      vertex -0.588745 29.1299 3
      vertex 0.0540771 29.1299 3
    endloop
  endfacet
  facet normal 0 0 1
    outer loop
      vertex -2.261 23.0105 3
      vertex -5.90222 18.1652 3
      vertex -2.9879 18.8648 3
    endloop
  endfacet
  facet normal 0 0 1
    outer loop
      vertex -6.17069 18.054 3
      vertex -2.261 23.0105 3
      vertex -0.588745 29.1299 3
    endloop
  endfacet
  facet normal 0 0 1
    outer loop
      vertex -2.261 23.0105 3
      vertex -6.17069 18.054 3
      vertex -5.90222 18.1652 3
    endloop
  endfacet
  facet normal 0 0 1
    outer loop
      vertex -6.17085 18.0532 3
      vertex -13.1783 13.3041 3
      vertex -6.1807 17.6767 3
    endloop
  endfacet
  facet normal 0 0 1
    outer loop
      vertex -13.5209 13.4603 3
      vertex -6.17085 18.0532 3
      vertex -6.17069 18.054 3
    endloop
  endfacet
  facet normal 0 0 1
    outer loop
      vertex -13.54 13.4656 3
      vertex -6.17069 18.054 3
      vertex -0.588745 29.1299 3
    endloop
  endfacet
  facet normal 0 0 1
    outer loop
      vertex -6.17085 18.0532 3
      vertex -13.5209 13.4603 3
      vertex -13.1783 13.3041 3
    endloop
  endfacet
  facet normal 0 0 1
    outer loop
      vertex -6.17069 18.054 3
      vertex -13.54 13.4656 3
      vertex -13.5209 13.4603 3
    endloop
  endfacet
  facet normal 0 0 1
    outer loop
      vertex -81.5 31 3
      vertex -13.54 13.4656 3
      vertex -0.588745 29.1299 3
    endloop
  endfacet
  facet normal 0 0 1
    outer loop
      vertex -16.3069 9.83203 3
      vertex -18.9717 1.63066 3
      vertex -18.6469 1.72073 3
    endloop
  endfacet
  facet normal -0 0 1
    outer loop
      vertex -71.9197 0.250295 3
      vertex -19.1 0 3
      vertex -18.9717 1.63066 3
    endloop
  endfacet
  facet normal 0 0 1
    outer loop
      vertex -72.0744 0.726384 3
      vertex -18.9717 1.63066 3
      vertex -16.3069 9.83203 3
    endloop
  endfacet
  facet normal 0 0 1
    outer loop
      vertex -81.5 31 3
      vertex -16.3069 9.83203 3
      vertex -15.4522 11.2267 3
    endloop
  endfacet
  facet normal 0 0 1
    outer loop
      vertex -13.54 13.4656 3
      vertex -81.5 31 3
      vertex -15.4522 11.2267 3
    endloop
  endfacet
  facet normal 0 0 1
    outer loop
      vertex -19.1 0 3
      vertex -71.9197 0.250295 3
      vertex -71.9 0 3
    endloop
  endfacet
  facet normal 0 0 1
    outer loop
      vertex -18.9717 1.63066 3
      vertex -71.9783 0.494427 3
      vertex -71.9197 0.250295 3
    endloop
  endfacet
  facet normal 0 0 1
    outer loop
      vertex -18.9717 1.63066 3
      vertex -72.0744 0.726384 3
      vertex -71.9783 0.494427 3
    endloop
  endfacet
  facet normal 0 0 1
    outer loop
      vertex -16.3069 9.83203 3
      vertex -72.2056 0.940456 3
      vertex -72.0744 0.726384 3
    endloop
  endfacet
  facet normal 0 0 1
    outer loop
      vertex -16.3069 9.83203 3
      vertex -81.5 31 3
      vertex -72.3686 1.13137 3
    endloop
  endfacet
  facet normal 0 0 1
    outer loop
      vertex -16.3069 9.83203 3
      vertex -72.3686 1.13137 3
      vertex -72.2056 0.940456 3
    endloop
  endfacet
  facet normal 0 0 1
    outer loop
      vertex -72.3686 1.13137 3
      vertex -81.5 31 3
      vertex -72.5595 1.29443 3
    endloop
  endfacet
  facet normal 0 0 1
    outer loop
      vertex -72.5595 1.29443 3
      vertex -81.5 31 3
      vertex -72.7736 1.42561 3
    endloop
  endfacet
  facet normal 0 0 1
    outer loop
      vertex -72.7736 1.42561 3
      vertex -81.5 31 3
      vertex -73.0056 1.52169 3
    endloop
  endfacet
  facet normal 0 0 1
    outer loop
      vertex -73.0056 1.52169 3
      vertex -81.5 31 3
      vertex -73.2497 1.5803 3
    endloop
  endfacet
  facet normal 0 0 1
    outer loop
      vertex -73.2497 1.5803 3
      vertex -81.5 31 3
      vertex -73.5 1.6 3
    endloop
  endfacet
  facet normal 0 0 1
    outer loop
      vertex -73.5 1.6 3
      vertex -81.5 31 3
      vertex -73.7503 1.5803 3
    endloop
  endfacet
  facet normal 0 0 1
    outer loop
      vertex -75.0803 0.250295 3
      vertex -81.5 31 3
      vertex -75.1 0 3
    endloop
  endfacet
  facet normal 0 0 1
    outer loop
      vertex -75.0217 0.494427 3
      vertex -81.5 31 3
      vertex -75.0803 0.250295 3
    endloop
  endfacet
  facet normal 0 0 1
    outer loop
      vertex -74.9256 0.726384 3
      vertex -81.5 31 3
      vertex -75.0217 0.494427 3
    endloop
  endfacet
  facet normal 0 0 1
    outer loop
      vertex -74.7944 0.940456 3
      vertex -81.5 31 3
      vertex -74.9256 0.726384 3
    endloop
  endfacet
  facet normal 0 0 1
    outer loop
      vertex -74.6314 1.13137 3
      vertex -81.5 31 3
      vertex -74.7944 0.940456 3
    endloop
  endfacet
  facet normal 0 0 1
    outer loop
      vertex -74.4405 1.29443 3
      vertex -81.5 31 3
      vertex -74.6314 1.13137 3
    endloop
  endfacet
  facet normal 0 0 1
    outer loop
      vertex -74.2264 1.42561 3
      vertex -81.5 31 3
      vertex -74.4405 1.29443 3
    endloop
  endfacet
  facet normal 0 0 1
    outer loop
      vertex -73.9944 1.52169 3
      vertex -81.5 31 3
      vertex -74.2264 1.42561 3
    endloop
  endfacet
  facet normal 0 0 1
    outer loop
      vertex -73.7503 1.5803 3
      vertex -81.5 31 3
      vertex -73.9944 1.52169 3
    endloop
  endfacet
  facet normal -0 0 1
    outer loop
      vertex -81.5 31 3
      vertex -0.588745 29.1299 3
      vertex 81.5 31 3
    endloop
  endfacet
  facet normal -0 0 1
    outer loop
      vertex 75.0803 -0.250295 3
      vertex 81.5 -31 3
      vertex 75.1 0 3
    endloop
  endfacet
  facet normal -0 0 1
    outer loop
      vertex 75.0217 -0.494427 3
      vertex 81.5 -31 3
      vertex 75.0803 -0.250295 3
    endloop
  endfacet
  facet normal -0 0 1
    outer loop
      vertex 74.9256 -0.726384 3
      vertex 81.5 -31 3
      vertex 75.0217 -0.494427 3
    endloop
  endfacet
  facet normal -0 0 1
    outer loop
      vertex 74.7944 -0.940456 3
      vertex 81.5 -31 3
      vertex 74.9256 -0.726384 3
    endloop
  endfacet
  facet normal -0 0 1
    outer loop
      vertex 74.6314 -1.13137 3
      vertex 81.5 -31 3
      vertex 74.7944 -0.940456 3
    endloop
  endfacet
  facet normal -0 0 1
    outer loop
      vertex 74.4405 -1.29443 3
      vertex 81.5 -31 3
      vertex 74.6314 -1.13137 3
    endloop
  endfacet
  facet normal -0 0 1
    outer loop
      vertex 74.2264 -1.42561 3
      vertex 81.5 -31 3
      vertex 74.4405 -1.29443 3
    endloop
  endfacet
  facet normal -0 0 1
    outer loop
      vertex 73.9944 -1.52169 3
      vertex 81.5 -31 3
      vertex 74.2264 -1.42561 3
    endloop
  endfacet
  facet normal -0 0 1
    outer loop
      vertex 73.7503 -1.5803 3
      vertex 81.5 -31 3
      vertex 73.9944 -1.52169 3
    endloop
  endfacet
  facet normal -0 0 1
    outer loop
      vertex 73.5 -1.6 3
      vertex 81.5 -31 3
      vertex 73.7503 -1.5803 3
    endloop
  endfacet
  facet normal 0 0 1
    outer loop
      vertex 73.2497 -1.5803 3
      vertex 81.5 -31 3
      vertex 73.5 -1.6 3
    endloop
  endfacet
  facet normal 0 0 1
    outer loop
      vertex 73.0056 -1.52169 3
      vertex 81.5 -31 3
      vertex 73.2497 -1.5803 3
    endloop
  endfacet
  facet normal 0 0 1
    outer loop
      vertex 72.7736 -1.42561 3
      vertex 81.5 -31 3
      vertex 73.0056 -1.52169 3
    endloop
  endfacet
  facet normal 0 0 1
    outer loop
      vertex 72.5595 -1.29443 3
      vertex 81.5 -31 3
      vertex 72.7736 -1.42561 3
    endloop
  endfacet
  facet normal 0 0 1
    outer loop
      vertex 72.3686 -1.13137 3
      vertex 81.5 -31 3
      vertex 72.5595 -1.29443 3
    endloop
  endfacet
  facet normal 0 0 1
    outer loop
      vertex 17.287 -8.02236 3
      vertex 72.3686 -1.13137 3
      vertex 72.2056 -0.940456 3
    endloop
  endfacet
  facet normal 0 0 1
    outer loop
      vertex 18.1652 -5.90222 3
      vertex 72.2056 -0.940456 3
      vertex 72.0744 -0.726384 3
    endloop
  endfacet
  facet normal 0 0 1
    outer loop
      vertex 18.1652 -5.90222 3
      vertex 72.0744 -0.726384 3
      vertex 71.9783 -0.494427 3
    endloop
  endfacet
  facet normal 0 0 1
    outer loop
      vertex 18.7009 -3.67081 3
      vertex 71.9197 -0.250295 3
      vertex 71.9 0 3
    endloop
  endfacet
  facet normal 0 0 1
    outer loop
      vertex 18.7009 -3.67081 3
      vertex 71.9783 -0.494427 3
      vertex 71.9197 -0.250295 3
    endloop
  endfacet
  facet normal 0 0 1
    outer loop
      vertex 18.1652 -5.90222 3
      vertex 71.9783 -0.494427 3
      vertex 18.7009 -3.67081 3
    endloop
  endfacet
  facet normal 0 0 1
    outer loop
      vertex 72.2056 -0.940456 3
      vertex 18.1652 -5.90222 3
      vertex 17.287 -8.02236 3
    endloop
  endfacet
  facet normal 0 0 1
    outer loop
      vertex 72.3686 -1.13137 3
      vertex 17.287 -8.02236 3
      vertex 81.5 -31 3
    endloop
  endfacet
  facet normal 0 0 1
    outer loop
      vertex 11.963 -14.8233 3
      vertex 17.287 -8.02236 3
      vertex 16.9338 -7.99456 3
    endloop
  endfacet
  facet normal 0 0 1
    outer loop
      vertex 17.287 -8.02236 3
      vertex 11.963 -14.8233 3
      vertex 81.5 -31 3
    endloop
  endfacet
  facet normal -0 0 1
    outer loop
      vertex 11.2267 -15.4522 3
      vertex 81.5 -31 3
      vertex 11.963 -14.8233 3
    endloop
  endfacet
  facet normal -0 0 1
    outer loop
      vertex 8.67122 -17.0182 3
      vertex 81.5 -31 3
      vertex 11.2267 -15.4522 3
    endloop
  endfacet
  facet normal -0 0 1
    outer loop
      vertex 8.0883 -17.2597 3
      vertex 81.5 -31 3
      vertex 8.67122 -17.0182 3
    endloop
  endfacet
  facet normal 0 0 1
    outer loop
      vertex -0.169412 -17.6061 3
      vertex -0.0356913 -6.70811 3
      vertex -0.0537386 -6.52067 3
    endloop
  endfacet
  facet normal 0 0 1
    outer loop
      vertex -0.169412 -17.6061 3
      vertex 0.0114555 -6.89041 3
      vertex -0.0356913 -6.70811 3
    endloop
  endfacet
  facet normal 0 0 1
    outer loop
      vertex -0.169412 -17.6061 3
      vertex 0.0865402 -7.0631 3
      vertex 0.0114555 -6.89041 3
    endloop
  endfacet
  facet normal 0 0 1
    outer loop
      vertex -0.169412 -17.6061 3
      vertex 0.187715 -7.22191 3
      vertex 0.0865402 -7.0631 3
    endloop
  endfacet
  facet normal 0 0 1
    outer loop
      vertex -0.169412 -17.6061 3
      vertex 7.83323 -17.009 3
      vertex 0.187715 -7.22191 3
    endloop
  endfacet
  facet normal 0 0 1
    outer loop
      vertex -0.156306 -18.3569 3
      vertex 7.83323 -17.009 3
      vertex -0.133315 -17.981 3
    endloop
  endfacet
  facet normal 0 0 1
    outer loop
      vertex -0.237819 -18.7246 3
      vertex 7.83323 -17.009 3
      vertex -0.156306 -18.3569 3
    endloop
  endfacet
  facet normal 0 0 1
    outer loop
      vertex 7.83323 -17.009 3
      vertex -0.237819 -18.7246 3
      vertex 8.0883 -17.2597 3
    endloop
  endfacet
  facet normal 0 0 1
    outer loop
      vertex -0.374106 -19.0706 3
      vertex 8.0883 -17.2597 3
      vertex -0.237819 -18.7246 3
    endloop
  endfacet
  facet normal 0 0 1
    outer loop
      vertex 8.0883 -17.2597 3
      vertex -0.374106 -19.0706 3
      vertex 81.5 -31 3
    endloop
  endfacet
  facet normal 0 0 1
    outer loop
      vertex -81.5 -31 3
      vertex -0.374106 -19.0706 3
      vertex -2.9879 -18.8648 3
    endloop
  endfacet
  facet normal 0 0 1
    outer loop
      vertex -4.23257 -4.96058 3
      vertex -5.20713 -2.92836 3
      vertex -4.33923 -5.11577 3
    endloop
  endfacet
  facet normal 0 0 1
    outer loop
      vertex -4.33923 -5.11577 3
      vertex -5.20713 -2.92836 3
      vertex -4.4203 -5.28573 3
    endloop
  endfacet
  facet normal 0 0 1
    outer loop
      vertex -4.4203 -5.28573 3
      vertex -5.20713 -2.92836 3
      vertex -4.47378 -5.46627 3
    endloop
  endfacet
  facet normal 0 0 1
    outer loop
      vertex -4.47378 -5.46627 3
      vertex -5.20713 -2.92836 3
      vertex -4.49835 -5.65296 3
    endloop
  endfacet
  facet normal 0 0 1
    outer loop
      vertex -11.4468 -13.3782 3
      vertex -4.49835 -5.65296 3
      vertex -5.20713 -2.92836 3
    endloop
  endfacet
  facet normal 0 0 1
    outer loop
      vertex -4.49835 -5.65296 3
      vertex -11.4468 -13.3782 3
      vertex -4.93258 -18.0648 3
    endloop
  endfacet
  facet normal -0 0 1
    outer loop
      vertex -11.6601 -13.6885 3
      vertex -4.93258 -18.0648 3
      vertex -11.4468 -13.3782 3
    endloop
  endfacet
  facet normal -0 0 1
    outer loop
      vertex -11.9193 -13.9617 3
      vertex -4.93258 -18.0648 3
      vertex -11.6601 -13.6885 3
    endloop
  endfacet
  facet normal -0 0 1
    outer loop
      vertex -12.2181 -14.191 3
      vertex -4.93258 -18.0648 3
      vertex -11.9193 -13.9617 3
    endloop
  endfacet
  facet normal 0 0 1
    outer loop
      vertex -4.93258 -18.0648 3
      vertex -12.2181 -14.191 3
      vertex -4.89974 -18.4059 3
    endloop
  endfacet
  facet normal -0 0 1
    outer loop
      vertex -12.5148 -14.3521 3
      vertex -4.89974 -18.4059 3
      vertex -12.2181 -14.191 3
    endloop
  endfacet
  facet normal 0 0 1
    outer loop
      vertex -18.4814 -3.01728 3
      vertex -15.3904 -10.6678 3
      vertex -18.1052 -3.03371 3
    endloop
  endfacet
  facet normal 0 0 1
    outer loop
      vertex -15.3904 -10.6678 3
      vertex -18.4814 -3.01728 3
      vertex -15.6037 -10.9782 3
    endloop
  endfacet
  facet normal 0 0 1
    outer loop
      vertex -18.8504 -2.9422 3
      vertex -15.6037 -10.9782 3
      vertex -18.4814 -3.01728 3
    endloop
  endfacet
  facet normal 0 0 1
    outer loop
      vertex -15.6037 -10.9782 3
      vertex -18.8504 -2.9422 3
      vertex -15.6041 -10.9789 3
    endloop
  endfacet
  facet normal 0 0 1
    outer loop
      vertex -18.869 -2.93526 3
      vertex -15.6041 -10.9789 3
      vertex -18.8504 -2.9422 3
    endloop
  endfacet
  facet normal 0 0 1
    outer loop
      vertex -71.9197 -0.250295 3
      vertex -19.1 0 3
      vertex -71.9 0 3
    endloop
  endfacet
  facet normal 0 0 1
    outer loop
      vertex -19.1 0 3
      vertex -71.9197 -0.250295 3
      vertex -18.869 -2.93526 3
    endloop
  endfacet
  facet normal -0 0 1
    outer loop
      vertex -71.9783 -0.494427 3
      vertex -18.869 -2.93526 3
      vertex -71.9197 -0.250295 3
    endloop
  endfacet
  facet normal -0 0 1
    outer loop
      vertex -72.0744 -0.726384 3
      vertex -18.869 -2.93526 3
      vertex -71.9783 -0.494427 3
    endloop
  endfacet
  facet normal -0 0 1
    outer loop
      vertex -72.2056 -0.940456 3
      vertex -18.869 -2.93526 3
      vertex -72.0744 -0.726384 3
    endloop
  endfacet
  facet normal 0 0 1
    outer loop
      vertex -18.869 -2.93526 3
      vertex -72.2056 -0.940456 3
      vertex -15.6041 -10.9789 3
    endloop
  endfacet
  facet normal -0 0 1
    outer loop
      vertex -72.3686 -1.13137 3
      vertex -15.6041 -10.9789 3
      vertex -72.2056 -0.940456 3
    endloop
  endfacet
  facet normal 0 0 1
    outer loop
      vertex -81.5 -31 3
      vertex -15.6041 -10.9789 3
      vertex -72.3686 -1.13137 3
    endloop
  endfacet
  facet normal 0 0 1
    outer loop
      vertex -15.6041 -10.9789 3
      vertex -81.5 -31 3
      vertex -15.4522 -11.2267 3
    endloop
  endfacet
  facet normal 0 0 1
    outer loop
      vertex -15.4522 -11.2267 3
      vertex -81.5 -31 3
      vertex -13.5057 -13.5057 3
    endloop
  endfacet
  facet normal 0 0 1
    outer loop
      vertex -13.5057 -13.5057 3
      vertex -81.5 -31 3
      vertex -12.5148 -14.3521 3
    endloop
  endfacet
  facet normal 0 0 1
    outer loop
      vertex -81.5 -31 3
      vertex -72.3686 -1.13137 3
      vertex -72.5595 -1.29443 3
    endloop
  endfacet
  facet normal 0 0 1
    outer loop
      vertex -81.5 -31 3
      vertex -72.5595 -1.29443 3
      vertex -72.7736 -1.42561 3
    endloop
  endfacet
  facet normal 0 0 1
    outer loop
      vertex -81.5 -31 3
      vertex -72.7736 -1.42561 3
      vertex -73.0056 -1.52169 3
    endloop
  endfacet
  facet normal 0 0 1
    outer loop
      vertex -81.5 -31 3
      vertex -73.0056 -1.52169 3
      vertex -73.2497 -1.5803 3
    endloop
  endfacet
  facet normal 0 0 1
    outer loop
      vertex -81.5 -31 3
      vertex -73.2497 -1.5803 3
      vertex -73.5 -1.6 3
    endloop
  endfacet
  facet normal 0 0 1
    outer loop
      vertex -81.5 -31 3
      vertex -73.5 -1.6 3
      vertex -73.7503 -1.5803 3
    endloop
  endfacet
  facet normal 0 0 1
    outer loop
      vertex -81.5 -31 3
      vertex -73.7503 -1.5803 3
      vertex -73.9944 -1.52169 3
    endloop
  endfacet
  facet normal 0 0 1
    outer loop
      vertex -81.5 -31 3
      vertex -75.1 0 3
      vertex -81.5 31 3
    endloop
  endfacet
  facet normal 0 0 1
    outer loop
      vertex -0.374106 -19.0706 3
      vertex -81.5 -31 3
      vertex 81.5 -31 3
    endloop
  endfacet
  facet normal 0 0 1
    outer loop
      vertex -4.89974 -18.4059 3
      vertex -81.5 -31 3
      vertex -2.9879 -18.8648 3
    endloop
  endfacet
  facet normal 0 0 1
    outer loop
      vertex -12.5148 -14.3521 3
      vertex -81.5 -31 3
      vertex -4.89974 -18.4059 3
    endloop
  endfacet
  facet normal 0 0 1
    outer loop
      vertex -74.2264 -1.42561 3
      vertex -81.5 -31 3
      vertex -73.9944 -1.52169 3
    endloop
  endfacet
  facet normal 0 0 1
    outer loop
      vertex -74.4405 -1.29443 3
      vertex -81.5 -31 3
      vertex -74.2264 -1.42561 3
    endloop
  endfacet
  facet normal 0 0 1
    outer loop
      vertex -74.6314 -1.13137 3
      vertex -81.5 -31 3
      vertex -74.4405 -1.29443 3
    endloop
  endfacet
  facet normal 0 0 1
    outer loop
      vertex -74.7944 -0.940456 3
      vertex -81.5 -31 3
      vertex -74.6314 -1.13137 3
    endloop
  endfacet
  facet normal 0 0 1
    outer loop
      vertex -74.9256 -0.726384 3
      vertex -81.5 -31 3
      vertex -74.7944 -0.940456 3
    endloop
  endfacet
  facet normal 0 0 1
    outer loop
      vertex -75.0217 -0.494427 3
      vertex -81.5 -31 3
      vertex -74.9256 -0.726384 3
    endloop
  endfacet
  facet normal 0 0 1
    outer loop
      vertex -75.0803 -0.250295 3
      vertex -81.5 -31 3
      vertex -75.0217 -0.494427 3
    endloop
  endfacet
  facet normal 0 0 1
    outer loop
      vertex -75.1 0 3
      vertex -81.5 -31 3
      vertex -75.0803 -0.250295 3
    endloop
  endfacet
  facet normal -0 0 1
    outer loop
      vertex 18.1108 4.76064 3
      vertex 18.3988 -3.48569 3
      vertex 18.3912 4.96064 3
    endloop
  endfacet
  facet normal 0 0 1
    outer loop
      vertex 18.1108 4.76064 3
      vertex 18.0509 -3.34157 3
      vertex 18.3988 -3.48569 3
    endloop
  endfacet
  facet normal 0 0 1
    outer loop
      vertex 18.1108 4.76064 3
      vertex 17.6847 -3.25366 3
      vertex 18.0509 -3.34157 3
    endloop
  endfacet
  facet normal 0 0 1
    outer loop
      vertex 18.1108 4.76064 3
      vertex 17.3092 -3.22411 3
      vertex 17.6847 -3.25366 3
    endloop
  endfacet
  facet normal -0 0 1
    outer loop
      vertex 7.14479 -1.06921 3
      vertex 17.3092 -3.22411 3
      vertex 18.1108 4.76064 3
    endloop
  endfacet
  facet normal 0 0 1
    outer loop
      vertex 5.1396 -3.04532 3
      vertex 7.14479 -1.06921 3
      vertex 6.97082 -1.14127 3
    endloop
  endfacet
  facet normal 0 0 1
    outer loop
      vertex 5.1396 -3.04532 3
      vertex 6.97082 -1.14127 3
      vertex 6.78772 -1.18523 3
    endloop
  endfacet
  facet normal 0 0 1
    outer loop
      vertex 5.1396 -3.04532 3
      vertex 6.78772 -1.18523 3
      vertex 6.6 -1.2 3
    endloop
  endfacet
  facet normal 0 0 1
    outer loop
      vertex 5.1396 -3.04532 3
      vertex 6.6 -1.2 3
      vertex 6.41228 -1.18523 3
    endloop
  endfacet
  facet normal 0 0 1
    outer loop
      vertex 4.58702 3.13779 3
      vertex 5.53079 0.544788 3
      vertex 4.76559 3.07804 3
    endloop
  endfacet
  facet normal 0 0 1
    outer loop
      vertex 5.53079 0.544788 3
      vertex 4.58702 3.13779 3
      vertex 5.45873 0.37082 3
    endloop
  endfacet
  facet normal 0 0 1
    outer loop
      vertex 7.14479 -1.06921 3
      vertex 5.1396 -3.04532 3
      vertex 17.3092 -3.22411 3
    endloop
  endfacet
  facet normal 0 0 1
    outer loop
      vertex 6.22918 -1.14127 3
      vertex 5.1396 -3.04532 3
      vertex 6.41228 -1.18523 3
    endloop
  endfacet
  facet normal 0 0 1
    outer loop
      vertex 6.05521 -1.06921 3
      vertex 5.1396 -3.04532 3
      vertex 6.22918 -1.14127 3
    endloop
  endfacet
  facet normal 0 0 1
    outer loop
      vertex 5.89466 -0.970819 3
      vertex 5.1396 -3.04532 3
      vertex 6.05521 -1.06921 3
    endloop
  endfacet
  facet normal 0 0 1
    outer loop
      vertex 5.75147 -0.848528 3
      vertex 5.1396 -3.04532 3
      vertex 5.89466 -0.970819 3
    endloop
  endfacet
  facet normal 0 0 1
    outer loop
      vertex 4.95131 -3.04696 3
      vertex 5.75147 -0.848528 3
      vertex 5.62918 -0.705342 3
    endloop
  endfacet
  facet normal 0 0 1
    outer loop
      vertex 4.76559 -3.07804 3
      vertex 5.62918 -0.705342 3
      vertex 5.53079 -0.544788 3
    endloop
  endfacet
  facet normal 0 0 1
    outer loop
      vertex 4.58702 -3.13779 3
      vertex 5.53079 -0.544788 3
      vertex 5.45873 -0.37082 3
    endloop
  endfacet
  facet normal 0 0 1
    outer loop
      vertex 4.41999 -3.22474 3
      vertex 5.45873 -0.37082 3
      vertex 5.41477 -0.187721 3
    endloop
  endfacet
  facet normal 0 0 1
    outer loop
      vertex 4.41999 3.22474 3
      vertex 5.45873 0.37082 3
      vertex 4.58702 3.13779 3
    endloop
  endfacet
  facet normal 0 0 1
    outer loop
      vertex 5.45873 0.37082 3
      vertex 4.41999 3.22474 3
      vertex 5.41477 0.187721 3
    endloop
  endfacet
  facet normal 0 0 1
    outer loop
      vertex 5.75147 -0.848528 3
      vertex 4.95131 -3.04696 3
      vertex 5.1396 -3.04532 3
    endloop
  endfacet
  facet normal 0 0 1
    outer loop
      vertex 4.26862 3.33675 3
      vertex 5.41477 0.187721 3
      vertex 4.41999 3.22474 3
    endloop
  endfacet
  facet normal 0 0 1
    outer loop
      vertex 5.62918 -0.705342 3
      vertex 4.76559 -3.07804 3
      vertex 4.95131 -3.04696 3
    endloop
  endfacet
  facet normal 0 0 1
    outer loop
      vertex 5.41477 0.187721 3
      vertex 4.26862 3.33675 3
      vertex 5.4 0 3
    endloop
  endfacet
  facet normal 0 0 1
    outer loop
      vertex 5.53079 -0.544788 3
      vertex 4.58702 -3.13779 3
      vertex 4.76559 -3.07804 3
    endloop
  endfacet
  facet normal 0 0 1
    outer loop
      vertex 4.13664 3.47105 3
      vertex 5.4 0 3
      vertex 4.26862 3.33675 3
    endloop
  endfacet
  facet normal 0 0 1
    outer loop
      vertex 5.45873 -0.37082 3
      vertex 4.41999 -3.22474 3
      vertex 4.58702 -3.13779 3
    endloop
  endfacet
  facet normal 0 0 1
    outer loop
      vertex 4.13664 -3.47105 3
      vertex 5.4 0 3
      vertex 4.13664 3.47105 3
    endloop
  endfacet
  facet normal 0 0 1
    outer loop
      vertex 5.41477 -0.187721 3
      vertex 4.26862 -3.33675 3
      vertex 4.41999 -3.22474 3
    endloop
  endfacet
  facet normal 0 0 1
    outer loop
      vertex 5.4 0 3
      vertex 4.13664 -3.47105 3
      vertex 5.41477 -0.187721 3
    endloop
  endfacet
  facet normal 0 0 1
    outer loop
      vertex 5.41477 -0.187721 3
      vertex 4.13664 -3.47105 3
      vertex 4.26862 -3.33675 3
    endloop
  endfacet
  facet normal 0 0 1
    outer loop
      vertex 4.02729 3.62435 3
      vertex 4.13664 -3.47105 3
      vertex 4.13664 3.47105 3
    endloop
  endfacet
  facet normal 0 0 1
    outer loop
      vertex 4.02729 3.62435 3
      vertex 4.02729 -3.62435 3
      vertex 4.13664 -3.47105 3
    endloop
  endfacet
  facet normal 0 0 1
    outer loop
      vertex 3.86046 4.34698 3
      vertex 1.83437 5.51675 3
      vertex 3.85882 4.15869 3
    endloop
  endfacet
  facet normal -0 0 1
    outer loop
      vertex 1.67212 5.42118 3
      vertex 3.85882 4.15869 3
      vertex 1.83437 5.51675 3
    endloop
  endfacet
  facet normal -0 0 1
    outer loop
      vertex 2.10444 5.77755 3
      vertex 3.89154 4.5327 3
      vertex 2.20562 5.93637 3
    endloop
  endfacet
  facet normal -0 0 1
    outer loop
      vertex 1.97967 5.63652 3
      vertex 3.89154 4.5327 3
      vertex 2.10444 5.77755 3
    endloop
  endfacet
  facet normal -0 0 1
    outer loop
      vertex 2.20562 5.93637 3
      vertex 3.89154 4.5327 3
      vertex 2.2807 6.10905 3
    endloop
  endfacet
  facet normal 0 0 1
    outer loop
      vertex 3.89154 4.5327 3
      vertex 1.97967 5.63652 3
      vertex 3.86046 4.34698 3
    endloop
  endfacet
  facet normal 0 0 1
    outer loop
      vertex 15.6387 8.87504 3
      vertex 10.8136 15.2883 3
      vertex 15.3321 8.65635 3
    endloop
  endfacet
  facet normal 0 0 1
    outer loop
      vertex 6.1605 3.77352 3
      vertex 15.3321 8.65635 3
      vertex 10.8136 15.2883 3
    endloop
  endfacet
  facet normal 0 0 1
    outer loop
      vertex 5.89466 0.970819 3
      vertex 6.1605 3.77352 3
      vertex 6.07355 3.60649 3
    endloop
  endfacet
  facet normal 0 0 1
    outer loop
      vertex 5.89466 0.970819 3
      vertex 6.07355 3.60649 3
      vertex 5.96154 3.45513 3
    endloop
  endfacet
  facet normal -0 0 1
    outer loop
      vertex 6.1605 3.77352 3
      vertex 5.89466 0.970819 3
      vertex 15.3321 8.65635 3
    endloop
  endfacet
  facet normal -0 0 1
    outer loop
      vertex 5.82724 3.32314 3
      vertex 5.89466 0.970819 3
      vertex 5.96154 3.45513 3
    endloop
  endfacet
  facet normal -0 0 1
    outer loop
      vertex 5.67394 3.2138 3
      vertex 5.89466 0.970819 3
      vertex 5.82724 3.32314 3
    endloop
  endfacet
  facet normal -0 0 1
    outer loop
      vertex 5.50542 3.12978 3
      vertex 5.89466 0.970819 3
      vertex 5.67394 3.2138 3
    endloop
  endfacet
  facet normal -0 0 1
    outer loop
      vertex 5.32583 3.07315 3
      vertex 5.89466 0.970819 3
      vertex 5.50542 3.12978 3
    endloop
  endfacet
  facet normal -0 0 1
    outer loop
      vertex 5.1396 3.04532 3
      vertex 5.89466 0.970819 3
      vertex 5.32583 3.07315 3
    endloop
  endfacet
  facet normal 0 0 1
    outer loop
      vertex 5.89466 0.970819 3
      vertex 5.1396 3.04532 3
      vertex 5.75147 0.848528 3
    endloop
  endfacet
  facet normal 0 0 1
    outer loop
      vertex 4.95131 3.04696 3
      vertex 5.75147 0.848528 3
      vertex 5.1396 3.04532 3
    endloop
  endfacet
  facet normal 0 0 1
    outer loop
      vertex 5.75147 0.848528 3
      vertex 4.95131 3.04696 3
      vertex 5.62918 0.705342 3
    endloop
  endfacet
  facet normal 0 0 1
    outer loop
      vertex 4.76559 3.07804 3
      vertex 5.62918 0.705342 3
      vertex 4.95131 3.04696 3
    endloop
  endfacet
  facet normal 0 0 1
    outer loop
      vertex 5.62918 0.705342 3
      vertex 4.76559 3.07804 3
      vertex 5.53079 0.544788 3
    endloop
  endfacet
  facet normal 1 -0 0
    outer loop
      vertex 81.5 -31 3
      vertex 81.5 31 0
      vertex 81.5 31 3
    endloop
  endfacet
  facet normal 1 0 0
    outer loop
      vertex 81.5 31 0
      vertex 81.5 -31 3
      vertex 81.5 -31 0
    endloop
  endfacet
  facet normal 0 0 -1
    outer loop
      vertex -2.7 -4.67654 0
      vertex -5.07434 -1.84691 0
      vertex -2.7 4.67654 0
    endloop
  endfacet
  facet normal 0 0 -1
    outer loop
      vertex -2.7 4.67654 0
      vertex -5.02402 2.02836 0
      vertex -5.0027 2.21545 0
    endloop
  endfacet
  facet normal 0 0 -1
    outer loop
      vertex -5.07434 1.84691 0
      vertex -2.7 4.67654 0
      vertex -5.07434 -1.84691 0
    endloop
  endfacet
  facet normal 0 0 -1
    outer loop
      vertex -2.7 4.67654 0
      vertex -5.07434 1.84691 0
      vertex -5.02402 2.02836 0
    endloop
  endfacet
  facet normal 0 0 -1
    outer loop
      vertex -5.15243 -1.67556 0
      vertex -5.07434 1.84691 0
      vertex -5.07434 -1.84691 0
    endloop
  endfacet
  facet normal 0 0 -1
    outer loop
      vertex -5.15243 -1.67556 0
      vertex -5.15243 1.67556 0
      vertex -5.07434 1.84691 0
    endloop
  endfacet
  facet normal 0 0 -1
    outer loop
      vertex -5.25636 -1.51854 0
      vertex -5.15243 1.67556 0
      vertex -5.15243 -1.67556 0
    endloop
  endfacet
  facet normal 0 0 -1
    outer loop
      vertex -5.25636 -1.51854 0
      vertex -5.25636 1.51854 0
      vertex -5.15243 1.67556 0
    endloop
  endfacet
  facet normal 0 0 -1
    outer loop
      vertex -5.38357 -1.37971 0
      vertex -5.25636 1.51854 0
      vertex -5.25636 -1.51854 0
    endloop
  endfacet
  facet normal 0 0 -1
    outer loop
      vertex -5.38357 -1.37971 0
      vertex -5.38357 1.37971 0
      vertex -5.25636 1.51854 0
    endloop
  endfacet
  facet normal 0 0 -1
    outer loop
      vertex -5.53094 -1.26249 0
      vertex -5.38357 1.37971 0
      vertex -5.38357 -1.37971 0
    endloop
  endfacet
  facet normal 0 0 -1
    outer loop
      vertex -5.53094 -1.26249 0
      vertex -5.53094 1.26249 0
      vertex -5.38357 1.37971 0
    endloop
  endfacet
  facet normal 0 0 -1
    outer loop
      vertex -5.69483 -1.16976 0
      vertex -5.53094 1.26249 0
      vertex -5.53094 -1.26249 0
    endloop
  endfacet
  facet normal 0 0 -1
    outer loop
      vertex -5.69483 -1.16976 0
      vertex -5.69483 1.16976 0
      vertex -5.53094 1.26249 0
    endloop
  endfacet
  facet normal 0 0 -1
    outer loop
      vertex -5.87121 -1.10382 0
      vertex -5.69483 1.16976 0
      vertex -5.69483 -1.16976 0
    endloop
  endfacet
  facet normal 0 0 -1
    outer loop
      vertex -5.87121 -1.10382 0
      vertex -5.87121 1.10382 0
      vertex -5.69483 1.16976 0
    endloop
  endfacet
  facet normal 0 0 -1
    outer loop
      vertex -6.05573 -1.06628 0
      vertex -5.87121 1.10382 0
      vertex -5.87121 -1.10382 0
    endloop
  endfacet
  facet normal 0 0 -1
    outer loop
      vertex -6.24385 -1.05806 0
      vertex -5.87121 1.10382 0
      vertex -6.05573 -1.06628 0
    endloop
  endfacet
  facet normal 0 0 -1
    outer loop
      vertex -6.43094 -1.07938 0
      vertex -5.87121 1.10382 0
      vertex -6.24385 -1.05806 0
    endloop
  endfacet
  facet normal 0 0 -1
    outer loop
      vertex -6.6124 -1.1297 0
      vertex -5.87121 1.10382 0
      vertex -6.43094 -1.07938 0
    endloop
  endfacet
  facet normal 0 0 -1
    outer loop
      vertex -6.78374 -1.20779 0
      vertex -5.87121 1.10382 0
      vertex -6.6124 -1.1297 0
    endloop
  endfacet
  facet normal 0 0 -1
    outer loop
      vertex -6.94076 -1.31172 0
      vertex -5.87121 1.10382 0
      vertex -6.78374 -1.20779 0
    endloop
  endfacet
  facet normal 0 0 -1
    outer loop
      vertex -7.0796 -1.43893 0
      vertex -5.87121 1.10382 0
      vertex -6.94076 -1.31172 0
    endloop
  endfacet
  facet normal 0 0 -1
    outer loop
      vertex -17.3681 -2.89043 0
      vertex -7.0796 -1.43893 0
      vertex -15.3904 -10.6678 0
    endloop
  endfacet
  facet normal -0 0 -1
    outer loop
      vertex -7.0796 -1.43893 0
      vertex -17.3681 -2.89043 0
      vertex -5.87121 1.10382 0
    endloop
  endfacet
  facet normal 0 0 -1
    outer loop
      vertex -18.4814 -3.01728 0
      vertex -15.3904 -10.6678 0
      vertex -15.6037 -10.9782 0
    endloop
  endfacet
  facet normal 0 0 -1
    outer loop
      vertex -18.8504 -2.9422 0
      vertex -15.6037 -10.9782 0
      vertex -15.6041 -10.9789 0
    endloop
  endfacet
  facet normal 0 0 -1
    outer loop
      vertex 0.4239 -5.54137 0
      vertex -2.2936 -5.0622 0
      vertex 0.582711 -5.44019 0
    endloop
  endfacet
  facet normal 0 0 -1
    outer loop
      vertex 0.755396 5.36511 0
      vertex -2.10657 5.59033 0
      vertex -2.10164 5.77857 0
    endloop
  endfacet
  facet normal 0 0 -1
    outer loop
      vertex -2.40823 -4.91281 0
      vertex 0.582711 -5.44019 0
      vertex -2.2936 -5.0622 0
    endloop
  endfacet
  facet normal 0 0 -1
    outer loop
      vertex 0.755396 5.36511 0
      vertex -2.14089 5.40518 0
      vertex -2.10657 5.59033 0
    endloop
  endfacet
  facet normal 0 0 -1
    outer loop
      vertex 0.582711 -5.44019 0
      vertex -2.40823 -4.91281 0
      vertex 0.755396 -5.36511 0
    endloop
  endfacet
  facet normal -0 0 -1
    outer loop
      vertex 0.755396 5.36511 0
      vertex -2.20374 5.22768 0
      vertex -2.14089 5.40518 0
    endloop
  endfacet
  facet normal 0 0 -1
    outer loop
      vertex -2.54482 -4.78319 0
      vertex 0.755396 -5.36511 0
      vertex -2.40823 -4.91281 0
    endloop
  endfacet
  facet normal 0 0 -1
    outer loop
      vertex 0.755396 5.36511 0
      vertex -2.2936 5.0622 0
      vertex -2.20374 5.22768 0
    endloop
  endfacet
  facet normal 0 0 -1
    outer loop
      vertex -2.7 -4.67654 0
      vertex 0.755396 -5.36511 0
      vertex -2.54482 -4.78319 0
    endloop
  endfacet
  facet normal 0 0 -1
    outer loop
      vertex 0.755396 5.36511 0
      vertex -2.40823 4.91281 0
      vertex -2.2936 5.0622 0
    endloop
  endfacet
  facet normal 0 0 -1
    outer loop
      vertex 0.755396 -5.36511 0
      vertex -2.7 -4.67654 0
      vertex 0.755396 5.36511 0
    endloop
  endfacet
  facet normal 0 0 -1
    outer loop
      vertex 0.755396 5.36511 0
      vertex -2.54482 4.78319 0
      vertex -2.40823 4.91281 0
    endloop
  endfacet
  facet normal 0 0 -1
    outer loop
      vertex -2.7 4.67654 0
      vertex 0.755396 5.36511 0
      vertex -2.7 -4.67654 0
    endloop
  endfacet
  facet normal 0 0 -1
    outer loop
      vertex 0.755396 5.36511 0
      vertex -2.7 4.67654 0
      vertex -2.54482 4.78319 0
    endloop
  endfacet
  facet normal 0 0 -1
    outer loop
      vertex -5.02402 -2.02836 0
      vertex -2.86996 -4.59547 0
      vertex -5.0027 -2.21545 0
    endloop
  endfacet
  facet normal 0 0 -1
    outer loop
      vertex -2.86996 -4.59547 0
      vertex -5.02402 -2.02836 0
      vertex -2.7 -4.67654 0
    endloop
  endfacet
  facet normal 0 0 -1
    outer loop
      vertex -5.0027 -2.21545 0
      vertex -2.86996 -4.59547 0
      vertex -3.05051 -4.54199 0
    endloop
  endfacet
  facet normal 0 0 -1
    outer loop
      vertex -5.07434 -1.84691 0
      vertex -2.7 -4.67654 0
      vertex -5.02402 -2.02836 0
    endloop
  endfacet
  facet normal 0 0 -1
    outer loop
      vertex -5.0027 -2.21545 0
      vertex -3.05051 -4.54199 0
      vertex -3.2372 -4.51741 0
    endloop
  endfacet
  facet normal 0 0 -1
    outer loop
      vertex -2.7 4.67654 0
      vertex -5.0027 2.21545 0
      vertex -2.86996 4.59547 0
    endloop
  endfacet
  facet normal 0 0 -1
    outer loop
      vertex -5.01092 -2.40358 0
      vertex -3.2372 -4.51741 0
      vertex -3.42543 -4.52234 0
    endloop
  endfacet
  facet normal 0 0 -1
    outer loop
      vertex -2.86996 4.59547 0
      vertex -5.0027 2.21545 0
      vertex -3.05051 4.54199 0
    endloop
  endfacet
  facet normal 0 0 -1
    outer loop
      vertex -5.04846 -2.5881 0
      vertex -3.42543 -4.52234 0
      vertex -3.61058 -4.55666 0
    endloop
  endfacet
  facet normal 0 0 -1
    outer loop
      vertex -3.05051 4.54199 0
      vertex -5.0027 2.21545 0
      vertex -3.2372 4.51741 0
    endloop
  endfacet
  facet normal 0 0 -1
    outer loop
      vertex -5.1144 -2.76447 0
      vertex -3.61058 -4.55666 0
      vertex -3.78808 -4.61951 0
    endloop
  endfacet
  facet normal 0 0 -1
    outer loop
      vertex -5.01092 2.40358 0
      vertex -3.2372 4.51741 0
      vertex -5.0027 2.21545 0
    endloop
  endfacet
  facet normal 0 0 -1
    outer loop
      vertex -5.20713 -2.92836 0
      vertex -3.78808 -4.61951 0
      vertex -3.95357 -4.70936 0
    endloop
  endfacet
  facet normal 0 0 -1
    outer loop
      vertex -5.20713 -2.92836 0
      vertex -3.95357 -4.70936 0
      vertex -4.10296 -4.82399 0
    endloop
  endfacet
  facet normal 0 0 -1
    outer loop
      vertex -5.20713 -2.92836 0
      vertex -4.10296 -4.82399 0
      vertex -4.23257 -4.96058 0
    endloop
  endfacet
  facet normal 0 0 -1
    outer loop
      vertex -5.20713 -2.92836 0
      vertex -4.23257 -4.96058 0
      vertex -4.33923 -5.11577 0
    endloop
  endfacet
  facet normal 0 0 -1
    outer loop
      vertex -5.20713 -2.92836 0
      vertex -4.33923 -5.11577 0
      vertex -4.4203 -5.28573 0
    endloop
  endfacet
  facet normal 0 0 -1
    outer loop
      vertex -5.20713 -2.92836 0
      vertex -4.4203 -5.28573 0
      vertex -4.47378 -5.46627 0
    endloop
  endfacet
  facet normal 0 0 -1
    outer loop
      vertex -5.20713 -2.92836 0
      vertex -4.47378 -5.46627 0
      vertex -4.49835 -5.65296 0
    endloop
  endfacet
  facet normal 0 0 -1
    outer loop
      vertex -11.4468 -13.3782 0
      vertex -4.49835 -5.65296 0
      vertex -4.93258 -18.0648 0
    endloop
  endfacet
  facet normal -0 0 -1
    outer loop
      vertex -3.2372 4.51741 0
      vertex -5.01092 2.40358 0
      vertex -3.42543 4.52234 0
    endloop
  endfacet
  facet normal 0 0 -1
    outer loop
      vertex -5.04846 2.5881 0
      vertex -3.42543 4.52234 0
      vertex -5.01092 2.40358 0
    endloop
  endfacet
  facet normal -0 0 -1
    outer loop
      vertex -3.42543 4.52234 0
      vertex -5.04846 2.5881 0
      vertex -3.61058 4.55666 0
    endloop
  endfacet
  facet normal 0 0 -1
    outer loop
      vertex -5.1144 2.76447 0
      vertex -3.61058 4.55666 0
      vertex -5.04846 2.5881 0
    endloop
  endfacet
  facet normal -0 0 -1
    outer loop
      vertex -3.61058 4.55666 0
      vertex -5.1144 2.76447 0
      vertex -3.78808 4.61951 0
    endloop
  endfacet
  facet normal 0 0 -1
    outer loop
      vertex -5.20713 2.92836 0
      vertex -3.78808 4.61951 0
      vertex -5.1144 2.76447 0
    endloop
  endfacet
  facet normal 0 0 -1
    outer loop
      vertex -5.32435 3.07573 0
      vertex -3.78808 4.61951 0
      vertex -5.20713 2.92836 0
    endloop
  endfacet
  facet normal 0 0 -1
    outer loop
      vertex -5.46318 3.20295 0
      vertex -3.78808 4.61951 0
      vertex -5.32435 3.07573 0
    endloop
  endfacet
  facet normal 0 0 -1
    outer loop
      vertex -5.6202 3.30688 0
      vertex -3.78808 4.61951 0
      vertex -5.46318 3.20295 0
    endloop
  endfacet
  facet normal 0 0 -1
    outer loop
      vertex -5.79155 3.38496 0
      vertex -3.78808 4.61951 0
      vertex -5.6202 3.30688 0
    endloop
  endfacet
  facet normal 0 0 -1
    outer loop
      vertex -5.973 3.43528 0
      vertex -3.78808 4.61951 0
      vertex -5.79155 3.38496 0
    endloop
  endfacet
  facet normal 0 0 -1
    outer loop
      vertex -6.16009 3.4566 0
      vertex -3.78808 4.61951 0
      vertex -5.973 3.43528 0
    endloop
  endfacet
  facet normal 0 0 -1
    outer loop
      vertex -6.34821 3.44839 0
      vertex -3.78808 4.61951 0
      vertex -6.16009 3.4566 0
    endloop
  endfacet
  facet normal 0 0 -1
    outer loop
      vertex -6.34821 3.44839 0
      vertex -15.1626 8.94978 0
      vertex -3.78808 4.61951 0
    endloop
  endfacet
  facet normal 0 0 -1
    outer loop
      vertex -18.6469 1.72073 0
      vertex -15.1626 8.94978 0
      vertex -6.34821 3.44839 0
    endloop
  endfacet
  facet normal -0 0 -1
    outer loop
      vertex -16.097 9.56824 0
      vertex -18.6469 1.72073 0
      vertex -16.3069 9.83203 0
    endloop
  endfacet
  facet normal -0 0 -1
    outer loop
      vertex -15.8194 9.31381 0
      vertex -18.6469 1.72073 0
      vertex -16.097 9.56824 0
    endloop
  endfacet
  facet normal -0 0 -1
    outer loop
      vertex -15.5053 9.10595 0
      vertex -18.6469 1.72073 0
      vertex -15.8194 9.31381 0
    endloop
  endfacet
  facet normal -0 0 -1
    outer loop
      vertex -15.1626 8.94978 0
      vertex -18.6469 1.72073 0
      vertex -15.5053 9.10595 0
    endloop
  endfacet
  facet normal 0 0 -1
    outer loop
      vertex 16.3349 9.15633 0
      vertex 10.8136 15.2883 0
      vertex 10.9067 15.6483 0
    endloop
  endfacet
  facet normal -0 0 -1
    outer loop
      vertex 15.3321 8.65635 0
      vertex 6.1605 3.77352 0
      vertex 10.8136 15.2883 0
    endloop
  endfacet
  facet normal 0 0 -1
    outer loop
      vertex 5.89466 0.970819 0
      vertex 6.1605 3.77352 0
      vertex 15.3321 8.65635 0
    endloop
  endfacet
  facet normal 0 0 -1
    outer loop
      vertex 6.1605 3.77352 0
      vertex 5.89466 0.970819 0
      vertex 6.07355 3.60649 0
    endloop
  endfacet
  facet normal 0 0 -1
    outer loop
      vertex 6.07355 3.60649 0
      vertex 5.89466 0.970819 0
      vertex 5.96154 3.45513 0
    endloop
  endfacet
  facet normal 0 0 -1
    outer loop
      vertex 5.89466 0.970819 0
      vertex 5.82724 3.32314 0
      vertex 5.96154 3.45513 0
    endloop
  endfacet
  facet normal 0 0 -1
    outer loop
      vertex 5.1396 3.04532 0
      vertex 5.89466 0.970819 0
      vertex 5.75147 0.848528 0
    endloop
  endfacet
  facet normal 0 0 -1
    outer loop
      vertex 5.89466 0.970819 0
      vertex 5.67394 3.2138 0
      vertex 5.82724 3.32314 0
    endloop
  endfacet
  facet normal 0 0 -1
    outer loop
      vertex 4.95131 3.04696 0
      vertex 5.75147 0.848528 0
      vertex 5.62918 0.705342 0
    endloop
  endfacet
  facet normal 0 0 -1
    outer loop
      vertex 4.76559 3.07804 0
      vertex 5.62918 0.705342 0
      vertex 5.53079 0.544788 0
    endloop
  endfacet
  facet normal 0 0 -1
    outer loop
      vertex 5.89466 0.970819 0
      vertex 5.50542 3.12978 0
      vertex 5.67394 3.2138 0
    endloop
  endfacet
  facet normal 0 0 -1
    outer loop
      vertex 4.58702 3.13779 0
      vertex 5.53079 0.544788 0
      vertex 5.45873 0.37082 0
    endloop
  endfacet
  facet normal 0 0 -1
    outer loop
      vertex 4.41999 3.22474 0
      vertex 5.45873 0.37082 0
      vertex 5.41477 0.187721 0
    endloop
  endfacet
  facet normal 0 0 -1
    outer loop
      vertex 4.26862 3.33675 0
      vertex 5.41477 0.187721 0
      vertex 5.4 0 0
    endloop
  endfacet
  facet normal 0 0 -1
    outer loop
      vertex 5.89466 0.970819 0
      vertex 5.32583 3.07315 0
      vertex 5.50542 3.12978 0
    endloop
  endfacet
  facet normal 0 0 -1
    outer loop
      vertex 18.3988 -3.48569 0
      vertex 18.1108 4.76064 0
      vertex 18.3912 4.96064 0
    endloop
  endfacet
  facet normal 0 0 -1
    outer loop
      vertex 18.0509 -3.34157 0
      vertex 18.1108 4.76064 0
      vertex 18.3988 -3.48569 0
    endloop
  endfacet
  facet normal 0 0 -1
    outer loop
      vertex 17.6847 -3.25366 0
      vertex 18.1108 4.76064 0
      vertex 18.0509 -3.34157 0
    endloop
  endfacet
  facet normal 0 0 -1
    outer loop
      vertex 17.3092 -3.22411 0
      vertex 18.1108 4.76064 0
      vertex 17.6847 -3.25366 0
    endloop
  endfacet
  facet normal 0 0 -1
    outer loop
      vertex 17.3092 -3.22411 0
      vertex 7.14479 -1.06921 0
      vertex 18.1108 4.76064 0
    endloop
  endfacet
  facet normal 0 0 -1
    outer loop
      vertex 5.1396 -3.04532 0
      vertex 7.14479 -1.06921 0
      vertex 17.3092 -3.22411 0
    endloop
  endfacet
  facet normal 0 0 -1
    outer loop
      vertex 7.14479 -1.06921 0
      vertex 5.1396 -3.04532 0
      vertex 6.97082 -1.14127 0
    endloop
  endfacet
  facet normal 0 0 -1
    outer loop
      vertex 6.97082 -1.14127 0
      vertex 5.1396 -3.04532 0
      vertex 6.78772 -1.18523 0
    endloop
  endfacet
  facet normal 0 0 -1
    outer loop
      vertex 6.78772 -1.18523 0
      vertex 5.1396 -3.04532 0
      vertex 6.6 -1.2 0
    endloop
  endfacet
  facet normal -0 0 -1
    outer loop
      vertex 6.6 -1.2 0
      vertex 5.1396 -3.04532 0
      vertex 6.41228 -1.18523 0
    endloop
  endfacet
  facet normal 0 0 -1
    outer loop
      vertex 5.1396 -3.04532 0
      vertex 6.22918 -1.14127 0
      vertex 6.41228 -1.18523 0
    endloop
  endfacet
  facet normal 0 0 -1
    outer loop
      vertex 5.1396 -3.04532 0
      vertex 6.05521 -1.06921 0
      vertex 6.22918 -1.14127 0
    endloop
  endfacet
  facet normal 0 0 -1
    outer loop
      vertex 5.1396 -3.04532 0
      vertex 5.89466 -0.970819 0
      vertex 6.05521 -1.06921 0
    endloop
  endfacet
  facet normal 0 0 -1
    outer loop
      vertex 5.1396 -3.04532 0
      vertex 5.75147 -0.848528 0
      vertex 5.89466 -0.970819 0
    endloop
  endfacet
  facet normal 0 0 -1
    outer loop
      vertex 4.95131 -3.04696 0
      vertex 5.75147 -0.848528 0
      vertex 5.1396 -3.04532 0
    endloop
  endfacet
  facet normal -0 0 -1
    outer loop
      vertex 5.75147 -0.848528 0
      vertex 4.95131 -3.04696 0
      vertex 5.62918 -0.705342 0
    endloop
  endfacet
  facet normal 0 0 -1
    outer loop
      vertex 4.76559 -3.07804 0
      vertex 5.62918 -0.705342 0
      vertex 4.95131 -3.04696 0
    endloop
  endfacet
  facet normal -0 0 -1
    outer loop
      vertex 5.62918 -0.705342 0
      vertex 4.76559 -3.07804 0
      vertex 5.53079 -0.544788 0
    endloop
  endfacet
  facet normal 0 0 -1
    outer loop
      vertex 4.58702 -3.13779 0
      vertex 5.53079 -0.544788 0
      vertex 4.76559 -3.07804 0
    endloop
  endfacet
  facet normal -0 0 -1
    outer loop
      vertex 5.53079 -0.544788 0
      vertex 4.58702 -3.13779 0
      vertex 5.45873 -0.37082 0
    endloop
  endfacet
  facet normal 0 0 -1
    outer loop
      vertex 5.89466 0.970819 0
      vertex 5.1396 3.04532 0
      vertex 5.32583 3.07315 0
    endloop
  endfacet
  facet normal 0 0 -1
    outer loop
      vertex 4.41999 -3.22474 0
      vertex 5.45873 -0.37082 0
      vertex 4.58702 -3.13779 0
    endloop
  endfacet
  facet normal 0 0 -1
    outer loop
      vertex 5.75147 0.848528 0
      vertex 4.95131 3.04696 0
      vertex 5.1396 3.04532 0
    endloop
  endfacet
  facet normal -0 0 -1
    outer loop
      vertex 5.45873 -0.37082 0
      vertex 4.41999 -3.22474 0
      vertex 5.41477 -0.187721 0
    endloop
  endfacet
  facet normal 0 0 -1
    outer loop
      vertex 5.62918 0.705342 0
      vertex 4.76559 3.07804 0
      vertex 4.95131 3.04696 0
    endloop
  endfacet
  facet normal 0 0 -1
    outer loop
      vertex 4.26862 -3.33675 0
      vertex 5.41477 -0.187721 0
      vertex 4.41999 -3.22474 0
    endloop
  endfacet
  facet normal 0 0 -1
    outer loop
      vertex 5.53079 0.544788 0
      vertex 4.58702 3.13779 0
      vertex 4.76559 3.07804 0
    endloop
  endfacet
  facet normal -0 0 -1
    outer loop
      vertex 5.41477 -0.187721 0
      vertex 4.26862 -3.33675 0
      vertex 5.4 0 0
    endloop
  endfacet
  facet normal 0 0 -1
    outer loop
      vertex 5.45873 0.37082 0
      vertex 4.41999 3.22474 0
      vertex 4.58702 3.13779 0
    endloop
  endfacet
  facet normal 0 0 -1
    outer loop
      vertex 4.13664 -3.47105 0
      vertex 5.4 0 0
      vertex 4.26862 -3.33675 0
    endloop
  endfacet
  facet normal 0 0 -1
    outer loop
      vertex 5.41477 0.187721 0
      vertex 4.26862 3.33675 0
      vertex 4.41999 3.22474 0
    endloop
  endfacet
  facet normal 0 0 -1
    outer loop
      vertex 4.13664 3.47105 0
      vertex 5.4 0 0
      vertex 4.13664 -3.47105 0
    endloop
  endfacet
  facet normal 0 0 -1
    outer loop
      vertex 5.4 0 0
      vertex 4.13664 3.47105 0
      vertex 4.26862 3.33675 0
    endloop
  endfacet
  facet normal 0 0 -1
    outer loop
      vertex 0.937699 -5.31796 0
      vertex 4.13664 -3.47105 0
      vertex 4.02729 -3.62435 0
    endloop
  endfacet
  facet normal -0 0 -1
    outer loop
      vertex 4.13664 -3.47105 0
      vertex 0.937699 -5.31796 0
      vertex 4.13664 3.47105 0
    endloop
  endfacet
  facet normal 0 0 -1
    outer loop
      vertex 1.12513 -5.29991 0
      vertex 4.02729 -3.62435 0
      vertex 3.94327 -3.79287 0
    endloop
  endfacet
  facet normal 0 0 -1
    outer loop
      vertex 0.937699 5.31796 0
      vertex 4.13664 3.47105 0
      vertex 0.937699 -5.31796 0
    endloop
  endfacet
  facet normal 0 0 -1
    outer loop
      vertex 1.31309 -5.31141 0
      vertex 3.94327 -3.79287 0
      vertex 3.88665 -3.97246 0
    endloop
  endfacet
  facet normal 0 0 -1
    outer loop
      vertex 4.13664 3.47105 0
      vertex 0.937699 5.31796 0
      vertex 4.02729 3.62435 0
    endloop
  endfacet
  facet normal 0 0 -1
    outer loop
      vertex 1.49692 -5.35217 0
      vertex 3.88665 -3.97246 0
      vertex 3.85882 -4.15869 0
    endloop
  endfacet
  facet normal 0 0 -1
    outer loop
      vertex 4.02729 -3.62435 0
      vertex 1.12513 -5.29991 0
      vertex 0.937699 -5.31796 0
    endloop
  endfacet
  facet normal 0 0 -1
    outer loop
      vertex 81.5 -31 0
      vertex 75.1 0 0
      vertex 81.5 31 0
    endloop
  endfacet
  facet normal 0 0 -1
    outer loop
      vertex 81.5 -31 0
      vertex 75.0803 -0.250295 0
      vertex 75.1 0 0
    endloop
  endfacet
  facet normal 0 0 -1
    outer loop
      vertex 81.5 -31 0
      vertex 75.0217 -0.494427 0
      vertex 75.0803 -0.250295 0
    endloop
  endfacet
  facet normal 0 0 -1
    outer loop
      vertex 81.5 -31 0
      vertex 74.9256 -0.726384 0
      vertex 75.0217 -0.494427 0
    endloop
  endfacet
  facet normal 0 0 -1
    outer loop
      vertex 81.5 -31 0
      vertex 74.7944 -0.940456 0
      vertex 74.9256 -0.726384 0
    endloop
  endfacet
  facet normal 0 0 -1
    outer loop
      vertex 81.5 -31 0
      vertex 74.6314 -1.13137 0
      vertex 74.7944 -0.940456 0
    endloop
  endfacet
  facet normal 0 0 -1
    outer loop
      vertex 81.5 -31 0
      vertex 74.4405 -1.29443 0
      vertex 74.6314 -1.13137 0
    endloop
  endfacet
  facet normal 0 0 -1
    outer loop
      vertex 81.5 -31 0
      vertex 74.2264 -1.42561 0
      vertex 74.4405 -1.29443 0
    endloop
  endfacet
  facet normal 0 0 -1
    outer loop
      vertex 81.5 -31 0
      vertex 73.9944 -1.52169 0
      vertex 74.2264 -1.42561 0
    endloop
  endfacet
  facet normal 0 0 -1
    outer loop
      vertex 81.5 -31 0
      vertex 73.7503 -1.5803 0
      vertex 73.9944 -1.52169 0
    endloop
  endfacet
  facet normal 0 0 -1
    outer loop
      vertex 81.5 -31 0
      vertex 73.5 -1.6 0
      vertex 73.7503 -1.5803 0
    endloop
  endfacet
  facet normal 0 0 -1
    outer loop
      vertex 81.5 -31 0
      vertex 73.2497 -1.5803 0
      vertex 73.5 -1.6 0
    endloop
  endfacet
  facet normal 0 0 -1
    outer loop
      vertex 81.5 -31 0
      vertex 73.0056 -1.52169 0
      vertex 73.2497 -1.5803 0
    endloop
  endfacet
  facet normal 0 0 -1
    outer loop
      vertex 81.5 -31 0
      vertex 72.7736 -1.42561 0
      vertex 73.0056 -1.52169 0
    endloop
  endfacet
  facet normal 0 0 -1
    outer loop
      vertex 81.5 -31 0
      vertex 72.5595 -1.29443 0
      vertex 72.7736 -1.42561 0
    endloop
  endfacet
  facet normal 0 0 -1
    outer loop
      vertex 81.5 -31 0
      vertex 72.3686 -1.13137 0
      vertex 72.5595 -1.29443 0
    endloop
  endfacet
  facet normal 0 0 -1
    outer loop
      vertex 17.287 -8.02236 0
      vertex 72.3686 -1.13137 0
      vertex 81.5 -31 0
    endloop
  endfacet
  facet normal -0 0 -1
    outer loop
      vertex 72.3686 -1.13137 0
      vertex 17.287 -8.02236 0
      vertex 72.2056 -0.940456 0
    endloop
  endfacet
  facet normal 0 -0 -1
    outer loop
      vertex 18.1652 -5.90222 0
      vertex 72.2056 -0.940456 0
      vertex 17.287 -8.02236 0
    endloop
  endfacet
  facet normal -0 0 -1
    outer loop
      vertex 71.9197 -0.250295 0
      vertex 18.7009 -3.67081 0
      vertex 71.9 0 0
    endloop
  endfacet
  facet normal -0 0 -1
    outer loop
      vertex 71.9783 -0.494427 0
      vertex 18.7009 -3.67081 0
      vertex 71.9197 -0.250295 0
    endloop
  endfacet
  facet normal -0 0 -1
    outer loop
      vertex 72.2056 -0.940456 0
      vertex 18.1652 -5.90222 0
      vertex 72.0744 -0.726384 0
    endloop
  endfacet
  facet normal 0 0 -1
    outer loop
      vertex 71.9783 -0.494427 0
      vertex 18.1652 -5.90222 0
      vertex 18.7009 -3.67081 0
    endloop
  endfacet
  facet normal -0 0 -1
    outer loop
      vertex 72.0744 -0.726384 0
      vertex 18.1652 -5.90222 0
      vertex 71.9783 -0.494427 0
    endloop
  endfacet
  facet normal 0 0 -1
    outer loop
      vertex 11.963 -14.8233 0
      vertex 17.287 -8.02236 0
      vertex 81.5 -31 0
    endloop
  endfacet
  facet normal -0 0 -1
    outer loop
      vertex 17.287 -8.02236 0
      vertex 11.963 -14.8233 0
      vertex 16.9338 -7.99456 0
    endloop
  endfacet
  facet normal 0 0 -1
    outer loop
      vertex 81.5 -31 0
      vertex 11.2267 -15.4522 0
      vertex 11.963 -14.8233 0
    endloop
  endfacet
  facet normal 0 0 -1
    outer loop
      vertex 81.5 -31 0
      vertex 8.67122 -17.0182 0
      vertex 11.2267 -15.4522 0
    endloop
  endfacet
  facet normal 0 0 -1
    outer loop
      vertex 81.5 -31 0
      vertex 8.0883 -17.2597 0
      vertex 8.67122 -17.0182 0
    endloop
  endfacet
  facet normal 0 0 -1
    outer loop
      vertex 0.0865402 -7.0631 0
      vertex -2.10657 -5.59033 0
      vertex 0.0114555 -6.89041 0
    endloop
  endfacet
  facet normal 0 0 -1
    outer loop
      vertex 0.187715 -7.22191 0
      vertex -2.10657 -5.59033 0
      vertex 0.0865402 -7.0631 0
    endloop
  endfacet
  facet normal 0 0 -1
    outer loop
      vertex -2.10657 -5.59033 0
      vertex 0.187715 -7.22191 0
      vertex -0.169412 -17.6061 0
    endloop
  endfacet
  facet normal -0 0 -1
    outer loop
      vertex 7.83323 -17.009 0
      vertex -0.169412 -17.6061 0
      vertex 0.187715 -7.22191 0
    endloop
  endfacet
  facet normal 0 0 -1
    outer loop
      vertex -0.169412 -17.6061 0
      vertex 7.83323 -17.009 0
      vertex -0.133315 -17.981 0
    endloop
  endfacet
  facet normal 0 0 -1
    outer loop
      vertex -0.237819 -18.7246 0
      vertex 7.83323 -17.009 0
      vertex 8.0883 -17.2597 0
    endloop
  endfacet
  facet normal 0 0 -1
    outer loop
      vertex -0.374106 -19.0706 0
      vertex 8.0883 -17.2597 0
      vertex 81.5 -31 0
    endloop
  endfacet
  facet normal 0 0 -1
    outer loop
      vertex 7.83323 -17.009 0
      vertex -0.156306 -18.3569 0
      vertex -0.133315 -17.981 0
    endloop
  endfacet
  facet normal 0 0 -1
    outer loop
      vertex 7.83323 -17.009 0
      vertex -0.237819 -18.7246 0
      vertex -0.156306 -18.3569 0
    endloop
  endfacet
  facet normal 0 0 -1
    outer loop
      vertex 8.0883 -17.2597 0
      vertex -0.374106 -19.0706 0
      vertex -0.237819 -18.7246 0
    endloop
  endfacet
  facet normal 0 0 -1
    outer loop
      vertex -81.5 -31 0
      vertex -0.374106 -19.0706 0
      vertex 81.5 -31 0
    endloop
  endfacet
  facet normal 0 0 -1
    outer loop
      vertex -3.2372 -4.51741 0
      vertex -5.01092 -2.40358 0
      vertex -5.0027 -2.21545 0
    endloop
  endfacet
  facet normal 0 0 -1
    outer loop
      vertex -3.42543 -4.52234 0
      vertex -5.04846 -2.5881 0
      vertex -5.01092 -2.40358 0
    endloop
  endfacet
  facet normal 0 0 -1
    outer loop
      vertex -3.61058 -4.55666 0
      vertex -5.1144 -2.76447 0
      vertex -5.04846 -2.5881 0
    endloop
  endfacet
  facet normal 0 0 -1
    outer loop
      vertex -3.78808 -4.61951 0
      vertex -5.20713 -2.92836 0
      vertex -5.1144 -2.76447 0
    endloop
  endfacet
  facet normal -0 0 -1
    outer loop
      vertex -4.49835 -5.65296 0
      vertex -11.4468 -13.3782 0
      vertex -5.20713 -2.92836 0
    endloop
  endfacet
  facet normal 0 0 -1
    outer loop
      vertex -12.2181 -14.191 0
      vertex -4.93258 -18.0648 0
      vertex -4.89974 -18.4059 0
    endloop
  endfacet
  facet normal 0 0 -1
    outer loop
      vertex -4.93258 -18.0648 0
      vertex -11.6601 -13.6885 0
      vertex -11.4468 -13.3782 0
    endloop
  endfacet
  facet normal 0 0 -1
    outer loop
      vertex -4.93258 -18.0648 0
      vertex -11.9193 -13.9617 0
      vertex -11.6601 -13.6885 0
    endloop
  endfacet
  facet normal 0 0 -1
    outer loop
      vertex -4.93258 -18.0648 0
      vertex -12.2181 -14.191 0
      vertex -11.9193 -13.9617 0
    endloop
  endfacet
  facet normal 0 0 -1
    outer loop
      vertex -4.89974 -18.4059 0
      vertex -12.5148 -14.3521 0
      vertex -12.2181 -14.191 0
    endloop
  endfacet
  facet normal 0 0 -1
    outer loop
      vertex -15.3904 -10.6678 0
      vertex -17.731 -2.99108 0
      vertex -17.3681 -2.89043 0
    endloop
  endfacet
  facet normal 0 0 -1
    outer loop
      vertex -15.3904 -10.6678 0
      vertex -18.1052 -3.03371 0
      vertex -17.731 -2.99108 0
    endloop
  endfacet
  facet normal 0 0 -1
    outer loop
      vertex -15.3904 -10.6678 0
      vertex -18.4814 -3.01728 0
      vertex -18.1052 -3.03371 0
    endloop
  endfacet
  facet normal 0 0 -1
    outer loop
      vertex -15.6037 -10.9782 0
      vertex -18.8504 -2.9422 0
      vertex -18.4814 -3.01728 0
    endloop
  endfacet
  facet normal 0 0 -1
    outer loop
      vertex -15.6041 -10.9789 0
      vertex -18.869 -2.93526 0
      vertex -18.8504 -2.9422 0
    endloop
  endfacet
  facet normal 0 0 -1
    outer loop
      vertex -71.9197 -0.250295 0
      vertex -19.1 0 0
      vertex -18.869 -2.93526 0
    endloop
  endfacet
  facet normal 0 0 -1
    outer loop
      vertex -72.2056 -0.940456 0
      vertex -18.869 -2.93526 0
      vertex -15.6041 -10.9789 0
    endloop
  endfacet
  facet normal 0 0 -1
    outer loop
      vertex -81.5 -31 0
      vertex -15.6041 -10.9789 0
      vertex -15.4522 -11.2267 0
    endloop
  endfacet
  facet normal 0 0 -1
    outer loop
      vertex -81.5 -31 0
      vertex -15.4522 -11.2267 0
      vertex -13.5057 -13.5057 0
    endloop
  endfacet
  facet normal 0 0 -1
    outer loop
      vertex -81.5 -31 0
      vertex -13.5057 -13.5057 0
      vertex -12.5148 -14.3521 0
    endloop
  endfacet
  facet normal 0 0 -1
    outer loop
      vertex -81.5 -31 0
      vertex -12.5148 -14.3521 0
      vertex -4.89974 -18.4059 0
    endloop
  endfacet
  facet normal -0 0 -1
    outer loop
      vertex -19.1 0 0
      vertex -71.9197 -0.250295 0
      vertex -71.9 0 0
    endloop
  endfacet
  facet normal 0 0 -1
    outer loop
      vertex -18.869 -2.93526 0
      vertex -71.9783 -0.494427 0
      vertex -71.9197 -0.250295 0
    endloop
  endfacet
  facet normal 0 0 -1
    outer loop
      vertex -18.869 -2.93526 0
      vertex -72.0744 -0.726384 0
      vertex -71.9783 -0.494427 0
    endloop
  endfacet
  facet normal 0 0 -1
    outer loop
      vertex -18.869 -2.93526 0
      vertex -72.2056 -0.940456 0
      vertex -72.0744 -0.726384 0
    endloop
  endfacet
  facet normal 0 0 -1
    outer loop
      vertex -15.6041 -10.9789 0
      vertex -72.3686 -1.13137 0
      vertex -72.2056 -0.940456 0
    endloop
  endfacet
  facet normal -0 0 -1
    outer loop
      vertex -15.6041 -10.9789 0
      vertex -81.5 -31 0
      vertex -72.3686 -1.13137 0
    endloop
  endfacet
  facet normal 0 0 -1
    outer loop
      vertex -72.3686 -1.13137 0
      vertex -81.5 -31 0
      vertex -72.5595 -1.29443 0
    endloop
  endfacet
  facet normal 0 0 -1
    outer loop
      vertex -72.5595 -1.29443 0
      vertex -81.5 -31 0
      vertex -72.7736 -1.42561 0
    endloop
  endfacet
  facet normal 0 0 -1
    outer loop
      vertex -72.7736 -1.42561 0
      vertex -81.5 -31 0
      vertex -73.0056 -1.52169 0
    endloop
  endfacet
  facet normal 0 0 -1
    outer loop
      vertex -73.0056 -1.52169 0
      vertex -81.5 -31 0
      vertex -73.2497 -1.5803 0
    endloop
  endfacet
  facet normal 0 0 -1
    outer loop
      vertex -73.2497 -1.5803 0
      vertex -81.5 -31 0
      vertex -73.5 -1.6 0
    endloop
  endfacet
  facet normal -0 0 -1
    outer loop
      vertex -73.5 -1.6 0
      vertex -81.5 -31 0
      vertex -73.7503 -1.5803 0
    endloop
  endfacet
  facet normal -0 0 -1
    outer loop
      vertex -75.0803 -0.250295 0
      vertex -81.5 -31 0
      vertex -75.1 0 0
    endloop
  endfacet
  facet normal -0 0 -1
    outer loop
      vertex -75.0217 -0.494427 0
      vertex -81.5 -31 0
      vertex -75.0803 -0.250295 0
    endloop
  endfacet
  facet normal -0 0 -1
    outer loop
      vertex -74.9256 -0.726384 0
      vertex -81.5 -31 0
      vertex -75.0217 -0.494427 0
    endloop
  endfacet
  facet normal -0 0 -1
    outer loop
      vertex -74.7944 -0.940456 0
      vertex -81.5 -31 0
      vertex -74.9256 -0.726384 0
    endloop
  endfacet
  facet normal -0 0 -1
    outer loop
      vertex -74.6314 -1.13137 0
      vertex -81.5 -31 0
      vertex -74.7944 -0.940456 0
    endloop
  endfacet
  facet normal -0 0 -1
    outer loop
      vertex -74.4405 -1.29443 0
      vertex -81.5 -31 0
      vertex -74.6314 -1.13137 0
    endloop
  endfacet
  facet normal -0 0 -1
    outer loop
      vertex -74.2264 -1.42561 0
      vertex -81.5 -31 0
      vertex -74.4405 -1.29443 0
    endloop
  endfacet
  facet normal -0 0 -1
    outer loop
      vertex -73.9944 -1.52169 0
      vertex -81.5 -31 0
      vertex -74.2264 -1.42561 0
    endloop
  endfacet
  facet normal -0 0 -1
    outer loop
      vertex -73.7503 -1.5803 0
      vertex -81.5 -31 0
      vertex -73.9944 -1.52169 0
    endloop
  endfacet
  facet normal -0 0 -1
    outer loop
      vertex -2.9879 -18.8648 0
      vertex -81.5 -31 0
      vertex -4.89974 -18.4059 0
    endloop
  endfacet
  facet normal -0 0 -1
    outer loop
      vertex -0.374106 -19.0706 0
      vertex -81.5 -31 0
      vertex -2.9879 -18.8648 0
    endloop
  endfacet
  facet normal 0 0 -1
    outer loop
      vertex 75.0803 0.250295 0
      vertex 81.5 31 0
      vertex 75.1 0 0
    endloop
  endfacet
  facet normal 0 0 -1
    outer loop
      vertex 75.0217 0.494427 0
      vertex 81.5 31 0
      vertex 75.0803 0.250295 0
    endloop
  endfacet
  facet normal 0 0 -1
    outer loop
      vertex 74.9256 0.726384 0
      vertex 81.5 31 0
      vertex 75.0217 0.494427 0
    endloop
  endfacet
  facet normal 0 0 -1
    outer loop
      vertex 74.7944 0.940456 0
      vertex 81.5 31 0
      vertex 74.9256 0.726384 0
    endloop
  endfacet
  facet normal 0 0 -1
    outer loop
      vertex 74.6314 1.13137 0
      vertex 81.5 31 0
      vertex 74.7944 0.940456 0
    endloop
  endfacet
  facet normal 0 0 -1
    outer loop
      vertex 74.4405 1.29443 0
      vertex 81.5 31 0
      vertex 74.6314 1.13137 0
    endloop
  endfacet
  facet normal 0 0 -1
    outer loop
      vertex 74.2264 1.42561 0
      vertex 81.5 31 0
      vertex 74.4405 1.29443 0
    endloop
  endfacet
  facet normal 0 0 -1
    outer loop
      vertex 73.9944 1.52169 0
      vertex 81.5 31 0
      vertex 74.2264 1.42561 0
    endloop
  endfacet
  facet normal 0 0 -1
    outer loop
      vertex 73.7503 1.5803 0
      vertex 81.5 31 0
      vertex 73.9944 1.52169 0
    endloop
  endfacet
  facet normal 0 0 -1
    outer loop
      vertex 73.5 1.6 0
      vertex 81.5 31 0
      vertex 73.7503 1.5803 0
    endloop
  endfacet
  facet normal 0 0 -1
    outer loop
      vertex 73.2497 1.5803 0
      vertex 81.5 31 0
      vertex 73.5 1.6 0
    endloop
  endfacet
  facet normal 0 0 -1
    outer loop
      vertex 73.0056 1.52169 0
      vertex 81.5 31 0
      vertex 73.2497 1.5803 0
    endloop
  endfacet
  facet normal 0 0 -1
    outer loop
      vertex 72.7736 1.42561 0
      vertex 81.5 31 0
      vertex 73.0056 1.52169 0
    endloop
  endfacet
  facet normal 0 0 -1
    outer loop
      vertex 72.5595 1.29443 0
      vertex 81.5 31 0
      vertex 72.7736 1.42561 0
    endloop
  endfacet
  facet normal 0 0 -1
    outer loop
      vertex 72.3686 1.13137 0
      vertex 81.5 31 0
      vertex 72.5595 1.29443 0
    endloop
  endfacet
  facet normal 0 0 -1
    outer loop
      vertex 17.0182 8.67122 0
      vertex 72.3686 1.13137 0
      vertex 72.2056 0.940456 0
    endloop
  endfacet
  facet normal 0 0 -1
    outer loop
      vertex 18.1652 5.90222 0
      vertex 72.2056 0.940456 0
      vertex 72.0744 0.726384 0
    endloop
  endfacet
  facet normal 0 0 -1
    outer loop
      vertex 18.3912 4.96064 0
      vertex 72.0744 0.726384 0
      vertex 71.9783 0.494427 0
    endloop
  endfacet
  facet normal 0 0 -1
    outer loop
      vertex 18.3912 4.96064 0
      vertex 71.9 0 0
      vertex 18.7009 -3.67081 0
    endloop
  endfacet
  facet normal 0 0 -1
    outer loop
      vertex 71.9 0 0
      vertex 18.3912 4.96064 0
      vertex 71.9197 0.250295 0
    endloop
  endfacet
  facet normal 0 0 -1
    outer loop
      vertex 71.9197 0.250295 0
      vertex 18.3912 4.96064 0
      vertex 71.9783 0.494427 0
    endloop
  endfacet
  facet normal 0 0 -1
    outer loop
      vertex 18.3912 4.96064 0
      vertex 18.7009 -3.67081 0
      vertex 18.3988 -3.48569 0
    endloop
  endfacet
  facet normal 0 0 -1
    outer loop
      vertex 72.0744 0.726384 0
      vertex 18.3912 4.96064 0
      vertex 18.1652 5.90222 0
    endloop
  endfacet
  facet normal 0 0 -1
    outer loop
      vertex 72.2056 0.940456 0
      vertex 18.1652 5.90222 0
      vertex 17.0182 8.67122 0
    endloop
  endfacet
  facet normal 0 0 -1
    outer loop
      vertex 72.3686 1.13137 0
      vertex 17.0182 8.67122 0
      vertex 81.5 31 0
    endloop
  endfacet
  facet normal 0 0 -1
    outer loop
      vertex 16.6886 9.20919 0
      vertex 81.5 31 0
      vertex 17.0182 8.67122 0
    endloop
  endfacet
  facet normal 0 0 -1
    outer loop
      vertex 10.9067 15.6483 0
      vertex 16.6886 9.20919 0
      vertex 16.3349 9.15633 0
    endloop
  endfacet
  facet normal 0 0 -1
    outer loop
      vertex 10.8136 15.2883 0
      vertex 16.3349 9.15633 0
      vertex 15.9757 9.04308 0
    endloop
  endfacet
  facet normal 0 0 -1
    outer loop
      vertex 10.8136 15.2883 0
      vertex 15.6387 8.87504 0
      vertex 15.3321 8.65635 0
    endloop
  endfacet
  facet normal 0 0 -1
    outer loop
      vertex 10.8136 15.2883 0
      vertex 15.9757 9.04308 0
      vertex 15.6387 8.87504 0
    endloop
  endfacet
  facet normal 0 0 -1
    outer loop
      vertex 16.6886 9.20919 0
      vertex 10.9067 15.6483 0
      vertex 81.5 31 0
    endloop
  endfacet
  facet normal 0 0 -1
    outer loop
      vertex 8.67122 17.0182 0
      vertex 81.5 31 0
      vertex 10.9067 15.6483 0
    endloop
  endfacet
  facet normal 0 0 -1
    outer loop
      vertex 6.85471 17.7706 0
      vertex 81.5 31 0
      vertex 8.67122 17.0182 0
    endloop
  endfacet
  facet normal 0 0 -1
    outer loop
      vertex 1.83437 5.51675 0
      vertex 3.86046 4.34698 0
      vertex 3.85882 4.15869 0
    endloop
  endfacet
  facet normal 0 0 -1
    outer loop
      vertex 2.32785 6.29135 0
      vertex 3.89154 4.5327 0
      vertex 3.86046 4.34698 0
    endloop
  endfacet
  facet normal 0 0 -1
    outer loop
      vertex 2.3344 6.66674 0
      vertex 3.89154 4.5327 0
      vertex 2.34589 6.47879 0
    endloop
  endfacet
  facet normal 0 0 -1
    outer loop
      vertex 2.29364 6.85058 0
      vertex 3.89154 4.5327 0
      vertex 2.3344 6.66674 0
    endloop
  endfacet
  facet normal 0 0 -1
    outer loop
      vertex 3.89154 4.5327 0
      vertex 2.29364 6.85058 0
      vertex 6.18084 16.4864 0
    endloop
  endfacet
  facet normal 0 0 -1
    outer loop
      vertex -1.5434 18.6624 0
      vertex 6.18084 16.4864 0
      vertex 2.29364 6.85058 0
    endloop
  endfacet
  facet normal 0 0 -1
    outer loop
      vertex 6.18084 16.4864 0
      vertex -1.5434 18.6624 0
      vertex 6.27514 16.851 0
    endloop
  endfacet
  facet normal 0 0 -1
    outer loop
      vertex -1.5434 18.6624 0
      vertex 6.42531 17.1964 0
      vertex 6.27514 16.851 0
    endloop
  endfacet
  facet normal 0 0 -1
    outer loop
      vertex -1.5434 18.6624 0
      vertex 6.62766 17.514 0
      vertex 6.42531 17.1964 0
    endloop
  endfacet
  facet normal 0 0 -1
    outer loop
      vertex -1.5434 18.6624 0
      vertex 6.85471 17.7706 0
      vertex 6.62766 17.514 0
    endloop
  endfacet
  facet normal 0 0 -1
    outer loop
      vertex -1.68874 18.9671 0
      vertex 6.85471 17.7706 0
      vertex -1.5434 18.6624 0
    endloop
  endfacet
  facet normal 0 0 -1
    outer loop
      vertex 6.85471 17.7706 0
      vertex -1.68874 18.9671 0
      vertex 81.5 31 0
    endloop
  endfacet
  facet normal 0 0 -1
    outer loop
      vertex -81.5 31 0
      vertex -1.68874 18.9671 0
      vertex -2.9879 18.8648 0
    endloop
  endfacet
  facet normal 0 0 -1
    outer loop
      vertex -13.1783 13.3041 0
      vertex -6.17085 18.0532 0
      vertex -6.1807 17.6767 0
    endloop
  endfacet
  facet normal 0 0 -1
    outer loop
      vertex -13.5209 13.4603 0
      vertex -6.17085 18.0532 0
      vertex -13.1783 13.3041 0
    endloop
  endfacet
  facet normal -0 0 -1
    outer loop
      vertex -6.17085 18.0532 0
      vertex -13.5209 13.4603 0
      vertex -6.17069 18.054 0
    endloop
  endfacet
  facet normal 0 0 -1
    outer loop
      vertex -13.54 13.4656 0
      vertex -6.17069 18.054 0
      vertex -13.5209 13.4603 0
    endloop
  endfacet
  facet normal 0 0 -1
    outer loop
      vertex -18.9717 1.63066 0
      vertex -16.3069 9.83203 0
      vertex -18.6469 1.72073 0
    endloop
  endfacet
  facet normal 0 0 -1
    outer loop
      vertex -71.9197 0.250295 0
      vertex -19.1 0 0
      vertex -71.9 0 0
    endloop
  endfacet
  facet normal 0 0 -1
    outer loop
      vertex -19.1 0 0
      vertex -71.9197 0.250295 0
      vertex -18.9717 1.63066 0
    endloop
  endfacet
  facet normal 0 0 -1
    outer loop
      vertex -71.9783 0.494427 0
      vertex -18.9717 1.63066 0
      vertex -71.9197 0.250295 0
    endloop
  endfacet
  facet normal 0 0 -1
    outer loop
      vertex -72.0744 0.726384 0
      vertex -18.9717 1.63066 0
      vertex -71.9783 0.494427 0
    endloop
  endfacet
  facet normal -0 0 -1
    outer loop
      vertex -18.9717 1.63066 0
      vertex -72.0744 0.726384 0
      vertex -16.3069 9.83203 0
    endloop
  endfacet
  facet normal 0 0 -1
    outer loop
      vertex -72.2056 0.940456 0
      vertex -16.3069 9.83203 0
      vertex -72.0744 0.726384 0
    endloop
  endfacet
  facet normal 0 0 -1
    outer loop
      vertex -72.3686 1.13137 0
      vertex -16.3069 9.83203 0
      vertex -72.2056 0.940456 0
    endloop
  endfacet
  facet normal 0 0 -1
    outer loop
      vertex -81.5 31 0
      vertex -16.3069 9.83203 0
      vertex -72.3686 1.13137 0
    endloop
  endfacet
  facet normal 0 0 -1
    outer loop
      vertex -16.3069 9.83203 0
      vertex -81.5 31 0
      vertex -15.4522 11.2267 0
    endloop
  endfacet
  facet normal 0 0 -1
    outer loop
      vertex -15.4522 11.2267 0
      vertex -81.5 31 0
      vertex -13.54 13.4656 0
    endloop
  endfacet
  facet normal 0 0 -1
    outer loop
      vertex -13.54 13.4656 0
      vertex -81.5 31 0
      vertex -6.17069 18.054 0
    endloop
  endfacet
  facet normal 0 0 -1
    outer loop
      vertex -81.5 31 0
      vertex -72.3686 1.13137 0
      vertex -72.5595 1.29443 0
    endloop
  endfacet
  facet normal 0 0 -1
    outer loop
      vertex -81.5 31 0
      vertex -72.5595 1.29443 0
      vertex -72.7736 1.42561 0
    endloop
  endfacet
  facet normal 0 0 -1
    outer loop
      vertex -81.5 31 0
      vertex -72.7736 1.42561 0
      vertex -73.0056 1.52169 0
    endloop
  endfacet
  facet normal 0 0 -1
    outer loop
      vertex -81.5 31 0
      vertex -73.0056 1.52169 0
      vertex -73.2497 1.5803 0
    endloop
  endfacet
  facet normal 0 0 -1
    outer loop
      vertex -81.5 31 0
      vertex -73.2497 1.5803 0
      vertex -73.5 1.6 0
    endloop
  endfacet
  facet normal 0 0 -1
    outer loop
      vertex -81.5 31 0
      vertex -73.5 1.6 0
      vertex -73.7503 1.5803 0
    endloop
  endfacet
  facet normal 0 0 -1
    outer loop
      vertex -81.5 31 0
      vertex -73.7503 1.5803 0
      vertex -73.9944 1.52169 0
    endloop
  endfacet
  facet normal 0 0 -1
    outer loop
      vertex -81.5 31 0
      vertex -75.1 0 0
      vertex -81.5 -31 0
    endloop
  endfacet
  facet normal 0 0 -1
    outer loop
      vertex -1.68874 18.9671 0
      vertex -81.5 31 0
      vertex 81.5 31 0
    endloop
  endfacet
  facet normal 0 0 -1
    outer loop
      vertex -5.90222 18.1652 0
      vertex -81.5 31 0
      vertex -2.9879 18.8648 0
    endloop
  endfacet
  facet normal 0 0 -1
    outer loop
      vertex -6.17069 18.054 0
      vertex -81.5 31 0
      vertex -5.90222 18.1652 0
    endloop
  endfacet
  facet normal 0 0 -1
    outer loop
      vertex -74.2264 1.42561 0
      vertex -81.5 31 0
      vertex -73.9944 1.52169 0
    endloop
  endfacet
  facet normal 0 0 -1
    outer loop
      vertex -74.4405 1.29443 0
      vertex -81.5 31 0
      vertex -74.2264 1.42561 0
    endloop
  endfacet
  facet normal 0 0 -1
    outer loop
      vertex -74.6314 1.13137 0
      vertex -81.5 31 0
      vertex -74.4405 1.29443 0
    endloop
  endfacet
  facet normal 0 0 -1
    outer loop
      vertex -74.7944 0.940456 0
      vertex -81.5 31 0
      vertex -74.6314 1.13137 0
    endloop
  endfacet
  facet normal 0 0 -1
    outer loop
      vertex -74.9256 0.726384 0
      vertex -81.5 31 0
      vertex -74.7944 0.940456 0
    endloop
  endfacet
  facet normal 0 0 -1
    outer loop
      vertex -75.0217 0.494427 0
      vertex -81.5 31 0
      vertex -74.9256 0.726384 0
    endloop
  endfacet
  facet normal 0 0 -1
    outer loop
      vertex -75.0803 0.250295 0
      vertex -81.5 31 0
      vertex -75.0217 0.494427 0
    endloop
  endfacet
  facet normal 0 0 -1
    outer loop
      vertex -75.1 0 0
      vertex -81.5 31 0
      vertex -75.0803 0.250295 0
    endloop
  endfacet
  facet normal 0 0 -1
    outer loop
      vertex 11.8537 -14.4967 0
      vertex 16.9338 -7.99456 0
      vertex 11.963 -14.8233 0
    endloop
  endfacet
  facet normal 0 0 -1
    outer loop
      vertex 11.6798 -14.1627 0
      vertex 16.9338 -7.99456 0
      vertex 11.8537 -14.4967 0
    endloop
  endfacet
  facet normal 0 0 -1
    outer loop
      vertex 11.4558 -13.8599 0
      vertex 16.9338 -7.99456 0
      vertex 11.6798 -14.1627 0
    endloop
  endfacet
  facet normal 0 0 -1
    outer loop
      vertex 11.1872 -13.596 0
      vertex 16.9338 -7.99456 0
      vertex 11.4558 -13.8599 0
    endloop
  endfacet
  facet normal 0 0 -1
    outer loop
      vertex 11.1872 -13.596 0
      vertex 4.78595 -5.41164 0
      vertex 16.9338 -7.99456 0
    endloop
  endfacet
  facet normal 0 0 -1
    outer loop
      vertex 1.97967 -5.63652 0
      vertex 4.78595 -5.41164 0
      vertex 11.1872 -13.596 0
    endloop
  endfacet
  facet normal -0 0 -1
    outer loop
      vertex 4.78595 -5.41164 0
      vertex 1.97967 -5.63652 0
      vertex 4.60637 -5.35502 0
    endloop
  endfacet
  facet normal -0 0 -1
    outer loop
      vertex 4.60637 -5.35502 0
      vertex 1.97967 -5.63652 0
      vertex 4.43785 -5.271 0
    endloop
  endfacet
  facet normal -0 0 -1
    outer loop
      vertex 4.43785 -5.271 0
      vertex 1.97967 -5.63652 0
      vertex 4.28455 -5.16165 0
    endloop
  endfacet
  facet normal 0 0 -1
    outer loop
      vertex 3.94327 3.79287 0
      vertex 1.31309 5.31141 0
      vertex 3.88665 3.97246 0
    endloop
  endfacet
  facet normal 0 0 -1
    outer loop
      vertex 1.67212 -5.42118 0
      vertex 3.85882 -4.15869 0
      vertex 3.86046 -4.34698 0
    endloop
  endfacet
  facet normal 0 0 -1
    outer loop
      vertex 3.89154 4.5327 0
      vertex 2.32785 6.29135 0
      vertex 2.34589 6.47879 0
    endloop
  endfacet
  facet normal 0 0 -1
    outer loop
      vertex 3.86046 4.34698 0
      vertex 2.2807 6.10905 0
      vertex 2.32785 6.29135 0
    endloop
  endfacet
  facet normal 0 0 -1
    outer loop
      vertex 3.86046 4.34698 0
      vertex 2.20562 5.93637 0
      vertex 2.2807 6.10905 0
    endloop
  endfacet
  facet normal 0 0 -1
    outer loop
      vertex 3.86046 4.34698 0
      vertex 2.10444 5.77755 0
      vertex 2.20562 5.93637 0
    endloop
  endfacet
  facet normal 0 0 -1
    outer loop
      vertex 1.83437 -5.51675 0
      vertex 3.86046 -4.34698 0
      vertex 3.89154 -4.5327 0
    endloop
  endfacet
  facet normal -0 0 -1
    outer loop
      vertex 4.28455 -5.16165 0
      vertex 1.97967 -5.63652 0
      vertex 4.15024 -5.02967 0
    endloop
  endfacet
  facet normal 0 0 -1
    outer loop
      vertex 1.97967 -5.63652 0
      vertex 4.03823 -4.8783 0
      vertex 4.15024 -5.02967 0
    endloop
  endfacet
  facet normal 0 0 -1
    outer loop
      vertex 1.97967 -5.63652 0
      vertex 3.95129 -4.71128 0
      vertex 4.03823 -4.8783 0
    endloop
  endfacet
  facet normal 0 0 -1
    outer loop
      vertex 1.97967 -5.63652 0
      vertex 3.89154 -4.5327 0
      vertex 3.95129 -4.71128 0
    endloop
  endfacet
  facet normal 0 0 -1
    outer loop
      vertex 1.83437 -5.51675 0
      vertex 3.89154 -4.5327 0
      vertex 1.97967 -5.63652 0
    endloop
  endfacet
  facet normal 0 0 -1
    outer loop
      vertex 3.86046 4.34698 0
      vertex 1.97967 5.63652 0
      vertex 2.10444 5.77755 0
    endloop
  endfacet
  facet normal 0 0 -1
    outer loop
      vertex 3.86046 -4.34698 0
      vertex 1.83437 -5.51675 0
      vertex 1.67212 -5.42118 0
    endloop
  endfacet
  facet normal 0 0 -1
    outer loop
      vertex 3.86046 4.34698 0
      vertex 1.83437 5.51675 0
      vertex 1.97967 5.63652 0
    endloop
  endfacet
  facet normal 0 0 -1
    outer loop
      vertex 3.85882 -4.15869 0
      vertex 1.67212 -5.42118 0
      vertex 1.49692 -5.35217 0
    endloop
  endfacet
  facet normal 0 0 -1
    outer loop
      vertex 3.85882 4.15869 0
      vertex 1.67212 5.42118 0
      vertex 1.83437 5.51675 0
    endloop
  endfacet
  facet normal 0 0 -1
    outer loop
      vertex 3.88665 -3.97246 0
      vertex 1.49692 -5.35217 0
      vertex 1.31309 -5.31141 0
    endloop
  endfacet
  facet normal 0 0 -1
    outer loop
      vertex 3.85882 4.15869 0
      vertex 1.49692 5.35217 0
      vertex 1.67212 5.42118 0
    endloop
  endfacet
  facet normal 0 0 -1
    outer loop
      vertex 3.94327 -3.79287 0
      vertex 1.31309 -5.31141 0
      vertex 1.12513 -5.29991 0
    endloop
  endfacet
  facet normal 0 0 -1
    outer loop
      vertex 3.88665 3.97246 0
      vertex 1.49692 5.35217 0
      vertex 3.85882 4.15869 0
    endloop
  endfacet
  facet normal -0 -0 -1
    outer loop
      vertex 1.12513 5.29991 0
      vertex 4.02729 3.62435 0
      vertex 0.937699 5.31796 0
    endloop
  endfacet
  facet normal 0 -0 -1
    outer loop
      vertex 1.49692 5.35217 0
      vertex 3.88665 3.97246 0
      vertex 1.31309 5.31141 0
    endloop
  endfacet
  facet normal 0 0 -1
    outer loop
      vertex 4.02729 3.62435 0
      vertex 1.12513 5.29991 0
      vertex 3.94327 3.79287 0
    endloop
  endfacet
  facet normal 0 -0 -1
    outer loop
      vertex 1.31309 5.31141 0
      vertex 3.94327 3.79287 0
      vertex 1.12513 5.29991 0
    endloop
  endfacet
  facet normal 0 0 -1
    outer loop
      vertex 0.755396 -5.36511 0
      vertex 0.937699 5.31796 0
      vertex 0.937699 -5.31796 0
    endloop
  endfacet
  facet normal 0 0 -1
    outer loop
      vertex 0.755396 -5.36511 0
      vertex 0.755396 5.36511 0
      vertex 0.937699 5.31796 0
    endloop
  endfacet
  facet normal 0 0 -1
    outer loop
      vertex 0.282869 -5.66614 0
      vertex -2.20374 -5.22768 0
      vertex 0.4239 -5.54137 0
    endloop
  endfacet
  facet normal 0 0 -1
    outer loop
      vertex -2.2936 -5.0622 0
      vertex 0.4239 -5.54137 0
      vertex -2.20374 -5.22768 0
    endloop
  endfacet
  facet normal 0 0 -1
    outer loop
      vertex -2.20374 -5.22768 0
      vertex 0.282869 -5.66614 0
      vertex -2.14089 -5.40518 0
    endloop
  endfacet
  facet normal 0 0 -1
    outer loop
      vertex 0.755396 5.36511 0
      vertex -2.10164 5.77857 0
      vertex 0.582711 5.44019 0
    endloop
  endfacet
  facet normal 0 0 -1
    outer loop
      vertex 0.163095 -5.81144 0
      vertex -2.14089 -5.40518 0
      vertex 0.282869 -5.66614 0
    endloop
  endfacet
  facet normal 0 0 -1
    outer loop
      vertex 0.582711 5.44019 0
      vertex -2.10164 5.77857 0
      vertex 0.4239 5.54137 0
    endloop
  endfacet
  facet normal 0 0 -1
    outer loop
      vertex -2.14089 -5.40518 0
      vertex 0.163095 -5.81144 0
      vertex -2.10657 -5.59033 0
    endloop
  endfacet
  facet normal 0 0 -1
    outer loop
      vertex 0.4239 5.54137 0
      vertex -2.10164 5.77857 0
      vertex 0.282869 5.66614 0
    endloop
  endfacet
  facet normal 0 0 -1
    outer loop
      vertex -2.10657 -5.59033 0
      vertex 0.163095 -5.81144 0
      vertex 0.0675249 -5.97369 0
    endloop
  endfacet
  facet normal 0 0 -1
    outer loop
      vertex 0.282869 5.66614 0
      vertex -2.10164 5.77857 0
      vertex 0.163095 5.81144 0
    endloop
  endfacet
  facet normal 0 0 -1
    outer loop
      vertex -2.10657 -5.59033 0
      vertex 0.0675249 -5.97369 0
      vertex -0.00148773 -6.14888 0
    endloop
  endfacet
  facet normal 0 0 -1
    outer loop
      vertex -2.10657 -5.59033 0
      vertex -0.00148773 -6.14888 0
      vertex -0.042243 -6.33272 0
    endloop
  endfacet
  facet normal 0 0 -1
    outer loop
      vertex -2.10657 -5.59033 0
      vertex -0.042243 -6.33272 0
      vertex -0.0537386 -6.52067 0
    endloop
  endfacet
  facet normal 0 0 -1
    outer loop
      vertex 0.0114555 -6.89041 0
      vertex -2.10657 -5.59033 0
      vertex -0.0356913 -6.70811 0
    endloop
  endfacet
  facet normal 0 0 -1
    outer loop
      vertex -0.0356913 -6.70811 0
      vertex -2.10657 -5.59033 0
      vertex -0.0537386 -6.52067 0
    endloop
  endfacet
  facet normal -0 0 -1
    outer loop
      vertex 0.163095 5.81144 0
      vertex -2.10164 5.77857 0
      vertex 0.0675249 5.97369 0
    endloop
  endfacet
  facet normal 0 0 -1
    outer loop
      vertex -2.12622 5.96526 0
      vertex 0.0675249 5.97369 0
      vertex -2.10164 5.77857 0
    endloop
  endfacet
  facet normal 0 0 -1
    outer loop
      vertex -2.1797 6.14581 0
      vertex 0.0675249 5.97369 0
      vertex -2.12622 5.96526 0
    endloop
  endfacet
  facet normal 0 0 -1
    outer loop
      vertex -2.26077 6.31577 0
      vertex 0.0675249 5.97369 0
      vertex -2.1797 6.14581 0
    endloop
  endfacet
  facet normal 0 0 -1
    outer loop
      vertex -2.36742 6.47095 0
      vertex 0.0675249 5.97369 0
      vertex -2.26077 6.31577 0
    endloop
  endfacet
  facet normal 0 0 -1
    outer loop
      vertex -2.49704 6.60754 0
      vertex 0.0675249 5.97369 0
      vertex -2.36742 6.47095 0
    endloop
  endfacet
  facet normal 0 0 -1
    outer loop
      vertex -2.64643 6.72217 0
      vertex 0.0675249 5.97369 0
      vertex -2.49704 6.60754 0
    endloop
  endfacet
  facet normal 0 0 -1
    outer loop
      vertex -2.64643 6.72217 0
      vertex -5.86245 16.6023 0
      vertex 0.0675249 5.97369 0
    endloop
  endfacet
  facet normal 0 0 -1
    outer loop
      vertex -13.1783 13.3041 0
      vertex -5.86245 16.6023 0
      vertex -2.64643 6.72217 0
    endloop
  endfacet
  facet normal -0 0 -1
    outer loop
      vertex -6.13155 17.3033 0
      vertex -13.1783 13.3041 0
      vertex -6.1807 17.6767 0
    endloop
  endfacet
  facet normal -0 0 -1
    outer loop
      vertex -6.02459 16.9422 0
      vertex -13.1783 13.3041 0
      vertex -6.13155 17.3033 0
    endloop
  endfacet
  facet normal -0 0 -1
    outer loop
      vertex -5.86245 16.6023 0
      vertex -13.1783 13.3041 0
      vertex -6.02459 16.9422 0
    endloop
  endfacet
  facet normal 0 -1 0
    outer loop
      vertex -81.5 -31 0
      vertex 81.5 -31 3
      vertex -81.5 -31 3
    endloop
  endfacet
  facet normal 0 -1 -0
    outer loop
      vertex 81.5 -31 3
      vertex -81.5 -31 0
      vertex 81.5 -31 0
    endloop
  endfacet
  facet normal 0 1 -0
    outer loop
      vertex 81.5 31 0
      vertex -81.5 31 3
      vertex 81.5 31 3
    endloop
  endfacet
  facet normal 0 1 0
    outer loop
      vertex -81.5 31 3
      vertex 81.5 31 0
      vertex -81.5 31 0
    endloop
  endfacet
  facet normal 0.580693 -0.814123 0
    outer loop
      vertex 15.3321 8.65635 0
      vertex 15.6387 8.87504 3
      vertex 15.3321 8.65635 3
    endloop
  endfacet
  facet normal 0.580693 -0.814123 0
    outer loop
      vertex 15.6387 8.87504 3
      vertex 15.3321 8.65635 0
      vertex 15.6387 8.87504 0
    endloop
  endfacet
  facet normal -0.580689 0.814126 0
    outer loop
      vertex 18.3912 4.96064 0
      vertex 18.1108 4.76064 3
      vertex 18.3912 4.96064 3
    endloop
  endfacet
  facet normal -0.580689 0.814126 0
    outer loop
      vertex 18.1108 4.76064 3
      vertex 18.3912 4.96064 0
      vertex 18.1108 4.76064 0
    endloop
  endfacet
  facet normal 0.760412 0.649441 0
    outer loop
      vertex 5.75147 -0.848528 3
      vertex 5.62918 -0.705342 0
      vertex 5.62918 -0.705342 3
    endloop
  endfacet
  facet normal 0.760412 0.649441 0
    outer loop
      vertex 5.62918 -0.705342 0
      vertex 5.75147 -0.848528 3
      vertex 5.75147 -0.848528 0
    endloop
  endfacet
  facet normal 0.852635 0.522508 0
    outer loop
      vertex 5.62918 -0.705342 3
      vertex 5.53079 -0.544788 0
      vertex 5.53079 -0.544788 3
    endloop
  endfacet
  facet normal 0.852635 0.522508 0
    outer loop
      vertex 5.53079 -0.544788 0
      vertex 5.62918 -0.705342 3
      vertex 5.62918 -0.705342 0
    endloop
  endfacet
  facet normal 0.972368 0.233454 0
    outer loop
      vertex 5.45873 -0.37082 3
      vertex 5.41477 -0.187721 0
      vertex 5.41477 -0.187721 3
    endloop
  endfacet
  facet normal 0.972368 0.233454 0
    outer loop
      vertex 5.41477 -0.187721 0
      vertex 5.45873 -0.37082 3
      vertex 5.45873 -0.37082 0
    endloop
  endfacet
  facet normal 0.0784386 0.996919 -0
    outer loop
      vertex 6.6 -1.2 0
      vertex 6.41228 -1.18523 3
      vertex 6.6 -1.2 3
    endloop
  endfacet
  facet normal 0.0784386 0.996919 0
    outer loop
      vertex 6.41228 -1.18523 3
      vertex 6.6 -1.2 0
      vertex 6.41228 -1.18523 0
    endloop
  endfacet
  facet normal -0.469416 0.882977 0
    outer loop
      vertex 18.1108 4.76064 0
      vertex 7.14479 -1.06921 3
      vertex 18.1108 4.76064 3
    endloop
  endfacet
  facet normal -0.469416 0.882977 0
    outer loop
      vertex 7.14479 -1.06921 3
      vertex 18.1108 4.76064 0
      vertex 7.14479 -1.06921 0
    endloop
  endfacet
  facet normal 0.923879 0.382684 0
    outer loop
      vertex 5.53079 -0.544788 3
      vertex 5.45873 -0.37082 0
      vertex 5.45873 -0.37082 3
    endloop
  endfacet
  facet normal 0.923879 0.382684 0
    outer loop
      vertex 5.45873 -0.37082 0
      vertex 5.53079 -0.544788 3
      vertex 5.53079 -0.544788 0
    endloop
  endfacet
  facet normal 0.760412 -0.649441 0
    outer loop
      vertex 5.62918 0.705342 3
      vertex 5.75147 0.848528 0
      vertex 5.75147 0.848528 3
    endloop
  endfacet
  facet normal 0.760412 -0.649441 0
    outer loop
      vertex 5.75147 0.848528 0
      vertex 5.62918 0.705342 3
      vertex 5.62918 0.705342 0
    endloop
  endfacet
  facet normal 0.649433 -0.760419 0
    outer loop
      vertex 5.75147 0.848528 0
      vertex 5.89466 0.970819 3
      vertex 5.75147 0.848528 3
    endloop
  endfacet
  facet normal 0.649433 -0.760419 0
    outer loop
      vertex 5.89466 0.970819 3
      vertex 5.75147 0.848528 0
      vertex 5.89466 0.970819 0
    endloop
  endfacet
  facet normal 0.631464 -0.775405 0
    outer loop
      vertex 5.89466 0.970819 0
      vertex 15.3321 8.65635 3
      vertex 5.89466 0.970819 3
    endloop
  endfacet
  facet normal 0.631464 -0.775405 0
    outer loop
      vertex 15.3321 8.65635 3
      vertex 5.89466 0.970819 0
      vertex 15.3321 8.65635 0
    endloop
  endfacet
  facet normal -0.38268 0.923881 0
    outer loop
      vertex 7.14479 -1.06921 0
      vertex 6.97082 -1.14127 3
      vertex 7.14479 -1.06921 3
    endloop
  endfacet
  facet normal -0.38268 0.923881 0
    outer loop
      vertex 6.97082 -1.14127 3
      vertex 7.14479 -1.06921 0
      vertex 6.97082 -1.14127 0
    endloop
  endfacet
  facet normal 0.996919 0.0784382 0
    outer loop
      vertex 5.41477 -0.187721 3
      vertex 5.4 0 0
      vertex 5.4 0 3
    endloop
  endfacet
  facet normal 0.996919 0.0784382 0
    outer loop
      vertex 5.4 0 0
      vertex 5.41477 -0.187721 3
      vertex 5.41477 -0.187721 0
    endloop
  endfacet
  facet normal 0.852635 -0.522508 0
    outer loop
      vertex 5.53079 0.544788 3
      vertex 5.62918 0.705342 0
      vertex 5.62918 0.705342 3
    endloop
  endfacet
  facet normal 0.852635 -0.522508 0
    outer loop
      vertex 5.62918 0.705342 0
      vertex 5.53079 0.544788 3
      vertex 5.53079 0.544788 0
    endloop
  endfacet
  facet normal 0.446236 -0.894915 0
    outer loop
      vertex 15.6387 8.87504 0
      vertex 15.9757 9.04308 3
      vertex 15.6387 8.87504 3
    endloop
  endfacet
  facet normal 0.446236 -0.894915 0
    outer loop
      vertex 15.9757 9.04308 3
      vertex 15.6387 8.87504 0
      vertex 15.9757 9.04308 0
    endloop
  endfacet
  facet normal 0.649433 0.760419 -0
    outer loop
      vertex 5.89466 -0.970819 0
      vertex 5.75147 -0.848528 3
      vertex 5.89466 -0.970819 3
    endloop
  endfacet
  facet normal 0.649433 0.760419 0
    outer loop
      vertex 5.75147 -0.848528 3
      vertex 5.89466 -0.970819 0
      vertex 5.75147 -0.848528 0
    endloop
  endfacet
  facet normal 0.522521 0.852626 -0
    outer loop
      vertex 6.05521 -1.06921 0
      vertex 5.89466 -0.970819 3
      vertex 6.05521 -1.06921 3
    endloop
  endfacet
  facet normal 0.522521 0.852626 0
    outer loop
      vertex 5.89466 -0.970819 3
      vertex 6.05521 -1.06921 0
      vertex 5.89466 -0.970819 0
    endloop
  endfacet
  facet normal 0.233453 0.972368 -0
    outer loop
      vertex 6.41228 -1.18523 0
      vertex 6.22918 -1.14127 3
      vertex 6.41228 -1.18523 3
    endloop
  endfacet
  facet normal 0.233453 0.972368 0
    outer loop
      vertex 6.22918 -1.14127 3
      vertex 6.41228 -1.18523 0
      vertex 6.22918 -1.14127 0
    endloop
  endfacet
  facet normal 0.38268 0.923881 -0
    outer loop
      vertex 6.22918 -1.14127 0
      vertex 6.05521 -1.06921 3
      vertex 6.22918 -1.14127 3
    endloop
  endfacet
  facet normal 0.38268 0.923881 0
    outer loop
      vertex 6.05521 -1.06921 3
      vertex 6.22918 -1.14127 0
      vertex 6.05521 -1.06921 0
    endloop
  endfacet
  facet normal -0.233453 0.972368 0
    outer loop
      vertex 6.97082 -1.14127 0
      vertex 6.78772 -1.18523 3
      vertex 6.97082 -1.14127 3
    endloop
  endfacet
  facet normal -0.233453 0.972368 0
    outer loop
      vertex 6.78772 -1.18523 3
      vertex 6.97082 -1.14127 0
      vertex 6.78772 -1.18523 0
    endloop
  endfacet
  facet normal -0.0784386 0.996919 0
    outer loop
      vertex 6.78772 -1.18523 0
      vertex 6.6 -1.2 3
      vertex 6.78772 -1.18523 3
    endloop
  endfacet
  facet normal -0.0784386 0.996919 0
    outer loop
      vertex 6.6 -1.2 3
      vertex 6.78772 -1.18523 0
      vertex 6.6 -1.2 0
    endloop
  endfacet
  facet normal 0.300693 -0.953721 0
    outer loop
      vertex 15.9757 9.04308 0
      vertex 16.3349 9.15633 3
      vertex 15.9757 9.04308 3
    endloop
  endfacet
  facet normal 0.300693 -0.953721 0
    outer loop
      vertex 16.3349 9.15633 3
      vertex 15.9757 9.04308 0
      vertex 16.3349 9.15633 0
    endloop
  endfacet
  facet normal 0.147807 -0.989016 0
    outer loop
      vertex 16.3349 9.15633 0
      vertex 16.6886 9.20919 3
      vertex 16.3349 9.15633 3
    endloop
  endfacet
  facet normal 0.147807 -0.989016 0
    outer loop
      vertex 16.6886 9.20919 3
      vertex 16.3349 9.15633 0
      vertex 16.6886 9.20919 0
    endloop
  endfacet
  facet normal 0.996919 -0.0784382 0
    outer loop
      vertex 5.4 0 3
      vertex 5.41477 0.187721 0
      vertex 5.41477 0.187721 3
    endloop
  endfacet
  facet normal 0.996919 -0.0784382 0
    outer loop
      vertex 5.41477 0.187721 0
      vertex 5.4 0 3
      vertex 5.4 0 0
    endloop
  endfacet
  facet normal 0.972368 -0.233454 0
    outer loop
      vertex 5.41477 0.187721 3
      vertex 5.45873 0.37082 0
      vertex 5.45873 0.37082 3
    endloop
  endfacet
  facet normal 0.972368 -0.233454 0
    outer loop
      vertex 5.45873 0.37082 0
      vertex 5.41477 0.187721 3
      vertex 5.41477 0.187721 0
    endloop
  endfacet
  facet normal 0.923879 -0.382684 0
    outer loop
      vertex 5.45873 0.37082 3
      vertex 5.53079 0.544788 0
      vertex 5.53079 0.544788 3
    endloop
  endfacet
  facet normal 0.923879 -0.382684 0
    outer loop
      vertex 5.53079 0.544788 0
      vertex 5.45873 0.37082 3
      vertex 5.45873 0.37082 0
    endloop
  endfacet
  facet normal 0.968142 -0.2504 0
    outer loop
      vertex 6.18084 16.4864 3
      vertex 6.27514 16.851 0
      vertex 6.27514 16.851 3
    endloop
  endfacet
  facet normal 0.968142 -0.2504 0
    outer loop
      vertex 6.27514 16.851 0
      vertex 6.18084 16.4864 3
      vertex 6.18084 16.4864 0
    endloop
  endfacet
  facet normal -0.968149 0.250374 0
    outer loop
      vertex 10.8136 15.2883 0
      vertex 10.9067 15.6483 3
      vertex 10.9067 15.6483 0
    endloop
  endfacet
  facet normal -0.968149 0.250374 0
    outer loop
      vertex 10.9067 15.6483 3
      vertex 10.8136 15.2883 0
      vertex 10.8136 15.2883 3
    endloop
  endfacet
  facet normal 0.00870964 0.999962 -0
    outer loop
      vertex 5.1396 3.04532 0
      vertex 4.95131 3.04696 3
      vertex 5.1396 3.04532 3
    endloop
  endfacet
  facet normal 0.00870964 0.999962 0
    outer loop
      vertex 4.95131 3.04696 3
      vertex 5.1396 3.04532 0
      vertex 4.95131 3.04696 0
    endloop
  endfacet
  facet normal 0.317311 0.948322 -0
    outer loop
      vertex 4.76559 3.07804 0
      vertex 4.58702 3.13779 3
      vertex 4.76559 3.07804 3
    endloop
  endfacet
  facet normal 0.317311 0.948322 0
    outer loop
      vertex 4.58702 3.13779 3
      vertex 4.76559 3.07804 0
      vertex 4.58702 3.13779 0
    endloop
  endfacet
  facet normal 0.59483 0.803852 -0
    outer loop
      vertex 4.41999 3.22474 0
      vertex 4.26862 3.33675 3
      vertex 4.41999 3.22474 3
    endloop
  endfacet
  facet normal 0.59483 0.803852 0
    outer loop
      vertex 4.26862 3.33675 3
      vertex 4.41999 3.22474 0
      vertex 4.26862 3.33675 0
    endloop
  endfacet
  facet normal -0.580675 0.814135 0
    outer loop
      vertex 5.82724 3.32314 0
      vertex 5.67394 3.2138 3
      vertex 5.82724 3.32314 3
    endloop
  endfacet
  facet normal -0.580675 0.814135 0
    outer loop
      vertex 5.67394 3.2138 3
      vertex 5.82724 3.32314 0
      vertex 5.67394 3.2138 0
    endloop
  endfacet
  facet normal -0.927161 0.374664 0
    outer loop
      vertex 6.1605 3.77352 0
      vertex 10.8136 15.2883 3
      vertex 10.8136 15.2883 0
    endloop
  endfacet
  facet normal -0.927161 0.374664 0
    outer loop
      vertex 10.8136 15.2883 3
      vertex 6.1605 3.77352 0
      vertex 6.1605 3.77352 3
    endloop
  endfacet
  facet normal 0.461747 0.887012 -0
    outer loop
      vertex 4.58702 3.13779 0
      vertex 4.41999 3.22474 3
      vertex 4.58702 3.13779 3
    endloop
  endfacet
  facet normal 0.461747 0.887012 0
    outer loop
      vertex 4.41999 3.22474 3
      vertex 4.58702 3.13779 0
      vertex 4.41999 3.22474 0
    endloop
  endfacet
  facet normal 0.986285 -0.165053 0
    outer loop
      vertex 3.86046 4.34698 3
      vertex 3.89154 4.5327 0
      vertex 3.89154 4.5327 3
    endloop
  endfacet
  facet normal 0.986285 -0.165053 0
    outer loop
      vertex 3.89154 4.5327 0
      vertex 3.86046 4.34698 3
      vertex 3.86046 4.34698 0
    endloop
  endfacet
  facet normal 0.982151 -0.188096 0
    outer loop
      vertex 3.89154 4.5327 3
      vertex 6.18084 16.4864 0
      vertex 6.18084 16.4864 3
    endloop
  endfacet
  facet normal 0.982151 -0.188096 0
    outer loop
      vertex 6.18084 16.4864 0
      vertex 3.89154 4.5327 3
      vertex 3.89154 4.5327 0
    endloop
  endfacet
  facet normal 0.917074 -0.398717 0
    outer loop
      vertex 6.27514 16.851 3
      vertex 6.42531 17.1964 0
      vertex 6.42531 17.1964 3
    endloop
  endfacet
  facet normal 0.917074 -0.398717 0
    outer loop
      vertex 6.42531 17.1964 0
      vertex 6.27514 16.851 3
      vertex 6.27514 16.851 0
    endloop
  endfacet
  facet normal 0.165053 0.986285 -0
    outer loop
      vertex 4.95131 3.04696 0
      vertex 4.76559 3.07804 3
      vertex 4.95131 3.04696 3
    endloop
  endfacet
  facet normal 0.165053 0.986285 0
    outer loop
      vertex 4.76559 3.07804 3
      vertex 4.95131 3.04696 0
      vertex 4.76559 3.07804 0
    endloop
  endfacet
  facet normal -0.803833 0.594855 0
    outer loop
      vertex 5.96154 3.45513 0
      vertex 6.07355 3.60649 3
      vertex 6.07355 3.60649 0
    endloop
  endfacet
  facet normal -0.803833 0.594855 0
    outer loop
      vertex 6.07355 3.60649 3
      vertex 5.96154 3.45513 0
      vertex 5.96154 3.45513 3
    endloop
  endfacet
  facet normal 0.71324 0.700919 0
    outer loop
      vertex 4.26862 3.33675 3
      vertex 4.13664 3.47105 0
      vertex 4.13664 3.47105 3
    endloop
  endfacet
  facet normal 0.71324 0.700919 0
    outer loop
      vertex 4.13664 3.47105 0
      vertex 4.26862 3.33675 3
      vertex 4.26862 3.33675 0
    endloop
  endfacet
  facet normal -0.300732 0.953709 0
    outer loop
      vertex 5.50542 3.12978 0
      vertex 5.32583 3.07315 3
      vertex 5.50542 3.12978 3
    endloop
  endfacet
  facet normal -0.300732 0.953709 0
    outer loop
      vertex 5.32583 3.07315 3
      vertex 5.50542 3.12978 0
      vertex 5.32583 3.07315 0
    endloop
  endfacet
  facet normal -0.147798 0.989018 0
    outer loop
      vertex 5.32583 3.07315 0
      vertex 5.1396 3.04532 3
      vertex 5.32583 3.07315 3
    endloop
  endfacet
  facet normal -0.147798 0.989018 0
    outer loop
      vertex 5.1396 3.04532 3
      vertex 5.32583 3.07315 0
      vertex 5.1396 3.04532 0
    endloop
  endfacet
  facet normal -0.887012 0.461747 0
    outer loop
      vertex 6.07355 3.60649 0
      vertex 6.1605 3.77352 3
      vertex 6.1605 3.77352 0
    endloop
  endfacet
  facet normal -0.887012 0.461747 0
    outer loop
      vertex 6.1605 3.77352 3
      vertex 6.07355 3.60649 0
      vertex 6.07355 3.60649 3
    endloop
  endfacet
  facet normal 0.894936 0.446194 0
    outer loop
      vertex 4.02729 3.62435 3
      vertex 3.94327 3.79287 0
      vertex 3.94327 3.79287 3
    endloop
  endfacet
  facet normal 0.894936 0.446194 0
    outer loop
      vertex 3.94327 3.79287 0
      vertex 4.02729 3.62435 3
      vertex 4.02729 3.62435 0
    endloop
  endfacet
  facet normal 0.953724 0.300684 0
    outer loop
      vertex 3.94327 3.79287 3
      vertex 3.88665 3.97246 0
      vertex 3.88665 3.97246 3
    endloop
  endfacet
  facet normal 0.953724 0.300684 0
    outer loop
      vertex 3.88665 3.97246 0
      vertex 3.94327 3.79287 3
      vertex 3.94327 3.79287 0
    endloop
  endfacet
  facet normal 0.81411 0.580711 0
    outer loop
      vertex 4.13664 3.47105 3
      vertex 4.02729 3.62435 0
      vertex 4.02729 3.62435 3
    endloop
  endfacet
  facet normal 0.81411 0.580711 0
    outer loop
      vertex 4.02729 3.62435 0
      vertex 4.13664 3.47105 3
      vertex 4.13664 3.47105 0
    endloop
  endfacet
  facet normal 0.843372 -0.537331 0
    outer loop
      vertex 6.42531 17.1964 3
      vertex 6.62766 17.514 0
      vertex 6.62766 17.514 3
    endloop
  endfacet
  facet normal 0.843372 -0.537331 0
    outer loop
      vertex 6.62766 17.514 0
      vertex 6.42531 17.1964 3
      vertex 6.42531 17.1964 0
    endloop
  endfacet
  facet normal 0.748913 -0.662668 0
    outer loop
      vertex 6.62766 17.514 3
      vertex 6.85471 17.7706 0
      vertex 6.85471 17.7706 3
    endloop
  endfacet
  facet normal 0.748913 -0.662668 0
    outer loop
      vertex 6.85471 17.7706 0
      vertex 6.62766 17.514 3
      vertex 6.62766 17.514 0
    endloop
  endfacet
  facet normal -0.446194 0.894936 0
    outer loop
      vertex 5.67394 3.2138 0
      vertex 5.50542 3.12978 3
      vertex 5.67394 3.2138 3
    endloop
  endfacet
  facet normal -0.446194 0.894936 0
    outer loop
      vertex 5.50542 3.12978 3
      vertex 5.67394 3.2138 0
      vertex 5.50542 3.12978 0
    endloop
  endfacet
  facet normal -0.700946 0.713214 0
    outer loop
      vertex 5.96154 3.45513 0
      vertex 5.82724 3.32314 3
      vertex 5.96154 3.45513 3
    endloop
  endfacet
  facet normal -0.700946 0.713214 0
    outer loop
      vertex 5.82724 3.32314 3
      vertex 5.96154 3.45513 0
      vertex 5.82724 3.32314 0
    endloop
  endfacet
  facet normal 0.989018 0.147798 0
    outer loop
      vertex 3.88665 3.97246 3
      vertex 3.85882 4.15869 0
      vertex 3.85882 4.15869 3
    endloop
  endfacet
  facet normal 0.989018 0.147798 0
    outer loop
      vertex 3.85882 4.15869 0
      vertex 3.88665 3.97246 3
      vertex 3.88665 3.97246 0
    endloop
  endfacet
  facet normal 0.999962 -0.00870964 0
    outer loop
      vertex 3.85882 4.15869 3
      vertex 3.86046 4.34698 0
      vertex 3.86046 4.34698 3
    endloop
  endfacet
  facet normal 0.999962 -0.00870964 0
    outer loop
      vertex 3.86046 4.34698 0
      vertex 3.85882 4.15869 3
      vertex 3.85882 4.15869 0
    endloop
  endfacet
  facet normal 0.902569 0.430546 0
    outer loop
      vertex -5.86245 16.6023 3
      vertex -6.02459 16.9422 0
      vertex -6.02459 16.9422 3
    endloop
  endfacet
  facet normal 0.902569 0.430546 0
    outer loop
      vertex -6.02459 16.9422 0
      vertex -5.86245 16.6023 3
      vertex -5.86245 16.6023 0
    endloop
  endfacet
  facet normal -0.951077 -0.308955 0
    outer loop
      vertex 2.29364 6.85058 0
      vertex -1.5434 18.6624 3
      vertex -1.5434 18.6624 0
    endloop
  endfacet
  facet normal -0.951077 -0.308955 0
    outer loop
      vertex -1.5434 18.6624 3
      vertex 2.29364 6.85058 0
      vertex 2.29364 6.85058 3
    endloop
  endfacet
  facet normal 0.398724 0.917071 -0
    outer loop
      vertex 0.755396 5.36511 0
      vertex 0.582711 5.44019 3
      vertex 0.755396 5.36511 3
    endloop
  endfacet
  facet normal 0.398724 0.917071 0
    outer loop
      vertex 0.582711 5.44019 3
      vertex 0.755396 5.36511 0
      vertex 0.582711 5.44019 0
    endloop
  endfacet
  facet normal 0.958822 0.284009 0
    outer loop
      vertex -6.02459 16.9422 3
      vertex -6.13155 17.3033 0
      vertex -6.13155 17.3033 3
    endloop
  endfacet
  facet normal 0.958822 0.284009 0
    outer loop
      vertex -6.13155 17.3033 0
      vertex -6.02459 16.9422 3
      vertex -6.02459 16.9422 0
    endloop
  endfacet
  facet normal -0.902579 -0.430525 0
    outer loop
      vertex -1.5434 18.6624 0
      vertex -1.68874 18.9671 3
      vertex -1.68874 18.9671 0
    endloop
  endfacet
  facet normal -0.902579 -0.430525 0
    outer loop
      vertex -1.68874 18.9671 3
      vertex -1.5434 18.6624 0
      vertex -1.5434 18.6624 3
    endloop
  endfacet
  facet normal -0.507528 0.861635 0
    outer loop
      vertex 1.83437 5.51675 0
      vertex 1.67212 5.42118 3
      vertex 1.83437 5.51675 3
    endloop
  endfacet
  facet normal -0.507528 0.861635 0
    outer loop
      vertex 1.67212 5.42118 3
      vertex 1.83437 5.51675 0
      vertex 1.67212 5.42118 0
    endloop
  endfacet
  facet normal 0.0958586 0.995395 -0
    outer loop
      vertex 1.12513 5.29991 0
      vertex 0.937699 5.31796 3
      vertex 1.12513 5.29991 3
    endloop
  endfacet
  facet normal 0.0958586 0.995395 0
    outer loop
      vertex 0.937699 5.31796 3
      vertex 1.12513 5.29991 0
      vertex 0.937699 5.31796 0
    endloop
  endfacet
  facet normal -0.968142 0.2504 0
    outer loop
      vertex 2.2807 6.10905 0
      vertex 2.32785 6.29135 3
      vertex 2.32785 6.29135 0
    endloop
  endfacet
  facet normal -0.968142 0.2504 0
    outer loop
      vertex 2.32785 6.29135 3
      vertex 2.2807 6.10905 0
      vertex 2.2807 6.10905 3
    endloop
  endfacet
  facet normal -0.061069 0.998134 0
    outer loop
      vertex 1.31309 5.31141 0
      vertex 1.12513 5.29991 3
      vertex 1.31309 5.31141 3
    endloop
  endfacet
  facet normal -0.061069 0.998134 0
    outer loop
      vertex 1.12513 5.29991 3
      vertex 1.31309 5.31141 0
      vertex 1.12513 5.29991 0
    endloop
  endfacet
  facet normal 0.77163 0.636072 0
    outer loop
      vertex 0.282869 5.66614 3
      vertex 0.163095 5.81144 0
      vertex 0.163095 5.81144 3
    endloop
  endfacet
  facet normal 0.77163 0.636072 0
    outer loop
      vertex 0.163095 5.81144 0
      vertex 0.282869 5.66614 3
      vertex 0.282869 5.66614 0
    endloop
  endfacet
  facet normal 0.861635 0.507529 0
    outer loop
      vertex 0.163095 5.81144 3
      vertex 0.0675249 5.97369 0
      vertex 0.0675249 5.97369 3
    endloop
  endfacet
  facet normal 0.861635 0.507529 0
    outer loop
      vertex 0.0675249 5.97369 0
      vertex 0.163095 5.81144 3
      vertex 0.163095 5.81144 0
    endloop
  endfacet
  facet normal 0.873277 0.487224 0
    outer loop
      vertex 0.0675249 5.97369 3
      vertex -5.86245 16.6023 0
      vertex -5.86245 16.6023 3
    endloop
  endfacet
  facet normal 0.873277 0.487224 0
    outer loop
      vertex -5.86245 16.6023 0
      vertex 0.0675249 5.97369 3
      vertex 0.0675249 5.97369 0
    endloop
  endfacet
  facet normal -0.216469 0.976289 0
    outer loop
      vertex 1.49692 5.35217 0
      vertex 1.31309 5.31141 3
      vertex 1.49692 5.35217 3
    endloop
  endfacet
  facet normal -0.216469 0.976289 0
    outer loop
      vertex 1.31309 5.31141 3
      vertex 1.49692 5.35217 0
      vertex 1.31309 5.31141 0
    endloop
  endfacet
  facet normal -0.366487 0.930423 0
    outer loop
      vertex 1.67212 5.42118 0
      vertex 1.49692 5.35217 3
      vertex 1.67212 5.42118 3
    endloop
  endfacet
  facet normal -0.366487 0.930423 0
    outer loop
      vertex 1.49692 5.35217 3
      vertex 1.67212 5.42118 0
      vertex 1.49692 5.35217 0
    endloop
  endfacet
  facet normal -0.84339 0.537302 0
    outer loop
      vertex 2.10444 5.77755 0
      vertex 2.20562 5.93637 3
      vertex 2.20562 5.93637 0
    endloop
  endfacet
  facet normal -0.84339 0.537302 0
    outer loop
      vertex 2.20562 5.93637 3
      vertex 2.10444 5.77755 0
      vertex 2.10444 5.77755 3
    endloop
  endfacet
  facet normal -0.998137 -0.0610194 0
    outer loop
      vertex 2.34589 6.47879 0
      vertex 2.3344 6.66674 3
      vertex 2.3344 6.66674 0
    endloop
  endfacet
  facet normal -0.998137 -0.0610194 0
    outer loop
      vertex 2.3344 6.66674 3
      vertex 2.34589 6.47879 0
      vertex 2.34589 6.47879 3
    endloop
  endfacet
  facet normal 0.537323 0.843376 -0
    outer loop
      vertex 0.582711 5.44019 0
      vertex 0.4239 5.54137 3
      vertex 0.582711 5.44019 3
    endloop
  endfacet
  facet normal 0.537323 0.843376 0
    outer loop
      vertex 0.4239 5.54137 3
      vertex 0.582711 5.44019 0
      vertex 0.4239 5.54137 0
    endloop
  endfacet
  facet normal 0.662609 0.748965 -0
    outer loop
      vertex 0.4239 5.54137 0
      vertex 0.282869 5.66614 3
      vertex 0.4239 5.54137 3
    endloop
  endfacet
  facet normal 0.662609 0.748965 0
    outer loop
      vertex 0.282869 5.66614 3
      vertex 0.4239 5.54137 0
      vertex 0.282869 5.66614 0
    endloop
  endfacet
  facet normal 0.980581 -0.196116 0
    outer loop
      vertex -6.17085 18.0532 3
      vertex -6.17069 18.054 0
      vertex -6.17069 18.054 3
    endloop
  endfacet
  facet normal 0.980581 -0.196116 0
    outer loop
      vertex -6.17069 18.054 0
      vertex -6.17085 18.0532 3
      vertex -6.17085 18.0532 0
    endloop
  endfacet
  facet normal -0.917067 0.398734 0
    outer loop
      vertex 2.20562 5.93637 0
      vertex 2.2807 6.10905 3
      vertex 2.2807 6.10905 0
    endloop
  endfacet
  facet normal -0.917067 0.398734 0
    outer loop
      vertex 2.2807 6.10905 3
      vertex 2.20562 5.93637 0
      vertex 2.20562 5.93637 3
    endloop
  endfacet
  facet normal -0.976292 -0.216458 0
    outer loop
      vertex 2.3344 6.66674 0
      vertex 2.29364 6.85058 3
      vertex 2.29364 6.85058 0
    endloop
  endfacet
  facet normal -0.976292 -0.216458 0
    outer loop
      vertex 2.29364 6.85058 3
      vertex 2.3344 6.66674 0
      vertex 2.3344 6.66674 3
    endloop
  endfacet
  facet normal 0.250396 0.968143 -0
    outer loop
      vertex 0.937699 5.31796 0
      vertex 0.755396 5.36511 3
      vertex 0.937699 5.31796 3
    endloop
  endfacet
  facet normal 0.250396 0.968143 0
    outer loop
      vertex 0.755396 5.36511 3
      vertex 0.937699 5.31796 0
      vertex 0.755396 5.36511 0
    endloop
  endfacet
  facet normal 0.991448 0.130503 0
    outer loop
      vertex -6.13155 17.3033 3
      vertex -6.1807 17.6767 0
      vertex -6.1807 17.6767 3
    endloop
  endfacet
  facet normal 0.991448 0.130503 0
    outer loop
      vertex -6.1807 17.6767 0
      vertex -6.13155 17.3033 3
      vertex -6.13155 17.3033 0
    endloop
  endfacet
  facet normal 0.999658 -0.0261531 0
    outer loop
      vertex -6.1807 17.6767 3
      vertex -6.17085 18.0532 0
      vertex -6.17085 18.0532 3
    endloop
  endfacet
  facet normal 0.999658 -0.0261531 0
    outer loop
      vertex -6.17085 18.0532 0
      vertex -6.1807 17.6767 3
      vertex -6.1807 17.6767 0
    endloop
  endfacet
  facet normal -0.748963 0.662612 0
    outer loop
      vertex 1.97967 5.63652 0
      vertex 2.10444 5.77755 3
      vertex 2.10444 5.77755 0
    endloop
  endfacet
  facet normal -0.748963 0.662612 0
    outer loop
      vertex 2.10444 5.77755 3
      vertex 1.97967 5.63652 0
      vertex 1.97967 5.63652 3
    endloop
  endfacet
  facet normal -0.636059 0.77164 0
    outer loop
      vertex 1.97967 5.63652 0
      vertex 1.83437 5.51675 3
      vertex 1.97967 5.63652 3
    endloop
  endfacet
  facet normal -0.636059 0.77164 0
    outer loop
      vertex 1.83437 5.51675 3
      vertex 1.97967 5.63652 0
      vertex 1.83437 5.51675 0
    endloop
  endfacet
  facet normal -0.9954 0.0958015 0
    outer loop
      vertex 2.32785 6.29135 0
      vertex 2.34589 6.47879 3
      vertex 2.34589 6.47879 0
    endloop
  endfacet
  facet normal -0.9954 0.0958015 0
    outer loop
      vertex 2.34589 6.47879 3
      vertex 2.32785 6.29135 0
      vertex 2.32785 6.29135 3
    endloop
  endfacet
  facet normal 0.414677 0.909969 -0
    outer loop
      vertex -15.1626 8.94978 0
      vertex -15.5053 9.10595 3
      vertex -15.1626 8.94978 3
    endloop
  endfacet
  facet normal 0.414677 0.909969 0
    outer loop
      vertex -15.5053 9.10595 3
      vertex -15.1626 8.94978 0
      vertex -15.5053 9.10595 0
    endloop
  endfacet
  facet normal -0.529971 -0.848016 0
    outer loop
      vertex -13.1783 13.3041 0
      vertex -2.64643 6.72217 3
      vertex -13.1783 13.3041 3
    endloop
  endfacet
  facet normal -0.529971 -0.848016 -0
    outer loop
      vertex -2.64643 6.72217 3
      vertex -13.1783 13.3041 0
      vertex -2.64643 6.72217 0
    endloop
  endfacet
  facet normal 0.551866 0.833933 -0
    outer loop
      vertex -15.5053 9.10595 0
      vertex -15.8194 9.31381 3
      vertex -15.5053 9.10595 3
    endloop
  endfacet
  facet normal 0.551866 0.833933 0
    outer loop
      vertex -15.8194 9.31381 3
      vertex -15.5053 9.10595 0
      vertex -15.8194 9.31381 0
    endloop
  endfacet
  facet normal -0.983251 0.182259 0
    outer loop
      vertex -2.14089 5.40518 0
      vertex -2.10657 5.59033 3
      vertex -2.10657 5.59033 0
    endloop
  endfacet
  facet normal -0.983251 0.182259 0
    outer loop
      vertex -2.10657 5.59033 3
      vertex -2.14089 5.40518 0
      vertex -2.14089 5.40518 3
    endloop
  endfacet
  facet normal -0.414843 -0.909893 0
    outer loop
      vertex -13.5209 13.4603 0
      vertex -13.1783 13.3041 3
      vertex -13.5209 13.4603 3
    endloop
  endfacet
  facet normal -0.414843 -0.909893 -0
    outer loop
      vertex -13.1783 13.3041 3
      vertex -13.5209 13.4603 0
      vertex -13.1783 13.3041 0
    endloop
  endfacet
  facet normal -0.942652 0.333778 0
    outer loop
      vertex -2.20374 5.22768 0
      vertex -2.14089 5.40518 3
      vertex -2.14089 5.40518 0
    endloop
  endfacet
  facet normal -0.942652 0.333778 0
    outer loop
      vertex -2.14089 5.40518 3
      vertex -2.20374 5.22768 0
      vertex -2.20374 5.22768 3
    endloop
  endfacet
  facet normal -0.902579 -0.430525 0
    outer loop
      vertex -2.1797 6.14581 0
      vertex -2.26077 6.31577 3
      vertex -2.26077 6.31577 0
    endloop
  endfacet
  facet normal -0.902579 -0.430525 0
    outer loop
      vertex -2.26077 6.31577 3
      vertex -2.1797 6.14581 0
      vertex -2.1797 6.14581 3
    endloop
  endfacet
  facet normal 0.333778 0.942652 -0
    outer loop
      vertex -3.61058 4.55666 0
      vertex -3.78808 4.61951 3
      vertex -3.61058 4.55666 3
    endloop
  endfacet
  facet normal 0.333778 0.942652 0
    outer loop
      vertex -3.78808 4.61951 3
      vertex -3.61058 4.55666 0
      vertex -3.78808 4.61951 0
    endloop
  endfacet
  facet normal 0.355789 0.934566 -0
    outer loop
      vertex -3.78808 4.61951 0
      vertex -15.1626 8.94978 3
      vertex -3.78808 4.61951 3
    endloop
  endfacet
  facet normal 0.355789 0.934566 0
    outer loop
      vertex -15.1626 8.94978 3
      vertex -3.78808 4.61951 0
      vertex -15.1626 8.94978 0
    endloop
  endfacet
  facet normal -0.793356 0.608758 0
    outer loop
      vertex -2.40823 4.91281 0
      vertex -2.2936 5.0622 3
      vertex -2.2936 5.0622 0
    endloop
  endfacet
  facet normal -0.793356 0.608758 0
    outer loop
      vertex -2.2936 5.0622 3
      vertex -2.40823 4.91281 0
      vertex -2.40823 4.91281 3
    endloop
  endfacet
  facet normal -0.688357 0.725372 0
    outer loop
      vertex -2.40823 4.91281 0
      vertex -2.54482 4.78319 3
      vertex -2.40823 4.91281 3
    endloop
  endfacet
  facet normal -0.688357 0.725372 0
    outer loop
      vertex -2.54482 4.78319 3
      vertex -2.40823 4.91281 0
      vertex -2.54482 4.78319 0
    endloop
  endfacet
  facet normal -0.878791 0.477207 0
    outer loop
      vertex -2.2936 5.0622 0
      vertex -2.20374 5.22768 3
      vertex -2.20374 5.22768 0
    endloop
  endfacet
  facet normal -0.878791 0.477207 0
    outer loop
      vertex -2.20374 5.22768 3
      vertex -2.2936 5.0622 0
      vertex -2.2936 5.0622 3
    endloop
  endfacet
  facet normal -0.725372 -0.688357 0
    outer loop
      vertex -2.36742 6.47095 0
      vertex -2.49704 6.60754 3
      vertex -2.49704 6.60754 0
    endloop
  endfacet
  facet normal -0.725372 -0.688357 0
    outer loop
      vertex -2.49704 6.60754 3
      vertex -2.36742 6.47095 0
      vertex -2.36742 6.47095 3
    endloop
  endfacet
  facet normal 0.182259 0.983251 -0
    outer loop
      vertex -3.42543 4.52234 0
      vertex -3.61058 4.55666 3
      vertex -3.42543 4.52234 3
    endloop
  endfacet
  facet normal 0.182259 0.983251 0
    outer loop
      vertex -3.61058 4.55666 3
      vertex -3.42543 4.52234 0
      vertex -3.61058 4.55666 0
    endloop
  endfacet
  facet normal 0.782504 0.622645 0
    outer loop
      vertex -16.097 9.56824 3
      vertex -16.3069 9.83203 0
      vertex -16.3069 9.83203 3
    endloop
  endfacet
  facet normal 0.782504 0.622645 0
    outer loop
      vertex -16.3069 9.83203 0
      vertex -16.097 9.56824 3
      vertex -16.097 9.56824 0
    endloop
  endfacet
  facet normal -0.267384 -0.96359 0
    outer loop
      vertex -13.54 13.4656 0
      vertex -13.5209 13.4603 3
      vertex -13.54 13.4656 3
    endloop
  endfacet
  facet normal -0.267384 -0.96359 -0
    outer loop
      vertex -13.5209 13.4603 3
      vertex -13.54 13.4656 0
      vertex -13.5209 13.4603 0
    endloop
  endfacet
  facet normal -0.566398 0.824132 0
    outer loop
      vertex -2.54482 4.78319 0
      vertex -2.7 4.67654 3
      vertex -2.54482 4.78319 3
    endloop
  endfacet
  facet normal -0.566398 0.824132 0
    outer loop
      vertex -2.7 4.67654 3
      vertex -2.54482 4.78319 0
      vertex -2.7 4.67654 0
    endloop
  endfacet
  facet normal -0.958822 -0.284009 0
    outer loop
      vertex -2.12622 5.96526 0
      vertex -2.1797 6.14581 3
      vertex -2.1797 6.14581 0
    endloop
  endfacet
  facet normal -0.958822 -0.284009 0
    outer loop
      vertex -2.1797 6.14581 3
      vertex -2.12622 5.96526 0
      vertex -2.12622 5.96526 3
    endloop
  endfacet
  facet normal -0.824132 -0.566398 0
    outer loop
      vertex -2.26077 6.31577 0
      vertex -2.36742 6.47095 3
      vertex -2.36742 6.47095 0
    endloop
  endfacet
  facet normal -0.824132 -0.566398 0
    outer loop
      vertex -2.36742 6.47095 3
      vertex -2.26077 6.31577 0
      vertex -2.26077 6.31577 3
    endloop
  endfacet
  facet normal -0.608758 -0.793356 0
    outer loop
      vertex -2.64643 6.72217 0
      vertex -2.49704 6.60754 3
      vertex -2.64643 6.72217 3
    endloop
  endfacet
  facet normal -0.608758 -0.793356 -0
    outer loop
      vertex -2.49704 6.60754 3
      vertex -2.64643 6.72217 0
      vertex -2.49704 6.60754 0
    endloop
  endfacet
  facet normal -0.284009 0.958822 0
    outer loop
      vertex -2.86996 4.59547 0
      vertex -3.05051 4.54199 3
      vertex -2.86996 4.59547 3
    endloop
  endfacet
  facet normal -0.284009 0.958822 0
    outer loop
      vertex -3.05051 4.54199 3
      vertex -2.86996 4.59547 0
      vertex -3.05051 4.54199 0
    endloop
  endfacet
  facet normal -0.130536 0.991444 0
    outer loop
      vertex -3.05051 4.54199 0
      vertex -3.2372 4.51741 3
      vertex -3.05051 4.54199 3
    endloop
  endfacet
  facet normal -0.130536 0.991444 0
    outer loop
      vertex -3.2372 4.51741 3
      vertex -3.05051 4.54199 0
      vertex -3.2372 4.51741 0
    endloop
  endfacet
  facet normal -0.430525 0.902579 0
    outer loop
      vertex -2.7 4.67654 0
      vertex -2.86996 4.59547 3
      vertex -2.7 4.67654 3
    endloop
  endfacet
  facet normal -0.430525 0.902579 0
    outer loop
      vertex -2.86996 4.59547 3
      vertex -2.7 4.67654 0
      vertex -2.86996 4.59547 0
    endloop
  endfacet
  facet normal 0.675672 0.737203 -0
    outer loop
      vertex -15.8194 9.31381 0
      vertex -16.097 9.56824 3
      vertex -15.8194 9.31381 3
    endloop
  endfacet
  facet normal 0.675672 0.737203 0
    outer loop
      vertex -16.097 9.56824 3
      vertex -15.8194 9.31381 0
      vertex -16.097 9.56824 0
    endloop
  endfacet
  facet normal -0.999657 0.026181 0
    outer loop
      vertex -2.10657 5.59033 0
      vertex -2.10164 5.77857 3
      vertex -2.10164 5.77857 0
    endloop
  endfacet
  facet normal -0.999657 0.026181 0
    outer loop
      vertex -2.10164 5.77857 3
      vertex -2.10657 5.59033 0
      vertex -2.10657 5.59033 3
    endloop
  endfacet
  facet normal -0.991444 -0.130536 0
    outer loop
      vertex -2.10164 5.77857 0
      vertex -2.12622 5.96526 3
      vertex -2.12622 5.96526 0
    endloop
  endfacet
  facet normal -0.991444 -0.130536 0
    outer loop
      vertex -2.12622 5.96526 3
      vertex -2.10164 5.77857 0
      vertex -2.10164 5.77857 3
    endloop
  endfacet
  facet normal 0.0261824 0.999657 -0
    outer loop
      vertex -3.2372 4.51741 0
      vertex -3.42543 4.52234 3
      vertex -3.2372 4.51741 3
    endloop
  endfacet
  facet normal 0.0261824 0.999657 0
    outer loop
      vertex -3.42543 4.52234 3
      vertex -3.2372 4.51741 0
      vertex -3.42543 4.52234 0
    endloop
  endfacet
  facet normal -0.26726 0.963624 0
    outer loop
      vertex -17.3681 -2.89043 0
      vertex -17.731 -2.99108 3
      vertex -17.3681 -2.89043 3
    endloop
  endfacet
  facet normal -0.26726 0.963624 0
    outer loop
      vertex -17.731 -2.99108 3
      vertex -17.3681 -2.89043 0
      vertex -17.731 -2.99108 0
    endloop
  endfacet
  facet normal 0.139109 -0.990277 0
    outer loop
      vertex -18.6469 1.72073 0
      vertex -6.34821 3.44839 3
      vertex -18.6469 1.72073 3
    endloop
  endfacet
  facet normal 0.139109 -0.990277 0
    outer loop
      vertex -6.34821 3.44839 3
      vertex -18.6469 1.72073 0
      vertex -6.34821 3.44839 0
    endloop
  endfacet
  facet normal -0.328178 0.944616 0
    outer loop
      vertex -5.87121 1.10382 0
      vertex -17.3681 -2.89043 3
      vertex -5.87121 1.10382 3
    endloop
  endfacet
  facet normal -0.328178 0.944616 0
    outer loop
      vertex -17.3681 -2.89043 3
      vertex -5.87121 1.10382 0
      vertex -17.3681 -2.89043 0
    endloop
  endfacet
  facet normal 0.267225 -0.963634 0
    outer loop
      vertex -18.9717 1.63066 0
      vertex -18.6469 1.72073 3
      vertex -18.9717 1.63066 3
    endloop
  endfacet
  facet normal 0.267225 -0.963634 0
    outer loop
      vertex -18.6469 1.72073 3
      vertex -18.9717 1.63066 0
      vertex -18.6469 1.72073 0
    endloop
  endfacet
  facet normal -0.936676 -0.350198 0
    outer loop
      vertex -5.04846 2.5881 0
      vertex -5.1144 2.76447 3
      vertex -5.1144 2.76447 0
    endloop
  endfacet
  facet normal -0.936676 -0.350198 0
    outer loop
      vertex -5.1144 2.76447 3
      vertex -5.04846 2.5881 0
      vertex -5.04846 2.5881 3
    endloop
  endfacet
  facet normal -0.870343 -0.492446 0
    outer loop
      vertex -5.1144 2.76447 0
      vertex -5.20713 2.92836 3
      vertex -5.20713 2.92836 0
    endloop
  endfacet
  facet normal -0.870343 -0.492446 0
    outer loop
      vertex -5.20713 2.92836 3
      vertex -5.1144 2.76447 0
      vertex -5.1144 2.76447 3
    endloop
  endfacet
  facet normal -0.35018 0.936682 0
    outer loop
      vertex -5.69483 1.16976 0
      vertex -5.87121 1.10382 3
      vertex -5.69483 1.16976 3
    endloop
  endfacet
  facet normal -0.35018 0.936682 0
    outer loop
      vertex -5.87121 1.10382 3
      vertex -5.69483 1.16976 0
      vertex -5.87121 1.10382 0
    endloop
  endfacet
  facet normal -0.999047 -0.0436515 0
    outer loop
      vertex -5.0027 2.21545 0
      vertex -5.01092 2.40358 3
      vertex -5.01092 2.40358 0
    endloop
  endfacet
  facet normal -0.999047 -0.0436515 0
    outer loop
      vertex -5.01092 2.40358 3
      vertex -5.0027 2.21545 0
      vertex -5.0027 2.21545 3
    endloop
  endfacet
  facet normal -0.99357 0.113223 0
    outer loop
      vertex -5.02402 2.02836 0
      vertex -5.0027 2.21545 3
      vertex -5.0027 2.21545 0
    endloop
  endfacet
  facet normal -0.99357 0.113223 0
    outer loop
      vertex -5.0027 2.21545 3
      vertex -5.02402 2.02836 0
      vertex -5.02402 2.02836 3
    endloop
  endfacet
  facet normal -0.979926 -0.199363 0
    outer loop
      vertex -5.01092 2.40358 0
      vertex -5.04846 2.5881 3
      vertex -5.04846 2.5881 0
    endloop
  endfacet
  facet normal -0.979926 -0.199363 0
    outer loop
      vertex -5.04846 2.5881 3
      vertex -5.01092 2.40358 0
      vertex -5.01092 2.40358 3
    endloop
  endfacet
  facet normal -0.55194 -0.833884 0
    outer loop
      vertex -5.6202 3.30688 0
      vertex -5.46318 3.20295 3
      vertex -5.6202 3.30688 3
    endloop
  endfacet
  facet normal -0.55194 -0.833884 -0
    outer loop
      vertex -5.46318 3.20295 3
      vertex -5.6202 3.30688 0
      vertex -5.46318 3.20295 0
    endloop
  endfacet
  facet normal -0.113223 -0.99357 0
    outer loop
      vertex -6.16009 3.4566 0
      vertex -5.973 3.43528 3
      vertex -6.16009 3.4566 3
    endloop
  endfacet
  facet normal -0.113223 -0.99357 -0
    outer loop
      vertex -5.973 3.43528 3
      vertex -6.16009 3.4566 0
      vertex -5.973 3.43528 0
    endloop
  endfacet
  facet normal -0.492446 0.870343 0
    outer loop
      vertex -5.53094 1.26249 0
      vertex -5.69483 1.16976 3
      vertex -5.53094 1.26249 3
    endloop
  endfacet
  facet normal -0.492446 0.870343 0
    outer loop
      vertex -5.69483 1.16976 3
      vertex -5.53094 1.26249 0
      vertex -5.69483 1.16976 0
    endloop
  endfacet
  facet normal -0.113191 0.993573 0
    outer loop
      vertex -17.731 -2.99108 0
      vertex -18.1052 -3.03371 3
      vertex -17.731 -2.99108 3
    endloop
  endfacet
  facet normal -0.113191 0.993573 0
    outer loop
      vertex -18.1052 -3.03371 3
      vertex -17.731 -2.99108 0
      vertex -18.1052 -3.03371 0
    endloop
  endfacet
  facet normal -0.963631 0.267236 0
    outer loop
      vertex -5.07434 1.84691 0
      vertex -5.02402 2.02836 3
      vertex -5.02402 2.02836 0
    endloop
  endfacet
  facet normal -0.963631 0.267236 0
    outer loop
      vertex -5.02402 2.02836 3
      vertex -5.07434 1.84691 0
      vertex -5.07434 1.84691 3
    endloop
  endfacet
  facet normal 0.0436009 -0.999049 0
    outer loop
      vertex -6.34821 3.44839 0
      vertex -6.16009 3.4566 3
      vertex -6.34821 3.44839 3
    endloop
  endfacet
  facet normal 0.0436009 -0.999049 0
    outer loop
      vertex -6.16009 3.4566 3
      vertex -6.34821 3.44839 0
      vertex -6.16009 3.4566 0
    endloop
  endfacet
  facet normal -0.267236 -0.963631 0
    outer loop
      vertex -5.973 3.43528 0
      vertex -5.79155 3.38496 3
      vertex -5.973 3.43528 3
    endloop
  endfacet
  facet normal -0.267236 -0.963631 -0
    outer loop
      vertex -5.79155 3.38496 3
      vertex -5.973 3.43528 0
      vertex -5.79155 3.38496 0
    endloop
  endfacet
  facet normal -0.622504 0.782617 0
    outer loop
      vertex -5.38357 1.37971 0
      vertex -5.53094 1.26249 3
      vertex -5.38357 1.37971 3
    endloop
  endfacet
  facet normal -0.622504 0.782617 0
    outer loop
      vertex -5.53094 1.26249 3
      vertex -5.38357 1.37971 0
      vertex -5.53094 1.26249 0
    endloop
  endfacet
  facet normal -0.909959 0.414699 0
    outer loop
      vertex -5.15243 1.67556 0
      vertex -5.07434 1.84691 3
      vertex -5.07434 1.84691 0
    endloop
  endfacet
  facet normal -0.909959 0.414699 0
    outer loop
      vertex -5.07434 1.84691 3
      vertex -5.15243 1.67556 0
      vertex -5.15243 1.67556 3
    endloop
  endfacet
  facet normal -0.737289 0.675578 0
    outer loop
      vertex -5.38357 1.37971 0
      vertex -5.25636 1.51854 3
      vertex -5.25636 1.51854 0
    endloop
  endfacet
  facet normal -0.737289 0.675578 0
    outer loop
      vertex -5.25636 1.51854 3
      vertex -5.38357 1.37971 0
      vertex -5.38357 1.37971 3
    endloop
  endfacet
  facet normal 0.199383 0.979922 -0
    outer loop
      vertex -18.4814 -3.01728 0
      vertex -18.8504 -2.9422 3
      vertex -18.4814 -3.01728 3
    endloop
  endfacet
  facet normal 0.199383 0.979922 0
    outer loop
      vertex -18.8504 -2.9422 3
      vertex -18.4814 -3.01728 0
      vertex -18.8504 -2.9422 0
    endloop
  endfacet
  facet normal 0.349577 0.936908 -0
    outer loop
      vertex -18.8504 -2.9422 0
      vertex -18.869 -2.93526 3
      vertex -18.8504 -2.9422 3
    endloop
  endfacet
  facet normal 0.349577 0.936908 0
    outer loop
      vertex -18.869 -2.93526 3
      vertex -18.8504 -2.9422 0
      vertex -18.869 -2.93526 0
    endloop
  endfacet
  facet normal -0.414655 -0.909979 0
    outer loop
      vertex -5.79155 3.38496 0
      vertex -5.6202 3.30688 3
      vertex -5.79155 3.38496 3
    endloop
  endfacet
  facet normal -0.414655 -0.909979 -0
    outer loop
      vertex -5.6202 3.30688 3
      vertex -5.79155 3.38496 0
      vertex -5.6202 3.30688 0
    endloop
  endfacet
  facet normal -0.833884 0.55194 0
    outer loop
      vertex -5.25636 1.51854 0
      vertex -5.15243 1.67556 3
      vertex -5.15243 1.67556 0
    endloop
  endfacet
  facet normal -0.833884 0.55194 0
    outer loop
      vertex -5.15243 1.67556 3
      vertex -5.25636 1.51854 0
      vertex -5.25636 1.51854 3
    endloop
  endfacet
  facet normal 0.043632 0.999048 -0
    outer loop
      vertex -18.1052 -3.03371 0
      vertex -18.4814 -3.01728 3
      vertex -18.1052 -3.03371 3
    endloop
  endfacet
  facet normal 0.043632 0.999048 0
    outer loop
      vertex -18.4814 -3.01728 3
      vertex -18.1052 -3.03371 0
      vertex -18.4814 -3.01728 0
    endloop
  endfacet
  facet normal -0.675607 -0.737262 0
    outer loop
      vertex -5.46318 3.20295 0
      vertex -5.32435 3.07573 3
      vertex -5.46318 3.20295 3
    endloop
  endfacet
  facet normal -0.675607 -0.737262 -0
    outer loop
      vertex -5.32435 3.07573 3
      vertex -5.46318 3.20295 0
      vertex -5.32435 3.07573 0
    endloop
  endfacet
  facet normal -0.782617 -0.622504 0
    outer loop
      vertex -5.20713 2.92836 0
      vertex -5.32435 3.07573 3
      vertex -5.32435 3.07573 0
    endloop
  endfacet
  facet normal -0.782617 -0.622504 0
    outer loop
      vertex -5.32435 3.07573 3
      vertex -5.20713 2.92836 0
      vertex -5.20713 2.92836 3
    endloop
  endfacet
  facet normal -0.824081 0.566472 0
    outer loop
      vertex -11.6601 -13.6885 0
      vertex -11.4468 -13.3782 3
      vertex -11.4468 -13.3782 0
    endloop
  endfacet
  facet normal -0.824081 0.566472 0
    outer loop
      vertex -11.4468 -13.3782 3
      vertex -11.6601 -13.6885 0
      vertex -11.6601 -13.6885 3
    endloop
  endfacet
  facet normal 0.743101 -0.669179 0
    outer loop
      vertex -15.3904 -10.6678 3
      vertex -7.0796 -1.43893 0
      vertex -7.0796 -1.43893 3
    endloop
  endfacet
  facet normal 0.743101 -0.669179 0
    outer loop
      vertex -7.0796 -1.43893 0
      vertex -15.3904 -10.6678 3
      vertex -15.3904 -10.6678 0
    endloop
  endfacet
  facet normal -0.72545 0.688275 0
    outer loop
      vertex -11.9193 -13.9617 0
      vertex -11.6601 -13.6885 3
      vertex -11.6601 -13.6885 0
    endloop
  endfacet
  facet normal -0.72545 0.688275 0
    outer loop
      vertex -11.6601 -13.6885 3
      vertex -11.9193 -13.9617 0
      vertex -11.9193 -13.9617 3
    endloop
  endfacet
  facet normal -0.737289 -0.675578 0
    outer loop
      vertex -5.25636 -1.51854 0
      vertex -5.38357 -1.37971 3
      vertex -5.38357 -1.37971 0
    endloop
  endfacet
  facet normal -0.737289 -0.675578 0
    outer loop
      vertex -5.38357 -1.37971 3
      vertex -5.25636 -1.51854 0
      vertex -5.25636 -1.51854 3
    endloop
  endfacet
  facet normal 0.824166 -0.566349 0
    outer loop
      vertex -15.6037 -10.9782 3
      vertex -15.3904 -10.6678 0
      vertex -15.3904 -10.6678 3
    endloop
  endfacet
  facet normal 0.824166 -0.566349 0
    outer loop
      vertex -15.3904 -10.6678 0
      vertex -15.6037 -10.9782 3
      vertex -15.6037 -10.9782 0
    endloop
  endfacet
  facet normal -0.492446 -0.870343 0
    outer loop
      vertex -5.69483 -1.16976 0
      vertex -5.53094 -1.26249 3
      vertex -5.69483 -1.16976 3
    endloop
  endfacet
  facet normal -0.492446 -0.870343 -0
    outer loop
      vertex -5.53094 -1.26249 3
      vertex -5.69483 -1.16976 0
      vertex -5.53094 -1.26249 0
    endloop
  endfacet
  facet normal -0.622504 -0.782617 0
    outer loop
      vertex -5.53094 -1.26249 0
      vertex -5.38357 -1.37971 3
      vertex -5.53094 -1.26249 3
    endloop
  endfacet
  facet normal -0.622504 -0.782617 -0
    outer loop
      vertex -5.38357 -1.37971 3
      vertex -5.53094 -1.26249 0
      vertex -5.38357 -1.37971 0
    endloop
  endfacet
  facet normal -0.909959 -0.414699 0
    outer loop
      vertex -5.07434 -1.84691 0
      vertex -5.15243 -1.67556 3
      vertex -5.15243 -1.67556 0
    endloop
  endfacet
  facet normal -0.909959 -0.414699 0
    outer loop
      vertex -5.15243 -1.67556 3
      vertex -5.07434 -1.84691 0
      vertex -5.07434 -1.84691 3
    endloop
  endfacet
  facet normal -0.870343 0.492446 0
    outer loop
      vertex -5.20713 -2.92836 0
      vertex -5.1144 -2.76447 3
      vertex -5.1144 -2.76447 0
    endloop
  endfacet
  facet normal -0.870343 0.492446 0
    outer loop
      vertex -5.1144 -2.76447 3
      vertex -5.20713 -2.92836 0
      vertex -5.20713 -2.92836 3
    endloop
  endfacet
  facet normal -0.858587 0.512668 0
    outer loop
      vertex -11.4468 -13.3782 0
      vertex -5.20713 -2.92836 3
      vertex -5.20713 -2.92836 0
    endloop
  endfacet
  facet normal -0.858587 0.512668 0
    outer loop
      vertex -5.20713 -2.92836 3
      vertex -11.4468 -13.3782 0
      vertex -11.4468 -13.3782 3
    endloop
  endfacet
  facet normal 0.868243 -0.496139 0
    outer loop
      vertex -15.6041 -10.9789 3
      vertex -15.6037 -10.9782 0
      vertex -15.6037 -10.9782 3
    endloop
  endfacet
  facet normal 0.868243 -0.496139 0
    outer loop
      vertex -15.6037 -10.9782 0
      vertex -15.6041 -10.9789 3
      vertex -15.6041 -10.9789 0
    endloop
  endfacet
  facet normal -0.833884 -0.55194 0
    outer loop
      vertex -5.15243 -1.67556 0
      vertex -5.25636 -1.51854 3
      vertex -5.25636 -1.51854 0
    endloop
  endfacet
  facet normal -0.833884 -0.55194 0
    outer loop
      vertex -5.25636 -1.51854 3
      vertex -5.15243 -1.67556 0
      vertex -5.15243 -1.67556 3
    endloop
  endfacet
  facet normal 0.113223 -0.99357 0
    outer loop
      vertex -6.43094 -1.07938 0
      vertex -6.24385 -1.05806 3
      vertex -6.43094 -1.07938 3
    endloop
  endfacet
  facet normal 0.113223 -0.99357 0
    outer loop
      vertex -6.24385 -1.05806 3
      vertex -6.43094 -1.07938 0
      vertex -6.24385 -1.05806 0
    endloop
  endfacet
  facet normal -0.936676 0.350198 0
    outer loop
      vertex -5.1144 -2.76447 0
      vertex -5.04846 -2.5881 3
      vertex -5.04846 -2.5881 0
    endloop
  endfacet
  facet normal -0.936676 0.350198 0
    outer loop
      vertex -5.04846 -2.5881 3
      vertex -5.1144 -2.76447 0
      vertex -5.1144 -2.76447 3
    endloop
  endfacet
  facet normal -0.35018 -0.936682 0
    outer loop
      vertex -5.87121 -1.10382 0
      vertex -5.69483 -1.16976 3
      vertex -5.87121 -1.10382 3
    endloop
  endfacet
  facet normal -0.35018 -0.936682 -0
    outer loop
      vertex -5.69483 -1.16976 3
      vertex -5.87121 -1.10382 0
      vertex -5.69483 -1.16976 0
    endloop
  endfacet
  facet normal 0.267222 -0.963635 0
    outer loop
      vertex -6.6124 -1.1297 0
      vertex -6.43094 -1.07938 3
      vertex -6.6124 -1.1297 3
    endloop
  endfacet
  facet normal 0.267222 -0.963635 0
    outer loop
      vertex -6.43094 -1.07938 3
      vertex -6.6124 -1.1297 0
      vertex -6.43094 -1.07938 0
    endloop
  endfacet
  facet normal 0.675551 -0.737313 0
    outer loop
      vertex -7.0796 -1.43893 0
      vertex -6.94076 -1.31172 3
      vertex -7.0796 -1.43893 3
    endloop
  endfacet
  facet normal 0.675551 -0.737313 0
    outer loop
      vertex -6.94076 -1.31172 3
      vertex -7.0796 -1.43893 0
      vertex -6.94076 -1.31172 0
    endloop
  endfacet
  facet normal 0.414719 -0.90995 0
    outer loop
      vertex -6.78374 -1.20779 0
      vertex -6.6124 -1.1297 3
      vertex -6.78374 -1.20779 3
    endloop
  endfacet
  facet normal 0.414719 -0.90995 0
    outer loop
      vertex -6.6124 -1.1297 3
      vertex -6.78374 -1.20779 0
      vertex -6.6124 -1.1297 0
    endloop
  endfacet
  facet normal -0.999047 0.0436515 0
    outer loop
      vertex -5.01092 -2.40358 0
      vertex -5.0027 -2.21545 3
      vertex -5.0027 -2.21545 0
    endloop
  endfacet
  facet normal -0.999047 0.0436515 0
    outer loop
      vertex -5.0027 -2.21545 3
      vertex -5.01092 -2.40358 0
      vertex -5.01092 -2.40358 3
    endloop
  endfacet
  facet normal -0.979926 0.199363 0
    outer loop
      vertex -5.04846 -2.5881 0
      vertex -5.01092 -2.40358 3
      vertex -5.01092 -2.40358 0
    endloop
  endfacet
  facet normal -0.979926 0.199363 0
    outer loop
      vertex -5.01092 -2.40358 3
      vertex -5.04846 -2.5881 0
      vertex -5.04846 -2.5881 3
    endloop
  endfacet
  facet normal -0.963631 -0.267236 0
    outer loop
      vertex -5.02402 -2.02836 0
      vertex -5.07434 -1.84691 3
      vertex -5.07434 -1.84691 0
    endloop
  endfacet
  facet normal -0.963631 -0.267236 0
    outer loop
      vertex -5.07434 -1.84691 3
      vertex -5.02402 -2.02836 0
      vertex -5.02402 -2.02836 3
    endloop
  endfacet
  facet normal -0.99357 -0.113223 0
    outer loop
      vertex -5.0027 -2.21545 0
      vertex -5.02402 -2.02836 3
      vertex -5.02402 -2.02836 0
    endloop
  endfacet
  facet normal -0.99357 -0.113223 0
    outer loop
      vertex -5.02402 -2.02836 3
      vertex -5.0027 -2.21545 0
      vertex -5.0027 -2.21545 3
    endloop
  endfacet
  facet normal -0.47717 0.878811 0
    outer loop
      vertex -12.2181 -14.191 0
      vertex -12.5148 -14.3521 3
      vertex -12.2181 -14.191 3
    endloop
  endfacet
  facet normal -0.47717 0.878811 0
    outer loop
      vertex -12.5148 -14.3521 3
      vertex -12.2181 -14.191 0
      vertex -12.5148 -14.3521 0
    endloop
  endfacet
  facet normal -0.0436539 -0.999047 0
    outer loop
      vertex -6.24385 -1.05806 0
      vertex -6.05573 -1.06628 3
      vertex -6.24385 -1.05806 3
    endloop
  endfacet
  facet normal -0.0436539 -0.999047 -0
    outer loop
      vertex -6.05573 -1.06628 3
      vertex -6.24385 -1.05806 0
      vertex -6.05573 -1.06628 0
    endloop
  endfacet
  facet normal 0.55194 -0.833884 0
    outer loop
      vertex -6.94076 -1.31172 0
      vertex -6.78374 -1.20779 3
      vertex -6.94076 -1.31172 3
    endloop
  endfacet
  facet normal 0.55194 -0.833884 0
    outer loop
      vertex -6.78374 -1.20779 3
      vertex -6.94076 -1.31172 0
      vertex -6.78374 -1.20779 0
    endloop
  endfacet
  facet normal -0.608799 0.793324 0
    outer loop
      vertex -11.9193 -13.9617 0
      vertex -12.2181 -14.191 3
      vertex -11.9193 -13.9617 3
    endloop
  endfacet
  facet normal -0.608799 0.793324 0
    outer loop
      vertex -12.2181 -14.191 3
      vertex -11.9193 -13.9617 0
      vertex -12.2181 -14.191 0
    endloop
  endfacet
  facet normal -0.199363 -0.979926 0
    outer loop
      vertex -6.05573 -1.06628 0
      vertex -5.87121 -1.10382 3
      vertex -6.05573 -1.06628 3
    endloop
  endfacet
  facet normal -0.199363 -0.979926 -0
    outer loop
      vertex -5.87121 -1.10382 3
      vertex -6.05573 -1.06628 0
      vertex -5.87121 -1.10382 0
    endloop
  endfacet
  facet normal 0.999389 -0.0349638 0
    outer loop
      vertex -4.93258 -18.0648 3
      vertex -4.49835 -5.65296 0
      vertex -4.49835 -5.65296 3
    endloop
  endfacet
  facet normal 0.999389 -0.0349638 0
    outer loop
      vertex -4.49835 -5.65296 0
      vertex -4.93258 -18.0648 3
      vertex -4.93258 -18.0648 0
    endloop
  endfacet
  facet normal -0.284009 -0.958822 0
    outer loop
      vertex -3.05051 -4.54199 0
      vertex -2.86996 -4.59547 3
      vertex -3.05051 -4.54199 3
    endloop
  endfacet
  facet normal -0.284009 -0.958822 -0
    outer loop
      vertex -2.86996 -4.59547 3
      vertex -3.05051 -4.54199 0
      vertex -2.86996 -4.59547 0
    endloop
  endfacet
  facet normal -0.995397 -0.0958411 0
    outer loop
      vertex -0.133315 -17.981 0
      vertex -0.169412 -17.6061 3
      vertex -0.169412 -17.6061 0
    endloop
  endfacet
  facet normal -0.995397 -0.0958411 0
    outer loop
      vertex -0.169412 -17.6061 3
      vertex -0.133315 -17.981 0
      vertex -0.133315 -17.981 3
    endloop
  endfacet
  facet normal -0.983251 -0.182259 0
    outer loop
      vertex -2.10657 -5.59033 0
      vertex -2.14089 -5.40518 3
      vertex -2.14089 -5.40518 0
    endloop
  endfacet
  facet normal -0.983251 -0.182259 0
    outer loop
      vertex -2.14089 -5.40518 3
      vertex -2.10657 -5.59033 0
      vertex -2.10657 -5.59033 3
    endloop
  endfacet
  facet normal -0.976298 0.216429 0
    outer loop
      vertex -0.237819 -18.7246 0
      vertex -0.156306 -18.3569 3
      vertex -0.156306 -18.3569 0
    endloop
  endfacet
  facet normal -0.976298 0.216429 0
    outer loop
      vertex -0.156306 -18.3569 3
      vertex -0.237819 -18.7246 0
      vertex -0.237819 -18.7246 3
    endloop
  endfacet
  facet normal -0.130536 -0.991444 0
    outer loop
      vertex -3.2372 -4.51741 0
      vertex -3.05051 -4.54199 3
      vertex -3.2372 -4.51741 3
    endloop
  endfacet
  facet normal -0.130536 -0.991444 -0
    outer loop
      vertex -3.05051 -4.54199 3
      vertex -3.2372 -4.51741 0
      vertex -3.05051 -4.54199 0
    endloop
  endfacet
  facet normal -0.430525 -0.902579 0
    outer loop
      vertex -2.86996 -4.59547 0
      vertex -2.7 -4.67654 3
      vertex -2.86996 -4.59547 3
    endloop
  endfacet
  facet normal -0.430525 -0.902579 -0
    outer loop
      vertex -2.7 -4.67654 3
      vertex -2.86996 -4.59547 0
      vertex -2.7 -4.67654 0
    endloop
  endfacet
  facet normal 0.182259 -0.983251 0
    outer loop
      vertex -3.61058 -4.55666 0
      vertex -3.42543 -4.52234 3
      vertex -3.61058 -4.55666 3
    endloop
  endfacet
  facet normal 0.182259 -0.983251 0
    outer loop
      vertex -3.42543 -4.52234 3
      vertex -3.61058 -4.55666 0
      vertex -3.42543 -4.52234 0
    endloop
  endfacet
  facet normal -0.793356 -0.608758 0
    outer loop
      vertex -2.2936 -5.0622 0
      vertex -2.40823 -4.91281 3
      vertex -2.40823 -4.91281 0
    endloop
  endfacet
  facet normal -0.793356 -0.608758 0
    outer loop
      vertex -2.40823 -4.91281 3
      vertex -2.2936 -5.0622 0
      vertex -2.2936 -5.0622 3
    endloop
  endfacet
  facet normal -0.987252 -0.159163 0
    outer loop
      vertex -0.169412 -17.6061 0
      vertex -2.10657 -5.59033 3
      vertex -2.10657 -5.59033 0
    endloop
  endfacet
  facet normal -0.987252 -0.159163 0
    outer loop
      vertex -2.10657 -5.59033 3
      vertex -0.169412 -17.6061 0
      vertex -0.169412 -17.6061 3
    endloop
  endfacet
  facet normal 0.995397 0.0958336 0
    outer loop
      vertex -4.89974 -18.4059 3
      vertex -4.93258 -18.0648 0
      vertex -4.93258 -18.0648 3
    endloop
  endfacet
  facet normal 0.995397 0.0958336 0
    outer loop
      vertex -4.93258 -18.0648 0
      vertex -4.89974 -18.4059 3
      vertex -4.89974 -18.4059 0
    endloop
  endfacet
  facet normal 0.0261824 -0.999657 0
    outer loop
      vertex -3.42543 -4.52234 0
      vertex -3.2372 -4.51741 3
      vertex -3.42543 -4.52234 3
    endloop
  endfacet
  facet normal 0.0261824 -0.999657 0
    outer loop
      vertex -3.2372 -4.51741 3
      vertex -3.42543 -4.52234 0
      vertex -3.2372 -4.51741 0
    endloop
  endfacet
  facet normal 0.902579 -0.430525 0
    outer loop
      vertex -4.4203 -5.28573 3
      vertex -4.33923 -5.11577 0
      vertex -4.33923 -5.11577 3
    endloop
  endfacet
  facet normal 0.902579 -0.430525 0
    outer loop
      vertex -4.33923 -5.11577 0
      vertex -4.4203 -5.28573 3
      vertex -4.4203 -5.28573 0
    endloop
  endfacet
  facet normal -0.878791 -0.477207 0
    outer loop
      vertex -2.20374 -5.22768 0
      vertex -2.2936 -5.0622 3
      vertex -2.2936 -5.0622 0
    endloop
  endfacet
  facet normal -0.878791 -0.477207 0
    outer loop
      vertex -2.2936 -5.0622 3
      vertex -2.20374 -5.22768 0
      vertex -2.20374 -5.22768 3
    endloop
  endfacet
  facet normal 0.477143 -0.878825 0
    outer loop
      vertex -3.95357 -4.70936 0
      vertex -3.78808 -4.61951 3
      vertex -3.95357 -4.70936 3
    endloop
  endfacet
  facet normal 0.477143 -0.878825 0
    outer loop
      vertex -3.78808 -4.61951 3
      vertex -3.95357 -4.70936 0
      vertex -3.78808 -4.61951 0
    endloop
  endfacet
  facet normal 0.99145 -0.130483 0
    outer loop
      vertex -4.49835 -5.65296 3
      vertex -4.47378 -5.46627 0
      vertex -4.47378 -5.46627 3
    endloop
  endfacet
  facet normal 0.99145 -0.130483 0
    outer loop
      vertex -4.47378 -5.46627 0
      vertex -4.49835 -5.65296 3
      vertex -4.49835 -5.65296 0
    endloop
  endfacet
  facet normal 0.824124 -0.566409 0
    outer loop
      vertex -4.33923 -5.11577 3
      vertex -4.23257 -4.96058 0
      vertex -4.23257 -4.96058 3
    endloop
  endfacet
  facet normal 0.824124 -0.566409 0
    outer loop
      vertex -4.23257 -4.96058 0
      vertex -4.33923 -5.11577 3
      vertex -4.33923 -5.11577 0
    endloop
  endfacet
  facet normal -0.566398 -0.824132 0
    outer loop
      vertex -2.7 -4.67654 0
      vertex -2.54482 -4.78319 3
      vertex -2.7 -4.67654 3
    endloop
  endfacet
  facet normal -0.566398 -0.824132 -0
    outer loop
      vertex -2.54482 -4.78319 3
      vertex -2.7 -4.67654 0
      vertex -2.54482 -4.78319 0
    endloop
  endfacet
  facet normal -0.688357 -0.725372 0
    outer loop
      vertex -2.54482 -4.78319 0
      vertex -2.40823 -4.91281 3
      vertex -2.54482 -4.78319 3
    endloop
  endfacet
  facet normal -0.688357 -0.725372 -0
    outer loop
      vertex -2.40823 -4.91281 3
      vertex -2.54482 -4.78319 0
      vertex -2.40823 -4.91281 0
    endloop
  endfacet
  facet normal -0.942652 -0.333778 0
    outer loop
      vertex -2.14089 -5.40518 0
      vertex -2.20374 -5.22768 3
      vertex -2.20374 -5.22768 0
    endloop
  endfacet
  facet normal -0.942652 -0.333778 0
    outer loop
      vertex -2.20374 -5.22768 3
      vertex -2.14089 -5.40518 0
      vertex -2.14089 -5.40518 3
    endloop
  endfacet
  facet normal -0.930423 0.366487 0
    outer loop
      vertex -0.374106 -19.0706 0
      vertex -0.237819 -18.7246 3
      vertex -0.237819 -18.7246 0
    endloop
  endfacet
  facet normal -0.930423 0.366487 0
    outer loop
      vertex -0.237819 -18.7246 3
      vertex -0.374106 -19.0706 0
      vertex -0.374106 -19.0706 3
    endloop
  endfacet
  facet normal 0.725398 -0.688329 0
    outer loop
      vertex -4.23257 -4.96058 3
      vertex -4.10296 -4.82399 0
      vertex -4.10296 -4.82399 3
    endloop
  endfacet
  facet normal 0.725398 -0.688329 0
    outer loop
      vertex -4.10296 -4.82399 0
      vertex -4.23257 -4.96058 3
      vertex -4.23257 -4.96058 0
    endloop
  endfacet
  facet normal 0.608758 -0.793356 0
    outer loop
      vertex -4.10296 -4.82399 0
      vertex -3.95357 -4.70936 3
      vertex -4.10296 -4.82399 3
    endloop
  endfacet
  facet normal 0.608758 -0.793356 0
    outer loop
      vertex -3.95357 -4.70936 3
      vertex -4.10296 -4.82399 0
      vertex -3.95357 -4.70936 0
    endloop
  endfacet
  facet normal 0.333778 -0.942652 0
    outer loop
      vertex -3.78808 -4.61951 0
      vertex -3.61058 -4.55666 3
      vertex -3.78808 -4.61951 3
    endloop
  endfacet
  facet normal 0.333778 -0.942652 0
    outer loop
      vertex -3.61058 -4.55666 3
      vertex -3.78808 -4.61951 0
      vertex -3.61058 -4.55666 0
    endloop
  endfacet
  facet normal 0.958817 -0.284023 0
    outer loop
      vertex -4.47378 -5.46627 3
      vertex -4.4203 -5.28573 0
      vertex -4.4203 -5.28573 3
    endloop
  endfacet
  facet normal 0.958817 -0.284023 0
    outer loop
      vertex -4.4203 -5.28573 0
      vertex -4.47378 -5.46627 3
      vertex -4.47378 -5.46627 0
    endloop
  endfacet
  facet normal -0.998135 0.0610485 0
    outer loop
      vertex -0.156306 -18.3569 0
      vertex -0.133315 -17.981 3
      vertex -0.133315 -17.981 0
    endloop
  endfacet
  facet normal -0.998135 0.0610485 0
    outer loop
      vertex -0.133315 -17.981 3
      vertex -0.156306 -18.3569 0
      vertex -0.156306 -18.3569 3
    endloop
  endfacet
  facet normal 0.398724 -0.917071 0
    outer loop
      vertex 0.582711 -5.44019 0
      vertex 0.755396 -5.36511 3
      vertex 0.582711 -5.44019 3
    endloop
  endfacet
  facet normal 0.398724 -0.917071 0
    outer loop
      vertex 0.755396 -5.36511 3
      vertex 0.582711 -5.44019 0
      vertex 0.755396 -5.36511 0
    endloop
  endfacet
  facet normal 0.998135 -0.061049 0
    outer loop
      vertex -0.0537386 -6.52067 3
      vertex -0.042243 -6.33272 0
      vertex -0.042243 -6.33272 3
    endloop
  endfacet
  facet normal 0.998135 -0.061049 0
    outer loop
      vertex -0.042243 -6.33272 0
      vertex -0.0537386 -6.52067 3
      vertex -0.0537386 -6.52067 0
    endloop
  endfacet
  facet normal -0.700838 -0.71332 0
    outer loop
      vertex 11.1872 -13.596 0
      vertex 11.4558 -13.8599 3
      vertex 11.1872 -13.596 3
    endloop
  endfacet
  facet normal -0.700838 -0.71332 -0
    outer loop
      vertex 11.4558 -13.8599 3
      vertex 11.1872 -13.596 0
      vertex 11.4558 -13.8599 0
    endloop
  endfacet
  facet normal 0.700971 0.71319 -0
    outer loop
      vertex 8.0883 -17.2597 0
      vertex 7.83323 -17.009 3
      vertex 8.0883 -17.2597 3
    endloop
  endfacet
  facet normal 0.700971 0.71319 0
    outer loop
      vertex 7.83323 -17.009 3
      vertex 8.0883 -17.2597 0
      vertex 7.83323 -17.009 0
    endloop
  endfacet
  facet normal 0.77163 -0.636072 0
    outer loop
      vertex 0.163095 -5.81144 3
      vertex 0.282869 -5.66614 0
      vertex 0.282869 -5.66614 3
    endloop
  endfacet
  facet normal 0.77163 -0.636072 0
    outer loop
      vertex 0.282869 -5.66614 0
      vertex 0.163095 -5.81144 3
      vertex 0.163095 -5.81144 0
    endloop
  endfacet
  facet normal 0.930411 -0.366517 0
    outer loop
      vertex -0.00148773 -6.14888 3
      vertex 0.0675249 -5.97369 0
      vertex 0.0675249 -5.97369 3
    endloop
  endfacet
  facet normal 0.930411 -0.366517 0
    outer loop
      vertex 0.0675249 -5.97369 0
      vertex -0.00148773 -6.14888 3
      vertex -0.00148773 -6.14888 0
    endloop
  endfacet
  facet normal 0.843387 0.537306 0
    outer loop
      vertex 0.187715 -7.22191 3
      vertex 0.0865402 -7.0631 0
      vertex 0.0865402 -7.0631 3
    endloop
  endfacet
  facet normal 0.843387 0.537306 0
    outer loop
      vertex 0.0865402 -7.0631 0
      vertex 0.187715 -7.22191 3
      vertex 0.187715 -7.22191 0
    endloop
  endfacet
  facet normal 0.78805 0.615612 0
    outer loop
      vertex 7.83323 -17.009 3
      vertex 0.187715 -7.22191 0
      vertex 0.187715 -7.22191 3
    endloop
  endfacet
  facet normal 0.78805 0.615612 0
    outer loop
      vertex 0.187715 -7.22191 0
      vertex 7.83323 -17.009 3
      vertex 7.83323 -17.009 0
    endloop
  endfacet
  facet normal -0.061069 -0.998134 0
    outer loop
      vertex 1.12513 -5.29991 0
      vertex 1.31309 -5.31141 3
      vertex 1.12513 -5.29991 3
    endloop
  endfacet
  facet normal -0.061069 -0.998134 -0
    outer loop
      vertex 1.31309 -5.31141 3
      vertex 1.12513 -5.29991 0
      vertex 1.31309 -5.31141 0
    endloop
  endfacet
  facet normal -0.636059 -0.77164 0
    outer loop
      vertex 1.83437 -5.51675 0
      vertex 1.97967 -5.63652 3
      vertex 1.83437 -5.51675 3
    endloop
  endfacet
  facet normal -0.636059 -0.77164 -0
    outer loop
      vertex 1.97967 -5.63652 3
      vertex 1.83437 -5.51675 0
      vertex 1.97967 -5.63652 0
    endloop
  endfacet
  facet normal -0.653974 -0.756517 0
    outer loop
      vertex 1.97967 -5.63652 0
      vertex 11.1872 -13.596 3
      vertex 1.97967 -5.63652 3
    endloop
  endfacet
  facet normal -0.653974 -0.756517 -0
    outer loop
      vertex 11.1872 -13.596 3
      vertex 1.97967 -5.63652 0
      vertex 11.1872 -13.596 0
    endloop
  endfacet
  facet normal -0.803933 -0.594719 0
    outer loop
      vertex 11.6798 -14.1627 0
      vertex 11.4558 -13.8599 3
      vertex 11.4558 -13.8599 0
    endloop
  endfacet
  facet normal -0.803933 -0.594719 0
    outer loop
      vertex 11.4558 -13.8599 3
      vertex 11.6798 -14.1627 0
      vertex 11.6798 -14.1627 3
    endloop
  endfacet
  facet normal -0.948305 -0.31736 0
    outer loop
      vertex 11.963 -14.8233 0
      vertex 11.8537 -14.4967 3
      vertex 11.8537 -14.4967 0
    endloop
  endfacet
  facet normal -0.948305 -0.31736 0
    outer loop
      vertex 11.8537 -14.4967 3
      vertex 11.963 -14.8233 0
      vertex 11.963 -14.8233 3
    endloop
  endfacet
  facet normal 0.537323 -0.843376 0
    outer loop
      vertex 0.4239 -5.54137 0
      vertex 0.582711 -5.44019 3
      vertex 0.4239 -5.54137 3
    endloop
  endfacet
  facet normal 0.537323 -0.843376 0
    outer loop
      vertex 0.582711 -5.44019 3
      vertex 0.4239 -5.54137 0
      vertex 0.582711 -5.44019 0
    endloop
  endfacet
  facet normal 0.662609 -0.748965 0
    outer loop
      vertex 0.282869 -5.66614 0
      vertex 0.4239 -5.54137 3
      vertex 0.282869 -5.66614 3
    endloop
  endfacet
  facet normal 0.662609 -0.748965 0
    outer loop
      vertex 0.4239 -5.54137 3
      vertex 0.282869 -5.66614 0
      vertex 0.4239 -5.54137 0
    endloop
  endfacet
  facet normal 0.917066 0.398735 0
    outer loop
      vertex 0.0865402 -7.0631 3
      vertex 0.0114555 -6.89041 0
      vertex 0.0114555 -6.89041 3
    endloop
  endfacet
  facet normal 0.917066 0.398735 0
    outer loop
      vertex 0.0114555 -6.89041 0
      vertex 0.0865402 -7.0631 3
      vertex 0.0865402 -7.0631 0
    endloop
  endfacet
  facet normal 0.250396 -0.968143 0
    outer loop
      vertex 0.755396 -5.36511 0
      vertex 0.937699 -5.31796 3
      vertex 0.755396 -5.36511 3
    endloop
  endfacet
  facet normal 0.250396 -0.968143 0
    outer loop
      vertex 0.937699 -5.31796 3
      vertex 0.755396 -5.36511 0
      vertex 0.937699 -5.31796 0
    endloop
  endfacet
  facet normal -0.507528 -0.861635 0
    outer loop
      vertex 1.67212 -5.42118 0
      vertex 1.83437 -5.51675 3
      vertex 1.67212 -5.42118 3
    endloop
  endfacet
  facet normal -0.507528 -0.861635 -0
    outer loop
      vertex 1.83437 -5.51675 3
      vertex 1.67212 -5.42118 0
      vertex 1.83437 -5.51675 0
    endloop
  endfacet
  facet normal -0.366487 -0.930423 0
    outer loop
      vertex 1.49692 -5.35217 0
      vertex 1.67212 -5.42118 3
      vertex 1.49692 -5.35217 3
    endloop
  endfacet
  facet normal -0.366487 -0.930423 -0
    outer loop
      vertex 1.67212 -5.42118 3
      vertex 1.49692 -5.35217 0
      vertex 1.67212 -5.42118 0
    endloop
  endfacet
  facet normal 0.861635 -0.507529 0
    outer loop
      vertex 0.0675249 -5.97369 3
      vertex 0.163095 -5.81144 0
      vertex 0.163095 -5.81144 3
    endloop
  endfacet
  facet normal 0.861635 -0.507529 0
    outer loop
      vertex 0.163095 -5.81144 0
      vertex 0.0675249 -5.97369 3
      vertex 0.0675249 -5.97369 0
    endloop
  endfacet
  facet normal 0.976297 -0.216434 0
    outer loop
      vertex -0.042243 -6.33272 3
      vertex -0.00148773 -6.14888 0
      vertex -0.00148773 -6.14888 3
    endloop
  endfacet
  facet normal 0.976297 -0.216434 0
    outer loop
      vertex -0.00148773 -6.14888 0
      vertex -0.042243 -6.33272 3
      vertex -0.042243 -6.33272 0
    endloop
  endfacet
  facet normal 0.995397 0.0958399 0
    outer loop
      vertex -0.0356913 -6.70811 3
      vertex -0.0537386 -6.52067 0
      vertex -0.0537386 -6.52067 3
    endloop
  endfacet
  facet normal 0.995397 0.0958399 0
    outer loop
      vertex -0.0537386 -6.52067 0
      vertex -0.0356913 -6.70811 3
      vertex -0.0356913 -6.70811 0
    endloop
  endfacet
  facet normal 0.968147 0.250384 0
    outer loop
      vertex 0.0114555 -6.89041 3
      vertex -0.0356913 -6.70811 0
      vertex -0.0356913 -6.70811 3
    endloop
  endfacet
  facet normal 0.968147 0.250384 0
    outer loop
      vertex -0.0356913 -6.70811 0
      vertex 0.0114555 -6.89041 3
      vertex 0.0114555 -6.89041 0
    endloop
  endfacet
  facet normal 0.0958586 -0.995395 0
    outer loop
      vertex 0.937699 -5.31796 0
      vertex 1.12513 -5.29991 3
      vertex 0.937699 -5.31796 3
    endloop
  endfacet
  facet normal 0.0958586 -0.995395 0
    outer loop
      vertex 1.12513 -5.29991 3
      vertex 0.937699 -5.31796 0
      vertex 1.12513 -5.29991 0
    endloop
  endfacet
  facet normal -0.216469 -0.976289 0
    outer loop
      vertex 1.31309 -5.31141 0
      vertex 1.49692 -5.35217 3
      vertex 1.31309 -5.31141 3
    endloop
  endfacet
  facet normal -0.216469 -0.976289 -0
    outer loop
      vertex 1.49692 -5.35217 3
      vertex 1.31309 -5.31141 0
      vertex 1.49692 -5.35217 0
    endloop
  endfacet
  facet normal -0.886978 -0.461813 0
    outer loop
      vertex 11.8537 -14.4967 0
      vertex 11.6798 -14.1627 3
      vertex 11.6798 -14.1627 0
    endloop
  endfacet
  facet normal -0.886978 -0.461813 0
    outer loop
      vertex 11.6798 -14.1627 3
      vertex 11.8537 -14.4967 0
      vertex 11.8537 -14.4967 3
    endloop
  endfacet
  facet normal 0.894936 -0.446194 0
    outer loop
      vertex 3.94327 -3.79287 3
      vertex 4.02729 -3.62435 0
      vertex 4.02729 -3.62435 3
    endloop
  endfacet
  facet normal 0.894936 -0.446194 0
    outer loop
      vertex 4.02729 -3.62435 0
      vertex 3.94327 -3.79287 3
      vertex 3.94327 -3.79287 0
    endloop
  endfacet
  facet normal -0.0784525 -0.996918 0
    outer loop
      vertex 17.3092 -3.22411 0
      vertex 17.6847 -3.25366 3
      vertex 17.3092 -3.22411 3
    endloop
  endfacet
  facet normal -0.0784525 -0.996918 -0
    outer loop
      vertex 17.6847 -3.25366 3
      vertex 17.3092 -3.22411 0
      vertex 17.6847 -3.25366 0
    endloop
  endfacet
  facet normal 0.0784663 0.996917 -0
    outer loop
      vertex 17.287 -8.02236 0
      vertex 16.9338 -7.99456 3
      vertex 17.287 -8.02236 3
    endloop
  endfacet
  facet normal 0.0784663 0.996917 0
    outer loop
      vertex 16.9338 -7.99456 3
      vertex 17.287 -8.02236 0
      vertex 16.9338 -7.99456 0
    endloop
  endfacet
  facet normal 0.999962 0.00870964 0
    outer loop
      vertex 3.86046 -4.34698 3
      vertex 3.85882 -4.15869 0
      vertex 3.85882 -4.15869 3
    endloop
  endfacet
  facet normal 0.999962 0.00870964 0
    outer loop
      vertex 3.85882 -4.15869 0
      vertex 3.86046 -4.34698 3
      vertex 3.86046 -4.34698 0
    endloop
  endfacet
  facet normal 0.700893 0.713267 -0
    outer loop
      vertex 4.28455 -5.16165 0
      vertex 4.15024 -5.02967 3
      vertex 4.28455 -5.16165 3
    endloop
  endfacet
  facet normal 0.700893 0.713267 0
    outer loop
      vertex 4.15024 -5.02967 3
      vertex 4.28455 -5.16165 0
      vertex 4.15024 -5.02967 0
    endloop
  endfacet
  facet normal 0.207974 0.978134 -0
    outer loop
      vertex 16.9338 -7.99456 0
      vertex 4.78595 -5.41164 3
      vertex 16.9338 -7.99456 3
    endloop
  endfacet
  facet normal 0.207974 0.978134 0
    outer loop
      vertex 4.78595 -5.41164 3
      vertex 16.9338 -7.99456 0
      vertex 4.78595 -5.41164 0
    endloop
  endfacet
  facet normal 0.317311 -0.948322 0
    outer loop
      vertex 4.58702 -3.13779 0
      vertex 4.76559 -3.07804 3
      vertex 4.58702 -3.13779 3
    endloop
  endfacet
  facet normal 0.317311 -0.948322 0
    outer loop
      vertex 4.76559 -3.07804 3
      vertex 4.58702 -3.13779 0
      vertex 4.76559 -3.07804 0
    endloop
  endfacet
  facet normal 0.00870964 -0.999962 0
    outer loop
      vertex 4.95131 -3.04696 0
      vertex 5.1396 -3.04532 3
      vertex 4.95131 -3.04696 3
    endloop
  endfacet
  facet normal 0.00870964 -0.999962 0
    outer loop
      vertex 5.1396 -3.04532 3
      vertex 4.95131 -3.04696 0
      vertex 5.1396 -3.04532 0
    endloop
  endfacet
  facet normal -0.0146899 -0.999892 0
    outer loop
      vertex 5.1396 -3.04532 0
      vertex 17.3092 -3.22411 3
      vertex 5.1396 -3.04532 3
    endloop
  endfacet
  facet normal -0.0146899 -0.999892 -0
    outer loop
      vertex 17.3092 -3.22411 3
      vertex 5.1396 -3.04532 0
      vertex 17.3092 -3.22411 0
    endloop
  endfacet
  facet normal 0.989018 -0.147798 0
    outer loop
      vertex 3.85882 -4.15869 3
      vertex 3.88665 -3.97246 0
      vertex 3.88665 -3.97246 3
    endloop
  endfacet
  facet normal 0.989018 -0.147798 0
    outer loop
      vertex 3.88665 -3.97246 0
      vertex 3.85882 -4.15869 3
      vertex 3.85882 -4.15869 0
    endloop
  endfacet
  facet normal 0.446194 0.894936 -0
    outer loop
      vertex 4.60637 -5.35502 0
      vertex 4.43785 -5.271 3
      vertex 4.60637 -5.35502 3
    endloop
  endfacet
  facet normal 0.446194 0.894936 0
    outer loop
      vertex 4.43785 -5.271 3
      vertex 4.60637 -5.35502 0
      vertex 4.43785 -5.271 0
    endloop
  endfacet
  facet normal 0.71324 -0.700919 0
    outer loop
      vertex 4.13664 -3.47105 3
      vertex 4.26862 -3.33675 0
      vertex 4.26862 -3.33675 3
    endloop
  endfacet
  facet normal 0.71324 -0.700919 0
    outer loop
      vertex 4.26862 -3.33675 0
      vertex 4.13664 -3.47105 3
      vertex 4.13664 -3.47105 0
    endloop
  endfacet
  facet normal 0.81411 -0.580711 0
    outer loop
      vertex 4.02729 -3.62435 3
      vertex 4.13664 -3.47105 0
      vertex 4.13664 -3.47105 3
    endloop
  endfacet
  facet normal 0.81411 -0.580711 0
    outer loop
      vertex 4.13664 -3.47105 0
      vertex 4.02729 -3.62435 3
      vertex 4.02729 -3.62435 0
    endloop
  endfacet
  facet normal 0.165053 -0.986285 0
    outer loop
      vertex 4.76559 -3.07804 0
      vertex 4.95131 -3.04696 3
      vertex 4.76559 -3.07804 3
    endloop
  endfacet
  facet normal 0.165053 -0.986285 0
    outer loop
      vertex 4.95131 -3.04696 3
      vertex 4.76559 -3.07804 0
      vertex 4.95131 -3.04696 0
    endloop
  endfacet
  facet normal 0.461747 -0.887012 0
    outer loop
      vertex 4.41999 -3.22474 0
      vertex 4.58702 -3.13779 3
      vertex 4.41999 -3.22474 3
    endloop
  endfacet
  facet normal 0.461747 -0.887012 0
    outer loop
      vertex 4.58702 -3.13779 3
      vertex 4.41999 -3.22474 0
      vertex 4.58702 -3.13779 0
    endloop
  endfacet
  facet normal -0.233428 -0.972374 0
    outer loop
      vertex 17.6847 -3.25366 0
      vertex 18.0509 -3.34157 3
      vertex 17.6847 -3.25366 3
    endloop
  endfacet
  facet normal -0.233428 -0.972374 -0
    outer loop
      vertex 18.0509 -3.34157 3
      vertex 17.6847 -3.25366 0
      vertex 18.0509 -3.34157 0
    endloop
  endfacet
  facet normal -0.382718 -0.923865 0
    outer loop
      vertex 18.0509 -3.34157 0
      vertex 18.3988 -3.48569 3
      vertex 18.0509 -3.34157 3
    endloop
  endfacet
  facet normal -0.382718 -0.923865 -0
    outer loop
      vertex 18.3988 -3.48569 3
      vertex 18.0509 -3.34157 0
      vertex 18.3988 -3.48569 0
    endloop
  endfacet
  facet normal 0.986285 0.165053 0
    outer loop
      vertex 3.89154 -4.5327 3
      vertex 3.86046 -4.34698 0
      vertex 3.86046 -4.34698 3
    endloop
  endfacet
  facet normal 0.986285 0.165053 0
    outer loop
      vertex 3.86046 -4.34698 0
      vertex 3.89154 -4.5327 3
      vertex 3.89154 -4.5327 0
    endloop
  endfacet
  facet normal 0.953724 -0.300684 0
    outer loop
      vertex 3.88665 -3.97246 3
      vertex 3.94327 -3.79287 0
      vertex 3.94327 -3.79287 3
    endloop
  endfacet
  facet normal 0.953724 -0.300684 0
    outer loop
      vertex 3.94327 -3.79287 0
      vertex 3.88665 -3.97246 3
      vertex 3.88665 -3.97246 0
    endloop
  endfacet
  facet normal 0.948327 0.317295 0
    outer loop
      vertex 3.95129 -4.71128 3
      vertex 3.89154 -4.5327 0
      vertex 3.89154 -4.5327 3
    endloop
  endfacet
  facet normal 0.948327 0.317295 0
    outer loop
      vertex 3.89154 -4.5327 0
      vertex 3.95129 -4.71128 3
      vertex 3.95129 -4.71128 0
    endloop
  endfacet
  facet normal 0.803852 0.59483 0
    outer loop
      vertex 4.15024 -5.02967 3
      vertex 4.03823 -4.8783 0
      vertex 4.03823 -4.8783 3
    endloop
  endfacet
  facet normal 0.803852 0.59483 0
    outer loop
      vertex 4.03823 -4.8783 0
      vertex 4.15024 -5.02967 3
      vertex 4.15024 -5.02967 0
    endloop
  endfacet
  facet normal 0.887022 0.461727 0
    outer loop
      vertex 4.03823 -4.8783 3
      vertex 3.95129 -4.71128 0
      vertex 3.95129 -4.71128 3
    endloop
  endfacet
  facet normal 0.887022 0.461727 0
    outer loop
      vertex 3.95129 -4.71128 0
      vertex 4.03823 -4.8783 3
      vertex 4.03823 -4.8783 0
    endloop
  endfacet
  facet normal 0.59483 -0.803852 0
    outer loop
      vertex 4.26862 -3.33675 0
      vertex 4.41999 -3.22474 3
      vertex 4.26862 -3.33675 3
    endloop
  endfacet
  facet normal 0.59483 -0.803852 0
    outer loop
      vertex 4.41999 -3.22474 3
      vertex 4.26862 -3.33675 0
      vertex 4.41999 -3.22474 0
    endloop
  endfacet
  facet normal 0.580711 0.81411 -0
    outer loop
      vertex 4.43785 -5.271 0
      vertex 4.28455 -5.16165 3
      vertex 4.43785 -5.271 3
    endloop
  endfacet
  facet normal 0.580711 0.81411 0
    outer loop
      vertex 4.28455 -5.16165 3
      vertex 4.43785 -5.271 0
      vertex 4.28455 -5.16165 0
    endloop
  endfacet
  facet normal 0.300699 0.953719 -0
    outer loop
      vertex 4.78595 -5.41164 0
      vertex 4.60637 -5.35502 3
      vertex 4.78595 -5.41164 3
    endloop
  endfacet
  facet normal 0.300699 0.953719 0
    outer loop
      vertex 4.60637 -5.35502 3
      vertex 4.78595 -5.41164 0
      vertex 4.60637 -5.35502 0
    endloop
  endfacet
  facet normal -0.522484 -0.852649 0
    outer loop
      vertex 18.3988 -3.48569 0
      vertex 18.7009 -3.67081 3
      vertex 18.3988 -3.48569 3
    endloop
  endfacet
  facet normal -0.522484 -0.852649 -0
    outer loop
      vertex 18.7009 -3.67081 3
      vertex 18.3988 -3.48569 0
      vertex 18.7009 -3.67081 0
    endloop
  endfacet
  facet normal 0.996919 -0.0784374 0
    outer loop
      vertex -19.1 0 3
      vertex -18.9717 1.63066 0
      vertex -18.9717 1.63066 3
    endloop
  endfacet
  facet normal 0.996919 -0.0784374 0
    outer loop
      vertex -18.9717 1.63066 0
      vertex -19.1 0 3
      vertex -19.1 0 0
    endloop
  endfacet
  facet normal 0.0785002 -0.996914 0
    outer loop
      vertex -2.9879 18.8648 0
      vertex -1.68874 18.9671 3
      vertex -2.9879 18.8648 3
    endloop
  endfacet
  facet normal 0.0785002 -0.996914 0
    outer loop
      vertex -1.68874 18.9671 3
      vertex -2.9879 18.8648 0
      vertex -1.68874 18.9671 0
    endloop
  endfacet
  facet normal 0.382672 -0.923884 0
    outer loop
      vertex -6.17069 18.054 0
      vertex -5.90222 18.1652 3
      vertex -6.17069 18.054 3
    endloop
  endfacet
  facet normal 0.382672 -0.923884 0
    outer loop
      vertex -5.90222 18.1652 3
      vertex -6.17069 18.054 0
      vertex -5.90222 18.1652 0
    endloop
  endfacet
  facet normal -0.852688 -0.52242 0
    outer loop
      vertex 17.0182 8.67122 0
      vertex 16.6886 9.20919 3
      vertex 16.6886 9.20919 0
    endloop
  endfacet
  facet normal -0.852688 -0.52242 0
    outer loop
      vertex 16.6886 9.20919 3
      vertex 17.0182 8.67122 0
      vertex 17.0182 8.67122 3
    endloop
  endfacet
  facet normal -0.972382 -0.233393 0
    outer loop
      vertex 18.3912 4.96064 0
      vertex 18.1652 5.90222 3
      vertex 18.1652 5.90222 0
    endloop
  endfacet
  facet normal -0.972382 -0.233393 0
    outer loop
      vertex 18.1652 5.90222 3
      vertex 18.3912 4.96064 0
      vertex 18.3912 4.96064 3
    endloop
  endfacet
  facet normal -0.382673 -0.923884 0
    outer loop
      vertex 6.85471 17.7706 0
      vertex 8.67122 17.0182 3
      vertex 6.85471 17.7706 3
    endloop
  endfacet
  facet normal -0.382673 -0.923884 -0
    outer loop
      vertex 8.67122 17.0182 3
      vertex 6.85471 17.7706 0
      vertex 8.67122 17.0182 0
    endloop
  endfacet
  facet normal -0.522497 -0.852641 0
    outer loop
      vertex 8.67122 17.0182 0
      vertex 10.9067 15.6483 3
      vertex 8.67122 17.0182 3
    endloop
  endfacet
  facet normal -0.522497 -0.852641 -0
    outer loop
      vertex 10.9067 15.6483 3
      vertex 8.67122 17.0182 0
      vertex 10.9067 15.6483 0
    endloop
  endfacet
  facet normal 0.852628 -0.522519 0
    outer loop
      vertex -16.3069 9.83203 3
      vertex -15.4522 11.2267 0
      vertex -15.4522 11.2267 3
    endloop
  endfacet
  facet normal 0.852628 -0.522519 0
    outer loop
      vertex -15.4522 11.2267 0
      vertex -16.3069 9.83203 3
      vertex -16.3069 9.83203 0
    endloop
  endfacet
  facet normal 0.760406 -0.649448 0
    outer loop
      vertex -15.4522 11.2267 3
      vertex -13.54 13.4656 0
      vertex -13.54 13.4656 3
    endloop
  endfacet
  facet normal 0.760406 -0.649448 0
    outer loop
      vertex -13.54 13.4656 0
      vertex -15.4522 11.2267 3
      vertex -15.4522 11.2267 0
    endloop
  endfacet
  facet normal 0.233424 -0.972375 0
    outer loop
      vertex -5.90222 18.1652 0
      vertex -2.9879 18.8648 3
      vertex -5.90222 18.1652 3
    endloop
  endfacet
  facet normal 0.233424 -0.972375 0
    outer loop
      vertex -2.9879 18.8648 3
      vertex -5.90222 18.1652 0
      vertex -2.9879 18.8648 0
    endloop
  endfacet
  facet normal 0.233401 0.972381 -0
    outer loop
      vertex -2.9879 -18.8648 0
      vertex -4.89974 -18.4059 3
      vertex -2.9879 -18.8648 3
    endloop
  endfacet
  facet normal 0.233401 0.972381 0
    outer loop
      vertex -4.89974 -18.4059 3
      vertex -2.9879 -18.8648 0
      vertex -4.89974 -18.4059 0
    endloop
  endfacet
  facet normal -0.923875 -0.382696 0
    outer loop
      vertex 18.1652 5.90222 0
      vertex 17.0182 8.67122 3
      vertex 17.0182 8.67122 0
    endloop
  endfacet
  facet normal -0.923875 -0.382696 0
    outer loop
      vertex 17.0182 8.67122 3
      vertex 18.1652 5.90222 0
      vertex 18.1652 5.90222 3
    endloop
  endfacet
  facet normal -0.972371 0.23344 0
    outer loop
      vertex 18.1652 -5.90222 0
      vertex 18.7009 -3.67081 3
      vertex 18.7009 -3.67081 0
    endloop
  endfacet
  facet normal -0.972371 0.23344 0
    outer loop
      vertex 18.7009 -3.67081 3
      vertex 18.1652 -5.90222 0
      vertex 18.1652 -5.90222 3
    endloop
  endfacet
  facet normal 0.996918 0.0784557 0
    outer loop
      vertex -18.869 -2.93526 3
      vertex -19.1 0 0
      vertex -19.1 0 3
    endloop
  endfacet
  facet normal 0.996918 0.0784557 0
    outer loop
      vertex -19.1 0 0
      vertex -18.869 -2.93526 3
      vertex -18.869 -2.93526 0
    endloop
  endfacet
  facet normal -0.649472 0.760385 0
    outer loop
      vertex 11.963 -14.8233 0
      vertex 11.2267 -15.4522 3
      vertex 11.963 -14.8233 3
    endloop
  endfacet
  facet normal -0.649472 0.760385 0
    outer loop
      vertex 11.2267 -15.4522 3
      vertex 11.963 -14.8233 0
      vertex 11.2267 -15.4522 0
    endloop
  endfacet
  facet normal -0.522499 0.85264 0
    outer loop
      vertex 11.2267 -15.4522 0
      vertex 8.67122 -17.0182 3
      vertex 11.2267 -15.4522 3
    endloop
  endfacet
  facet normal -0.522499 0.85264 0
    outer loop
      vertex 8.67122 -17.0182 3
      vertex 11.2267 -15.4522 0
      vertex 8.67122 -17.0182 0
    endloop
  endfacet
  facet normal -0.382747 0.923853 0
    outer loop
      vertex 8.67122 -17.0182 0
      vertex 8.0883 -17.2597 3
      vertex 8.67122 -17.0182 3
    endloop
  endfacet
  facet normal -0.382747 0.923853 0
    outer loop
      vertex 8.0883 -17.2597 3
      vertex 8.67122 -17.0182 0
      vertex 8.0883 -17.2597 0
    endloop
  endfacet
  facet normal -0.923878 0.382687 0
    outer loop
      vertex 17.287 -8.02236 0
      vertex 18.1652 -5.90222 3
      vertex 18.1652 -5.90222 0
    endloop
  endfacet
  facet normal -0.923878 0.382687 0
    outer loop
      vertex 18.1652 -5.90222 3
      vertex 17.287 -8.02236 0
      vertex 17.287 -8.02236 3
    endloop
  endfacet
  facet normal 0.0784932 0.996915 -0
    outer loop
      vertex -0.374106 -19.0706 0
      vertex -2.9879 -18.8648 3
      vertex -0.374106 -19.0706 3
    endloop
  endfacet
  facet normal 0.0784932 0.996915 0
    outer loop
      vertex -2.9879 -18.8648 3
      vertex -0.374106 -19.0706 0
      vertex -2.9879 -18.8648 0
    endloop
  endfacet
  facet normal 0.649489 0.760371 -0
    outer loop
      vertex -12.5148 -14.3521 0
      vertex -13.5057 -13.5057 3
      vertex -12.5148 -14.3521 3
    endloop
  endfacet
  facet normal 0.649489 0.760371 0
    outer loop
      vertex -13.5057 -13.5057 3
      vertex -12.5148 -14.3521 0
      vertex -13.5057 -13.5057 0
    endloop
  endfacet
  facet normal 0.760398 0.649458 0
    outer loop
      vertex -13.5057 -13.5057 3
      vertex -15.4522 -11.2267 0
      vertex -15.4522 -11.2267 3
    endloop
  endfacet
  facet normal 0.760398 0.649458 0
    outer loop
      vertex -15.4522 -11.2267 0
      vertex -13.5057 -13.5057 3
      vertex -13.5057 -13.5057 0
    endloop
  endfacet
  facet normal 0.852567 0.522619 0
    outer loop
      vertex -15.4522 -11.2267 3
      vertex -15.6041 -10.9789 0
      vertex -15.6041 -10.9789 3
    endloop
  endfacet
  facet normal 0.852567 0.522619 0
    outer loop
      vertex -15.6041 -10.9789 0
      vertex -15.4522 -11.2267 3
      vertex -15.4522 -11.2267 0
    endloop
  endfacet
  facet normal -0 0 1
    outer loop
      vertex -0.588745 29.1299 4.2
      vertex -1.60185 23.0105 4.2
      vertex 0.0540771 29.1299 4.2
    endloop
  endfacet
  facet normal 0 -0 1
    outer loop
      vertex -1.60185 23.0105 4.2
      vertex -0.588745 29.1299 4.2
      vertex -2.261 23.0105 4.2
    endloop
  endfacet
  facet normal -0 0 1
    outer loop
      vertex 1.67226 29.1299 4.2
      vertex 0.659149 23.0105 4.2
      vertex 2.31509 29.1299 4.2
    endloop
  endfacet
  facet normal 0 -0 1
    outer loop
      vertex 0.659149 23.0105 4.2
      vertex 1.67226 29.1299 4.2
      vertex 0 23.0105 4.2
    endloop
  endfacet
  facet normal 0 1 -0
    outer loop
      vertex 0.0540771 29.1299 3
      vertex -0.588745 29.1299 4.2
      vertex 0.0540771 29.1299 4.2
    endloop
  endfacet
  facet normal 0 1 0
    outer loop
      vertex -0.588745 29.1299 4.2
      vertex 0.0540771 29.1299 3
      vertex -0.588745 29.1299 3
    endloop
  endfacet
  facet normal -0.964631 0.263606 0
    outer loop
      vertex -2.261 23.0105 3
      vertex -0.588745 29.1299 4.2
      vertex -0.588745 29.1299 3
    endloop
  endfacet
  facet normal -0.964631 0.263606 0
    outer loop
      vertex -0.588745 29.1299 4.2
      vertex -2.261 23.0105 3
      vertex -2.261 23.0105 4.2
    endloop
  endfacet
  facet normal 0 -1 0
    outer loop
      vertex -2.261 23.0105 3
      vertex -1.60185 23.0105 4.2
      vertex -2.261 23.0105 4.2
    endloop
  endfacet
  facet normal 0 -1 -0
    outer loop
      vertex -1.60185 23.0105 4.2
      vertex -2.261 23.0105 3
      vertex -1.60185 23.0105 3
    endloop
  endfacet
  facet normal 0.965282 -0.261208 0
    outer loop
      vertex -1.60185 23.0105 4.2
      vertex 0.0540771 29.1299 3
      vertex 0.0540771 29.1299 4.2
    endloop
  endfacet
  facet normal 0.965282 -0.261208 0
    outer loop
      vertex 0.0540771 29.1299 3
      vertex -1.60185 23.0105 4.2
      vertex -1.60185 23.0105 3
    endloop
  endfacet
  facet normal 0 1 -0
    outer loop
      vertex 2.31509 29.1299 3
      vertex 1.67226 29.1299 4.2
      vertex 2.31509 29.1299 4.2
    endloop
  endfacet
  facet normal 0 1 0
    outer loop
      vertex 1.67226 29.1299 4.2
      vertex 2.31509 29.1299 3
      vertex 1.67226 29.1299 3
    endloop
  endfacet
  facet normal -0.96463 0.263606 0
    outer loop
      vertex 0 23.0105 3
      vertex 1.67226 29.1299 4.2
      vertex 1.67226 29.1299 3
    endloop
  endfacet
  facet normal -0.96463 0.263606 0
    outer loop
      vertex 1.67226 29.1299 4.2
      vertex 0 23.0105 3
      vertex 0 23.0105 4.2
    endloop
  endfacet
  facet normal 0 -1 0
    outer loop
      vertex 0 23.0105 3
      vertex 0.659149 23.0105 4.2
      vertex 0 23.0105 4.2
    endloop
  endfacet
  facet normal 0 -1 -0
    outer loop
      vertex 0.659149 23.0105 4.2
      vertex 0 23.0105 3
      vertex 0.659149 23.0105 3
    endloop
  endfacet
  facet normal 0.965282 -0.26121 0
    outer loop
      vertex 0.659149 23.0105 4.2
      vertex 2.31509 29.1299 3
      vertex 2.31509 29.1299 4.2
    endloop
  endfacet
  facet normal 0.965282 -0.26121 0
    outer loop
      vertex 2.31509 29.1299 3
      vertex 0.659149 23.0105 4.2
      vertex 0.659149 23.0105 3
    endloop
  endfacet
endsolid OpenSCAD_Model
