solid OpenSCAD_Model
  facet normal -0.996917 -0.0784645 0
    outer loop
      vertex -71.9 0 0
      vertex -71.9197 0.250295 3
      vertex -71.9197 0.250295 0
    endloop
  endfacet
  facet normal -0.996917 -0.0784645 0
    outer loop
      vertex -71.9197 0.250295 3
      vertex -71.9 0 0
      vertex -71.9 0 3
    endloop
  endfacet
  facet normal 0.996917 -0.0784645 0
    outer loop
      vertex -75.1 0 3
      vertex -75.0803 0.250295 0
      vertex -75.0803 0.250295 3
    endloop
  endfacet
  facet normal 0.996917 -0.0784645 0
    outer loop
      vertex -75.0803 0.250295 0
      vertex -75.1 0 3
      vertex -75.1 0 0
    endloop
  endfacet
  facet normal 0.0784629 -0.996917 0
    outer loop
      vertex -73.7503 1.5803 0
      vertex -73.5 1.6 3
      vertex -73.7503 1.5803 3
    endloop
  endfacet
  facet normal 0.0784629 -0.996917 0
    outer loop
      vertex -73.5 1.6 3
      vertex -73.7503 1.5803 0
      vertex -73.5 1.6 0
    endloop
  endfacet
  facet normal -0.0784629 0.996917 0
    outer loop
      vertex -73.2497 -1.5803 0
      vertex -73.5 -1.6 3
      vertex -73.2497 -1.5803 3
    endloop
  endfacet
  facet normal -0.0784629 0.996917 0
    outer loop
      vertex -73.5 -1.6 3
      vertex -73.2497 -1.5803 0
      vertex -73.5 -1.6 0
    endloop
  endfacet
  facet normal -0.649485 -0.760374 0
    outer loop
      vertex -72.5595 1.29443 0
      vertex -72.3686 1.13137 3
      vertex -72.5595 1.29443 3
    endloop
  endfacet
  facet normal -0.649485 -0.760374 -0
    outer loop
      vertex -72.3686 1.13137 3
      vertex -72.5595 1.29443 0
      vertex -72.3686 1.13137 0
    endloop
  endfacet
  facet normal 0.760516 -0.649319 0
    outer loop
      vertex -74.7944 0.940456 3
      vertex -74.6314 1.13137 0
      vertex -74.6314 1.13137 3
    endloop
  endfacet
  facet normal 0.760516 -0.649319 0
    outer loop
      vertex -74.6314 1.13137 0
      vertex -74.7944 0.940456 3
      vertex -74.7944 0.940456 0
    endloop
  endfacet
  facet normal 0.522439 -0.852677 0
    outer loop
      vertex -74.4405 1.29443 0
      vertex -74.2264 1.42561 3
      vertex -74.4405 1.29443 3
    endloop
  endfacet
  facet normal 0.522439 -0.852677 0
    outer loop
      vertex -74.2264 1.42561 3
      vertex -74.4405 1.29443 0
      vertex -74.2264 1.42561 0
    endloop
  endfacet
  facet normal -0.852611 -0.522546 0
    outer loop
      vertex -72.0744 0.726384 0
      vertex -72.2056 0.940456 3
      vertex -72.2056 0.940456 0
    endloop
  endfacet
  facet normal -0.852611 -0.522546 0
    outer loop
      vertex -72.2056 0.940456 3
      vertex -72.0744 0.726384 0
      vertex -72.0744 0.726384 3
    endloop
  endfacet
  facet normal -0.97238 -0.233404 0
    outer loop
      vertex -71.9197 0.250295 0
      vertex -71.9783 0.494427 3
      vertex -71.9783 0.494427 0
    endloop
  endfacet
  facet normal -0.97238 -0.233404 0
    outer loop
      vertex -71.9783 0.494427 3
      vertex -71.9197 0.250295 0
      vertex -71.9197 0.250295 3
    endloop
  endfacet
  facet normal -0.760516 -0.649319 0
    outer loop
      vertex -72.2056 0.940456 0
      vertex -72.3686 1.13137 3
      vertex -72.3686 1.13137 0
    endloop
  endfacet
  facet normal -0.760516 -0.649319 0
    outer loop
      vertex -72.3686 1.13137 3
      vertex -72.2056 0.940456 0
      vertex -72.2056 0.940456 3
    endloop
  endfacet
  facet normal -0.382624 -0.923904 0
    outer loop
      vertex -73.0056 1.52169 0
      vertex -72.7736 1.42561 3
      vertex -73.0056 1.52169 3
    endloop
  endfacet
  facet normal -0.382624 -0.923904 -0
    outer loop
      vertex -72.7736 1.42561 3
      vertex -73.0056 1.52169 0
      vertex -72.7736 1.42561 0
    endloop
  endfacet
  facet normal -0.233471 -0.972364 0
    outer loop
      vertex -73.2497 1.5803 0
      vertex -73.0056 1.52169 3
      vertex -73.2497 1.5803 3
    endloop
  endfacet
  facet normal -0.233471 -0.972364 -0
    outer loop
      vertex -73.0056 1.52169 3
      vertex -73.2497 1.5803 0
      vertex -73.0056 1.52169 0
    endloop
  endfacet
  facet normal -0.522439 -0.852677 0
    outer loop
      vertex -72.7736 1.42561 0
      vertex -72.5595 1.29443 3
      vertex -72.7736 1.42561 3
    endloop
  endfacet
  facet normal -0.522439 -0.852677 -0
    outer loop
      vertex -72.5595 1.29443 3
      vertex -72.7736 1.42561 0
      vertex -72.5595 1.29443 0
    endloop
  endfacet
  facet normal 0.923851 -0.382752 0
    outer loop
      vertex -75.0217 0.494427 3
      vertex -74.9256 0.726384 0
      vertex -74.9256 0.726384 3
    endloop
  endfacet
  facet normal 0.923851 -0.382752 0
    outer loop
      vertex -74.9256 0.726384 0
      vertex -75.0217 0.494427 3
      vertex -75.0217 0.494427 0
    endloop
  endfacet
  facet normal 0.852611 -0.522546 0
    outer loop
      vertex -74.9256 0.726384 3
      vertex -74.7944 0.940456 0
      vertex -74.7944 0.940456 3
    endloop
  endfacet
  facet normal 0.852611 -0.522546 0
    outer loop
      vertex -74.7944 0.940456 0
      vertex -74.9256 0.726384 3
      vertex -74.9256 0.726384 0
    endloop
  endfacet
  facet normal 0.97238 -0.233404 0
    outer loop
      vertex -75.0803 0.250295 3
      vertex -75.0217 0.494427 0
      vertex -75.0217 0.494427 3
    endloop
  endfacet
  facet normal 0.97238 -0.233404 0
    outer loop
      vertex -75.0217 0.494427 0
      vertex -75.0803 0.250295 3
      vertex -75.0803 0.250295 0
    endloop
  endfacet
  facet normal 0.649485 -0.760374 0
    outer loop
      vertex -74.6314 1.13137 0
      vertex -74.4405 1.29443 3
      vertex -74.6314 1.13137 3
    endloop
  endfacet
  facet normal 0.649485 -0.760374 0
    outer loop
      vertex -74.4405 1.29443 3
      vertex -74.6314 1.13137 0
      vertex -74.4405 1.29443 0
    endloop
  endfacet
  facet normal 0.233471 -0.972364 0
    outer loop
      vertex -73.9944 1.52169 0
      vertex -73.7503 1.5803 3
      vertex -73.9944 1.52169 3
    endloop
  endfacet
  facet normal 0.233471 -0.972364 0
    outer loop
      vertex -73.7503 1.5803 3
      vertex -73.9944 1.52169 0
      vertex -73.7503 1.5803 0
    endloop
  endfacet
  facet normal 0.923851 0.382752 0
    outer loop
      vertex -74.9256 -0.726384 3
      vertex -75.0217 -0.494427 0
      vertex -75.0217 -0.494427 3
    endloop
  endfacet
  facet normal 0.923851 0.382752 0
    outer loop
      vertex -75.0217 -0.494427 0
      vertex -74.9256 -0.726384 3
      vertex -74.9256 -0.726384 0
    endloop
  endfacet
  facet normal -0.233471 0.972364 0
    outer loop
      vertex -73.0056 -1.52169 0
      vertex -73.2497 -1.5803 3
      vertex -73.0056 -1.52169 3
    endloop
  endfacet
  facet normal -0.233471 0.972364 0
    outer loop
      vertex -73.2497 -1.5803 3
      vertex -73.0056 -1.52169 0
      vertex -73.2497 -1.5803 0
    endloop
  endfacet
  facet normal -0.97238 0.233404 0
    outer loop
      vertex -71.9783 -0.494427 0
      vertex -71.9197 -0.250295 3
      vertex -71.9197 -0.250295 0
    endloop
  endfacet
  facet normal -0.97238 0.233404 0
    outer loop
      vertex -71.9197 -0.250295 3
      vertex -71.9783 -0.494427 0
      vertex -71.9783 -0.494427 3
    endloop
  endfacet
  facet normal -0.923851 -0.382752 0
    outer loop
      vertex -71.9783 0.494427 0
      vertex -72.0744 0.726384 3
      vertex -72.0744 0.726384 0
    endloop
  endfacet
  facet normal -0.923851 -0.382752 0
    outer loop
      vertex -72.0744 0.726384 3
      vertex -71.9783 0.494427 0
      vertex -71.9783 0.494427 3
    endloop
  endfacet
  facet normal -0.0784629 -0.996917 0
    outer loop
      vertex -73.5 1.6 0
      vertex -73.2497 1.5803 3
      vertex -73.5 1.6 3
    endloop
  endfacet
  facet normal -0.0784629 -0.996917 -0
    outer loop
      vertex -73.2497 1.5803 3
      vertex -73.5 1.6 0
      vertex -73.2497 1.5803 0
    endloop
  endfacet
  facet normal 0.382624 -0.923904 0
    outer loop
      vertex -74.2264 1.42561 0
      vertex -73.9944 1.52169 3
      vertex -74.2264 1.42561 3
    endloop
  endfacet
  facet normal 0.382624 -0.923904 0
    outer loop
      vertex -73.9944 1.52169 3
      vertex -74.2264 1.42561 0
      vertex -73.9944 1.52169 0
    endloop
  endfacet
  facet normal -0.996917 0.0784645 0
    outer loop
      vertex -71.9197 -0.250295 0
      vertex -71.9 0 3
      vertex -71.9 0 0
    endloop
  endfacet
  facet normal -0.996917 0.0784645 0
    outer loop
      vertex -71.9 0 3
      vertex -71.9197 -0.250295 0
      vertex -71.9197 -0.250295 3
    endloop
  endfacet
  facet normal -0.649485 0.760374 0
    outer loop
      vertex -72.3686 -1.13137 0
      vertex -72.5595 -1.29443 3
      vertex -72.3686 -1.13137 3
    endloop
  endfacet
  facet normal -0.649485 0.760374 0
    outer loop
      vertex -72.5595 -1.29443 3
      vertex -72.3686 -1.13137 0
      vertex -72.5595 -1.29443 0
    endloop
  endfacet
  facet normal -0.923851 0.382752 0
    outer loop
      vertex -72.0744 -0.726384 0
      vertex -71.9783 -0.494427 3
      vertex -71.9783 -0.494427 0
    endloop
  endfacet
  facet normal -0.923851 0.382752 0
    outer loop
      vertex -71.9783 -0.494427 3
      vertex -72.0744 -0.726384 0
      vertex -72.0744 -0.726384 3
    endloop
  endfacet
  facet normal -0.852611 0.522546 0
    outer loop
      vertex -72.2056 -0.940456 0
      vertex -72.0744 -0.726384 3
      vertex -72.0744 -0.726384 0
    endloop
  endfacet
  facet normal -0.852611 0.522546 0
    outer loop
      vertex -72.0744 -0.726384 3
      vertex -72.2056 -0.940456 0
      vertex -72.2056 -0.940456 3
    endloop
  endfacet
  facet normal 0.233471 0.972364 -0
    outer loop
      vertex -73.7503 -1.5803 0
      vertex -73.9944 -1.52169 3
      vertex -73.7503 -1.5803 3
    endloop
  endfacet
  facet normal 0.233471 0.972364 0
    outer loop
      vertex -73.9944 -1.52169 3
      vertex -73.7503 -1.5803 0
      vertex -73.9944 -1.52169 0
    endloop
  endfacet
  facet normal -0.522439 0.852677 0
    outer loop
      vertex -72.5595 -1.29443 0
      vertex -72.7736 -1.42561 3
      vertex -72.5595 -1.29443 3
    endloop
  endfacet
  facet normal -0.522439 0.852677 0
    outer loop
      vertex -72.7736 -1.42561 3
      vertex -72.5595 -1.29443 0
      vertex -72.7736 -1.42561 0
    endloop
  endfacet
  facet normal -0.382624 0.923904 0
    outer loop
      vertex -72.7736 -1.42561 0
      vertex -73.0056 -1.52169 3
      vertex -72.7736 -1.42561 3
    endloop
  endfacet
  facet normal -0.382624 0.923904 0
    outer loop
      vertex -73.0056 -1.52169 3
      vertex -72.7736 -1.42561 0
      vertex -73.0056 -1.52169 0
    endloop
  endfacet
  facet normal -0.760516 0.649319 0
    outer loop
      vertex -72.3686 -1.13137 0
      vertex -72.2056 -0.940456 3
      vertex -72.2056 -0.940456 0
    endloop
  endfacet
  facet normal -0.760516 0.649319 0
    outer loop
      vertex -72.2056 -0.940456 3
      vertex -72.3686 -1.13137 0
      vertex -72.3686 -1.13137 3
    endloop
  endfacet
  facet normal 0.0784629 0.996917 -0
    outer loop
      vertex -73.5 -1.6 0
      vertex -73.7503 -1.5803 3
      vertex -73.5 -1.6 3
    endloop
  endfacet
  facet normal 0.0784629 0.996917 0
    outer loop
      vertex -73.7503 -1.5803 3
      vertex -73.5 -1.6 0
      vertex -73.7503 -1.5803 0
    endloop
  endfacet
  facet normal 0.522439 0.852677 -0
    outer loop
      vertex -74.2264 -1.42561 0
      vertex -74.4405 -1.29443 3
      vertex -74.2264 -1.42561 3
    endloop
  endfacet
  facet normal 0.522439 0.852677 0
    outer loop
      vertex -74.4405 -1.29443 3
      vertex -74.2264 -1.42561 0
      vertex -74.4405 -1.29443 0
    endloop
  endfacet
  facet normal 0.760516 0.649319 0
    outer loop
      vertex -74.6314 -1.13137 3
      vertex -74.7944 -0.940456 0
      vertex -74.7944 -0.940456 3
    endloop
  endfacet
  facet normal 0.760516 0.649319 0
    outer loop
      vertex -74.7944 -0.940456 0
      vertex -74.6314 -1.13137 3
      vertex -74.6314 -1.13137 0
    endloop
  endfacet
  facet normal 0.649485 0.760374 -0
    outer loop
      vertex -74.4405 -1.29443 0
      vertex -74.6314 -1.13137 3
      vertex -74.4405 -1.29443 3
    endloop
  endfacet
  facet normal 0.649485 0.760374 0
    outer loop
      vertex -74.6314 -1.13137 3
      vertex -74.4405 -1.29443 0
      vertex -74.6314 -1.13137 0
    endloop
  endfacet
  facet normal 0.97238 0.233404 0
    outer loop
      vertex -75.0217 -0.494427 3
      vertex -75.0803 -0.250295 0
      vertex -75.0803 -0.250295 3
    endloop
  endfacet
  facet normal 0.97238 0.233404 0
    outer loop
      vertex -75.0803 -0.250295 0
      vertex -75.0217 -0.494427 3
      vertex -75.0217 -0.494427 0
    endloop
  endfacet
  facet normal 0.996917 0.0784645 0
    outer loop
      vertex -75.0803 -0.250295 3
      vertex -75.1 0 0
      vertex -75.1 0 3
    endloop
  endfacet
  facet normal 0.996917 0.0784645 0
    outer loop
      vertex -75.1 0 0
      vertex -75.0803 -0.250295 3
      vertex -75.0803 -0.250295 0
    endloop
  endfacet
  facet normal 0.382624 0.923904 -0
    outer loop
      vertex -73.9944 -1.52169 0
      vertex -74.2264 -1.42561 3
      vertex -73.9944 -1.52169 3
    endloop
  endfacet
  facet normal 0.382624 0.923904 0
    outer loop
      vertex -74.2264 -1.42561 3
      vertex -73.9944 -1.52169 0
      vertex -74.2264 -1.42561 0
    endloop
  endfacet
  facet normal 0.852611 0.522546 0
    outer loop
      vertex -74.7944 -0.940456 3
      vertex -74.9256 -0.726384 0
      vertex -74.9256 -0.726384 3
    endloop
  endfacet
  facet normal 0.852611 0.522546 0
    outer loop
      vertex -74.9256 -0.726384 0
      vertex -74.7944 -0.940456 3
      vertex -74.7944 -0.940456 0
    endloop
  endfacet
  facet normal -0.996917 0.0784645 0
    outer loop
      vertex 75.0803 -0.250295 0
      vertex 75.1 0 3
      vertex 75.1 0 0
    endloop
  endfacet
  facet normal -0.996917 0.0784645 0
    outer loop
      vertex 75.1 0 3
      vertex 75.0803 -0.250295 0
      vertex 75.0803 -0.250295 3
    endloop
  endfacet
  facet normal -0.760516 -0.649319 0
    outer loop
      vertex 74.7944 0.940456 0
      vertex 74.6314 1.13137 3
      vertex 74.6314 1.13137 0
    endloop
  endfacet
  facet normal -0.760516 -0.649319 0
    outer loop
      vertex 74.6314 1.13137 3
      vertex 74.7944 0.940456 0
      vertex 74.7944 0.940456 3
    endloop
  endfacet
  facet normal -0.233471 -0.972364 0
    outer loop
      vertex 73.7503 1.5803 0
      vertex 73.9944 1.52169 3
      vertex 73.7503 1.5803 3
    endloop
  endfacet
  facet normal -0.233471 -0.972364 -0
    outer loop
      vertex 73.9944 1.52169 3
      vertex 73.7503 1.5803 0
      vertex 73.9944 1.52169 0
    endloop
  endfacet
  facet normal -0.382624 -0.923904 0
    outer loop
      vertex 73.9944 1.52169 0
      vertex 74.2264 1.42561 3
      vertex 73.9944 1.52169 3
    endloop
  endfacet
  facet normal -0.382624 -0.923904 -0
    outer loop
      vertex 74.2264 1.42561 3
      vertex 73.9944 1.52169 0
      vertex 74.2264 1.42561 0
    endloop
  endfacet
  facet normal 0.522439 -0.852677 0
    outer loop
      vertex 72.5595 1.29443 0
      vertex 72.7736 1.42561 3
      vertex 72.5595 1.29443 3
    endloop
  endfacet
  facet normal 0.522439 -0.852677 0
    outer loop
      vertex 72.7736 1.42561 3
      vertex 72.5595 1.29443 0
      vertex 72.7736 1.42561 0
    endloop
  endfacet
  facet normal 0.923851 -0.382752 0
    outer loop
      vertex 71.9783 0.494427 3
      vertex 72.0744 0.726384 0
      vertex 72.0744 0.726384 3
    endloop
  endfacet
  facet normal 0.923851 -0.382752 0
    outer loop
      vertex 72.0744 0.726384 0
      vertex 71.9783 0.494427 3
      vertex 71.9783 0.494427 0
    endloop
  endfacet
  facet normal -0.97238 -0.233404 0
    outer loop
      vertex 75.0803 0.250295 0
      vertex 75.0217 0.494427 3
      vertex 75.0217 0.494427 0
    endloop
  endfacet
  facet normal -0.97238 -0.233404 0
    outer loop
      vertex 75.0217 0.494427 3
      vertex 75.0803 0.250295 0
      vertex 75.0803 0.250295 3
    endloop
  endfacet
  facet normal -0.649485 -0.760374 0
    outer loop
      vertex 74.4405 1.29443 0
      vertex 74.6314 1.13137 3
      vertex 74.4405 1.29443 3
    endloop
  endfacet
  facet normal -0.649485 -0.760374 -0
    outer loop
      vertex 74.6314 1.13137 3
      vertex 74.4405 1.29443 0
      vertex 74.6314 1.13137 0
    endloop
  endfacet
  facet normal -0.0784629 -0.996917 0
    outer loop
      vertex 73.5 1.6 0
      vertex 73.7503 1.5803 3
      vertex 73.5 1.6 3
    endloop
  endfacet
  facet normal -0.0784629 -0.996917 -0
    outer loop
      vertex 73.7503 1.5803 3
      vertex 73.5 1.6 0
      vertex 73.7503 1.5803 0
    endloop
  endfacet
  facet normal -0.522439 -0.852677 0
    outer loop
      vertex 74.2264 1.42561 0
      vertex 74.4405 1.29443 3
      vertex 74.2264 1.42561 3
    endloop
  endfacet
  facet normal -0.522439 -0.852677 -0
    outer loop
      vertex 74.4405 1.29443 3
      vertex 74.2264 1.42561 0
      vertex 74.4405 1.29443 0
    endloop
  endfacet
  facet normal 0.996917 -0.0784645 0
    outer loop
      vertex 71.9 0 3
      vertex 71.9197 0.250295 0
      vertex 71.9197 0.250295 3
    endloop
  endfacet
  facet normal 0.996917 -0.0784645 0
    outer loop
      vertex 71.9197 0.250295 0
      vertex 71.9 0 3
      vertex 71.9 0 0
    endloop
  endfacet
  facet normal 0.852611 -0.522546 0
    outer loop
      vertex 72.0744 0.726384 3
      vertex 72.2056 0.940456 0
      vertex 72.2056 0.940456 3
    endloop
  endfacet
  facet normal 0.852611 -0.522546 0
    outer loop
      vertex 72.2056 0.940456 0
      vertex 72.0744 0.726384 3
      vertex 72.0744 0.726384 0
    endloop
  endfacet
  facet normal 0.649485 -0.760374 0
    outer loop
      vertex 72.3686 1.13137 0
      vertex 72.5595 1.29443 3
      vertex 72.3686 1.13137 3
    endloop
  endfacet
  facet normal 0.649485 -0.760374 0
    outer loop
      vertex 72.5595 1.29443 3
      vertex 72.3686 1.13137 0
      vertex 72.5595 1.29443 0
    endloop
  endfacet
  facet normal 0.233471 -0.972364 0
    outer loop
      vertex 73.0056 1.52169 0
      vertex 73.2497 1.5803 3
      vertex 73.0056 1.52169 3
    endloop
  endfacet
  facet normal 0.233471 -0.972364 0
    outer loop
      vertex 73.2497 1.5803 3
      vertex 73.0056 1.52169 0
      vertex 73.2497 1.5803 0
    endloop
  endfacet
  facet normal 0.760516 -0.649319 0
    outer loop
      vertex 72.2056 0.940456 3
      vertex 72.3686 1.13137 0
      vertex 72.3686 1.13137 3
    endloop
  endfacet
  facet normal 0.760516 -0.649319 0
    outer loop
      vertex 72.3686 1.13137 0
      vertex 72.2056 0.940456 3
      vertex 72.2056 0.940456 0
    endloop
  endfacet
  facet normal -0.923851 0.382752 0
    outer loop
      vertex 74.9256 -0.726384 0
      vertex 75.0217 -0.494427 3
      vertex 75.0217 -0.494427 0
    endloop
  endfacet
  facet normal -0.923851 0.382752 0
    outer loop
      vertex 75.0217 -0.494427 3
      vertex 74.9256 -0.726384 0
      vertex 74.9256 -0.726384 3
    endloop
  endfacet
  facet normal -0.649485 0.760374 0
    outer loop
      vertex 74.6314 -1.13137 0
      vertex 74.4405 -1.29443 3
      vertex 74.6314 -1.13137 3
    endloop
  endfacet
  facet normal -0.649485 0.760374 0
    outer loop
      vertex 74.4405 -1.29443 3
      vertex 74.6314 -1.13137 0
      vertex 74.4405 -1.29443 0
    endloop
  endfacet
  facet normal 0.0784629 -0.996917 0
    outer loop
      vertex 73.2497 1.5803 0
      vertex 73.5 1.6 3
      vertex 73.2497 1.5803 3
    endloop
  endfacet
  facet normal 0.0784629 -0.996917 0
    outer loop
      vertex 73.5 1.6 3
      vertex 73.2497 1.5803 0
      vertex 73.5 1.6 0
    endloop
  endfacet
  facet normal 0.97238 -0.233404 0
    outer loop
      vertex 71.9197 0.250295 3
      vertex 71.9783 0.494427 0
      vertex 71.9783 0.494427 3
    endloop
  endfacet
  facet normal 0.97238 -0.233404 0
    outer loop
      vertex 71.9783 0.494427 0
      vertex 71.9197 0.250295 3
      vertex 71.9197 0.250295 0
    endloop
  endfacet
  facet normal 0.382624 -0.923904 0
    outer loop
      vertex 72.7736 1.42561 0
      vertex 73.0056 1.52169 3
      vertex 72.7736 1.42561 3
    endloop
  endfacet
  facet normal 0.382624 -0.923904 0
    outer loop
      vertex 73.0056 1.52169 3
      vertex 72.7736 1.42561 0
      vertex 73.0056 1.52169 0
    endloop
  endfacet
  facet normal -0.996917 -0.0784645 0
    outer loop
      vertex 75.1 0 0
      vertex 75.0803 0.250295 3
      vertex 75.0803 0.250295 0
    endloop
  endfacet
  facet normal -0.996917 -0.0784645 0
    outer loop
      vertex 75.0803 0.250295 3
      vertex 75.1 0 0
      vertex 75.1 0 3
    endloop
  endfacet
  facet normal -0.97238 0.233404 0
    outer loop
      vertex 75.0217 -0.494427 0
      vertex 75.0803 -0.250295 3
      vertex 75.0803 -0.250295 0
    endloop
  endfacet
  facet normal -0.97238 0.233404 0
    outer loop
      vertex 75.0803 -0.250295 3
      vertex 75.0217 -0.494427 0
      vertex 75.0217 -0.494427 3
    endloop
  endfacet
  facet normal 0.996917 0.0784645 0
    outer loop
      vertex 71.9197 -0.250295 3
      vertex 71.9 0 0
      vertex 71.9 0 3
    endloop
  endfacet
  facet normal 0.996917 0.0784645 0
    outer loop
      vertex 71.9 0 0
      vertex 71.9197 -0.250295 3
      vertex 71.9197 -0.250295 0
    endloop
  endfacet
  facet normal 0.97238 0.233404 0
    outer loop
      vertex 71.9783 -0.494427 3
      vertex 71.9197 -0.250295 0
      vertex 71.9197 -0.250295 3
    endloop
  endfacet
  facet normal 0.97238 0.233404 0
    outer loop
      vertex 71.9197 -0.250295 0
      vertex 71.9783 -0.494427 3
      vertex 71.9783 -0.494427 0
    endloop
  endfacet
  facet normal -0.852611 0.522546 0
    outer loop
      vertex 74.7944 -0.940456 0
      vertex 74.9256 -0.726384 3
      vertex 74.9256 -0.726384 0
    endloop
  endfacet
  facet normal -0.852611 0.522546 0
    outer loop
      vertex 74.9256 -0.726384 3
      vertex 74.7944 -0.940456 0
      vertex 74.7944 -0.940456 3
    endloop
  endfacet
  facet normal -0.233471 0.972364 0
    outer loop
      vertex 73.9944 -1.52169 0
      vertex 73.7503 -1.5803 3
      vertex 73.9944 -1.52169 3
    endloop
  endfacet
  facet normal -0.233471 0.972364 0
    outer loop
      vertex 73.7503 -1.5803 3
      vertex 73.9944 -1.52169 0
      vertex 73.7503 -1.5803 0
    endloop
  endfacet
  facet normal -0.852611 -0.522546 0
    outer loop
      vertex 74.9256 0.726384 0
      vertex 74.7944 0.940456 3
      vertex 74.7944 0.940456 0
    endloop
  endfacet
  facet normal -0.852611 -0.522546 0
    outer loop
      vertex 74.7944 0.940456 3
      vertex 74.9256 0.726384 0
      vertex 74.9256 0.726384 3
    endloop
  endfacet
  facet normal -0.923851 -0.382752 0
    outer loop
      vertex 75.0217 0.494427 0
      vertex 74.9256 0.726384 3
      vertex 74.9256 0.726384 0
    endloop
  endfacet
  facet normal -0.923851 -0.382752 0
    outer loop
      vertex 74.9256 0.726384 3
      vertex 75.0217 0.494427 0
      vertex 75.0217 0.494427 3
    endloop
  endfacet
  facet normal 0.233471 0.972364 -0
    outer loop
      vertex 73.2497 -1.5803 0
      vertex 73.0056 -1.52169 3
      vertex 73.2497 -1.5803 3
    endloop
  endfacet
  facet normal 0.233471 0.972364 0
    outer loop
      vertex 73.0056 -1.52169 3
      vertex 73.2497 -1.5803 0
      vertex 73.0056 -1.52169 0
    endloop
  endfacet
  facet normal 0.0784629 0.996917 -0
    outer loop
      vertex 73.5 -1.6 0
      vertex 73.2497 -1.5803 3
      vertex 73.5 -1.6 3
    endloop
  endfacet
  facet normal 0.0784629 0.996917 0
    outer loop
      vertex 73.2497 -1.5803 3
      vertex 73.5 -1.6 0
      vertex 73.2497 -1.5803 0
    endloop
  endfacet
  facet normal 0.760516 0.649319 0
    outer loop
      vertex 72.3686 -1.13137 3
      vertex 72.2056 -0.940456 0
      vertex 72.2056 -0.940456 3
    endloop
  endfacet
  facet normal 0.760516 0.649319 0
    outer loop
      vertex 72.2056 -0.940456 0
      vertex 72.3686 -1.13137 3
      vertex 72.3686 -1.13137 0
    endloop
  endfacet
  facet normal -0.522439 0.852677 0
    outer loop
      vertex 74.4405 -1.29443 0
      vertex 74.2264 -1.42561 3
      vertex 74.4405 -1.29443 3
    endloop
  endfacet
  facet normal -0.522439 0.852677 0
    outer loop
      vertex 74.2264 -1.42561 3
      vertex 74.4405 -1.29443 0
      vertex 74.2264 -1.42561 0
    endloop
  endfacet
  facet normal -0.382624 0.923904 0
    outer loop
      vertex 74.2264 -1.42561 0
      vertex 73.9944 -1.52169 3
      vertex 74.2264 -1.42561 3
    endloop
  endfacet
  facet normal -0.382624 0.923904 0
    outer loop
      vertex 73.9944 -1.52169 3
      vertex 74.2264 -1.42561 0
      vertex 73.9944 -1.52169 0
    endloop
  endfacet
  facet normal -0.760516 0.649319 0
    outer loop
      vertex 74.6314 -1.13137 0
      vertex 74.7944 -0.940456 3
      vertex 74.7944 -0.940456 0
    endloop
  endfacet
  facet normal -0.760516 0.649319 0
    outer loop
      vertex 74.7944 -0.940456 3
      vertex 74.6314 -1.13137 0
      vertex 74.6314 -1.13137 3
    endloop
  endfacet
  facet normal 0.522439 0.852677 -0
    outer loop
      vertex 72.7736 -1.42561 0
      vertex 72.5595 -1.29443 3
      vertex 72.7736 -1.42561 3
    endloop
  endfacet
  facet normal 0.522439 0.852677 0
    outer loop
      vertex 72.5595 -1.29443 3
      vertex 72.7736 -1.42561 0
      vertex 72.5595 -1.29443 0
    endloop
  endfacet
  facet normal 0.382624 0.923904 -0
    outer loop
      vertex 73.0056 -1.52169 0
      vertex 72.7736 -1.42561 3
      vertex 73.0056 -1.52169 3
    endloop
  endfacet
  facet normal 0.382624 0.923904 0
    outer loop
      vertex 72.7736 -1.42561 3
      vertex 73.0056 -1.52169 0
      vertex 72.7736 -1.42561 0
    endloop
  endfacet
  facet normal -0.0784629 0.996917 0
    outer loop
      vertex 73.7503 -1.5803 0
      vertex 73.5 -1.6 3
      vertex 73.7503 -1.5803 3
    endloop
  endfacet
  facet normal -0.0784629 0.996917 0
    outer loop
      vertex 73.5 -1.6 3
      vertex 73.7503 -1.5803 0
      vertex 73.5 -1.6 0
    endloop
  endfacet
  facet normal 0.923851 0.382752 0
    outer loop
      vertex 72.0744 -0.726384 3
      vertex 71.9783 -0.494427 0
      vertex 71.9783 -0.494427 3
    endloop
  endfacet
  facet normal 0.923851 0.382752 0
    outer loop
      vertex 71.9783 -0.494427 0
      vertex 72.0744 -0.726384 3
      vertex 72.0744 -0.726384 0
    endloop
  endfacet
  facet normal 0.852611 0.522546 0
    outer loop
      vertex 72.2056 -0.940456 3
      vertex 72.0744 -0.726384 0
      vertex 72.0744 -0.726384 3
    endloop
  endfacet
  facet normal 0.852611 0.522546 0
    outer loop
      vertex 72.0744 -0.726384 0
      vertex 72.2056 -0.940456 3
      vertex 72.2056 -0.940456 0
    endloop
  endfacet
  facet normal 0.649485 0.760374 -0
    outer loop
      vertex 72.5595 -1.29443 0
      vertex 72.3686 -1.13137 3
      vertex 72.5595 -1.29443 3
    endloop
  endfacet
  facet normal 0.649485 0.760374 0
    outer loop
      vertex 72.3686 -1.13137 3
      vertex 72.5595 -1.29443 0
      vertex 72.3686 -1.13137 0
    endloop
  endfacet
  facet normal -1 0 0
    outer loop
      vertex -81.5 -31 0
      vertex -81.5 31 3
      vertex -81.5 31 0
    endloop
  endfacet
  facet normal -1 -0 0
    outer loop
      vertex -81.5 31 3
      vertex -81.5 -31 0
      vertex -81.5 -31 3
    endloop
  endfacet
  facet normal 0 0 1
    outer loop
      vertex -9.99286 1.92202 3
      vertex -9.70359 1.77874 3
      vertex -9.69597 1.78597 3
    endloop
  endfacet
  facet normal 0 0 1
    outer loop
      vertex -9.99286 1.92202 3
      vertex -10.1717 1.16873 3
      vertex -9.70359 1.77874 3
    endloop
  endfacet
  facet normal 0 0 1
    outer loop
      vertex -11.7916 2.40593 3
      vertex -10.1717 1.16873 3
      vertex -9.99286 1.92202 3
    endloop
  endfacet
  facet normal 0 0 1
    outer loop
      vertex -10.1717 1.16873 3
      vertex -11.7916 2.40593 3
      vertex -11.3671 -1.03122 3
    endloop
  endfacet
  facet normal 0 0 1
    outer loop
      vertex -13.8292 2.6084 3
      vertex -11.3671 -1.03122 3
      vertex -11.7916 2.40593 3
    endloop
  endfacet
  facet normal 0 0 1
    outer loop
      vertex -11.3671 -1.03122 3
      vertex -13.8292 2.6084 3
      vertex -11.6912 -1.62814 3
    endloop
  endfacet
  facet normal -0 0 1
    outer loop
      vertex -16.0693 2.47182 3
      vertex -11.6912 -1.62814 3
      vertex -13.8292 2.6084 3
    endloop
  endfacet
  facet normal 0 0 1
    outer loop
      vertex -11.6912 -1.62814 3
      vertex -16.0693 2.47182 3
      vertex -12.5533 -4.04807 3
    endloop
  endfacet
  facet normal -0 0 1
    outer loop
      vertex -18.4618 1.94535 3
      vertex -12.5533 -4.04807 3
      vertex -16.0693 2.47182 3
    endloop
  endfacet
  facet normal 0 0 1
    outer loop
      vertex -12.4774 -20.5798 3
      vertex -13.6532 -22.2849 3
      vertex -13.636 -22.5925 3
    endloop
  endfacet
  facet normal 0 0 1
    outer loop
      vertex -13.2146 -13.6497 3
      vertex -13.7046 -22.0012 3
      vertex -13.6532 -22.2849 3
    endloop
  endfacet
  facet normal 0 0 1
    outer loop
      vertex -13.2146 -13.6497 3
      vertex -13.7903 -21.7416 3
      vertex -13.7046 -22.0012 3
    endloop
  endfacet
  facet normal 0 0 1
    outer loop
      vertex -23.8475 -0.569225 3
      vertex -13.4816 -10.8329 3
      vertex -13.4709 -10.4228 3
    endloop
  endfacet
  facet normal 0 0 1
    outer loop
      vertex -12.5533 -4.04807 3
      vertex -18.4618 1.94535 3
      vertex -12.7501 -4.60382 3
    endloop
  endfacet
  facet normal -0 0 1
    outer loop
      vertex -20.9451 0.988261 3
      vertex -12.7501 -4.60382 3
      vertex -18.4618 1.94535 3
    endloop
  endfacet
  facet normal 0 0 1
    outer loop
      vertex -12.7501 -4.60382 3
      vertex -20.9451 0.988261 3
      vertex -13.254 -7.20116 3
    endloop
  endfacet
  facet normal 0 0 1
    outer loop
      vertex -13.2146 -13.6497 3
      vertex -13.9103 -21.506 3
      vertex -13.7903 -21.7416 3
    endloop
  endfacet
  facet normal 0 0 1
    outer loop
      vertex -13.2146 -13.6497 3
      vertex -14.0646 -21.2944 3
      vertex -13.9103 -21.506 3
    endloop
  endfacet
  facet normal 0 0 1
    outer loop
      vertex -13.2146 -13.6497 3
      vertex -14.2532 -21.1067 3
      vertex -14.0646 -21.2944 3
    endloop
  endfacet
  facet normal 0 0 1
    outer loop
      vertex -13.2146 -13.6497 3
      vertex -14.473 -20.9457 3
      vertex -14.2532 -21.1067 3
    endloop
  endfacet
  facet normal 0 0 1
    outer loop
      vertex -13.2146 -13.6497 3
      vertex -14.721 -20.814 3
      vertex -14.473 -20.9457 3
    endloop
  endfacet
  facet normal 0 0 1
    outer loop
      vertex -13.2146 -13.6497 3
      vertex -14.9972 -20.7115 3
      vertex -14.721 -20.814 3
    endloop
  endfacet
  facet normal 0 0 1
    outer loop
      vertex -13.2146 -13.6497 3
      vertex -15.3017 -20.6383 3
      vertex -14.9972 -20.7115 3
    endloop
  endfacet
  facet normal 0 0 1
    outer loop
      vertex -13.2146 -13.6497 3
      vertex -15.6344 -20.5944 3
      vertex -15.3017 -20.6383 3
    endloop
  endfacet
  facet normal -0 0 1
    outer loop
      vertex -23.4514 -0.428959 3
      vertex -13.254 -7.20116 3
      vertex -20.9451 0.988261 3
    endloop
  endfacet
  facet normal 0 0 1
    outer loop
      vertex -13.254 -7.20116 3
      vertex -23.4514 -0.428959 3
      vertex -13.3451 -7.69269 3
    endloop
  endfacet
  facet normal 0 0 1
    outer loop
      vertex -13.2146 -13.6497 3
      vertex -15.9953 -20.5798 3
      vertex -15.6344 -20.5944 3
    endloop
  endfacet
  facet normal -0 0 1
    outer loop
      vertex -23.5755 -0.496346 3
      vertex -13.3451 -7.69269 3
      vertex -23.4514 -0.428959 3
    endloop
  endfacet
  facet normal 0 0 1
    outer loop
      vertex -18.8101 -20.5798 3
      vertex -19.896 -23.8931 3
      vertex -18.8101 -27.2681 3
    endloop
  endfacet
  facet normal -0 0 1
    outer loop
      vertex -23.7086 -0.543488 3
      vertex -13.3451 -7.69269 3
      vertex -23.5755 -0.496346 3
    endloop
  endfacet
  facet normal 0 0 1
    outer loop
      vertex -18.8101 -20.5798 3
      vertex -19.907 -23.5496 3
      vertex -19.896 -23.8931 3
    endloop
  endfacet
  facet normal 0 0 1
    outer loop
      vertex -18.8101 -20.5798 3
      vertex -19.9401 -23.2217 3
      vertex -19.907 -23.5496 3
    endloop
  endfacet
  facet normal 0 0 1
    outer loop
      vertex -18.8101 -20.5798 3
      vertex -19.9951 -22.9093 3
      vertex -19.9401 -23.2217 3
    endloop
  endfacet
  facet normal 0 0 1
    outer loop
      vertex -18.8101 -20.5798 3
      vertex -20.0722 -22.6125 3
      vertex -19.9951 -22.9093 3
    endloop
  endfacet
  facet normal 0 0 1
    outer loop
      vertex -18.8101 -20.5798 3
      vertex -20.1713 -22.3313 3
      vertex -20.0722 -22.6125 3
    endloop
  endfacet
  facet normal 0 0 1
    outer loop
      vertex -18.8101 -20.5798 3
      vertex -20.2924 -22.0656 3
      vertex -20.1713 -22.3313 3
    endloop
  endfacet
  facet normal 0 0 1
    outer loop
      vertex -18.8101 -20.5798 3
      vertex -20.4344 -21.8179 3
      vertex -20.2924 -22.0656 3
    endloop
  endfacet
  facet normal 0 0 1
    outer loop
      vertex -18.8101 -20.5798 3
      vertex -20.5959 -21.5906 3
      vertex -20.4344 -21.8179 3
    endloop
  endfacet
  facet normal 0 0 1
    outer loop
      vertex -18.8101 -20.5798 3
      vertex -20.7772 -21.3838 3
      vertex -20.5959 -21.5906 3
    endloop
  endfacet
  facet normal 0 0 1
    outer loop
      vertex -13.2146 -13.6497 3
      vertex -18.8101 -20.5798 3
      vertex -15.9953 -20.5798 3
    endloop
  endfacet
  facet normal 0 0 1
    outer loop
      vertex -18.8101 -20.5798 3
      vertex -20.9781 -21.1974 3
      vertex -20.7772 -21.3838 3
    endloop
  endfacet
  facet normal 0 0 1
    outer loop
      vertex -18.8101 -20.5798 3
      vertex -21.1986 -21.0315 3
      vertex -20.9781 -21.1974 3
    endloop
  endfacet
  facet normal 0 0 1
    outer loop
      vertex -18.8101 -20.5798 3
      vertex -21.4388 -20.886 3
      vertex -21.1986 -21.0315 3
    endloop
  endfacet
  facet normal 0 0 1
    outer loop
      vertex -18.8101 -20.5798 3
      vertex -21.6963 -20.7619 3
      vertex -21.4388 -20.886 3
    endloop
  endfacet
  facet normal 0 0 1
    outer loop
      vertex -13.3451 -7.69269 3
      vertex -23.7086 -0.543488 3
      vertex -13.4709 -10.4228 3
    endloop
  endfacet
  facet normal 0 0 1
    outer loop
      vertex -18.8101 -20.5798 3
      vertex -21.9689 -20.6605 3
      vertex -21.6963 -20.7619 3
    endloop
  endfacet
  facet normal -0 0 1
    outer loop
      vertex -23.8475 -0.569225 3
      vertex -13.4709 -10.4228 3
      vertex -23.7086 -0.543488 3
    endloop
  endfacet
  facet normal 0 0 1
    outer loop
      vertex -18.8101 -20.5798 3
      vertex -22.2564 -20.5816 3
      vertex -21.9689 -20.6605 3
    endloop
  endfacet
  facet normal 0 0 1
    outer loop
      vertex -13.2146 -13.6497 3
      vertex -22.2564 -20.5816 3
      vertex -18.8101 -20.5798 3
    endloop
  endfacet
  facet normal 0 0 1
    outer loop
      vertex -13.4816 -10.8329 3
      vertex -22.559 -20.5252 3
      vertex -22.2564 -20.5816 3
    endloop
  endfacet
  facet normal 0 0 1
    outer loop
      vertex -13.4816 -10.8329 3
      vertex -22.8767 -20.4914 3
      vertex -22.559 -20.5252 3
    endloop
  endfacet
  facet normal 0 0 1
    outer loop
      vertex -13.4816 -10.8329 3
      vertex -23.8475 -0.569225 3
      vertex -23.2093 -20.4801 3
    endloop
  endfacet
  facet normal 0 0 1
    outer loop
      vertex -13.4816 -10.8329 3
      vertex -23.2093 -20.4801 3
      vertex -22.8767 -20.4914 3
    endloop
  endfacet
  facet normal -0 0 1
    outer loop
      vertex -23.9886 -0.572922 3
      vertex -23.2093 -20.4801 3
      vertex -23.8475 -0.569225 3
    endloop
  endfacet
  facet normal 0 0 1
    outer loop
      vertex -23.2093 -20.4801 3
      vertex -23.9886 -0.572922 3
      vertex -23.7124 -20.5052 3
    endloop
  endfacet
  facet normal 0 0 1
    outer loop
      vertex -24.1287 -0.554488 3
      vertex -23.7124 -20.5052 3
      vertex -23.9886 -0.572922 3
    endloop
  endfacet
  facet normal 0 0 1
    outer loop
      vertex -24.1287 -0.554488 3
      vertex -24.1772 -20.5806 3
      vertex -23.7124 -20.5052 3
    endloop
  endfacet
  facet normal 0 0 1
    outer loop
      vertex -24.2641 -0.514377 3
      vertex -24.1772 -20.5806 3
      vertex -24.1287 -0.554488 3
    endloop
  endfacet
  facet normal 0 0 1
    outer loop
      vertex -24.6038 -20.7062 3
      vertex -24.2641 -0.514377 3
      vertex -24.3915 -0.453578 3
    endloop
  endfacet
  facet normal 0 0 1
    outer loop
      vertex -24.9921 -20.882 3
      vertex -24.3915 -0.453578 3
      vertex -24.5079 -0.373586 3
    endloop
  endfacet
  facet normal 0 0 1
    outer loop
      vertex -24.2641 -0.514377 3
      vertex -24.6038 -20.7062 3
      vertex -24.1772 -20.5806 3
    endloop
  endfacet
  facet normal 0 0 1
    outer loop
      vertex -25.3422 -21.1081 3
      vertex -24.5079 -0.373586 3
      vertex -24.6104 -0.276373 3
    endloop
  endfacet
  facet normal 0 0 1
    outer loop
      vertex -25.654 -21.3844 3
      vertex -24.6104 -0.276373 3
      vertex -24.6963 -0.164331 3
    endloop
  endfacet
  facet normal 0 0 1
    outer loop
      vertex -25.9223 -21.7053 3
      vertex -24.6963 -0.164331 3
      vertex -24.7637 -0.0402182 3
    endloop
  endfacet
  facet normal 0 0 1
    outer loop
      vertex -71.9783 -0.494427 3
      vertex -24.7637 -0.0402182 3
      vertex -24.8109 0.0929081 3
    endloop
  endfacet
  facet normal 0 0 1
    outer loop
      vertex -71.9197 -0.250295 3
      vertex -24.8109 0.0929081 3
      vertex -24.8366 0.231769 3
    endloop
  endfacet
  facet normal 0 0 1
    outer loop
      vertex -71.9 0 3
      vertex -24.8366 0.231769 3
      vertex -24.8403 0.372947 3
    endloop
  endfacet
  facet normal 0 0 1
    outer loop
      vertex -24.3915 -0.453578 3
      vertex -24.9921 -20.882 3
      vertex -24.6038 -20.7062 3
    endloop
  endfacet
  facet normal 0 0 1
    outer loop
      vertex -5.06396 10.6151 3
      vertex -5.04341 10.2929 3
      vertex -5.03334 10.2899 3
    endloop
  endfacet
  facet normal 0 0 1
    outer loop
      vertex -5.80573 10.3933 3
      vertex -5.06396 10.6151 3
      vertex -5.54427 12.4148 3
    endloop
  endfacet
  facet normal 0 0 1
    outer loop
      vertex -5.06396 10.6151 3
      vertex -5.80573 10.3933 3
      vertex -5.04341 10.2929 3
    endloop
  endfacet
  facet normal 0 0 1
    outer loop
      vertex -8.30869 10.3286 3
      vertex -5.54427 12.4148 3
      vertex -6.38771 14.2807 3
    endloop
  endfacet
  facet normal 0 0 1
    outer loop
      vertex -8.98769 10.3108 3
      vertex -6.38771 14.2807 3
      vertex -7.62604 16.1523 3
    endloop
  endfacet
  facet normal 0 0 1
    outer loop
      vertex -5.54427 12.4148 3
      vertex -8.30869 10.3286 3
      vertex -5.80573 10.3933 3
    endloop
  endfacet
  facet normal 0 0 1
    outer loop
      vertex -6.38771 14.2807 3
      vertex -8.98769 10.3108 3
      vertex -8.30869 10.3286 3
    endloop
  endfacet
  facet normal 0 0 1
    outer loop
      vertex -11.5144 9.84745 3
      vertex -7.62604 16.1523 3
      vertex -9.27825 17.9611 3
    endloop
  endfacet
  facet normal 0 0 1
    outer loop
      vertex -12.0941 9.74001 3
      vertex -9.27825 17.9611 3
      vertex -11.3488 19.6332 3
    endloop
  endfacet
  facet normal 0 0 1
    outer loop
      vertex -7.62604 16.1523 3
      vertex -11.5144 9.84745 3
      vertex -8.98769 10.3108 3
    endloop
  endfacet
  facet normal 0 0 1
    outer loop
      vertex -9.27825 17.9611 3
      vertex -12.0941 9.74001 3
      vertex -11.5144 9.84745 3
    endloop
  endfacet
  facet normal 0 0 1
    outer loop
      vertex -14.5954 8.87769 3
      vertex -11.3488 19.6332 3
      vertex -13.8292 21.095 3
    endloop
  endfacet
  facet normal 0 0 1
    outer loop
      vertex -15.0666 8.71082 3
      vertex -13.8292 21.095 3
      vertex -13.9496 21.1688 3
    endloop
  endfacet
  facet normal 0 0 1
    outer loop
      vertex -15.0666 8.71082 3
      vertex -13.9496 21.1688 3
      vertex -14.057 21.2605 3
    endloop
  endfacet
  facet normal 0 0 1
    outer loop
      vertex -17.4939 7.45469 3
      vertex -14.057 21.2605 3
      vertex -14.1487 21.3679 3
    endloop
  endfacet
  facet normal 0 0 1
    outer loop
      vertex -17.8544 7.25895 3
      vertex -14.1487 21.3679 3
      vertex -14.2225 21.4883 3
    endloop
  endfacet
  facet normal 0 0 1
    outer loop
      vertex -17.8544 7.25895 3
      vertex -14.2225 21.4883 3
      vertex -14.2766 21.6188 3
    endloop
  endfacet
  facet normal 0 0 1
    outer loop
      vertex -20.1604 5.6193 3
      vertex -14.2766 21.6188 3
      vertex -14.3095 21.7561 3
    endloop
  endfacet
  facet normal 0 0 1
    outer loop
      vertex -11.3488 19.6332 3
      vertex -14.5954 8.87769 3
      vertex -12.0941 9.74001 3
    endloop
  endfacet
  facet normal 0 0 1
    outer loop
      vertex -20.4147 5.42415 3
      vertex -14.3095 21.7561 3
      vertex -14.3206 21.8969 3
    endloop
  endfacet
  facet normal -0 0 1
    outer loop
      vertex -11.5708 -21.3203 3
      vertex -7.68788 -23.4659 3
      vertex -7.40306 -21.3203 3
    endloop
  endfacet
  facet normal 0 0 1
    outer loop
      vertex -7.68788 -23.4659 3
      vertex -11.5708 -21.3203 3
      vertex -11.5708 -23.4659 3
    endloop
  endfacet
  facet normal 0 0 1
    outer loop
      vertex -7.40306 -21.3203 3
      vertex -6.14476 -20.5798 3
      vertex -7.40306 -20.5798 3
    endloop
  endfacet
  facet normal 0 0 1
    outer loop
      vertex -8.44327 -11.6805 3
      vertex -2.70356 -9.93898 3
      vertex -7.4415 -9.67225 3
    endloop
  endfacet
  facet normal 0 0 1
    outer loop
      vertex -9.18358 -14.0157 3
      vertex -2.70356 -9.93898 3
      vertex -8.44327 -11.6805 3
    endloop
  endfacet
  facet normal 0 0 1
    outer loop
      vertex -2.70356 -9.93898 3
      vertex -9.18358 -14.0157 3
      vertex -7.40306 -20.5798 3
    endloop
  endfacet
  facet normal -0 0 1
    outer loop
      vertex -9.59638 -16.6449 3
      vertex -7.40306 -20.5798 3
      vertex -9.18358 -14.0157 3
    endloop
  endfacet
  facet normal -0 0 1
    outer loop
      vertex -9.62214 -19.524 3
      vertex -7.40306 -20.5798 3
      vertex -9.59638 -16.6449 3
    endloop
  endfacet
  facet normal -0 0 1
    outer loop
      vertex -9.62584 -19.6651 3
      vertex -7.40306 -20.5798 3
      vertex -9.62214 -19.524 3
    endloop
  endfacet
  facet normal -0 0 1
    outer loop
      vertex -9.65157 -19.804 3
      vertex -7.40306 -20.5798 3
      vertex -9.62584 -19.6651 3
    endloop
  endfacet
  facet normal -0 0 1
    outer loop
      vertex -9.69872 -19.9371 3
      vertex -7.40306 -20.5798 3
      vertex -9.65157 -19.804 3
    endloop
  endfacet
  facet normal -0 0 1
    outer loop
      vertex -9.7661 -20.0612 3
      vertex -7.40306 -20.5798 3
      vertex -9.69872 -19.9371 3
    endloop
  endfacet
  facet normal -0 0 1
    outer loop
      vertex -9.85208 -20.1733 3
      vertex -7.40306 -20.5798 3
      vertex -9.7661 -20.0612 3
    endloop
  endfacet
  facet normal -0 0 1
    outer loop
      vertex -9.95452 -20.2705 3
      vertex -7.40306 -20.5798 3
      vertex -9.85208 -20.1733 3
    endloop
  endfacet
  facet normal -0 0 1
    outer loop
      vertex -10.0709 -20.3505 3
      vertex -7.40306 -20.5798 3
      vertex -9.95452 -20.2705 3
    endloop
  endfacet
  facet normal -0 0 1
    outer loop
      vertex -10.1984 -20.4113 3
      vertex -7.40306 -20.5798 3
      vertex -10.0709 -20.3505 3
    endloop
  endfacet
  facet normal -0 0 1
    outer loop
      vertex -10.3338 -20.4514 3
      vertex -7.40306 -20.5798 3
      vertex -10.1984 -20.4113 3
    endloop
  endfacet
  facet normal -0 0 1
    outer loop
      vertex -10.4738 -20.4698 3
      vertex -7.40306 -20.5798 3
      vertex -10.3338 -20.4514 3
    endloop
  endfacet
  facet normal 0 0 1
    outer loop
      vertex -12.4774 -20.5798 3
      vertex -10.4738 -20.4698 3
      vertex -10.615 -20.4661 3
    endloop
  endfacet
  facet normal 0 0 1
    outer loop
      vertex -10.4738 -20.4698 3
      vertex -12.4774 -20.5798 3
      vertex -7.40306 -20.5798 3
    endloop
  endfacet
  facet normal 0 0 1
    outer loop
      vertex -10.7538 -20.4404 3
      vertex -12.4774 -20.5798 3
      vertex -10.615 -20.4661 3
    endloop
  endfacet
  facet normal 0 0 1
    outer loop
      vertex -10.887 -20.3932 3
      vertex -12.4774 -20.5798 3
      vertex -10.7538 -20.4404 3
    endloop
  endfacet
  facet normal 0 0 1
    outer loop
      vertex -11.0111 -20.3259 3
      vertex -12.4774 -20.5798 3
      vertex -10.887 -20.3932 3
    endloop
  endfacet
  facet normal 0 0 1
    outer loop
      vertex -11.1231 -20.2399 3
      vertex -12.4774 -20.5798 3
      vertex -11.0111 -20.3259 3
    endloop
  endfacet
  facet normal 0 0 1
    outer loop
      vertex -11.2203 -20.1374 3
      vertex -12.4774 -20.5798 3
      vertex -11.1231 -20.2399 3
    endloop
  endfacet
  facet normal 0 0 1
    outer loop
      vertex -11.3003 -20.0211 3
      vertex -12.4774 -20.5798 3
      vertex -11.2203 -20.1374 3
    endloop
  endfacet
  facet normal 0 0 1
    outer loop
      vertex -11.3611 -19.8936 3
      vertex -12.4774 -20.5798 3
      vertex -11.3003 -20.0211 3
    endloop
  endfacet
  facet normal 0 0 1
    outer loop
      vertex -12.4377 -17.0453 3
      vertex -12.4774 -20.5798 3
      vertex -11.3611 -19.8936 3
    endloop
  endfacet
  facet normal 0 0 1
    outer loop
      vertex -13.6532 -22.2849 3
      vertex -12.4774 -20.5798 3
      vertex -12.4377 -17.0453 3
    endloop
  endfacet
  facet normal 0 0 1
    outer loop
      vertex -13.6532 -22.2849 3
      vertex -12.4377 -17.0453 3
      vertex -12.5032 -16.8239 3
    endloop
  endfacet
  facet normal 0 0 1
    outer loop
      vertex -7.68788 -23.4659 3
      vertex -6.14476 -20.5798 3
      vertex -7.40306 -21.3203 3
    endloop
  endfacet
  facet normal 0 0 1
    outer loop
      vertex -7.68788 -24.1969 3
      vertex -6.14476 -20.5798 3
      vertex -7.68788 -23.4659 3
    endloop
  endfacet
  facet normal 0 0 1
    outer loop
      vertex -6.14476 -20.5798 3
      vertex -7.68788 -24.1969 3
      vertex -7.20847 -26.5276 3
    endloop
  endfacet
  facet normal 0 0 1
    outer loop
      vertex -11.5708 -26.5276 3
      vertex -7.68788 -24.1969 3
      vertex -11.5708 -24.1969 3
    endloop
  endfacet
  facet normal 0 0 1
    outer loop
      vertex -7.68788 -24.1969 3
      vertex -11.5708 -26.5276 3
      vertex -7.20847 -26.5276 3
    endloop
  endfacet
  facet normal 0 0 1
    outer loop
      vertex -5.09097 -20.5798 3
      vertex -0.655984 -12.3438 3
      vertex -1.03888 -11.8955 3
    endloop
  endfacet
  facet normal 0 0 1
    outer loop
      vertex -0.655984 -12.3438 3
      vertex -1.53084 -20.5798 3
      vertex -0.714355 -20.5798 3
    endloop
  endfacet
  facet normal 0 0 1
    outer loop
      vertex -0.655984 -12.3438 3
      vertex -5.09097 -20.5798 3
      vertex -1.53084 -20.5798 3
    endloop
  endfacet
  facet normal 0 0 1
    outer loop
      vertex -5.09097 -20.5798 3
      vertex -1.03888 -11.8955 3
      vertex -2.70356 -9.93898 3
    endloop
  endfacet
  facet normal 0 0 1
    outer loop
      vertex -1.53084 -20.5798 3
      vertex -5.09097 -20.5798 3
      vertex -1.53084 -24.9659 3
    endloop
  endfacet
  facet normal 0 0 1
    outer loop
      vertex -1.53084 -24.9659 3
      vertex -5.09097 -20.5798 3
      vertex -1.52927 -25.1194 3
    endloop
  endfacet
  facet normal 0 0 1
    outer loop
      vertex -1.52927 -25.1194 3
      vertex -5.09097 -20.5798 3
      vertex -1.52451 -25.3013 3
    endloop
  endfacet
  facet normal 0 0 1
    outer loop
      vertex -1.52451 -25.3013 3
      vertex -5.09097 -20.5798 3
      vertex -1.5166 -25.5118 3
    endloop
  endfacet
  facet normal 0 0 1
    outer loop
      vertex -1.5166 -25.5118 3
      vertex -5.09097 -20.5798 3
      vertex -1.50552 -25.7507 3
    endloop
  endfacet
  facet normal 0 0 1
    outer loop
      vertex -1.50552 -25.7507 3
      vertex -5.09097 -20.5798 3
      vertex -1.49127 -26.0181 3
    endloop
  endfacet
  facet normal 0 0 1
    outer loop
      vertex -7.4415 -9.67225 3
      vertex -3.05845 -9.35984 3
      vertex -6.24736 -8.00889 3
    endloop
  endfacet
  facet normal -0 0 1
    outer loop
      vertex -6.24736 -8.00889 3
      vertex -3.05845 -9.35984 3
      vertex -4.36593 -7.22455 3
    endloop
  endfacet
  facet normal -0 0 1
    outer loop
      vertex -4.9289 -6.69306 3
      vertex -4.36593 -7.22455 3
      vertex -4.66018 -6.51418 3
    endloop
  endfacet
  facet normal 0 0 1
    outer loop
      vertex -4.9289 -6.69306 3
      vertex -4.66018 -6.51418 3
      vertex -4.66263 -6.50397 3
    endloop
  endfacet
  facet normal 0 0 1
    outer loop
      vertex -4.36593 -7.22455 3
      vertex -4.9289 -6.69306 3
      vertex -6.24736 -8.00889 3
    endloop
  endfacet
  facet normal 0 0 1
    outer loop
      vertex -1.49127 -26.0181 3
      vertex -5.09097 -20.5798 3
      vertex -1.47386 -26.314 3
    endloop
  endfacet
  facet normal 0 0 1
    outer loop
      vertex -3.05845 -9.35984 3
      vertex -7.4415 -9.67225 3
      vertex -2.70356 -9.93898 3
    endloop
  endfacet
  facet normal 0 0 1
    outer loop
      vertex -2.70356 -9.93898 3
      vertex -7.40306 -20.5798 3
      vertex -6.14476 -20.5798 3
    endloop
  endfacet
  facet normal 0 0 1
    outer loop
      vertex -2.70356 -9.93898 3
      vertex -6.14476 -20.5798 3
      vertex -5.09097 -20.5798 3
    endloop
  endfacet
  facet normal 0 0 1
    outer loop
      vertex -1.80615 -27.2681 3
      vertex -5.36153 -22.0323 3
      vertex -5.3378 -22.825 3
    endloop
  endfacet
  facet normal -0 -0 1
    outer loop
      vertex -5.36153 -22.0323 3
      vertex -1.80615 -27.2681 3
      vertex -5.38525 -21.5719 3
    endloop
  endfacet
  facet normal 0 0 1
    outer loop
      vertex 7.56825 -20.5798 3
      vertex 6.50291 -22.1368 3
      vertex 6.56459 -25.5972 3
    endloop
  endfacet
  facet normal 0 0 1
    outer loop
      vertex 7.56825 -20.5798 3
      vertex 6.38002 -21.8743 3
      vertex 6.50291 -22.1368 3
    endloop
  endfacet
  facet normal 0 0 1
    outer loop
      vertex 7.56825 -20.5798 3
      vertex 6.23602 -21.6341 3
      vertex 6.38002 -21.8743 3
    endloop
  endfacet
  facet normal 0 0 1
    outer loop
      vertex 7.56825 -20.5798 3
      vertex 6.07092 -21.4164 3
      vertex 6.23602 -21.6341 3
    endloop
  endfacet
  facet normal 0 0 1
    outer loop
      vertex 7.56825 -20.5798 3
      vertex 5.88474 -21.2211 3
      vertex 6.07092 -21.4164 3
    endloop
  endfacet
  facet normal 0 0 1
    outer loop
      vertex 7.56825 -20.5798 3
      vertex 5.67744 -21.0483 3
      vertex 5.88474 -21.2211 3
    endloop
  endfacet
  facet normal 0 0 1
    outer loop
      vertex 7.56825 -20.5798 3
      vertex 5.44907 -20.8979 3
      vertex 5.67744 -21.0483 3
    endloop
  endfacet
  facet normal 0 0 1
    outer loop
      vertex 6.94577 -17.269 3
      vertex 5.20039 -20.7702 3
      vertex 5.44907 -20.8979 3
    endloop
  endfacet
  facet normal 0 0 1
    outer loop
      vertex 6.94577 -17.269 3
      vertex 4.93221 -20.6658 3
      vertex 5.20039 -20.7702 3
    endloop
  endfacet
  facet normal 0 0 1
    outer loop
      vertex 6.94577 -17.269 3
      vertex 4.6445 -20.5845 3
      vertex 4.93221 -20.6658 3
    endloop
  endfacet
  facet normal 0 0 1
    outer loop
      vertex 4.37284 -16.0919 3
      vertex 4.6445 -20.5845 3
      vertex 6.94577 -17.269 3
    endloop
  endfacet
  facet normal 0 0 1
    outer loop
      vertex 4.37284 -16.0919 3
      vertex 4.33728 -20.5265 3
      vertex 4.6445 -20.5845 3
    endloop
  endfacet
  facet normal 0 0 1
    outer loop
      vertex 3.17323 -20.5053 3
      vertex 4.37284 -16.0919 3
      vertex 4.02306 -15.8775 3
    endloop
  endfacet
  facet normal 0 0 1
    outer loop
      vertex 4.37284 -16.0919 3
      vertex 4.01054 -20.4917 3
      vertex 4.33728 -20.5265 3
    endloop
  endfacet
  facet normal 0 0 1
    outer loop
      vertex 4.37284 -16.0919 3
      vertex 3.66428 -20.4801 3
      vertex 4.01054 -20.4917 3
    endloop
  endfacet
  facet normal 0 0 1
    outer loop
      vertex 4.37284 -16.0919 3
      vertex 3.17323 -20.5053 3
      vertex 3.66428 -20.4801 3
    endloop
  endfacet
  facet normal 0 0 1
    outer loop
      vertex 4.02306 -15.8775 3
      vertex 2.7191 -20.5808 3
      vertex 3.17323 -20.5053 3
    endloop
  endfacet
  facet normal 0 0 1
    outer loop
      vertex 4.02306 -15.8775 3
      vertex 2.3019 -20.7068 3
      vertex 2.7191 -20.5808 3
    endloop
  endfacet
  facet normal 0 0 1
    outer loop
      vertex 1.72158 -14.4035 3
      vertex 2.3019 -20.7068 3
      vertex 4.02306 -15.8775 3
    endloop
  endfacet
  facet normal -0 0 1
    outer loop
      vertex -0.714355 -20.5798 3
      vertex 2.3019 -20.7068 3
      vertex 1.72158 -14.4035 3
    endloop
  endfacet
  facet normal 0 0 1
    outer loop
      vertex 2.3019 -20.7068 3
      vertex -0.714355 -20.5798 3
      vertex 1.92162 -20.883 3
    endloop
  endfacet
  facet normal 0 0 1
    outer loop
      vertex -0.714355 -20.5798 3
      vertex 1.72158 -14.4035 3
      vertex 1.34146 -14.0789 3
    endloop
  endfacet
  facet normal 0 0 1
    outer loop
      vertex 1.92162 -20.883 3
      vertex -0.714355 -20.5798 3
      vertex 1.57826 -21.1097 3
    endloop
  endfacet
  facet normal 0 0 1
    outer loop
      vertex 1.57826 -21.1097 3
      vertex -0.714355 -20.5798 3
      vertex 1.27182 -21.3867 3
    endloop
  endfacet
  facet normal 0 0 1
    outer loop
      vertex 1.27182 -21.3867 3
      vertex -0.714355 -20.5798 3
      vertex 1.00786 -21.7082 3
    endloop
  endfacet
  facet normal 0 0 1
    outer loop
      vertex 1.00786 -21.7082 3
      vertex -0.714355 -20.5798 3
      vertex 0.791885 -22.0682 3
    endloop
  endfacet
  facet normal 0 0 1
    outer loop
      vertex 0.791885 -22.0682 3
      vertex -0.714355 -20.5798 3
      vertex 0.623917 -22.4666 3
    endloop
  endfacet
  facet normal 0 0 1
    outer loop
      vertex 0.623917 -22.4666 3
      vertex -0.714355 -20.5798 3
      vertex 0.503937 -22.9036 3
    endloop
  endfacet
  facet normal 0 0 1
    outer loop
      vertex 0.503937 -22.9036 3
      vertex -0.714355 -20.5798 3
      vertex 0.431946 -23.3791 3
    endloop
  endfacet
  facet normal 0 0 1
    outer loop
      vertex -0.714355 -20.5798 3
      vertex 1.34146 -14.0789 3
      vertex -0.655984 -12.3438 3
    endloop
  endfacet
  facet normal 0 0 1
    outer loop
      vertex 6.50291 -22.1368 3
      vertex 5.82413 -25.227 3
      vertex 6.56459 -25.5972 3
    endloop
  endfacet
  facet normal -0 0 1
    outer loop
      vertex 5.64374 -22.4215 3
      vertex 5.82413 -25.227 3
      vertex 6.50291 -22.1368 3
    endloop
  endfacet
  facet normal -0 0 1
    outer loop
      vertex 1.3288 -23.8931 3
      vertex 5.82413 -25.227 3
      vertex 5.64374 -22.4215 3
    endloop
  endfacet
  facet normal 0 0 1
    outer loop
      vertex 4.33301 -21.2978 3
      vertex 5.64374 -22.4215 3
      vertex 5.55835 -22.2346 3
    endloop
  endfacet
  facet normal 0 0 1
    outer loop
      vertex 4.33301 -21.2978 3
      vertex 5.55835 -22.2346 3
      vertex 5.45728 -22.0629 3
    endloop
  endfacet
  facet normal 0 0 1
    outer loop
      vertex 4.33301 -21.2978 3
      vertex 5.45728 -22.0629 3
      vertex 5.34052 -21.9065 3
    endloop
  endfacet
  facet normal -0 -0 1
    outer loop
      vertex 1.34666 -24.2895 3
      vertex 5.82413 -25.227 3
      vertex 1.3288 -23.8931 3
    endloop
  endfacet
  facet normal 0 0 1
    outer loop
      vertex 4.33301 -21.2978 3
      vertex 5.34052 -21.9065 3
      vertex 5.20805 -21.7654 3
    endloop
  endfacet
  facet normal 0 0 1
    outer loop
      vertex 4.33301 -21.2978 3
      vertex 5.20805 -21.7654 3
      vertex 5.05991 -21.6397 3
    endloop
  endfacet
  facet normal -0 -0 1
    outer loop
      vertex 1.40025 -24.6592 3
      vertex 5.82413 -25.227 3
      vertex 1.34666 -24.2895 3
    endloop
  endfacet
  facet normal 0 0 1
    outer loop
      vertex 4.33301 -21.2978 3
      vertex 5.05991 -21.6397 3
      vertex 4.89607 -21.5292 3
    endloop
  endfacet
  facet normal 0 0 1
    outer loop
      vertex 4.33301 -21.2978 3
      vertex 4.89607 -21.5292 3
      vertex 4.71906 -21.4349 3
    endloop
  endfacet
  facet normal 0 0 1
    outer loop
      vertex 5.82413 -25.227 3
      vertex 1.40025 -24.6592 3
      vertex 5.56898 -25.652 3
    endloop
  endfacet
  facet normal 0 0 1
    outer loop
      vertex 4.33301 -21.2978 3
      vertex 4.71906 -21.4349 3
      vertex 4.53137 -21.3578 3
    endloop
  endfacet
  facet normal 0 0 1
    outer loop
      vertex 5.64374 -22.4215 3
      vertex 4.33301 -21.2978 3
      vertex 4.12395 -21.2549 3
    endloop
  endfacet
  facet normal -0 -0 1
    outer loop
      vertex 1.48958 -25.0021 3
      vertex 5.56898 -25.652 3
      vertex 1.40025 -24.6592 3
    endloop
  endfacet
  facet normal 0 0 1
    outer loop
      vertex 5.64374 -22.4215 3
      vertex 4.12395 -21.2549 3
      vertex 3.90422 -21.2292 3
    endloop
  endfacet
  facet normal 0 0 1
    outer loop
      vertex 5.64374 -22.4215 3
      vertex 3.90422 -21.2292 3
      vertex 3.6738 -21.2206 3
    endloop
  endfacet
  facet normal 0 -0 1
    outer loop
      vertex 3.71173 -26.6178 3
      vertex 5.56898 -25.652 3
      vertex 1.48958 -25.0021 3
    endloop
  endfacet
  facet normal 0 0 1
    outer loop
      vertex 5.64374 -22.4215 3
      vertex 3.6738 -21.2206 3
      vertex 1.39735 -23.1228 3
    endloop
  endfacet
  facet normal 0 0 1
    outer loop
      vertex 5.56898 -25.652 3
      vertex 3.71173 -26.6178 3
      vertex 5.27507 -25.9997 3
    endloop
  endfacet
  facet normal 0 0 1
    outer loop
      vertex 1.48306 -22.7817 3
      vertex 3.6738 -21.2206 3
      vertex 3.31723 -21.2405 3
    endloop
  endfacet
  facet normal 0 0 1
    outer loop
      vertex 4.94238 -26.2701 3
      vertex 4.16072 -26.5792 3
      vertex 4.57094 -26.4633 3
    endloop
  endfacet
  facet normal 0 0 1
    outer loop
      vertex 1.60304 -22.4701 3
      vertex 3.31723 -21.2405 3
      vertex 2.9881 -21.3 3
    endloop
  endfacet
  facet normal 0 0 1
    outer loop
      vertex 5.27507 -25.9997 3
      vertex 4.16072 -26.5792 3
      vertex 4.94238 -26.2701 3
    endloop
  endfacet
  facet normal 0 0 1
    outer loop
      vertex 1.75731 -22.1879 3
      vertex 2.9881 -21.3 3
      vertex 2.68639 -21.3992 3
    endloop
  endfacet
  facet normal 0 -0 1
    outer loop
      vertex 4.16072 -26.5792 3
      vertex 5.27507 -25.9997 3
      vertex 3.71173 -26.6178 3
    endloop
  endfacet
  facet normal 0 0 1
    outer loop
      vertex 1.75731 -22.1879 3
      vertex 2.68639 -21.3992 3
      vertex 2.41211 -21.5381 3
    endloop
  endfacet
  facet normal 0 0 1
    outer loop
      vertex 3.71173 -26.6178 3
      vertex 1.48958 -25.0021 3
      vertex 3.35881 -26.597 3
    endloop
  endfacet
  facet normal 0 0 1
    outer loop
      vertex 1.75731 -22.1879 3
      vertex 2.41211 -21.5381 3
      vertex 2.16527 -21.7168 3
    endloop
  endfacet
  facet normal -0 -0 1
    outer loop
      vertex 1.61464 -25.3182 3
      vertex 3.35881 -26.597 3
      vertex 1.48958 -25.0021 3
    endloop
  endfacet
  facet normal 0 0 1
    outer loop
      vertex 1.75731 -22.1879 3
      vertex 2.16527 -21.7168 3
      vertex 1.94585 -21.935 3
    endloop
  endfacet
  facet normal -0 -0 1
    outer loop
      vertex 1.77544 -25.6076 3
      vertex 3.35881 -26.597 3
      vertex 1.61464 -25.3182 3
    endloop
  endfacet
  facet normal 0 0 1
    outer loop
      vertex 2.9881 -21.3 3
      vertex 1.75731 -22.1879 3
      vertex 1.60304 -22.4701 3
    endloop
  endfacet
  facet normal 0 0 1
    outer loop
      vertex 3.35881 -26.597 3
      vertex 1.77544 -25.6076 3
      vertex 3.03107 -26.5347 3
    endloop
  endfacet
  facet normal 0 0 1
    outer loop
      vertex 3.31723 -21.2405 3
      vertex 1.60304 -22.4701 3
      vertex 1.48306 -22.7817 3
    endloop
  endfacet
  facet normal 0 0 1
    outer loop
      vertex 2.45114 -26.2856 3
      vertex 1.97195 -25.8702 3
      vertex 2.19896 -26.0986 3
    endloop
  endfacet
  facet normal 0 0 1
    outer loop
      vertex 3.6738 -21.2206 3
      vertex 1.48306 -22.7817 3
      vertex 1.39735 -23.1228 3
    endloop
  endfacet
  facet normal 0 0 1
    outer loop
      vertex 2.72852 -26.4309 3
      vertex 1.97195 -25.8702 3
      vertex 2.45114 -26.2856 3
    endloop
  endfacet
  facet normal 0 0 1
    outer loop
      vertex 5.64374 -22.4215 3
      vertex 1.39735 -23.1228 3
      vertex 1.34593 -23.4932 3
    endloop
  endfacet
  facet normal -0 -0 1
    outer loop
      vertex 1.97195 -25.8702 3
      vertex 3.03107 -26.5347 3
      vertex 1.77544 -25.6076 3
    endloop
  endfacet
  facet normal 0 0 1
    outer loop
      vertex 5.64374 -22.4215 3
      vertex 1.34593 -23.4932 3
      vertex 1.3288 -23.8931 3
    endloop
  endfacet
  facet normal 0 0 1
    outer loop
      vertex 3.03107 -26.5347 3
      vertex 1.97195 -25.8702 3
      vertex 2.72852 -26.4309 3
    endloop
  endfacet
  facet normal 0 0 1
    outer loop
      vertex 7.24193 -17.3917 3
      vertex 8.4749 -20.5798 3
      vertex 10.0503 -18.2401 3
    endloop
  endfacet
  facet normal 0 0 1
    outer loop
      vertex 6.94577 -17.269 3
      vertex 7.56825 -20.5798 3
      vertex 7.24193 -17.3917 3
    endloop
  endfacet
  facet normal 0 0 1
    outer loop
      vertex 8.4749 -20.5798 3
      vertex 7.24193 -17.3917 3
      vertex 7.56825 -20.5798 3
    endloop
  endfacet
  facet normal 0 0 1
    outer loop
      vertex 18.0741 -20.5798 3
      vertex 14.3095 -17.7561 3
      vertex 14.3206 -17.8969 3
    endloop
  endfacet
  facet normal 0 0 1
    outer loop
      vertex 15.0666 -4.71082 3
      vertex 14.2766 -17.6188 3
      vertex 14.3095 -17.7561 3
    endloop
  endfacet
  facet normal 0 0 1
    outer loop
      vertex 15.0666 -4.71082 3
      vertex 14.2225 -17.4883 3
      vertex 14.2766 -17.6188 3
    endloop
  endfacet
  facet normal 0 0 1
    outer loop
      vertex 15.0666 -4.71082 3
      vertex 14.1487 -17.3679 3
      vertex 14.2225 -17.4883 3
    endloop
  endfacet
  facet normal 0 0 1
    outer loop
      vertex 15.0666 -4.71082 3
      vertex 14.057 -17.2605 3
      vertex 14.1487 -17.3679 3
    endloop
  endfacet
  facet normal 0 0 1
    outer loop
      vertex 15.0666 -4.71082 3
      vertex 13.9496 -17.1688 3
      vertex 14.057 -17.2605 3
    endloop
  endfacet
  facet normal 0 0 1
    outer loop
      vertex 15.0666 -4.71082 3
      vertex 13.8292 -17.095 3
      vertex 13.9496 -17.1688 3
    endloop
  endfacet
  facet normal 0 0 1
    outer loop
      vertex 11.3488 -15.6332 3
      vertex 14.5954 -4.87769 3
      vertex 12.0941 -5.74001 3
    endloop
  endfacet
  facet normal 0 0 1
    outer loop
      vertex 9.27825 -13.9611 3
      vertex 12.0941 -5.74001 3
      vertex 11.5144 -5.84745 3
    endloop
  endfacet
  facet normal 0 0 1
    outer loop
      vertex 14.5954 -4.87769 3
      vertex 11.3488 -15.6332 3
      vertex 13.8292 -17.095 3
    endloop
  endfacet
  facet normal 0 0 1
    outer loop
      vertex 12.0941 -5.74001 3
      vertex 9.27825 -13.9611 3
      vertex 11.3488 -15.6332 3
    endloop
  endfacet
  facet normal 0 0 1
    outer loop
      vertex 7.62604 -12.1523 3
      vertex 11.5144 -5.84745 3
      vertex 8.98769 -6.31084 3
    endloop
  endfacet
  facet normal 0 0 1
    outer loop
      vertex 6.38771 -10.2807 3
      vertex 8.98769 -6.31084 3
      vertex 8.30869 -6.32862 3
    endloop
  endfacet
  facet normal 0 0 1
    outer loop
      vertex 11.5144 -5.84745 3
      vertex 7.62604 -12.1523 3
      vertex 9.27825 -13.9611 3
    endloop
  endfacet
  facet normal 0 0 1
    outer loop
      vertex 8.98769 -6.31084 3
      vertex 6.38771 -10.2807 3
      vertex 7.62604 -12.1523 3
    endloop
  endfacet
  facet normal 0 0 1
    outer loop
      vertex 5.54427 -8.41482 3
      vertex 8.30869 -6.32862 3
      vertex 5.80573 -6.39328 3
    endloop
  endfacet
  facet normal 0 0 1
    outer loop
      vertex 8.30869 -6.32862 3
      vertex 5.54427 -8.41482 3
      vertex 6.38771 -10.2807 3
    endloop
  endfacet
  facet normal 0 0 1
    outer loop
      vertex 5.80573 -6.39328 3
      vertex 5.06396 -6.61508 3
      vertex 5.54427 -8.41482 3
    endloop
  endfacet
  facet normal 0 0 1
    outer loop
      vertex 5.04341 -6.29292 3
      vertex 5.06396 -6.61508 3
      vertex 5.80573 -6.39328 3
    endloop
  endfacet
  facet normal 0 0 1
    outer loop
      vertex 5.06396 -6.61508 3
      vertex 5.04341 -6.29292 3
      vertex 5.03334 -6.28994 3
    endloop
  endfacet
  facet normal -0 0 1
    outer loop
      vertex 12.7501 8.60382 3
      vertex 20.9451 3.01174 3
      vertex 13.254 11.2012 3
    endloop
  endfacet
  facet normal 0 0 1
    outer loop
      vertex 20.9451 3.01174 3
      vertex 12.7501 8.60382 3
      vertex 18.4618 2.05465 3
    endloop
  endfacet
  facet normal -0 0 1
    outer loop
      vertex 12.5533 8.04807 3
      vertex 18.4618 2.05465 3
      vertex 12.7501 8.60382 3
    endloop
  endfacet
  facet normal 0 0 1
    outer loop
      vertex 18.4618 2.05465 3
      vertex 12.5533 8.04807 3
      vertex 16.0693 1.52818 3
    endloop
  endfacet
  facet normal -0 0 1
    outer loop
      vertex 11.6912 5.62814 3
      vertex 16.0693 1.52818 3
      vertex 12.5533 8.04807 3
    endloop
  endfacet
  facet normal 0 0 1
    outer loop
      vertex 16.0693 1.52818 3
      vertex 11.6912 5.62814 3
      vertex 13.8292 1.3916 3
    endloop
  endfacet
  facet normal -0 0 1
    outer loop
      vertex 11.3671 5.03122 3
      vertex 13.8292 1.3916 3
      vertex 11.6912 5.62814 3
    endloop
  endfacet
  facet normal 0 0 1
    outer loop
      vertex 13.8292 1.3916 3
      vertex 11.3671 5.03122 3
      vertex 11.7916 1.59407 3
    endloop
  endfacet
  facet normal -0 0 1
    outer loop
      vertex 10.1717 2.83127 3
      vertex 11.7916 1.59407 3
      vertex 11.3671 5.03122 3
    endloop
  endfacet
  facet normal 0 0 1
    outer loop
      vertex 10.1717 2.83127 3
      vertex 9.99286 2.07798 3
      vertex 11.7916 1.59407 3
    endloop
  endfacet
  facet normal -0 0 1
    outer loop
      vertex 9.70359 2.22126 3
      vertex 9.99286 2.07798 3
      vertex 10.1717 2.83127 3
    endloop
  endfacet
  facet normal 0 0 1
    outer loop
      vertex 9.99286 2.07798 3
      vertex 9.70359 2.22126 3
      vertex 9.69597 2.21403 3
    endloop
  endfacet
  facet normal 0 0 1
    outer loop
      vertex 18.0741 -20.5798 3
      vertex 18.5163 -27.2681 3
      vertex 20.0441 -27.2681 3
    endloop
  endfacet
  facet normal 0 0 1
    outer loop
      vertex 14.3095 -17.7561 3
      vertex 19.0187 -20.5798 3
      vertex 22.1944 -20.5798 3
    endloop
  endfacet
  facet normal 0 0 1
    outer loop
      vertex 18.0741 -20.5798 3
      vertex 15.8296 -20.5798 3
      vertex 18.5163 -27.2681 3
    endloop
  endfacet
  facet normal 0 0 1
    outer loop
      vertex 14.3095 -17.7561 3
      vertex 18.0741 -20.5798 3
      vertex 19.0187 -20.5798 3
    endloop
  endfacet
  facet normal 0 0 1
    outer loop
      vertex 14.3095 -17.7561 3
      vertex 17.4939 -3.45469 3
      vertex 15.0666 -4.71082 3
    endloop
  endfacet
  facet normal 0 0 1
    outer loop
      vertex 18.0741 -20.5798 3
      vertex 14.3206 -17.8969 3
      vertex 15.8296 -20.5798 3
    endloop
  endfacet
  facet normal 0 0 1
    outer loop
      vertex 13.8292 -17.095 3
      vertex 15.0666 -4.71082 3
      vertex 14.5954 -4.87769 3
    endloop
  endfacet
  facet normal -0 0 1
    outer loop
      vertex 14.3095 -18.0377 3
      vertex 15.8296 -20.5798 3
      vertex 14.3206 -17.8969 3
    endloop
  endfacet
  facet normal -0 0 1
    outer loop
      vertex 14.2766 -18.175 3
      vertex 15.8296 -20.5798 3
      vertex 14.3095 -18.0377 3
    endloop
  endfacet
  facet normal -0 0 1
    outer loop
      vertex 14.2225 -18.3055 3
      vertex 15.8296 -20.5798 3
      vertex 14.2766 -18.175 3
    endloop
  endfacet
  facet normal -0 0 1
    outer loop
      vertex 14.1487 -18.4259 3
      vertex 15.8296 -20.5798 3
      vertex 14.2225 -18.3055 3
    endloop
  endfacet
  facet normal 0 0 1
    outer loop
      vertex 15.8296 -20.5798 3
      vertex 14.1487 -18.4259 3
      vertex 14.7994 -20.5798 3
    endloop
  endfacet
  facet normal -0 0 1
    outer loop
      vertex 14.057 -18.5333 3
      vertex 14.7994 -20.5798 3
      vertex 14.1487 -18.4259 3
    endloop
  endfacet
  facet normal -0 0 1
    outer loop
      vertex 13.9496 -18.625 3
      vertex 14.7994 -20.5798 3
      vertex 14.057 -18.5333 3
    endloop
  endfacet
  facet normal -0 0 1
    outer loop
      vertex 13.8292 -18.6988 3
      vertex 14.7994 -20.5798 3
      vertex 13.9496 -18.625 3
    endloop
  endfacet
  facet normal -0 0 1
    outer loop
      vertex 13.6987 -18.7529 3
      vertex 14.7994 -20.5798 3
      vertex 13.8292 -18.6988 3
    endloop
  endfacet
  facet normal -0 0 1
    outer loop
      vertex 13.5614 -18.7858 3
      vertex 14.7994 -20.5798 3
      vertex 13.6987 -18.7529 3
    endloop
  endfacet
  facet normal -0 0 1
    outer loop
      vertex 13.4206 -18.7969 3
      vertex 14.7994 -20.5798 3
      vertex 13.5614 -18.7858 3
    endloop
  endfacet
  facet normal 0 0 1
    outer loop
      vertex 13.2798 -18.7858 3
      vertex 14.7994 -20.5798 3
      vertex 13.4206 -18.7969 3
    endloop
  endfacet
  facet normal 0 0 1
    outer loop
      vertex 8.4749 -20.5798 3
      vertex 14.7994 -20.5798 3
      vertex 13.2798 -18.7858 3
    endloop
  endfacet
  facet normal 0 0 1
    outer loop
      vertex 14.7994 -20.5798 3
      vertex 11.8546 -26.5276 3
      vertex 12.07 -27.2681 3
    endloop
  endfacet
  facet normal 0 0 1
    outer loop
      vertex 8.4749 -20.5798 3
      vertex 13.2798 -18.7858 3
      vertex 10.2749 -18.294 3
    endloop
  endfacet
  facet normal 0 0 1
    outer loop
      vertex 8.4749 -20.5798 3
      vertex 10.2749 -18.294 3
      vertex 10.0503 -18.2401 3
    endloop
  endfacet
  facet normal 0 0 1
    outer loop
      vertex 14.7994 -20.5798 3
      vertex 8.4749 -20.5798 3
      vertex 11.8546 -26.5276 3
    endloop
  endfacet
  facet normal 0 0 1
    outer loop
      vertex 11.8546 -26.5276 3
      vertex 8.4749 -20.5798 3
      vertex 8.4749 -26.5276 3
    endloop
  endfacet
  facet normal 0 0 1
    outer loop
      vertex 81.5 31 3
      vertex 75.1 0 3
      vertex 81.5 -31 3
    endloop
  endfacet
  facet normal 0 0 1
    outer loop
      vertex 81.5 31 3
      vertex 75.0803 0.250295 3
      vertex 75.1 0 3
    endloop
  endfacet
  facet normal 0 0 1
    outer loop
      vertex 81.5 31 3
      vertex 75.0217 0.494427 3
      vertex 75.0803 0.250295 3
    endloop
  endfacet
  facet normal 0 0 1
    outer loop
      vertex 81.5 31 3
      vertex 74.9256 0.726384 3
      vertex 75.0217 0.494427 3
    endloop
  endfacet
  facet normal 0 0 1
    outer loop
      vertex 81.5 31 3
      vertex 74.7944 0.940456 3
      vertex 74.9256 0.726384 3
    endloop
  endfacet
  facet normal 0 0 1
    outer loop
      vertex 81.5 31 3
      vertex 74.6314 1.13137 3
      vertex 74.7944 0.940456 3
    endloop
  endfacet
  facet normal 0 0 1
    outer loop
      vertex 81.5 31 3
      vertex 74.4405 1.29443 3
      vertex 74.6314 1.13137 3
    endloop
  endfacet
  facet normal 0 0 1
    outer loop
      vertex 81.5 31 3
      vertex 74.2264 1.42561 3
      vertex 74.4405 1.29443 3
    endloop
  endfacet
  facet normal 0 0 1
    outer loop
      vertex 81.5 31 3
      vertex 73.9944 1.52169 3
      vertex 74.2264 1.42561 3
    endloop
  endfacet
  facet normal 0 0 1
    outer loop
      vertex 81.5 31 3
      vertex 73.7503 1.5803 3
      vertex 73.9944 1.52169 3
    endloop
  endfacet
  facet normal 0 0 1
    outer loop
      vertex 81.5 31 3
      vertex 73.5 1.6 3
      vertex 73.7503 1.5803 3
    endloop
  endfacet
  facet normal 0 0 1
    outer loop
      vertex 81.5 31 3
      vertex 73.2497 1.5803 3
      vertex 73.5 1.6 3
    endloop
  endfacet
  facet normal 0 0 1
    outer loop
      vertex 81.5 31 3
      vertex 73.0056 1.52169 3
      vertex 73.2497 1.5803 3
    endloop
  endfacet
  facet normal 0 0 1
    outer loop
      vertex 81.5 31 3
      vertex 72.7736 1.42561 3
      vertex 73.0056 1.52169 3
    endloop
  endfacet
  facet normal 0 0 1
    outer loop
      vertex 81.5 31 3
      vertex 72.5595 1.29443 3
      vertex 72.7736 1.42561 3
    endloop
  endfacet
  facet normal 0 0 1
    outer loop
      vertex 81.5 31 3
      vertex 72.3686 1.13137 3
      vertex 72.5595 1.29443 3
    endloop
  endfacet
  facet normal -0 0 1
    outer loop
      vertex 24.6104 4.27637 3
      vertex 72.3686 1.13137 3
      vertex 81.5 31 3
    endloop
  endfacet
  facet normal -0 -0 1
    outer loop
      vertex 24.6963 4.16433 3
      vertex 72.3686 1.13137 3
      vertex 24.6104 4.27637 3
    endloop
  endfacet
  facet normal 0 0 1
    outer loop
      vertex 72.3686 1.13137 3
      vertex 24.6963 4.16433 3
      vertex 72.2056 0.940456 3
    endloop
  endfacet
  facet normal 0 0 1
    outer loop
      vertex 24.8403 3.62705 3
      vertex 71.9 0 3
      vertex 71.9197 0.250295 3
    endloop
  endfacet
  facet normal 0 0 1
    outer loop
      vertex 24.8366 3.76823 3
      vertex 71.9197 0.250295 3
      vertex 71.9783 0.494427 3
    endloop
  endfacet
  facet normal 0 0 1
    outer loop
      vertex 72.2056 0.940456 3
      vertex 24.7637 4.04022 3
      vertex 72.0744 0.726384 3
    endloop
  endfacet
  facet normal 0 0 1
    outer loop
      vertex 71.9 0 3
      vertex 24.8219 3.48703 3
      vertex 24.7818 3.35162 3
    endloop
  endfacet
  facet normal -0 0 1
    outer loop
      vertex 20.4147 -1.42415 3
      vertex 27.1739 -20.5798 3
      vertex 22.5536 0.583819 3
    endloop
  endfacet
  facet normal -0 0 1
    outer loop
      vertex 22.5536 0.583819 3
      vertex 27.1739 -20.5798 3
      vertex 22.7125 0.751304 3
    endloop
  endfacet
  facet normal -0 0 1
    outer loop
      vertex 22.7125 0.751304 3
      vertex 27.1739 -20.5798 3
      vertex 24.641 3.10777 3
    endloop
  endfacet
  facet normal -0 0 1
    outer loop
      vertex 24.641 3.10777 3
      vertex 27.1739 -20.5798 3
      vertex 24.721 3.22416 3
    endloop
  endfacet
  facet normal -0 0 1
    outer loop
      vertex 24.721 3.22416 3
      vertex 27.1739 -20.5798 3
      vertex 24.7818 3.35162 3
    endloop
  endfacet
  facet normal 0 0 1
    outer loop
      vertex 71.9 0 3
      vertex 24.7818 3.35162 3
      vertex 27.1739 -20.5798 3
    endloop
  endfacet
  facet normal 0 0 1
    outer loop
      vertex 71.9 0 3
      vertex 24.8403 3.62705 3
      vertex 24.8219 3.48703 3
    endloop
  endfacet
  facet normal 0 0 1
    outer loop
      vertex 71.9197 0.250295 3
      vertex 24.8366 3.76823 3
      vertex 24.8403 3.62705 3
    endloop
  endfacet
  facet normal 0 0 1
    outer loop
      vertex 71.9783 0.494427 3
      vertex 24.8109 3.90709 3
      vertex 24.8366 3.76823 3
    endloop
  endfacet
  facet normal 0 0 1
    outer loop
      vertex 72.0744 0.726384 3
      vertex 24.8109 3.90709 3
      vertex 71.9783 0.494427 3
    endloop
  endfacet
  facet normal -0 -0 1
    outer loop
      vertex 24.8109 3.90709 3
      vertex 72.0744 0.726384 3
      vertex 24.7637 4.04022 3
    endloop
  endfacet
  facet normal -0 -0 1
    outer loop
      vertex 24.7637 4.04022 3
      vertex 72.2056 0.940456 3
      vertex 24.6963 4.16433 3
    endloop
  endfacet
  facet normal 0 0 1
    outer loop
      vertex 81.5 31 3
      vertex 24.5079 4.37359 3
      vertex 24.6104 4.27637 3
    endloop
  endfacet
  facet normal -0 0 1
    outer loop
      vertex 12.4377 21.0453 3
      vertex 24.5079 4.37359 3
      vertex 81.5 31 3
    endloop
  endfacet
  facet normal 0 0 1
    outer loop
      vertex 24.5079 4.37359 3
      vertex 12.4377 21.0453 3
      vertex 24.3915 4.45358 3
    endloop
  endfacet
  facet normal -0 -0 1
    outer loop
      vertex 12.5032 20.8239 3
      vertex 24.3915 4.45358 3
      vertex 12.4377 21.0453 3
    endloop
  endfacet
  facet normal -0 -0 1
    outer loop
      vertex 13.1727 17.9675 3
      vertex 24.3915 4.45358 3
      vertex 12.5032 20.8239 3
    endloop
  endfacet
  facet normal 0 0 1
    outer loop
      vertex 24.3915 4.45358 3
      vertex 13.1727 17.9675 3
      vertex 24.2641 4.51438 3
    endloop
  endfacet
  facet normal -0 -0 1
    outer loop
      vertex 13.2146 17.6497 3
      vertex 24.2641 4.51438 3
      vertex 13.1727 17.9675 3
    endloop
  endfacet
  facet normal 0 0 1
    outer loop
      vertex 24.2641 4.51438 3
      vertex 13.2146 17.6497 3
      vertex 24.1287 4.55449 3
    endloop
  endfacet
  facet normal 0 0 1
    outer loop
      vertex 23.7086 4.54349 3
      vertex 13.3451 11.6927 3
      vertex 23.5755 4.49635 3
    endloop
  endfacet
  facet normal -0 0 1
    outer loop
      vertex 13.3451 11.6927 3
      vertex 23.7086 4.54349 3
      vertex 13.4709 14.4228 3
    endloop
  endfacet
  facet normal 0 0 1
    outer loop
      vertex 23.5755 4.49635 3
      vertex 13.3451 11.6927 3
      vertex 23.4514 4.42896 3
    endloop
  endfacet
  facet normal -0 -0 1
    outer loop
      vertex 13.4816 14.8329 3
      vertex 24.1287 4.55449 3
      vertex 13.2146 17.6497 3
    endloop
  endfacet
  facet normal -0 0 1
    outer loop
      vertex 13.254 11.2012 3
      vertex 23.4514 4.42896 3
      vertex 13.3451 11.6927 3
    endloop
  endfacet
  facet normal 0 0 1
    outer loop
      vertex 23.4514 4.42896 3
      vertex 13.254 11.2012 3
      vertex 20.9451 3.01174 3
    endloop
  endfacet
  facet normal 0 0 1
    outer loop
      vertex 23.8475 4.56923 3
      vertex 13.4709 14.4228 3
      vertex 23.7086 4.54349 3
    endloop
  endfacet
  facet normal -0 0 1
    outer loop
      vertex 13.4709 14.4228 3
      vertex 23.8475 4.56923 3
      vertex 13.4816 14.8329 3
    endloop
  endfacet
  facet normal 0 0 1
    outer loop
      vertex 23.9886 4.57292 3
      vertex 13.4816 14.8329 3
      vertex 23.8475 4.56923 3
    endloop
  endfacet
  facet normal 0 0 1
    outer loop
      vertex 24.1287 4.55449 3
      vertex 13.4816 14.8329 3
      vertex 23.9886 4.57292 3
    endloop
  endfacet
  facet normal 0 0 1
    outer loop
      vertex 81.5 31 3
      vertex 11.3611 23.8936 3
      vertex 12.4377 21.0453 3
    endloop
  endfacet
  facet normal 0 0 1
    outer loop
      vertex 81.5 31 3
      vertex 11.3003 24.0211 3
      vertex 11.3611 23.8936 3
    endloop
  endfacet
  facet normal 0 0 1
    outer loop
      vertex 81.5 31 3
      vertex 11.2203 24.1374 3
      vertex 11.3003 24.0211 3
    endloop
  endfacet
  facet normal 0 0 1
    outer loop
      vertex 81.5 31 3
      vertex 11.1231 24.2399 3
      vertex 11.2203 24.1374 3
    endloop
  endfacet
  facet normal 0 0 1
    outer loop
      vertex 81.5 31 3
      vertex 11.0111 24.3259 3
      vertex 11.1231 24.2399 3
    endloop
  endfacet
  facet normal 0 0 1
    outer loop
      vertex 81.5 31 3
      vertex 10.887 24.3932 3
      vertex 11.0111 24.3259 3
    endloop
  endfacet
  facet normal 0 0 1
    outer loop
      vertex 81.5 31 3
      vertex 10.7538 24.4404 3
      vertex 10.887 24.3932 3
    endloop
  endfacet
  facet normal 0 0 1
    outer loop
      vertex 81.5 31 3
      vertex 10.615 24.4661 3
      vertex 10.7538 24.4404 3
    endloop
  endfacet
  facet normal 0 0 1
    outer loop
      vertex 81.5 31 3
      vertex 10.4738 24.4698 3
      vertex 10.615 24.4661 3
    endloop
  endfacet
  facet normal 0 0 1
    outer loop
      vertex -1.34146 18.0788 3
      vertex 9.59638 20.6449 3
      vertex 9.62214 23.524 3
    endloop
  endfacet
  facet normal 0 0 1
    outer loop
      vertex -1.72158 18.4035 3
      vertex 9.62214 23.524 3
      vertex 9.62584 23.6651 3
    endloop
  endfacet
  facet normal 0 0 1
    outer loop
      vertex 9.59638 20.6449 3
      vertex 0.655984 16.3438 3
      vertex 9.18358 18.0157 3
    endloop
  endfacet
  facet normal 0 -0 1
    outer loop
      vertex 1.03888 15.8955 3
      vertex 9.18358 18.0157 3
      vertex 0.655984 16.3438 3
    endloop
  endfacet
  facet normal 0 0 1
    outer loop
      vertex -1.72158 18.4035 3
      vertex 9.62584 23.6651 3
      vertex 9.65157 23.804 3
    endloop
  endfacet
  facet normal 0 -0 1
    outer loop
      vertex 2.70356 13.939 3
      vertex 8.44327 15.6805 3
      vertex 1.03888 15.8955 3
    endloop
  endfacet
  facet normal 0 -0 1
    outer loop
      vertex 3.05845 13.3598 3
      vertex 7.4415 13.6722 3
      vertex 2.70356 13.939 3
    endloop
  endfacet
  facet normal 0 0 1
    outer loop
      vertex -4.02306 19.8775 3
      vertex 9.65157 23.804 3
      vertex 9.69872 23.9371 3
    endloop
  endfacet
  facet normal 0 -0 1
    outer loop
      vertex 4.36593 11.2246 3
      vertex 6.24736 12.0089 3
      vertex 3.05845 13.3598 3
    endloop
  endfacet
  facet normal 0 0 1
    outer loop
      vertex 4.9289 10.6931 3
      vertex 4.66018 10.5142 3
      vertex 4.66263 10.504 3
    endloop
  endfacet
  facet normal 0 0 1
    outer loop
      vertex 4.9289 10.6931 3
      vertex 4.36593 11.2246 3
      vertex 4.66018 10.5142 3
    endloop
  endfacet
  facet normal 0 0 1
    outer loop
      vertex 6.24736 12.0089 3
      vertex 4.36593 11.2246 3
      vertex 4.9289 10.6931 3
    endloop
  endfacet
  facet normal 0 0 1
    outer loop
      vertex -4.37284 20.0919 3
      vertex 9.69872 23.9371 3
      vertex 9.7661 24.0612 3
    endloop
  endfacet
  facet normal 0 0 1
    outer loop
      vertex 7.4415 13.6722 3
      vertex 3.05845 13.3598 3
      vertex 6.24736 12.0089 3
    endloop
  endfacet
  facet normal 0 0 1
    outer loop
      vertex 8.44327 15.6805 3
      vertex 2.70356 13.939 3
      vertex 7.4415 13.6722 3
    endloop
  endfacet
  facet normal 0 0 1
    outer loop
      vertex -4.37284 20.0919 3
      vertex 9.7661 24.0612 3
      vertex 9.85208 24.1733 3
    endloop
  endfacet
  facet normal 0 0 1
    outer loop
      vertex -6.94577 21.269 3
      vertex 9.85208 24.1733 3
      vertex 9.95452 24.2705 3
    endloop
  endfacet
  facet normal 0 0 1
    outer loop
      vertex 9.18358 18.0157 3
      vertex 1.03888 15.8955 3
      vertex 8.44327 15.6805 3
    endloop
  endfacet
  facet normal 0 0 1
    outer loop
      vertex 9.59638 20.6449 3
      vertex -1.34146 18.0788 3
      vertex 0.655984 16.3438 3
    endloop
  endfacet
  facet normal 0 0 1
    outer loop
      vertex -7.24193 21.3917 3
      vertex 9.95452 24.2705 3
      vertex 10.0709 24.3505 3
    endloop
  endfacet
  facet normal 0 0 1
    outer loop
      vertex 9.62214 23.524 3
      vertex -1.72158 18.4035 3
      vertex -1.34146 18.0788 3
    endloop
  endfacet
  facet normal 0 0 1
    outer loop
      vertex 9.65157 23.804 3
      vertex -4.02306 19.8775 3
      vertex -1.72158 18.4035 3
    endloop
  endfacet
  facet normal 0 0 1
    outer loop
      vertex -10.0503 22.2401 3
      vertex 10.0709 24.3505 3
      vertex 10.1984 24.4113 3
    endloop
  endfacet
  facet normal 0 0 1
    outer loop
      vertex 9.69872 23.9371 3
      vertex -4.37284 20.0919 3
      vertex -4.02306 19.8775 3
    endloop
  endfacet
  facet normal 0 0 1
    outer loop
      vertex 9.85208 24.1733 3
      vertex -6.94577 21.269 3
      vertex -4.37284 20.0919 3
    endloop
  endfacet
  facet normal 0 0 1
    outer loop
      vertex -13.2798 22.7858 3
      vertex 10.1984 24.4113 3
      vertex 10.3338 24.4514 3
    endloop
  endfacet
  facet normal 0 0 1
    outer loop
      vertex 9.95452 24.2705 3
      vertex -7.24193 21.3917 3
      vertex -6.94577 21.269 3
    endloop
  endfacet
  facet normal 0 0 1
    outer loop
      vertex 10.0709 24.3505 3
      vertex -10.0503 22.2401 3
      vertex -7.24193 21.3917 3
    endloop
  endfacet
  facet normal 0 0 1
    outer loop
      vertex -13.4206 22.7969 3
      vertex 10.3338 24.4514 3
      vertex 10.4738 24.4698 3
    endloop
  endfacet
  facet normal 0 0 1
    outer loop
      vertex 10.1984 24.4113 3
      vertex -10.2749 22.294 3
      vertex -10.0503 22.2401 3
    endloop
  endfacet
  facet normal 0 0 1
    outer loop
      vertex 10.1984 24.4113 3
      vertex -13.2798 22.7858 3
      vertex -10.2749 22.294 3
    endloop
  endfacet
  facet normal -0 0 1
    outer loop
      vertex -81.5 31 3
      vertex 10.4738 24.4698 3
      vertex 81.5 31 3
    endloop
  endfacet
  facet normal 0 0 1
    outer loop
      vertex 10.3338 24.4514 3
      vertex -13.4206 22.7969 3
      vertex -13.2798 22.7858 3
    endloop
  endfacet
  facet normal 0 0 1
    outer loop
      vertex 10.4738 24.4698 3
      vertex -81.5 31 3
      vertex -13.4206 22.7969 3
    endloop
  endfacet
  facet normal 0 0 1
    outer loop
      vertex -13.8292 21.095 3
      vertex -15.0666 8.71082 3
      vertex -14.5954 8.87769 3
    endloop
  endfacet
  facet normal 0 0 1
    outer loop
      vertex -14.057 21.2605 3
      vertex -17.4939 7.45469 3
      vertex -15.0666 8.71082 3
    endloop
  endfacet
  facet normal 0 0 1
    outer loop
      vertex -22.5536 3.41618 3
      vertex -14.3206 21.8969 3
      vertex -14.3095 22.0377 3
    endloop
  endfacet
  facet normal 0 0 1
    outer loop
      vertex -14.1487 21.3679 3
      vertex -17.8544 7.25895 3
      vertex -17.4939 7.45469 3
    endloop
  endfacet
  facet normal 0 0 1
    outer loop
      vertex -14.2766 21.6188 3
      vertex -20.1604 5.6193 3
      vertex -17.8544 7.25895 3
    endloop
  endfacet
  facet normal 0 0 1
    outer loop
      vertex -81.5 31 3
      vertex -14.3095 22.0377 3
      vertex -14.2766 22.175 3
    endloop
  endfacet
  facet normal 0 0 1
    outer loop
      vertex -14.3095 21.7561 3
      vertex -20.4147 5.42415 3
      vertex -20.1604 5.6193 3
    endloop
  endfacet
  facet normal 0 0 1
    outer loop
      vertex -14.3206 21.8969 3
      vertex -22.5536 3.41618 3
      vertex -20.4147 5.42415 3
    endloop
  endfacet
  facet normal 0 0 1
    outer loop
      vertex -81.5 31 3
      vertex -14.2766 22.175 3
      vertex -14.2225 22.3055 3
    endloop
  endfacet
  facet normal 0 0 1
    outer loop
      vertex -14.3095 22.0377 3
      vertex -22.7125 3.2487 3
      vertex -22.5536 3.41618 3
    endloop
  endfacet
  facet normal 0 0 1
    outer loop
      vertex -14.3095 22.0377 3
      vertex -81.5 31 3
      vertex -22.7125 3.2487 3
    endloop
  endfacet
  facet normal 0 -0 1
    outer loop
      vertex -72.3686 1.13137 3
      vertex -22.7125 3.2487 3
      vertex -81.5 31 3
    endloop
  endfacet
  facet normal 0 0 1
    outer loop
      vertex -24.5079 -0.373586 3
      vertex -25.3422 -21.1081 3
      vertex -24.9921 -20.882 3
    endloop
  endfacet
  facet normal 0 0 1
    outer loop
      vertex -24.6104 -0.276373 3
      vertex -25.654 -21.3844 3
      vertex -25.3422 -21.1081 3
    endloop
  endfacet
  facet normal 0 0 1
    outer loop
      vertex -24.6963 -0.164331 3
      vertex -25.9223 -21.7053 3
      vertex -25.654 -21.3844 3
    endloop
  endfacet
  facet normal 0 0 1
    outer loop
      vertex -24.7637 -0.0402182 3
      vertex -26.1419 -22.0651 3
      vertex -25.9223 -21.7053 3
    endloop
  endfacet
  facet normal 0 0 1
    outer loop
      vertex -24.7637 -0.0402182 3
      vertex -71.9783 -0.494427 3
      vertex -26.1419 -22.0651 3
    endloop
  endfacet
  facet normal -0 0 1
    outer loop
      vertex -72.0744 -0.726384 3
      vertex -26.1419 -22.0651 3
      vertex -71.9783 -0.494427 3
    endloop
  endfacet
  facet normal 0 0 1
    outer loop
      vertex -26.1419 -22.0651 3
      vertex -72.0744 -0.726384 3
      vertex -26.3126 -22.4637 3
    endloop
  endfacet
  facet normal 0 0 1
    outer loop
      vertex -24.8109 0.0929081 3
      vertex -71.9197 -0.250295 3
      vertex -71.9783 -0.494427 3
    endloop
  endfacet
  facet normal 0 0 1
    outer loop
      vertex -24.8366 0.231769 3
      vertex -71.9 0 3
      vertex -71.9197 -0.250295 3
    endloop
  endfacet
  facet normal 0 0 1
    outer loop
      vertex -71.9197 0.250295 3
      vertex -24.8403 0.372947 3
      vertex -24.8219 0.512965 3
    endloop
  endfacet
  facet normal 0 0 1
    outer loop
      vertex -71.9783 0.494427 3
      vertex -24.8219 0.512965 3
      vertex -24.7818 0.648376 3
    endloop
  endfacet
  facet normal -0 0 1
    outer loop
      vertex -72.0744 0.726384 3
      vertex -24.7818 0.648376 3
      vertex -24.721 0.775845 3
    endloop
  endfacet
  facet normal 0 0 1
    outer loop
      vertex -22.7125 3.2487 3
      vertex -72.3686 1.13137 3
      vertex -24.641 0.892233 3
    endloop
  endfacet
  facet normal 0 0 1
    outer loop
      vertex -81.5 31 3
      vertex -14.2225 22.3055 3
      vertex -14.1487 22.4259 3
    endloop
  endfacet
  facet normal 0 0 1
    outer loop
      vertex -81.5 31 3
      vertex -14.1487 22.4259 3
      vertex -14.057 22.5333 3
    endloop
  endfacet
  facet normal 0 0 1
    outer loop
      vertex -81.5 31 3
      vertex -14.057 22.5333 3
      vertex -13.9496 22.625 3
    endloop
  endfacet
  facet normal 0 0 1
    outer loop
      vertex -81.5 31 3
      vertex -13.9496 22.625 3
      vertex -13.8292 22.6988 3
    endloop
  endfacet
  facet normal 0 0 1
    outer loop
      vertex -81.5 31 3
      vertex -13.8292 22.6988 3
      vertex -13.6987 22.7529 3
    endloop
  endfacet
  facet normal 0 0 1
    outer loop
      vertex -24.8403 0.372947 3
      vertex -71.9197 0.250295 3
      vertex -71.9 0 3
    endloop
  endfacet
  facet normal 0 0 1
    outer loop
      vertex -24.8219 0.512965 3
      vertex -71.9783 0.494427 3
      vertex -71.9197 0.250295 3
    endloop
  endfacet
  facet normal 0 0 1
    outer loop
      vertex -24.7818 0.648376 3
      vertex -72.0744 0.726384 3
      vertex -71.9783 0.494427 3
    endloop
  endfacet
  facet normal 0 0 1
    outer loop
      vertex -24.721 0.775845 3
      vertex -72.2056 0.940456 3
      vertex -72.0744 0.726384 3
    endloop
  endfacet
  facet normal 0 0 1
    outer loop
      vertex -24.641 0.892233 3
      vertex -72.2056 0.940456 3
      vertex -24.721 0.775845 3
    endloop
  endfacet
  facet normal -0 -0 1
    outer loop
      vertex -72.2056 0.940456 3
      vertex -24.641 0.892233 3
      vertex -72.3686 1.13137 3
    endloop
  endfacet
  facet normal 0 0 1
    outer loop
      vertex -72.3686 1.13137 3
      vertex -81.5 31 3
      vertex -72.5595 1.29443 3
    endloop
  endfacet
  facet normal 0 0 1
    outer loop
      vertex -72.5595 1.29443 3
      vertex -81.5 31 3
      vertex -72.7736 1.42561 3
    endloop
  endfacet
  facet normal 0 0 1
    outer loop
      vertex -72.7736 1.42561 3
      vertex -81.5 31 3
      vertex -73.0056 1.52169 3
    endloop
  endfacet
  facet normal 0 0 1
    outer loop
      vertex -73.0056 1.52169 3
      vertex -81.5 31 3
      vertex -73.2497 1.5803 3
    endloop
  endfacet
  facet normal 0 0 1
    outer loop
      vertex -73.2497 1.5803 3
      vertex -81.5 31 3
      vertex -73.5 1.6 3
    endloop
  endfacet
  facet normal 0 0 1
    outer loop
      vertex -73.5 1.6 3
      vertex -81.5 31 3
      vertex -73.7503 1.5803 3
    endloop
  endfacet
  facet normal 0 0 1
    outer loop
      vertex -75.0803 0.250295 3
      vertex -81.5 31 3
      vertex -75.1 0 3
    endloop
  endfacet
  facet normal 0 0 1
    outer loop
      vertex -75.0217 0.494427 3
      vertex -81.5 31 3
      vertex -75.0803 0.250295 3
    endloop
  endfacet
  facet normal 0 0 1
    outer loop
      vertex -74.9256 0.726384 3
      vertex -81.5 31 3
      vertex -75.0217 0.494427 3
    endloop
  endfacet
  facet normal 0 0 1
    outer loop
      vertex -74.7944 0.940456 3
      vertex -81.5 31 3
      vertex -74.9256 0.726384 3
    endloop
  endfacet
  facet normal 0 0 1
    outer loop
      vertex -74.6314 1.13137 3
      vertex -81.5 31 3
      vertex -74.7944 0.940456 3
    endloop
  endfacet
  facet normal 0 0 1
    outer loop
      vertex -74.4405 1.29443 3
      vertex -81.5 31 3
      vertex -74.6314 1.13137 3
    endloop
  endfacet
  facet normal 0 0 1
    outer loop
      vertex -74.2264 1.42561 3
      vertex -81.5 31 3
      vertex -74.4405 1.29443 3
    endloop
  endfacet
  facet normal 0 0 1
    outer loop
      vertex -73.9944 1.52169 3
      vertex -81.5 31 3
      vertex -74.2264 1.42561 3
    endloop
  endfacet
  facet normal 0 0 1
    outer loop
      vertex -73.7503 1.5803 3
      vertex -81.5 31 3
      vertex -73.9944 1.52169 3
    endloop
  endfacet
  facet normal 0 0 1
    outer loop
      vertex -13.5614 22.7858 3
      vertex -81.5 31 3
      vertex -13.6987 22.7529 3
    endloop
  endfacet
  facet normal 0 0 1
    outer loop
      vertex -13.4206 22.7969 3
      vertex -81.5 31 3
      vertex -13.5614 22.7858 3
    endloop
  endfacet
  facet normal -0 0 1
    outer loop
      vertex 75.0803 -0.250295 3
      vertex 81.5 -31 3
      vertex 75.1 0 3
    endloop
  endfacet
  facet normal -0 0 1
    outer loop
      vertex 75.0217 -0.494427 3
      vertex 81.5 -31 3
      vertex 75.0803 -0.250295 3
    endloop
  endfacet
  facet normal -0 0 1
    outer loop
      vertex 74.9256 -0.726384 3
      vertex 81.5 -31 3
      vertex 75.0217 -0.494427 3
    endloop
  endfacet
  facet normal -0 0 1
    outer loop
      vertex 74.7944 -0.940456 3
      vertex 81.5 -31 3
      vertex 74.9256 -0.726384 3
    endloop
  endfacet
  facet normal -0 0 1
    outer loop
      vertex 74.6314 -1.13137 3
      vertex 81.5 -31 3
      vertex 74.7944 -0.940456 3
    endloop
  endfacet
  facet normal -0 0 1
    outer loop
      vertex 74.4405 -1.29443 3
      vertex 81.5 -31 3
      vertex 74.6314 -1.13137 3
    endloop
  endfacet
  facet normal -0 0 1
    outer loop
      vertex 74.2264 -1.42561 3
      vertex 81.5 -31 3
      vertex 74.4405 -1.29443 3
    endloop
  endfacet
  facet normal -0 0 1
    outer loop
      vertex 73.9944 -1.52169 3
      vertex 81.5 -31 3
      vertex 74.2264 -1.42561 3
    endloop
  endfacet
  facet normal -0 0 1
    outer loop
      vertex 73.7503 -1.5803 3
      vertex 81.5 -31 3
      vertex 73.9944 -1.52169 3
    endloop
  endfacet
  facet normal -0 0 1
    outer loop
      vertex 73.5 -1.6 3
      vertex 81.5 -31 3
      vertex 73.7503 -1.5803 3
    endloop
  endfacet
  facet normal 0 0 1
    outer loop
      vertex 73.2497 -1.5803 3
      vertex 81.5 -31 3
      vertex 73.5 -1.6 3
    endloop
  endfacet
  facet normal 0 0 1
    outer loop
      vertex 73.0056 -1.52169 3
      vertex 81.5 -31 3
      vertex 73.2497 -1.5803 3
    endloop
  endfacet
  facet normal 0 0 1
    outer loop
      vertex 72.7736 -1.42561 3
      vertex 81.5 -31 3
      vertex 73.0056 -1.52169 3
    endloop
  endfacet
  facet normal 0 0 1
    outer loop
      vertex 72.5595 -1.29443 3
      vertex 81.5 -31 3
      vertex 72.7736 -1.42561 3
    endloop
  endfacet
  facet normal 0 0 1
    outer loop
      vertex 27.1739 -20.5798 3
      vertex 72.5595 -1.29443 3
      vertex 72.3686 -1.13137 3
    endloop
  endfacet
  facet normal 0 0 1
    outer loop
      vertex 27.1739 -20.5798 3
      vertex 72.3686 -1.13137 3
      vertex 72.2056 -0.940456 3
    endloop
  endfacet
  facet normal 0 0 1
    outer loop
      vertex 27.1739 -20.5798 3
      vertex 72.2056 -0.940456 3
      vertex 72.0744 -0.726384 3
    endloop
  endfacet
  facet normal 0 0 1
    outer loop
      vertex 27.1739 -20.5798 3
      vertex 72.0744 -0.726384 3
      vertex 71.9783 -0.494427 3
    endloop
  endfacet
  facet normal 0 0 1
    outer loop
      vertex 27.1739 -20.5798 3
      vertex 71.9197 -0.250295 3
      vertex 71.9 0 3
    endloop
  endfacet
  facet normal 0 0 1
    outer loop
      vertex 27.1739 -20.5798 3
      vertex 71.9783 -0.494427 3
      vertex 71.9197 -0.250295 3
    endloop
  endfacet
  facet normal 0 0 1
    outer loop
      vertex 72.5595 -1.29443 3
      vertex 27.1739 -20.5798 3
      vertex 81.5 -31 3
    endloop
  endfacet
  facet normal -0 0 1
    outer loop
      vertex 25.2039 -27.2681 3
      vertex 81.5 -31 3
      vertex 27.1739 -20.5798 3
    endloop
  endfacet
  facet normal -0 0 1
    outer loop
      vertex 24.1216 -27.2681 3
      vertex 81.5 -31 3
      vertex 25.2039 -27.2681 3
    endloop
  endfacet
  facet normal -0 0 1
    outer loop
      vertex 22.591 -21.7694 3
      vertex 22.701 -21.9167 3
      vertex 22.6311 -21.5909 3
    endloop
  endfacet
  facet normal 0 0 1
    outer loop
      vertex 22.553 -21.9379 3
      vertex 22.701 -21.9167 3
      vertex 22.591 -21.7694 3
    endloop
  endfacet
  facet normal 0 0 1
    outer loop
      vertex 22.5172 -22.0964 3
      vertex 22.701 -21.9167 3
      vertex 22.553 -21.9379 3
    endloop
  endfacet
  facet normal 0 0 1
    outer loop
      vertex 22.701 -21.9167 3
      vertex 22.5172 -22.0964 3
      vertex 22.7651 -22.2074 3
    endloop
  endfacet
  facet normal 0 0 1
    outer loop
      vertex 22.4834 -22.2449 3
      vertex 22.7651 -22.2074 3
      vertex 22.5172 -22.0964 3
    endloop
  endfacet
  facet normal 0 0 1
    outer loop
      vertex 22.4518 -22.3833 3
      vertex 22.7651 -22.2074 3
      vertex 22.4834 -22.2449 3
    endloop
  endfacet
  facet normal 0 0 1
    outer loop
      vertex 22.7651 -22.2074 3
      vertex 22.4518 -22.3833 3
      vertex 22.8233 -22.4631 3
    endloop
  endfacet
  facet normal 0 0 1
    outer loop
      vertex 22.4222 -22.5118 3
      vertex 22.8233 -22.4631 3
      vertex 22.4518 -22.3833 3
    endloop
  endfacet
  facet normal 0 0 1
    outer loop
      vertex 22.8233 -22.4631 3
      vertex 22.4222 -22.5118 3
      vertex 22.8758 -22.6837 3
    endloop
  endfacet
  facet normal 0 0 1
    outer loop
      vertex 22.3625 -22.7467 3
      vertex 22.8758 -22.6837 3
      vertex 22.4222 -22.5118 3
    endloop
  endfacet
  facet normal 0 0 1
    outer loop
      vertex 22.8758 -22.6837 3
      vertex 22.3625 -22.7467 3
      vertex 22.9225 -22.8692 3
    endloop
  endfacet
  facet normal 0 0 1
    outer loop
      vertex 22.9225 -22.8692 3
      vertex 22.3625 -22.7467 3
      vertex 22.9634 -23.0197 3
    endloop
  endfacet
  facet normal 0 0 1
    outer loop
      vertex 22.2403 -23.2048 3
      vertex 22.9634 -23.0197 3
      vertex 22.3625 -22.7467 3
    endloop
  endfacet
  facet normal 0 0 1
    outer loop
      vertex 22.0555 -23.886 3
      vertex 22.9634 -23.0197 3
      vertex 22.2403 -23.2048 3
    endloop
  endfacet
  facet normal 0 0 1
    outer loop
      vertex 21.8083 -24.7902 3
      vertex 22.9634 -23.0197 3
      vertex 22.0555 -23.886 3
    endloop
  endfacet
  facet normal 0 0 1
    outer loop
      vertex 22.9634 -23.0197 3
      vertex 21.8083 -24.7902 3
      vertex 24.1216 -27.2681 3
    endloop
  endfacet
  facet normal -0 0 1
    outer loop
      vertex 21.4986 -25.9176 3
      vertex 24.1216 -27.2681 3
      vertex 21.8083 -24.7902 3
    endloop
  endfacet
  facet normal 0 0 1
    outer loop
      vertex 21.1264 -27.2681 3
      vertex 24.1216 -27.2681 3
      vertex 21.4986 -25.9176 3
    endloop
  endfacet
  facet normal -0 0 1
    outer loop
      vertex 21.1264 -27.2681 3
      vertex 81.5 -31 3
      vertex 24.1216 -27.2681 3
    endloop
  endfacet
  facet normal -0 0 1
    outer loop
      vertex 20.0441 -27.2681 3
      vertex 81.5 -31 3
      vertex 21.1264 -27.2681 3
    endloop
  endfacet
  facet normal -0 0 1
    outer loop
      vertex 18.5163 -27.2681 3
      vertex 81.5 -31 3
      vertex 20.0441 -27.2681 3
    endloop
  endfacet
  facet normal -0 0 1
    outer loop
      vertex 17.5906 -27.2681 3
      vertex 81.5 -31 3
      vertex 18.5163 -27.2681 3
    endloop
  endfacet
  facet normal -0 0 1
    outer loop
      vertex 13.7789 -25.3124 3
      vertex 17.5906 -27.2681 3
      vertex 16.8264 -25.3124 3
    endloop
  endfacet
  facet normal 0 0 1
    outer loop
      vertex 13.0099 -27.2681 3
      vertex 17.5906 -27.2681 3
      vertex 13.7789 -25.3124 3
    endloop
  endfacet
  facet normal -0 0 1
    outer loop
      vertex 13.0099 -27.2681 3
      vertex 81.5 -31 3
      vertex 17.5906 -27.2681 3
    endloop
  endfacet
  facet normal -0 0 1
    outer loop
      vertex 12.07 -27.2681 3
      vertex 81.5 -31 3
      vertex 13.0099 -27.2681 3
    endloop
  endfacet
  facet normal 0 0 1
    outer loop
      vertex 11.8546 -27.2681 3
      vertex 12.07 -27.2681 3
      vertex 11.8546 -26.5276 3
    endloop
  endfacet
  facet normal -0 0 1
    outer loop
      vertex 11.8546 -27.2681 3
      vertex 81.5 -31 3
      vertex 12.07 -27.2681 3
    endloop
  endfacet
  facet normal 0 0 1
    outer loop
      vertex 3.66904 -27.363 3
      vertex 11.8546 -27.2681 3
      vertex 7.56825 -27.2681 3
    endloop
  endfacet
  facet normal 0 0 1
    outer loop
      vertex 5.44907 -20.8979 3
      vertex 7.56825 -20.5798 3
      vertex 6.94577 -17.269 3
    endloop
  endfacet
  facet normal 0 0 1
    outer loop
      vertex 7.56825 -20.5798 3
      vertex 6.56459 -25.5972 3
      vertex 7.56825 -27.2681 3
    endloop
  endfacet
  facet normal -0 0 1
    outer loop
      vertex 6.41765 -25.8737 3
      vertex 7.56825 -27.2681 3
      vertex 6.56459 -25.5972 3
    endloop
  endfacet
  facet normal -0 0 1
    outer loop
      vertex 6.25211 -26.1273 3
      vertex 7.56825 -27.2681 3
      vertex 6.41765 -25.8737 3
    endloop
  endfacet
  facet normal -0 0 1
    outer loop
      vertex 6.06798 -26.3579 3
      vertex 7.56825 -27.2681 3
      vertex 6.25211 -26.1273 3
    endloop
  endfacet
  facet normal -0 0 1
    outer loop
      vertex 5.86523 -26.5656 3
      vertex 7.56825 -27.2681 3
      vertex 6.06798 -26.3579 3
    endloop
  endfacet
  facet normal -0 0 1
    outer loop
      vertex 5.64391 -26.7503 3
      vertex 7.56825 -27.2681 3
      vertex 5.86523 -26.5656 3
    endloop
  endfacet
  facet normal -0 0 1
    outer loop
      vertex 5.40399 -26.9121 3
      vertex 7.56825 -27.2681 3
      vertex 5.64391 -26.7503 3
    endloop
  endfacet
  facet normal -0 0 1
    outer loop
      vertex 5.14813 -27.0499 3
      vertex 7.56825 -27.2681 3
      vertex 5.40399 -26.9121 3
    endloop
  endfacet
  facet normal -0 0 1
    outer loop
      vertex 4.87895 -27.1626 3
      vertex 7.56825 -27.2681 3
      vertex 5.14813 -27.0499 3
    endloop
  endfacet
  facet normal -0 0 1
    outer loop
      vertex 4.59645 -27.2503 3
      vertex 7.56825 -27.2681 3
      vertex 4.87895 -27.1626 3
    endloop
  endfacet
  facet normal 0 0 1
    outer loop
      vertex 4.30063 -27.3129 3
      vertex 7.56825 -27.2681 3
      vertex 4.59645 -27.2503 3
    endloop
  endfacet
  facet normal 0 0 1
    outer loop
      vertex 3.99149 -27.3505 3
      vertex 7.56825 -27.2681 3
      vertex 4.30063 -27.3129 3
    endloop
  endfacet
  facet normal 0 0 1
    outer loop
      vertex 3.66904 -27.363 3
      vertex 7.56825 -27.2681 3
      vertex 3.99149 -27.3505 3
    endloop
  endfacet
  facet normal 0 0 1
    outer loop
      vertex 11.8546 -27.2681 3
      vertex 3.66904 -27.363 3
      vertex 81.5 -31 3
    endloop
  endfacet
  facet normal 0 0 1
    outer loop
      vertex -5.3378 -27.2681 3
      vertex 3.66904 -27.363 3
      vertex 3.33958 -27.3514 3
    endloop
  endfacet
  facet normal 0 0 1
    outer loop
      vertex 0.431946 -23.3791 3
      vertex -0.714355 -20.5798 3
      vertex 0.407944 -23.8931 3
    endloop
  endfacet
  facet normal 0 0 1
    outer loop
      vertex -0.714355 -27.2681 3
      vertex 0.407944 -23.8931 3
      vertex -0.714355 -20.5798 3
    endloop
  endfacet
  facet normal 0 0 1
    outer loop
      vertex 0.407944 -23.8931 3
      vertex -0.714355 -27.2681 3
      vertex 0.418686 -24.2411 3
    endloop
  endfacet
  facet normal 0 0 1
    outer loop
      vertex 0.418686 -24.2411 3
      vertex -0.714355 -27.2681 3
      vertex 0.450928 -24.5732 3
    endloop
  endfacet
  facet normal 0 0 1
    outer loop
      vertex 0.450928 -24.5732 3
      vertex -0.714355 -27.2681 3
      vertex 0.504654 -24.8893 3
    endloop
  endfacet
  facet normal 0 0 1
    outer loop
      vertex 0.504654 -24.8893 3
      vertex -0.714355 -27.2681 3
      vertex 0.579865 -25.1895 3
    endloop
  endfacet
  facet normal 0 0 1
    outer loop
      vertex -0.714355 -27.2681 3
      vertex 0.676575 -25.4737 3
      vertex 0.579865 -25.1895 3
    endloop
  endfacet
  facet normal 0 0 1
    outer loop
      vertex -0.714355 -27.2681 3
      vertex 0.794769 -25.742 3
      vertex 0.676575 -25.4737 3
    endloop
  endfacet
  facet normal 0 0 1
    outer loop
      vertex -0.714355 -27.2681 3
      vertex 0.933487 -25.9922 3
      vertex 0.794769 -25.742 3
    endloop
  endfacet
  facet normal 0 0 1
    outer loop
      vertex -0.714355 -27.2681 3
      vertex 1.09172 -26.2225 3
      vertex 0.933487 -25.9922 3
    endloop
  endfacet
  facet normal 0 0 1
    outer loop
      vertex -0.714355 -27.2681 3
      vertex 1.26947 -26.4326 3
      vertex 1.09172 -26.2225 3
    endloop
  endfacet
  facet normal 0 0 1
    outer loop
      vertex -0.714355 -27.2681 3
      vertex 1.46674 -26.6228 3
      vertex 1.26947 -26.4326 3
    endloop
  endfacet
  facet normal 0 0 1
    outer loop
      vertex -0.714355 -27.2681 3
      vertex 1.68352 -26.7929 3
      vertex 1.46674 -26.6228 3
    endloop
  endfacet
  facet normal 0 0 1
    outer loop
      vertex -0.714355 -27.2681 3
      vertex 1.9198 -26.943 3
      vertex 1.68352 -26.7929 3
    endloop
  endfacet
  facet normal 0 0 1
    outer loop
      vertex -0.714355 -27.2681 3
      vertex 2.17343 -27.0713 3
      vertex 1.9198 -26.943 3
    endloop
  endfacet
  facet normal 0 0 1
    outer loop
      vertex -0.714355 -27.2681 3
      vertex 2.44223 -27.1763 3
      vertex 2.17343 -27.0713 3
    endloop
  endfacet
  facet normal 0 0 1
    outer loop
      vertex -0.714355 -27.2681 3
      vertex 2.72618 -27.258 3
      vertex 2.44223 -27.1763 3
    endloop
  endfacet
  facet normal -0 0 1
    outer loop
      vertex -0.714355 -27.2681 3
      vertex 3.02531 -27.3164 3
      vertex 2.72618 -27.258 3
    endloop
  endfacet
  facet normal 0 0 1
    outer loop
      vertex -0.714355 -27.2681 3
      vertex 3.33958 -27.3514 3
      vertex 3.02531 -27.3164 3
    endloop
  endfacet
  facet normal -0 0 1
    outer loop
      vertex -1.80615 -27.2681 3
      vertex 3.33958 -27.3514 3
      vertex -0.714355 -27.2681 3
    endloop
  endfacet
  facet normal -0 0 1
    outer loop
      vertex -5.3378 -27.2681 3
      vertex 3.33958 -27.3514 3
      vertex -1.80615 -27.2681 3
    endloop
  endfacet
  facet normal 0 0 1
    outer loop
      vertex -5.3378 -27.2681 3
      vertex -1.80615 -27.2681 3
      vertex -5.3378 -22.825 3
    endloop
  endfacet
  facet normal 0 0 1
    outer loop
      vertex 3.66904 -27.363 3
      vertex -5.3378 -27.2681 3
      vertex 81.5 -31 3
    endloop
  endfacet
  facet normal -0 0 1
    outer loop
      vertex -6.14476 -27.2681 3
      vertex 81.5 -31 3
      vertex -5.3378 -27.2681 3
    endloop
  endfacet
  facet normal 0 0 1
    outer loop
      vertex -6.14476 -20.5798 3
      vertex -7.20847 -26.5276 3
      vertex -6.14476 -27.2681 3
    endloop
  endfacet
  facet normal 0 0 1
    outer loop
      vertex -7.20847 -27.2681 3
      vertex -6.14476 -27.2681 3
      vertex -7.20847 -26.5276 3
    endloop
  endfacet
  facet normal -0 0 1
    outer loop
      vertex -7.20847 -27.2681 3
      vertex 81.5 -31 3
      vertex -6.14476 -27.2681 3
    endloop
  endfacet
  facet normal 0 0 1
    outer loop
      vertex -81.5 -31 3
      vertex -7.20847 -27.2681 3
      vertex -12.4774 -27.2681 3
    endloop
  endfacet
  facet normal 0 0 1
    outer loop
      vertex -13.6532 -22.2849 3
      vertex -12.5032 -16.8239 3
      vertex -13.1727 -13.9675 3
    endloop
  endfacet
  facet normal 0 0 1
    outer loop
      vertex -13.6532 -22.2849 3
      vertex -13.1727 -13.9675 3
      vertex -13.2146 -13.6497 3
    endloop
  endfacet
  facet normal 0 0 1
    outer loop
      vertex -22.2564 -20.5816 3
      vertex -13.2146 -13.6497 3
      vertex -13.4816 -10.8329 3
    endloop
  endfacet
  facet normal 0 0 1
    outer loop
      vertex -13.6533 -22.8981 3
      vertex -12.4774 -20.5798 3
      vertex -13.636 -22.5925 3
    endloop
  endfacet
  facet normal 0 0 1
    outer loop
      vertex -12.4774 -20.5798 3
      vertex -13.6533 -22.8981 3
      vertex -12.4774 -27.2681 3
    endloop
  endfacet
  facet normal -0 0 1
    outer loop
      vertex -13.7049 -23.1821 3
      vertex -12.4774 -27.2681 3
      vertex -13.6533 -22.8981 3
    endloop
  endfacet
  facet normal -0 0 1
    outer loop
      vertex -13.7909 -23.4445 3
      vertex -12.4774 -27.2681 3
      vertex -13.7049 -23.1821 3
    endloop
  endfacet
  facet normal -0 0 1
    outer loop
      vertex -13.9114 -23.6853 3
      vertex -12.4774 -27.2681 3
      vertex -13.7909 -23.4445 3
    endloop
  endfacet
  facet normal -0 0 1
    outer loop
      vertex -14.0663 -23.9044 3
      vertex -12.4774 -27.2681 3
      vertex -13.9114 -23.6853 3
    endloop
  endfacet
  facet normal -0 0 1
    outer loop
      vertex -14.2556 -24.1019 3
      vertex -12.4774 -27.2681 3
      vertex -14.0663 -23.9044 3
    endloop
  endfacet
  facet normal -0 0 1
    outer loop
      vertex -14.4744 -24.2731 3
      vertex -12.4774 -27.2681 3
      vertex -14.2556 -24.1019 3
    endloop
  endfacet
  facet normal -0 0 1
    outer loop
      vertex -14.7178 -24.4131 3
      vertex -12.4774 -27.2681 3
      vertex -14.4744 -24.2731 3
    endloop
  endfacet
  facet normal -0 0 1
    outer loop
      vertex -14.9859 -24.522 3
      vertex -12.4774 -27.2681 3
      vertex -14.7178 -24.4131 3
    endloop
  endfacet
  facet normal -0 0 1
    outer loop
      vertex -15.2787 -24.5999 3
      vertex -12.4774 -27.2681 3
      vertex -14.9859 -24.522 3
    endloop
  endfacet
  facet normal -0 0 1
    outer loop
      vertex -15.5962 -24.6465 3
      vertex -12.4774 -27.2681 3
      vertex -15.2787 -24.5999 3
    endloop
  endfacet
  facet normal 0 0 1
    outer loop
      vertex -17.9035 -27.2681 3
      vertex -15.5962 -24.6465 3
      vertex -15.9383 -24.6621 3
    endloop
  endfacet
  facet normal 0 0 1
    outer loop
      vertex -17.9035 -27.2681 3
      vertex -15.9383 -24.6621 3
      vertex -17.9035 -24.6621 3
    endloop
  endfacet
  facet normal 0 0 1
    outer loop
      vertex -15.5962 -24.6465 3
      vertex -17.9035 -27.2681 3
      vertex -12.4774 -27.2681 3
    endloop
  endfacet
  facet normal 0 0 1
    outer loop
      vertex -23.2188 -27.363 3
      vertex -12.4774 -27.2681 3
      vertex -17.9035 -27.2681 3
    endloop
  endfacet
  facet normal 0 0 1
    outer loop
      vertex -23.2188 -27.363 3
      vertex -17.9035 -27.2681 3
      vertex -18.8101 -27.2681 3
    endloop
  endfacet
  facet normal -0 0 1
    outer loop
      vertex -19.9072 -24.2355 3
      vertex -18.8101 -27.2681 3
      vertex -19.896 -23.8931 3
    endloop
  endfacet
  facet normal -0 0 1
    outer loop
      vertex -19.9406 -24.5634 3
      vertex -18.8101 -27.2681 3
      vertex -19.9072 -24.2355 3
    endloop
  endfacet
  facet normal -0 0 1
    outer loop
      vertex -19.9963 -24.8769 3
      vertex -18.8101 -27.2681 3
      vertex -19.9406 -24.5634 3
    endloop
  endfacet
  facet normal -0 0 1
    outer loop
      vertex -20.0743 -25.1758 3
      vertex -18.8101 -27.2681 3
      vertex -19.9963 -24.8769 3
    endloop
  endfacet
  facet normal -0 0 1
    outer loop
      vertex -20.1746 -25.4602 3
      vertex -18.8101 -27.2681 3
      vertex -20.0743 -25.1758 3
    endloop
  endfacet
  facet normal -0 0 1
    outer loop
      vertex -20.2972 -25.7301 3
      vertex -18.8101 -27.2681 3
      vertex -20.1746 -25.4602 3
    endloop
  endfacet
  facet normal -0 0 1
    outer loop
      vertex -20.4406 -25.9827 3
      vertex -18.8101 -27.2681 3
      vertex -20.2972 -25.7301 3
    endloop
  endfacet
  facet normal -0 0 1
    outer loop
      vertex -20.6033 -26.2149 3
      vertex -18.8101 -27.2681 3
      vertex -20.4406 -25.9827 3
    endloop
  endfacet
  facet normal -0 0 1
    outer loop
      vertex -20.7855 -26.4268 3
      vertex -18.8101 -27.2681 3
      vertex -20.6033 -26.2149 3
    endloop
  endfacet
  facet normal -0 0 1
    outer loop
      vertex -20.987 -26.6183 3
      vertex -18.8101 -27.2681 3
      vertex -20.7855 -26.4268 3
    endloop
  endfacet
  facet normal -0 0 1
    outer loop
      vertex -21.208 -26.7896 3
      vertex -18.8101 -27.2681 3
      vertex -20.987 -26.6183 3
    endloop
  endfacet
  facet normal -0 0 1
    outer loop
      vertex -21.4483 -26.9406 3
      vertex -18.8101 -27.2681 3
      vertex -21.208 -26.7896 3
    endloop
  endfacet
  facet normal -0 0 1
    outer loop
      vertex -21.7058 -27.0697 3
      vertex -18.8101 -27.2681 3
      vertex -21.4483 -26.9406 3
    endloop
  endfacet
  facet normal -0 0 1
    outer loop
      vertex -21.9783 -27.1753 3
      vertex -18.8101 -27.2681 3
      vertex -21.7058 -27.0697 3
    endloop
  endfacet
  facet normal -0 0 1
    outer loop
      vertex -22.2659 -27.2574 3
      vertex -18.8101 -27.2681 3
      vertex -21.9783 -27.1753 3
    endloop
  endfacet
  facet normal 0 0 1
    outer loop
      vertex -22.5685 -27.3161 3
      vertex -18.8101 -27.2681 3
      vertex -22.2659 -27.2574 3
    endloop
  endfacet
  facet normal 0 0 1
    outer loop
      vertex -22.8862 -27.3513 3
      vertex -18.8101 -27.2681 3
      vertex -22.5685 -27.3161 3
    endloop
  endfacet
  facet normal 0 0 1
    outer loop
      vertex -23.2188 -27.363 3
      vertex -18.8101 -27.2681 3
      vertex -22.8862 -27.3513 3
    endloop
  endfacet
  facet normal 0 0 1
    outer loop
      vertex -81.5 -31 3
      vertex -12.4774 -27.2681 3
      vertex -23.2188 -27.363 3
    endloop
  endfacet
  facet normal 0 0 1
    outer loop
      vertex -81.5 -31 3
      vertex -23.2188 -27.363 3
      vertex -23.5544 -27.3514 3
    endloop
  endfacet
  facet normal -0 0 1
    outer loop
      vertex -72.2056 -0.940456 3
      vertex -26.3126 -22.4637 3
      vertex -72.0744 -0.726384 3
    endloop
  endfacet
  facet normal 0 0 1
    outer loop
      vertex -26.3126 -22.4637 3
      vertex -72.2056 -0.940456 3
      vertex -26.4346 -22.9013 3
    endloop
  endfacet
  facet normal -0 0 1
    outer loop
      vertex -72.3686 -1.13137 3
      vertex -26.4346 -22.9013 3
      vertex -72.2056 -0.940456 3
    endloop
  endfacet
  facet normal 0 0 1
    outer loop
      vertex -26.4346 -22.9013 3
      vertex -72.3686 -1.13137 3
      vertex -26.5078 -23.3777 3
    endloop
  endfacet
  facet normal 0 0 1
    outer loop
      vertex -26.5078 -23.3777 3
      vertex -72.3686 -1.13137 3
      vertex -26.5322 -23.8931 3
    endloop
  endfacet
  facet normal -0 0 1
    outer loop
      vertex -72.5595 -1.29443 3
      vertex -26.5322 -23.8931 3
      vertex -72.3686 -1.13137 3
    endloop
  endfacet
  facet normal 0 0 1
    outer loop
      vertex -81.5 -31 3
      vertex -26.5322 -23.8931 3
      vertex -72.5595 -1.29443 3
    endloop
  endfacet
  facet normal 0 0 1
    outer loop
      vertex -26.5322 -23.8931 3
      vertex -81.5 -31 3
      vertex -26.5212 -24.237 3
    endloop
  endfacet
  facet normal 0 0 1
    outer loop
      vertex -26.5212 -24.237 3
      vertex -81.5 -31 3
      vertex -26.4884 -24.5664 3
    endloop
  endfacet
  facet normal 0 0 1
    outer loop
      vertex -26.4884 -24.5664 3
      vertex -81.5 -31 3
      vertex -26.4337 -24.881 3
    endloop
  endfacet
  facet normal 0 0 1
    outer loop
      vertex -26.4337 -24.881 3
      vertex -81.5 -31 3
      vertex -26.3571 -25.1811 3
    endloop
  endfacet
  facet normal 0 0 1
    outer loop
      vertex -26.3571 -25.1811 3
      vertex -81.5 -31 3
      vertex -26.2586 -25.4665 3
    endloop
  endfacet
  facet normal 0 0 1
    outer loop
      vertex -26.2586 -25.4665 3
      vertex -81.5 -31 3
      vertex -26.1382 -25.7373 3
    endloop
  endfacet
  facet normal 0 0 1
    outer loop
      vertex -26.1382 -25.7373 3
      vertex -81.5 -31 3
      vertex -25.997 -25.9904 3
    endloop
  endfacet
  facet normal 0 0 1
    outer loop
      vertex -25.997 -25.9904 3
      vertex -81.5 -31 3
      vertex -25.8362 -26.2228 3
    endloop
  endfacet
  facet normal 0 0 1
    outer loop
      vertex -25.8362 -26.2228 3
      vertex -81.5 -31 3
      vertex -25.6558 -26.4344 3
    endloop
  endfacet
  facet normal 0 0 1
    outer loop
      vertex -25.6558 -26.4344 3
      vertex -81.5 -31 3
      vertex -25.4557 -26.6254 3
    endloop
  endfacet
  facet normal 0 0 1
    outer loop
      vertex -25.4557 -26.6254 3
      vertex -81.5 -31 3
      vertex -25.2359 -26.7957 3
    endloop
  endfacet
  facet normal 0 0 1
    outer loop
      vertex -81.5 -31 3
      vertex -72.5595 -1.29443 3
      vertex -72.7736 -1.42561 3
    endloop
  endfacet
  facet normal 0 0 1
    outer loop
      vertex -81.5 -31 3
      vertex -72.7736 -1.42561 3
      vertex -73.0056 -1.52169 3
    endloop
  endfacet
  facet normal 0 0 1
    outer loop
      vertex -81.5 -31 3
      vertex -73.0056 -1.52169 3
      vertex -73.2497 -1.5803 3
    endloop
  endfacet
  facet normal 0 0 1
    outer loop
      vertex -81.5 -31 3
      vertex -73.2497 -1.5803 3
      vertex -73.5 -1.6 3
    endloop
  endfacet
  facet normal 0 0 1
    outer loop
      vertex -81.5 -31 3
      vertex -73.5 -1.6 3
      vertex -73.7503 -1.5803 3
    endloop
  endfacet
  facet normal 0 0 1
    outer loop
      vertex -81.5 -31 3
      vertex -73.7503 -1.5803 3
      vertex -73.9944 -1.52169 3
    endloop
  endfacet
  facet normal 0 0 1
    outer loop
      vertex -81.5 -31 3
      vertex -73.9944 -1.52169 3
      vertex -74.2264 -1.42561 3
    endloop
  endfacet
  facet normal 0 0 1
    outer loop
      vertex -81.5 -31 3
      vertex -75.1 0 3
      vertex -81.5 31 3
    endloop
  endfacet
  facet normal 0 0 1
    outer loop
      vertex -7.20847 -27.2681 3
      vertex -81.5 -31 3
      vertex 81.5 -31 3
    endloop
  endfacet
  facet normal 0 0 1
    outer loop
      vertex -23.8742 -27.3166 3
      vertex -81.5 -31 3
      vertex -23.5544 -27.3514 3
    endloop
  endfacet
  facet normal 0 0 1
    outer loop
      vertex -24.1783 -27.2586 3
      vertex -81.5 -31 3
      vertex -23.8742 -27.3166 3
    endloop
  endfacet
  facet normal 0 0 1
    outer loop
      vertex -24.4667 -27.1774 3
      vertex -81.5 -31 3
      vertex -24.1783 -27.2586 3
    endloop
  endfacet
  facet normal 0 0 1
    outer loop
      vertex -24.7395 -27.073 3
      vertex -81.5 -31 3
      vertex -24.4667 -27.1774 3
    endloop
  endfacet
  facet normal 0 0 1
    outer loop
      vertex -24.9966 -26.9453 3
      vertex -81.5 -31 3
      vertex -24.7395 -27.073 3
    endloop
  endfacet
  facet normal 0 0 1
    outer loop
      vertex -25.2359 -26.7957 3
      vertex -81.5 -31 3
      vertex -24.9966 -26.9453 3
    endloop
  endfacet
  facet normal 0 0 1
    outer loop
      vertex -74.4405 -1.29443 3
      vertex -81.5 -31 3
      vertex -74.2264 -1.42561 3
    endloop
  endfacet
  facet normal 0 0 1
    outer loop
      vertex -74.6314 -1.13137 3
      vertex -81.5 -31 3
      vertex -74.4405 -1.29443 3
    endloop
  endfacet
  facet normal 0 0 1
    outer loop
      vertex -74.7944 -0.940456 3
      vertex -81.5 -31 3
      vertex -74.6314 -1.13137 3
    endloop
  endfacet
  facet normal 0 0 1
    outer loop
      vertex -74.9256 -0.726384 3
      vertex -81.5 -31 3
      vertex -74.7944 -0.940456 3
    endloop
  endfacet
  facet normal 0 0 1
    outer loop
      vertex -75.0217 -0.494427 3
      vertex -81.5 -31 3
      vertex -74.9256 -0.726384 3
    endloop
  endfacet
  facet normal 0 0 1
    outer loop
      vertex -75.0803 -0.250295 3
      vertex -81.5 -31 3
      vertex -75.0217 -0.494427 3
    endloop
  endfacet
  facet normal 0 0 1
    outer loop
      vertex -75.1 0 3
      vertex -81.5 -31 3
      vertex -75.0803 -0.250295 3
    endloop
  endfacet
  facet normal 0 0 1
    outer loop
      vertex 27.1739 -20.5798 3
      vertex 20.4147 -1.42415 3
      vertex 26.2292 -20.5798 3
    endloop
  endfacet
  facet normal 0 0 1
    outer loop
      vertex 25.2692 -24.0337 3
      vertex 24.226 -24.7428 3
      vertex 25.0795 -24.7243 3
    endloop
  endfacet
  facet normal 0 0 1
    outer loop
      vertex 25.5241 -23.1128 3
      vertex 24.226 -24.7428 3
      vertex 25.2692 -24.0337 3
    endloop
  endfacet
  facet normal 0 -0 1
    outer loop
      vertex 24.3115 -25.0743 3
      vertex 25.0795 -24.7243 3
      vertex 24.226 -24.7428 3
    endloop
  endfacet
  facet normal 0 -0 1
    outer loop
      vertex 24.3906 -25.3884 3
      vertex 24.9548 -25.1846 3
      vertex 24.3115 -25.0743 3
    endloop
  endfacet
  facet normal 0 -0 1
    outer loop
      vertex 24.226 -24.7428 3
      vertex 25.5241 -23.1128 3
      vertex 23.063 -20.5798 3
    endloop
  endfacet
  facet normal 0 0 1
    outer loop
      vertex 24.6865 -26.3045 3
      vertex 24.59 -26.2262 3
      vertex 24.6438 -26.4706 3
    endloop
  endfacet
  facet normal 0 0 1
    outer loop
      vertex 24.6865 -26.3045 3
      vertex 24.5299 -25.9643 3
      vertex 24.59 -26.2262 3
    endloop
  endfacet
  facet normal 0 0 1
    outer loop
      vertex 24.8954 -25.4145 3
      vertex 24.5299 -25.9643 3
      vertex 24.6865 -26.3045 3
    endloop
  endfacet
  facet normal 0 -0 1
    outer loop
      vertex 24.5299 -25.9643 3
      vertex 24.8954 -25.4145 3
      vertex 24.4634 -25.685 3
    endloop
  endfacet
  facet normal 0 -0 1
    outer loop
      vertex 24.4634 -25.685 3
      vertex 24.8954 -25.4145 3
      vertex 24.3906 -25.3884 3
    endloop
  endfacet
  facet normal 0 0 1
    outer loop
      vertex 24.9548 -25.1846 3
      vertex 24.3906 -25.3884 3
      vertex 24.8954 -25.4145 3
    endloop
  endfacet
  facet normal 0 0 1
    outer loop
      vertex 25.0795 -24.7243 3
      vertex 24.3115 -25.0743 3
      vertex 24.9548 -25.1846 3
    endloop
  endfacet
  facet normal 0 0 1
    outer loop
      vertex 25.8441 -21.9615 3
      vertex 23.063 -20.5798 3
      vertex 25.5241 -23.1128 3
    endloop
  endfacet
  facet normal -0 0 1
    outer loop
      vertex 20.1604 -1.6193 3
      vertex 26.2292 -20.5798 3
      vertex 20.4147 -1.42415 3
    endloop
  endfacet
  facet normal 0 0 1
    outer loop
      vertex 26.2292 -20.5798 3
      vertex 23.063 -20.5798 3
      vertex 25.8441 -21.9615 3
    endloop
  endfacet
  facet normal -0 0 1
    outer loop
      vertex 17.8544 -3.25895 3
      vertex 26.2292 -20.5798 3
      vertex 20.1604 -1.6193 3
    endloop
  endfacet
  facet normal 0 0 1
    outer loop
      vertex 26.2292 -20.5798 3
      vertex 17.8544 -3.25895 3
      vertex 23.063 -20.5798 3
    endloop
  endfacet
  facet normal 0 0 1
    outer loop
      vertex 23.063 -20.5798 3
      vertex 17.8544 -3.25895 3
      vertex 22.1944 -20.5798 3
    endloop
  endfacet
  facet normal 0 0 1
    outer loop
      vertex 21.5291 -22.9453 3
      vertex 19.0187 -20.5798 3
      vertex 21.2812 -23.835 3
    endloop
  endfacet
  facet normal 0 -0 1
    outer loop
      vertex 20.2197 -24.8282 3
      vertex 21.2812 -23.835 3
      vertex 19.0187 -20.5798 3
    endloop
  endfacet
  facet normal 0 0 1
    outer loop
      vertex 21.2812 -23.835 3
      vertex 20.2197 -24.8282 3
      vertex 21.09 -24.5292 3
    endloop
  endfacet
  facet normal 0 0 1
    outer loop
      vertex 21.09 -24.5292 3
      vertex 20.2197 -24.8282 3
      vertex 20.9553 -25.028 3
    endloop
  endfacet
  facet normal 0 -0 1
    outer loop
      vertex 20.29 -25.0954 3
      vertex 20.9553 -25.028 3
      vertex 20.2197 -24.8282 3
    endloop
  endfacet
  facet normal 0 0 1
    outer loop
      vertex 20.9553 -25.028 3
      vertex 20.29 -25.0954 3
      vertex 20.8772 -25.3314 3
    endloop
  endfacet
  facet normal 0 -0 1
    outer loop
      vertex 20.3584 -25.3651 3
      vertex 20.8772 -25.3314 3
      vertex 20.29 -25.0954 3
    endloop
  endfacet
  facet normal 0 -0 1
    outer loop
      vertex 20.425 -25.6376 3
      vertex 20.8283 -25.5345 3
      vertex 20.3584 -25.3651 3
    endloop
  endfacet
  facet normal 0 0 1
    outer loop
      vertex 20.8283 -25.5345 3
      vertex 20.425 -25.6376 3
      vertex 20.7814 -25.7323 3
    endloop
  endfacet
  facet normal 0 0 1
    outer loop
      vertex 20.6527 -26.2939 3
      vertex 20.5526 -26.1903 3
      vertex 20.6137 -26.4706 3
    endloop
  endfacet
  facet normal 0 0 1
    outer loop
      vertex 20.6936 -26.112 3
      vertex 20.5526 -26.1903 3
      vertex 20.6527 -26.2939 3
    endloop
  endfacet
  facet normal 0 -0 1
    outer loop
      vertex 20.5526 -26.1903 3
      vertex 20.6936 -26.112 3
      vertex 20.4897 -25.9126 3
    endloop
  endfacet
  facet normal 0 0 1
    outer loop
      vertex 21.8335 -21.8602 3
      vertex 19.0187 -20.5798 3
      vertex 21.5291 -22.9453 3
    endloop
  endfacet
  facet normal 0 0 1
    outer loop
      vertex 20.7365 -25.9247 3
      vertex 20.4897 -25.9126 3
      vertex 20.6936 -26.112 3
    endloop
  endfacet
  facet normal 0 0 1
    outer loop
      vertex 20.7814 -25.7323 3
      vertex 20.4897 -25.9126 3
      vertex 20.7365 -25.9247 3
    endloop
  endfacet
  facet normal 0 -0 1
    outer loop
      vertex 20.4897 -25.9126 3
      vertex 20.7814 -25.7323 3
      vertex 20.425 -25.6376 3
    endloop
  endfacet
  facet normal -0 0 1
    outer loop
      vertex 17.4939 -3.45469 3
      vertex 22.1944 -20.5798 3
      vertex 17.8544 -3.25895 3
    endloop
  endfacet
  facet normal 0 0 1
    outer loop
      vertex 20.8772 -25.3314 3
      vertex 20.3584 -25.3651 3
      vertex 20.8283 -25.5345 3
    endloop
  endfacet
  facet normal 0 0 1
    outer loop
      vertex 22.1944 -20.5798 3
      vertex 19.0187 -20.5798 3
      vertex 21.8335 -21.8602 3
    endloop
  endfacet
  facet normal -0 0 1
    outer loop
      vertex 14.3095 -17.7561 3
      vertex 22.1944 -20.5798 3
      vertex 17.4939 -3.45469 3
    endloop
  endfacet
  facet normal 0 0 1
    outer loop
      vertex -25.6113 -23.8931 3
      vertex -20.8217 -23.8931 3
      vertex -20.839 -23.4919 3
    endloop
  endfacet
  facet normal 0 0 1
    outer loop
      vertex -20.8217 -23.8931 3
      vertex -25.6113 -23.8931 3
      vertex -20.8389 -24.3118 3
    endloop
  endfacet
  facet normal -0 0 1
    outer loop
      vertex -25.5939 -23.4863 3
      vertex -20.839 -23.4919 3
      vertex -20.8911 -23.1204 3
    endloop
  endfacet
  facet normal -0 -0 1
    outer loop
      vertex -25.5937 -24.298 3
      vertex -20.8389 -24.3118 3
      vertex -25.6113 -23.8931 3
    endloop
  endfacet
  facet normal 0 0 1
    outer loop
      vertex -23.2093 -21.2206 3
      vertex -20.8911 -23.1204 3
      vertex -20.9777 -22.7788 3
    endloop
  endfacet
  facet normal 0 -0 1
    outer loop
      vertex -25.5409 -24.674 3
      vertex -20.8389 -24.3118 3
      vertex -25.5937 -24.298 3
    endloop
  endfacet
  facet normal 0 0 1
    outer loop
      vertex -22.8439 -21.2404 3
      vertex -20.9777 -22.7788 3
      vertex -21.0991 -22.4669 3
    endloop
  endfacet
  facet normal 0 0 1
    outer loop
      vertex -20.8389 -24.3118 3
      vertex -25.5409 -24.674 3
      vertex -20.8905 -24.6977 3
    endloop
  endfacet
  facet normal 0 0 1
    outer loop
      vertex -22.507 -21.2997 3
      vertex -21.0991 -22.4669 3
      vertex -21.2552 -22.1849 3
    endloop
  endfacet
  facet normal 0 -0 1
    outer loop
      vertex -23.2188 -26.6273 3
      vertex -20.8905 -24.6977 3
      vertex -25.5409 -24.674 3
    endloop
  endfacet
  facet normal 0 0 1
    outer loop
      vertex -22.507 -21.2997 3
      vertex -21.2552 -22.1849 3
      vertex -21.4459 -21.9327 3
    endloop
  endfacet
  facet normal 0 0 1
    outer loop
      vertex -20.8905 -24.6977 3
      vertex -23.2188 -26.6273 3
      vertex -20.9766 -25.0508 3
    endloop
  endfacet
  facet normal 0 0 1
    outer loop
      vertex -22.507 -21.2997 3
      vertex -21.4459 -21.9327 3
      vertex -21.6683 -21.7151 3
    endloop
  endfacet
  facet normal 0 -0 1
    outer loop
      vertex -22.8477 -26.6074 3
      vertex -20.9766 -25.0508 3
      vertex -23.2188 -26.6273 3
    endloop
  endfacet
  facet normal 0 0 1
    outer loop
      vertex -22.507 -21.2997 3
      vertex -21.6683 -21.7151 3
      vertex -21.9192 -21.5371 3
    endloop
  endfacet
  facet normal 0 -0 1
    outer loop
      vertex -22.5066 -26.5479 3
      vertex -21.097 -25.371 3
      vertex -22.8477 -26.6074 3
    endloop
  endfacet
  facet normal 0 0 1
    outer loop
      vertex -22.507 -21.2997 3
      vertex -21.9192 -21.5371 3
      vertex -22.1988 -21.3986 3
    endloop
  endfacet
  facet normal 0 0 1
    outer loop
      vertex -21.2519 -25.6584 3
      vertex -22.5066 -26.5479 3
      vertex -21.4412 -25.9129 3
    endloop
  endfacet
  facet normal 0 0 1
    outer loop
      vertex -21.0991 -22.4669 3
      vertex -22.507 -21.2997 3
      vertex -22.8439 -21.2404 3
    endloop
  endfacet
  facet normal 0 0 1
    outer loop
      vertex -20.9777 -22.7788 3
      vertex -22.8439 -21.2404 3
      vertex -23.2093 -21.2206 3
    endloop
  endfacet
  facet normal 0 0 1
    outer loop
      vertex -21.4412 -25.9129 3
      vertex -22.5066 -26.5479 3
      vertex -21.6626 -26.1312 3
    endloop
  endfacet
  facet normal 0 0 1
    outer loop
      vertex -20.8911 -23.1204 3
      vertex -23.2093 -21.2206 3
      vertex -25.5417 -23.1109 3
    endloop
  endfacet
  facet normal 0 0 1
    outer loop
      vertex -21.914 -26.3098 3
      vertex -22.5066 -26.5479 3
      vertex -22.1953 -26.4487 3
    endloop
  endfacet
  facet normal 0 0 1
    outer loop
      vertex -25.5417 -23.1109 3
      vertex -23.2093 -21.2206 3
      vertex -23.5777 -21.2401 3
    endloop
  endfacet
  facet normal 0 0 1
    outer loop
      vertex -21.6626 -26.1312 3
      vertex -22.5066 -26.5479 3
      vertex -21.914 -26.3098 3
    endloop
  endfacet
  facet normal 0 0 1
    outer loop
      vertex -21.097 -25.371 3
      vertex -22.5066 -26.5479 3
      vertex -21.2519 -25.6584 3
    endloop
  endfacet
  facet normal 0 0 1
    outer loop
      vertex -25.4547 -22.7669 3
      vertex -23.5777 -21.2401 3
      vertex -23.9172 -21.2987 3
    endloop
  endfacet
  facet normal 0 0 1
    outer loop
      vertex -20.9766 -25.0508 3
      vertex -22.8477 -26.6074 3
      vertex -21.097 -25.371 3
    endloop
  endfacet
  facet normal 0 0 1
    outer loop
      vertex -25.3328 -22.4543 3
      vertex -23.9172 -21.2987 3
      vertex -24.2276 -21.3963 3
    endloop
  endfacet
  facet normal -0 -0 1
    outer loop
      vertex -25.4529 -25.0211 3
      vertex -23.2188 -26.6273 3
      vertex -25.5409 -24.674 3
    endloop
  endfacet
  facet normal 0 0 1
    outer loop
      vertex -25.1762 -22.173 3
      vertex -24.2276 -21.3963 3
      vertex -24.509 -21.5329 3
    endloop
  endfacet
  facet normal 0 0 1
    outer loop
      vertex -23.2188 -26.6273 3
      vertex -25.4529 -25.0211 3
      vertex -23.5802 -26.6068 3
    endloop
  endfacet
  facet normal 0 0 1
    outer loop
      vertex -25.1762 -22.173 3
      vertex -24.509 -21.5329 3
      vertex -24.7614 -21.7085 3
    endloop
  endfacet
  facet normal -0 -0 1
    outer loop
      vertex -25.3297 -25.3393 3
      vertex -23.5802 -26.6068 3
      vertex -25.4529 -25.0211 3
    endloop
  endfacet
  facet normal 0 0 1
    outer loop
      vertex -25.1762 -22.173 3
      vertex -24.7614 -21.7085 3
      vertex -24.9847 -21.9231 3
    endloop
  endfacet
  facet normal 0 0 1
    outer loop
      vertex -23.5802 -26.6068 3
      vertex -25.3297 -25.3393 3
      vertex -23.9143 -26.5453 3
    endloop
  endfacet
  facet normal 0 0 1
    outer loop
      vertex -24.2276 -21.3963 3
      vertex -25.1762 -22.173 3
      vertex -25.3328 -22.4543 3
    endloop
  endfacet
  facet normal -0 -0 1
    outer loop
      vertex -25.1712 -25.6287 3
      vertex -23.9143 -26.5453 3
      vertex -25.3297 -25.3393 3
    endloop
  endfacet
  facet normal 0 0 1
    outer loop
      vertex -23.9172 -21.2987 3
      vertex -25.3328 -22.4543 3
      vertex -25.4547 -22.7669 3
    endloop
  endfacet
  facet normal 0 0 1
    outer loop
      vertex -23.9143 -26.5453 3
      vertex -25.1712 -25.6287 3
      vertex -24.2211 -26.4427 3
    endloop
  endfacet
  facet normal 0 0 1
    outer loop
      vertex -23.5777 -21.2401 3
      vertex -25.4547 -22.7669 3
      vertex -25.5417 -23.1109 3
    endloop
  endfacet
  facet normal 0 0 1
    outer loop
      vertex -24.2211 -26.4427 3
      vertex -24.9776 -25.8892 3
      vertex -24.5005 -26.2992 3
    endloop
  endfacet
  facet normal 0 0 1
    outer loop
      vertex -20.8911 -23.1204 3
      vertex -25.5417 -23.1109 3
      vertex -25.5939 -23.4863 3
    endloop
  endfacet
  facet normal -0 -0 1
    outer loop
      vertex -24.9776 -25.8892 3
      vertex -24.2211 -26.4427 3
      vertex -25.1712 -25.6287 3
    endloop
  endfacet
  facet normal 0 0 1
    outer loop
      vertex -20.839 -23.4919 3
      vertex -25.5939 -23.4863 3
      vertex -25.6113 -23.8931 3
    endloop
  endfacet
  facet normal 0 0 1
    outer loop
      vertex -24.5005 -26.2992 3
      vertex -24.9776 -25.8892 3
      vertex -24.7527 -26.1147 3
    endloop
  endfacet
  facet normal 0 0 1
    outer loop
      vertex -15.6287 -21.342 3
      vertex -14.5475 -22.6019 3
      vertex -14.5907 -22.206 3
    endloop
  endfacet
  facet normal 0 -0 1
    outer loop
      vertex -15.6023 -23.908 3
      vertex -14.5475 -22.6019 3
      vertex -15.6287 -21.342 3
    endloop
  endfacet
  facet normal 0 0 1
    outer loop
      vertex -15.2394 -21.45 3
      vertex -14.5907 -22.206 3
      vertex -14.7204 -21.882 3
    endloop
  endfacet
  facet normal 0 0 1
    outer loop
      vertex -15.6287 -21.342 3
      vertex -14.5907 -22.206 3
      vertex -15.2394 -21.45 3
    endloop
  endfacet
  facet normal 0 0 1
    outer loop
      vertex -15.2394 -21.45 3
      vertex -14.7204 -21.882 3
      vertex -14.9367 -21.63 3
    endloop
  endfacet
  facet normal 0 0 1
    outer loop
      vertex -14.5475 -22.6019 3
      vertex -15.6023 -23.908 3
      vertex -14.5896 -23.0124 3
    endloop
  endfacet
  facet normal 0 0 1
    outer loop
      vertex -14.7162 -23.3483 3
      vertex -15.2226 -23.796 3
      vertex -14.9272 -23.6095 3
    endloop
  endfacet
  facet normal 0 0 1
    outer loop
      vertex -14.5896 -23.0124 3
      vertex -15.2226 -23.796 3
      vertex -14.7162 -23.3483 3
    endloop
  endfacet
  facet normal 0 -0 1
    outer loop
      vertex -15.2226 -23.796 3
      vertex -14.5896 -23.0124 3
      vertex -15.6023 -23.908 3
    endloop
  endfacet
  facet normal 0 0 1
    outer loop
      vertex -15.6287 -21.342 3
      vertex -16.0665 -23.9453 3
      vertex -15.6023 -23.908 3
    endloop
  endfacet
  facet normal 0 0 1
    outer loop
      vertex -16.1044 -21.306 3
      vertex -16.0665 -23.9453 3
      vertex -15.6287 -21.342 3
    endloop
  endfacet
  facet normal 0 0 1
    outer loop
      vertex -17.9035 -23.9453 3
      vertex -16.1044 -21.306 3
      vertex -17.9035 -21.306 3
    endloop
  endfacet
  facet normal 0 0 1
    outer loop
      vertex -16.1044 -21.306 3
      vertex -17.9035 -23.9453 3
      vertex -16.0665 -23.9453 3
    endloop
  endfacet
  facet normal 0 0 1
    outer loop
      vertex 14.9086 -22.4073 3
      vertex 15.6966 -22.3978 3
      vertex 15.6523 -22.2863 3
    endloop
  endfacet
  facet normal -0 0 1
    outer loop
      vertex 15.2599 -21.3963 3
      vertex 15.4308 -21.6573 3
      vertex 15.3027 -21.2633 3
    endloop
  endfacet
  facet normal -0 0 1
    outer loop
      vertex 15.2172 -21.5338 3
      vertex 15.4308 -21.6573 3
      vertex 15.2599 -21.3963 3
    endloop
  endfacet
  facet normal 0 0 1
    outer loop
      vertex 15.1681 -21.6837 3
      vertex 15.4308 -21.6573 3
      vertex 15.2172 -21.5338 3
    endloop
  endfacet
  facet normal 0 0 1
    outer loop
      vertex 15.4308 -21.6573 3
      vertex 15.1681 -21.6837 3
      vertex 15.4751 -21.7926 3
    endloop
  endfacet
  facet normal 0 0 1
    outer loop
      vertex 15.1128 -21.846 3
      vertex 15.4751 -21.7926 3
      vertex 15.1681 -21.6837 3
    endloop
  endfacet
  facet normal 0 0 1
    outer loop
      vertex 15.4751 -21.7926 3
      vertex 15.1128 -21.846 3
      vertex 15.5194 -21.9232 3
    endloop
  endfacet
  facet normal 0 0 1
    outer loop
      vertex 15.0511 -22.0207 3
      vertex 15.5194 -21.9232 3
      vertex 15.1128 -21.846 3
    endloop
  endfacet
  facet normal 0 0 1
    outer loop
      vertex 15.5194 -21.9232 3
      vertex 15.0511 -22.0207 3
      vertex 15.5637 -22.0489 3
    endloop
  endfacet
  facet normal 0 0 1
    outer loop
      vertex 15.5637 -22.0489 3
      vertex 15.0511 -22.0207 3
      vertex 15.608 -22.17 3
    endloop
  endfacet
  facet normal 0 0 1
    outer loop
      vertex 14.983 -22.2078 3
      vertex 15.608 -22.17 3
      vertex 15.0511 -22.0207 3
    endloop
  endfacet
  facet normal 0 0 1
    outer loop
      vertex 15.608 -22.17 3
      vertex 14.983 -22.2078 3
      vertex 15.6523 -22.2863 3
    endloop
  endfacet
  facet normal 0 0 1
    outer loop
      vertex 14.9086 -22.4073 3
      vertex 15.6523 -22.2863 3
      vertex 14.983 -22.2078 3
    endloop
  endfacet
  facet normal 0 0 1
    outer loop
      vertex 15.6966 -22.3978 3
      vertex 14.9086 -22.4073 3
      vertex 16.5558 -24.6051 3
    endloop
  endfacet
  facet normal 0 0 1
    outer loop
      vertex 16.5558 -24.6051 3
      vertex 14.9086 -22.4073 3
      vertex 14.0542 -24.6051 3
    endloop
  endfacet
  facet normal 1 -0 0
    outer loop
      vertex 81.5 -31 3
      vertex 81.5 31 0
      vertex 81.5 31 3
    endloop
  endfacet
  facet normal 1 0 0
    outer loop
      vertex 81.5 31 0
      vertex 81.5 -31 3
      vertex 81.5 -31 0
    endloop
  endfacet
  facet normal 0 0 -1
    outer loop
      vertex 81.5 -31 0
      vertex 75.1 0 0
      vertex 81.5 31 0
    endloop
  endfacet
  facet normal 0 0 -1
    outer loop
      vertex 81.5 -31 0
      vertex 75.0803 -0.250295 0
      vertex 75.1 0 0
    endloop
  endfacet
  facet normal 0 0 -1
    outer loop
      vertex 81.5 -31 0
      vertex 75.0217 -0.494427 0
      vertex 75.0803 -0.250295 0
    endloop
  endfacet
  facet normal 0 0 -1
    outer loop
      vertex 81.5 -31 0
      vertex 74.9256 -0.726384 0
      vertex 75.0217 -0.494427 0
    endloop
  endfacet
  facet normal 0 0 -1
    outer loop
      vertex 81.5 -31 0
      vertex 74.7944 -0.940456 0
      vertex 74.9256 -0.726384 0
    endloop
  endfacet
  facet normal 0 0 -1
    outer loop
      vertex 81.5 -31 0
      vertex 74.6314 -1.13137 0
      vertex 74.7944 -0.940456 0
    endloop
  endfacet
  facet normal 0 0 -1
    outer loop
      vertex 81.5 -31 0
      vertex 74.4405 -1.29443 0
      vertex 74.6314 -1.13137 0
    endloop
  endfacet
  facet normal 0 0 -1
    outer loop
      vertex 81.5 -31 0
      vertex 74.2264 -1.42561 0
      vertex 74.4405 -1.29443 0
    endloop
  endfacet
  facet normal 0 0 -1
    outer loop
      vertex 81.5 -31 0
      vertex 73.9944 -1.52169 0
      vertex 74.2264 -1.42561 0
    endloop
  endfacet
  facet normal 0 0 -1
    outer loop
      vertex 81.5 -31 0
      vertex 73.7503 -1.5803 0
      vertex 73.9944 -1.52169 0
    endloop
  endfacet
  facet normal 0 0 -1
    outer loop
      vertex 81.5 -31 0
      vertex 73.5 -1.6 0
      vertex 73.7503 -1.5803 0
    endloop
  endfacet
  facet normal 0 0 -1
    outer loop
      vertex 81.5 -31 0
      vertex 73.2497 -1.5803 0
      vertex 73.5 -1.6 0
    endloop
  endfacet
  facet normal 0 0 -1
    outer loop
      vertex 81.5 -31 0
      vertex 73.0056 -1.52169 0
      vertex 73.2497 -1.5803 0
    endloop
  endfacet
  facet normal 0 0 -1
    outer loop
      vertex 81.5 -31 0
      vertex 72.7736 -1.42561 0
      vertex 73.0056 -1.52169 0
    endloop
  endfacet
  facet normal 0 0 -1
    outer loop
      vertex 81.5 -31 0
      vertex 72.5595 -1.29443 0
      vertex 72.7736 -1.42561 0
    endloop
  endfacet
  facet normal 0 0 -1
    outer loop
      vertex 81.5 -31 0
      vertex 72.3686 -1.13137 0
      vertex 72.5595 -1.29443 0
    endloop
  endfacet
  facet normal 0 0 -1
    outer loop
      vertex 81.5 -31 0
      vertex 72.2056 -0.940456 0
      vertex 72.3686 -1.13137 0
    endloop
  endfacet
  facet normal 0 0 -1
    outer loop
      vertex 81.5 -31 0
      vertex 72.0744 -0.726384 0
      vertex 72.2056 -0.940456 0
    endloop
  endfacet
  facet normal 0 0 -1
    outer loop
      vertex -72.0744 -0.726384 0
      vertex 72.0744 -0.726384 0
      vertex 81.5 -31 0
    endloop
  endfacet
  facet normal 0 0 -1
    outer loop
      vertex 71.9197 -0.250295 0
      vertex -71.9 0 0
      vertex 71.9 0 0
    endloop
  endfacet
  facet normal 0 0 -1
    outer loop
      vertex -71.9197 -0.250295 0
      vertex 71.9197 -0.250295 0
      vertex 71.9783 -0.494427 0
    endloop
  endfacet
  facet normal 0 0 -1
    outer loop
      vertex 72.0744 -0.726384 0
      vertex -72.0744 -0.726384 0
      vertex 71.9783 -0.494427 0
    endloop
  endfacet
  facet normal 0 0 -1
    outer loop
      vertex 71.9197 -0.250295 0
      vertex -71.9197 -0.250295 0
      vertex -71.9 0 0
    endloop
  endfacet
  facet normal 0 0 -1
    outer loop
      vertex 71.9783 -0.494427 0
      vertex -71.9783 -0.494427 0
      vertex -71.9197 -0.250295 0
    endloop
  endfacet
  facet normal -0 0 -1
    outer loop
      vertex 71.9783 -0.494427 0
      vertex -72.0744 -0.726384 0
      vertex -71.9783 -0.494427 0
    endloop
  endfacet
  facet normal 0 0 -1
    outer loop
      vertex -81.5 -31 0
      vertex -72.0744 -0.726384 0
      vertex 81.5 -31 0
    endloop
  endfacet
  facet normal 0 0 -1
    outer loop
      vertex -72.0744 -0.726384 0
      vertex -81.5 -31 0
      vertex -72.2056 -0.940456 0
    endloop
  endfacet
  facet normal 0 0 -1
    outer loop
      vertex -72.2056 -0.940456 0
      vertex -81.5 -31 0
      vertex -72.3686 -1.13137 0
    endloop
  endfacet
  facet normal 0 0 -1
    outer loop
      vertex -72.3686 -1.13137 0
      vertex -81.5 -31 0
      vertex -72.5595 -1.29443 0
    endloop
  endfacet
  facet normal 0 0 -1
    outer loop
      vertex -72.5595 -1.29443 0
      vertex -81.5 -31 0
      vertex -72.7736 -1.42561 0
    endloop
  endfacet
  facet normal 0 0 -1
    outer loop
      vertex -72.7736 -1.42561 0
      vertex -81.5 -31 0
      vertex -73.0056 -1.52169 0
    endloop
  endfacet
  facet normal 0 0 -1
    outer loop
      vertex -73.0056 -1.52169 0
      vertex -81.5 -31 0
      vertex -73.2497 -1.5803 0
    endloop
  endfacet
  facet normal 0 0 -1
    outer loop
      vertex -73.2497 -1.5803 0
      vertex -81.5 -31 0
      vertex -73.5 -1.6 0
    endloop
  endfacet
  facet normal -0 0 -1
    outer loop
      vertex -75.0803 -0.250295 0
      vertex -81.5 -31 0
      vertex -75.1 0 0
    endloop
  endfacet
  facet normal -0 0 -1
    outer loop
      vertex -75.0217 -0.494427 0
      vertex -81.5 -31 0
      vertex -75.0803 -0.250295 0
    endloop
  endfacet
  facet normal -0 0 -1
    outer loop
      vertex -74.9256 -0.726384 0
      vertex -81.5 -31 0
      vertex -75.0217 -0.494427 0
    endloop
  endfacet
  facet normal -0 0 -1
    outer loop
      vertex -74.7944 -0.940456 0
      vertex -81.5 -31 0
      vertex -74.9256 -0.726384 0
    endloop
  endfacet
  facet normal -0 0 -1
    outer loop
      vertex -74.6314 -1.13137 0
      vertex -81.5 -31 0
      vertex -74.7944 -0.940456 0
    endloop
  endfacet
  facet normal -0 0 -1
    outer loop
      vertex -74.4405 -1.29443 0
      vertex -81.5 -31 0
      vertex -74.6314 -1.13137 0
    endloop
  endfacet
  facet normal -0 0 -1
    outer loop
      vertex -74.2264 -1.42561 0
      vertex -81.5 -31 0
      vertex -74.4405 -1.29443 0
    endloop
  endfacet
  facet normal -0 0 -1
    outer loop
      vertex -73.9944 -1.52169 0
      vertex -81.5 -31 0
      vertex -74.2264 -1.42561 0
    endloop
  endfacet
  facet normal -0 0 -1
    outer loop
      vertex -73.7503 -1.5803 0
      vertex -81.5 -31 0
      vertex -73.9944 -1.52169 0
    endloop
  endfacet
  facet normal -0 0 -1
    outer loop
      vertex -73.5 -1.6 0
      vertex -81.5 -31 0
      vertex -73.7503 -1.5803 0
    endloop
  endfacet
  facet normal 0 0 -1
    outer loop
      vertex 75.0803 0.250295 0
      vertex 81.5 31 0
      vertex 75.1 0 0
    endloop
  endfacet
  facet normal 0 0 -1
    outer loop
      vertex 75.0217 0.494427 0
      vertex 81.5 31 0
      vertex 75.0803 0.250295 0
    endloop
  endfacet
  facet normal 0 0 -1
    outer loop
      vertex 74.9256 0.726384 0
      vertex 81.5 31 0
      vertex 75.0217 0.494427 0
    endloop
  endfacet
  facet normal 0 0 -1
    outer loop
      vertex 74.7944 0.940456 0
      vertex 81.5 31 0
      vertex 74.9256 0.726384 0
    endloop
  endfacet
  facet normal 0 0 -1
    outer loop
      vertex 74.6314 1.13137 0
      vertex 81.5 31 0
      vertex 74.7944 0.940456 0
    endloop
  endfacet
  facet normal 0 0 -1
    outer loop
      vertex 74.4405 1.29443 0
      vertex 81.5 31 0
      vertex 74.6314 1.13137 0
    endloop
  endfacet
  facet normal 0 0 -1
    outer loop
      vertex 74.2264 1.42561 0
      vertex 81.5 31 0
      vertex 74.4405 1.29443 0
    endloop
  endfacet
  facet normal 0 0 -1
    outer loop
      vertex 73.9944 1.52169 0
      vertex 81.5 31 0
      vertex 74.2264 1.42561 0
    endloop
  endfacet
  facet normal 0 0 -1
    outer loop
      vertex 73.7503 1.5803 0
      vertex 81.5 31 0
      vertex 73.9944 1.52169 0
    endloop
  endfacet
  facet normal 0 0 -1
    outer loop
      vertex 73.5 1.6 0
      vertex 81.5 31 0
      vertex 73.7503 1.5803 0
    endloop
  endfacet
  facet normal 0 0 -1
    outer loop
      vertex 73.2497 1.5803 0
      vertex 81.5 31 0
      vertex 73.5 1.6 0
    endloop
  endfacet
  facet normal 0 0 -1
    outer loop
      vertex 73.0056 1.52169 0
      vertex 81.5 31 0
      vertex 73.2497 1.5803 0
    endloop
  endfacet
  facet normal 0 0 -1
    outer loop
      vertex 72.7736 1.42561 0
      vertex 81.5 31 0
      vertex 73.0056 1.52169 0
    endloop
  endfacet
  facet normal 0 0 -1
    outer loop
      vertex 72.5595 1.29443 0
      vertex 81.5 31 0
      vertex 72.7736 1.42561 0
    endloop
  endfacet
  facet normal 0 0 -1
    outer loop
      vertex 72.3686 1.13137 0
      vertex 81.5 31 0
      vertex 72.5595 1.29443 0
    endloop
  endfacet
  facet normal 0 0 -1
    outer loop
      vertex 72.2056 0.940456 0
      vertex 81.5 31 0
      vertex 72.3686 1.13137 0
    endloop
  endfacet
  facet normal 0 0 -1
    outer loop
      vertex 72.0744 0.726384 0
      vertex 81.5 31 0
      vertex 72.2056 0.940456 0
    endloop
  endfacet
  facet normal 0 0 -1
    outer loop
      vertex -72.0744 0.726384 0
      vertex 72.0744 0.726384 0
      vertex 71.9783 0.494427 0
    endloop
  endfacet
  facet normal 0 0 -1
    outer loop
      vertex -71.9 0 0
      vertex 71.9197 0.250295 0
      vertex 71.9 0 0
    endloop
  endfacet
  facet normal 0 0 -1
    outer loop
      vertex -71.9197 0.250295 0
      vertex 71.9197 0.250295 0
      vertex -71.9 0 0
    endloop
  endfacet
  facet normal 0 0 -1
    outer loop
      vertex 71.9197 0.250295 0
      vertex -71.9197 0.250295 0
      vertex 71.9783 0.494427 0
    endloop
  endfacet
  facet normal 0 0 -1
    outer loop
      vertex -71.9783 0.494427 0
      vertex 71.9783 0.494427 0
      vertex -71.9197 0.250295 0
    endloop
  endfacet
  facet normal 0 0 -1
    outer loop
      vertex -72.0744 0.726384 0
      vertex 71.9783 0.494427 0
      vertex -71.9783 0.494427 0
    endloop
  endfacet
  facet normal 0 0 -1
    outer loop
      vertex 72.0744 0.726384 0
      vertex -72.0744 0.726384 0
      vertex 81.5 31 0
    endloop
  endfacet
  facet normal 0 0 -1
    outer loop
      vertex -81.5 31 0
      vertex -72.0744 0.726384 0
      vertex -72.2056 0.940456 0
    endloop
  endfacet
  facet normal 0 0 -1
    outer loop
      vertex -81.5 31 0
      vertex -72.2056 0.940456 0
      vertex -72.3686 1.13137 0
    endloop
  endfacet
  facet normal 0 0 -1
    outer loop
      vertex -81.5 31 0
      vertex -72.3686 1.13137 0
      vertex -72.5595 1.29443 0
    endloop
  endfacet
  facet normal 0 0 -1
    outer loop
      vertex -81.5 31 0
      vertex -72.5595 1.29443 0
      vertex -72.7736 1.42561 0
    endloop
  endfacet
  facet normal 0 0 -1
    outer loop
      vertex -81.5 31 0
      vertex -72.7736 1.42561 0
      vertex -73.0056 1.52169 0
    endloop
  endfacet
  facet normal 0 0 -1
    outer loop
      vertex -81.5 31 0
      vertex -73.0056 1.52169 0
      vertex -73.2497 1.5803 0
    endloop
  endfacet
  facet normal 0 0 -1
    outer loop
      vertex -81.5 31 0
      vertex -73.2497 1.5803 0
      vertex -73.5 1.6 0
    endloop
  endfacet
  facet normal 0 0 -1
    outer loop
      vertex -81.5 31 0
      vertex -73.5 1.6 0
      vertex -73.7503 1.5803 0
    endloop
  endfacet
  facet normal 0 0 -1
    outer loop
      vertex -81.5 31 0
      vertex -75.1 0 0
      vertex -81.5 -31 0
    endloop
  endfacet
  facet normal 0 0 -1
    outer loop
      vertex -72.0744 0.726384 0
      vertex -81.5 31 0
      vertex 81.5 31 0
    endloop
  endfacet
  facet normal 0 0 -1
    outer loop
      vertex -73.9944 1.52169 0
      vertex -81.5 31 0
      vertex -73.7503 1.5803 0
    endloop
  endfacet
  facet normal 0 0 -1
    outer loop
      vertex -74.2264 1.42561 0
      vertex -81.5 31 0
      vertex -73.9944 1.52169 0
    endloop
  endfacet
  facet normal 0 0 -1
    outer loop
      vertex -74.4405 1.29443 0
      vertex -81.5 31 0
      vertex -74.2264 1.42561 0
    endloop
  endfacet
  facet normal 0 0 -1
    outer loop
      vertex -74.6314 1.13137 0
      vertex -81.5 31 0
      vertex -74.4405 1.29443 0
    endloop
  endfacet
  facet normal 0 0 -1
    outer loop
      vertex -74.7944 0.940456 0
      vertex -81.5 31 0
      vertex -74.6314 1.13137 0
    endloop
  endfacet
  facet normal 0 0 -1
    outer loop
      vertex -74.9256 0.726384 0
      vertex -81.5 31 0
      vertex -74.7944 0.940456 0
    endloop
  endfacet
  facet normal 0 0 -1
    outer loop
      vertex -75.0217 0.494427 0
      vertex -81.5 31 0
      vertex -74.9256 0.726384 0
    endloop
  endfacet
  facet normal 0 0 -1
    outer loop
      vertex -75.0803 0.250295 0
      vertex -81.5 31 0
      vertex -75.0217 0.494427 0
    endloop
  endfacet
  facet normal 0 0 -1
    outer loop
      vertex -75.1 0 0
      vertex -81.5 31 0
      vertex -75.0803 0.250295 0
    endloop
  endfacet
  facet normal 0 -1 0
    outer loop
      vertex -81.5 -31 0
      vertex 81.5 -31 3
      vertex -81.5 -31 3
    endloop
  endfacet
  facet normal 0 -1 -0
    outer loop
      vertex 81.5 -31 3
      vertex -81.5 -31 0
      vertex 81.5 -31 0
    endloop
  endfacet
  facet normal 0 1 -0
    outer loop
      vertex 81.5 31 0
      vertex -81.5 31 3
      vertex 81.5 31 3
    endloop
  endfacet
  facet normal 0 1 0
    outer loop
      vertex -81.5 31 3
      vertex 81.5 31 0
      vertex -81.5 31 0
    endloop
  endfacet
  facet normal 0.995595 0.09376 0
    outer loop
      vertex 5.06396 -6.61508 4.5
      vertex 5.03334 -6.28994 3
      vertex 5.03334 -6.28994 4.5
    endloop
  endfacet
  facet normal 0.995595 0.09376 0
    outer loop
      vertex 5.03334 -6.28994 3
      vertex 5.06396 -6.61508 4.5
      vertex 5.06396 -6.61508 3
    endloop
  endfacet
  facet normal -0.972396 -0.233337 0
    outer loop
      vertex -4.66018 -6.51418 3
      vertex -4.66263 -6.50397 4.5
      vertex -4.66263 -6.50397 3
    endloop
  endfacet
  facet normal -0.972396 -0.233337 0
    outer loop
      vertex -4.66263 -6.50397 4.5
      vertex -4.66018 -6.51418 3
      vertex -4.66018 -6.51418 4.5
    endloop
  endfacet
  facet normal -0.923877 -0.382689 0
    outer loop
      vertex -4.36593 -7.22455 3
      vertex -4.66018 -6.51418 4.5
      vertex -4.66018 -6.51418 3
    endloop
  endfacet
  facet normal -0.923877 -0.382689 0
    outer loop
      vertex -4.66018 -6.51418 4.5
      vertex -4.36593 -7.22455 3
      vertex -4.36593 -7.22455 4.5
    endloop
  endfacet
  facet normal -0.852823 -0.5222 0
    outer loop
      vertex -3.05845 -9.35984 3
      vertex -4.36593 -7.22455 4.5
      vertex -4.36593 -7.22455 3
    endloop
  endfacet
  facet normal -0.852823 -0.5222 0
    outer loop
      vertex -4.36593 -7.22455 4.5
      vertex -3.05845 -9.35984 3
      vertex -3.05845 -9.35984 4.5
    endloop
  endfacet
  facet normal -0.852645 -0.522491 0
    outer loop
      vertex -2.70356 -9.93898 3
      vertex -3.05845 -9.35984 4.5
      vertex -3.05845 -9.35984 3
    endloop
  endfacet
  facet normal -0.852645 -0.522491 0
    outer loop
      vertex -3.05845 -9.35984 4.5
      vertex -2.70356 -9.93898 3
      vertex -2.70356 -9.93898 4.5
    endloop
  endfacet
  facet normal 0 0 1
    outer loop
      vertex 8.44327 15.6805 4.5
      vertex 13.4709 14.4228 4.5
      vertex 13.4816 14.8329 4.5
    endloop
  endfacet
  facet normal 0 0 1
    outer loop
      vertex 7.4415 13.6722 4.5
      vertex 13.4709 14.4228 4.5
      vertex 8.44327 15.6805 4.5
    endloop
  endfacet
  facet normal -0 0 1
    outer loop
      vertex 8.44327 15.6805 4.5
      vertex 13.4816 14.8329 4.5
      vertex 13.2146 17.6497 4.5
    endloop
  endfacet
  facet normal 0 0 1
    outer loop
      vertex 9.18358 18.0157 4.5
      vertex 13.2146 17.6497 4.5
      vertex 13.1727 17.9675 4.5
    endloop
  endfacet
  facet normal 0 0 1
    outer loop
      vertex 13.4709 14.4228 4.5
      vertex 7.4415 13.6722 4.5
      vertex 13.3451 11.6927 4.5
    endloop
  endfacet
  facet normal 0 0 1
    outer loop
      vertex 13.3451 11.6927 4.5
      vertex 7.4415 13.6722 4.5
      vertex 13.254 11.2012 4.5
    endloop
  endfacet
  facet normal -0 0 1
    outer loop
      vertex 9.18358 18.0157 4.5
      vertex 13.1727 17.9675 4.5
      vertex 12.5032 20.8239 4.5
    endloop
  endfacet
  facet normal 0 0 1
    outer loop
      vertex 9.59638 20.6449 4.5
      vertex 12.5032 20.8239 4.5
      vertex 12.4377 21.0453 4.5
    endloop
  endfacet
  facet normal -0 0 1
    outer loop
      vertex 6.24736 12.0089 4.5
      vertex 13.254 11.2012 4.5
      vertex 7.4415 13.6722 4.5
    endloop
  endfacet
  facet normal 0 0 1
    outer loop
      vertex 13.254 11.2012 4.5
      vertex 6.24736 12.0089 4.5
      vertex 12.7501 8.60382 4.5
    endloop
  endfacet
  facet normal 0 0 1
    outer loop
      vertex 9.59638 20.6449 4.5
      vertex 12.4377 21.0453 4.5
      vertex 11.3611 23.8936 4.5
    endloop
  endfacet
  facet normal 0 0 1
    outer loop
      vertex 9.62214 23.524 4.5
      vertex 11.3611 23.8936 4.5
      vertex 11.3003 24.0211 4.5
    endloop
  endfacet
  facet normal 0 0 1
    outer loop
      vertex 9.62214 23.524 4.5
      vertex 11.3003 24.0211 4.5
      vertex 11.2203 24.1374 4.5
    endloop
  endfacet
  facet normal 0 0 1
    outer loop
      vertex 9.62214 23.524 4.5
      vertex 11.2203 24.1374 4.5
      vertex 11.1231 24.2399 4.5
    endloop
  endfacet
  facet normal 0 0 1
    outer loop
      vertex 9.62214 23.524 4.5
      vertex 11.1231 24.2399 4.5
      vertex 11.0111 24.3259 4.5
    endloop
  endfacet
  facet normal 0 0 1
    outer loop
      vertex 9.62214 23.524 4.5
      vertex 11.0111 24.3259 4.5
      vertex 10.887 24.3932 4.5
    endloop
  endfacet
  facet normal 0 0 1
    outer loop
      vertex 9.62214 23.524 4.5
      vertex 10.887 24.3932 4.5
      vertex 10.7538 24.4404 4.5
    endloop
  endfacet
  facet normal 0 0 1
    outer loop
      vertex 9.62214 23.524 4.5
      vertex 10.7538 24.4404 4.5
      vertex 10.615 24.4661 4.5
    endloop
  endfacet
  facet normal 0 0 1
    outer loop
      vertex 9.62214 23.524 4.5
      vertex 10.615 24.4661 4.5
      vertex 10.4738 24.4698 4.5
    endloop
  endfacet
  facet normal 0 0 1
    outer loop
      vertex 9.62214 23.524 4.5
      vertex 10.4738 24.4698 4.5
      vertex 10.3338 24.4514 4.5
    endloop
  endfacet
  facet normal 0 0 1
    outer loop
      vertex 9.62214 23.524 4.5
      vertex 10.3338 24.4514 4.5
      vertex 10.1984 24.4113 4.5
    endloop
  endfacet
  facet normal 0 0 1
    outer loop
      vertex 12.5032 20.8239 4.5
      vertex 9.59638 20.6449 4.5
      vertex 9.18358 18.0157 4.5
    endloop
  endfacet
  facet normal 0 0 1
    outer loop
      vertex 9.62214 23.524 4.5
      vertex 10.1984 24.4113 4.5
      vertex 10.0709 24.3505 4.5
    endloop
  endfacet
  facet normal 0 0 1
    outer loop
      vertex 9.62214 23.524 4.5
      vertex 10.0709 24.3505 4.5
      vertex 9.95452 24.2705 4.5
    endloop
  endfacet
  facet normal 0 0 1
    outer loop
      vertex 9.62214 23.524 4.5
      vertex 9.95452 24.2705 4.5
      vertex 9.85208 24.1733 4.5
    endloop
  endfacet
  facet normal 0 0 1
    outer loop
      vertex 9.62214 23.524 4.5
      vertex 9.85208 24.1733 4.5
      vertex 9.7661 24.0612 4.5
    endloop
  endfacet
  facet normal 0 0 1
    outer loop
      vertex 13.2146 17.6497 4.5
      vertex 9.18358 18.0157 4.5
      vertex 8.44327 15.6805 4.5
    endloop
  endfacet
  facet normal 0 0 1
    outer loop
      vertex 9.62214 23.524 4.5
      vertex 9.7661 24.0612 4.5
      vertex 9.69872 23.9371 4.5
    endloop
  endfacet
  facet normal 0 0 1
    outer loop
      vertex 12.7501 8.60382 4.5
      vertex 6.24736 12.0089 4.5
      vertex 12.5533 8.04807 4.5
    endloop
  endfacet
  facet normal 0 0 1
    outer loop
      vertex 9.62214 23.524 4.5
      vertex 9.69872 23.9371 4.5
      vertex 9.65157 23.804 4.5
    endloop
  endfacet
  facet normal 0 0 1
    outer loop
      vertex 24.8366 3.76823 4.5
      vertex 24.8219 3.48703 4.5
      vertex 24.8403 3.62705 4.5
    endloop
  endfacet
  facet normal 0 0 1
    outer loop
      vertex 24.8109 3.90709 4.5
      vertex 24.8219 3.48703 4.5
      vertex 24.8366 3.76823 4.5
    endloop
  endfacet
  facet normal 0 0 1
    outer loop
      vertex 24.8109 3.90709 4.5
      vertex 24.7818 3.35162 4.5
      vertex 24.8219 3.48703 4.5
    endloop
  endfacet
  facet normal 0 0 1
    outer loop
      vertex 24.7637 4.04022 4.5
      vertex 24.7818 3.35162 4.5
      vertex 24.8109 3.90709 4.5
    endloop
  endfacet
  facet normal 0 0 1
    outer loop
      vertex 24.7637 4.04022 4.5
      vertex 24.721 3.22416 4.5
      vertex 24.7818 3.35162 4.5
    endloop
  endfacet
  facet normal 0 0 1
    outer loop
      vertex 24.6963 4.16433 4.5
      vertex 24.721 3.22416 4.5
      vertex 24.7637 4.04022 4.5
    endloop
  endfacet
  facet normal 0 0 1
    outer loop
      vertex 24.6963 4.16433 4.5
      vertex 24.641 3.10777 4.5
      vertex 24.721 3.22416 4.5
    endloop
  endfacet
  facet normal 0 0 1
    outer loop
      vertex 24.6104 4.27637 4.5
      vertex 24.641 3.10777 4.5
      vertex 24.6963 4.16433 4.5
    endloop
  endfacet
  facet normal 0 0 1
    outer loop
      vertex 24.5079 4.37359 4.5
      vertex 24.641 3.10777 4.5
      vertex 24.6104 4.27637 4.5
    endloop
  endfacet
  facet normal 0 0 1
    outer loop
      vertex 24.3915 4.45358 4.5
      vertex 24.641 3.10777 4.5
      vertex 24.5079 4.37359 4.5
    endloop
  endfacet
  facet normal 0 0 1
    outer loop
      vertex 24.2641 4.51438 4.5
      vertex 24.641 3.10777 4.5
      vertex 24.3915 4.45358 4.5
    endloop
  endfacet
  facet normal 0 0 1
    outer loop
      vertex 24.1287 4.55449 4.5
      vertex 24.641 3.10777 4.5
      vertex 24.2641 4.51438 4.5
    endloop
  endfacet
  facet normal 0 0 1
    outer loop
      vertex 23.9886 4.57292 4.5
      vertex 24.641 3.10777 4.5
      vertex 24.1287 4.55449 4.5
    endloop
  endfacet
  facet normal -0 0 1
    outer loop
      vertex 23.8475 4.56923 4.5
      vertex 24.641 3.10777 4.5
      vertex 23.9886 4.57292 4.5
    endloop
  endfacet
  facet normal -0 0 1
    outer loop
      vertex 23.7086 4.54349 4.5
      vertex 24.641 3.10777 4.5
      vertex 23.8475 4.56923 4.5
    endloop
  endfacet
  facet normal -0 0 1
    outer loop
      vertex 23.5755 4.49635 4.5
      vertex 24.641 3.10777 4.5
      vertex 23.7086 4.54349 4.5
    endloop
  endfacet
  facet normal -0 0 1
    outer loop
      vertex 23.4514 4.42896 4.5
      vertex 24.641 3.10777 4.5
      vertex 23.5755 4.49635 4.5
    endloop
  endfacet
  facet normal 0 0 1
    outer loop
      vertex 23.4514 4.42896 4.5
      vertex 22.7125 0.751304 4.5
      vertex 24.641 3.10777 4.5
    endloop
  endfacet
  facet normal -0 0 1
    outer loop
      vertex 20.9451 3.01174 4.5
      vertex 22.7125 0.751304 4.5
      vertex 23.4514 4.42896 4.5
    endloop
  endfacet
  facet normal 0 0 1
    outer loop
      vertex 22.7125 0.751304 4.5
      vertex 20.9451 3.01174 4.5
      vertex 22.5536 0.583819 4.5
    endloop
  endfacet
  facet normal -0 0 1
    outer loop
      vertex 18.4618 2.05465 4.5
      vertex 22.5536 0.583819 4.5
      vertex 20.9451 3.01174 4.5
    endloop
  endfacet
  facet normal 0 0 1
    outer loop
      vertex 22.5536 0.583819 4.5
      vertex 18.4618 2.05465 4.5
      vertex 20.4147 -1.42415 4.5
    endloop
  endfacet
  facet normal 0 0 1
    outer loop
      vertex 20.4147 -1.42415 4.5
      vertex 18.4618 2.05465 4.5
      vertex 20.1604 -1.6193 4.5
    endloop
  endfacet
  facet normal -0 0 1
    outer loop
      vertex 16.0693 1.52818 4.5
      vertex 20.1604 -1.6193 4.5
      vertex 18.4618 2.05465 4.5
    endloop
  endfacet
  facet normal 0 0 1
    outer loop
      vertex 20.1604 -1.6193 4.5
      vertex 16.0693 1.52818 4.5
      vertex 17.8544 -3.25895 4.5
    endloop
  endfacet
  facet normal 0 0 1
    outer loop
      vertex 17.8544 -3.25895 4.5
      vertex 16.0693 1.52818 4.5
      vertex 17.4939 -3.45469 4.5
    endloop
  endfacet
  facet normal -0 0 1
    outer loop
      vertex 13.8292 1.3916 4.5
      vertex 17.4939 -3.45469 4.5
      vertex 16.0693 1.52818 4.5
    endloop
  endfacet
  facet normal 0 0 1
    outer loop
      vertex 17.4939 -3.45469 4.5
      vertex 13.8292 1.3916 4.5
      vertex 15.0666 -4.71082 4.5
    endloop
  endfacet
  facet normal 0 0 1
    outer loop
      vertex 15.0666 -4.71082 4.5
      vertex 13.8292 1.3916 4.5
      vertex 14.5954 -4.87769 4.5
    endloop
  endfacet
  facet normal 0 0 1
    outer loop
      vertex 11.7916 1.59407 4.5
      vertex 14.5954 -4.87769 4.5
      vertex 13.8292 1.3916 4.5
    endloop
  endfacet
  facet normal 0 0 1
    outer loop
      vertex 14.5954 -4.87769 4.5
      vertex 11.7916 1.59407 4.5
      vertex 12.0941 -5.74001 4.5
    endloop
  endfacet
  facet normal 0 0 1
    outer loop
      vertex 11.7916 1.59407 4.5
      vertex 11.5144 -5.84745 4.5
      vertex 12.0941 -5.74001 4.5
    endloop
  endfacet
  facet normal 0 0 1
    outer loop
      vertex 9.99286 2.07798 4.5
      vertex 11.5144 -5.84745 4.5
      vertex 11.7916 1.59407 4.5
    endloop
  endfacet
  facet normal 0 0 1
    outer loop
      vertex 8.30869 -6.32862 4.5
      vertex 9.99286 2.07798 4.5
      vertex 9.69597 2.21403 4.5
    endloop
  endfacet
  facet normal 0 0 1
    outer loop
      vertex 9.62214 23.524 4.5
      vertex 9.65157 23.804 4.5
      vertex 9.62584 23.6651 4.5
    endloop
  endfacet
  facet normal 0 0 1
    outer loop
      vertex 11.3611 23.8936 4.5
      vertex 9.62214 23.524 4.5
      vertex 9.59638 20.6449 4.5
    endloop
  endfacet
  facet normal -0 0 1
    outer loop
      vertex 4.9289 10.6931 4.5
      vertex 12.5533 8.04807 4.5
      vertex 6.24736 12.0089 4.5
    endloop
  endfacet
  facet normal 0 0 1
    outer loop
      vertex 12.5533 8.04807 4.5
      vertex 4.9289 10.6931 4.5
      vertex 11.6912 5.62814 4.5
    endloop
  endfacet
  facet normal 0 0 1
    outer loop
      vertex 9.99286 2.07798 4.5
      vertex 8.98769 -6.31084 4.5
      vertex 11.5144 -5.84745 4.5
    endloop
  endfacet
  facet normal 0 0 1
    outer loop
      vertex 11.6912 5.62814 4.5
      vertex 4.9289 10.6931 4.5
      vertex 11.3671 5.03122 4.5
    endloop
  endfacet
  facet normal -0 0 1
    outer loop
      vertex 4.66263 10.504 4.5
      vertex 11.3671 5.03122 4.5
      vertex 4.9289 10.6931 4.5
    endloop
  endfacet
  facet normal 0 0 1
    outer loop
      vertex 11.3671 5.03122 4.5
      vertex 4.66263 10.504 4.5
      vertex 10.1717 2.83127 4.5
    endloop
  endfacet
  facet normal 0 -0 1
    outer loop
      vertex 9.69597 2.21403 4.5
      vertex 10.1717 2.83127 4.5
      vertex 4.66263 10.504 4.5
    endloop
  endfacet
  facet normal 0 0 1
    outer loop
      vertex 10.1717 2.83127 4.5
      vertex 9.69597 2.21403 4.5
      vertex 9.70359 2.22126 4.5
    endloop
  endfacet
  facet normal 0 -0 1
    outer loop
      vertex 5.03334 -6.28994 4.5
      vertex 9.69597 2.21403 4.5
      vertex 4.66263 10.504 4.5
    endloop
  endfacet
  facet normal 0 0 1
    outer loop
      vertex 9.99286 2.07798 4.5
      vertex 8.30869 -6.32862 4.5
      vertex 8.98769 -6.31084 4.5
    endloop
  endfacet
  facet normal 0 0 1
    outer loop
      vertex 9.69597 2.21403 4.5
      vertex 5.80573 -6.39328 4.5
      vertex 8.30869 -6.32862 4.5
    endloop
  endfacet
  facet normal 0 0 1
    outer loop
      vertex 9.69597 2.21403 4.5
      vertex 5.03334 -6.28994 4.5
      vertex 5.80573 -6.39328 4.5
    endloop
  endfacet
  facet normal 0 0 1
    outer loop
      vertex 14.3095 -17.7561 4.5
      vertex 14.3095 -18.0377 4.5
      vertex 14.3206 -17.8969 4.5
    endloop
  endfacet
  facet normal 0 0 1
    outer loop
      vertex 14.2766 -17.6188 4.5
      vertex 14.3095 -18.0377 4.5
      vertex 14.3095 -17.7561 4.5
    endloop
  endfacet
  facet normal 0 0 1
    outer loop
      vertex 14.2766 -17.6188 4.5
      vertex 14.2766 -18.175 4.5
      vertex 14.3095 -18.0377 4.5
    endloop
  endfacet
  facet normal 0 0 1
    outer loop
      vertex 14.2225 -17.4883 4.5
      vertex 14.2766 -18.175 4.5
      vertex 14.2766 -17.6188 4.5
    endloop
  endfacet
  facet normal 0 0 1
    outer loop
      vertex 14.2225 -17.4883 4.5
      vertex 14.2225 -18.3055 4.5
      vertex 14.2766 -18.175 4.5
    endloop
  endfacet
  facet normal 0 0 1
    outer loop
      vertex 14.1487 -17.3679 4.5
      vertex 14.2225 -18.3055 4.5
      vertex 14.2225 -17.4883 4.5
    endloop
  endfacet
  facet normal 0 0 1
    outer loop
      vertex 14.1487 -17.3679 4.5
      vertex 14.1487 -18.4259 4.5
      vertex 14.2225 -18.3055 4.5
    endloop
  endfacet
  facet normal 0 0 1
    outer loop
      vertex 14.057 -17.2605 4.5
      vertex 14.1487 -18.4259 4.5
      vertex 14.1487 -17.3679 4.5
    endloop
  endfacet
  facet normal 0 0 1
    outer loop
      vertex 14.057 -17.2605 4.5
      vertex 14.057 -18.5333 4.5
      vertex 14.1487 -18.4259 4.5
    endloop
  endfacet
  facet normal 0 0 1
    outer loop
      vertex 13.9496 -17.1688 4.5
      vertex 14.057 -18.5333 4.5
      vertex 14.057 -17.2605 4.5
    endloop
  endfacet
  facet normal 0 0 1
    outer loop
      vertex 13.9496 -17.1688 4.5
      vertex 13.9496 -18.625 4.5
      vertex 14.057 -18.5333 4.5
    endloop
  endfacet
  facet normal 0 0 1
    outer loop
      vertex 13.8292 -17.095 4.5
      vertex 13.9496 -18.625 4.5
      vertex 13.9496 -17.1688 4.5
    endloop
  endfacet
  facet normal 0 0 1
    outer loop
      vertex 13.8292 -17.095 4.5
      vertex 13.8292 -18.6988 4.5
      vertex 13.9496 -18.625 4.5
    endloop
  endfacet
  facet normal 0 0 1
    outer loop
      vertex 13.8292 -17.095 4.5
      vertex 13.6987 -18.7529 4.5
      vertex 13.8292 -18.6988 4.5
    endloop
  endfacet
  facet normal 0 0 1
    outer loop
      vertex 13.8292 -17.095 4.5
      vertex 13.5614 -18.7858 4.5
      vertex 13.6987 -18.7529 4.5
    endloop
  endfacet
  facet normal 0 0 1
    outer loop
      vertex 13.8292 -17.095 4.5
      vertex 13.4206 -18.7969 4.5
      vertex 13.5614 -18.7858 4.5
    endloop
  endfacet
  facet normal 0 0 1
    outer loop
      vertex 13.8292 -17.095 4.5
      vertex 13.2798 -18.7858 4.5
      vertex 13.4206 -18.7969 4.5
    endloop
  endfacet
  facet normal 0 0 1
    outer loop
      vertex 11.3488 -15.6332 4.5
      vertex 13.2798 -18.7858 4.5
      vertex 13.8292 -17.095 4.5
    endloop
  endfacet
  facet normal 0 0 1
    outer loop
      vertex 11.3488 -15.6332 4.5
      vertex 10.2749 -18.294 4.5
      vertex 13.2798 -18.7858 4.5
    endloop
  endfacet
  facet normal 0 0 1
    outer loop
      vertex 11.3488 -15.6332 4.5
      vertex 10.0503 -18.2401 4.5
      vertex 10.2749 -18.294 4.5
    endloop
  endfacet
  facet normal 0 0 1
    outer loop
      vertex 9.27825 -13.9611 4.5
      vertex 10.0503 -18.2401 4.5
      vertex 11.3488 -15.6332 4.5
    endloop
  endfacet
  facet normal 0 0 1
    outer loop
      vertex 6.94577 -17.269 4.5
      vertex 9.27825 -13.9611 4.5
      vertex 7.62604 -12.1523 4.5
    endloop
  endfacet
  facet normal 0 0 1
    outer loop
      vertex 9.27825 -13.9611 4.5
      vertex 7.24193 -17.3917 4.5
      vertex 10.0503 -18.2401 4.5
    endloop
  endfacet
  facet normal 0 0 1
    outer loop
      vertex 9.27825 -13.9611 4.5
      vertex 6.94577 -17.269 4.5
      vertex 7.24193 -17.3917 4.5
    endloop
  endfacet
  facet normal 0 0 1
    outer loop
      vertex 4.02306 -15.8775 4.5
      vertex 7.62604 -12.1523 4.5
      vertex 6.38771 -10.2807 4.5
    endloop
  endfacet
  facet normal 0 0 1
    outer loop
      vertex 1.34146 -14.0789 4.5
      vertex 6.38771 -10.2807 4.5
      vertex 5.54427 -8.41482 4.5
    endloop
  endfacet
  facet normal 0 0 1
    outer loop
      vertex -1.03888 -11.8955 4.5
      vertex 5.54427 -8.41482 4.5
      vertex 5.06396 -6.61508 4.5
    endloop
  endfacet
  facet normal 0 0 1
    outer loop
      vertex 5.80573 -6.39328 4.5
      vertex 5.03334 -6.28994 4.5
      vertex 5.04341 -6.29292 4.5
    endloop
  endfacet
  facet normal 0 0 1
    outer loop
      vertex 4.36593 11.2246 4.5
      vertex 4.66263 10.504 4.5
      vertex 4.66018 10.5142 4.5
    endloop
  endfacet
  facet normal 0 0 1
    outer loop
      vertex 7.62604 -12.1523 4.5
      vertex 4.37284 -16.0919 4.5
      vertex 6.94577 -17.269 4.5
    endloop
  endfacet
  facet normal 0 0 1
    outer loop
      vertex -3.05845 -9.35984 4.5
      vertex 5.06396 -6.61508 4.5
      vertex 5.03334 -6.28994 4.5
    endloop
  endfacet
  facet normal 0 0 1
    outer loop
      vertex 4.66263 10.504 4.5
      vertex -4.66263 -6.50397 4.5
      vertex 5.03334 -6.28994 4.5
    endloop
  endfacet
  facet normal 0 0 1
    outer loop
      vertex 4.66263 10.504 4.5
      vertex 4.36593 11.2246 4.5
      vertex -5.03334 10.2899 4.5
    endloop
  endfacet
  facet normal 0 0 1
    outer loop
      vertex 7.62604 -12.1523 4.5
      vertex 4.02306 -15.8775 4.5
      vertex 4.37284 -16.0919 4.5
    endloop
  endfacet
  facet normal 0 0 1
    outer loop
      vertex -5.03334 10.2899 4.5
      vertex 4.36593 11.2246 4.5
      vertex 3.05845 13.3598 4.5
    endloop
  endfacet
  facet normal 0 0 1
    outer loop
      vertex -5.06396 10.6151 4.5
      vertex 3.05845 13.3598 4.5
      vertex 2.70356 13.939 4.5
    endloop
  endfacet
  facet normal 0 0 1
    outer loop
      vertex 6.38771 -10.2807 4.5
      vertex 1.34146 -14.0789 4.5
      vertex 1.72158 -14.4035 4.5
    endloop
  endfacet
  facet normal 0 0 1
    outer loop
      vertex 6.38771 -10.2807 4.5
      vertex 1.72158 -14.4035 4.5
      vertex 4.02306 -15.8775 4.5
    endloop
  endfacet
  facet normal 0 0 1
    outer loop
      vertex -5.06396 10.6151 4.5
      vertex 2.70356 13.939 4.5
      vertex 1.03888 15.8955 4.5
    endloop
  endfacet
  facet normal 0 0 1
    outer loop
      vertex -5.54427 12.4148 4.5
      vertex 1.03888 15.8955 4.5
      vertex 0.655984 16.3438 4.5
    endloop
  endfacet
  facet normal 0 0 1
    outer loop
      vertex 5.54427 -8.41482 4.5
      vertex -1.03888 -11.8955 4.5
      vertex -0.655984 -12.3438 4.5
    endloop
  endfacet
  facet normal 0 0 1
    outer loop
      vertex 5.54427 -8.41482 4.5
      vertex -0.655984 -12.3438 4.5
      vertex 1.34146 -14.0789 4.5
    endloop
  endfacet
  facet normal 0 0 1
    outer loop
      vertex -5.54427 12.4148 4.5
      vertex 0.655984 16.3438 4.5
      vertex -1.34146 18.0788 4.5
    endloop
  endfacet
  facet normal 0 0 1
    outer loop
      vertex -6.38771 14.2807 4.5
      vertex -1.34146 18.0788 4.5
      vertex -1.72158 18.4035 4.5
    endloop
  endfacet
  facet normal 0 0 1
    outer loop
      vertex 4.66263 10.504 4.5
      vertex -5.03334 10.2899 4.5
      vertex -4.66263 -6.50397 4.5
    endloop
  endfacet
  facet normal 0 0 1
    outer loop
      vertex 5.06396 -6.61508 4.5
      vertex -3.05845 -9.35984 4.5
      vertex -2.70356 -9.93898 4.5
    endloop
  endfacet
  facet normal 0 0 1
    outer loop
      vertex -6.38771 14.2807 4.5
      vertex -1.72158 18.4035 4.5
      vertex -4.02306 19.8775 4.5
    endloop
  endfacet
  facet normal 0 0 1
    outer loop
      vertex 5.06396 -6.61508 4.5
      vertex -2.70356 -9.93898 4.5
      vertex -1.03888 -11.8955 4.5
    endloop
  endfacet
  facet normal 0 0 1
    outer loop
      vertex -7.62604 16.1523 4.5
      vertex -4.02306 19.8775 4.5
      vertex -4.37284 20.0919 4.5
    endloop
  endfacet
  facet normal 0 -0 1
    outer loop
      vertex -4.36593 -7.22455 4.5
      vertex 5.03334 -6.28994 4.5
      vertex -4.66263 -6.50397 4.5
    endloop
  endfacet
  facet normal 0 0 1
    outer loop
      vertex 5.03334 -6.28994 4.5
      vertex -4.36593 -7.22455 4.5
      vertex -3.05845 -9.35984 4.5
    endloop
  endfacet
  facet normal 0 0 1
    outer loop
      vertex -4.36593 -7.22455 4.5
      vertex -4.66263 -6.50397 4.5
      vertex -4.66018 -6.51418 4.5
    endloop
  endfacet
  facet normal -0 0 1
    outer loop
      vertex -9.69597 1.78597 4.5
      vertex -4.66263 -6.50397 4.5
      vertex -5.03334 10.2899 4.5
    endloop
  endfacet
  facet normal 0 0 1
    outer loop
      vertex 3.05845 13.3598 4.5
      vertex -5.06396 10.6151 4.5
      vertex -5.03334 10.2899 4.5
    endloop
  endfacet
  facet normal 0 0 1
    outer loop
      vertex 1.03888 15.8955 4.5
      vertex -5.54427 12.4148 4.5
      vertex -5.06396 10.6151 4.5
    endloop
  endfacet
  facet normal 0 0 1
    outer loop
      vertex -1.34146 18.0788 4.5
      vertex -6.38771 14.2807 4.5
      vertex -5.54427 12.4148 4.5
    endloop
  endfacet
  facet normal 0 0 1
    outer loop
      vertex -7.62604 16.1523 4.5
      vertex -4.37284 20.0919 4.5
      vertex -6.94577 21.269 4.5
    endloop
  endfacet
  facet normal 0 0 1
    outer loop
      vertex -9.27825 17.9611 4.5
      vertex -6.94577 21.269 4.5
      vertex -7.24193 21.3917 4.5
    endloop
  endfacet
  facet normal 0 0 1
    outer loop
      vertex -4.02306 19.8775 4.5
      vertex -7.62604 16.1523 4.5
      vertex -6.38771 14.2807 4.5
    endloop
  endfacet
  facet normal 0 0 1
    outer loop
      vertex -6.94577 21.269 4.5
      vertex -9.27825 17.9611 4.5
      vertex -7.62604 16.1523 4.5
    endloop
  endfacet
  facet normal 0 0 1
    outer loop
      vertex -10.0503 22.2401 4.5
      vertex -9.27825 17.9611 4.5
      vertex -7.24193 21.3917 4.5
    endloop
  endfacet
  facet normal 0 0 1
    outer loop
      vertex -11.3488 19.6332 4.5
      vertex -10.0503 22.2401 4.5
      vertex -10.2749 22.294 4.5
    endloop
  endfacet
  facet normal 0 0 1
    outer loop
      vertex -10.0503 22.2401 4.5
      vertex -11.3488 19.6332 4.5
      vertex -9.27825 17.9611 4.5
    endloop
  endfacet
  facet normal 0 0 1
    outer loop
      vertex -13.2798 22.7858 4.5
      vertex -11.3488 19.6332 4.5
      vertex -10.2749 22.294 4.5
    endloop
  endfacet
  facet normal 0 0 1
    outer loop
      vertex -13.8292 21.095 4.5
      vertex -13.2798 22.7858 4.5
      vertex -13.4206 22.7969 4.5
    endloop
  endfacet
  facet normal 0 0 1
    outer loop
      vertex -13.8292 21.095 4.5
      vertex -13.4206 22.7969 4.5
      vertex -13.5614 22.7858 4.5
    endloop
  endfacet
  facet normal 0 0 1
    outer loop
      vertex -13.8292 21.095 4.5
      vertex -13.5614 22.7858 4.5
      vertex -13.6987 22.7529 4.5
    endloop
  endfacet
  facet normal 0 0 1
    outer loop
      vertex -13.8292 21.095 4.5
      vertex -13.6987 22.7529 4.5
      vertex -13.8292 22.6988 4.5
    endloop
  endfacet
  facet normal 0 0 1
    outer loop
      vertex -13.2798 22.7858 4.5
      vertex -13.8292 21.095 4.5
      vertex -11.3488 19.6332 4.5
    endloop
  endfacet
  facet normal -0 0 1
    outer loop
      vertex -13.9496 22.625 4.5
      vertex -13.8292 21.095 4.5
      vertex -13.8292 22.6988 4.5
    endloop
  endfacet
  facet normal 0 0 1
    outer loop
      vertex -13.9496 22.625 4.5
      vertex -13.9496 21.1688 4.5
      vertex -13.8292 21.095 4.5
    endloop
  endfacet
  facet normal -0 0 1
    outer loop
      vertex -14.057 22.5333 4.5
      vertex -13.9496 21.1688 4.5
      vertex -13.9496 22.625 4.5
    endloop
  endfacet
  facet normal 0 0 1
    outer loop
      vertex -14.057 22.5333 4.5
      vertex -14.057 21.2605 4.5
      vertex -13.9496 21.1688 4.5
    endloop
  endfacet
  facet normal -0 0 1
    outer loop
      vertex -14.1487 22.4259 4.5
      vertex -14.057 21.2605 4.5
      vertex -14.057 22.5333 4.5
    endloop
  endfacet
  facet normal 0 0 1
    outer loop
      vertex -14.1487 22.4259 4.5
      vertex -14.1487 21.3679 4.5
      vertex -14.057 21.2605 4.5
    endloop
  endfacet
  facet normal -0 0 1
    outer loop
      vertex -14.2225 22.3055 4.5
      vertex -14.1487 21.3679 4.5
      vertex -14.1487 22.4259 4.5
    endloop
  endfacet
  facet normal 0 0 1
    outer loop
      vertex -14.2225 22.3055 4.5
      vertex -14.2225 21.4883 4.5
      vertex -14.1487 21.3679 4.5
    endloop
  endfacet
  facet normal -0 0 1
    outer loop
      vertex -14.2766 22.175 4.5
      vertex -14.2225 21.4883 4.5
      vertex -14.2225 22.3055 4.5
    endloop
  endfacet
  facet normal 0 0 1
    outer loop
      vertex -14.2766 22.175 4.5
      vertex -14.2766 21.6188 4.5
      vertex -14.2225 21.4883 4.5
    endloop
  endfacet
  facet normal -0 0 1
    outer loop
      vertex -14.3095 22.0377 4.5
      vertex -14.2766 21.6188 4.5
      vertex -14.2766 22.175 4.5
    endloop
  endfacet
  facet normal 0 0 1
    outer loop
      vertex -14.3095 22.0377 4.5
      vertex -14.3095 21.7561 4.5
      vertex -14.2766 21.6188 4.5
    endloop
  endfacet
  facet normal 0 -0 1
    outer loop
      vertex -14.3095 21.7561 4.5
      vertex -14.3095 22.0377 4.5
      vertex -14.3206 21.8969 4.5
    endloop
  endfacet
  facet normal 0 0 1
    outer loop
      vertex -5.80573 10.3933 4.5
      vertex -5.03334 10.2899 4.5
      vertex -5.04341 10.2929 4.5
    endloop
  endfacet
  facet normal 0 0 1
    outer loop
      vertex -5.03334 10.2899 4.5
      vertex -5.80573 10.3933 4.5
      vertex -9.69597 1.78597 4.5
    endloop
  endfacet
  facet normal -0 0 1
    outer loop
      vertex -10.1717 1.16873 4.5
      vertex -4.66263 -6.50397 4.5
      vertex -9.69597 1.78597 4.5
    endloop
  endfacet
  facet normal -0 0 1
    outer loop
      vertex -11.3671 -1.03122 4.5
      vertex -4.66263 -6.50397 4.5
      vertex -10.1717 1.16873 4.5
    endloop
  endfacet
  facet normal 0 0 1
    outer loop
      vertex -9.69597 1.78597 4.5
      vertex -5.80573 10.3933 4.5
      vertex -8.30869 10.3286 4.5
    endloop
  endfacet
  facet normal 0 0 1
    outer loop
      vertex -4.66263 -6.50397 4.5
      vertex -11.3671 -1.03122 4.5
      vertex -4.9289 -6.69306 4.5
    endloop
  endfacet
  facet normal 0 0 1
    outer loop
      vertex -9.99286 1.92202 4.5
      vertex -8.30869 10.3286 4.5
      vertex -8.98769 10.3108 4.5
    endloop
  endfacet
  facet normal -0 0 1
    outer loop
      vertex -11.6912 -1.62814 4.5
      vertex -4.9289 -6.69306 4.5
      vertex -11.3671 -1.03122 4.5
    endloop
  endfacet
  facet normal -0 0 1
    outer loop
      vertex -12.5533 -4.04807 4.5
      vertex -4.9289 -6.69306 4.5
      vertex -11.6912 -1.62814 4.5
    endloop
  endfacet
  facet normal 0 0 1
    outer loop
      vertex -11.3611 -19.8936 4.5
      vertex -9.62214 -19.524 4.5
      vertex -9.59638 -16.6449 4.5
    endloop
  endfacet
  facet normal 0 0 1
    outer loop
      vertex -9.62214 -19.524 4.5
      vertex -11.3611 -19.8936 4.5
      vertex -9.62584 -19.6651 4.5
    endloop
  endfacet
  facet normal 0 0 1
    outer loop
      vertex -6.24736 -8.00889 4.5
      vertex -13.254 -7.20116 4.5
      vertex -7.4415 -9.67225 4.5
    endloop
  endfacet
  facet normal -0 0 1
    outer loop
      vertex -12.7501 -4.60382 4.5
      vertex -6.24736 -8.00889 4.5
      vertex -12.5533 -4.04807 4.5
    endloop
  endfacet
  facet normal 0 0 1
    outer loop
      vertex -8.30869 10.3286 4.5
      vertex -9.99286 1.92202 4.5
      vertex -9.69597 1.78597 4.5
    endloop
  endfacet
  facet normal -0 0 1
    outer loop
      vertex -11.5144 9.84745 4.5
      vertex -9.99286 1.92202 4.5
      vertex -8.98769 10.3108 4.5
    endloop
  endfacet
  facet normal 0 0 1
    outer loop
      vertex -11.5144 9.84745 4.5
      vertex -11.7916 2.40593 4.5
      vertex -9.99286 1.92202 4.5
    endloop
  endfacet
  facet normal -0 0 1
    outer loop
      vertex -12.0941 9.74001 4.5
      vertex -11.7916 2.40593 4.5
      vertex -11.5144 9.84745 4.5
    endloop
  endfacet
  facet normal -0 0 1
    outer loop
      vertex -14.5954 8.87769 4.5
      vertex -11.7916 2.40593 4.5
      vertex -12.0941 9.74001 4.5
    endloop
  endfacet
  facet normal 0 0 1
    outer loop
      vertex -11.7916 2.40593 4.5
      vertex -14.5954 8.87769 4.5
      vertex -13.8292 2.6084 4.5
    endloop
  endfacet
  facet normal -0 0 1
    outer loop
      vertex -15.0666 8.71082 4.5
      vertex -13.8292 2.6084 4.5
      vertex -14.5954 8.87769 4.5
    endloop
  endfacet
  facet normal -0 0 1
    outer loop
      vertex -17.4939 7.45469 4.5
      vertex -13.8292 2.6084 4.5
      vertex -15.0666 8.71082 4.5
    endloop
  endfacet
  facet normal 0 0 1
    outer loop
      vertex -13.8292 2.6084 4.5
      vertex -17.4939 7.45469 4.5
      vertex -16.0693 2.47182 4.5
    endloop
  endfacet
  facet normal -0 0 1
    outer loop
      vertex -17.8544 7.25895 4.5
      vertex -16.0693 2.47182 4.5
      vertex -17.4939 7.45469 4.5
    endloop
  endfacet
  facet normal -0 0 1
    outer loop
      vertex -20.1604 5.6193 4.5
      vertex -16.0693 2.47182 4.5
      vertex -17.8544 7.25895 4.5
    endloop
  endfacet
  facet normal 0 0 1
    outer loop
      vertex -16.0693 2.47182 4.5
      vertex -20.1604 5.6193 4.5
      vertex -18.4618 1.94535 4.5
    endloop
  endfacet
  facet normal -0 0 1
    outer loop
      vertex -20.4147 5.42415 4.5
      vertex -18.4618 1.94535 4.5
      vertex -20.1604 5.6193 4.5
    endloop
  endfacet
  facet normal -0 0 1
    outer loop
      vertex -22.5536 3.41618 4.5
      vertex -18.4618 1.94535 4.5
      vertex -20.4147 5.42415 4.5
    endloop
  endfacet
  facet normal 0 0 1
    outer loop
      vertex -18.4618 1.94535 4.5
      vertex -22.5536 3.41618 4.5
      vertex -20.9451 0.988261 4.5
    endloop
  endfacet
  facet normal -0 0 1
    outer loop
      vertex -22.7125 3.2487 4.5
      vertex -20.9451 0.988261 4.5
      vertex -22.5536 3.41618 4.5
    endloop
  endfacet
  facet normal 0 0 1
    outer loop
      vertex -22.7125 3.2487 4.5
      vertex -23.4514 -0.428959 4.5
      vertex -20.9451 0.988261 4.5
    endloop
  endfacet
  facet normal -0 0 1
    outer loop
      vertex -24.641 0.892233 4.5
      vertex -23.4514 -0.428959 4.5
      vertex -22.7125 3.2487 4.5
    endloop
  endfacet
  facet normal 0 0 1
    outer loop
      vertex -23.4514 -0.428959 4.5
      vertex -24.641 0.892233 4.5
      vertex -23.5755 -0.496346 4.5
    endloop
  endfacet
  facet normal 0 0 1
    outer loop
      vertex -23.5755 -0.496346 4.5
      vertex -24.641 0.892233 4.5
      vertex -23.7086 -0.543488 4.5
    endloop
  endfacet
  facet normal 0 0 1
    outer loop
      vertex -23.7086 -0.543488 4.5
      vertex -24.641 0.892233 4.5
      vertex -23.8475 -0.569225 4.5
    endloop
  endfacet
  facet normal 0 0 1
    outer loop
      vertex -23.8475 -0.569225 4.5
      vertex -24.641 0.892233 4.5
      vertex -23.9886 -0.572922 4.5
    endloop
  endfacet
  facet normal 0 0 1
    outer loop
      vertex -23.9886 -0.572922 4.5
      vertex -24.641 0.892233 4.5
      vertex -24.1287 -0.554488 4.5
    endloop
  endfacet
  facet normal 0 0 1
    outer loop
      vertex -24.1287 -0.554488 4.5
      vertex -24.641 0.892233 4.5
      vertex -24.2641 -0.514377 4.5
    endloop
  endfacet
  facet normal 0 0 1
    outer loop
      vertex -24.2641 -0.514377 4.5
      vertex -24.641 0.892233 4.5
      vertex -24.3915 -0.453578 4.5
    endloop
  endfacet
  facet normal 0 0 1
    outer loop
      vertex -24.3915 -0.453578 4.5
      vertex -24.641 0.892233 4.5
      vertex -24.5079 -0.373586 4.5
    endloop
  endfacet
  facet normal 0 0 1
    outer loop
      vertex -24.5079 -0.373586 4.5
      vertex -24.641 0.892233 4.5
      vertex -24.6104 -0.276373 4.5
    endloop
  endfacet
  facet normal 0 0 1
    outer loop
      vertex -24.641 0.892233 4.5
      vertex -24.6963 -0.164331 4.5
      vertex -24.6104 -0.276373 4.5
    endloop
  endfacet
  facet normal -0 0 1
    outer loop
      vertex -24.721 0.775845 4.5
      vertex -24.6963 -0.164331 4.5
      vertex -24.641 0.892233 4.5
    endloop
  endfacet
  facet normal 0 0 1
    outer loop
      vertex -24.721 0.775845 4.5
      vertex -24.7637 -0.0402182 4.5
      vertex -24.6963 -0.164331 4.5
    endloop
  endfacet
  facet normal -0 0 1
    outer loop
      vertex -24.7818 0.648376 4.5
      vertex -24.7637 -0.0402182 4.5
      vertex -24.721 0.775845 4.5
    endloop
  endfacet
  facet normal 0 0 1
    outer loop
      vertex -24.7818 0.648376 4.5
      vertex -24.8109 0.0929081 4.5
      vertex -24.7637 -0.0402182 4.5
    endloop
  endfacet
  facet normal -0 0 1
    outer loop
      vertex -24.8219 0.512965 4.5
      vertex -24.8109 0.0929081 4.5
      vertex -24.7818 0.648376 4.5
    endloop
  endfacet
  facet normal 0 0 1
    outer loop
      vertex -24.8219 0.512965 4.5
      vertex -24.8366 0.231769 4.5
      vertex -24.8109 0.0929081 4.5
    endloop
  endfacet
  facet normal 0 -0 1
    outer loop
      vertex -24.8366 0.231769 4.5
      vertex -24.8219 0.512965 4.5
      vertex -24.8403 0.372947 4.5
    endloop
  endfacet
  facet normal -0 0 1
    outer loop
      vertex -13.3451 -7.69269 4.5
      vertex -7.4415 -9.67225 4.5
      vertex -13.254 -7.20116 4.5
    endloop
  endfacet
  facet normal 0 0 1
    outer loop
      vertex -10.1717 1.16873 4.5
      vertex -9.69597 1.78597 4.5
      vertex -9.70359 1.77874 4.5
    endloop
  endfacet
  facet normal 0 0 1
    outer loop
      vertex -7.4415 -9.67225 4.5
      vertex -13.4709 -10.4228 4.5
      vertex -8.44327 -11.6805 4.5
    endloop
  endfacet
  facet normal -0 0 1
    outer loop
      vertex -13.4816 -10.8329 4.5
      vertex -8.44327 -11.6805 4.5
      vertex -13.4709 -10.4228 4.5
    endloop
  endfacet
  facet normal 0 0 1
    outer loop
      vertex -8.44327 -11.6805 4.5
      vertex -13.2146 -13.6497 4.5
      vertex -9.18358 -14.0157 4.5
    endloop
  endfacet
  facet normal -0 -0 1
    outer loop
      vertex -13.1727 -13.9675 4.5
      vertex -9.18358 -14.0157 4.5
      vertex -13.2146 -13.6497 4.5
    endloop
  endfacet
  facet normal 0 0 1
    outer loop
      vertex -4.9289 -6.69306 4.5
      vertex -12.5533 -4.04807 4.5
      vertex -6.24736 -8.00889 4.5
    endloop
  endfacet
  facet normal 0 -0 1
    outer loop
      vertex -12.5032 -16.8239 4.5
      vertex -9.18358 -14.0157 4.5
      vertex -13.1727 -13.9675 4.5
    endloop
  endfacet
  facet normal 0 -0 1
    outer loop
      vertex -12.4377 -17.0453 4.5
      vertex -9.59638 -16.6449 4.5
      vertex -12.5032 -16.8239 4.5
    endloop
  endfacet
  facet normal 0 -0 1
    outer loop
      vertex -11.3611 -19.8936 4.5
      vertex -9.59638 -16.6449 4.5
      vertex -12.4377 -17.0453 4.5
    endloop
  endfacet
  facet normal 0 0 1
    outer loop
      vertex -9.62584 -19.6651 4.5
      vertex -11.3611 -19.8936 4.5
      vertex -9.65157 -19.804 4.5
    endloop
  endfacet
  facet normal 0 0 1
    outer loop
      vertex -9.65157 -19.804 4.5
      vertex -11.3611 -19.8936 4.5
      vertex -9.69872 -19.9371 4.5
    endloop
  endfacet
  facet normal 0 0 1
    outer loop
      vertex -9.69872 -19.9371 4.5
      vertex -11.3611 -19.8936 4.5
      vertex -9.7661 -20.0612 4.5
    endloop
  endfacet
  facet normal 0 0 1
    outer loop
      vertex -9.7661 -20.0612 4.5
      vertex -11.3611 -19.8936 4.5
      vertex -9.85208 -20.1733 4.5
    endloop
  endfacet
  facet normal 0 0 1
    outer loop
      vertex -10.3338 -20.4514 4.5
      vertex -11.3611 -19.8936 4.5
      vertex -10.4738 -20.4698 4.5
    endloop
  endfacet
  facet normal 0 0 1
    outer loop
      vertex -10.7538 -20.4404 4.5
      vertex -11.3611 -19.8936 4.5
      vertex -10.887 -20.3932 4.5
    endloop
  endfacet
  facet normal 0 0 1
    outer loop
      vertex -11.0111 -20.3259 4.5
      vertex -11.3611 -19.8936 4.5
      vertex -11.1231 -20.2399 4.5
    endloop
  endfacet
  facet normal 0 0 1
    outer loop
      vertex -11.1231 -20.2399 4.5
      vertex -11.3611 -19.8936 4.5
      vertex -11.2203 -20.1374 4.5
    endloop
  endfacet
  facet normal 0 0 1
    outer loop
      vertex -10.4738 -20.4698 4.5
      vertex -11.3611 -19.8936 4.5
      vertex -10.615 -20.4661 4.5
    endloop
  endfacet
  facet normal -0 0 1
    outer loop
      vertex -13.254 -7.20116 4.5
      vertex -6.24736 -8.00889 4.5
      vertex -12.7501 -4.60382 4.5
    endloop
  endfacet
  facet normal 0 0 1
    outer loop
      vertex -11.2203 -20.1374 4.5
      vertex -11.3611 -19.8936 4.5
      vertex -11.3003 -20.0211 4.5
    endloop
  endfacet
  facet normal 0 0 1
    outer loop
      vertex -10.887 -20.3932 4.5
      vertex -11.3611 -19.8936 4.5
      vertex -11.0111 -20.3259 4.5
    endloop
  endfacet
  facet normal 0 0 1
    outer loop
      vertex -9.85208 -20.1733 4.5
      vertex -11.3611 -19.8936 4.5
      vertex -9.95452 -20.2705 4.5
    endloop
  endfacet
  facet normal 0 0 1
    outer loop
      vertex -13.4709 -10.4228 4.5
      vertex -7.4415 -9.67225 4.5
      vertex -13.3451 -7.69269 4.5
    endloop
  endfacet
  facet normal 0 0 1
    outer loop
      vertex -10.615 -20.4661 4.5
      vertex -11.3611 -19.8936 4.5
      vertex -10.7538 -20.4404 4.5
    endloop
  endfacet
  facet normal 0 0 1
    outer loop
      vertex -10.1984 -20.4113 4.5
      vertex -11.3611 -19.8936 4.5
      vertex -10.3338 -20.4514 4.5
    endloop
  endfacet
  facet normal 0 0 1
    outer loop
      vertex -9.95452 -20.2705 4.5
      vertex -11.3611 -19.8936 4.5
      vertex -10.0709 -20.3505 4.5
    endloop
  endfacet
  facet normal 0 -0 1
    outer loop
      vertex -13.2146 -13.6497 4.5
      vertex -8.44327 -11.6805 4.5
      vertex -13.4816 -10.8329 4.5
    endloop
  endfacet
  facet normal 0 0 1
    outer loop
      vertex -10.0709 -20.3505 4.5
      vertex -11.3611 -19.8936 4.5
      vertex -10.1984 -20.4113 4.5
    endloop
  endfacet
  facet normal 0 0 1
    outer loop
      vertex -9.18358 -14.0157 4.5
      vertex -12.5032 -16.8239 4.5
      vertex -9.59638 -16.6449 4.5
    endloop
  endfacet
  facet normal 0.966184 0.257853 0
    outer loop
      vertex 5.54427 -8.41482 4.5
      vertex 5.06396 -6.61508 3
      vertex 5.06396 -6.61508 4.5
    endloop
  endfacet
  facet normal 0.966184 0.257853 0
    outer loop
      vertex 5.06396 -6.61508 3
      vertex 5.54427 -8.41482 4.5
      vertex 5.54427 -8.41482 3
    endloop
  endfacet
  facet normal -0.761625 -0.648019 0
    outer loop
      vertex -1.03888 -11.8955 3
      vertex -2.70356 -9.93898 4.5
      vertex -2.70356 -9.93898 3
    endloop
  endfacet
  facet normal -0.761625 -0.648019 0
    outer loop
      vertex -2.70356 -9.93898 4.5
      vertex -1.03888 -11.8955 3
      vertex -1.03888 -11.8955 4.5
    endloop
  endfacet
  facet normal -0.760396 -0.649459 0
    outer loop
      vertex -0.655984 -12.3438 3
      vertex -1.03888 -11.8955 4.5
      vertex -1.03888 -11.8955 3
    endloop
  endfacet
  facet normal -0.760396 -0.649459 0
    outer loop
      vertex -1.03888 -11.8955 4.5
      vertex -0.655984 -12.3438 3
      vertex -0.655984 -12.3438 4.5
    endloop
  endfacet
  facet normal -0.65579 -0.754944 0
    outer loop
      vertex -0.655984 -12.3438 3
      vertex 1.34146 -14.0789 4.5
      vertex -0.655984 -12.3438 4.5
    endloop
  endfacet
  facet normal -0.65579 -0.754944 -0
    outer loop
      vertex 1.34146 -14.0789 4.5
      vertex -0.655984 -12.3438 3
      vertex 1.34146 -14.0789 3
    endloop
  endfacet
  facet normal 0.911227 0.411905 0
    outer loop
      vertex 6.38771 -10.2807 4.5
      vertex 5.54427 -8.41482 3
      vertex 5.54427 -8.41482 4.5
    endloop
  endfacet
  facet normal 0.911227 0.411905 0
    outer loop
      vertex 5.54427 -8.41482 3
      vertex 6.38771 -10.2807 4.5
      vertex 6.38771 -10.2807 3
    endloop
  endfacet
  facet normal -0.649387 -0.760458 0
    outer loop
      vertex 1.34146 -14.0789 3
      vertex 1.72158 -14.4035 4.5
      vertex 1.34146 -14.0789 4.5
    endloop
  endfacet
  facet normal -0.649387 -0.760458 -0
    outer loop
      vertex 1.72158 -14.4035 4.5
      vertex 1.34146 -14.0789 3
      vertex 1.72158 -14.4035 3
    endloop
  endfacet
  facet normal 0.833979 0.551796 0
    outer loop
      vertex 7.62604 -12.1523 4.5
      vertex 6.38771 -10.2807 3
      vertex 6.38771 -10.2807 4.5
    endloop
  endfacet
  facet normal 0.833979 0.551796 0
    outer loop
      vertex 6.38771 -10.2807 3
      vertex 7.62604 -12.1523 4.5
      vertex 7.62604 -12.1523 3
    endloop
  endfacet
  facet normal -0.522595 -0.852581 0
    outer loop
      vertex 4.02306 -15.8775 3
      vertex 4.37284 -16.0919 4.5
      vertex 4.02306 -15.8775 4.5
    endloop
  endfacet
  facet normal -0.522595 -0.852581 -0
    outer loop
      vertex 4.37284 -16.0919 4.5
      vertex 4.02306 -15.8775 3
      vertex 4.37284 -16.0919 3
    endloop
  endfacet
  facet normal -0.539327 -0.842096 0
    outer loop
      vertex 1.72158 -14.4035 3
      vertex 4.02306 -15.8775 4.5
      vertex 1.72158 -14.4035 4.5
    endloop
  endfacet
  facet normal -0.539327 -0.842096 -0
    outer loop
      vertex 4.02306 -15.8775 4.5
      vertex 1.72158 -14.4035 3
      vertex 4.02306 -15.8775 3
    endloop
  endfacet
  facet normal -0.416024 -0.909354 0
    outer loop
      vertex 4.37284 -16.0919 3
      vertex 6.94577 -17.269 4.5
      vertex 4.37284 -16.0919 4.5
    endloop
  endfacet
  facet normal -0.416024 -0.909354 -0
    outer loop
      vertex 6.94577 -17.269 4.5
      vertex 4.37284 -16.0919 3
      vertex 6.94577 -17.269 3
    endloop
  endfacet
  facet normal 0.738344 0.674425 0
    outer loop
      vertex 9.27825 -13.9611 4.5
      vertex 7.62604 -12.1523 3
      vertex 7.62604 -12.1523 4.5
    endloop
  endfacet
  facet normal 0.738344 0.674425 0
    outer loop
      vertex 7.62604 -12.1523 3
      vertex 9.27825 -13.9611 4.5
      vertex 9.27825 -13.9611 3
    endloop
  endfacet
  facet normal -0.382754 -0.92385 0
    outer loop
      vertex 6.94577 -17.269 3
      vertex 7.24193 -17.3917 4.5
      vertex 6.94577 -17.269 4.5
    endloop
  endfacet
  facet normal -0.382754 -0.92385 -0
    outer loop
      vertex 7.24193 -17.3917 4.5
      vertex 6.94577 -17.269 3
      vertex 7.24193 -17.3917 3
    endloop
  endfacet
  facet normal 0.628276 0.77799 -0
    outer loop
      vertex 11.3488 -15.6332 3
      vertex 9.27825 -13.9611 4.5
      vertex 11.3488 -15.6332 4.5
    endloop
  endfacet
  facet normal 0.628276 0.77799 0
    outer loop
      vertex 9.27825 -13.9611 4.5
      vertex 11.3488 -15.6332 3
      vertex 9.27825 -13.9611 3
    endloop
  endfacet
  facet normal -0.289189 -0.957272 0
    outer loop
      vertex 7.24193 -17.3917 3
      vertex 10.0503 -18.2401 4.5
      vertex 7.24193 -17.3917 4.5
    endloop
  endfacet
  facet normal -0.289189 -0.957272 -0
    outer loop
      vertex 10.0503 -18.2401 4.5
      vertex 7.24193 -17.3917 3
      vertex 10.0503 -18.2401 3
    endloop
  endfacet
  facet normal -0.233357 -0.972391 0
    outer loop
      vertex 10.0503 -18.2401 3
      vertex 10.2749 -18.294 4.5
      vertex 10.0503 -18.2401 4.5
    endloop
  endfacet
  facet normal -0.233357 -0.972391 -0
    outer loop
      vertex 10.2749 -18.294 4.5
      vertex 10.0503 -18.2401 3
      vertex 10.2749 -18.294 3
    endloop
  endfacet
  facet normal 0.649332 0.760505 -0
    outer loop
      vertex 14.057 -17.2605 3
      vertex 13.9496 -17.1688 4.5
      vertex 14.057 -17.2605 4.5
    endloop
  endfacet
  facet normal 0.649332 0.760505 0
    outer loop
      vertex 13.9496 -17.1688 4.5
      vertex 14.057 -17.2605 3
      vertex 13.9496 -17.1688 3
    endloop
  endfacet
  facet normal 0.507727 0.861518 -0
    outer loop
      vertex 13.8292 -17.095 3
      vertex 11.3488 -15.6332 4.5
      vertex 13.8292 -17.095 4.5
    endloop
  endfacet
  facet normal 0.507727 0.861518 0
    outer loop
      vertex 11.3488 -15.6332 4.5
      vertex 13.8292 -17.095 3
      vertex 11.3488 -15.6332 3
    endloop
  endfacet
  facet normal 0.0785914 -0.996907 0
    outer loop
      vertex 13.4206 -18.7969 3
      vertex 13.5614 -18.7858 4.5
      vertex 13.4206 -18.7969 4.5
    endloop
  endfacet
  facet normal 0.0785914 -0.996907 0
    outer loop
      vertex 13.5614 -18.7858 4.5
      vertex 13.4206 -18.7969 3
      vertex 13.5614 -18.7858 3
    endloop
  endfacet
  facet normal 0.522595 0.852581 -0
    outer loop
      vertex 13.9496 -17.1688 3
      vertex 13.8292 -17.095 4.5
      vertex 13.9496 -17.1688 4.5
    endloop
  endfacet
  facet normal 0.522595 0.852581 0
    outer loop
      vertex 13.8292 -17.095 4.5
      vertex 13.9496 -17.1688 3
      vertex 13.8292 -17.095 3
    endloop
  endfacet
  facet normal -0.161517 -0.98687 0
    outer loop
      vertex 10.2749 -18.294 3
      vertex 13.2798 -18.7858 4.5
      vertex 10.2749 -18.294 4.5
    endloop
  endfacet
  facet normal -0.161517 -0.98687 -0
    outer loop
      vertex 13.2798 -18.7858 4.5
      vertex 10.2749 -18.294 3
      vertex 13.2798 -18.7858 3
    endloop
  endfacet
  facet normal -0.0785914 -0.996907 0
    outer loop
      vertex 13.2798 -18.7858 3
      vertex 13.4206 -18.7969 4.5
      vertex 13.2798 -18.7858 4.5
    endloop
  endfacet
  facet normal -0.0785914 -0.996907 -0
    outer loop
      vertex 13.4206 -18.7969 4.5
      vertex 13.2798 -18.7858 3
      vertex 13.4206 -18.7969 3
    endloop
  endfacet
  facet normal 0.760505 0.649332 0
    outer loop
      vertex 14.1487 -17.3679 4.5
      vertex 14.057 -17.2605 3
      vertex 14.057 -17.2605 4.5
    endloop
  endfacet
  facet normal 0.760505 0.649332 0
    outer loop
      vertex 14.057 -17.2605 3
      vertex 14.1487 -17.3679 4.5
      vertex 14.1487 -17.3679 3
    endloop
  endfacet
  facet normal 0.852581 0.522595 0
    outer loop
      vertex 14.2225 -17.4883 4.5
      vertex 14.1487 -17.3679 3
      vertex 14.1487 -17.3679 4.5
    endloop
  endfacet
  facet normal 0.852581 0.522595 0
    outer loop
      vertex 14.1487 -17.3679 3
      vertex 14.2225 -17.4883 4.5
      vertex 14.2225 -17.4883 3
    endloop
  endfacet
  facet normal 0.852581 -0.522595 0
    outer loop
      vertex 14.1487 -18.4259 4.5
      vertex 14.2225 -18.3055 3
      vertex 14.2225 -18.3055 4.5
    endloop
  endfacet
  facet normal 0.852581 -0.522595 0
    outer loop
      vertex 14.2225 -18.3055 3
      vertex 14.1487 -18.4259 4.5
      vertex 14.1487 -18.4259 3
    endloop
  endfacet
  facet normal 0.996907 0.0785914 0
    outer loop
      vertex 14.3206 -17.8969 4.5
      vertex 14.3095 -17.7561 3
      vertex 14.3095 -17.7561 4.5
    endloop
  endfacet
  facet normal 0.996907 0.0785914 0
    outer loop
      vertex 14.3095 -17.7561 3
      vertex 14.3206 -17.8969 4.5
      vertex 14.3206 -17.8969 3
    endloop
  endfacet
  facet normal 0.522595 -0.852581 0
    outer loop
      vertex 13.8292 -18.6988 3
      vertex 13.9496 -18.625 4.5
      vertex 13.8292 -18.6988 4.5
    endloop
  endfacet
  facet normal 0.522595 -0.852581 0
    outer loop
      vertex 13.9496 -18.625 4.5
      vertex 13.8292 -18.6988 3
      vertex 13.9496 -18.625 3
    endloop
  endfacet
  facet normal 0.233025 -0.972471 0
    outer loop
      vertex 13.5614 -18.7858 3
      vertex 13.6987 -18.7529 4.5
      vertex 13.5614 -18.7858 4.5
    endloop
  endfacet
  facet normal 0.233025 -0.972471 0
    outer loop
      vertex 13.6987 -18.7529 4.5
      vertex 13.5614 -18.7858 3
      vertex 13.6987 -18.7529 3
    endloop
  endfacet
  facet normal 0.996907 -0.0785914 0
    outer loop
      vertex 14.3095 -18.0377 4.5
      vertex 14.3206 -17.8969 3
      vertex 14.3206 -17.8969 4.5
    endloop
  endfacet
  facet normal 0.996907 -0.0785914 0
    outer loop
      vertex 14.3206 -17.8969 3
      vertex 14.3095 -18.0377 4.5
      vertex 14.3095 -18.0377 3
    endloop
  endfacet
  facet normal 0.972471 -0.233025 0
    outer loop
      vertex 14.2766 -18.175 4.5
      vertex 14.3095 -18.0377 3
      vertex 14.3095 -18.0377 4.5
    endloop
  endfacet
  facet normal 0.972471 -0.233025 0
    outer loop
      vertex 14.3095 -18.0377 3
      vertex 14.2766 -18.175 4.5
      vertex 14.2766 -18.175 3
    endloop
  endfacet
  facet normal 0.923767 -0.382956 0
    outer loop
      vertex 14.2225 -18.3055 4.5
      vertex 14.2766 -18.175 3
      vertex 14.2766 -18.175 4.5
    endloop
  endfacet
  facet normal 0.923767 -0.382956 0
    outer loop
      vertex 14.2766 -18.175 3
      vertex 14.2225 -18.3055 4.5
      vertex 14.2225 -18.3055 3
    endloop
  endfacet
  facet normal 0.923767 0.382956 0
    outer loop
      vertex 14.2766 -17.6188 4.5
      vertex 14.2225 -17.4883 3
      vertex 14.2225 -17.4883 4.5
    endloop
  endfacet
  facet normal 0.923767 0.382956 0
    outer loop
      vertex 14.2225 -17.4883 3
      vertex 14.2766 -17.6188 4.5
      vertex 14.2766 -17.6188 3
    endloop
  endfacet
  facet normal 0.972471 0.233025 0
    outer loop
      vertex 14.3095 -17.7561 4.5
      vertex 14.2766 -17.6188 3
      vertex 14.2766 -17.6188 4.5
    endloop
  endfacet
  facet normal 0.972471 0.233025 0
    outer loop
      vertex 14.2766 -17.6188 3
      vertex 14.3095 -17.7561 4.5
      vertex 14.3095 -17.7561 3
    endloop
  endfacet
  facet normal 0.382956 -0.923767 0
    outer loop
      vertex 13.6987 -18.7529 3
      vertex 13.8292 -18.6988 4.5
      vertex 13.6987 -18.7529 4.5
    endloop
  endfacet
  facet normal 0.382956 -0.923767 0
    outer loop
      vertex 13.8292 -18.6988 4.5
      vertex 13.6987 -18.7529 3
      vertex 13.8292 -18.6988 3
    endloop
  endfacet
  facet normal 0.760505 -0.649332 0
    outer loop
      vertex 14.057 -18.5333 4.5
      vertex 14.1487 -18.4259 3
      vertex 14.1487 -18.4259 4.5
    endloop
  endfacet
  facet normal 0.760505 -0.649332 0
    outer loop
      vertex 14.1487 -18.4259 3
      vertex 14.057 -18.5333 4.5
      vertex 14.057 -18.5333 3
    endloop
  endfacet
  facet normal 0.649332 -0.760505 0
    outer loop
      vertex 13.9496 -18.625 3
      vertex 14.057 -18.5333 4.5
      vertex 13.9496 -18.625 4.5
    endloop
  endfacet
  facet normal 0.649332 -0.760505 0
    outer loop
      vertex 14.057 -18.5333 4.5
      vertex 13.9496 -18.625 3
      vertex 14.057 -18.5333 3
    endloop
  endfacet
  facet normal 0.416593 0.909093 -0
    outer loop
      vertex 9.99286 2.07798 3
      vertex 9.69597 2.21403 4.5
      vertex 9.99286 2.07798 4.5
    endloop
  endfacet
  facet normal 0.416593 0.909093 0
    outer loop
      vertex 9.69597 2.21403 4.5
      vertex 9.99286 2.07798 3
      vertex 9.69597 2.21403 3
    endloop
  endfacet
  facet normal -0.283764 -0.958894 0
    outer loop
      vertex 5.03334 -6.28994 3
      vertex 5.04341 -6.29292 4.5
      vertex 5.03334 -6.28994 4.5
    endloop
  endfacet
  facet normal -0.283764 -0.958894 -0
    outer loop
      vertex 5.04341 -6.29292 4.5
      vertex 5.03334 -6.28994 3
      vertex 5.04341 -6.29292 3
    endloop
  endfacet
  facet normal -0.130524 -0.991445 0
    outer loop
      vertex 5.04341 -6.29292 3
      vertex 5.80573 -6.39328 4.5
      vertex 5.04341 -6.29292 4.5
    endloop
  endfacet
  facet normal -0.130524 -0.991445 -0
    outer loop
      vertex 5.80573 -6.39328 4.5
      vertex 5.04341 -6.29292 3
      vertex 5.80573 -6.39328 3
    endloop
  endfacet
  facet normal 0.0258248 -0.999666 0
    outer loop
      vertex 5.80573 -6.39328 3
      vertex 8.30869 -6.32862 4.5
      vertex 5.80573 -6.39328 4.5
    endloop
  endfacet
  facet normal 0.0258248 -0.999666 0
    outer loop
      vertex 8.30869 -6.32862 4.5
      vertex 5.80573 -6.39328 3
      vertex 8.30869 -6.32862 3
    endloop
  endfacet
  facet normal 0.0261766 -0.999657 0
    outer loop
      vertex 8.30869 -6.32862 3
      vertex 8.98769 -6.31084 4.5
      vertex 8.30869 -6.32862 4.5
    endloop
  endfacet
  facet normal 0.0261766 -0.999657 0
    outer loop
      vertex 8.98769 -6.31084 4.5
      vertex 8.30869 -6.32862 3
      vertex 8.98769 -6.31084 3
    endloop
  endfacet
  facet normal 0.25979 0.965665 -0
    outer loop
      vertex 11.7916 1.59407 3
      vertex 9.99286 2.07798 4.5
      vertex 11.7916 1.59407 4.5
    endloop
  endfacet
  facet normal 0.25979 0.965665 0
    outer loop
      vertex 9.99286 2.07798 4.5
      vertex 11.7916 1.59407 3
      vertex 9.99286 2.07798 3
    endloop
  endfacet
  facet normal 0.180388 -0.983596 0
    outer loop
      vertex 8.98769 -6.31084 3
      vertex 11.5144 -5.84745 4.5
      vertex 8.98769 -6.31084 4.5
    endloop
  endfacet
  facet normal 0.180388 -0.983596 0
    outer loop
      vertex 11.5144 -5.84745 4.5
      vertex 8.98769 -6.31084 3
      vertex 11.5144 -5.84745 3
    endloop
  endfacet
  facet normal 0.182234 -0.983255 0
    outer loop
      vertex 11.5144 -5.84745 3
      vertex 12.0941 -5.74001 4.5
      vertex 11.5144 -5.84745 4.5
    endloop
  endfacet
  facet normal 0.182234 -0.983255 0
    outer loop
      vertex 12.0941 -5.74001 4.5
      vertex 11.5144 -5.84745 3
      vertex 12.0941 -5.74001 3
    endloop
  endfacet
  facet normal 0.325924 -0.945396 0
    outer loop
      vertex 12.0941 -5.74001 3
      vertex 14.5954 -4.87769 4.5
      vertex 12.0941 -5.74001 4.5
    endloop
  endfacet
  facet normal 0.325924 -0.945396 0
    outer loop
      vertex 14.5954 -4.87769 4.5
      vertex 12.0941 -5.74001 3
      vertex 14.5954 -4.87769 3
    endloop
  endfacet
  facet normal 0.0988799 0.995099 -0
    outer loop
      vertex 13.8292 1.3916 3
      vertex 11.7916 1.59407 4.5
      vertex 13.8292 1.3916 4.5
    endloop
  endfacet
  facet normal 0.0988799 0.995099 0
    outer loop
      vertex 11.7916 1.59407 4.5
      vertex 13.8292 1.3916 3
      vertex 11.7916 1.59407 3
    endloop
  endfacet
  facet normal 0.333823 -0.942636 0
    outer loop
      vertex 14.5954 -4.87769 3
      vertex 15.0666 -4.71082 4.5
      vertex 14.5954 -4.87769 4.5
    endloop
  endfacet
  facet normal 0.333823 -0.942636 0
    outer loop
      vertex 15.0666 -4.71082 4.5
      vertex 14.5954 -4.87769 3
      vertex 15.0666 -4.71082 3
    endloop
  endfacet
  facet normal -0.0608575 0.998146 0
    outer loop
      vertex 16.0693 1.52818 3
      vertex 13.8292 1.3916 4.5
      vertex 16.0693 1.52818 4.5
    endloop
  endfacet
  facet normal -0.0608575 0.998146 0
    outer loop
      vertex 13.8292 1.3916 4.5
      vertex 16.0693 1.52818 3
      vertex 13.8292 1.3916 3
    endloop
  endfacet
  facet normal 0.477167 -0.878813 0
    outer loop
      vertex 17.4939 -3.45469 3
      vertex 17.8544 -3.25895 4.5
      vertex 17.4939 -3.45469 4.5
    endloop
  endfacet
  facet normal 0.477167 -0.878813 0
    outer loop
      vertex 17.8544 -3.25895 4.5
      vertex 17.4939 -3.45469 3
      vertex 17.8544 -3.25895 3
    endloop
  endfacet
  facet normal 0.459605 -0.888124 0
    outer loop
      vertex 15.0666 -4.71082 3
      vertex 17.4939 -3.45469 4.5
      vertex 15.0666 -4.71082 4.5
    endloop
  endfacet
  facet normal 0.459605 -0.888124 0
    outer loop
      vertex 17.4939 -3.45469 4.5
      vertex 15.0666 -4.71082 3
      vertex 17.4939 -3.45469 3
    endloop
  endfacet
  facet normal 0.579483 -0.814984 0
    outer loop
      vertex 17.8544 -3.25895 3
      vertex 20.1604 -1.6193 4.5
      vertex 17.8544 -3.25895 4.5
    endloop
  endfacet
  facet normal 0.579483 -0.814984 0
    outer loop
      vertex 20.1604 -1.6193 4.5
      vertex 17.8544 -3.25895 3
      vertex 20.1604 -1.6193 3
    endloop
  endfacet
  facet normal -0.214909 0.976634 0
    outer loop
      vertex 18.4618 2.05465 3
      vertex 16.0693 1.52818 4.5
      vertex 18.4618 2.05465 4.5
    endloop
  endfacet
  facet normal -0.214909 0.976634 0
    outer loop
      vertex 16.0693 1.52818 4.5
      vertex 18.4618 2.05465 3
      vertex 16.0693 1.52818 3
    endloop
  endfacet
  facet normal 0.608798 -0.793325 0
    outer loop
      vertex 20.1604 -1.6193 3
      vertex 20.4147 -1.42415 4.5
      vertex 20.1604 -1.6193 4.5
    endloop
  endfacet
  facet normal 0.608798 -0.793325 0
    outer loop
      vertex 20.4147 -1.42415 4.5
      vertex 20.1604 -1.6193 3
      vertex 20.4147 -1.42415 3
    endloop
  endfacet
  facet normal -0.359625 0.933097 0
    outer loop
      vertex 20.9451 3.01174 3
      vertex 18.4618 2.05465 4.5
      vertex 20.9451 3.01174 4.5
    endloop
  endfacet
  facet normal -0.359625 0.933097 0
    outer loop
      vertex 18.4618 2.05465 4.5
      vertex 20.9451 3.01174 3
      vertex 18.4618 2.05465 3
    endloop
  endfacet
  facet normal 0.68444 -0.729069 0
    outer loop
      vertex 20.4147 -1.42415 3
      vertex 22.5536 0.583819 4.5
      vertex 20.4147 -1.42415 4.5
    endloop
  endfacet
  facet normal 0.68444 -0.729069 0
    outer loop
      vertex 22.5536 0.583819 4.5
      vertex 20.4147 -1.42415 3
      vertex 22.5536 0.583819 3
    endloop
  endfacet
  facet normal 0.725455 -0.688269 0
    outer loop
      vertex 22.5536 0.583819 4.5
      vertex 22.7125 0.751304 3
      vertex 22.7125 0.751304 4.5
    endloop
  endfacet
  facet normal 0.725455 -0.688269 0
    outer loop
      vertex 22.7125 0.751304 3
      vertex 22.5536 0.583819 4.5
      vertex 22.5536 0.583819 3
    endloop
  endfacet
  facet normal -0.33385 0.942626 0
    outer loop
      vertex 23.7086 4.54349 3
      vertex 23.5755 4.49635 4.5
      vertex 23.7086 4.54349 4.5
    endloop
  endfacet
  facet normal -0.33385 0.942626 0
    outer loop
      vertex 23.5755 4.49635 4.5
      vertex 23.7086 4.54349 3
      vertex 23.5755 4.49635 3
    endloop
  endfacet
  facet normal -0.492219 0.870471 0
    outer loop
      vertex 23.4514 4.42896 3
      vertex 20.9451 3.01174 4.5
      vertex 23.4514 4.42896 4.5
    endloop
  endfacet
  facet normal -0.492219 0.870471 0
    outer loop
      vertex 20.9451 3.01174 4.5
      vertex 23.4514 4.42896 3
      vertex 20.9451 3.01174 3
    endloop
  endfacet
  facet normal 0.902572 -0.430538 0
    outer loop
      vertex 24.721 3.22416 4.5
      vertex 24.7818 3.35162 3
      vertex 24.7818 3.35162 4.5
    endloop
  endfacet
  facet normal 0.902572 -0.430538 0
    outer loop
      vertex 24.7818 3.35162 3
      vertex 24.721 3.22416 4.5
      vertex 24.721 3.22416 3
    endloop
  endfacet
  facet normal -0.477209 0.87879 0
    outer loop
      vertex 23.5755 4.49635 3
      vertex 23.4514 4.42896 4.5
      vertex 23.5755 4.49635 4.5
    endloop
  endfacet
  facet normal -0.477209 0.87879 0
    outer loop
      vertex 23.4514 4.42896 4.5
      vertex 23.5755 4.49635 3
      vertex 23.4514 4.42896 3
    endloop
  endfacet
  facet normal 0.77388 -0.633333 0
    outer loop
      vertex 22.7125 0.751304 4.5
      vertex 24.641 3.10777 3
      vertex 24.641 3.10777 4.5
    endloop
  endfacet
  facet normal 0.77388 -0.633333 0
    outer loop
      vertex 24.641 3.10777 3
      vertex 22.7125 0.751304 4.5
      vertex 22.7125 0.751304 3
    endloop
  endfacet
  facet normal 0.824102 -0.566442 0
    outer loop
      vertex 24.641 3.10777 4.5
      vertex 24.721 3.22416 3
      vertex 24.721 3.22416 4.5
    endloop
  endfacet
  facet normal 0.824102 -0.566442 0
    outer loop
      vertex 24.721 3.22416 3
      vertex 24.641 3.10777 4.5
      vertex 24.641 3.10777 3
    endloop
  endfacet
  facet normal -0.182211 0.983259 0
    outer loop
      vertex 23.8475 4.56923 3
      vertex 23.7086 4.54349 4.5
      vertex 23.8475 4.56923 4.5
    endloop
  endfacet
  facet normal -0.182211 0.983259 0
    outer loop
      vertex 23.7086 4.54349 4.5
      vertex 23.8475 4.56923 3
      vertex 23.7086 4.54349 3
    endloop
  endfacet
  facet normal -0.0261427 0.999658 0
    outer loop
      vertex 23.9886 4.57292 3
      vertex 23.8475 4.56923 4.5
      vertex 23.9886 4.57292 4.5
    endloop
  endfacet
  facet normal -0.0261427 0.999658 0
    outer loop
      vertex 23.8475 4.56923 4.5
      vertex 23.9886 4.57292 3
      vertex 23.8475 4.56923 3
    endloop
  endfacet
  facet normal 0.878776 0.477234 0
    outer loop
      vertex 24.7637 4.04022 4.5
      vertex 24.6963 4.16433 3
      vertex 24.6963 4.16433 4.5
    endloop
  endfacet
  facet normal 0.878776 0.477234 0
    outer loop
      vertex 24.6963 4.16433 3
      vertex 24.7637 4.04022 4.5
      vertex 24.7637 4.04022 3
    endloop
  endfacet
  facet normal 0.430703 0.902494 -0
    outer loop
      vertex 24.3915 4.45358 3
      vertex 24.2641 4.51438 4.5
      vertex 24.3915 4.45358 4.5
    endloop
  endfacet
  facet normal 0.430703 0.902494 0
    outer loop
      vertex 24.2641 4.51438 4.5
      vertex 24.3915 4.45358 3
      vertex 24.2641 4.51438 3
    endloop
  endfacet
  facet normal 0.999657 0.0261987 0
    outer loop
      vertex 24.8403 3.62705 4.5
      vertex 24.8366 3.76823 3
      vertex 24.8366 3.76823 4.5
    endloop
  endfacet
  facet normal 0.999657 0.0261987 0
    outer loop
      vertex 24.8366 3.76823 3
      vertex 24.8403 3.62705 4.5
      vertex 24.8403 3.62705 3
    endloop
  endfacet
  facet normal 0.95884 -0.283948 0
    outer loop
      vertex 24.7818 3.35162 4.5
      vertex 24.8219 3.48703 3
      vertex 24.8219 3.48703 4.5
    endloop
  endfacet
  facet normal 0.95884 -0.283948 0
    outer loop
      vertex 24.8219 3.48703 3
      vertex 24.7818 3.35162 4.5
      vertex 24.7818 3.35162 3
    endloop
  endfacet
  facet normal 0.566361 0.824158 -0
    outer loop
      vertex 24.5079 4.37359 3
      vertex 24.3915 4.45358 4.5
      vertex 24.5079 4.37359 4.5
    endloop
  endfacet
  facet normal 0.566361 0.824158 0
    outer loop
      vertex 24.3915 4.45358 4.5
      vertex 24.5079 4.37359 3
      vertex 24.3915 4.45358 3
    endloop
  endfacet
  facet normal 0.688173 0.725547 -0
    outer loop
      vertex 24.6104 4.27637 3
      vertex 24.5079 4.37359 4.5
      vertex 24.6104 4.27637 4.5
    endloop
  endfacet
  facet normal 0.688173 0.725547 0
    outer loop
      vertex 24.5079 4.37359 4.5
      vertex 24.6104 4.27637 3
      vertex 24.5079 4.37359 3
    endloop
  endfacet
  facet normal 0.793597 0.608443 0
    outer loop
      vertex 24.6963 4.16433 4.5
      vertex 24.6104 4.27637 3
      vertex 24.6104 4.27637 4.5
    endloop
  endfacet
  facet normal 0.793597 0.608443 0
    outer loop
      vertex 24.6104 4.27637 3
      vertex 24.6963 4.16433 4.5
      vertex 24.6963 4.16433 3
    endloop
  endfacet
  facet normal 0.130425 0.991458 -0
    outer loop
      vertex 24.1287 4.55449 3
      vertex 23.9886 4.57292 4.5
      vertex 24.1287 4.55449 4.5
    endloop
  endfacet
  facet normal 0.130425 0.991458 0
    outer loop
      vertex 23.9886 4.57292 4.5
      vertex 24.1287 4.55449 3
      vertex 23.9886 4.57292 3
    endloop
  endfacet
  facet normal 0.284033 0.958815 -0
    outer loop
      vertex 24.2641 4.51438 3
      vertex 24.1287 4.55449 4.5
      vertex 24.2641 4.51438 4.5
    endloop
  endfacet
  facet normal 0.284033 0.958815 0
    outer loop
      vertex 24.1287 4.55449 4.5
      vertex 24.2641 4.51438 3
      vertex 24.1287 4.55449 3
    endloop
  endfacet
  facet normal 0.991476 -0.13029 0
    outer loop
      vertex 24.8219 3.48703 4.5
      vertex 24.8403 3.62705 3
      vertex 24.8403 3.62705 4.5
    endloop
  endfacet
  facet normal 0.991476 -0.13029 0
    outer loop
      vertex 24.8403 3.62705 3
      vertex 24.8219 3.48703 4.5
      vertex 24.8219 3.48703 3
    endloop
  endfacet
  facet normal 0.942516 0.33416 0
    outer loop
      vertex 24.8109 3.90709 4.5
      vertex 24.7637 4.04022 3
      vertex 24.7637 4.04022 4.5
    endloop
  endfacet
  facet normal 0.942516 0.33416 0
    outer loop
      vertex 24.7637 4.04022 3
      vertex 24.8109 3.90709 4.5
      vertex 24.8109 3.90709 3
    endloop
  endfacet
  facet normal 0.983301 0.181988 0
    outer loop
      vertex 24.8366 3.76823 4.5
      vertex 24.8109 3.90709 3
      vertex 24.8109 3.90709 4.5
    endloop
  endfacet
  facet normal 0.983301 0.181988 0
    outer loop
      vertex 24.8109 3.90709 3
      vertex 24.8366 3.76823 4.5
      vertex 24.8366 3.76823 3
    endloop
  endfacet
  facet normal -0.57902 0.815313 0
    outer loop
      vertex 4.9289 10.6931 3
      vertex 4.66263 10.504 4.5
      vertex 4.9289 10.6931 4.5
    endloop
  endfacet
  facet normal -0.57902 0.815313 0
    outer loop
      vertex 4.66263 10.504 4.5
      vertex 4.9289 10.6931 3
      vertex 4.66263 10.504 3
    endloop
  endfacet
  facet normal 0.688299 -0.725427 0
    outer loop
      vertex 9.69597 2.21403 3
      vertex 9.70359 2.22126 4.5
      vertex 9.69597 2.21403 4.5
    endloop
  endfacet
  facet normal 0.688299 -0.725427 0
    outer loop
      vertex 9.70359 2.22126 4.5
      vertex 9.69597 2.21403 3
      vertex 9.70359 2.22126 3
    endloop
  endfacet
  facet normal 0.793333 -0.608788 0
    outer loop
      vertex 9.70359 2.22126 4.5
      vertex 10.1717 2.83127 3
      vertex 10.1717 2.83127 4.5
    endloop
  endfacet
  facet normal 0.793333 -0.608788 0
    outer loop
      vertex 10.1717 2.83127 3
      vertex 9.70359 2.22126 4.5
      vertex 9.70359 2.22126 3
    endloop
  endfacet
  facet normal 0.878662 -0.477444 0
    outer loop
      vertex 10.1717 2.83127 4.5
      vertex 11.3671 5.03122 3
      vertex 11.3671 5.03122 4.5
    endloop
  endfacet
  facet normal 0.878662 -0.477444 0
    outer loop
      vertex 11.3671 5.03122 3
      vertex 10.1717 2.83127 4.5
      vertex 10.1717 2.83127 3
    endloop
  endfacet
  facet normal 0.878818 -0.477157 0
    outer loop
      vertex 11.3671 5.03122 4.5
      vertex 11.6912 5.62814 3
      vertex 11.6912 5.62814 4.5
    endloop
  endfacet
  facet normal 0.878818 -0.477157 0
    outer loop
      vertex 11.6912 5.62814 3
      vertex 11.3671 5.03122 4.5
      vertex 11.3671 5.03122 3
    endloop
  endfacet
  facet normal -0.706392 0.70782 0
    outer loop
      vertex 6.24736 12.0089 3
      vertex 4.9289 10.6931 4.5
      vertex 6.24736 12.0089 4.5
    endloop
  endfacet
  facet normal -0.706392 0.70782 0
    outer loop
      vertex 4.9289 10.6931 4.5
      vertex 6.24736 12.0089 3
      vertex 4.9289 10.6931 3
    endloop
  endfacet
  facet normal 0.942008 -0.33559 0
    outer loop
      vertex 11.6912 5.62814 4.5
      vertex 12.5533 8.04807 3
      vertex 12.5533 8.04807 4.5
    endloop
  endfacet
  facet normal 0.942008 -0.33559 0
    outer loop
      vertex 12.5533 8.04807 3
      vertex 11.6912 5.62814 4.5
      vertex 11.6912 5.62814 3
    endloop
  endfacet
  facet normal 0.942642 -0.333805 0
    outer loop
      vertex 12.5533 8.04807 4.5
      vertex 12.7501 8.60382 3
      vertex 12.7501 8.60382 4.5
    endloop
  endfacet
  facet normal 0.942642 -0.333805 0
    outer loop
      vertex 12.7501 8.60382 3
      vertex 12.5533 8.04807 4.5
      vertex 12.5533 8.04807 3
    endloop
  endfacet
  facet normal 0.981696 -0.190452 0
    outer loop
      vertex 12.7501 8.60382 4.5
      vertex 13.254 11.2012 3
      vertex 13.254 11.2012 4.5
    endloop
  endfacet
  facet normal 0.981696 -0.190452 0
    outer loop
      vertex 13.254 11.2012 3
      vertex 12.7501 8.60382 4.5
      vertex 12.7501 8.60382 3
    endloop
  endfacet
  facet normal -0.812329 0.583199 0
    outer loop
      vertex 6.24736 12.0089 3
      vertex 7.4415 13.6722 4.5
      vertex 7.4415 13.6722 3
    endloop
  endfacet
  facet normal -0.812329 0.583199 0
    outer loop
      vertex 7.4415 13.6722 4.5
      vertex 6.24736 12.0089 3
      vertex 6.24736 12.0089 4.5
    endloop
  endfacet
  facet normal 0.983253 -0.182247 0
    outer loop
      vertex 13.254 11.2012 4.5
      vertex 13.3451 11.6927 3
      vertex 13.3451 11.6927 4.5
    endloop
  endfacet
  facet normal 0.983253 -0.182247 0
    outer loop
      vertex 13.3451 11.6927 3
      vertex 13.254 11.2012 4.5
      vertex 13.254 11.2012 3
    endloop
  endfacet
  facet normal -0.894851 0.446365 0
    outer loop
      vertex 7.4415 13.6722 3
      vertex 8.44327 15.6805 4.5
      vertex 8.44327 15.6805 3
    endloop
  endfacet
  facet normal -0.894851 0.446365 0
    outer loop
      vertex 8.44327 15.6805 4.5
      vertex 7.4415 13.6722 3
      vertex 7.4415 13.6722 4.5
    endloop
  endfacet
  facet normal 0.99966 -0.0260823 0
    outer loop
      vertex 13.4709 14.4228 4.5
      vertex 13.4816 14.8329 3
      vertex 13.4816 14.8329 4.5
    endloop
  endfacet
  facet normal 0.99966 -0.0260823 0
    outer loop
      vertex 13.4816 14.8329 3
      vertex 13.4709 14.4228 4.5
      vertex 13.4709 14.4228 3
    endloop
  endfacet
  facet normal 0.99894 -0.0460301 0
    outer loop
      vertex 13.3451 11.6927 4.5
      vertex 13.4709 14.4228 3
      vertex 13.4709 14.4228 4.5
    endloop
  endfacet
  facet normal 0.99894 -0.0460301 0
    outer loop
      vertex 13.4709 14.4228 3
      vertex 13.3451 11.6927 4.5
      vertex 13.3451 11.6927 3
    endloop
  endfacet
  facet normal 0.995538 0.0943654 0
    outer loop
      vertex 13.4816 14.8329 4.5
      vertex 13.2146 17.6497 3
      vertex 13.2146 17.6497 4.5
    endloop
  endfacet
  facet normal 0.995538 0.0943654 0
    outer loop
      vertex 13.2146 17.6497 3
      vertex 13.4816 14.8329 4.5
      vertex 13.4816 14.8329 3
    endloop
  endfacet
  facet normal -0.953245 0.3022 0
    outer loop
      vertex 8.44327 15.6805 3
      vertex 9.18358 18.0157 4.5
      vertex 9.18358 18.0157 3
    endloop
  endfacet
  facet normal -0.953245 0.3022 0
    outer loop
      vertex 9.18358 18.0157 4.5
      vertex 8.44327 15.6805 3
      vertex 8.44327 15.6805 4.5
    endloop
  endfacet
  facet normal 0.99142 0.130713 0
    outer loop
      vertex 13.2146 17.6497 4.5
      vertex 13.1727 17.9675 3
      vertex 13.1727 17.9675 4.5
    endloop
  endfacet
  facet normal 0.99142 0.130713 0
    outer loop
      vertex 13.1727 17.9675 3
      vertex 13.2146 17.6497 4.5
      vertex 13.2146 17.6497 3
    endloop
  endfacet
  facet normal -0.987898 0.155106 0
    outer loop
      vertex 9.18358 18.0157 3
      vertex 9.59638 20.6449 4.5
      vertex 9.59638 20.6449 3
    endloop
  endfacet
  facet normal -0.987898 0.155106 0
    outer loop
      vertex 9.59638 20.6449 4.5
      vertex 9.18358 18.0157 3
      vertex 9.18358 18.0157 4.5
    endloop
  endfacet
  facet normal 0.973614 0.228201 0
    outer loop
      vertex 13.1727 17.9675 4.5
      vertex 12.5032 20.8239 3
      vertex 12.5032 20.8239 4.5
    endloop
  endfacet
  facet normal 0.973614 0.228201 0
    outer loop
      vertex 12.5032 20.8239 3
      vertex 13.1727 17.9675 4.5
      vertex 13.1727 17.9675 3
    endloop
  endfacet
  facet normal 0.958916 0.28369 0
    outer loop
      vertex 12.5032 20.8239 4.5
      vertex 12.4377 21.0453 3
      vertex 12.4377 21.0453 4.5
    endloop
  endfacet
  facet normal 0.958916 0.28369 0
    outer loop
      vertex 12.4377 21.0453 3
      vertex 12.5032 20.8239 4.5
      vertex 12.5032 20.8239 3
    endloop
  endfacet
  facet normal -0.983272 0.182142 0
    outer loop
      vertex 9.62584 23.6651 3
      vertex 9.65157 23.804 4.5
      vertex 9.65157 23.804 3
    endloop
  endfacet
  facet normal -0.983272 0.182142 0
    outer loop
      vertex 9.65157 23.804 4.5
      vertex 9.62584 23.6651 3
      vertex 9.62584 23.6651 4.5
    endloop
  endfacet
  facet normal -0.99996 0.00894688 0
    outer loop
      vertex 9.59638 20.6449 3
      vertex 9.62214 23.524 4.5
      vertex 9.62214 23.524 3
    endloop
  endfacet
  facet normal -0.99996 0.00894688 0
    outer loop
      vertex 9.62214 23.524 4.5
      vertex 9.59638 20.6449 3
      vertex 9.59638 20.6449 4.5
    endloop
  endfacet
  facet normal 0.823897 0.566739 0
    outer loop
      vertex 11.3003 24.0211 4.5
      vertex 11.2203 24.1374 3
      vertex 11.2203 24.1374 4.5
    endloop
  endfacet
  facet normal 0.823897 0.566739 0
    outer loop
      vertex 11.2203 24.1374 3
      vertex 11.3003 24.0211 4.5
      vertex 11.3003 24.0211 3
    endloop
  endfacet
  facet normal -0.999656 0.0262135 0
    outer loop
      vertex 9.62214 23.524 3
      vertex 9.62584 23.6651 4.5
      vertex 9.62584 23.6651 3
    endloop
  endfacet
  facet normal -0.999656 0.0262135 0
    outer loop
      vertex 9.62584 23.6651 4.5
      vertex 9.62214 23.524 3
      vertex 9.62214 23.524 4.5
    endloop
  endfacet
  facet normal 0.93541 0.353566 0
    outer loop
      vertex 12.4377 21.0453 4.5
      vertex 11.3611 23.8936 3
      vertex 11.3611 23.8936 4.5
    endloop
  endfacet
  facet normal 0.93541 0.353566 0
    outer loop
      vertex 11.3611 23.8936 3
      vertex 12.4377 21.0453 4.5
      vertex 12.4377 21.0453 3
    endloop
  endfacet
  facet normal 0.902625 0.430428 0
    outer loop
      vertex 11.3611 23.8936 4.5
      vertex 11.3003 24.0211 3
      vertex 11.3003 24.0211 4.5
    endloop
  endfacet
  facet normal 0.902625 0.430428 0
    outer loop
      vertex 11.3003 24.0211 3
      vertex 11.3611 23.8936 4.5
      vertex 11.3611 23.8936 3
    endloop
  endfacet
  facet normal -0.942604 0.333913 0
    outer loop
      vertex 9.65157 23.804 3
      vertex 9.69872 23.9371 4.5
      vertex 9.69872 23.9371 3
    endloop
  endfacet
  facet normal -0.942604 0.333913 0
    outer loop
      vertex 9.69872 23.9371 4.5
      vertex 9.65157 23.804 3
      vertex 9.65157 23.804 4.5
    endloop
  endfacet
  facet normal -0.878819 0.477154 0
    outer loop
      vertex 9.69872 23.9371 3
      vertex 9.7661 24.0612 4.5
      vertex 9.7661 24.0612 3
    endloop
  endfacet
  facet normal -0.878819 0.477154 0
    outer loop
      vertex 9.7661 24.0612 4.5
      vertex 9.69872 23.9371 3
      vertex 9.69872 23.9371 4.5
    endloop
  endfacet
  facet normal 0.026195 0.999657 -0
    outer loop
      vertex 10.615 24.4661 3
      vertex 10.4738 24.4698 4.5
      vertex 10.615 24.4661 4.5
    endloop
  endfacet
  facet normal 0.026195 0.999657 0
    outer loop
      vertex 10.4738 24.4698 4.5
      vertex 10.615 24.4661 3
      vertex 10.4738 24.4698 3
    endloop
  endfacet
  facet normal -0.566475 0.824079 0
    outer loop
      vertex 10.0709 24.3505 3
      vertex 9.95452 24.2705 4.5
      vertex 10.0709 24.3505 4.5
    endloop
  endfacet
  facet normal -0.566475 0.824079 0
    outer loop
      vertex 9.95452 24.2705 4.5
      vertex 10.0709 24.3505 3
      vertex 9.95452 24.2705 3
    endloop
  endfacet
  facet normal 0.476717 0.879057 -0
    outer loop
      vertex 11.0111 24.3259 3
      vertex 10.887 24.3932 4.5
      vertex 11.0111 24.3259 4.5
    endloop
  endfacet
  facet normal 0.476717 0.879057 0
    outer loop
      vertex 10.887 24.3932 4.5
      vertex 11.0111 24.3259 3
      vertex 10.887 24.3932 3
    endloop
  endfacet
  facet normal 0.725618 0.688098 0
    outer loop
      vertex 11.2203 24.1374 4.5
      vertex 11.1231 24.2399 3
      vertex 11.1231 24.2399 4.5
    endloop
  endfacet
  facet normal 0.725618 0.688098 0
    outer loop
      vertex 11.1231 24.2399 3
      vertex 11.2203 24.1374 4.5
      vertex 11.2203 24.1374 3
    endloop
  endfacet
  facet normal -0.430428 0.902625 0
    outer loop
      vertex 10.1984 24.4113 3
      vertex 10.0709 24.3505 4.5
      vertex 10.1984 24.4113 4.5
    endloop
  endfacet
  facet normal -0.430428 0.902625 0
    outer loop
      vertex 10.0709 24.3505 4.5
      vertex 10.1984 24.4113 3
      vertex 10.0709 24.3505 3
    endloop
  endfacet
  facet normal -0.283968 0.958834 0
    outer loop
      vertex 10.3338 24.4514 3
      vertex 10.1984 24.4113 4.5
      vertex 10.3338 24.4514 4.5
    endloop
  endfacet
  facet normal -0.283968 0.958834 0
    outer loop
      vertex 10.1984 24.4113 4.5
      vertex 10.3338 24.4514 3
      vertex 10.1984 24.4113 3
    endloop
  endfacet
  facet normal -0.130308 0.991474 0
    outer loop
      vertex 10.4738 24.4698 3
      vertex 10.3338 24.4514 4.5
      vertex 10.4738 24.4698 4.5
    endloop
  endfacet
  facet normal -0.130308 0.991474 0
    outer loop
      vertex 10.3338 24.4514 4.5
      vertex 10.4738 24.4698 3
      vertex 10.3338 24.4514 3
    endloop
  endfacet
  facet normal -0.793481 0.608595 0
    outer loop
      vertex 9.7661 24.0612 3
      vertex 9.85208 24.1733 4.5
      vertex 9.85208 24.1733 3
    endloop
  endfacet
  facet normal -0.793481 0.608595 0
    outer loop
      vertex 9.85208 24.1733 4.5
      vertex 9.7661 24.0612 3
      vertex 9.7661 24.0612 4.5
    endloop
  endfacet
  facet normal -0.68831 0.725417 0
    outer loop
      vertex 9.95452 24.2705 3
      vertex 9.85208 24.1733 4.5
      vertex 9.95452 24.2705 4.5
    endloop
  endfacet
  facet normal -0.68831 0.725417 0
    outer loop
      vertex 9.85208 24.1733 4.5
      vertex 9.95452 24.2705 3
      vertex 9.85208 24.1733 3
    endloop
  endfacet
  facet normal 0.609026 0.79315 -0
    outer loop
      vertex 11.1231 24.2399 3
      vertex 11.0111 24.3259 4.5
      vertex 11.1231 24.2399 4.5
    endloop
  endfacet
  facet normal 0.609026 0.79315 0
    outer loop
      vertex 11.0111 24.3259 4.5
      vertex 11.1231 24.2399 3
      vertex 11.0111 24.3259 3
    endloop
  endfacet
  facet normal 0.182064 0.983287 -0
    outer loop
      vertex 10.7538 24.4404 3
      vertex 10.615 24.4661 4.5
      vertex 10.7538 24.4404 4.5
    endloop
  endfacet
  facet normal 0.182064 0.983287 0
    outer loop
      vertex 10.615 24.4661 4.5
      vertex 10.7538 24.4404 3
      vertex 10.615 24.4661 3
    endloop
  endfacet
  facet normal 0.334004 0.942572 -0
    outer loop
      vertex 10.887 24.3932 3
      vertex 10.7538 24.4404 4.5
      vertex 10.887 24.3932 4.5
    endloop
  endfacet
  facet normal 0.334004 0.942572 0
    outer loop
      vertex 10.7538 24.4404 4.5
      vertex 10.887 24.3932 3
      vertex 10.7538 24.4404 3
    endloop
  endfacet
  facet normal -0.995596 -0.0937428 0
    outer loop
      vertex -5.03334 10.2899 3
      vertex -5.06396 10.6151 4.5
      vertex -5.06396 10.6151 3
    endloop
  endfacet
  facet normal -0.995596 -0.0937428 0
    outer loop
      vertex -5.06396 10.6151 4.5
      vertex -5.03334 10.2899 3
      vertex -5.03334 10.2899 4.5
    endloop
  endfacet
  facet normal 0.972344 0.233553 0
    outer loop
      vertex 4.66263 10.504 4.5
      vertex 4.66018 10.5142 3
      vertex 4.66018 10.5142 4.5
    endloop
  endfacet
  facet normal 0.972344 0.233553 0
    outer loop
      vertex 4.66018 10.5142 3
      vertex 4.66263 10.504 4.5
      vertex 4.66263 10.504 3
    endloop
  endfacet
  facet normal 0.923883 0.382675 0
    outer loop
      vertex 4.66018 10.5142 4.5
      vertex 4.36593 11.2246 3
      vertex 4.36593 11.2246 4.5
    endloop
  endfacet
  facet normal 0.923883 0.382675 0
    outer loop
      vertex 4.36593 11.2246 3
      vertex 4.66018 10.5142 4.5
      vertex 4.66018 10.5142 3
    endloop
  endfacet
  facet normal 0.852813 0.522216 0
    outer loop
      vertex 4.36593 11.2246 4.5
      vertex 3.05845 13.3598 3
      vertex 3.05845 13.3598 4.5
    endloop
  endfacet
  facet normal 0.852813 0.522216 0
    outer loop
      vertex 3.05845 13.3598 3
      vertex 4.36593 11.2246 4.5
      vertex 4.36593 11.2246 3
    endloop
  endfacet
  facet normal 0.852669 0.522451 0
    outer loop
      vertex 3.05845 13.3598 4.5
      vertex 2.70356 13.939 3
      vertex 2.70356 13.939 4.5
    endloop
  endfacet
  facet normal 0.852669 0.522451 0
    outer loop
      vertex 2.70356 13.939 3
      vertex 3.05845 13.3598 4.5
      vertex 3.05845 13.3598 3
    endloop
  endfacet
  facet normal -0.966183 -0.257858 0
    outer loop
      vertex -5.06396 10.6151 3
      vertex -5.54427 12.4148 4.5
      vertex -5.54427 12.4148 3
    endloop
  endfacet
  facet normal -0.966183 -0.257858 0
    outer loop
      vertex -5.54427 12.4148 4.5
      vertex -5.06396 10.6151 3
      vertex -5.06396 10.6151 4.5
    endloop
  endfacet
  facet normal 0.761621 0.648022 0
    outer loop
      vertex 2.70356 13.939 4.5
      vertex 1.03888 15.8955 3
      vertex 1.03888 15.8955 4.5
    endloop
  endfacet
  facet normal 0.761621 0.648022 0
    outer loop
      vertex 1.03888 15.8955 3
      vertex 2.70356 13.939 4.5
      vertex 2.70356 13.939 3
    endloop
  endfacet
  facet normal 0.760396 0.649459 0
    outer loop
      vertex 1.03888 15.8955 4.5
      vertex 0.655984 16.3438 3
      vertex 0.655984 16.3438 4.5
    endloop
  endfacet
  facet normal 0.760396 0.649459 0
    outer loop
      vertex 0.655984 16.3438 3
      vertex 1.03888 15.8955 4.5
      vertex 1.03888 15.8955 3
    endloop
  endfacet
  facet normal 0.655768 0.754962 -0
    outer loop
      vertex 0.655984 16.3438 3
      vertex -1.34146 18.0788 4.5
      vertex 0.655984 16.3438 4.5
    endloop
  endfacet
  facet normal 0.655768 0.754962 0
    outer loop
      vertex -1.34146 18.0788 4.5
      vertex 0.655984 16.3438 3
      vertex -1.34146 18.0788 3
    endloop
  endfacet
  facet normal -0.911228 -0.411901 0
    outer loop
      vertex -5.54427 12.4148 3
      vertex -6.38771 14.2807 4.5
      vertex -6.38771 14.2807 3
    endloop
  endfacet
  facet normal -0.911228 -0.411901 0
    outer loop
      vertex -6.38771 14.2807 4.5
      vertex -5.54427 12.4148 3
      vertex -5.54427 12.4148 4.5
    endloop
  endfacet
  facet normal 0.649502 0.76036 -0
    outer loop
      vertex -1.34146 18.0788 3
      vertex -1.72158 18.4035 4.5
      vertex -1.34146 18.0788 4.5
    endloop
  endfacet
  facet normal 0.649502 0.76036 0
    outer loop
      vertex -1.72158 18.4035 4.5
      vertex -1.34146 18.0788 3
      vertex -1.72158 18.4035 3
    endloop
  endfacet
  facet normal -0.833979 -0.551796 0
    outer loop
      vertex -6.38771 14.2807 3
      vertex -7.62604 16.1523 4.5
      vertex -7.62604 16.1523 3
    endloop
  endfacet
  facet normal -0.833979 -0.551796 0
    outer loop
      vertex -7.62604 16.1523 4.5
      vertex -6.38771 14.2807 3
      vertex -6.38771 14.2807 4.5
    endloop
  endfacet
  facet normal 0.522595 0.852581 -0
    outer loop
      vertex -4.02306 19.8775 3
      vertex -4.37284 20.0919 4.5
      vertex -4.02306 19.8775 4.5
    endloop
  endfacet
  facet normal 0.522595 0.852581 0
    outer loop
      vertex -4.37284 20.0919 4.5
      vertex -4.02306 19.8775 3
      vertex -4.37284 20.0919 3
    endloop
  endfacet
  facet normal 0.539327 0.842096 -0
    outer loop
      vertex -1.72158 18.4035 3
      vertex -4.02306 19.8775 4.5
      vertex -1.72158 18.4035 4.5
    endloop
  endfacet
  facet normal 0.539327 0.842096 0
    outer loop
      vertex -4.02306 19.8775 4.5
      vertex -1.72158 18.4035 3
      vertex -4.02306 19.8775 3
    endloop
  endfacet
  facet normal 0.416024 0.909354 -0
    outer loop
      vertex -4.37284 20.0919 3
      vertex -6.94577 21.269 4.5
      vertex -4.37284 20.0919 4.5
    endloop
  endfacet
  facet normal 0.416024 0.909354 0
    outer loop
      vertex -6.94577 21.269 4.5
      vertex -4.37284 20.0919 3
      vertex -6.94577 21.269 3
    endloop
  endfacet
  facet normal -0.738344 -0.674425 0
    outer loop
      vertex -7.62604 16.1523 3
      vertex -9.27825 17.9611 4.5
      vertex -9.27825 17.9611 3
    endloop
  endfacet
  facet normal -0.738344 -0.674425 0
    outer loop
      vertex -9.27825 17.9611 4.5
      vertex -7.62604 16.1523 3
      vertex -7.62604 16.1523 4.5
    endloop
  endfacet
  facet normal 0.382754 0.92385 -0
    outer loop
      vertex -6.94577 21.269 3
      vertex -7.24193 21.3917 4.5
      vertex -6.94577 21.269 4.5
    endloop
  endfacet
  facet normal 0.382754 0.92385 0
    outer loop
      vertex -7.24193 21.3917 4.5
      vertex -6.94577 21.269 3
      vertex -7.24193 21.3917 3
    endloop
  endfacet
  facet normal -0.628276 -0.77799 0
    outer loop
      vertex -11.3488 19.6332 3
      vertex -9.27825 17.9611 4.5
      vertex -11.3488 19.6332 4.5
    endloop
  endfacet
  facet normal -0.628276 -0.77799 -0
    outer loop
      vertex -9.27825 17.9611 4.5
      vertex -11.3488 19.6332 3
      vertex -9.27825 17.9611 3
    endloop
  endfacet
  facet normal 0.289189 0.957272 -0
    outer loop
      vertex -7.24193 21.3917 3
      vertex -10.0503 22.2401 4.5
      vertex -7.24193 21.3917 4.5
    endloop
  endfacet
  facet normal 0.289189 0.957272 0
    outer loop
      vertex -10.0503 22.2401 4.5
      vertex -7.24193 21.3917 3
      vertex -10.0503 22.2401 3
    endloop
  endfacet
  facet normal 0.233357 0.972391 -0
    outer loop
      vertex -10.0503 22.2401 3
      vertex -10.2749 22.294 4.5
      vertex -10.0503 22.2401 4.5
    endloop
  endfacet
  facet normal 0.233357 0.972391 0
    outer loop
      vertex -10.2749 22.294 4.5
      vertex -10.0503 22.2401 3
      vertex -10.2749 22.294 3
    endloop
  endfacet
  facet normal -0.649332 -0.760505 0
    outer loop
      vertex -14.057 21.2605 3
      vertex -13.9496 21.1688 4.5
      vertex -14.057 21.2605 4.5
    endloop
  endfacet
  facet normal -0.649332 -0.760505 -0
    outer loop
      vertex -13.9496 21.1688 4.5
      vertex -14.057 21.2605 3
      vertex -13.9496 21.1688 3
    endloop
  endfacet
  facet normal -0.507727 -0.861518 0
    outer loop
      vertex -13.8292 21.095 3
      vertex -11.3488 19.6332 4.5
      vertex -13.8292 21.095 4.5
    endloop
  endfacet
  facet normal -0.507727 -0.861518 -0
    outer loop
      vertex -11.3488 19.6332 4.5
      vertex -13.8292 21.095 3
      vertex -11.3488 19.6332 3
    endloop
  endfacet
  facet normal -0.0785914 0.996907 0
    outer loop
      vertex -13.4206 22.7969 3
      vertex -13.5614 22.7858 4.5
      vertex -13.4206 22.7969 4.5
    endloop
  endfacet
  facet normal -0.0785914 0.996907 0
    outer loop
      vertex -13.5614 22.7858 4.5
      vertex -13.4206 22.7969 3
      vertex -13.5614 22.7858 3
    endloop
  endfacet
  facet normal -0.522595 -0.852581 0
    outer loop
      vertex -13.9496 21.1688 3
      vertex -13.8292 21.095 4.5
      vertex -13.9496 21.1688 4.5
    endloop
  endfacet
  facet normal -0.522595 -0.852581 -0
    outer loop
      vertex -13.8292 21.095 4.5
      vertex -13.9496 21.1688 3
      vertex -13.8292 21.095 3
    endloop
  endfacet
  facet normal 0.161517 0.98687 -0
    outer loop
      vertex -10.2749 22.294 3
      vertex -13.2798 22.7858 4.5
      vertex -10.2749 22.294 4.5
    endloop
  endfacet
  facet normal 0.161517 0.98687 0
    outer loop
      vertex -13.2798 22.7858 4.5
      vertex -10.2749 22.294 3
      vertex -13.2798 22.7858 3
    endloop
  endfacet
  facet normal 0.0785914 0.996907 -0
    outer loop
      vertex -13.2798 22.7858 3
      vertex -13.4206 22.7969 4.5
      vertex -13.2798 22.7858 4.5
    endloop
  endfacet
  facet normal 0.0785914 0.996907 0
    outer loop
      vertex -13.4206 22.7969 4.5
      vertex -13.2798 22.7858 3
      vertex -13.4206 22.7969 3
    endloop
  endfacet
  facet normal -0.760505 -0.649332 0
    outer loop
      vertex -14.057 21.2605 3
      vertex -14.1487 21.3679 4.5
      vertex -14.1487 21.3679 3
    endloop
  endfacet
  facet normal -0.760505 -0.649332 0
    outer loop
      vertex -14.1487 21.3679 4.5
      vertex -14.057 21.2605 3
      vertex -14.057 21.2605 4.5
    endloop
  endfacet
  facet normal -0.852581 -0.522595 0
    outer loop
      vertex -14.1487 21.3679 3
      vertex -14.2225 21.4883 4.5
      vertex -14.2225 21.4883 3
    endloop
  endfacet
  facet normal -0.852581 -0.522595 0
    outer loop
      vertex -14.2225 21.4883 4.5
      vertex -14.1487 21.3679 3
      vertex -14.1487 21.3679 4.5
    endloop
  endfacet
  facet normal -0.852581 0.522595 0
    outer loop
      vertex -14.2225 22.3055 3
      vertex -14.1487 22.4259 4.5
      vertex -14.1487 22.4259 3
    endloop
  endfacet
  facet normal -0.852581 0.522595 0
    outer loop
      vertex -14.1487 22.4259 4.5
      vertex -14.2225 22.3055 3
      vertex -14.2225 22.3055 4.5
    endloop
  endfacet
  facet normal -0.996907 -0.0785914 0
    outer loop
      vertex -14.3095 21.7561 3
      vertex -14.3206 21.8969 4.5
      vertex -14.3206 21.8969 3
    endloop
  endfacet
  facet normal -0.996907 -0.0785914 0
    outer loop
      vertex -14.3206 21.8969 4.5
      vertex -14.3095 21.7561 3
      vertex -14.3095 21.7561 4.5
    endloop
  endfacet
  facet normal -0.522595 0.852581 0
    outer loop
      vertex -13.8292 22.6988 3
      vertex -13.9496 22.625 4.5
      vertex -13.8292 22.6988 4.5
    endloop
  endfacet
  facet normal -0.522595 0.852581 0
    outer loop
      vertex -13.9496 22.625 4.5
      vertex -13.8292 22.6988 3
      vertex -13.9496 22.625 3
    endloop
  endfacet
  facet normal -0.233025 0.972471 0
    outer loop
      vertex -13.5614 22.7858 3
      vertex -13.6987 22.7529 4.5
      vertex -13.5614 22.7858 4.5
    endloop
  endfacet
  facet normal -0.233025 0.972471 0
    outer loop
      vertex -13.6987 22.7529 4.5
      vertex -13.5614 22.7858 3
      vertex -13.6987 22.7529 3
    endloop
  endfacet
  facet normal -0.996907 0.0785914 0
    outer loop
      vertex -14.3206 21.8969 3
      vertex -14.3095 22.0377 4.5
      vertex -14.3095 22.0377 3
    endloop
  endfacet
  facet normal -0.996907 0.0785914 0
    outer loop
      vertex -14.3095 22.0377 4.5
      vertex -14.3206 21.8969 3
      vertex -14.3206 21.8969 4.5
    endloop
  endfacet
  facet normal -0.972471 0.233025 0
    outer loop
      vertex -14.3095 22.0377 3
      vertex -14.2766 22.175 4.5
      vertex -14.2766 22.175 3
    endloop
  endfacet
  facet normal -0.972471 0.233025 0
    outer loop
      vertex -14.2766 22.175 4.5
      vertex -14.3095 22.0377 3
      vertex -14.3095 22.0377 4.5
    endloop
  endfacet
  facet normal -0.923767 0.382956 0
    outer loop
      vertex -14.2766 22.175 3
      vertex -14.2225 22.3055 4.5
      vertex -14.2225 22.3055 3
    endloop
  endfacet
  facet normal -0.923767 0.382956 0
    outer loop
      vertex -14.2225 22.3055 4.5
      vertex -14.2766 22.175 3
      vertex -14.2766 22.175 4.5
    endloop
  endfacet
  facet normal -0.923767 -0.382956 0
    outer loop
      vertex -14.2225 21.4883 3
      vertex -14.2766 21.6188 4.5
      vertex -14.2766 21.6188 3
    endloop
  endfacet
  facet normal -0.923767 -0.382956 0
    outer loop
      vertex -14.2766 21.6188 4.5
      vertex -14.2225 21.4883 3
      vertex -14.2225 21.4883 4.5
    endloop
  endfacet
  facet normal -0.972471 -0.233025 0
    outer loop
      vertex -14.2766 21.6188 3
      vertex -14.3095 21.7561 4.5
      vertex -14.3095 21.7561 3
    endloop
  endfacet
  facet normal -0.972471 -0.233025 0
    outer loop
      vertex -14.3095 21.7561 4.5
      vertex -14.2766 21.6188 3
      vertex -14.2766 21.6188 4.5
    endloop
  endfacet
  facet normal -0.382956 0.923767 0
    outer loop
      vertex -13.6987 22.7529 3
      vertex -13.8292 22.6988 4.5
      vertex -13.6987 22.7529 4.5
    endloop
  endfacet
  facet normal -0.382956 0.923767 0
    outer loop
      vertex -13.8292 22.6988 4.5
      vertex -13.6987 22.7529 3
      vertex -13.8292 22.6988 3
    endloop
  endfacet
  facet normal -0.760505 0.649332 0
    outer loop
      vertex -14.1487 22.4259 3
      vertex -14.057 22.5333 4.5
      vertex -14.057 22.5333 3
    endloop
  endfacet
  facet normal -0.760505 0.649332 0
    outer loop
      vertex -14.057 22.5333 4.5
      vertex -14.1487 22.4259 3
      vertex -14.1487 22.4259 4.5
    endloop
  endfacet
  facet normal -0.649332 0.760505 0
    outer loop
      vertex -13.9496 22.625 3
      vertex -14.057 22.5333 4.5
      vertex -13.9496 22.625 4.5
    endloop
  endfacet
  facet normal -0.649332 0.760505 0
    outer loop
      vertex -14.057 22.5333 4.5
      vertex -13.9496 22.625 3
      vertex -14.057 22.5333 3
    endloop
  endfacet
  facet normal -0.416593 -0.909093 0
    outer loop
      vertex -9.99286 1.92202 3
      vertex -9.69597 1.78597 4.5
      vertex -9.99286 1.92202 4.5
    endloop
  endfacet
  facet normal -0.416593 -0.909093 -0
    outer loop
      vertex -9.69597 1.78597 4.5
      vertex -9.99286 1.92202 3
      vertex -9.69597 1.78597 3
    endloop
  endfacet
  facet normal 0.285514 0.958375 -0
    outer loop
      vertex -5.03334 10.2899 3
      vertex -5.04341 10.2929 4.5
      vertex -5.03334 10.2899 4.5
    endloop
  endfacet
  facet normal 0.285514 0.958375 0
    outer loop
      vertex -5.04341 10.2929 4.5
      vertex -5.03334 10.2899 3
      vertex -5.04341 10.2929 3
    endloop
  endfacet
  facet normal 0.130576 0.991438 -0
    outer loop
      vertex -5.04341 10.2929 3
      vertex -5.80573 10.3933 4.5
      vertex -5.04341 10.2929 4.5
    endloop
  endfacet
  facet normal 0.130576 0.991438 0
    outer loop
      vertex -5.80573 10.3933 4.5
      vertex -5.04341 10.2929 3
      vertex -5.80573 10.3933 3
    endloop
  endfacet
  facet normal -0.0258408 0.999666 0
    outer loop
      vertex -5.80573 10.3933 3
      vertex -8.30869 10.3286 4.5
      vertex -5.80573 10.3933 4.5
    endloop
  endfacet
  facet normal -0.0258408 0.999666 0
    outer loop
      vertex -8.30869 10.3286 4.5
      vertex -5.80573 10.3933 3
      vertex -8.30869 10.3286 3
    endloop
  endfacet
  facet normal -0.026206 0.999657 0
    outer loop
      vertex -8.30869 10.3286 3
      vertex -8.98769 10.3108 4.5
      vertex -8.30869 10.3286 4.5
    endloop
  endfacet
  facet normal -0.026206 0.999657 0
    outer loop
      vertex -8.98769 10.3108 4.5
      vertex -8.30869 10.3286 3
      vertex -8.98769 10.3108 3
    endloop
  endfacet
  facet normal -0.25979 -0.965665 0
    outer loop
      vertex -11.7916 2.40593 3
      vertex -9.99286 1.92202 4.5
      vertex -11.7916 2.40593 4.5
    endloop
  endfacet
  facet normal -0.25979 -0.965665 -0
    outer loop
      vertex -9.99286 1.92202 4.5
      vertex -11.7916 2.40593 3
      vertex -9.99286 1.92202 3
    endloop
  endfacet
  facet normal -0.180373 0.983598 0
    outer loop
      vertex -8.98769 10.3108 3
      vertex -11.5144 9.84745 4.5
      vertex -8.98769 10.3108 4.5
    endloop
  endfacet
  facet normal -0.180373 0.983598 0
    outer loop
      vertex -11.5144 9.84745 4.5
      vertex -8.98769 10.3108 3
      vertex -11.5144 9.84745 3
    endloop
  endfacet
  facet normal -0.182234 0.983255 0
    outer loop
      vertex -11.5144 9.84745 3
      vertex -12.0941 9.74001 4.5
      vertex -11.5144 9.84745 4.5
    endloop
  endfacet
  facet normal -0.182234 0.983255 0
    outer loop
      vertex -12.0941 9.74001 4.5
      vertex -11.5144 9.84745 3
      vertex -12.0941 9.74001 3
    endloop
  endfacet
  facet normal -0.325924 0.945396 0
    outer loop
      vertex -12.0941 9.74001 3
      vertex -14.5954 8.87769 4.5
      vertex -12.0941 9.74001 4.5
    endloop
  endfacet
  facet normal -0.325924 0.945396 0
    outer loop
      vertex -14.5954 8.87769 4.5
      vertex -12.0941 9.74001 3
      vertex -14.5954 8.87769 3
    endloop
  endfacet
  facet normal -0.0988799 -0.995099 0
    outer loop
      vertex -13.8292 2.6084 3
      vertex -11.7916 2.40593 4.5
      vertex -13.8292 2.6084 4.5
    endloop
  endfacet
  facet normal -0.0988799 -0.995099 -0
    outer loop
      vertex -11.7916 2.40593 4.5
      vertex -13.8292 2.6084 3
      vertex -11.7916 2.40593 3
    endloop
  endfacet
  facet normal -0.333823 0.942636 0
    outer loop
      vertex -14.5954 8.87769 3
      vertex -15.0666 8.71082 4.5
      vertex -14.5954 8.87769 4.5
    endloop
  endfacet
  facet normal -0.333823 0.942636 0
    outer loop
      vertex -15.0666 8.71082 4.5
      vertex -14.5954 8.87769 3
      vertex -15.0666 8.71082 3
    endloop
  endfacet
  facet normal 0.0608575 -0.998146 0
    outer loop
      vertex -16.0693 2.47182 3
      vertex -13.8292 2.6084 4.5
      vertex -16.0693 2.47182 4.5
    endloop
  endfacet
  facet normal 0.0608575 -0.998146 0
    outer loop
      vertex -13.8292 2.6084 4.5
      vertex -16.0693 2.47182 3
      vertex -13.8292 2.6084 3
    endloop
  endfacet
  facet normal -0.477167 0.878813 0
    outer loop
      vertex -17.4939 7.45469 3
      vertex -17.8544 7.25895 4.5
      vertex -17.4939 7.45469 4.5
    endloop
  endfacet
  facet normal -0.477167 0.878813 0
    outer loop
      vertex -17.8544 7.25895 4.5
      vertex -17.4939 7.45469 3
      vertex -17.8544 7.25895 3
    endloop
  endfacet
  facet normal -0.459605 0.888124 0
    outer loop
      vertex -15.0666 8.71082 3
      vertex -17.4939 7.45469 4.5
      vertex -15.0666 8.71082 4.5
    endloop
  endfacet
  facet normal -0.459605 0.888124 0
    outer loop
      vertex -17.4939 7.45469 4.5
      vertex -15.0666 8.71082 3
      vertex -17.4939 7.45469 3
    endloop
  endfacet
  facet normal -0.579483 0.814984 0
    outer loop
      vertex -17.8544 7.25895 3
      vertex -20.1604 5.6193 4.5
      vertex -17.8544 7.25895 4.5
    endloop
  endfacet
  facet normal -0.579483 0.814984 0
    outer loop
      vertex -20.1604 5.6193 4.5
      vertex -17.8544 7.25895 3
      vertex -20.1604 5.6193 3
    endloop
  endfacet
  facet normal 0.214909 -0.976634 0
    outer loop
      vertex -18.4618 1.94535 3
      vertex -16.0693 2.47182 4.5
      vertex -18.4618 1.94535 4.5
    endloop
  endfacet
  facet normal 0.214909 -0.976634 0
    outer loop
      vertex -16.0693 2.47182 4.5
      vertex -18.4618 1.94535 3
      vertex -16.0693 2.47182 3
    endloop
  endfacet
  facet normal -0.608798 0.793325 0
    outer loop
      vertex -20.1604 5.6193 3
      vertex -20.4147 5.42415 4.5
      vertex -20.1604 5.6193 4.5
    endloop
  endfacet
  facet normal -0.608798 0.793325 0
    outer loop
      vertex -20.4147 5.42415 4.5
      vertex -20.1604 5.6193 3
      vertex -20.4147 5.42415 3
    endloop
  endfacet
  facet normal 0.359625 -0.933097 0
    outer loop
      vertex -20.9451 0.988261 3
      vertex -18.4618 1.94535 4.5
      vertex -20.9451 0.988261 4.5
    endloop
  endfacet
  facet normal 0.359625 -0.933097 0
    outer loop
      vertex -18.4618 1.94535 4.5
      vertex -20.9451 0.988261 3
      vertex -18.4618 1.94535 3
    endloop
  endfacet
  facet normal -0.68444 0.729069 0
    outer loop
      vertex -20.4147 5.42415 3
      vertex -22.5536 3.41618 4.5
      vertex -20.4147 5.42415 4.5
    endloop
  endfacet
  facet normal -0.68444 0.729069 0
    outer loop
      vertex -22.5536 3.41618 4.5
      vertex -20.4147 5.42415 3
      vertex -22.5536 3.41618 3
    endloop
  endfacet
  facet normal -0.725445 0.68828 0
    outer loop
      vertex -22.7125 3.2487 3
      vertex -22.5536 3.41618 4.5
      vertex -22.5536 3.41618 3
    endloop
  endfacet
  facet normal -0.725445 0.68828 0
    outer loop
      vertex -22.5536 3.41618 4.5
      vertex -22.7125 3.2487 3
      vertex -22.7125 3.2487 4.5
    endloop
  endfacet
  facet normal 0.333862 -0.942622 0
    outer loop
      vertex -23.7086 -0.543488 3
      vertex -23.5755 -0.496346 4.5
      vertex -23.7086 -0.543488 4.5
    endloop
  endfacet
  facet normal 0.333862 -0.942622 0
    outer loop
      vertex -23.5755 -0.496346 4.5
      vertex -23.7086 -0.543488 3
      vertex -23.5755 -0.496346 3
    endloop
  endfacet
  facet normal 0.492219 -0.870471 0
    outer loop
      vertex -23.4514 -0.428959 3
      vertex -20.9451 0.988261 4.5
      vertex -23.4514 -0.428959 4.5
    endloop
  endfacet
  facet normal 0.492219 -0.870471 0
    outer loop
      vertex -20.9451 0.988261 4.5
      vertex -23.4514 -0.428959 3
      vertex -20.9451 0.988261 3
    endloop
  endfacet
  facet normal -0.902584 0.430513 0
    outer loop
      vertex -24.7818 0.648376 3
      vertex -24.721 0.775845 4.5
      vertex -24.721 0.775845 3
    endloop
  endfacet
  facet normal -0.902584 0.430513 0
    outer loop
      vertex -24.721 0.775845 4.5
      vertex -24.7818 0.648376 3
      vertex -24.7818 0.648376 4.5
    endloop
  endfacet
  facet normal 0.477193 -0.878799 0
    outer loop
      vertex -23.5755 -0.496346 3
      vertex -23.4514 -0.428959 4.5
      vertex -23.5755 -0.496346 4.5
    endloop
  endfacet
  facet normal 0.477193 -0.878799 0
    outer loop
      vertex -23.4514 -0.428959 4.5
      vertex -23.5755 -0.496346 3
      vertex -23.4514 -0.428959 3
    endloop
  endfacet
  facet normal -0.77388 0.633333 0
    outer loop
      vertex -24.641 0.892233 3
      vertex -22.7125 3.2487 4.5
      vertex -22.7125 3.2487 3
    endloop
  endfacet
  facet normal -0.77388 0.633333 0
    outer loop
      vertex -22.7125 3.2487 4.5
      vertex -24.641 0.892233 3
      vertex -24.641 0.892233 4.5
    endloop
  endfacet
  facet normal -0.824097 0.566448 0
    outer loop
      vertex -24.721 0.775845 3
      vertex -24.641 0.892233 4.5
      vertex -24.641 0.892233 3
    endloop
  endfacet
  facet normal -0.824097 0.566448 0
    outer loop
      vertex -24.641 0.892233 4.5
      vertex -24.721 0.775845 3
      vertex -24.721 0.775845 4.5
    endloop
  endfacet
  facet normal 0.18219 -0.983263 0
    outer loop
      vertex -23.8475 -0.569225 3
      vertex -23.7086 -0.543488 4.5
      vertex -23.8475 -0.569225 4.5
    endloop
  endfacet
  facet normal 0.18219 -0.983263 0
    outer loop
      vertex -23.7086 -0.543488 4.5
      vertex -23.8475 -0.569225 3
      vertex -23.7086 -0.543488 3
    endloop
  endfacet
  facet normal 0.0261923 -0.999657 0
    outer loop
      vertex -23.9886 -0.572922 3
      vertex -23.8475 -0.569225 4.5
      vertex -23.9886 -0.572922 4.5
    endloop
  endfacet
  facet normal 0.0261923 -0.999657 0
    outer loop
      vertex -23.8475 -0.569225 4.5
      vertex -23.9886 -0.572922 3
      vertex -23.8475 -0.569225 3
    endloop
  endfacet
  facet normal -0.878781 -0.477226 0
    outer loop
      vertex -24.6963 -0.164331 3
      vertex -24.7637 -0.0402182 4.5
      vertex -24.7637 -0.0402182 3
    endloop
  endfacet
  facet normal -0.878781 -0.477226 0
    outer loop
      vertex -24.7637 -0.0402182 4.5
      vertex -24.6963 -0.164331 3
      vertex -24.6963 -0.164331 4.5
    endloop
  endfacet
  facet normal -0.430698 -0.902496 0
    outer loop
      vertex -24.3915 -0.453578 3
      vertex -24.2641 -0.514377 4.5
      vertex -24.3915 -0.453578 4.5
    endloop
  endfacet
  facet normal -0.430698 -0.902496 -0
    outer loop
      vertex -24.2641 -0.514377 4.5
      vertex -24.3915 -0.453578 3
      vertex -24.2641 -0.514377 3
    endloop
  endfacet
  facet normal -0.999657 -0.0261991 0
    outer loop
      vertex -24.8366 0.231769 3
      vertex -24.8403 0.372947 4.5
      vertex -24.8403 0.372947 3
    endloop
  endfacet
  facet normal -0.999657 -0.0261991 0
    outer loop
      vertex -24.8403 0.372947 4.5
      vertex -24.8366 0.231769 3
      vertex -24.8366 0.231769 4.5
    endloop
  endfacet
  facet normal -0.95884 0.283947 0
    outer loop
      vertex -24.8219 0.512965 3
      vertex -24.7818 0.648376 4.5
      vertex -24.7818 0.648376 3
    endloop
  endfacet
  facet normal -0.95884 0.283947 0
    outer loop
      vertex -24.7818 0.648376 4.5
      vertex -24.8219 0.512965 3
      vertex -24.8219 0.512965 4.5
    endloop
  endfacet
  facet normal -0.56637 -0.824151 0
    outer loop
      vertex -24.5079 -0.373586 3
      vertex -24.3915 -0.453578 4.5
      vertex -24.5079 -0.373586 4.5
    endloop
  endfacet
  facet normal -0.56637 -0.824151 -0
    outer loop
      vertex -24.3915 -0.453578 4.5
      vertex -24.5079 -0.373586 3
      vertex -24.3915 -0.453578 3
    endloop
  endfacet
  facet normal -0.688146 -0.725572 0
    outer loop
      vertex -24.6104 -0.276373 3
      vertex -24.5079 -0.373586 4.5
      vertex -24.6104 -0.276373 4.5
    endloop
  endfacet
  facet normal -0.688146 -0.725572 -0
    outer loop
      vertex -24.5079 -0.373586 4.5
      vertex -24.6104 -0.276373 3
      vertex -24.5079 -0.373586 3
    endloop
  endfacet
  facet normal -0.793602 -0.608437 0
    outer loop
      vertex -24.6104 -0.276373 3
      vertex -24.6963 -0.164331 4.5
      vertex -24.6963 -0.164331 3
    endloop
  endfacet
  facet normal -0.793602 -0.608437 0
    outer loop
      vertex -24.6963 -0.164331 4.5
      vertex -24.6104 -0.276373 3
      vertex -24.6104 -0.276373 4.5
    endloop
  endfacet
  facet normal -0.130453 -0.991454 0
    outer loop
      vertex -24.1287 -0.554488 3
      vertex -23.9886 -0.572922 4.5
      vertex -24.1287 -0.554488 4.5
    endloop
  endfacet
  facet normal -0.130453 -0.991454 -0
    outer loop
      vertex -23.9886 -0.572922 4.5
      vertex -24.1287 -0.554488 3
      vertex -23.9886 -0.572922 3
    endloop
  endfacet
  facet normal -0.284039 -0.958813 0
    outer loop
      vertex -24.2641 -0.514377 3
      vertex -24.1287 -0.554488 4.5
      vertex -24.2641 -0.514377 4.5
    endloop
  endfacet
  facet normal -0.284039 -0.958813 -0
    outer loop
      vertex -24.1287 -0.554488 4.5
      vertex -24.2641 -0.514377 3
      vertex -24.1287 -0.554488 3
    endloop
  endfacet
  facet normal -0.991476 0.130291 0
    outer loop
      vertex -24.8403 0.372947 3
      vertex -24.8219 0.512965 4.5
      vertex -24.8219 0.512965 3
    endloop
  endfacet
  facet normal -0.991476 0.130291 0
    outer loop
      vertex -24.8219 0.512965 4.5
      vertex -24.8403 0.372947 3
      vertex -24.8403 0.372947 4.5
    endloop
  endfacet
  facet normal -0.942513 -0.334169 0
    outer loop
      vertex -24.7637 -0.0402182 3
      vertex -24.8109 0.0929081 4.5
      vertex -24.8109 0.0929081 3
    endloop
  endfacet
  facet normal -0.942513 -0.334169 0
    outer loop
      vertex -24.8109 0.0929081 4.5
      vertex -24.7637 -0.0402182 3
      vertex -24.7637 -0.0402182 4.5
    endloop
  endfacet
  facet normal -0.983301 -0.181987 0
    outer loop
      vertex -24.8109 0.0929081 3
      vertex -24.8366 0.231769 4.5
      vertex -24.8366 0.231769 3
    endloop
  endfacet
  facet normal -0.983301 -0.181987 0
    outer loop
      vertex -24.8366 0.231769 4.5
      vertex -24.8109 0.0929081 3
      vertex -24.8109 0.0929081 4.5
    endloop
  endfacet
  facet normal 0.579 -0.815328 0
    outer loop
      vertex -4.9289 -6.69306 3
      vertex -4.66263 -6.50397 4.5
      vertex -4.9289 -6.69306 4.5
    endloop
  endfacet
  facet normal 0.579 -0.815328 0
    outer loop
      vertex -4.66263 -6.50397 4.5
      vertex -4.9289 -6.69306 3
      vertex -4.66263 -6.50397 3
    endloop
  endfacet
  facet normal -0.688299 0.725427 0
    outer loop
      vertex -9.69597 1.78597 3
      vertex -9.70359 1.77874 4.5
      vertex -9.69597 1.78597 4.5
    endloop
  endfacet
  facet normal -0.688299 0.725427 0
    outer loop
      vertex -9.70359 1.77874 4.5
      vertex -9.69597 1.78597 3
      vertex -9.70359 1.77874 3
    endloop
  endfacet
  facet normal -0.793333 0.608788 0
    outer loop
      vertex -10.1717 1.16873 3
      vertex -9.70359 1.77874 4.5
      vertex -9.70359 1.77874 3
    endloop
  endfacet
  facet normal -0.793333 0.608788 0
    outer loop
      vertex -9.70359 1.77874 4.5
      vertex -10.1717 1.16873 3
      vertex -10.1717 1.16873 4.5
    endloop
  endfacet
  facet normal -0.878662 0.477444 0
    outer loop
      vertex -11.3671 -1.03122 3
      vertex -10.1717 1.16873 4.5
      vertex -10.1717 1.16873 3
    endloop
  endfacet
  facet normal -0.878662 0.477444 0
    outer loop
      vertex -10.1717 1.16873 4.5
      vertex -11.3671 -1.03122 3
      vertex -11.3671 -1.03122 4.5
    endloop
  endfacet
  facet normal -0.878818 0.477157 0
    outer loop
      vertex -11.6912 -1.62814 3
      vertex -11.3671 -1.03122 4.5
      vertex -11.3671 -1.03122 3
    endloop
  endfacet
  facet normal -0.878818 0.477157 0
    outer loop
      vertex -11.3671 -1.03122 4.5
      vertex -11.6912 -1.62814 3
      vertex -11.6912 -1.62814 4.5
    endloop
  endfacet
  facet normal 0.7064 -0.707812 0
    outer loop
      vertex -6.24736 -8.00889 3
      vertex -4.9289 -6.69306 4.5
      vertex -6.24736 -8.00889 4.5
    endloop
  endfacet
  facet normal 0.7064 -0.707812 0
    outer loop
      vertex -4.9289 -6.69306 4.5
      vertex -6.24736 -8.00889 3
      vertex -4.9289 -6.69306 3
    endloop
  endfacet
  facet normal -0.942008 0.33559 0
    outer loop
      vertex -12.5533 -4.04807 3
      vertex -11.6912 -1.62814 4.5
      vertex -11.6912 -1.62814 3
    endloop
  endfacet
  facet normal -0.942008 0.33559 0
    outer loop
      vertex -11.6912 -1.62814 4.5
      vertex -12.5533 -4.04807 3
      vertex -12.5533 -4.04807 4.5
    endloop
  endfacet
  facet normal -0.942642 0.333805 0
    outer loop
      vertex -12.7501 -4.60382 3
      vertex -12.5533 -4.04807 4.5
      vertex -12.5533 -4.04807 3
    endloop
  endfacet
  facet normal -0.942642 0.333805 0
    outer loop
      vertex -12.5533 -4.04807 4.5
      vertex -12.7501 -4.60382 3
      vertex -12.7501 -4.60382 4.5
    endloop
  endfacet
  facet normal -0.981696 0.190455 0
    outer loop
      vertex -13.254 -7.20116 3
      vertex -12.7501 -4.60382 4.5
      vertex -12.7501 -4.60382 3
    endloop
  endfacet
  facet normal -0.981696 0.190455 0
    outer loop
      vertex -12.7501 -4.60382 4.5
      vertex -13.254 -7.20116 3
      vertex -13.254 -7.20116 4.5
    endloop
  endfacet
  facet normal 0.812339 -0.583185 0
    outer loop
      vertex -7.4415 -9.67225 4.5
      vertex -6.24736 -8.00889 3
      vertex -6.24736 -8.00889 4.5
    endloop
  endfacet
  facet normal 0.812339 -0.583185 0
    outer loop
      vertex -6.24736 -8.00889 3
      vertex -7.4415 -9.67225 4.5
      vertex -7.4415 -9.67225 3
    endloop
  endfacet
  facet normal -0.983255 0.182236 0
    outer loop
      vertex -13.3451 -7.69269 3
      vertex -13.254 -7.20116 4.5
      vertex -13.254 -7.20116 3
    endloop
  endfacet
  facet normal -0.983255 0.182236 0
    outer loop
      vertex -13.254 -7.20116 4.5
      vertex -13.3451 -7.69269 3
      vertex -13.3451 -7.69269 4.5
    endloop
  endfacet
  facet normal 0.894847 -0.446374 0
    outer loop
      vertex -8.44327 -11.6805 4.5
      vertex -7.4415 -9.67225 3
      vertex -7.4415 -9.67225 4.5
    endloop
  endfacet
  facet normal 0.894847 -0.446374 0
    outer loop
      vertex -7.4415 -9.67225 3
      vertex -8.44327 -11.6805 4.5
      vertex -8.44327 -11.6805 3
    endloop
  endfacet
  facet normal -0.99966 0.0260823 0
    outer loop
      vertex -13.4816 -10.8329 3
      vertex -13.4709 -10.4228 4.5
      vertex -13.4709 -10.4228 3
    endloop
  endfacet
  facet normal -0.99966 0.0260823 0
    outer loop
      vertex -13.4709 -10.4228 4.5
      vertex -13.4816 -10.8329 3
      vertex -13.4816 -10.8329 4.5
    endloop
  endfacet
  facet normal -0.99894 0.0460299 0
    outer loop
      vertex -13.4709 -10.4228 3
      vertex -13.3451 -7.69269 4.5
      vertex -13.3451 -7.69269 3
    endloop
  endfacet
  facet normal -0.99894 0.0460299 0
    outer loop
      vertex -13.3451 -7.69269 4.5
      vertex -13.4709 -10.4228 3
      vertex -13.4709 -10.4228 4.5
    endloop
  endfacet
  facet normal -0.995538 -0.0943654 0
    outer loop
      vertex -13.2146 -13.6497 3
      vertex -13.4816 -10.8329 4.5
      vertex -13.4816 -10.8329 3
    endloop
  endfacet
  facet normal -0.995538 -0.0943654 0
    outer loop
      vertex -13.4816 -10.8329 4.5
      vertex -13.2146 -13.6497 3
      vertex -13.2146 -13.6497 4.5
    endloop
  endfacet
  facet normal 0.953245 -0.3022 0
    outer loop
      vertex -9.18358 -14.0157 4.5
      vertex -8.44327 -11.6805 3
      vertex -8.44327 -11.6805 4.5
    endloop
  endfacet
  facet normal 0.953245 -0.3022 0
    outer loop
      vertex -8.44327 -11.6805 3
      vertex -9.18358 -14.0157 4.5
      vertex -9.18358 -14.0157 3
    endloop
  endfacet
  facet normal -0.99142 -0.130713 0
    outer loop
      vertex -13.1727 -13.9675 3
      vertex -13.2146 -13.6497 4.5
      vertex -13.2146 -13.6497 3
    endloop
  endfacet
  facet normal -0.99142 -0.130713 0
    outer loop
      vertex -13.2146 -13.6497 4.5
      vertex -13.1727 -13.9675 3
      vertex -13.1727 -13.9675 4.5
    endloop
  endfacet
  facet normal 0.987898 -0.155106 0
    outer loop
      vertex -9.59638 -16.6449 4.5
      vertex -9.18358 -14.0157 3
      vertex -9.18358 -14.0157 4.5
    endloop
  endfacet
  facet normal 0.987898 -0.155106 0
    outer loop
      vertex -9.18358 -14.0157 3
      vertex -9.59638 -16.6449 4.5
      vertex -9.59638 -16.6449 3
    endloop
  endfacet
  facet normal -0.973614 -0.228201 0
    outer loop
      vertex -12.5032 -16.8239 3
      vertex -13.1727 -13.9675 4.5
      vertex -13.1727 -13.9675 3
    endloop
  endfacet
  facet normal -0.973614 -0.228201 0
    outer loop
      vertex -13.1727 -13.9675 4.5
      vertex -12.5032 -16.8239 3
      vertex -12.5032 -16.8239 4.5
    endloop
  endfacet
  facet normal -0.958916 -0.28369 0
    outer loop
      vertex -12.4377 -17.0453 3
      vertex -12.5032 -16.8239 4.5
      vertex -12.5032 -16.8239 3
    endloop
  endfacet
  facet normal -0.958916 -0.28369 0
    outer loop
      vertex -12.5032 -16.8239 4.5
      vertex -12.4377 -17.0453 3
      vertex -12.4377 -17.0453 4.5
    endloop
  endfacet
  facet normal 0.983272 -0.182142 0
    outer loop
      vertex -9.65157 -19.804 4.5
      vertex -9.62584 -19.6651 3
      vertex -9.62584 -19.6651 4.5
    endloop
  endfacet
  facet normal 0.983272 -0.182142 0
    outer loop
      vertex -9.62584 -19.6651 3
      vertex -9.65157 -19.804 4.5
      vertex -9.65157 -19.804 3
    endloop
  endfacet
  facet normal 0.99996 -0.00894688 0
    outer loop
      vertex -9.62214 -19.524 4.5
      vertex -9.59638 -16.6449 3
      vertex -9.59638 -16.6449 4.5
    endloop
  endfacet
  facet normal 0.99996 -0.00894688 0
    outer loop
      vertex -9.59638 -16.6449 3
      vertex -9.62214 -19.524 4.5
      vertex -9.62214 -19.524 3
    endloop
  endfacet
  facet normal -0.823897 -0.566739 0
    outer loop
      vertex -11.2203 -20.1374 3
      vertex -11.3003 -20.0211 4.5
      vertex -11.3003 -20.0211 3
    endloop
  endfacet
  facet normal -0.823897 -0.566739 0
    outer loop
      vertex -11.3003 -20.0211 4.5
      vertex -11.2203 -20.1374 3
      vertex -11.2203 -20.1374 4.5
    endloop
  endfacet
  facet normal 0.999656 -0.0262135 0
    outer loop
      vertex -9.62584 -19.6651 4.5
      vertex -9.62214 -19.524 3
      vertex -9.62214 -19.524 4.5
    endloop
  endfacet
  facet normal 0.999656 -0.0262135 0
    outer loop
      vertex -9.62214 -19.524 3
      vertex -9.62584 -19.6651 4.5
      vertex -9.62584 -19.6651 3
    endloop
  endfacet
  facet normal -0.93541 -0.353566 0
    outer loop
      vertex -11.3611 -19.8936 3
      vertex -12.4377 -17.0453 4.5
      vertex -12.4377 -17.0453 3
    endloop
  endfacet
  facet normal -0.93541 -0.353566 0
    outer loop
      vertex -12.4377 -17.0453 4.5
      vertex -11.3611 -19.8936 3
      vertex -11.3611 -19.8936 4.5
    endloop
  endfacet
  facet normal -0.902625 -0.430428 0
    outer loop
      vertex -11.3003 -20.0211 3
      vertex -11.3611 -19.8936 4.5
      vertex -11.3611 -19.8936 3
    endloop
  endfacet
  facet normal -0.902625 -0.430428 0
    outer loop
      vertex -11.3611 -19.8936 4.5
      vertex -11.3003 -20.0211 3
      vertex -11.3003 -20.0211 4.5
    endloop
  endfacet
  facet normal 0.942604 -0.333913 0
    outer loop
      vertex -9.69872 -19.9371 4.5
      vertex -9.65157 -19.804 3
      vertex -9.65157 -19.804 4.5
    endloop
  endfacet
  facet normal 0.942604 -0.333913 0
    outer loop
      vertex -9.65157 -19.804 3
      vertex -9.69872 -19.9371 4.5
      vertex -9.69872 -19.9371 3
    endloop
  endfacet
  facet normal 0.878819 -0.477154 0
    outer loop
      vertex -9.7661 -20.0612 4.5
      vertex -9.69872 -19.9371 3
      vertex -9.69872 -19.9371 4.5
    endloop
  endfacet
  facet normal 0.878819 -0.477154 0
    outer loop
      vertex -9.69872 -19.9371 3
      vertex -9.7661 -20.0612 4.5
      vertex -9.7661 -20.0612 3
    endloop
  endfacet
  facet normal -0.026195 -0.999657 0
    outer loop
      vertex -10.615 -20.4661 3
      vertex -10.4738 -20.4698 4.5
      vertex -10.615 -20.4661 4.5
    endloop
  endfacet
  facet normal -0.026195 -0.999657 -0
    outer loop
      vertex -10.4738 -20.4698 4.5
      vertex -10.615 -20.4661 3
      vertex -10.4738 -20.4698 3
    endloop
  endfacet
  facet normal 0.566475 -0.824079 0
    outer loop
      vertex -10.0709 -20.3505 3
      vertex -9.95452 -20.2705 4.5
      vertex -10.0709 -20.3505 4.5
    endloop
  endfacet
  facet normal 0.566475 -0.824079 0
    outer loop
      vertex -9.95452 -20.2705 4.5
      vertex -10.0709 -20.3505 3
      vertex -9.95452 -20.2705 3
    endloop
  endfacet
  facet normal -0.476717 -0.879057 0
    outer loop
      vertex -11.0111 -20.3259 3
      vertex -10.887 -20.3932 4.5
      vertex -11.0111 -20.3259 4.5
    endloop
  endfacet
  facet normal -0.476717 -0.879057 -0
    outer loop
      vertex -10.887 -20.3932 4.5
      vertex -11.0111 -20.3259 3
      vertex -10.887 -20.3932 3
    endloop
  endfacet
  facet normal -0.725618 -0.688098 0
    outer loop
      vertex -11.1231 -20.2399 3
      vertex -11.2203 -20.1374 4.5
      vertex -11.2203 -20.1374 3
    endloop
  endfacet
  facet normal -0.725618 -0.688098 0
    outer loop
      vertex -11.2203 -20.1374 4.5
      vertex -11.1231 -20.2399 3
      vertex -11.1231 -20.2399 4.5
    endloop
  endfacet
  facet normal 0.430428 -0.902625 0
    outer loop
      vertex -10.1984 -20.4113 3
      vertex -10.0709 -20.3505 4.5
      vertex -10.1984 -20.4113 4.5
    endloop
  endfacet
  facet normal 0.430428 -0.902625 0
    outer loop
      vertex -10.0709 -20.3505 4.5
      vertex -10.1984 -20.4113 3
      vertex -10.0709 -20.3505 3
    endloop
  endfacet
  facet normal 0.283968 -0.958834 0
    outer loop
      vertex -10.3338 -20.4514 3
      vertex -10.1984 -20.4113 4.5
      vertex -10.3338 -20.4514 4.5
    endloop
  endfacet
  facet normal 0.283968 -0.958834 0
    outer loop
      vertex -10.1984 -20.4113 4.5
      vertex -10.3338 -20.4514 3
      vertex -10.1984 -20.4113 3
    endloop
  endfacet
  facet normal 0.130308 -0.991474 0
    outer loop
      vertex -10.4738 -20.4698 3
      vertex -10.3338 -20.4514 4.5
      vertex -10.4738 -20.4698 4.5
    endloop
  endfacet
  facet normal 0.130308 -0.991474 0
    outer loop
      vertex -10.3338 -20.4514 4.5
      vertex -10.4738 -20.4698 3
      vertex -10.3338 -20.4514 3
    endloop
  endfacet
  facet normal 0.793481 -0.608595 0
    outer loop
      vertex -9.85208 -20.1733 4.5
      vertex -9.7661 -20.0612 3
      vertex -9.7661 -20.0612 4.5
    endloop
  endfacet
  facet normal 0.793481 -0.608595 0
    outer loop
      vertex -9.7661 -20.0612 3
      vertex -9.85208 -20.1733 4.5
      vertex -9.85208 -20.1733 3
    endloop
  endfacet
  facet normal 0.68831 -0.725417 0
    outer loop
      vertex -9.95452 -20.2705 3
      vertex -9.85208 -20.1733 4.5
      vertex -9.95452 -20.2705 4.5
    endloop
  endfacet
  facet normal 0.68831 -0.725417 0
    outer loop
      vertex -9.85208 -20.1733 4.5
      vertex -9.95452 -20.2705 3
      vertex -9.85208 -20.1733 3
    endloop
  endfacet
  facet normal -0.609026 -0.79315 0
    outer loop
      vertex -11.1231 -20.2399 3
      vertex -11.0111 -20.3259 4.5
      vertex -11.1231 -20.2399 4.5
    endloop
  endfacet
  facet normal -0.609026 -0.79315 -0
    outer loop
      vertex -11.0111 -20.3259 4.5
      vertex -11.1231 -20.2399 3
      vertex -11.0111 -20.3259 3
    endloop
  endfacet
  facet normal -0.182064 -0.983287 0
    outer loop
      vertex -10.7538 -20.4404 3
      vertex -10.615 -20.4661 4.5
      vertex -10.7538 -20.4404 4.5
    endloop
  endfacet
  facet normal -0.182064 -0.983287 -0
    outer loop
      vertex -10.615 -20.4661 4.5
      vertex -10.7538 -20.4404 3
      vertex -10.615 -20.4661 3
    endloop
  endfacet
  facet normal -0.334004 -0.942572 0
    outer loop
      vertex -10.887 -20.3932 3
      vertex -10.7538 -20.4404 4.5
      vertex -10.887 -20.3932 4.5
    endloop
  endfacet
  facet normal -0.334004 -0.942572 -0
    outer loop
      vertex -10.7538 -20.4404 4.5
      vertex -10.887 -20.3932 3
      vertex -10.7538 -20.4404 3
    endloop
  endfacet
  facet normal 0 0 1
    outer loop
      vertex -20.8217 -23.8931 4.2
      vertex -19.896 -23.8931 4.2
      vertex -19.907 -23.5496 4.2
    endloop
  endfacet
  facet normal -0 0 1
    outer loop
      vertex -20.839 -23.4919 4.2
      vertex -19.907 -23.5496 4.2
      vertex -19.9401 -23.2217 4.2
    endloop
  endfacet
  facet normal 0 0 1
    outer loop
      vertex -19.896 -23.8931 4.2
      vertex -20.8217 -23.8931 4.2
      vertex -19.9072 -24.2355 4.2
    endloop
  endfacet
  facet normal -0 0 1
    outer loop
      vertex -20.8911 -23.1204 4.2
      vertex -19.9401 -23.2217 4.2
      vertex -19.9951 -22.9093 4.2
    endloop
  endfacet
  facet normal 0 0 1
    outer loop
      vertex -20.8389 -24.3118 4.2
      vertex -19.9072 -24.2355 4.2
      vertex -20.8217 -23.8931 4.2
    endloop
  endfacet
  facet normal 0 0 1
    outer loop
      vertex -20.8911 -23.1204 4.2
      vertex -19.9951 -22.9093 4.2
      vertex -20.0722 -22.6125 4.2
    endloop
  endfacet
  facet normal 0 0 1
    outer loop
      vertex -19.9072 -24.2355 4.2
      vertex -20.8389 -24.3118 4.2
      vertex -19.9406 -24.5634 4.2
    endloop
  endfacet
  facet normal 0 0 1
    outer loop
      vertex -20.9777 -22.7788 4.2
      vertex -20.0722 -22.6125 4.2
      vertex -20.1713 -22.3313 4.2
    endloop
  endfacet
  facet normal 0 0 1
    outer loop
      vertex -20.8905 -24.6977 4.2
      vertex -19.9406 -24.5634 4.2
      vertex -20.8389 -24.3118 4.2
    endloop
  endfacet
  facet normal 0 0 1
    outer loop
      vertex -21.0991 -22.4669 4.2
      vertex -20.1713 -22.3313 4.2
      vertex -20.2924 -22.0656 4.2
    endloop
  endfacet
  facet normal 0 0 1
    outer loop
      vertex -19.9406 -24.5634 4.2
      vertex -20.8905 -24.6977 4.2
      vertex -19.9963 -24.8769 4.2
    endloop
  endfacet
  facet normal 0 0 1
    outer loop
      vertex -21.0991 -22.4669 4.2
      vertex -20.2924 -22.0656 4.2
      vertex -20.4344 -21.8179 4.2
    endloop
  endfacet
  facet normal 0 0 1
    outer loop
      vertex -19.9963 -24.8769 4.2
      vertex -20.8905 -24.6977 4.2
      vertex -20.0743 -25.1758 4.2
    endloop
  endfacet
  facet normal 0 0 1
    outer loop
      vertex -21.2552 -22.1849 4.2
      vertex -20.4344 -21.8179 4.2
      vertex -20.5959 -21.5906 4.2
    endloop
  endfacet
  facet normal -0 0 1
    outer loop
      vertex -20.9766 -25.0508 4.2
      vertex -20.0743 -25.1758 4.2
      vertex -20.8905 -24.6977 4.2
    endloop
  endfacet
  facet normal 0 0 1
    outer loop
      vertex -21.4459 -21.9327 4.2
      vertex -20.5959 -21.5906 4.2
      vertex -20.7772 -21.3838 4.2
    endloop
  endfacet
  facet normal 0 0 1
    outer loop
      vertex -20.0743 -25.1758 4.2
      vertex -20.9766 -25.0508 4.2
      vertex -20.1746 -25.4602 4.2
    endloop
  endfacet
  facet normal -0 0 1
    outer loop
      vertex -21.097 -25.371 4.2
      vertex -20.1746 -25.4602 4.2
      vertex -20.9766 -25.0508 4.2
    endloop
  endfacet
  facet normal 0 0 1
    outer loop
      vertex -19.907 -23.5496 4.2
      vertex -20.839 -23.4919 4.2
      vertex -20.8217 -23.8931 4.2
    endloop
  endfacet
  facet normal 0 0 1
    outer loop
      vertex -19.9401 -23.2217 4.2
      vertex -20.8911 -23.1204 4.2
      vertex -20.839 -23.4919 4.2
    endloop
  endfacet
  facet normal 0 0 1
    outer loop
      vertex -20.0722 -22.6125 4.2
      vertex -20.9777 -22.7788 4.2
      vertex -20.8911 -23.1204 4.2
    endloop
  endfacet
  facet normal 0 0 1
    outer loop
      vertex -21.4459 -21.9327 4.2
      vertex -20.7772 -21.3838 4.2
      vertex -20.9781 -21.1974 4.2
    endloop
  endfacet
  facet normal 0 0 1
    outer loop
      vertex -20.1713 -22.3313 4.2
      vertex -21.0991 -22.4669 4.2
      vertex -20.9777 -22.7788 4.2
    endloop
  endfacet
  facet normal 0 0 1
    outer loop
      vertex -21.6683 -21.7151 4.2
      vertex -20.9781 -21.1974 4.2
      vertex -21.1986 -21.0315 4.2
    endloop
  endfacet
  facet normal 0 0 1
    outer loop
      vertex -20.4344 -21.8179 4.2
      vertex -21.2552 -22.1849 4.2
      vertex -21.0991 -22.4669 4.2
    endloop
  endfacet
  facet normal 0 0 1
    outer loop
      vertex -21.6683 -21.7151 4.2
      vertex -21.1986 -21.0315 4.2
      vertex -21.4388 -20.886 4.2
    endloop
  endfacet
  facet normal 0 0 1
    outer loop
      vertex -20.5959 -21.5906 4.2
      vertex -21.4459 -21.9327 4.2
      vertex -21.2552 -22.1849 4.2
    endloop
  endfacet
  facet normal 0 0 1
    outer loop
      vertex -20.9781 -21.1974 4.2
      vertex -21.6683 -21.7151 4.2
      vertex -21.4459 -21.9327 4.2
    endloop
  endfacet
  facet normal 0 0 1
    outer loop
      vertex -21.9192 -21.5371 4.2
      vertex -21.4388 -20.886 4.2
      vertex -21.6963 -20.7619 4.2
    endloop
  endfacet
  facet normal 0 0 1
    outer loop
      vertex -21.4388 -20.886 4.2
      vertex -21.9192 -21.5371 4.2
      vertex -21.6683 -21.7151 4.2
    endloop
  endfacet
  facet normal 0 0 1
    outer loop
      vertex -22.1988 -21.3986 4.2
      vertex -21.6963 -20.7619 4.2
      vertex -21.9689 -20.6605 4.2
    endloop
  endfacet
  facet normal 0 0 1
    outer loop
      vertex -21.6963 -20.7619 4.2
      vertex -22.1988 -21.3986 4.2
      vertex -21.9192 -21.5371 4.2
    endloop
  endfacet
  facet normal 0 0 1
    outer loop
      vertex -22.2564 -20.5816 4.2
      vertex -22.1988 -21.3986 4.2
      vertex -21.9689 -20.6605 4.2
    endloop
  endfacet
  facet normal 0 0 1
    outer loop
      vertex -22.2564 -20.5816 4.2
      vertex -22.507 -21.2997 4.2
      vertex -22.1988 -21.3986 4.2
    endloop
  endfacet
  facet normal 0 0 1
    outer loop
      vertex -22.559 -20.5252 4.2
      vertex -22.507 -21.2997 4.2
      vertex -22.2564 -20.5816 4.2
    endloop
  endfacet
  facet normal 0 0 1
    outer loop
      vertex -22.559 -20.5252 4.2
      vertex -22.8439 -21.2404 4.2
      vertex -22.507 -21.2997 4.2
    endloop
  endfacet
  facet normal 0 0 1
    outer loop
      vertex -22.8767 -20.4914 4.2
      vertex -22.8439 -21.2404 4.2
      vertex -22.559 -20.5252 4.2
    endloop
  endfacet
  facet normal 0 0 1
    outer loop
      vertex -23.2093 -21.2206 4.2
      vertex -22.8767 -20.4914 4.2
      vertex -23.2093 -20.4801 4.2
    endloop
  endfacet
  facet normal 0 0 1
    outer loop
      vertex -22.8767 -20.4914 4.2
      vertex -23.2093 -21.2206 4.2
      vertex -22.8439 -21.2404 4.2
    endloop
  endfacet
  facet normal 0 0 1
    outer loop
      vertex -23.2093 -20.4801 4.2
      vertex -23.5777 -21.2401 4.2
      vertex -23.2093 -21.2206 4.2
    endloop
  endfacet
  facet normal -0 0 1
    outer loop
      vertex -23.7124 -20.5052 4.2
      vertex -23.5777 -21.2401 4.2
      vertex -23.2093 -20.4801 4.2
    endloop
  endfacet
  facet normal 0 0 1
    outer loop
      vertex -23.7124 -20.5052 4.2
      vertex -23.9172 -21.2987 4.2
      vertex -23.5777 -21.2401 4.2
    endloop
  endfacet
  facet normal -0 0 1
    outer loop
      vertex -24.1772 -20.5806 4.2
      vertex -23.9172 -21.2987 4.2
      vertex -23.7124 -20.5052 4.2
    endloop
  endfacet
  facet normal 0 0 1
    outer loop
      vertex -24.1772 -20.5806 4.2
      vertex -24.2276 -21.3963 4.2
      vertex -23.9172 -21.2987 4.2
    endloop
  endfacet
  facet normal -0 0 1
    outer loop
      vertex -24.6038 -20.7062 4.2
      vertex -24.2276 -21.3963 4.2
      vertex -24.1772 -20.5806 4.2
    endloop
  endfacet
  facet normal 0 0 1
    outer loop
      vertex -24.2276 -21.3963 4.2
      vertex -24.6038 -20.7062 4.2
      vertex -24.509 -21.5329 4.2
    endloop
  endfacet
  facet normal -0 0 1
    outer loop
      vertex -24.9921 -20.882 4.2
      vertex -24.509 -21.5329 4.2
      vertex -24.6038 -20.7062 4.2
    endloop
  endfacet
  facet normal 0 0 1
    outer loop
      vertex -24.509 -21.5329 4.2
      vertex -24.9921 -20.882 4.2
      vertex -24.7614 -21.7085 4.2
    endloop
  endfacet
  facet normal -0 0 1
    outer loop
      vertex -25.3422 -21.1081 4.2
      vertex -24.7614 -21.7085 4.2
      vertex -24.9921 -20.882 4.2
    endloop
  endfacet
  facet normal 0 0 1
    outer loop
      vertex -24.7614 -21.7085 4.2
      vertex -25.3422 -21.1081 4.2
      vertex -24.9847 -21.9231 4.2
    endloop
  endfacet
  facet normal -0 0 1
    outer loop
      vertex -25.654 -21.3844 4.2
      vertex -24.9847 -21.9231 4.2
      vertex -25.3422 -21.1081 4.2
    endloop
  endfacet
  facet normal 0 0 1
    outer loop
      vertex -24.9847 -21.9231 4.2
      vertex -25.654 -21.3844 4.2
      vertex -25.1762 -22.173 4.2
    endloop
  endfacet
  facet normal -0 0 1
    outer loop
      vertex -25.9223 -21.7053 4.2
      vertex -25.1762 -22.173 4.2
      vertex -25.654 -21.3844 4.2
    endloop
  endfacet
  facet normal 0 0 1
    outer loop
      vertex -25.1762 -22.173 4.2
      vertex -25.9223 -21.7053 4.2
      vertex -25.3328 -22.4543 4.2
    endloop
  endfacet
  facet normal -0 0 1
    outer loop
      vertex -26.1419 -22.0651 4.2
      vertex -25.3328 -22.4543 4.2
      vertex -25.9223 -21.7053 4.2
    endloop
  endfacet
  facet normal 0 0 1
    outer loop
      vertex -25.3328 -22.4543 4.2
      vertex -26.3126 -22.4637 4.2
      vertex -25.4547 -22.7669 4.2
    endloop
  endfacet
  facet normal 0 0 1
    outer loop
      vertex -26.3126 -22.4637 4.2
      vertex -25.3328 -22.4543 4.2
      vertex -26.1419 -22.0651 4.2
    endloop
  endfacet
  facet normal 0 0 1
    outer loop
      vertex -20.1746 -25.4602 4.2
      vertex -21.097 -25.371 4.2
      vertex -20.2972 -25.7301 4.2
    endloop
  endfacet
  facet normal 0 0 1
    outer loop
      vertex -20.2972 -25.7301 4.2
      vertex -21.097 -25.371 4.2
      vertex -20.4406 -25.9827 4.2
    endloop
  endfacet
  facet normal -0 0 1
    outer loop
      vertex -21.2519 -25.6584 4.2
      vertex -20.4406 -25.9827 4.2
      vertex -21.097 -25.371 4.2
    endloop
  endfacet
  facet normal 0 0 1
    outer loop
      vertex -20.4406 -25.9827 4.2
      vertex -21.2519 -25.6584 4.2
      vertex -20.6033 -26.2149 4.2
    endloop
  endfacet
  facet normal -0 0 1
    outer loop
      vertex -21.4412 -25.9129 4.2
      vertex -20.6033 -26.2149 4.2
      vertex -21.2519 -25.6584 4.2
    endloop
  endfacet
  facet normal 0 0 1
    outer loop
      vertex -20.6033 -26.2149 4.2
      vertex -21.4412 -25.9129 4.2
      vertex -20.7855 -26.4268 4.2
    endloop
  endfacet
  facet normal 0 0 1
    outer loop
      vertex -20.7855 -26.4268 4.2
      vertex -21.4412 -25.9129 4.2
      vertex -20.987 -26.6183 4.2
    endloop
  endfacet
  facet normal -0 0 1
    outer loop
      vertex -21.6626 -26.1312 4.2
      vertex -20.987 -26.6183 4.2
      vertex -21.4412 -25.9129 4.2
    endloop
  endfacet
  facet normal 0 0 1
    outer loop
      vertex -20.987 -26.6183 4.2
      vertex -21.6626 -26.1312 4.2
      vertex -21.208 -26.7896 4.2
    endloop
  endfacet
  facet normal 0 0 1
    outer loop
      vertex -21.208 -26.7896 4.2
      vertex -21.6626 -26.1312 4.2
      vertex -21.4483 -26.9406 4.2
    endloop
  endfacet
  facet normal -0 0 1
    outer loop
      vertex -21.914 -26.3098 4.2
      vertex -21.4483 -26.9406 4.2
      vertex -21.6626 -26.1312 4.2
    endloop
  endfacet
  facet normal 0 0 1
    outer loop
      vertex -21.4483 -26.9406 4.2
      vertex -21.914 -26.3098 4.2
      vertex -21.7058 -27.0697 4.2
    endloop
  endfacet
  facet normal -0 0 1
    outer loop
      vertex -22.1953 -26.4487 4.2
      vertex -21.7058 -27.0697 4.2
      vertex -21.914 -26.3098 4.2
    endloop
  endfacet
  facet normal 0 0 1
    outer loop
      vertex -21.7058 -27.0697 4.2
      vertex -22.1953 -26.4487 4.2
      vertex -21.9783 -27.1753 4.2
    endloop
  endfacet
  facet normal 0 0 1
    outer loop
      vertex -22.1953 -26.4487 4.2
      vertex -22.2659 -27.2574 4.2
      vertex -21.9783 -27.1753 4.2
    endloop
  endfacet
  facet normal -0 0 1
    outer loop
      vertex -22.5066 -26.5479 4.2
      vertex -22.2659 -27.2574 4.2
      vertex -22.1953 -26.4487 4.2
    endloop
  endfacet
  facet normal 0 0 1
    outer loop
      vertex -22.5066 -26.5479 4.2
      vertex -22.5685 -27.3161 4.2
      vertex -22.2659 -27.2574 4.2
    endloop
  endfacet
  facet normal -0 0 1
    outer loop
      vertex -22.8477 -26.6074 4.2
      vertex -22.5685 -27.3161 4.2
      vertex -22.5066 -26.5479 4.2
    endloop
  endfacet
  facet normal 0 0 1
    outer loop
      vertex -22.8477 -26.6074 4.2
      vertex -22.8862 -27.3513 4.2
      vertex -22.5685 -27.3161 4.2
    endloop
  endfacet
  facet normal -0 0 1
    outer loop
      vertex -23.2188 -26.6273 4.2
      vertex -22.8862 -27.3513 4.2
      vertex -22.8477 -26.6074 4.2
    endloop
  endfacet
  facet normal 0 0 1
    outer loop
      vertex -23.2188 -26.6273 4.2
      vertex -23.2188 -27.363 4.2
      vertex -22.8862 -27.3513 4.2
    endloop
  endfacet
  facet normal 0 0 1
    outer loop
      vertex -23.2188 -26.6273 4.2
      vertex -23.5544 -27.3514 4.2
      vertex -23.2188 -27.363 4.2
    endloop
  endfacet
  facet normal 0 0 1
    outer loop
      vertex -23.5802 -26.6068 4.2
      vertex -23.5544 -27.3514 4.2
      vertex -23.2188 -26.6273 4.2
    endloop
  endfacet
  facet normal 0 0 1
    outer loop
      vertex -23.5802 -26.6068 4.2
      vertex -23.8742 -27.3166 4.2
      vertex -23.5544 -27.3514 4.2
    endloop
  endfacet
  facet normal 0 0 1
    outer loop
      vertex -23.9143 -26.5453 4.2
      vertex -23.8742 -27.3166 4.2
      vertex -23.5802 -26.6068 4.2
    endloop
  endfacet
  facet normal 0 0 1
    outer loop
      vertex -23.9143 -26.5453 4.2
      vertex -24.1783 -27.2586 4.2
      vertex -23.8742 -27.3166 4.2
    endloop
  endfacet
  facet normal 0 0 1
    outer loop
      vertex -24.2211 -26.4427 4.2
      vertex -24.1783 -27.2586 4.2
      vertex -23.9143 -26.5453 4.2
    endloop
  endfacet
  facet normal 0 0 1
    outer loop
      vertex -24.2211 -26.4427 4.2
      vertex -24.4667 -27.1774 4.2
      vertex -24.1783 -27.2586 4.2
    endloop
  endfacet
  facet normal 0 0 1
    outer loop
      vertex -24.7395 -27.073 4.2
      vertex -24.2211 -26.4427 4.2
      vertex -24.5005 -26.2992 4.2
    endloop
  endfacet
  facet normal 0 0 1
    outer loop
      vertex -24.2211 -26.4427 4.2
      vertex -24.7395 -27.073 4.2
      vertex -24.4667 -27.1774 4.2
    endloop
  endfacet
  facet normal 0 0 1
    outer loop
      vertex -24.9966 -26.9453 4.2
      vertex -24.5005 -26.2992 4.2
      vertex -24.7527 -26.1147 4.2
    endloop
  endfacet
  facet normal 0 0 1
    outer loop
      vertex -25.4557 -26.6254 4.2
      vertex -24.7527 -26.1147 4.2
      vertex -24.9776 -25.8892 4.2
    endloop
  endfacet
  facet normal 0 0 1
    outer loop
      vertex -24.5005 -26.2992 4.2
      vertex -24.9966 -26.9453 4.2
      vertex -24.7395 -27.073 4.2
    endloop
  endfacet
  facet normal 0 0 1
    outer loop
      vertex -25.8362 -26.2228 4.2
      vertex -24.9776 -25.8892 4.2
      vertex -25.1712 -25.6287 4.2
    endloop
  endfacet
  facet normal 0 0 1
    outer loop
      vertex -24.7527 -26.1147 4.2
      vertex -25.2359 -26.7957 4.2
      vertex -24.9966 -26.9453 4.2
    endloop
  endfacet
  facet normal 0 0 1
    outer loop
      vertex -25.997 -25.9904 4.2
      vertex -25.1712 -25.6287 4.2
      vertex -25.3297 -25.3393 4.2
    endloop
  endfacet
  facet normal 0 0 1
    outer loop
      vertex -26.2586 -25.4665 4.2
      vertex -25.3297 -25.3393 4.2
      vertex -25.4529 -25.0211 4.2
    endloop
  endfacet
  facet normal 0 0 1
    outer loop
      vertex -24.7527 -26.1147 4.2
      vertex -25.4557 -26.6254 4.2
      vertex -25.2359 -26.7957 4.2
    endloop
  endfacet
  facet normal 0 0 1
    outer loop
      vertex -26.3571 -25.1811 4.2
      vertex -25.4529 -25.0211 4.2
      vertex -25.5409 -24.674 4.2
    endloop
  endfacet
  facet normal -0 0 1
    outer loop
      vertex -26.4884 -24.5664 4.2
      vertex -25.5409 -24.674 4.2
      vertex -25.5937 -24.298 4.2
    endloop
  endfacet
  facet normal 0 0 1
    outer loop
      vertex -24.9776 -25.8892 4.2
      vertex -25.6558 -26.4344 4.2
      vertex -25.4557 -26.6254 4.2
    endloop
  endfacet
  facet normal -0 0 1
    outer loop
      vertex -26.5212 -24.237 4.2
      vertex -25.5937 -24.298 4.2
      vertex -25.6113 -23.8931 4.2
    endloop
  endfacet
  facet normal 0 0 1
    outer loop
      vertex -26.4346 -22.9013 4.2
      vertex -25.4547 -22.7669 4.2
      vertex -26.3126 -22.4637 4.2
    endloop
  endfacet
  facet normal 0 0 1
    outer loop
      vertex -25.5937 -24.298 4.2
      vertex -26.5212 -24.237 4.2
      vertex -26.4884 -24.5664 4.2
    endloop
  endfacet
  facet normal 0 0 1
    outer loop
      vertex -25.4547 -22.7669 4.2
      vertex -26.4346 -22.9013 4.2
      vertex -25.5417 -23.1109 4.2
    endloop
  endfacet
  facet normal 0 0 1
    outer loop
      vertex -25.5409 -24.674 4.2
      vertex -26.4884 -24.5664 4.2
      vertex -26.4337 -24.881 4.2
    endloop
  endfacet
  facet normal 0 0 1
    outer loop
      vertex -25.5409 -24.674 4.2
      vertex -26.4337 -24.881 4.2
      vertex -26.3571 -25.1811 4.2
    endloop
  endfacet
  facet normal 0 0 1
    outer loop
      vertex -26.5078 -23.3777 4.2
      vertex -25.5417 -23.1109 4.2
      vertex -26.4346 -22.9013 4.2
    endloop
  endfacet
  facet normal 0 0 1
    outer loop
      vertex -25.4529 -25.0211 4.2
      vertex -26.3571 -25.1811 4.2
      vertex -26.2586 -25.4665 4.2
    endloop
  endfacet
  facet normal 0 0 1
    outer loop
      vertex -25.5417 -23.1109 4.2
      vertex -26.5078 -23.3777 4.2
      vertex -25.5939 -23.4863 4.2
    endloop
  endfacet
  facet normal 0 0 1
    outer loop
      vertex -25.1712 -25.6287 4.2
      vertex -25.997 -25.9904 4.2
      vertex -25.8362 -26.2228 4.2
    endloop
  endfacet
  facet normal 0 0 1
    outer loop
      vertex -24.9776 -25.8892 4.2
      vertex -25.8362 -26.2228 4.2
      vertex -25.6558 -26.4344 4.2
    endloop
  endfacet
  facet normal 0 0 1
    outer loop
      vertex -26.5322 -23.8931 4.2
      vertex -25.5939 -23.4863 4.2
      vertex -26.5078 -23.3777 4.2
    endloop
  endfacet
  facet normal 0 0 1
    outer loop
      vertex -25.3297 -25.3393 4.2
      vertex -26.2586 -25.4665 4.2
      vertex -26.1382 -25.7373 4.2
    endloop
  endfacet
  facet normal 0 0 1
    outer loop
      vertex -25.5939 -23.4863 4.2
      vertex -26.5322 -23.8931 4.2
      vertex -25.6113 -23.8931 4.2
    endloop
  endfacet
  facet normal 0 0 1
    outer loop
      vertex -25.3297 -25.3393 4.2
      vertex -26.1382 -25.7373 4.2
      vertex -25.997 -25.9904 4.2
    endloop
  endfacet
  facet normal 0 0 1
    outer loop
      vertex -25.6113 -23.8931 4.2
      vertex -26.5322 -23.8931 4.2
      vertex -26.5212 -24.237 4.2
    endloop
  endfacet
  facet normal 0 0 1
    outer loop
      vertex 5.55835 -22.2346 4.2
      vertex 6.38002 -21.8743 4.2
      vertex 6.23602 -21.6341 4.2
    endloop
  endfacet
  facet normal 0 0 1
    outer loop
      vertex 5.45728 -22.0629 4.2
      vertex 6.23602 -21.6341 4.2
      vertex 6.07092 -21.4164 4.2
    endloop
  endfacet
  facet normal 0 0 1
    outer loop
      vertex 5.34052 -21.9065 4.2
      vertex 6.07092 -21.4164 4.2
      vertex 5.88474 -21.2211 4.2
    endloop
  endfacet
  facet normal 0 0 1
    outer loop
      vertex 5.20805 -21.7654 4.2
      vertex 5.88474 -21.2211 4.2
      vertex 5.67744 -21.0483 4.2
    endloop
  endfacet
  facet normal 0 0 1
    outer loop
      vertex 6.23602 -21.6341 4.2
      vertex 5.45728 -22.0629 4.2
      vertex 5.55835 -22.2346 4.2
    endloop
  endfacet
  facet normal 0 0 1
    outer loop
      vertex 6.38002 -21.8743 4.2
      vertex 5.64374 -22.4215 4.2
      vertex 6.50291 -22.1368 4.2
    endloop
  endfacet
  facet normal 0 -0 1
    outer loop
      vertex 5.64374 -22.4215 4.2
      vertex 6.38002 -21.8743 4.2
      vertex 5.55835 -22.2346 4.2
    endloop
  endfacet
  facet normal 0 0 1
    outer loop
      vertex 5.05991 -21.6397 4.2
      vertex 5.67744 -21.0483 4.2
      vertex 5.44907 -20.8979 4.2
    endloop
  endfacet
  facet normal 0 0 1
    outer loop
      vertex 6.07092 -21.4164 4.2
      vertex 5.34052 -21.9065 4.2
      vertex 5.45728 -22.0629 4.2
    endloop
  endfacet
  facet normal 0 0 1
    outer loop
      vertex 5.88474 -21.2211 4.2
      vertex 5.20805 -21.7654 4.2
      vertex 5.34052 -21.9065 4.2
    endloop
  endfacet
  facet normal 0 0 1
    outer loop
      vertex 4.89607 -21.5292 4.2
      vertex 5.44907 -20.8979 4.2
      vertex 5.20039 -20.7702 4.2
    endloop
  endfacet
  facet normal 0 0 1
    outer loop
      vertex 5.67744 -21.0483 4.2
      vertex 5.05991 -21.6397 4.2
      vertex 5.20805 -21.7654 4.2
    endloop
  endfacet
  facet normal 0 0 1
    outer loop
      vertex 4.71906 -21.4349 4.2
      vertex 5.20039 -20.7702 4.2
      vertex 4.93221 -20.6658 4.2
    endloop
  endfacet
  facet normal 0 0 1
    outer loop
      vertex 5.44907 -20.8979 4.2
      vertex 4.89607 -21.5292 4.2
      vertex 5.05991 -21.6397 4.2
    endloop
  endfacet
  facet normal 0 0 1
    outer loop
      vertex 5.20039 -20.7702 4.2
      vertex 4.71906 -21.4349 4.2
      vertex 4.89607 -21.5292 4.2
    endloop
  endfacet
  facet normal 0 0 1
    outer loop
      vertex 4.53137 -21.3578 4.2
      vertex 4.93221 -20.6658 4.2
      vertex 4.6445 -20.5845 4.2
    endloop
  endfacet
  facet normal 0 0 1
    outer loop
      vertex 4.93221 -20.6658 4.2
      vertex 4.53137 -21.3578 4.2
      vertex 4.71906 -21.4349 4.2
    endloop
  endfacet
  facet normal 0 0 1
    outer loop
      vertex 4.33301 -21.2978 4.2
      vertex 4.6445 -20.5845 4.2
      vertex 4.33728 -20.5265 4.2
    endloop
  endfacet
  facet normal 0 0 1
    outer loop
      vertex 4.6445 -20.5845 4.2
      vertex 4.33301 -21.2978 4.2
      vertex 4.53137 -21.3578 4.2
    endloop
  endfacet
  facet normal 0 0 1
    outer loop
      vertex 4.33728 -20.5265 4.2
      vertex 4.12395 -21.2549 4.2
      vertex 4.33301 -21.2978 4.2
    endloop
  endfacet
  facet normal 0 0 1
    outer loop
      vertex 4.01054 -20.4917 4.2
      vertex 4.12395 -21.2549 4.2
      vertex 4.33728 -20.5265 4.2
    endloop
  endfacet
  facet normal 0 0 1
    outer loop
      vertex 4.01054 -20.4917 4.2
      vertex 3.90422 -21.2292 4.2
      vertex 4.12395 -21.2549 4.2
    endloop
  endfacet
  facet normal 0 0 1
    outer loop
      vertex 3.66428 -20.4801 4.2
      vertex 3.90422 -21.2292 4.2
      vertex 4.01054 -20.4917 4.2
    endloop
  endfacet
  facet normal 0 0 1
    outer loop
      vertex 3.90422 -21.2292 4.2
      vertex 3.66428 -20.4801 4.2
      vertex 3.6738 -21.2206 4.2
    endloop
  endfacet
  facet normal 0 0 1
    outer loop
      vertex 3.66428 -20.4801 4.2
      vertex 3.31723 -21.2405 4.2
      vertex 3.6738 -21.2206 4.2
    endloop
  endfacet
  facet normal -0 0 1
    outer loop
      vertex 3.17323 -20.5053 4.2
      vertex 3.31723 -21.2405 4.2
      vertex 3.66428 -20.4801 4.2
    endloop
  endfacet
  facet normal 0 0 1
    outer loop
      vertex 3.17323 -20.5053 4.2
      vertex 2.9881 -21.3 4.2
      vertex 3.31723 -21.2405 4.2
    endloop
  endfacet
  facet normal -0 0 1
    outer loop
      vertex 2.7191 -20.5808 4.2
      vertex 2.9881 -21.3 4.2
      vertex 3.17323 -20.5053 4.2
    endloop
  endfacet
  facet normal 0 0 1
    outer loop
      vertex 2.7191 -20.5808 4.2
      vertex 2.68639 -21.3992 4.2
      vertex 2.9881 -21.3 4.2
    endloop
  endfacet
  facet normal -0 0 1
    outer loop
      vertex 2.3019 -20.7068 4.2
      vertex 2.68639 -21.3992 4.2
      vertex 2.7191 -20.5808 4.2
    endloop
  endfacet
  facet normal 0 0 1
    outer loop
      vertex 2.68639 -21.3992 4.2
      vertex 2.3019 -20.7068 4.2
      vertex 2.41211 -21.5381 4.2
    endloop
  endfacet
  facet normal -0 0 1
    outer loop
      vertex 1.92162 -20.883 4.2
      vertex 2.41211 -21.5381 4.2
      vertex 2.3019 -20.7068 4.2
    endloop
  endfacet
  facet normal 0 0 1
    outer loop
      vertex 2.41211 -21.5381 4.2
      vertex 1.92162 -20.883 4.2
      vertex 2.16527 -21.7168 4.2
    endloop
  endfacet
  facet normal -0 0 1
    outer loop
      vertex 1.57826 -21.1097 4.2
      vertex 2.16527 -21.7168 4.2
      vertex 1.92162 -20.883 4.2
    endloop
  endfacet
  facet normal 0 0 1
    outer loop
      vertex 2.16527 -21.7168 4.2
      vertex 1.57826 -21.1097 4.2
      vertex 1.94585 -21.935 4.2
    endloop
  endfacet
  facet normal -0 0 1
    outer loop
      vertex 1.27182 -21.3867 4.2
      vertex 1.94585 -21.935 4.2
      vertex 1.57826 -21.1097 4.2
    endloop
  endfacet
  facet normal 0 0 1
    outer loop
      vertex 1.94585 -21.935 4.2
      vertex 1.27182 -21.3867 4.2
      vertex 1.75731 -22.1879 4.2
    endloop
  endfacet
  facet normal -0 0 1
    outer loop
      vertex 1.00786 -21.7082 4.2
      vertex 1.75731 -22.1879 4.2
      vertex 1.27182 -21.3867 4.2
    endloop
  endfacet
  facet normal 0 0 1
    outer loop
      vertex 1.75731 -22.1879 4.2
      vertex 1.00786 -21.7082 4.2
      vertex 1.60304 -22.4701 4.2
    endloop
  endfacet
  facet normal -0 0 1
    outer loop
      vertex 0.791885 -22.0682 4.2
      vertex 1.60304 -22.4701 4.2
      vertex 1.00786 -21.7082 4.2
    endloop
  endfacet
  facet normal 0 0 1
    outer loop
      vertex 1.60304 -22.4701 4.2
      vertex 0.623917 -22.4666 4.2
      vertex 1.48306 -22.7817 4.2
    endloop
  endfacet
  facet normal -0 0 1
    outer loop
      vertex 0.623917 -22.4666 4.2
      vertex 1.60304 -22.4701 4.2
      vertex 0.791885 -22.0682 4.2
    endloop
  endfacet
  facet normal 0 0 1
    outer loop
      vertex 5.82413 -25.227 4.2
      vertex 6.41765 -25.8737 4.2
      vertex 6.56459 -25.5972 4.2
    endloop
  endfacet
  facet normal 0 0 1
    outer loop
      vertex 6.41765 -25.8737 4.2
      vertex 5.56898 -25.652 4.2
      vertex 6.25211 -26.1273 4.2
    endloop
  endfacet
  facet normal 0 0 1
    outer loop
      vertex 6.25211 -26.1273 4.2
      vertex 5.56898 -25.652 4.2
      vertex 6.06798 -26.3579 4.2
    endloop
  endfacet
  facet normal 0 0 1
    outer loop
      vertex 6.41765 -25.8737 4.2
      vertex 5.82413 -25.227 4.2
      vertex 5.56898 -25.652 4.2
    endloop
  endfacet
  facet normal -0 0 1
    outer loop
      vertex 5.27507 -25.9997 4.2
      vertex 6.06798 -26.3579 4.2
      vertex 5.56898 -25.652 4.2
    endloop
  endfacet
  facet normal 0 0 1
    outer loop
      vertex 6.06798 -26.3579 4.2
      vertex 5.27507 -25.9997 4.2
      vertex 5.86523 -26.5656 4.2
    endloop
  endfacet
  facet normal 0 0 1
    outer loop
      vertex 5.86523 -26.5656 4.2
      vertex 5.27507 -25.9997 4.2
      vertex 5.64391 -26.7503 4.2
    endloop
  endfacet
  facet normal -0 0 1
    outer loop
      vertex 4.94238 -26.2701 4.2
      vertex 5.64391 -26.7503 4.2
      vertex 5.27507 -25.9997 4.2
    endloop
  endfacet
  facet normal 0 0 1
    outer loop
      vertex 5.64391 -26.7503 4.2
      vertex 4.94238 -26.2701 4.2
      vertex 5.40399 -26.9121 4.2
    endloop
  endfacet
  facet normal 0 0 1
    outer loop
      vertex 5.40399 -26.9121 4.2
      vertex 4.94238 -26.2701 4.2
      vertex 5.14813 -27.0499 4.2
    endloop
  endfacet
  facet normal -0 0 1
    outer loop
      vertex 4.57094 -26.4633 4.2
      vertex 5.14813 -27.0499 4.2
      vertex 4.94238 -26.2701 4.2
    endloop
  endfacet
  facet normal 0 0 1
    outer loop
      vertex 5.14813 -27.0499 4.2
      vertex 4.57094 -26.4633 4.2
      vertex 4.87895 -27.1626 4.2
    endloop
  endfacet
  facet normal 0 0 1
    outer loop
      vertex 4.87895 -27.1626 4.2
      vertex 4.57094 -26.4633 4.2
      vertex 4.59645 -27.2503 4.2
    endloop
  endfacet
  facet normal -0 0 1
    outer loop
      vertex 4.16072 -26.5792 4.2
      vertex 4.59645 -27.2503 4.2
      vertex 4.57094 -26.4633 4.2
    endloop
  endfacet
  facet normal 0 0 1
    outer loop
      vertex 4.59645 -27.2503 4.2
      vertex 4.16072 -26.5792 4.2
      vertex 4.30063 -27.3129 4.2
    endloop
  endfacet
  facet normal 0 0 1
    outer loop
      vertex 4.16072 -26.5792 4.2
      vertex 3.99149 -27.3505 4.2
      vertex 4.30063 -27.3129 4.2
    endloop
  endfacet
  facet normal -0 0 1
    outer loop
      vertex 3.71173 -26.6178 4.2
      vertex 3.99149 -27.3505 4.2
      vertex 4.16072 -26.5792 4.2
    endloop
  endfacet
  facet normal 0 0 1
    outer loop
      vertex 3.71173 -26.6178 4.2
      vertex 3.66904 -27.363 4.2
      vertex 3.99149 -27.3505 4.2
    endloop
  endfacet
  facet normal 0 0 1
    outer loop
      vertex 3.33958 -27.3514 4.2
      vertex 3.71173 -26.6178 4.2
      vertex 3.35881 -26.597 4.2
    endloop
  endfacet
  facet normal 0 0 1
    outer loop
      vertex 3.71173 -26.6178 4.2
      vertex 3.33958 -27.3514 4.2
      vertex 3.66904 -27.363 4.2
    endloop
  endfacet
  facet normal 0 0 1
    outer loop
      vertex 3.02531 -27.3164 4.2
      vertex 3.35881 -26.597 4.2
      vertex 3.03107 -26.5347 4.2
    endloop
  endfacet
  facet normal 0 0 1
    outer loop
      vertex 3.35881 -26.597 4.2
      vertex 3.02531 -27.3164 4.2
      vertex 3.33958 -27.3514 4.2
    endloop
  endfacet
  facet normal 0 0 1
    outer loop
      vertex 2.72618 -27.258 4.2
      vertex 3.03107 -26.5347 4.2
      vertex 2.72852 -26.4309 4.2
    endloop
  endfacet
  facet normal 0 0 1
    outer loop
      vertex 3.03107 -26.5347 4.2
      vertex 2.72618 -27.258 4.2
      vertex 3.02531 -27.3164 4.2
    endloop
  endfacet
  facet normal 0 0 1
    outer loop
      vertex 2.17343 -27.0713 4.2
      vertex 2.72852 -26.4309 4.2
      vertex 2.45114 -26.2856 4.2
    endloop
  endfacet
  facet normal 0 0 1
    outer loop
      vertex 2.72852 -26.4309 4.2
      vertex 2.44223 -27.1763 4.2
      vertex 2.72618 -27.258 4.2
    endloop
  endfacet
  facet normal 0 0 1
    outer loop
      vertex 1.9198 -26.943 4.2
      vertex 2.45114 -26.2856 4.2
      vertex 2.19896 -26.0986 4.2
    endloop
  endfacet
  facet normal 0 0 1
    outer loop
      vertex 2.72852 -26.4309 4.2
      vertex 2.17343 -27.0713 4.2
      vertex 2.44223 -27.1763 4.2
    endloop
  endfacet
  facet normal 0 0 1
    outer loop
      vertex 1.46674 -26.6228 4.2
      vertex 2.19896 -26.0986 4.2
      vertex 1.97195 -25.8702 4.2
    endloop
  endfacet
  facet normal 0 0 1
    outer loop
      vertex 2.45114 -26.2856 4.2
      vertex 1.9198 -26.943 4.2
      vertex 2.17343 -27.0713 4.2
    endloop
  endfacet
  facet normal 0 0 1
    outer loop
      vertex 1.09172 -26.2225 4.2
      vertex 1.97195 -25.8702 4.2
      vertex 1.77544 -25.6076 4.2
    endloop
  endfacet
  facet normal 0 0 1
    outer loop
      vertex 2.19896 -26.0986 4.2
      vertex 1.68352 -26.7929 4.2
      vertex 1.9198 -26.943 4.2
    endloop
  endfacet
  facet normal 0 0 1
    outer loop
      vertex 0.933487 -25.9922 4.2
      vertex 1.77544 -25.6076 4.2
      vertex 1.61464 -25.3182 4.2
    endloop
  endfacet
  facet normal 0 0 1
    outer loop
      vertex 0.676575 -25.4737 4.2
      vertex 1.61464 -25.3182 4.2
      vertex 1.48958 -25.0021 4.2
    endloop
  endfacet
  facet normal 0 0 1
    outer loop
      vertex 2.19896 -26.0986 4.2
      vertex 1.46674 -26.6228 4.2
      vertex 1.68352 -26.7929 4.2
    endloop
  endfacet
  facet normal 0 0 1
    outer loop
      vertex 0.579865 -25.1895 4.2
      vertex 1.48958 -25.0021 4.2
      vertex 1.40025 -24.6592 4.2
    endloop
  endfacet
  facet normal -0 0 1
    outer loop
      vertex 0.450928 -24.5732 4.2
      vertex 1.40025 -24.6592 4.2
      vertex 1.34666 -24.2895 4.2
    endloop
  endfacet
  facet normal 0 0 1
    outer loop
      vertex 1.97195 -25.8702 4.2
      vertex 1.26947 -26.4326 4.2
      vertex 1.46674 -26.6228 4.2
    endloop
  endfacet
  facet normal -0 0 1
    outer loop
      vertex 0.418686 -24.2411 4.2
      vertex 1.34666 -24.2895 4.2
      vertex 1.3288 -23.8931 4.2
    endloop
  endfacet
  facet normal 0 0 1
    outer loop
      vertex 0.503937 -22.9036 4.2
      vertex 1.48306 -22.7817 4.2
      vertex 0.623917 -22.4666 4.2
    endloop
  endfacet
  facet normal 0 -0 1
    outer loop
      vertex 0.418686 -24.2411 4.2
      vertex 1.3288 -23.8931 4.2
      vertex 0.407944 -23.8931 4.2
    endloop
  endfacet
  facet normal 0 0 1
    outer loop
      vertex 1.48306 -22.7817 4.2
      vertex 0.503937 -22.9036 4.2
      vertex 1.39735 -23.1228 4.2
    endloop
  endfacet
  facet normal 0 0 1
    outer loop
      vertex 1.34666 -24.2895 4.2
      vertex 0.418686 -24.2411 4.2
      vertex 0.450928 -24.5732 4.2
    endloop
  endfacet
  facet normal 0 0 1
    outer loop
      vertex 1.40025 -24.6592 4.2
      vertex 0.504654 -24.8893 4.2
      vertex 0.579865 -25.1895 4.2
    endloop
  endfacet
  facet normal 0 0 1
    outer loop
      vertex 0.431946 -23.3791 4.2
      vertex 1.39735 -23.1228 4.2
      vertex 0.503937 -22.9036 4.2
    endloop
  endfacet
  facet normal 0 0 1
    outer loop
      vertex 1.48958 -25.0021 4.2
      vertex 0.579865 -25.1895 4.2
      vertex 0.676575 -25.4737 4.2
    endloop
  endfacet
  facet normal 0 0 1
    outer loop
      vertex 1.39735 -23.1228 4.2
      vertex 0.431946 -23.3791 4.2
      vertex 1.34593 -23.4932 4.2
    endloop
  endfacet
  facet normal 0 0 1
    outer loop
      vertex 1.77544 -25.6076 4.2
      vertex 0.933487 -25.9922 4.2
      vertex 1.09172 -26.2225 4.2
    endloop
  endfacet
  facet normal 0 0 1
    outer loop
      vertex 1.61464 -25.3182 4.2
      vertex 0.794769 -25.742 4.2
      vertex 0.933487 -25.9922 4.2
    endloop
  endfacet
  facet normal 0 0 1
    outer loop
      vertex 0.407944 -23.8931 4.2
      vertex 1.34593 -23.4932 4.2
      vertex 0.431946 -23.3791 4.2
    endloop
  endfacet
  facet normal 0 0 1
    outer loop
      vertex 1.61464 -25.3182 4.2
      vertex 0.676575 -25.4737 4.2
      vertex 0.794769 -25.742 4.2
    endloop
  endfacet
  facet normal 0 0 1
    outer loop
      vertex 1.34593 -23.4932 4.2
      vertex 0.407944 -23.8931 4.2
      vertex 1.3288 -23.8931 4.2
    endloop
  endfacet
  facet normal 0 0 1
    outer loop
      vertex 1.97195 -25.8702 4.2
      vertex 1.09172 -26.2225 4.2
      vertex 1.26947 -26.4326 4.2
    endloop
  endfacet
  facet normal 0 0 1
    outer loop
      vertex 1.40025 -24.6592 4.2
      vertex 0.450928 -24.5732 4.2
      vertex 0.504654 -24.8893 4.2
    endloop
  endfacet
  facet normal -0 0 1
    outer loop
      vertex -1.53084 -24.9659 4.2
      vertex -0.714355 -27.2681 4.2
      vertex -0.714355 -20.5798 4.2
    endloop
  endfacet
  facet normal 0 0 1
    outer loop
      vertex -0.714355 -27.2681 4.2
      vertex -1.49127 -26.0181 4.2
      vertex -1.47386 -26.314 4.2
    endloop
  endfacet
  facet normal 0 0 1
    outer loop
      vertex -0.714355 -27.2681 4.2
      vertex -1.50552 -25.7507 4.2
      vertex -1.49127 -26.0181 4.2
    endloop
  endfacet
  facet normal 0 0 1
    outer loop
      vertex -0.714355 -27.2681 4.2
      vertex -1.5166 -25.5118 4.2
      vertex -1.50552 -25.7507 4.2
    endloop
  endfacet
  facet normal 0 0 1
    outer loop
      vertex -0.714355 -27.2681 4.2
      vertex -1.52451 -25.3013 4.2
      vertex -1.5166 -25.5118 4.2
    endloop
  endfacet
  facet normal 0 0 1
    outer loop
      vertex -0.714355 -27.2681 4.2
      vertex -1.52927 -25.1194 4.2
      vertex -1.52451 -25.3013 4.2
    endloop
  endfacet
  facet normal 0 0 1
    outer loop
      vertex -1.53084 -24.9659 4.2
      vertex -0.714355 -20.5798 4.2
      vertex -1.53084 -20.5798 4.2
    endloop
  endfacet
  facet normal 0 0 1
    outer loop
      vertex -0.714355 -27.2681 4.2
      vertex -1.53084 -24.9659 4.2
      vertex -1.52927 -25.1194 4.2
    endloop
  endfacet
  facet normal 0 0 1
    outer loop
      vertex -1.47386 -26.314 4.2
      vertex -1.80615 -27.2681 4.2
      vertex -0.714355 -27.2681 4.2
    endloop
  endfacet
  facet normal -0 0 1
    outer loop
      vertex -5.38525 -21.5719 4.2
      vertex -1.47386 -26.314 4.2
      vertex -5.09097 -20.5798 4.2
    endloop
  endfacet
  facet normal 0 0 1
    outer loop
      vertex -1.47386 -26.314 4.2
      vertex -5.38525 -21.5719 4.2
      vertex -1.80615 -27.2681 4.2
    endloop
  endfacet
  facet normal 0 -0 1
    outer loop
      vertex -5.38525 -21.5719 4.2
      vertex -5.09097 -20.5798 4.2
      vertex -6.14476 -20.5798 4.2
    endloop
  endfacet
  facet normal 0 0 1
    outer loop
      vertex -6.14476 -20.5798 4.2
      vertex -5.3378 -22.825 4.2
      vertex -5.36153 -22.0323 4.2
    endloop
  endfacet
  facet normal 0 0 1
    outer loop
      vertex -6.14476 -20.5798 4.2
      vertex -5.36153 -22.0323 4.2
      vertex -5.38525 -21.5719 4.2
    endloop
  endfacet
  facet normal 0 0 1
    outer loop
      vertex -5.3378 -22.825 4.2
      vertex -6.14476 -20.5798 4.2
      vertex -6.14476 -27.2681 4.2
    endloop
  endfacet
  facet normal 0 0 1
    outer loop
      vertex -5.3378 -22.825 4.2
      vertex -6.14476 -27.2681 4.2
      vertex -5.3378 -27.2681 4.2
    endloop
  endfacet
  facet normal 0 0 1
    outer loop
      vertex -14.5475 -22.6019 4.2
      vertex -13.636 -22.5925 4.2
      vertex -13.6532 -22.2849 4.2
    endloop
  endfacet
  facet normal -0 0 1
    outer loop
      vertex -14.5907 -22.206 4.2
      vertex -13.6532 -22.2849 4.2
      vertex -13.7046 -22.0012 4.2
    endloop
  endfacet
  facet normal 0 0 1
    outer loop
      vertex -13.636 -22.5925 4.2
      vertex -14.5475 -22.6019 4.2
      vertex -13.6533 -22.8981 4.2
    endloop
  endfacet
  facet normal 0 0 1
    outer loop
      vertex -14.5907 -22.206 4.2
      vertex -13.7046 -22.0012 4.2
      vertex -13.7903 -21.7416 4.2
    endloop
  endfacet
  facet normal 0 0 1
    outer loop
      vertex -14.5896 -23.0124 4.2
      vertex -13.6533 -22.8981 4.2
      vertex -14.5475 -22.6019 4.2
    endloop
  endfacet
  facet normal 0 0 1
    outer loop
      vertex -14.7204 -21.882 4.2
      vertex -13.7903 -21.7416 4.2
      vertex -13.9103 -21.506 4.2
    endloop
  endfacet
  facet normal 0 0 1
    outer loop
      vertex -13.6533 -22.8981 4.2
      vertex -14.5896 -23.0124 4.2
      vertex -13.7049 -23.1821 4.2
    endloop
  endfacet
  facet normal 0 0 1
    outer loop
      vertex -14.7204 -21.882 4.2
      vertex -13.9103 -21.506 4.2
      vertex -14.0646 -21.2944 4.2
    endloop
  endfacet
  facet normal 0 0 1
    outer loop
      vertex -13.7049 -23.1821 4.2
      vertex -14.5896 -23.0124 4.2
      vertex -13.7909 -23.4445 4.2
    endloop
  endfacet
  facet normal 0 0 1
    outer loop
      vertex -14.7204 -21.882 4.2
      vertex -14.0646 -21.2944 4.2
      vertex -14.2532 -21.1067 4.2
    endloop
  endfacet
  facet normal -0 0 1
    outer loop
      vertex -14.7162 -23.3483 4.2
      vertex -13.7909 -23.4445 4.2
      vertex -14.5896 -23.0124 4.2
    endloop
  endfacet
  facet normal 0 0 1
    outer loop
      vertex -14.9367 -21.63 4.2
      vertex -14.2532 -21.1067 4.2
      vertex -14.473 -20.9457 4.2
    endloop
  endfacet
  facet normal 0 0 1
    outer loop
      vertex -13.7909 -23.4445 4.2
      vertex -14.7162 -23.3483 4.2
      vertex -13.9114 -23.6853 4.2
    endloop
  endfacet
  facet normal 0 0 1
    outer loop
      vertex -13.9114 -23.6853 4.2
      vertex -14.7162 -23.3483 4.2
      vertex -14.0663 -23.9044 4.2
    endloop
  endfacet
  facet normal 0 0 1
    outer loop
      vertex -13.6532 -22.2849 4.2
      vertex -14.5907 -22.206 4.2
      vertex -14.5475 -22.6019 4.2
    endloop
  endfacet
  facet normal 0 0 1
    outer loop
      vertex -13.7903 -21.7416 4.2
      vertex -14.7204 -21.882 4.2
      vertex -14.5907 -22.206 4.2
    endloop
  endfacet
  facet normal 0 0 1
    outer loop
      vertex -14.9367 -21.63 4.2
      vertex -14.473 -20.9457 4.2
      vertex -14.721 -20.814 4.2
    endloop
  endfacet
  facet normal 0 0 1
    outer loop
      vertex -14.2532 -21.1067 4.2
      vertex -14.9367 -21.63 4.2
      vertex -14.7204 -21.882 4.2
    endloop
  endfacet
  facet normal 0 0 1
    outer loop
      vertex -15.2394 -21.45 4.2
      vertex -14.721 -20.814 4.2
      vertex -14.9972 -20.7115 4.2
    endloop
  endfacet
  facet normal 0 0 1
    outer loop
      vertex -14.721 -20.814 4.2
      vertex -15.2394 -21.45 4.2
      vertex -14.9367 -21.63 4.2
    endloop
  endfacet
  facet normal 0 0 1
    outer loop
      vertex -15.3017 -20.6383 4.2
      vertex -15.2394 -21.45 4.2
      vertex -14.9972 -20.7115 4.2
    endloop
  endfacet
  facet normal 0 0 1
    outer loop
      vertex -15.3017 -20.6383 4.2
      vertex -15.6287 -21.342 4.2
      vertex -15.2394 -21.45 4.2
    endloop
  endfacet
  facet normal 0 0 1
    outer loop
      vertex -15.6344 -20.5944 4.2
      vertex -15.6287 -21.342 4.2
      vertex -15.3017 -20.6383 4.2
    endloop
  endfacet
  facet normal 0 0 1
    outer loop
      vertex -15.9953 -20.5798 4.2
      vertex -15.6287 -21.342 4.2
      vertex -15.6344 -20.5944 4.2
    endloop
  endfacet
  facet normal 0 0 1
    outer loop
      vertex -15.9953 -20.5798 4.2
      vertex -16.1044 -21.306 4.2
      vertex -15.6287 -21.342 4.2
    endloop
  endfacet
  facet normal 0 0 1
    outer loop
      vertex -15.9953 -20.5798 4.2
      vertex -17.9035 -21.306 4.2
      vertex -16.1044 -21.306 4.2
    endloop
  endfacet
  facet normal 0 0 1
    outer loop
      vertex -18.8101 -20.5798 4.2
      vertex -17.9035 -23.9453 4.2
      vertex -17.9035 -21.306 4.2
    endloop
  endfacet
  facet normal 0 0 1
    outer loop
      vertex -18.8101 -27.2681 4.2
      vertex -17.9035 -23.9453 4.2
      vertex -18.8101 -20.5798 4.2
    endloop
  endfacet
  facet normal -0 0 1
    outer loop
      vertex -18.8101 -20.5798 4.2
      vertex -17.9035 -21.306 4.2
      vertex -15.9953 -20.5798 4.2
    endloop
  endfacet
  facet normal 0 0 1
    outer loop
      vertex -17.9035 -23.9453 4.2
      vertex -18.8101 -27.2681 4.2
      vertex -17.9035 -24.6621 4.2
    endloop
  endfacet
  facet normal 0 0 1
    outer loop
      vertex -17.9035 -24.6621 4.2
      vertex -18.8101 -27.2681 4.2
      vertex -17.9035 -27.2681 4.2
    endloop
  endfacet
  facet normal 0 0 1
    outer loop
      vertex -14.0663 -23.9044 4.2
      vertex -14.7162 -23.3483 4.2
      vertex -14.2556 -24.1019 4.2
    endloop
  endfacet
  facet normal -0 0 1
    outer loop
      vertex -14.9272 -23.6095 4.2
      vertex -14.2556 -24.1019 4.2
      vertex -14.7162 -23.3483 4.2
    endloop
  endfacet
  facet normal 0 0 1
    outer loop
      vertex -14.2556 -24.1019 4.2
      vertex -14.9272 -23.6095 4.2
      vertex -14.4744 -24.2731 4.2
    endloop
  endfacet
  facet normal 0 0 1
    outer loop
      vertex -14.4744 -24.2731 4.2
      vertex -14.9272 -23.6095 4.2
      vertex -14.7178 -24.4131 4.2
    endloop
  endfacet
  facet normal -0 0 1
    outer loop
      vertex -15.2226 -23.796 4.2
      vertex -14.7178 -24.4131 4.2
      vertex -14.9272 -23.6095 4.2
    endloop
  endfacet
  facet normal 0 0 1
    outer loop
      vertex -14.7178 -24.4131 4.2
      vertex -15.2226 -23.796 4.2
      vertex -14.9859 -24.522 4.2
    endloop
  endfacet
  facet normal 0 0 1
    outer loop
      vertex -15.2226 -23.796 4.2
      vertex -15.2787 -24.5999 4.2
      vertex -14.9859 -24.522 4.2
    endloop
  endfacet
  facet normal -0 0 1
    outer loop
      vertex -15.6023 -23.908 4.2
      vertex -15.2787 -24.5999 4.2
      vertex -15.2226 -23.796 4.2
    endloop
  endfacet
  facet normal 0 0 1
    outer loop
      vertex -15.2787 -24.5999 4.2
      vertex -15.6023 -23.908 4.2
      vertex -15.5962 -24.6465 4.2
    endloop
  endfacet
  facet normal 0 0 1
    outer loop
      vertex -15.6023 -23.908 4.2
      vertex -15.9383 -24.6621 4.2
      vertex -15.5962 -24.6465 4.2
    endloop
  endfacet
  facet normal -0 0 1
    outer loop
      vertex -16.0665 -23.9453 4.2
      vertex -15.9383 -24.6621 4.2
      vertex -15.6023 -23.908 4.2
    endloop
  endfacet
  facet normal 0 0 1
    outer loop
      vertex -17.9035 -24.6621 4.2
      vertex -16.0665 -23.9453 4.2
      vertex -17.9035 -23.9453 4.2
    endloop
  endfacet
  facet normal 0 0 1
    outer loop
      vertex -16.0665 -23.9453 4.2
      vertex -17.9035 -24.6621 4.2
      vertex -15.9383 -24.6621 4.2
    endloop
  endfacet
  facet normal 0 0 1
    outer loop
      vertex 25.8441 -21.9615 4.2
      vertex 27.1739 -20.5798 4.2
      vertex 26.2292 -20.5798 4.2
    endloop
  endfacet
  facet normal 0 0 1
    outer loop
      vertex 25.5241 -23.1128 4.2
      vertex 27.1739 -20.5798 4.2
      vertex 25.8441 -21.9615 4.2
    endloop
  endfacet
  facet normal 0 0 1
    outer loop
      vertex 25.2692 -24.0337 4.2
      vertex 27.1739 -20.5798 4.2
      vertex 25.5241 -23.1128 4.2
    endloop
  endfacet
  facet normal -0 0 1
    outer loop
      vertex 25.2692 -24.0337 4.2
      vertex 25.2039 -27.2681 4.2
      vertex 27.1739 -20.5798 4.2
    endloop
  endfacet
  facet normal -0 0 1
    outer loop
      vertex 25.0795 -24.7243 4.2
      vertex 25.2039 -27.2681 4.2
      vertex 25.2692 -24.0337 4.2
    endloop
  endfacet
  facet normal -0 0 1
    outer loop
      vertex 24.9548 -25.1846 4.2
      vertex 25.2039 -27.2681 4.2
      vertex 25.0795 -24.7243 4.2
    endloop
  endfacet
  facet normal -0 0 1
    outer loop
      vertex 24.8954 -25.4145 4.2
      vertex 25.2039 -27.2681 4.2
      vertex 24.9548 -25.1846 4.2
    endloop
  endfacet
  facet normal -0 0 1
    outer loop
      vertex 24.6865 -26.3045 4.2
      vertex 25.2039 -27.2681 4.2
      vertex 24.8954 -25.4145 4.2
    endloop
  endfacet
  facet normal -0 0 1
    outer loop
      vertex 24.6438 -26.4706 4.2
      vertex 25.2039 -27.2681 4.2
      vertex 24.6865 -26.3045 4.2
    endloop
  endfacet
  facet normal 0 0 1
    outer loop
      vertex 24.1216 -27.2681 4.2
      vertex 24.59 -26.2262 4.2
      vertex 24.5299 -25.9643 4.2
    endloop
  endfacet
  facet normal 0 0 1
    outer loop
      vertex 24.1216 -27.2681 4.2
      vertex 24.5299 -25.9643 4.2
      vertex 24.4634 -25.685 4.2
    endloop
  endfacet
  facet normal 0 0 1
    outer loop
      vertex 24.1216 -27.2681 4.2
      vertex 24.4634 -25.685 4.2
      vertex 24.3906 -25.3884 4.2
    endloop
  endfacet
  facet normal 0 0 1
    outer loop
      vertex 24.1216 -27.2681 4.2
      vertex 24.3906 -25.3884 4.2
      vertex 24.3115 -25.0743 4.2
    endloop
  endfacet
  facet normal 0 0 1
    outer loop
      vertex 22.9634 -23.0197 4.2
      vertex 24.3115 -25.0743 4.2
      vertex 24.226 -24.7428 4.2
    endloop
  endfacet
  facet normal 0 0 1
    outer loop
      vertex 24.6438 -26.4706 4.2
      vertex 24.1216 -27.2681 4.2
      vertex 25.2039 -27.2681 4.2
    endloop
  endfacet
  facet normal 0 0 1
    outer loop
      vertex 24.59 -26.2262 4.2
      vertex 24.1216 -27.2681 4.2
      vertex 24.6438 -26.4706 4.2
    endloop
  endfacet
  facet normal -0 0 1
    outer loop
      vertex 22.9225 -22.8692 4.2
      vertex 24.226 -24.7428 4.2
      vertex 23.063 -20.5798 4.2
    endloop
  endfacet
  facet normal 0 0 1
    outer loop
      vertex 24.3115 -25.0743 4.2
      vertex 22.9634 -23.0197 4.2
      vertex 24.1216 -27.2681 4.2
    endloop
  endfacet
  facet normal 0 0 1
    outer loop
      vertex 24.226 -24.7428 4.2
      vertex 22.9225 -22.8692 4.2
      vertex 22.9634 -23.0197 4.2
    endloop
  endfacet
  facet normal 0 0 1
    outer loop
      vertex 23.063 -20.5798 4.2
      vertex 22.8758 -22.6837 4.2
      vertex 22.9225 -22.8692 4.2
    endloop
  endfacet
  facet normal 0 0 1
    outer loop
      vertex 23.063 -20.5798 4.2
      vertex 22.8233 -22.4631 4.2
      vertex 22.8758 -22.6837 4.2
    endloop
  endfacet
  facet normal 0 0 1
    outer loop
      vertex 23.063 -20.5798 4.2
      vertex 22.7651 -22.2074 4.2
      vertex 22.8233 -22.4631 4.2
    endloop
  endfacet
  facet normal 0 0 1
    outer loop
      vertex 23.063 -20.5798 4.2
      vertex 22.701 -21.9167 4.2
      vertex 22.7651 -22.2074 4.2
    endloop
  endfacet
  facet normal 0 0 1
    outer loop
      vertex 23.063 -20.5798 4.2
      vertex 22.6311 -21.5909 4.2
      vertex 22.701 -21.9167 4.2
    endloop
  endfacet
  facet normal 0 0 1
    outer loop
      vertex 21.8335 -21.8602 4.2
      vertex 22.591 -21.7694 4.2
      vertex 22.6311 -21.5909 4.2
    endloop
  endfacet
  facet normal 0 0 1
    outer loop
      vertex 22.591 -21.7694 4.2
      vertex 21.8335 -21.8602 4.2
      vertex 22.553 -21.9379 4.2
    endloop
  endfacet
  facet normal 0 0 1
    outer loop
      vertex 22.553 -21.9379 4.2
      vertex 21.8335 -21.8602 4.2
      vertex 22.5172 -22.0964 4.2
    endloop
  endfacet
  facet normal 0 0 1
    outer loop
      vertex 22.5172 -22.0964 4.2
      vertex 21.8335 -21.8602 4.2
      vertex 22.4834 -22.2449 4.2
    endloop
  endfacet
  facet normal 0 0 1
    outer loop
      vertex 22.4834 -22.2449 4.2
      vertex 21.8335 -21.8602 4.2
      vertex 22.4518 -22.3833 4.2
    endloop
  endfacet
  facet normal 0 0 1
    outer loop
      vertex 22.4518 -22.3833 4.2
      vertex 21.8335 -21.8602 4.2
      vertex 22.4222 -22.5118 4.2
    endloop
  endfacet
  facet normal 0 0 1
    outer loop
      vertex 21.5291 -22.9453 4.2
      vertex 22.4222 -22.5118 4.2
      vertex 21.8335 -21.8602 4.2
    endloop
  endfacet
  facet normal -0 0 1
    outer loop
      vertex 22.1944 -20.5798 4.2
      vertex 22.6311 -21.5909 4.2
      vertex 23.063 -20.5798 4.2
    endloop
  endfacet
  facet normal 0 0 1
    outer loop
      vertex 21.8335 -21.8602 4.2
      vertex 22.6311 -21.5909 4.2
      vertex 22.1944 -20.5798 4.2
    endloop
  endfacet
  facet normal 0 0 1
    outer loop
      vertex 22.4222 -22.5118 4.2
      vertex 21.5291 -22.9453 4.2
      vertex 22.3625 -22.7467 4.2
    endloop
  endfacet
  facet normal 0 0 1
    outer loop
      vertex 22.3625 -22.7467 4.2
      vertex 21.5291 -22.9453 4.2
      vertex 22.2403 -23.2048 4.2
    endloop
  endfacet
  facet normal 0 0 1
    outer loop
      vertex 22.2403 -23.2048 4.2
      vertex 21.5291 -22.9453 4.2
      vertex 22.0555 -23.886 4.2
    endloop
  endfacet
  facet normal -0 0 1
    outer loop
      vertex 21.2812 -23.835 4.2
      vertex 22.0555 -23.886 4.2
      vertex 21.5291 -22.9453 4.2
    endloop
  endfacet
  facet normal 0 0 1
    outer loop
      vertex 22.0555 -23.886 4.2
      vertex 21.2812 -23.835 4.2
      vertex 21.8083 -24.7902 4.2
    endloop
  endfacet
  facet normal -0 0 1
    outer loop
      vertex 21.09 -24.5292 4.2
      vertex 21.8083 -24.7902 4.2
      vertex 21.2812 -23.835 4.2
    endloop
  endfacet
  facet normal 0 0 1
    outer loop
      vertex 20.9553 -25.028 4.2
      vertex 21.8083 -24.7902 4.2
      vertex 21.09 -24.5292 4.2
    endloop
  endfacet
  facet normal 0 0 1
    outer loop
      vertex 21.8083 -24.7902 4.2
      vertex 20.9553 -25.028 4.2
      vertex 21.4986 -25.9176 4.2
    endloop
  endfacet
  facet normal -0 0 1
    outer loop
      vertex 20.8772 -25.3314 4.2
      vertex 21.4986 -25.9176 4.2
      vertex 20.9553 -25.028 4.2
    endloop
  endfacet
  facet normal -0 0 1
    outer loop
      vertex 20.8283 -25.5345 4.2
      vertex 21.4986 -25.9176 4.2
      vertex 20.8772 -25.3314 4.2
    endloop
  endfacet
  facet normal -0 0 1
    outer loop
      vertex 20.7814 -25.7323 4.2
      vertex 21.4986 -25.9176 4.2
      vertex 20.8283 -25.5345 4.2
    endloop
  endfacet
  facet normal 0 0 1
    outer loop
      vertex 20.7365 -25.9247 4.2
      vertex 21.4986 -25.9176 4.2
      vertex 20.7814 -25.7323 4.2
    endloop
  endfacet
  facet normal 0 0 1
    outer loop
      vertex 20.6936 -26.112 4.2
      vertex 21.4986 -25.9176 4.2
      vertex 20.7365 -25.9247 4.2
    endloop
  endfacet
  facet normal 0 0 1
    outer loop
      vertex 20.6527 -26.2939 4.2
      vertex 21.4986 -25.9176 4.2
      vertex 20.6936 -26.112 4.2
    endloop
  endfacet
  facet normal 0 0 1
    outer loop
      vertex 20.6137 -26.4706 4.2
      vertex 21.4986 -25.9176 4.2
      vertex 20.6527 -26.2939 4.2
    endloop
  endfacet
  facet normal 0 0 1
    outer loop
      vertex 21.4986 -25.9176 4.2
      vertex 20.6137 -26.4706 4.2
      vertex 21.1264 -27.2681 4.2
    endloop
  endfacet
  facet normal 0 0 1
    outer loop
      vertex 20.0441 -27.2681 4.2
      vertex 20.5526 -26.1903 4.2
      vertex 20.4897 -25.9126 4.2
    endloop
  endfacet
  facet normal 0 0 1
    outer loop
      vertex 20.0441 -27.2681 4.2
      vertex 20.4897 -25.9126 4.2
      vertex 20.425 -25.6376 4.2
    endloop
  endfacet
  facet normal 0 0 1
    outer loop
      vertex 20.0441 -27.2681 4.2
      vertex 20.425 -25.6376 4.2
      vertex 20.3584 -25.3651 4.2
    endloop
  endfacet
  facet normal 0 0 1
    outer loop
      vertex 20.0441 -27.2681 4.2
      vertex 20.3584 -25.3651 4.2
      vertex 20.29 -25.0954 4.2
    endloop
  endfacet
  facet normal 0 0 1
    outer loop
      vertex 20.0441 -27.2681 4.2
      vertex 20.29 -25.0954 4.2
      vertex 20.2197 -24.8282 4.2
    endloop
  endfacet
  facet normal 0 0 1
    outer loop
      vertex 20.6137 -26.4706 4.2
      vertex 20.0441 -27.2681 4.2
      vertex 21.1264 -27.2681 4.2
    endloop
  endfacet
  facet normal 0 0 1
    outer loop
      vertex 20.5526 -26.1903 4.2
      vertex 20.0441 -27.2681 4.2
      vertex 20.6137 -26.4706 4.2
    endloop
  endfacet
  facet normal -0 0 1
    outer loop
      vertex 18.0741 -20.5798 4.2
      vertex 20.2197 -24.8282 4.2
      vertex 19.0187 -20.5798 4.2
    endloop
  endfacet
  facet normal 0 0 1
    outer loop
      vertex 20.2197 -24.8282 4.2
      vertex 18.0741 -20.5798 4.2
      vertex 20.0441 -27.2681 4.2
    endloop
  endfacet
  facet normal 0 0 1
    outer loop
      vertex 18.5163 -27.2681 4.2
      vertex 16.8264 -25.3124 4.2
      vertex 17.5906 -27.2681 4.2
    endloop
  endfacet
  facet normal 0 0 1
    outer loop
      vertex 18.5163 -27.2681 4.2
      vertex 16.5558 -24.6051 4.2
      vertex 16.8264 -25.3124 4.2
    endloop
  endfacet
  facet normal 0 0 1
    outer loop
      vertex 15.8296 -20.5798 4.2
      vertex 16.5558 -24.6051 4.2
      vertex 18.5163 -27.2681 4.2
    endloop
  endfacet
  facet normal 0 0 1
    outer loop
      vertex 15.8296 -20.5798 4.2
      vertex 15.6966 -22.3978 4.2
      vertex 16.5558 -24.6051 4.2
    endloop
  endfacet
  facet normal 0 0 1
    outer loop
      vertex 15.8296 -20.5798 4.2
      vertex 15.6523 -22.2863 4.2
      vertex 15.6966 -22.3978 4.2
    endloop
  endfacet
  facet normal 0 0 1
    outer loop
      vertex 15.8296 -20.5798 4.2
      vertex 15.608 -22.17 4.2
      vertex 15.6523 -22.2863 4.2
    endloop
  endfacet
  facet normal 0 0 1
    outer loop
      vertex 15.8296 -20.5798 4.2
      vertex 15.5637 -22.0489 4.2
      vertex 15.608 -22.17 4.2
    endloop
  endfacet
  facet normal 0 0 1
    outer loop
      vertex 15.8296 -20.5798 4.2
      vertex 15.5194 -21.9232 4.2
      vertex 15.5637 -22.0489 4.2
    endloop
  endfacet
  facet normal 0 0 1
    outer loop
      vertex 15.8296 -20.5798 4.2
      vertex 15.4751 -21.7926 4.2
      vertex 15.5194 -21.9232 4.2
    endloop
  endfacet
  facet normal 0 0 1
    outer loop
      vertex 15.8296 -20.5798 4.2
      vertex 15.4308 -21.6573 4.2
      vertex 15.4751 -21.7926 4.2
    endloop
  endfacet
  facet normal 0 0 1
    outer loop
      vertex 15.8296 -20.5798 4.2
      vertex 15.3027 -21.2633 4.2
      vertex 15.4308 -21.6573 4.2
    endloop
  endfacet
  facet normal 0 0 1
    outer loop
      vertex 14.7994 -20.5798 4.2
      vertex 15.2172 -21.5338 4.2
      vertex 15.2599 -21.3963 4.2
    endloop
  endfacet
  facet normal 0 0 1
    outer loop
      vertex 15.2172 -21.5338 4.2
      vertex 14.7994 -20.5798 4.2
      vertex 15.1681 -21.6837 4.2
    endloop
  endfacet
  facet normal 0 0 1
    outer loop
      vertex 14.7994 -20.5798 4.2
      vertex 15.2599 -21.3963 4.2
      vertex 15.3027 -21.2633 4.2
    endloop
  endfacet
  facet normal 0 0 1
    outer loop
      vertex 15.1681 -21.6837 4.2
      vertex 14.7994 -20.5798 4.2
      vertex 15.1128 -21.846 4.2
    endloop
  endfacet
  facet normal 0 0 1
    outer loop
      vertex 15.1128 -21.846 4.2
      vertex 14.7994 -20.5798 4.2
      vertex 15.0511 -22.0207 4.2
    endloop
  endfacet
  facet normal 0 0 1
    outer loop
      vertex 15.0511 -22.0207 4.2
      vertex 14.7994 -20.5798 4.2
      vertex 14.983 -22.2078 4.2
    endloop
  endfacet
  facet normal -0 0 1
    outer loop
      vertex 14.7994 -20.5798 4.2
      vertex 15.3027 -21.2633 4.2
      vertex 15.8296 -20.5798 4.2
    endloop
  endfacet
  facet normal 0 0 1
    outer loop
      vertex 14.983 -22.2078 4.2
      vertex 14.7994 -20.5798 4.2
      vertex 14.9086 -22.4073 4.2
    endloop
  endfacet
  facet normal 0 0 1
    outer loop
      vertex 14.7994 -20.5798 4.2
      vertex 14.0542 -24.6051 4.2
      vertex 14.9086 -22.4073 4.2
    endloop
  endfacet
  facet normal 0 0 1
    outer loop
      vertex 12.07 -27.2681 4.2
      vertex 14.0542 -24.6051 4.2
      vertex 14.7994 -20.5798 4.2
    endloop
  endfacet
  facet normal 0 0 1
    outer loop
      vertex 14.0542 -24.6051 4.2
      vertex 12.07 -27.2681 4.2
      vertex 13.7789 -25.3124 4.2
    endloop
  endfacet
  facet normal 0 0 1
    outer loop
      vertex 13.7789 -25.3124 4.2
      vertex 12.07 -27.2681 4.2
      vertex 13.0099 -27.2681 4.2
    endloop
  endfacet
  facet normal -0 0 1
    outer loop
      vertex 14.0542 -24.6051 4.2
      vertex 16.8264 -25.3124 4.2
      vertex 16.5558 -24.6051 4.2
    endloop
  endfacet
  facet normal 0 0 1
    outer loop
      vertex 16.8264 -25.3124 4.2
      vertex 14.0542 -24.6051 4.2
      vertex 13.7789 -25.3124 4.2
    endloop
  endfacet
  facet normal 0 0 1
    outer loop
      vertex -7.40306 -20.5798 4.2
      vertex -11.5708 -21.3203 4.2
      vertex -7.40306 -21.3203 4.2
    endloop
  endfacet
  facet normal 0 0 1
    outer loop
      vertex -12.4774 -20.5798 4.2
      vertex -11.5708 -23.4659 4.2
      vertex -11.5708 -21.3203 4.2
    endloop
  endfacet
  facet normal 0 0 1
    outer loop
      vertex -11.5708 -23.4659 4.2
      vertex -12.4774 -20.5798 4.2
      vertex -11.5708 -24.1969 4.2
    endloop
  endfacet
  facet normal 0 0 1
    outer loop
      vertex -12.4774 -27.2681 4.2
      vertex -11.5708 -24.1969 4.2
      vertex -12.4774 -20.5798 4.2
    endloop
  endfacet
  facet normal -0 0 1
    outer loop
      vertex -12.4774 -20.5798 4.2
      vertex -11.5708 -21.3203 4.2
      vertex -7.40306 -20.5798 4.2
    endloop
  endfacet
  facet normal -0 0 1
    outer loop
      vertex -11.5708 -23.4659 4.2
      vertex -7.68788 -24.1969 4.2
      vertex -7.68788 -23.4659 4.2
    endloop
  endfacet
  facet normal 0 0 1
    outer loop
      vertex -7.68788 -24.1969 4.2
      vertex -11.5708 -23.4659 4.2
      vertex -11.5708 -24.1969 4.2
    endloop
  endfacet
  facet normal -0 0 1
    outer loop
      vertex -11.5708 -26.5276 4.2
      vertex -7.20847 -27.2681 4.2
      vertex -7.20847 -26.5276 4.2
    endloop
  endfacet
  facet normal 0 0 1
    outer loop
      vertex -11.5708 -26.5276 4.2
      vertex -12.4774 -27.2681 4.2
      vertex -7.20847 -27.2681 4.2
    endloop
  endfacet
  facet normal 0 0 1
    outer loop
      vertex -11.5708 -24.1969 4.2
      vertex -12.4774 -27.2681 4.2
      vertex -11.5708 -26.5276 4.2
    endloop
  endfacet
  facet normal 0 0 1
    outer loop
      vertex 8.4749 -20.5798 4.2
      vertex 7.56825 -20.5798 4.2
      vertex 8.4749 -26.5276 4.2
    endloop
  endfacet
  facet normal -0 0 1
    outer loop
      vertex 8.4749 -26.5276 4.2
      vertex 11.8546 -27.2681 4.2
      vertex 11.8546 -26.5276 4.2
    endloop
  endfacet
  facet normal 0 0 1
    outer loop
      vertex 8.4749 -26.5276 4.2
      vertex 7.56825 -27.2681 4.2
      vertex 11.8546 -27.2681 4.2
    endloop
  endfacet
  facet normal 0 0 1
    outer loop
      vertex 7.56825 -27.2681 4.2
      vertex 8.4749 -26.5276 4.2
      vertex 7.56825 -20.5798 4.2
    endloop
  endfacet
  facet normal 0.110122 -0.993918 0
    outer loop
      vertex -22.8862 -27.3513 3
      vertex -22.5685 -27.3161 4.2
      vertex -22.8862 -27.3513 4.2
    endloop
  endfacet
  facet normal 0.110122 -0.993918 0
    outer loop
      vertex -22.5685 -27.3161 4.2
      vertex -22.8862 -27.3513 3
      vertex -22.5685 -27.3161 3
    endloop
  endfacet
  facet normal 0.190435 -0.9817 0
    outer loop
      vertex -22.5685 -27.3161 3
      vertex -22.2659 -27.2574 4.2
      vertex -22.5685 -27.3161 4.2
    endloop
  endfacet
  facet normal 0.190435 -0.9817 0
    outer loop
      vertex -22.2659 -27.2574 4.2
      vertex -22.5685 -27.3161 3
      vertex -22.2659 -27.2574 3
    endloop
  endfacet
  facet normal 0.2745 -0.961587 0
    outer loop
      vertex -22.2659 -27.2574 3
      vertex -21.9783 -27.1753 4.2
      vertex -22.2659 -27.2574 4.2
    endloop
  endfacet
  facet normal 0.2745 -0.961587 0
    outer loop
      vertex -21.9783 -27.1753 4.2
      vertex -22.2659 -27.2574 3
      vertex -21.9783 -27.1753 3
    endloop
  endfacet
  facet normal 0.36134 -0.932434 0
    outer loop
      vertex -21.9783 -27.1753 3
      vertex -21.7058 -27.0697 4.2
      vertex -21.9783 -27.1753 4.2
    endloop
  endfacet
  facet normal 0.36134 -0.932434 0
    outer loop
      vertex -21.7058 -27.0697 4.2
      vertex -21.9783 -27.1753 3
      vertex -21.7058 -27.0697 3
    endloop
  endfacet
  facet normal 0.448185 -0.893941 0
    outer loop
      vertex -21.7058 -27.0697 3
      vertex -21.4483 -26.9406 4.2
      vertex -21.7058 -27.0697 4.2
    endloop
  endfacet
  facet normal 0.448185 -0.893941 0
    outer loop
      vertex -21.4483 -26.9406 4.2
      vertex -21.7058 -27.0697 3
      vertex -21.4483 -26.9406 3
    endloop
  endfacet
  facet normal 0.532056 -0.846709 0
    outer loop
      vertex -21.4483 -26.9406 3
      vertex -21.208 -26.7896 4.2
      vertex -21.4483 -26.9406 4.2
    endloop
  endfacet
  facet normal 0.532056 -0.846709 0
    outer loop
      vertex -21.208 -26.7896 4.2
      vertex -21.4483 -26.9406 3
      vertex -21.208 -26.7896 3
    endloop
  endfacet
  facet normal 0.612628 -0.790372 0
    outer loop
      vertex -21.208 -26.7896 3
      vertex -20.987 -26.6183 4.2
      vertex -21.208 -26.7896 4.2
    endloop
  endfacet
  facet normal 0.612628 -0.790372 0
    outer loop
      vertex -20.987 -26.6183 4.2
      vertex -21.208 -26.7896 3
      vertex -20.987 -26.6183 3
    endloop
  endfacet
  facet normal 0.688891 -0.724865 0
    outer loop
      vertex -20.987 -26.6183 3
      vertex -20.7855 -26.4268 4.2
      vertex -20.987 -26.6183 4.2
    endloop
  endfacet
  facet normal 0.688891 -0.724865 0
    outer loop
      vertex -20.7855 -26.4268 4.2
      vertex -20.987 -26.6183 3
      vertex -20.7855 -26.4268 3
    endloop
  endfacet
  facet normal 0.758245 -0.651969 0
    outer loop
      vertex -20.7855 -26.4268 4.2
      vertex -20.6033 -26.2149 3
      vertex -20.6033 -26.2149 4.2
    endloop
  endfacet
  facet normal 0.758245 -0.651969 0
    outer loop
      vertex -20.6033 -26.2149 3
      vertex -20.7855 -26.4268 4.2
      vertex -20.7855 -26.4268 3
    endloop
  endfacet
  facet normal 0.818967 -0.573841 0
    outer loop
      vertex -20.6033 -26.2149 4.2
      vertex -20.4406 -25.9827 3
      vertex -20.4406 -25.9827 4.2
    endloop
  endfacet
  facet normal 0.818967 -0.573841 0
    outer loop
      vertex -20.4406 -25.9827 3
      vertex -20.6033 -26.2149 4.2
      vertex -20.6033 -26.2149 3
    endloop
  endfacet
  facet normal 0.869638 -0.49369 0
    outer loop
      vertex -20.4406 -25.9827 4.2
      vertex -20.2972 -25.7301 3
      vertex -20.2972 -25.7301 4.2
    endloop
  endfacet
  facet normal 0.869638 -0.49369 0
    outer loop
      vertex -20.2972 -25.7301 3
      vertex -20.4406 -25.9827 4.2
      vertex -20.4406 -25.9827 3
    endloop
  endfacet
  facet normal 0.91047 -0.413574 0
    outer loop
      vertex -20.2972 -25.7301 4.2
      vertex -20.1746 -25.4602 3
      vertex -20.1746 -25.4602 4.2
    endloop
  endfacet
  facet normal 0.91047 -0.413574 0
    outer loop
      vertex -20.1746 -25.4602 3
      vertex -20.2972 -25.7301 4.2
      vertex -20.2972 -25.7301 3
    endloop
  endfacet
  facet normal 0.94307 -0.332595 0
    outer loop
      vertex -20.1746 -25.4602 4.2
      vertex -20.0743 -25.1758 3
      vertex -20.0743 -25.1758 4.2
    endloop
  endfacet
  facet normal 0.94307 -0.332595 0
    outer loop
      vertex -20.0743 -25.1758 3
      vertex -20.1746 -25.4602 4.2
      vertex -20.1746 -25.4602 3
    endloop
  endfacet
  facet normal 0.967597 -0.252501 0
    outer loop
      vertex -20.0743 -25.1758 4.2
      vertex -19.9963 -24.8769 3
      vertex -19.9963 -24.8769 4.2
    endloop
  endfacet
  facet normal 0.967597 -0.252501 0
    outer loop
      vertex -19.9963 -24.8769 3
      vertex -20.0743 -25.1758 4.2
      vertex -20.0743 -25.1758 3
    endloop
  endfacet
  facet normal 0.984581 -0.174932 0
    outer loop
      vertex -19.9963 -24.8769 4.2
      vertex -19.9406 -24.5634 3
      vertex -19.9406 -24.5634 4.2
    endloop
  endfacet
  facet normal 0.984581 -0.174932 0
    outer loop
      vertex -19.9406 -24.5634 3
      vertex -19.9963 -24.8769 4.2
      vertex -19.9963 -24.8769 3
    endloop
  endfacet
  facet normal 0.994852 -0.101336 0
    outer loop
      vertex -19.9406 -24.5634 4.2
      vertex -19.9072 -24.2355 3
      vertex -19.9072 -24.2355 4.2
    endloop
  endfacet
  facet normal 0.994852 -0.101336 0
    outer loop
      vertex -19.9072 -24.2355 3
      vertex -19.9406 -24.5634 4.2
      vertex -19.9406 -24.5634 3
    endloop
  endfacet
  facet normal 0.999465 -0.0326928 0
    outer loop
      vertex -19.9072 -24.2355 4.2
      vertex -19.896 -23.8931 3
      vertex -19.896 -23.8931 4.2
    endloop
  endfacet
  facet normal 0.999465 -0.0326928 0
    outer loop
      vertex -19.896 -23.8931 3
      vertex -19.9072 -24.2355 4.2
      vertex -19.9072 -24.2355 3
    endloop
  endfacet
  facet normal 0.999488 0.0320069 0
    outer loop
      vertex -19.896 -23.8931 4.2
      vertex -19.907 -23.5496 3
      vertex -19.907 -23.5496 4.2
    endloop
  endfacet
  facet normal 0.999488 0.0320069 0
    outer loop
      vertex -19.907 -23.5496 3
      vertex -19.896 -23.8931 4.2
      vertex -19.896 -23.8931 3
    endloop
  endfacet
  facet normal 0.994944 0.100435 0
    outer loop
      vertex -19.907 -23.5496 4.2
      vertex -19.9401 -23.2217 3
      vertex -19.9401 -23.2217 4.2
    endloop
  endfacet
  facet normal 0.994944 0.100435 0
    outer loop
      vertex -19.9401 -23.2217 3
      vertex -19.907 -23.5496 4.2
      vertex -19.907 -23.5496 3
    endloop
  endfacet
  facet normal 0.984853 0.17339 0
    outer loop
      vertex -19.9401 -23.2217 4.2
      vertex -19.9951 -22.9093 3
      vertex -19.9951 -22.9093 4.2
    endloop
  endfacet
  facet normal 0.984853 0.17339 0
    outer loop
      vertex -19.9951 -22.9093 3
      vertex -19.9401 -23.2217 4.2
      vertex -19.9401 -23.2217 3
    endloop
  endfacet
  facet normal 0.967876 0.251426 0
    outer loop
      vertex -19.9951 -22.9093 4.2
      vertex -20.0722 -22.6125 3
      vertex -20.0722 -22.6125 4.2
    endloop
  endfacet
  facet normal 0.967876 0.251426 0
    outer loop
      vertex -20.0722 -22.6125 3
      vertex -19.9951 -22.9093 4.2
      vertex -19.9951 -22.9093 3
    endloop
  endfacet
  facet normal 0.943145 0.332381 0
    outer loop
      vertex -20.0722 -22.6125 4.2
      vertex -20.1713 -22.3313 3
      vertex -20.1713 -22.3313 4.2
    endloop
  endfacet
  facet normal 0.943145 0.332381 0
    outer loop
      vertex -20.1713 -22.3313 3
      vertex -20.0722 -22.6125 4.2
      vertex -20.0722 -22.6125 3
    endloop
  endfacet
  facet normal 0.909944 0.414732 0
    outer loop
      vertex -20.1713 -22.3313 4.2
      vertex -20.2924 -22.0656 3
      vertex -20.2924 -22.0656 4.2
    endloop
  endfacet
  facet normal 0.909944 0.414732 0
    outer loop
      vertex -20.2924 -22.0656 3
      vertex -20.1713 -22.3313 4.2
      vertex -20.1713 -22.3313 3
    endloop
  endfacet
  facet normal 0.867553 0.497345 0
    outer loop
      vertex -20.2924 -22.0656 4.2
      vertex -20.4344 -21.8179 3
      vertex -20.4344 -21.8179 4.2
    endloop
  endfacet
  facet normal 0.867553 0.497345 0
    outer loop
      vertex -20.4344 -21.8179 3
      vertex -20.2924 -22.0656 4.2
      vertex -20.2924 -22.0656 3
    endloop
  endfacet
  facet normal 0.815185 0.579201 0
    outer loop
      vertex -20.4344 -21.8179 4.2
      vertex -20.5959 -21.5906 3
      vertex -20.5959 -21.5906 4.2
    endloop
  endfacet
  facet normal 0.815185 0.579201 0
    outer loop
      vertex -20.5959 -21.5906 3
      vertex -20.4344 -21.8179 4.2
      vertex -20.4344 -21.8179 3
    endloop
  endfacet
  facet normal 0.751946 0.659225 0
    outer loop
      vertex -20.5959 -21.5906 4.2
      vertex -20.7772 -21.3838 3
      vertex -20.7772 -21.3838 4.2
    endloop
  endfacet
  facet normal 0.751946 0.659225 0
    outer loop
      vertex -20.7772 -21.3838 3
      vertex -20.5959 -21.5906 4.2
      vertex -20.5959 -21.5906 3
    endloop
  endfacet
  facet normal 0.680157 0.733066 -0
    outer loop
      vertex -20.7772 -21.3838 3
      vertex -20.9781 -21.1974 4.2
      vertex -20.7772 -21.3838 4.2
    endloop
  endfacet
  facet normal 0.680157 0.733066 0
    outer loop
      vertex -20.9781 -21.1974 4.2
      vertex -20.7772 -21.3838 3
      vertex -20.9781 -21.1974 3
    endloop
  endfacet
  facet normal 0.601217 0.799086 -0
    outer loop
      vertex -20.9781 -21.1974 3
      vertex -21.1986 -21.0315 4.2
      vertex -20.9781 -21.1974 4.2
    endloop
  endfacet
  facet normal 0.601217 0.799086 0
    outer loop
      vertex -21.1986 -21.0315 4.2
      vertex -20.9781 -21.1974 3
      vertex -21.1986 -21.0315 3
    endloop
  endfacet
  facet normal 0.518104 0.855317 -0
    outer loop
      vertex -21.1986 -21.0315 3
      vertex -21.4388 -20.886 4.2
      vertex -21.1986 -21.0315 4.2
    endloop
  endfacet
  facet normal 0.518104 0.855317 0
    outer loop
      vertex -21.4388 -20.886 4.2
      vertex -21.1986 -21.0315 3
      vertex -21.4388 -20.886 3
    endloop
  endfacet
  facet normal 0.434152 0.90084 -0
    outer loop
      vertex -21.4388 -20.886 3
      vertex -21.6963 -20.7619 4.2
      vertex -21.4388 -20.886 4.2
    endloop
  endfacet
  facet normal 0.434152 0.90084 0
    outer loop
      vertex -21.6963 -20.7619 4.2
      vertex -21.4388 -20.886 3
      vertex -21.6963 -20.7619 3
    endloop
  endfacet
  facet normal 0.348635 0.937258 -0
    outer loop
      vertex -21.6963 -20.7619 3
      vertex -21.9689 -20.6605 4.2
      vertex -21.6963 -20.7619 4.2
    endloop
  endfacet
  facet normal 0.348635 0.937258 0
    outer loop
      vertex -21.9689 -20.6605 4.2
      vertex -21.6963 -20.7619 3
      vertex -21.9689 -20.6605 3
    endloop
  endfacet
  facet normal 0.26465 0.964345 -0
    outer loop
      vertex -21.9689 -20.6605 3
      vertex -22.2564 -20.5816 4.2
      vertex -21.9689 -20.6605 4.2
    endloop
  endfacet
  facet normal 0.26465 0.964345 0
    outer loop
      vertex -22.2564 -20.5816 4.2
      vertex -21.9689 -20.6605 3
      vertex -22.2564 -20.5816 3
    endloop
  endfacet
  facet normal 0.183229 0.98307 -0
    outer loop
      vertex -22.2564 -20.5816 3
      vertex -22.559 -20.5252 4.2
      vertex -22.2564 -20.5816 4.2
    endloop
  endfacet
  facet normal 0.183229 0.98307 0
    outer loop
      vertex -22.559 -20.5252 4.2
      vertex -22.2564 -20.5816 3
      vertex -22.559 -20.5252 3
    endloop
  endfacet
  facet normal 0.105793 0.994388 -0
    outer loop
      vertex -22.559 -20.5252 3
      vertex -22.8767 -20.4914 4.2
      vertex -22.559 -20.5252 4.2
    endloop
  endfacet
  facet normal 0.105793 0.994388 0
    outer loop
      vertex -22.8767 -20.4914 4.2
      vertex -22.559 -20.5252 3
      vertex -22.8767 -20.4914 3
    endloop
  endfacet
  facet normal 0.0339552 0.999423 -0
    outer loop
      vertex -22.8767 -20.4914 3
      vertex -23.2093 -20.4801 4.2
      vertex -22.8767 -20.4914 4.2
    endloop
  endfacet
  facet normal 0.0339552 0.999423 0
    outer loop
      vertex -23.2093 -20.4801 4.2
      vertex -22.8767 -20.4914 3
      vertex -23.2093 -20.4801 3
    endloop
  endfacet
  facet normal -0.0498287 0.998758 0
    outer loop
      vertex -23.2093 -20.4801 3
      vertex -23.7124 -20.5052 4.2
      vertex -23.2093 -20.4801 4.2
    endloop
  endfacet
  facet normal -0.0498287 0.998758 0
    outer loop
      vertex -23.7124 -20.5052 4.2
      vertex -23.2093 -20.4801 3
      vertex -23.7124 -20.5052 3
    endloop
  endfacet
  facet normal -0.160127 0.987096 0
    outer loop
      vertex -23.7124 -20.5052 3
      vertex -24.1772 -20.5806 4.2
      vertex -23.7124 -20.5052 4.2
    endloop
  endfacet
  facet normal -0.160127 0.987096 0
    outer loop
      vertex -24.1772 -20.5806 4.2
      vertex -23.7124 -20.5052 3
      vertex -24.1772 -20.5806 3
    endloop
  endfacet
  facet normal -0.282434 0.959287 0
    outer loop
      vertex -24.1772 -20.5806 3
      vertex -24.6038 -20.7062 4.2
      vertex -24.1772 -20.5806 4.2
    endloop
  endfacet
  facet normal -0.282434 0.959287 0
    outer loop
      vertex -24.6038 -20.7062 4.2
      vertex -24.1772 -20.5806 3
      vertex -24.6038 -20.7062 3
    endloop
  endfacet
  facet normal -0.412441 0.910984 0
    outer loop
      vertex -24.6038 -20.7062 3
      vertex -24.9921 -20.882 4.2
      vertex -24.6038 -20.7062 4.2
    endloop
  endfacet
  facet normal -0.412441 0.910984 0
    outer loop
      vertex -24.9921 -20.882 4.2
      vertex -24.6038 -20.7062 3
      vertex -24.9921 -20.882 3
    endloop
  endfacet
  facet normal -0.542515 0.840046 0
    outer loop
      vertex -24.9921 -20.882 3
      vertex -25.3422 -21.1081 4.2
      vertex -24.9921 -20.882 4.2
    endloop
  endfacet
  facet normal -0.542515 0.840046 0
    outer loop
      vertex -25.3422 -21.1081 4.2
      vertex -24.9921 -20.882 3
      vertex -25.3422 -21.1081 3
    endloop
  endfacet
  facet normal -0.663216 0.748428 0
    outer loop
      vertex -25.3422 -21.1081 3
      vertex -25.654 -21.3844 4.2
      vertex -25.3422 -21.1081 4.2
    endloop
  endfacet
  facet normal -0.663216 0.748428 0
    outer loop
      vertex -25.654 -21.3844 4.2
      vertex -25.3422 -21.1081 3
      vertex -25.654 -21.3844 3
    endloop
  endfacet
  facet normal -0.767182 0.64143 0
    outer loop
      vertex -25.9223 -21.7053 3
      vertex -25.654 -21.3844 4.2
      vertex -25.654 -21.3844 3
    endloop
  endfacet
  facet normal -0.767182 0.64143 0
    outer loop
      vertex -25.654 -21.3844 4.2
      vertex -25.9223 -21.7053 3
      vertex -25.9223 -21.7053 4.2
    endloop
  endfacet
  facet normal -0.853575 0.52097 0
    outer loop
      vertex -26.1419 -22.0651 3
      vertex -25.9223 -21.7053 4.2
      vertex -25.9223 -21.7053 3
    endloop
  endfacet
  facet normal -0.853575 0.52097 0
    outer loop
      vertex -25.9223 -21.7053 4.2
      vertex -26.1419 -22.0651 3
      vertex -26.1419 -22.0651 4.2
    endloop
  endfacet
  facet normal -0.919252 0.393669 0
    outer loop
      vertex -26.3126 -22.4637 3
      vertex -26.1419 -22.0651 4.2
      vertex -26.1419 -22.0651 3
    endloop
  endfacet
  facet normal -0.919252 0.393669 0
    outer loop
      vertex -26.1419 -22.0651 4.2
      vertex -26.3126 -22.4637 3
      vertex -26.3126 -22.4637 4.2
    endloop
  endfacet
  facet normal -0.963265 0.268552 0
    outer loop
      vertex -26.4346 -22.9013 3
      vertex -26.3126 -22.4637 4.2
      vertex -26.3126 -22.4637 3
    endloop
  endfacet
  facet normal -0.963265 0.268552 0
    outer loop
      vertex -26.3126 -22.4637 4.2
      vertex -26.4346 -22.9013 3
      vertex -26.4346 -22.9013 4.2
    endloop
  endfacet
  facet normal -0.9884 0.15187 0
    outer loop
      vertex -26.5078 -23.3777 3
      vertex -26.4346 -22.9013 4.2
      vertex -26.4346 -22.9013 3
    endloop
  endfacet
  facet normal -0.9884 0.15187 0
    outer loop
      vertex -26.4346 -22.9013 4.2
      vertex -26.5078 -23.3777 3
      vertex -26.5078 -23.3777 4.2
    endloop
  endfacet
  facet normal -0.998881 0.0472889 0
    outer loop
      vertex -26.5322 -23.8931 3
      vertex -26.5078 -23.3777 4.2
      vertex -26.5078 -23.3777 3
    endloop
  endfacet
  facet normal -0.998881 0.0472889 0
    outer loop
      vertex -26.5078 -23.3777 4.2
      vertex -26.5322 -23.8931 3
      vertex -26.5322 -23.8931 4.2
    endloop
  endfacet
  facet normal -0.999489 -0.0319697 0
    outer loop
      vertex -26.5212 -24.237 3
      vertex -26.5322 -23.8931 4.2
      vertex -26.5322 -23.8931 3
    endloop
  endfacet
  facet normal -0.999489 -0.0319697 0
    outer loop
      vertex -26.5322 -23.8931 4.2
      vertex -26.5212 -24.237 3
      vertex -26.5212 -24.237 4.2
    endloop
  endfacet
  facet normal -0.995079 -0.099085 0
    outer loop
      vertex -26.4884 -24.5664 3
      vertex -26.5212 -24.237 4.2
      vertex -26.5212 -24.237 3
    endloop
  endfacet
  facet normal -0.995079 -0.099085 0
    outer loop
      vertex -26.5212 -24.237 4.2
      vertex -26.4884 -24.5664 3
      vertex -26.4884 -24.5664 4.2
    endloop
  endfacet
  facet normal -0.985219 -0.171302 0
    outer loop
      vertex -26.4337 -24.881 3
      vertex -26.4884 -24.5664 4.2
      vertex -26.4884 -24.5664 3
    endloop
  endfacet
  facet normal -0.985219 -0.171302 0
    outer loop
      vertex -26.4884 -24.5664 4.2
      vertex -26.4337 -24.881 3
      vertex -26.4337 -24.881 4.2
    endloop
  endfacet
  facet normal -0.968934 -0.247319 0
    outer loop
      vertex -26.3571 -25.1811 3
      vertex -26.4337 -24.881 4.2
      vertex -26.4337 -24.881 3
    endloop
  endfacet
  facet normal -0.968934 -0.247319 0
    outer loop
      vertex -26.4337 -24.881 4.2
      vertex -26.3571 -25.1811 3
      vertex -26.3571 -25.1811 4.2
    endloop
  endfacet
  facet normal -0.945285 -0.326246 0
    outer loop
      vertex -26.2586 -25.4665 3
      vertex -26.3571 -25.1811 4.2
      vertex -26.3571 -25.1811 3
    endloop
  endfacet
  facet normal -0.945285 -0.326246 0
    outer loop
      vertex -26.3571 -25.1811 4.2
      vertex -26.2586 -25.4665 3
      vertex -26.2586 -25.4665 4.2
    endloop
  endfacet
  facet normal -0.913756 -0.406264 0
    outer loop
      vertex -26.1382 -25.7373 3
      vertex -26.2586 -25.4665 4.2
      vertex -26.2586 -25.4665 3
    endloop
  endfacet
  facet normal -0.913756 -0.406264 0
    outer loop
      vertex -26.2586 -25.4665 4.2
      vertex -26.1382 -25.7373 3
      vertex -26.1382 -25.7373 4.2
    endloop
  endfacet
  facet normal -0.873293 -0.487195 0
    outer loop
      vertex -25.997 -25.9904 3
      vertex -26.1382 -25.7373 4.2
      vertex -26.1382 -25.7373 3
    endloop
  endfacet
  facet normal -0.873293 -0.487195 0
    outer loop
      vertex -26.1382 -25.7373 4.2
      vertex -25.997 -25.9904 3
      vertex -25.997 -25.9904 4.2
    endloop
  endfacet
  facet normal -0.822345 -0.568989 0
    outer loop
      vertex -25.8362 -26.2228 3
      vertex -25.997 -25.9904 4.2
      vertex -25.997 -25.9904 3
    endloop
  endfacet
  facet normal -0.822345 -0.568989 0
    outer loop
      vertex -25.997 -25.9904 4.2
      vertex -25.8362 -26.2228 3
      vertex -25.8362 -26.2228 4.2
    endloop
  endfacet
  facet normal -0.76098 -0.648775 0
    outer loop
      vertex -25.6558 -26.4344 3
      vertex -25.8362 -26.2228 4.2
      vertex -25.8362 -26.2228 3
    endloop
  endfacet
  facet normal -0.76098 -0.648775 0
    outer loop
      vertex -25.8362 -26.2228 4.2
      vertex -25.6558 -26.4344 3
      vertex -25.6558 -26.4344 4.2
    endloop
  endfacet
  facet normal -0.690467 -0.723364 0
    outer loop
      vertex -25.6558 -26.4344 3
      vertex -25.4557 -26.6254 4.2
      vertex -25.6558 -26.4344 4.2
    endloop
  endfacet
  facet normal -0.690467 -0.723364 -0
    outer loop
      vertex -25.4557 -26.6254 4.2
      vertex -25.6558 -26.4344 3
      vertex -25.4557 -26.6254 3
    endloop
  endfacet
  facet normal -0.612471 -0.790493 0
    outer loop
      vertex -25.4557 -26.6254 3
      vertex -25.2359 -26.7957 4.2
      vertex -25.4557 -26.6254 4.2
    endloop
  endfacet
  facet normal -0.612471 -0.790493 -0
    outer loop
      vertex -25.2359 -26.7957 4.2
      vertex -25.4557 -26.6254 3
      vertex -25.2359 -26.7957 3
    endloop
  endfacet
  facet normal -0.530094 -0.847939 0
    outer loop
      vertex -25.2359 -26.7957 3
      vertex -24.9966 -26.9453 4.2
      vertex -25.2359 -26.7957 4.2
    endloop
  endfacet
  facet normal -0.530094 -0.847939 -0
    outer loop
      vertex -24.9966 -26.9453 4.2
      vertex -25.2359 -26.7957 3
      vertex -24.9966 -26.9453 3
    endloop
  endfacet
  facet normal -0.444843 -0.895608 0
    outer loop
      vertex -24.9966 -26.9453 3
      vertex -24.7395 -27.073 4.2
      vertex -24.9966 -26.9453 4.2
    endloop
  endfacet
  facet normal -0.444843 -0.895608 -0
    outer loop
      vertex -24.7395 -27.073 4.2
      vertex -24.9966 -26.9453 3
      vertex -24.7395 -27.073 3
    endloop
  endfacet
  facet normal -0.357419 -0.933944 0
    outer loop
      vertex -24.7395 -27.073 3
      vertex -24.4667 -27.1774 4.2
      vertex -24.7395 -27.073 4.2
    endloop
  endfacet
  facet normal -0.357419 -0.933944 -0
    outer loop
      vertex -24.4667 -27.1774 4.2
      vertex -24.7395 -27.073 3
      vertex -24.4667 -27.1774 3
    endloop
  endfacet
  facet normal -0.271016 -0.962575 0
    outer loop
      vertex -24.4667 -27.1774 3
      vertex -24.1783 -27.2586 4.2
      vertex -24.4667 -27.1774 4.2
    endloop
  endfacet
  facet normal -0.271016 -0.962575 -0
    outer loop
      vertex -24.1783 -27.2586 4.2
      vertex -24.4667 -27.1774 3
      vertex -24.1783 -27.2586 3
    endloop
  endfacet
  facet normal -0.18735 -0.982293 0
    outer loop
      vertex -24.1783 -27.2586 3
      vertex -23.8742 -27.3166 4.2
      vertex -24.1783 -27.2586 4.2
    endloop
  endfacet
  facet normal -0.18735 -0.982293 -0
    outer loop
      vertex -23.8742 -27.3166 4.2
      vertex -24.1783 -27.2586 3
      vertex -23.8742 -27.3166 3
    endloop
  endfacet
  facet normal -0.108179 -0.994131 0
    outer loop
      vertex -23.8742 -27.3166 3
      vertex -23.5544 -27.3514 4.2
      vertex -23.8742 -27.3166 4.2
    endloop
  endfacet
  facet normal -0.108179 -0.994131 -0
    outer loop
      vertex -23.5544 -27.3514 4.2
      vertex -23.8742 -27.3166 3
      vertex -23.5544 -27.3514 3
    endloop
  endfacet
  facet normal -0.0345443 -0.999403 0
    outer loop
      vertex -23.5544 -27.3514 3
      vertex -23.2188 -27.363 4.2
      vertex -23.5544 -27.3514 4.2
    endloop
  endfacet
  facet normal -0.0345443 -0.999403 -0
    outer loop
      vertex -23.2188 -27.363 4.2
      vertex -23.5544 -27.3514 3
      vertex -23.2188 -27.363 3
    endloop
  endfacet
  facet normal 0.0351556 -0.999382 0
    outer loop
      vertex -23.2188 -27.363 3
      vertex -22.8862 -27.3513 4.2
      vertex -23.2188 -27.363 4.2
    endloop
  endfacet
  facet normal 0.0351556 -0.999382 0
    outer loop
      vertex -22.8862 -27.3513 4.2
      vertex -23.2188 -27.363 3
      vertex -22.8862 -27.3513 3
    endloop
  endfacet
  facet normal 0.181035 0.983477 -0
    outer loop
      vertex -23.5802 -26.6068 3
      vertex -23.9143 -26.5453 4.2
      vertex -23.5802 -26.6068 4.2
    endloop
  endfacet
  facet normal 0.181035 0.983477 0
    outer loop
      vertex -23.9143 -26.5453 4.2
      vertex -23.5802 -26.6068 3
      vertex -23.9143 -26.5453 3
    endloop
  endfacet
  facet normal 0.317155 0.948374 -0
    outer loop
      vertex -23.9143 -26.5453 3
      vertex -24.2211 -26.4427 4.2
      vertex -23.9143 -26.5453 4.2
    endloop
  endfacet
  facet normal 0.317155 0.948374 0
    outer loop
      vertex -24.2211 -26.4427 4.2
      vertex -23.9143 -26.5453 3
      vertex -24.2211 -26.4427 3
    endloop
  endfacet
  facet normal 0.456866 0.889536 -0
    outer loop
      vertex -24.2211 -26.4427 3
      vertex -24.5005 -26.2992 4.2
      vertex -24.2211 -26.4427 4.2
    endloop
  endfacet
  facet normal 0.456866 0.889536 0
    outer loop
      vertex -24.5005 -26.2992 4.2
      vertex -24.2211 -26.4427 3
      vertex -24.5005 -26.2992 3
    endloop
  endfacet
  facet normal 0.590434 0.807086 -0
    outer loop
      vertex -24.5005 -26.2992 3
      vertex -24.7527 -26.1147 4.2
      vertex -24.5005 -26.2992 4.2
    endloop
  endfacet
  facet normal 0.590434 0.807086 0
    outer loop
      vertex -24.7527 -26.1147 4.2
      vertex -24.5005 -26.2992 3
      vertex -24.7527 -26.1147 3
    endloop
  endfacet
  facet normal 0.708048 0.706164 0
    outer loop
      vertex -24.7527 -26.1147 4.2
      vertex -24.9776 -25.8892 3
      vertex -24.9776 -25.8892 4.2
    endloop
  endfacet
  facet normal 0.708048 0.706164 0
    outer loop
      vertex -24.9776 -25.8892 3
      vertex -24.7527 -26.1147 4.2
      vertex -24.7527 -26.1147 3
    endloop
  endfacet
  facet normal 0.802617 0.596494 0
    outer loop
      vertex -24.9776 -25.8892 4.2
      vertex -25.1712 -25.6287 3
      vertex -25.1712 -25.6287 4.2
    endloop
  endfacet
  facet normal 0.802617 0.596494 0
    outer loop
      vertex -25.1712 -25.6287 3
      vertex -24.9776 -25.8892 4.2
      vertex -24.9776 -25.8892 3
    endloop
  endfacet
  facet normal 0.877072 0.480359 0
    outer loop
      vertex -25.1712 -25.6287 4.2
      vertex -25.3297 -25.3393 3
      vertex -25.3297 -25.3393 4.2
    endloop
  endfacet
  facet normal 0.877072 0.480359 0
    outer loop
      vertex -25.3297 -25.3393 3
      vertex -25.1712 -25.6287 4.2
      vertex -25.1712 -25.6287 3
    endloop
  endfacet
  facet normal 0.932543 0.36106 0
    outer loop
      vertex -25.3297 -25.3393 4.2
      vertex -25.4529 -25.0211 3
      vertex -25.4529 -25.0211 4.2
    endloop
  endfacet
  facet normal 0.932543 0.36106 0
    outer loop
      vertex -25.4529 -25.0211 3
      vertex -25.3297 -25.3393 4.2
      vertex -25.3297 -25.3393 3
    endloop
  endfacet
  facet normal 0.969332 0.245754 0
    outer loop
      vertex -25.4529 -25.0211 4.2
      vertex -25.5409 -24.674 3
      vertex -25.5409 -24.674 4.2
    endloop
  endfacet
  facet normal 0.969332 0.245754 0
    outer loop
      vertex -25.5409 -24.674 3
      vertex -25.4529 -25.0211 4.2
      vertex -25.4529 -25.0211 3
    endloop
  endfacet
  facet normal 0.990284 0.139061 0
    outer loop
      vertex -25.5409 -24.674 4.2
      vertex -25.5937 -24.298 3
      vertex -25.5937 -24.298 4.2
    endloop
  endfacet
  facet normal 0.990284 0.139061 0
    outer loop
      vertex -25.5937 -24.298 3
      vertex -25.5409 -24.674 4.2
      vertex -25.5409 -24.674 3
    endloop
  endfacet
  facet normal 0.999057 0.0434265 0
    outer loop
      vertex -25.5937 -24.298 4.2
      vertex -25.6113 -23.8931 3
      vertex -25.6113 -23.8931 4.2
    endloop
  endfacet
  facet normal 0.999057 0.0434265 0
    outer loop
      vertex -25.6113 -23.8931 3
      vertex -25.5937 -24.298 4.2
      vertex -25.5937 -24.298 3
    endloop
  endfacet
  facet normal 0.999086 -0.0427338 0
    outer loop
      vertex -25.6113 -23.8931 4.2
      vertex -25.5939 -23.4863 3
      vertex -25.5939 -23.4863 4.2
    endloop
  endfacet
  facet normal 0.999086 -0.0427338 0
    outer loop
      vertex -25.5939 -23.4863 3
      vertex -25.6113 -23.8931 4.2
      vertex -25.6113 -23.8931 3
    endloop
  endfacet
  facet normal 0.99047 -0.137727 0
    outer loop
      vertex -25.5939 -23.4863 4.2
      vertex -25.5417 -23.1109 3
      vertex -25.5417 -23.1109 4.2
    endloop
  endfacet
  facet normal 0.99047 -0.137727 0
    outer loop
      vertex -25.5417 -23.1109 3
      vertex -25.5939 -23.4863 4.2
      vertex -25.5939 -23.4863 3
    endloop
  endfacet
  facet normal 0.969476 -0.245187 0
    outer loop
      vertex -25.5417 -23.1109 4.2
      vertex -25.4547 -22.7669 3
      vertex -25.4547 -22.7669 4.2
    endloop
  endfacet
  facet normal 0.969476 -0.245187 0
    outer loop
      vertex -25.4547 -22.7669 3
      vertex -25.5417 -23.1109 4.2
      vertex -25.5417 -23.1109 3
    endloop
  endfacet
  facet normal 0.931669 -0.363309 0
    outer loop
      vertex -25.4547 -22.7669 4.2
      vertex -25.3328 -22.4543 3
      vertex -25.3328 -22.4543 4.2
    endloop
  endfacet
  facet normal 0.931669 -0.363309 0
    outer loop
      vertex -25.3328 -22.4543 3
      vertex -25.4547 -22.7669 4.2
      vertex -25.4547 -22.7669 3
    endloop
  endfacet
  facet normal 0.873732 -0.486408 0
    outer loop
      vertex -25.3328 -22.4543 4.2
      vertex -25.1762 -22.173 3
      vertex -25.1762 -22.173 4.2
    endloop
  endfacet
  facet normal 0.873732 -0.486408 0
    outer loop
      vertex -25.1762 -22.173 3
      vertex -25.3328 -22.4543 4.2
      vertex -25.3328 -22.4543 3
    endloop
  endfacet
  facet normal 0.793744 -0.608251 0
    outer loop
      vertex -25.1762 -22.173 4.2
      vertex -24.9847 -21.9231 3
      vertex -24.9847 -21.9231 4.2
    endloop
  endfacet
  facet normal 0.793744 -0.608251 0
    outer loop
      vertex -24.9847 -21.9231 3
      vertex -25.1762 -22.173 4.2
      vertex -25.1762 -22.173 3
    endloop
  endfacet
  facet normal 0.692922 -0.721013 0
    outer loop
      vertex -24.9847 -21.9231 3
      vertex -24.7614 -21.7085 4.2
      vertex -24.9847 -21.9231 4.2
    endloop
  endfacet
  facet normal 0.692922 -0.721013 0
    outer loop
      vertex -24.7614 -21.7085 4.2
      vertex -24.9847 -21.9231 3
      vertex -24.7614 -21.7085 3
    endloop
  endfacet
  facet normal 0.571103 -0.820879 0
    outer loop
      vertex -24.7614 -21.7085 3
      vertex -24.509 -21.5329 4.2
      vertex -24.7614 -21.7085 4.2
    endloop
  endfacet
  facet normal 0.571103 -0.820879 0
    outer loop
      vertex -24.509 -21.5329 4.2
      vertex -24.7614 -21.7085 3
      vertex -24.509 -21.5329 3
    endloop
  endfacet
  facet normal 0.436697 -0.899609 0
    outer loop
      vertex -24.509 -21.5329 3
      vertex -24.2276 -21.3963 4.2
      vertex -24.509 -21.5329 4.2
    endloop
  endfacet
  facet normal 0.436697 -0.899609 0
    outer loop
      vertex -24.2276 -21.3963 4.2
      vertex -24.509 -21.5329 3
      vertex -24.2276 -21.3963 3
    endloop
  endfacet
  facet normal 0.299954 -0.953954 0
    outer loop
      vertex -24.2276 -21.3963 3
      vertex -23.9172 -21.2987 4.2
      vertex -24.2276 -21.3963 4.2
    endloop
  endfacet
  facet normal 0.299954 -0.953954 0
    outer loop
      vertex -23.9172 -21.2987 4.2
      vertex -24.2276 -21.3963 3
      vertex -23.9172 -21.2987 3
    endloop
  endfacet
  facet normal 0.170092 -0.985428 0
    outer loop
      vertex -23.9172 -21.2987 3
      vertex -23.5777 -21.2401 4.2
      vertex -23.9172 -21.2987 4.2
    endloop
  endfacet
  facet normal 0.170092 -0.985428 0
    outer loop
      vertex -23.5777 -21.2401 4.2
      vertex -23.9172 -21.2987 3
      vertex -23.5777 -21.2401 3
    endloop
  endfacet
  facet normal 0.0528576 -0.998602 0
    outer loop
      vertex -23.5777 -21.2401 3
      vertex -23.2093 -21.2206 4.2
      vertex -23.5777 -21.2401 4.2
    endloop
  endfacet
  facet normal 0.0528576 -0.998602 0
    outer loop
      vertex -23.2093 -21.2206 4.2
      vertex -23.5777 -21.2401 3
      vertex -23.2093 -21.2206 3
    endloop
  endfacet
  facet normal -0.0541078 -0.998535 0
    outer loop
      vertex -23.2093 -21.2206 3
      vertex -22.8439 -21.2404 4.2
      vertex -23.2093 -21.2206 4.2
    endloop
  endfacet
  facet normal -0.0541078 -0.998535 -0
    outer loop
      vertex -22.8439 -21.2404 4.2
      vertex -23.2093 -21.2206 3
      vertex -22.8439 -21.2404 3
    endloop
  endfacet
  facet normal -0.173352 -0.98486 0
    outer loop
      vertex -22.8439 -21.2404 3
      vertex -22.507 -21.2997 4.2
      vertex -22.8439 -21.2404 4.2
    endloop
  endfacet
  facet normal -0.173352 -0.98486 -0
    outer loop
      vertex -22.507 -21.2997 4.2
      vertex -22.8439 -21.2404 3
      vertex -22.507 -21.2997 3
    endloop
  endfacet
  facet normal -0.305549 -0.952176 0
    outer loop
      vertex -22.507 -21.2997 3
      vertex -22.1988 -21.3986 4.2
      vertex -22.507 -21.2997 4.2
    endloop
  endfacet
  facet normal -0.305549 -0.952176 -0
    outer loop
      vertex -22.1988 -21.3986 4.2
      vertex -22.507 -21.2997 3
      vertex -22.1988 -21.3986 3
    endloop
  endfacet
  facet normal -0.443877 -0.896088 0
    outer loop
      vertex -22.1988 -21.3986 3
      vertex -21.9192 -21.5371 4.2
      vertex -22.1988 -21.3986 4.2
    endloop
  endfacet
  facet normal -0.443877 -0.896088 -0
    outer loop
      vertex -21.9192 -21.5371 4.2
      vertex -22.1988 -21.3986 3
      vertex -21.9192 -21.5371 3
    endloop
  endfacet
  facet normal -0.578621 -0.815596 0
    outer loop
      vertex -21.9192 -21.5371 3
      vertex -21.6683 -21.7151 4.2
      vertex -21.9192 -21.5371 4.2
    endloop
  endfacet
  facet normal -0.578621 -0.815596 -0
    outer loop
      vertex -21.6683 -21.7151 4.2
      vertex -21.9192 -21.5371 3
      vertex -21.6683 -21.7151 3
    endloop
  endfacet
  facet normal -0.699351 -0.714778 0
    outer loop
      vertex -21.6683 -21.7151 3
      vertex -21.4459 -21.9327 4.2
      vertex -21.6683 -21.7151 4.2
    endloop
  endfacet
  facet normal -0.699351 -0.714778 -0
    outer loop
      vertex -21.4459 -21.9327 4.2
      vertex -21.6683 -21.7151 3
      vertex -21.4459 -21.9327 3
    endloop
  endfacet
  facet normal -0.797641 -0.603133 0
    outer loop
      vertex -21.2552 -22.1849 3
      vertex -21.4459 -21.9327 4.2
      vertex -21.4459 -21.9327 3
    endloop
  endfacet
  facet normal -0.797641 -0.603133 0
    outer loop
      vertex -21.4459 -21.9327 4.2
      vertex -21.2552 -22.1849 3
      vertex -21.2552 -22.1849 4.2
    endloop
  endfacet
  facet normal -0.874903 -0.484299 0
    outer loop
      vertex -21.0991 -22.4669 3
      vertex -21.2552 -22.1849 4.2
      vertex -21.2552 -22.1849 3
    endloop
  endfacet
  facet normal -0.874903 -0.484299 0
    outer loop
      vertex -21.2552 -22.1849 4.2
      vertex -21.0991 -22.4669 3
      vertex -21.0991 -22.4669 4.2
    endloop
  endfacet
  facet normal -0.931898 -0.36272 0
    outer loop
      vertex -20.9777 -22.7788 3
      vertex -21.0991 -22.4669 4.2
      vertex -21.0991 -22.4669 3
    endloop
  endfacet
  facet normal -0.931898 -0.36272 0
    outer loop
      vertex -21.0991 -22.4669 4.2
      vertex -20.9777 -22.7788 3
      vertex -20.9777 -22.7788 4.2
    endloop
  endfacet
  facet normal -0.969336 -0.245739 0
    outer loop
      vertex -20.8911 -23.1204 3
      vertex -20.9777 -22.7788 4.2
      vertex -20.9777 -22.7788 3
    endloop
  endfacet
  facet normal -0.969336 -0.245739 0
    outer loop
      vertex -20.9777 -22.7788 4.2
      vertex -20.8911 -23.1204 3
      vertex -20.8911 -23.1204 4.2
    endloop
  endfacet
  facet normal -0.990309 -0.138883 0
    outer loop
      vertex -20.839 -23.4919 3
      vertex -20.8911 -23.1204 4.2
      vertex -20.8911 -23.1204 3
    endloop
  endfacet
  facet normal -0.990309 -0.138883 0
    outer loop
      vertex -20.8911 -23.1204 4.2
      vertex -20.839 -23.4919 3
      vertex -20.839 -23.4919 4.2
    endloop
  endfacet
  facet normal -0.999072 -0.0430806 0
    outer loop
      vertex -20.8217 -23.8931 3
      vertex -20.839 -23.4919 4.2
      vertex -20.839 -23.4919 3
    endloop
  endfacet
  facet normal -0.999072 -0.0430806 0
    outer loop
      vertex -20.839 -23.4919 4.2
      vertex -20.8217 -23.8931 3
      vertex -20.8217 -23.8931 4.2
    endloop
  endfacet
  facet normal -0.999157 0.0410449 0
    outer loop
      vertex -20.8389 -24.3118 3
      vertex -20.8217 -23.8931 4.2
      vertex -20.8217 -23.8931 3
    endloop
  endfacet
  facet normal -0.999157 0.0410449 0
    outer loop
      vertex -20.8217 -23.8931 4.2
      vertex -20.8389 -24.3118 3
      vertex -20.8389 -24.3118 4.2
    endloop
  endfacet
  facet normal -0.991178 0.132534 0
    outer loop
      vertex -20.8905 -24.6977 3
      vertex -20.8389 -24.3118 4.2
      vertex -20.8389 -24.3118 3
    endloop
  endfacet
  facet normal -0.991178 0.132534 0
    outer loop
      vertex -20.8389 -24.3118 4.2
      vertex -20.8905 -24.6977 3
      vertex -20.8905 -24.6977 4.2
    endloop
  endfacet
  facet normal -0.971534 0.236899 0
    outer loop
      vertex -20.9766 -25.0508 3
      vertex -20.8905 -24.6977 4.2
      vertex -20.8905 -24.6977 3
    endloop
  endfacet
  facet normal -0.971534 0.236899 0
    outer loop
      vertex -20.8905 -24.6977 4.2
      vertex -20.9766 -25.0508 3
      vertex -20.9766 -25.0508 4.2
    endloop
  endfacet
  facet normal -0.936016 0.351956 0
    outer loop
      vertex -21.097 -25.371 3
      vertex -20.9766 -25.0508 4.2
      vertex -20.9766 -25.0508 3
    endloop
  endfacet
  facet normal -0.936016 0.351956 0
    outer loop
      vertex -20.9766 -25.0508 4.2
      vertex -21.097 -25.371 3
      vertex -21.097 -25.371 4.2
    endloop
  endfacet
  facet normal -0.880284 0.474447 0
    outer loop
      vertex -21.2519 -25.6584 3
      vertex -21.097 -25.371 4.2
      vertex -21.097 -25.371 3
    endloop
  endfacet
  facet normal -0.880284 0.474447 0
    outer loop
      vertex -21.097 -25.371 4.2
      vertex -21.2519 -25.6584 3
      vertex -21.2519 -25.6584 4.2
    endloop
  endfacet
  facet normal -0.802377 0.596817 0
    outer loop
      vertex -21.4412 -25.9129 3
      vertex -21.2519 -25.6584 4.2
      vertex -21.2519 -25.6584 3
    endloop
  endfacet
  facet normal -0.802377 0.596817 0
    outer loop
      vertex -21.2519 -25.6584 4.2
      vertex -21.4412 -25.9129 3
      vertex -21.4412 -25.9129 4.2
    endloop
  endfacet
  facet normal -0.702104 0.712074 0
    outer loop
      vertex -21.4412 -25.9129 3
      vertex -21.6626 -26.1312 4.2
      vertex -21.4412 -25.9129 4.2
    endloop
  endfacet
  facet normal -0.702104 0.712074 0
    outer loop
      vertex -21.6626 -26.1312 4.2
      vertex -21.4412 -25.9129 3
      vertex -21.6626 -26.1312 3
    endloop
  endfacet
  facet normal -0.57915 0.815221 0
    outer loop
      vertex -21.6626 -26.1312 3
      vertex -21.914 -26.3098 4.2
      vertex -21.6626 -26.1312 4.2
    endloop
  endfacet
  facet normal -0.57915 0.815221 0
    outer loop
      vertex -21.914 -26.3098 4.2
      vertex -21.6626 -26.1312 3
      vertex -21.914 -26.3098 3
    endloop
  endfacet
  facet normal -0.442746 0.896647 0
    outer loop
      vertex -21.914 -26.3098 3
      vertex -22.1953 -26.4487 4.2
      vertex -21.914 -26.3098 4.2
    endloop
  endfacet
  facet normal -0.442746 0.896647 0
    outer loop
      vertex -22.1953 -26.4487 4.2
      vertex -21.914 -26.3098 3
      vertex -22.1953 -26.4487 3
    endloop
  endfacet
  facet normal -0.303621 0.952793 0
    outer loop
      vertex -22.1953 -26.4487 3
      vertex -22.5066 -26.5479 4.2
      vertex -22.1953 -26.4487 4.2
    endloop
  endfacet
  facet normal -0.303621 0.952793 0
    outer loop
      vertex -22.5066 -26.5479 4.2
      vertex -22.1953 -26.4487 3
      vertex -22.5066 -26.5479 3
    endloop
  endfacet
  facet normal -0.171841 0.985125 0
    outer loop
      vertex -22.5066 -26.5479 3
      vertex -22.8477 -26.6074 4.2
      vertex -22.5066 -26.5479 4.2
    endloop
  endfacet
  facet normal -0.171841 0.985125 0
    outer loop
      vertex -22.8477 -26.6074 4.2
      vertex -22.5066 -26.5479 3
      vertex -22.8477 -26.6074 3
    endloop
  endfacet
  facet normal -0.0535474 0.998565 0
    outer loop
      vertex -22.8477 -26.6074 3
      vertex -23.2188 -26.6273 4.2
      vertex -22.8477 -26.6074 4.2
    endloop
  endfacet
  facet normal -0.0535474 0.998565 0
    outer loop
      vertex -23.2188 -26.6273 4.2
      vertex -22.8477 -26.6074 3
      vertex -23.2188 -26.6273 3
    endloop
  endfacet
  facet normal 0.0566328 0.998395 -0
    outer loop
      vertex -23.2188 -26.6273 3
      vertex -23.5802 -26.6068 4.2
      vertex -23.2188 -26.6273 4.2
    endloop
  endfacet
  facet normal 0.0566328 0.998395 0
    outer loop
      vertex -23.5802 -26.6068 4.2
      vertex -23.2188 -26.6273 3
      vertex -23.5802 -26.6068 3
    endloop
  endfacet
  facet normal 0.120738 -0.992684 0
    outer loop
      vertex 3.99149 -27.3505 3
      vertex 4.30063 -27.3129 4.2
      vertex 3.99149 -27.3505 4.2
    endloop
  endfacet
  facet normal 0.120738 -0.992684 0
    outer loop
      vertex 4.30063 -27.3129 4.2
      vertex 3.99149 -27.3505 3
      vertex 4.30063 -27.3129 3
    endloop
  endfacet
  facet normal 0.20703 -0.978335 0
    outer loop
      vertex 4.30063 -27.3129 3
      vertex 4.59645 -27.2503 4.2
      vertex 4.30063 -27.3129 4.2
    endloop
  endfacet
  facet normal 0.20703 -0.978335 0
    outer loop
      vertex 4.59645 -27.2503 4.2
      vertex 4.30063 -27.3129 3
      vertex 4.59645 -27.2503 3
    endloop
  endfacet
  facet normal 0.296484 -0.955038 0
    outer loop
      vertex 4.59645 -27.2503 3
      vertex 4.87895 -27.1626 4.2
      vertex 4.59645 -27.2503 4.2
    endloop
  endfacet
  facet normal 0.296484 -0.955038 0
    outer loop
      vertex 4.87895 -27.1626 4.2
      vertex 4.59645 -27.2503 3
      vertex 4.87895 -27.1626 3
    endloop
  endfacet
  facet normal 0.386196 -0.922417 0
    outer loop
      vertex 4.87895 -27.1626 3
      vertex 5.14813 -27.0499 4.2
      vertex 4.87895 -27.1626 4.2
    endloop
  endfacet
  facet normal 0.386196 -0.922417 0
    outer loop
      vertex 5.14813 -27.0499 4.2
      vertex 4.87895 -27.1626 3
      vertex 5.14813 -27.0499 3
    endloop
  endfacet
  facet normal 0.474178 -0.880429 0
    outer loop
      vertex 5.14813 -27.0499 3
      vertex 5.40399 -26.9121 4.2
      vertex 5.14813 -27.0499 4.2
    endloop
  endfacet
  facet normal 0.474178 -0.880429 0
    outer loop
      vertex 5.40399 -26.9121 4.2
      vertex 5.14813 -27.0499 3
      vertex 5.40399 -26.9121 3
    endloop
  endfacet
  facet normal 0.559126 -0.829083 0
    outer loop
      vertex 5.40399 -26.9121 3
      vertex 5.64391 -26.7503 4.2
      vertex 5.40399 -26.9121 4.2
    endloop
  endfacet
  facet normal 0.559126 -0.829083 0
    outer loop
      vertex 5.64391 -26.7503 4.2
      vertex 5.40399 -26.9121 3
      vertex 5.64391 -26.7503 3
    endloop
  endfacet
  facet normal 0.64073 -0.767766 0
    outer loop
      vertex 5.64391 -26.7503 3
      vertex 5.86523 -26.5656 4.2
      vertex 5.64391 -26.7503 4.2
    endloop
  endfacet
  facet normal 0.64073 -0.767766 0
    outer loop
      vertex 5.86523 -26.5656 4.2
      vertex 5.64391 -26.7503 3
      vertex 5.86523 -26.5656 3
    endloop
  endfacet
  facet normal 0.715582 -0.698528 0
    outer loop
      vertex 5.86523 -26.5656 4.2
      vertex 6.06798 -26.3579 3
      vertex 6.06798 -26.3579 4.2
    endloop
  endfacet
  facet normal 0.715582 -0.698528 0
    outer loop
      vertex 6.06798 -26.3579 3
      vertex 5.86523 -26.5656 4.2
      vertex 5.86523 -26.5656 3
    endloop
  endfacet
  facet normal 0.781447 -0.623972 0
    outer loop
      vertex 6.06798 -26.3579 4.2
      vertex 6.25211 -26.1273 3
      vertex 6.25211 -26.1273 4.2
    endloop
  endfacet
  facet normal 0.781447 -0.623972 0
    outer loop
      vertex 6.25211 -26.1273 3
      vertex 6.06798 -26.3579 4.2
      vertex 6.06798 -26.3579 3
    endloop
  endfacet
  facet normal 0.837386 -0.546612 0
    outer loop
      vertex 6.25211 -26.1273 4.2
      vertex 6.41765 -25.8737 3
      vertex 6.41765 -25.8737 4.2
    endloop
  endfacet
  facet normal 0.837386 -0.546612 0
    outer loop
      vertex 6.41765 -25.8737 3
      vertex 6.25211 -26.1273 4.2
      vertex 6.25211 -26.1273 3
    endloop
  endfacet
  facet normal 0.88305 -0.469278 0
    outer loop
      vertex 6.41765 -25.8737 4.2
      vertex 6.56459 -25.5972 3
      vertex 6.56459 -25.5972 4.2
    endloop
  endfacet
  facet normal 0.88305 -0.469278 0
    outer loop
      vertex 6.56459 -25.5972 3
      vertex 6.41765 -25.8737 4.2
      vertex 6.41765 -25.8737 3
    endloop
  endfacet
  facet normal 0.447185 0.894442 -0
    outer loop
      vertex 6.56459 -25.5972 3
      vertex 5.82413 -25.227 4.2
      vertex 6.56459 -25.5972 4.2
    endloop
  endfacet
  facet normal 0.447185 0.894442 0
    outer loop
      vertex 5.82413 -25.227 4.2
      vertex 6.56459 -25.5972 3
      vertex 5.82413 -25.227 3
    endloop
  endfacet
  facet normal -0.857359 0.514718 0
    outer loop
      vertex 5.56898 -25.652 3
      vertex 5.82413 -25.227 4.2
      vertex 5.82413 -25.227 3
    endloop
  endfacet
  facet normal -0.857359 0.514718 0
    outer loop
      vertex 5.82413 -25.227 4.2
      vertex 5.56898 -25.652 3
      vertex 5.56898 -25.652 4.2
    endloop
  endfacet
  facet normal -0.763709 0.645561 0
    outer loop
      vertex 5.27507 -25.9997 3
      vertex 5.56898 -25.652 4.2
      vertex 5.56898 -25.652 3
    endloop
  endfacet
  facet normal -0.763709 0.645561 0
    outer loop
      vertex 5.56898 -25.652 4.2
      vertex 5.27507 -25.9997 3
      vertex 5.27507 -25.9997 4.2
    endloop
  endfacet
  facet normal -0.630718 0.776012 0
    outer loop
      vertex 5.27507 -25.9997 3
      vertex 4.94238 -26.2701 4.2
      vertex 5.27507 -25.9997 4.2
    endloop
  endfacet
  facet normal -0.630718 0.776012 0
    outer loop
      vertex 4.94238 -26.2701 4.2
      vertex 5.27507 -25.9997 3
      vertex 4.94238 -26.2701 3
    endloop
  endfacet
  facet normal -0.461449 0.887167 0
    outer loop
      vertex 4.94238 -26.2701 3
      vertex 4.57094 -26.4633 4.2
      vertex 4.94238 -26.2701 4.2
    endloop
  endfacet
  facet normal -0.461449 0.887167 0
    outer loop
      vertex 4.57094 -26.4633 4.2
      vertex 4.94238 -26.2701 3
      vertex 4.57094 -26.4633 3
    endloop
  endfacet
  facet normal -0.271888 0.962329 0
    outer loop
      vertex 4.57094 -26.4633 3
      vertex 4.16072 -26.5792 4.2
      vertex 4.57094 -26.4633 4.2
    endloop
  endfacet
  facet normal -0.271888 0.962329 0
    outer loop
      vertex 4.16072 -26.5792 4.2
      vertex 4.57094 -26.4633 3
      vertex 4.16072 -26.5792 3
    endloop
  endfacet
  facet normal -0.0856548 0.996325 0
    outer loop
      vertex 4.16072 -26.5792 3
      vertex 3.71173 -26.6178 4.2
      vertex 4.16072 -26.5792 4.2
    endloop
  endfacet
  facet normal -0.0856548 0.996325 0
    outer loop
      vertex 3.71173 -26.6178 4.2
      vertex 4.16072 -26.5792 3
      vertex 3.71173 -26.6178 3
    endloop
  endfacet
  facet normal 0.0588348 0.998268 -0
    outer loop
      vertex 3.71173 -26.6178 3
      vertex 3.35881 -26.597 4.2
      vertex 3.71173 -26.6178 4.2
    endloop
  endfacet
  facet normal 0.0588348 0.998268 0
    outer loop
      vertex 3.35881 -26.597 4.2
      vertex 3.71173 -26.6178 3
      vertex 3.35881 -26.597 3
    endloop
  endfacet
  facet normal 0.186746 0.982408 -0
    outer loop
      vertex 3.35881 -26.597 3
      vertex 3.03107 -26.5347 4.2
      vertex 3.35881 -26.597 4.2
    endloop
  endfacet
  facet normal 0.186746 0.982408 0
    outer loop
      vertex 3.03107 -26.5347 4.2
      vertex 3.35881 -26.597 3
      vertex 3.03107 -26.5347 3
    endloop
  endfacet
  facet normal 0.324516 0.94588 -0
    outer loop
      vertex 3.03107 -26.5347 3
      vertex 2.72852 -26.4309 4.2
      vertex 3.03107 -26.5347 4.2
    endloop
  endfacet
  facet normal 0.324516 0.94588 0
    outer loop
      vertex 2.72852 -26.4309 4.2
      vertex 3.03107 -26.5347 3
      vertex 2.72852 -26.4309 3
    endloop
  endfacet
  facet normal 0.464021 0.885824 -0
    outer loop
      vertex 2.72852 -26.4309 3
      vertex 2.45114 -26.2856 4.2
      vertex 2.72852 -26.4309 4.2
    endloop
  endfacet
  facet normal 0.464021 0.885824 0
    outer loop
      vertex 2.45114 -26.2856 4.2
      vertex 2.72852 -26.4309 3
      vertex 2.45114 -26.2856 3
    endloop
  endfacet
  facet normal 0.595639 0.803252 -0
    outer loop
      vertex 2.45114 -26.2856 3
      vertex 2.19896 -26.0986 4.2
      vertex 2.45114 -26.2856 4.2
    endloop
  endfacet
  facet normal 0.595639 0.803252 0
    outer loop
      vertex 2.19896 -26.0986 4.2
      vertex 2.45114 -26.2856 3
      vertex 2.19896 -26.0986 3
    endloop
  endfacet
  facet normal 0.709262 0.704945 0
    outer loop
      vertex 2.19896 -26.0986 4.2
      vertex 1.97195 -25.8702 3
      vertex 1.97195 -25.8702 4.2
    endloop
  endfacet
  facet normal 0.709262 0.704945 0
    outer loop
      vertex 1.97195 -25.8702 3
      vertex 2.19896 -26.0986 4.2
      vertex 2.19896 -26.0986 3
    endloop
  endfacet
  facet normal 0.800643 0.599141 0
    outer loop
      vertex 1.97195 -25.8702 4.2
      vertex 1.77544 -25.6076 3
      vertex 1.77544 -25.6076 4.2
    endloop
  endfacet
  facet normal 0.800643 0.599141 0
    outer loop
      vertex 1.77544 -25.6076 3
      vertex 1.97195 -25.8702 4.2
      vertex 1.97195 -25.8702 3
    endloop
  endfacet
  facet normal 0.874129 0.485694 0
    outer loop
      vertex 1.77544 -25.6076 4.2
      vertex 1.61464 -25.3182 3
      vertex 1.61464 -25.3182 4.2
    endloop
  endfacet
  facet normal 0.874129 0.485694 0
    outer loop
      vertex 1.61464 -25.3182 3
      vertex 1.77544 -25.6076 4.2
      vertex 1.77544 -25.6076 3
    endloop
  endfacet
  facet normal 0.92987 0.367888 0
    outer loop
      vertex 1.61464 -25.3182 4.2
      vertex 1.48958 -25.0021 3
      vertex 1.48958 -25.0021 4.2
    endloop
  endfacet
  facet normal 0.92987 0.367888 0
    outer loop
      vertex 1.48958 -25.0021 3
      vertex 1.61464 -25.3182 4.2
      vertex 1.61464 -25.3182 3
    endloop
  endfacet
  facet normal 0.967701 0.252099 0
    outer loop
      vertex 1.48958 -25.0021 4.2
      vertex 1.40025 -24.6592 3
      vertex 1.40025 -24.6592 4.2
    endloop
  endfacet
  facet normal 0.967701 0.252099 0
    outer loop
      vertex 1.40025 -24.6592 3
      vertex 1.48958 -25.0021 4.2
      vertex 1.48958 -25.0021 3
    endloop
  endfacet
  facet normal 0.989657 0.143456 0
    outer loop
      vertex 1.40025 -24.6592 4.2
      vertex 1.34666 -24.2895 3
      vertex 1.34666 -24.2895 4.2
    endloop
  endfacet
  facet normal 0.989657 0.143456 0
    outer loop
      vertex 1.34666 -24.2895 3
      vertex 1.40025 -24.6592 4.2
      vertex 1.40025 -24.6592 3
    endloop
  endfacet
  facet normal 0.998987 0.0450098 0
    outer loop
      vertex 1.34666 -24.2895 4.2
      vertex 1.3288 -23.8931 3
      vertex 1.3288 -23.8931 4.2
    endloop
  endfacet
  facet normal 0.998987 0.0450098 0
    outer loop
      vertex 1.3288 -23.8931 3
      vertex 1.34666 -24.2895 4.2
      vertex 1.34666 -24.2895 3
    endloop
  endfacet
  facet normal 0.999084 -0.0427965 0
    outer loop
      vertex 1.3288 -23.8931 4.2
      vertex 1.34593 -23.4932 3
      vertex 1.34593 -23.4932 4.2
    endloop
  endfacet
  facet normal 0.999084 -0.0427965 0
    outer loop
      vertex 1.34593 -23.4932 3
      vertex 1.3288 -23.8931 4.2
      vertex 1.3288 -23.8931 3
    endloop
  endfacet
  facet normal 0.990501 -0.137504 0
    outer loop
      vertex 1.34593 -23.4932 4.2
      vertex 1.39735 -23.1228 3
      vertex 1.39735 -23.1228 4.2
    endloop
  endfacet
  facet normal 0.990501 -0.137504 0
    outer loop
      vertex 1.39735 -23.1228 3
      vertex 1.34593 -23.4932 4.2
      vertex 1.34593 -23.4932 3
    endloop
  endfacet
  facet normal 0.969851 -0.2437 0
    outer loop
      vertex 1.39735 -23.1228 4.2
      vertex 1.48306 -22.7817 3
      vertex 1.48306 -22.7817 4.2
    endloop
  endfacet
  facet normal 0.969851 -0.2437 0
    outer loop
      vertex 1.48306 -22.7817 3
      vertex 1.39735 -23.1228 4.2
      vertex 1.39735 -23.1228 3
    endloop
  endfacet
  facet normal 0.933211 -0.359328 0
    outer loop
      vertex 1.48306 -22.7817 4.2
      vertex 1.60304 -22.4701 3
      vertex 1.60304 -22.4701 4.2
    endloop
  endfacet
  facet normal 0.933211 -0.359328 0
    outer loop
      vertex 1.60304 -22.4701 3
      vertex 1.48306 -22.7817 4.2
      vertex 1.48306 -22.7817 3
    endloop
  endfacet
  facet normal 0.877447 -0.479673 0
    outer loop
      vertex 1.60304 -22.4701 4.2
      vertex 1.75731 -22.1879 3
      vertex 1.75731 -22.1879 4.2
    endloop
  endfacet
  facet normal 0.877447 -0.479673 0
    outer loop
      vertex 1.75731 -22.1879 3
      vertex 1.60304 -22.4701 4.2
      vertex 1.60304 -22.4701 3
    endloop
  endfacet
  facet normal 0.801724 -0.597695 0
    outer loop
      vertex 1.75731 -22.1879 4.2
      vertex 1.94585 -21.935 3
      vertex 1.94585 -21.935 4.2
    endloop
  endfacet
  facet normal 0.801724 -0.597695 0
    outer loop
      vertex 1.94585 -21.935 3
      vertex 1.75731 -22.1879 4.2
      vertex 1.75731 -22.1879 3
    endloop
  endfacet
  facet normal 0.705133 -0.709075 0
    outer loop
      vertex 1.94585 -21.935 3
      vertex 2.16527 -21.7168 4.2
      vertex 1.94585 -21.935 4.2
    endloop
  endfacet
  facet normal 0.705133 -0.709075 0
    outer loop
      vertex 2.16527 -21.7168 4.2
      vertex 1.94585 -21.935 3
      vertex 2.16527 -21.7168 3
    endloop
  endfacet
  facet normal 0.58641 -0.810014 0
    outer loop
      vertex 2.16527 -21.7168 3
      vertex 2.41211 -21.5381 4.2
      vertex 2.16527 -21.7168 4.2
    endloop
  endfacet
  facet normal 0.58641 -0.810014 0
    outer loop
      vertex 2.41211 -21.5381 4.2
      vertex 2.16527 -21.7168 3
      vertex 2.41211 -21.5381 3
    endloop
  endfacet
  facet normal 0.451787 -0.892126 0
    outer loop
      vertex 2.41211 -21.5381 3
      vertex 2.68639 -21.3992 4.2
      vertex 2.41211 -21.5381 4.2
    endloop
  endfacet
  facet normal 0.451787 -0.892126 0
    outer loop
      vertex 2.68639 -21.3992 4.2
      vertex 2.41211 -21.5381 3
      vertex 2.68639 -21.3992 3
    endloop
  endfacet
  facet normal 0.312343 -0.949969 0
    outer loop
      vertex 2.68639 -21.3992 3
      vertex 2.9881 -21.3 4.2
      vertex 2.68639 -21.3992 4.2
    endloop
  endfacet
  facet normal 0.312343 -0.949969 0
    outer loop
      vertex 2.9881 -21.3 4.2
      vertex 2.68639 -21.3992 3
      vertex 2.9881 -21.3 3
    endloop
  endfacet
  facet normal 0.177896 -0.984049 0
    outer loop
      vertex 2.9881 -21.3 3
      vertex 3.31723 -21.2405 4.2
      vertex 2.9881 -21.3 4.2
    endloop
  endfacet
  facet normal 0.177896 -0.984049 0
    outer loop
      vertex 3.31723 -21.2405 4.2
      vertex 2.9881 -21.3 3
      vertex 3.31723 -21.2405 3
    endloop
  endfacet
  facet normal 0.0557228 -0.998446 0
    outer loop
      vertex 3.31723 -21.2405 3
      vertex 3.6738 -21.2206 4.2
      vertex 3.31723 -21.2405 4.2
    endloop
  endfacet
  facet normal 0.0557228 -0.998446 0
    outer loop
      vertex 3.6738 -21.2206 4.2
      vertex 3.31723 -21.2405 3
      vertex 3.6738 -21.2206 3
    endloop
  endfacet
  facet normal -0.0372972 -0.999304 0
    outer loop
      vertex 3.6738 -21.2206 3
      vertex 3.90422 -21.2292 4.2
      vertex 3.6738 -21.2206 4.2
    endloop
  endfacet
  facet normal -0.0372972 -0.999304 -0
    outer loop
      vertex 3.90422 -21.2292 4.2
      vertex 3.6738 -21.2206 3
      vertex 3.90422 -21.2292 3
    endloop
  endfacet
  facet normal -0.11617 -0.993229 0
    outer loop
      vertex 3.90422 -21.2292 3
      vertex 4.12395 -21.2549 4.2
      vertex 3.90422 -21.2292 4.2
    endloop
  endfacet
  facet normal -0.11617 -0.993229 -0
    outer loop
      vertex 4.12395 -21.2549 4.2
      vertex 3.90422 -21.2292 3
      vertex 4.12395 -21.2549 3
    endloop
  endfacet
  facet normal -0.201016 -0.979588 0
    outer loop
      vertex 4.12395 -21.2549 3
      vertex 4.33301 -21.2978 4.2
      vertex 4.12395 -21.2549 4.2
    endloop
  endfacet
  facet normal -0.201016 -0.979588 -0
    outer loop
      vertex 4.33301 -21.2978 4.2
      vertex 4.12395 -21.2549 3
      vertex 4.33301 -21.2978 3
    endloop
  endfacet
  facet normal -0.289525 -0.95717 0
    outer loop
      vertex 4.33301 -21.2978 3
      vertex 4.53137 -21.3578 4.2
      vertex 4.33301 -21.2978 4.2
    endloop
  endfacet
  facet normal -0.289525 -0.95717 -0
    outer loop
      vertex 4.53137 -21.3578 4.2
      vertex 4.33301 -21.2978 3
      vertex 4.53137 -21.3578 3
    endloop
  endfacet
  facet normal -0.379974 -0.924997 0
    outer loop
      vertex 4.53137 -21.3578 3
      vertex 4.71906 -21.4349 4.2
      vertex 4.53137 -21.3578 4.2
    endloop
  endfacet
  facet normal -0.379974 -0.924997 -0
    outer loop
      vertex 4.71906 -21.4349 4.2
      vertex 4.53137 -21.3578 3
      vertex 4.71906 -21.4349 3
    endloop
  endfacet
  facet normal -0.470179 -0.882571 0
    outer loop
      vertex 4.71906 -21.4349 3
      vertex 4.89607 -21.5292 4.2
      vertex 4.71906 -21.4349 4.2
    endloop
  endfacet
  facet normal -0.470179 -0.882571 -0
    outer loop
      vertex 4.89607 -21.5292 4.2
      vertex 4.71906 -21.4349 3
      vertex 4.89607 -21.5292 3
    endloop
  endfacet
  facet normal -0.559153 -0.829064 0
    outer loop
      vertex 4.89607 -21.5292 3
      vertex 5.05991 -21.6397 4.2
      vertex 4.89607 -21.5292 4.2
    endloop
  endfacet
  facet normal -0.559153 -0.829064 -0
    outer loop
      vertex 5.05991 -21.6397 4.2
      vertex 4.89607 -21.5292 3
      vertex 5.05991 -21.6397 3
    endloop
  endfacet
  facet normal -0.646994 -0.762495 0
    outer loop
      vertex 5.05991 -21.6397 3
      vertex 5.20805 -21.7654 4.2
      vertex 5.05991 -21.6397 4.2
    endloop
  endfacet
  facet normal -0.646994 -0.762495 -0
    outer loop
      vertex 5.20805 -21.7654 4.2
      vertex 5.05991 -21.6397 3
      vertex 5.20805 -21.7654 3
    endloop
  endfacet
  facet normal -0.72905 -0.68446 0
    outer loop
      vertex 5.34052 -21.9065 3
      vertex 5.20805 -21.7654 4.2
      vertex 5.20805 -21.7654 3
    endloop
  endfacet
  facet normal -0.72905 -0.68446 0
    outer loop
      vertex 5.20805 -21.7654 4.2
      vertex 5.34052 -21.9065 3
      vertex 5.34052 -21.9065 4.2
    endloop
  endfacet
  facet normal -0.801326 -0.598228 0
    outer loop
      vertex 5.45728 -22.0629 3
      vertex 5.34052 -21.9065 4.2
      vertex 5.34052 -21.9065 3
    endloop
  endfacet
  facet normal -0.801326 -0.598228 0
    outer loop
      vertex 5.34052 -21.9065 4.2
      vertex 5.45728 -22.0629 3
      vertex 5.45728 -22.0629 4.2
    endloop
  endfacet
  facet normal -0.861781 -0.507281 0
    outer loop
      vertex 5.55835 -22.2346 3
      vertex 5.45728 -22.0629 4.2
      vertex 5.45728 -22.0629 3
    endloop
  endfacet
  facet normal -0.861781 -0.507281 0
    outer loop
      vertex 5.45728 -22.0629 4.2
      vertex 5.55835 -22.2346 3
      vertex 5.55835 -22.2346 4.2
    endloop
  endfacet
  facet normal -0.909566 -0.415558 0
    outer loop
      vertex 5.64374 -22.4215 3
      vertex 5.55835 -22.2346 4.2
      vertex 5.55835 -22.2346 3
    endloop
  endfacet
  facet normal -0.909566 -0.415558 0
    outer loop
      vertex 5.55835 -22.2346 4.2
      vertex 5.64374 -22.4215 3
      vertex 5.64374 -22.4215 4.2
    endloop
  endfacet
  facet normal 0.314547 -0.949242 0
    outer loop
      vertex 5.64374 -22.4215 3
      vertex 6.50291 -22.1368 4.2
      vertex 5.64374 -22.4215 4.2
    endloop
  endfacet
  facet normal 0.314547 -0.949242 0
    outer loop
      vertex 6.50291 -22.1368 4.2
      vertex 5.64374 -22.4215 3
      vertex 6.50291 -22.1368 3
    endloop
  endfacet
  facet normal 0.905667 0.42399 0
    outer loop
      vertex 6.50291 -22.1368 4.2
      vertex 6.38002 -21.8743 3
      vertex 6.38002 -21.8743 4.2
    endloop
  endfacet
  facet normal 0.905667 0.42399 0
    outer loop
      vertex 6.38002 -21.8743 3
      vertex 6.50291 -22.1368 4.2
      vertex 6.50291 -22.1368 3
    endloop
  endfacet
  facet normal 0.857682 0.514181 0
    outer loop
      vertex 6.38002 -21.8743 4.2
      vertex 6.23602 -21.6341 3
      vertex 6.23602 -21.6341 4.2
    endloop
  endfacet
  facet normal 0.857682 0.514181 0
    outer loop
      vertex 6.23602 -21.6341 3
      vertex 6.38002 -21.8743 4.2
      vertex 6.38002 -21.8743 3
    endloop
  endfacet
  facet normal 0.796782 0.604266 0
    outer loop
      vertex 6.23602 -21.6341 4.2
      vertex 6.07092 -21.4164 3
      vertex 6.07092 -21.4164 4.2
    endloop
  endfacet
  facet normal 0.796782 0.604266 0
    outer loop
      vertex 6.07092 -21.4164 3
      vertex 6.23602 -21.6341 4.2
      vertex 6.23602 -21.6341 3
    endloop
  endfacet
  facet normal 0.723805 0.690005 0
    outer loop
      vertex 6.07092 -21.4164 4.2
      vertex 5.88474 -21.2211 3
      vertex 5.88474 -21.2211 4.2
    endloop
  endfacet
  facet normal 0.723805 0.690005 0
    outer loop
      vertex 5.88474 -21.2211 3
      vertex 6.07092 -21.4164 4.2
      vertex 6.07092 -21.4164 3
    endloop
  endfacet
  facet normal 0.640294 0.76813 -0
    outer loop
      vertex 5.88474 -21.2211 3
      vertex 5.67744 -21.0483 4.2
      vertex 5.88474 -21.2211 4.2
    endloop
  endfacet
  facet normal 0.640294 0.76813 0
    outer loop
      vertex 5.67744 -21.0483 4.2
      vertex 5.88474 -21.2211 3
      vertex 5.67744 -21.0483 3
    endloop
  endfacet
  facet normal 0.550016 0.835154 -0
    outer loop
      vertex 5.67744 -21.0483 3
      vertex 5.44907 -20.8979 4.2
      vertex 5.67744 -21.0483 4.2
    endloop
  endfacet
  facet normal 0.550016 0.835154 0
    outer loop
      vertex 5.44907 -20.8979 4.2
      vertex 5.67744 -21.0483 3
      vertex 5.44907 -20.8979 3
    endloop
  endfacet
  facet normal 0.456803 0.889568 -0
    outer loop
      vertex 5.44907 -20.8979 3
      vertex 5.20039 -20.7702 4.2
      vertex 5.44907 -20.8979 4.2
    endloop
  endfacet
  facet normal 0.456803 0.889568 0
    outer loop
      vertex 5.20039 -20.7702 4.2
      vertex 5.44907 -20.8979 3
      vertex 5.20039 -20.7702 3
    endloop
  endfacet
  facet normal 0.362772 0.931878 -0
    outer loop
      vertex 5.20039 -20.7702 3
      vertex 4.93221 -20.6658 4.2
      vertex 5.20039 -20.7702 4.2
    endloop
  endfacet
  facet normal 0.362772 0.931878 0
    outer loop
      vertex 4.93221 -20.6658 4.2
      vertex 5.20039 -20.7702 3
      vertex 4.93221 -20.6658 3
    endloop
  endfacet
  facet normal 0.271928 0.962318 -0
    outer loop
      vertex 4.93221 -20.6658 3
      vertex 4.6445 -20.5845 4.2
      vertex 4.93221 -20.6658 4.2
    endloop
  endfacet
  facet normal 0.271928 0.962318 0
    outer loop
      vertex 4.6445 -20.5845 4.2
      vertex 4.93221 -20.6658 3
      vertex 4.6445 -20.5845 3
    endloop
  endfacet
  facet normal 0.185513 0.982642 -0
    outer loop
      vertex 4.6445 -20.5845 3
      vertex 4.33728 -20.5265 4.2
      vertex 4.6445 -20.5845 4.2
    endloop
  endfacet
  facet normal 0.185513 0.982642 0
    outer loop
      vertex 4.33728 -20.5265 4.2
      vertex 4.6445 -20.5845 3
      vertex 4.33728 -20.5265 3
    endloop
  endfacet
  facet normal 0.105908 0.994376 -0
    outer loop
      vertex 4.33728 -20.5265 3
      vertex 4.01054 -20.4917 4.2
      vertex 4.33728 -20.5265 4.2
    endloop
  endfacet
  facet normal 0.105908 0.994376 0
    outer loop
      vertex 4.01054 -20.4917 4.2
      vertex 4.33728 -20.5265 3
      vertex 4.01054 -20.4917 3
    endloop
  endfacet
  facet normal 0.0334821 0.999439 -0
    outer loop
      vertex 4.01054 -20.4917 3
      vertex 3.66428 -20.4801 4.2
      vertex 4.01054 -20.4917 4.2
    endloop
  endfacet
  facet normal 0.0334821 0.999439 0
    outer loop
      vertex 3.66428 -20.4801 4.2
      vertex 4.01054 -20.4917 3
      vertex 3.66428 -20.4801 3
    endloop
  endfacet
  facet normal -0.0512512 0.998686 0
    outer loop
      vertex 3.66428 -20.4801 3
      vertex 3.17323 -20.5053 4.2
      vertex 3.66428 -20.4801 4.2
    endloop
  endfacet
  facet normal -0.0512512 0.998686 0
    outer loop
      vertex 3.17323 -20.5053 4.2
      vertex 3.66428 -20.4801 3
      vertex 3.17323 -20.5053 3
    endloop
  endfacet
  facet normal -0.164001 0.98646 0
    outer loop
      vertex 3.17323 -20.5053 3
      vertex 2.7191 -20.5808 4.2
      vertex 3.17323 -20.5053 4.2
    endloop
  endfacet
  facet normal -0.164001 0.98646 0
    outer loop
      vertex 2.7191 -20.5808 4.2
      vertex 3.17323 -20.5053 3
      vertex 2.7191 -20.5808 3
    endloop
  endfacet
  facet normal -0.289116 0.957294 0
    outer loop
      vertex 2.7191 -20.5808 3
      vertex 2.3019 -20.7068 4.2
      vertex 2.7191 -20.5808 4.2
    endloop
  endfacet
  facet normal -0.289116 0.957294 0
    outer loop
      vertex 2.3019 -20.7068 4.2
      vertex 2.7191 -20.5808 3
      vertex 2.3019 -20.7068 3
    endloop
  endfacet
  facet normal -0.420407 0.907335 0
    outer loop
      vertex 2.3019 -20.7068 3
      vertex 1.92162 -20.883 4.2
      vertex 2.3019 -20.7068 4.2
    endloop
  endfacet
  facet normal -0.420407 0.907335 0
    outer loop
      vertex 1.92162 -20.883 4.2
      vertex 2.3019 -20.7068 3
      vertex 1.92162 -20.883 3
    endloop
  endfacet
  facet normal -0.550982 0.834517 0
    outer loop
      vertex 1.92162 -20.883 3
      vertex 1.57826 -21.1097 4.2
      vertex 1.92162 -20.883 4.2
    endloop
  endfacet
  facet normal -0.550982 0.834517 0
    outer loop
      vertex 1.57826 -21.1097 4.2
      vertex 1.92162 -20.883 3
      vertex 1.57826 -21.1097 3
    endloop
  endfacet
  facet normal -0.670573 0.741843 0
    outer loop
      vertex 1.57826 -21.1097 3
      vertex 1.27182 -21.3867 4.2
      vertex 1.57826 -21.1097 4.2
    endloop
  endfacet
  facet normal -0.670573 0.741843 0
    outer loop
      vertex 1.27182 -21.3867 4.2
      vertex 1.57826 -21.1097 3
      vertex 1.27182 -21.3867 3
    endloop
  endfacet
  facet normal -0.772879 0.634554 0
    outer loop
      vertex 1.00786 -21.7082 3
      vertex 1.27182 -21.3867 4.2
      vertex 1.27182 -21.3867 3
    endloop
  endfacet
  facet normal -0.772879 0.634554 0
    outer loop
      vertex 1.27182 -21.3867 4.2
      vertex 1.00786 -21.7082 3
      vertex 1.00786 -21.7082 4.2
    endloop
  endfacet
  facet normal -0.857519 0.514452 0
    outer loop
      vertex 0.791885 -22.0682 3
      vertex 1.00786 -21.7082 4.2
      vertex 1.00786 -21.7082 3
    endloop
  endfacet
  facet normal -0.857519 0.514452 0
    outer loop
      vertex 1.00786 -21.7082 4.2
      vertex 0.791885 -22.0682 3
      vertex 0.791885 -22.0682 4.2
    endloop
  endfacet
  facet normal -0.921453 0.38849 0
    outer loop
      vertex 0.623917 -22.4666 3
      vertex 0.791885 -22.0682 4.2
      vertex 0.791885 -22.0682 3
    endloop
  endfacet
  facet normal -0.921453 0.38849 0
    outer loop
      vertex 0.791885 -22.0682 4.2
      vertex 0.623917 -22.4666 3
      vertex 0.623917 -22.4666 4.2
    endloop
  endfacet
  facet normal -0.964315 0.264756 0
    outer loop
      vertex 0.503937 -22.9036 3
      vertex 0.623917 -22.4666 4.2
      vertex 0.623917 -22.4666 3
    endloop
  endfacet
  facet normal -0.964315 0.264756 0
    outer loop
      vertex 0.623917 -22.4666 4.2
      vertex 0.503937 -22.9036 3
      vertex 0.503937 -22.9036 4.2
    endloop
  endfacet
  facet normal -0.988732 0.149695 0
    outer loop
      vertex 0.431946 -23.3791 3
      vertex 0.503937 -22.9036 4.2
      vertex 0.503937 -22.9036 3
    endloop
  endfacet
  facet normal -0.988732 0.149695 0
    outer loop
      vertex 0.503937 -22.9036 4.2
      vertex 0.431946 -23.3791 3
      vertex 0.431946 -23.3791 4.2
    endloop
  endfacet
  facet normal -0.998911 0.0466457 0
    outer loop
      vertex 0.407944 -23.8931 3
      vertex 0.431946 -23.3791 4.2
      vertex 0.431946 -23.3791 3
    endloop
  endfacet
  facet normal -0.998911 0.0466457 0
    outer loop
      vertex 0.431946 -23.3791 4.2
      vertex 0.407944 -23.8931 3
      vertex 0.407944 -23.8931 4.2
    endloop
  endfacet
  facet normal -0.999524 -0.0308531 0
    outer loop
      vertex 0.418686 -24.2411 3
      vertex 0.407944 -23.8931 4.2
      vertex 0.407944 -23.8931 3
    endloop
  endfacet
  facet normal -0.999524 -0.0308531 0
    outer loop
      vertex 0.407944 -23.8931 4.2
      vertex 0.418686 -24.2411 3
      vertex 0.418686 -24.2411 4.2
    endloop
  endfacet
  facet normal -0.99532 -0.0966309 0
    outer loop
      vertex 0.450928 -24.5732 3
      vertex 0.418686 -24.2411 4.2
      vertex 0.418686 -24.2411 3
    endloop
  endfacet
  facet normal -0.99532 -0.0966309 0
    outer loop
      vertex 0.418686 -24.2411 4.2
      vertex 0.450928 -24.5732 3
      vertex 0.450928 -24.5732 4.2
    endloop
  endfacet
  facet normal -0.985862 -0.167562 0
    outer loop
      vertex 0.504654 -24.8893 3
      vertex 0.450928 -24.5732 4.2
      vertex 0.450928 -24.5732 3
    endloop
  endfacet
  facet normal -0.985862 -0.167562 0
    outer loop
      vertex 0.450928 -24.5732 4.2
      vertex 0.504654 -24.8893 3
      vertex 0.504654 -24.8893 4.2
    endloop
  endfacet
  facet normal -0.97002 -0.243025 0
    outer loop
      vertex 0.579865 -25.1895 3
      vertex 0.504654 -24.8893 4.2
      vertex 0.504654 -24.8893 3
    endloop
  endfacet
  facet normal -0.97002 -0.243025 0
    outer loop
      vertex 0.504654 -24.8893 4.2
      vertex 0.579865 -25.1895 3
      vertex 0.579865 -25.1895 4.2
    endloop
  endfacet
  facet normal -0.946689 -0.322148 0
    outer loop
      vertex 0.676575 -25.4737 3
      vertex 0.579865 -25.1895 4.2
      vertex 0.579865 -25.1895 3
    endloop
  endfacet
  facet normal -0.946689 -0.322148 0
    outer loop
      vertex 0.579865 -25.1895 4.2
      vertex 0.676575 -25.4737 3
      vertex 0.676575 -25.4737 4.2
    endloop
  endfacet
  facet normal -0.915136 -0.403144 0
    outer loop
      vertex 0.794769 -25.742 3
      vertex 0.676575 -25.4737 4.2
      vertex 0.676575 -25.4737 3
    endloop
  endfacet
  facet normal -0.915136 -0.403144 0
    outer loop
      vertex 0.676575 -25.4737 4.2
      vertex 0.794769 -25.742 3
      vertex 0.794769 -25.742 4.2
    endloop
  endfacet
  facet normal -0.874575 -0.48489 0
    outer loop
      vertex 0.933487 -25.9922 3
      vertex 0.794769 -25.742 4.2
      vertex 0.794769 -25.742 3
    endloop
  endfacet
  facet normal -0.874575 -0.48489 0
    outer loop
      vertex 0.794769 -25.742 4.2
      vertex 0.933487 -25.9922 3
      vertex 0.933487 -25.9922 4.2
    endloop
  endfacet
  facet normal -0.824206 -0.56629 0
    outer loop
      vertex 1.09172 -26.2225 3
      vertex 0.933487 -25.9922 4.2
      vertex 0.933487 -25.9922 3
    endloop
  endfacet
  facet normal -0.824206 -0.56629 0
    outer loop
      vertex 0.933487 -25.9922 4.2
      vertex 1.09172 -26.2225 3
      vertex 1.09172 -26.2225 4.2
    endloop
  endfacet
  facet normal -0.763435 -0.645885 0
    outer loop
      vertex 1.26947 -26.4326 3
      vertex 1.09172 -26.2225 4.2
      vertex 1.09172 -26.2225 3
    endloop
  endfacet
  facet normal -0.763435 -0.645885 0
    outer loop
      vertex 1.09172 -26.2225 4.2
      vertex 1.26947 -26.4326 3
      vertex 1.26947 -26.4326 4.2
    endloop
  endfacet
  facet normal -0.694089 -0.719889 0
    outer loop
      vertex 1.26947 -26.4326 3
      vertex 1.46674 -26.6228 4.2
      vertex 1.26947 -26.4326 4.2
    endloop
  endfacet
  facet normal -0.694089 -0.719889 -0
    outer loop
      vertex 1.46674 -26.6228 4.2
      vertex 1.26947 -26.4326 3
      vertex 1.46674 -26.6228 3
    endloop
  endfacet
  facet normal -0.617312 -0.786719 0
    outer loop
      vertex 1.46674 -26.6228 3
      vertex 1.68352 -26.7929 4.2
      vertex 1.46674 -26.6228 4.2
    endloop
  endfacet
  facet normal -0.617312 -0.786719 -0
    outer loop
      vertex 1.68352 -26.7929 4.2
      vertex 1.46674 -26.6228 3
      vertex 1.68352 -26.7929 3
    endloop
  endfacet
  facet normal -0.536214 -0.844082 0
    outer loop
      vertex 1.68352 -26.7929 3
      vertex 1.9198 -26.943 4.2
      vertex 1.68352 -26.7929 4.2
    endloop
  endfacet
  facet normal -0.536214 -0.844082 -0
    outer loop
      vertex 1.9198 -26.943 4.2
      vertex 1.68352 -26.7929 3
      vertex 1.9198 -26.943 3
    endloop
  endfacet
  facet normal -0.451388 -0.892328 0
    outer loop
      vertex 1.9198 -26.943 3
      vertex 2.17343 -27.0713 4.2
      vertex 1.9198 -26.943 4.2
    endloop
  endfacet
  facet normal -0.451388 -0.892328 -0
    outer loop
      vertex 2.17343 -27.0713 4.2
      vertex 1.9198 -26.943 3
      vertex 2.17343 -27.0713 3
    endloop
  endfacet
  facet normal -0.363851 -0.931457 0
    outer loop
      vertex 2.17343 -27.0713 3
      vertex 2.44223 -27.1763 4.2
      vertex 2.17343 -27.0713 4.2
    endloop
  endfacet
  facet normal -0.363851 -0.931457 -0
    outer loop
      vertex 2.44223 -27.1763 4.2
      vertex 2.17343 -27.0713 3
      vertex 2.44223 -27.1763 3
    endloop
  endfacet
  facet normal -0.276509 -0.961011 0
    outer loop
      vertex 2.44223 -27.1763 3
      vertex 2.72618 -27.258 4.2
      vertex 2.44223 -27.1763 4.2
    endloop
  endfacet
  facet normal -0.276509 -0.961011 -0
    outer loop
      vertex 2.72618 -27.258 4.2
      vertex 2.44223 -27.1763 3
      vertex 2.72618 -27.258 3
    endloop
  endfacet
  facet normal -0.191615 -0.98147 0
    outer loop
      vertex 2.72618 -27.258 3
      vertex 3.02531 -27.3164 4.2
      vertex 2.72618 -27.258 4.2
    endloop
  endfacet
  facet normal -0.191615 -0.98147 -0
    outer loop
      vertex 3.02531 -27.3164 4.2
      vertex 2.72618 -27.258 3
      vertex 3.02531 -27.3164 3
    endloop
  endfacet
  facet normal -0.110685 -0.993856 0
    outer loop
      vertex 3.02531 -27.3164 3
      vertex 3.33958 -27.3514 4.2
      vertex 3.02531 -27.3164 4.2
    endloop
  endfacet
  facet normal -0.110685 -0.993856 -0
    outer loop
      vertex 3.33958 -27.3514 4.2
      vertex 3.02531 -27.3164 3
      vertex 3.33958 -27.3514 3
    endloop
  endfacet
  facet normal -0.0351873 -0.999381 0
    outer loop
      vertex 3.33958 -27.3514 3
      vertex 3.66904 -27.363 4.2
      vertex 3.33958 -27.3514 4.2
    endloop
  endfacet
  facet normal -0.0351873 -0.999381 -0
    outer loop
      vertex 3.66904 -27.363 4.2
      vertex 3.33958 -27.3514 3
      vertex 3.66904 -27.363 3
    endloop
  endfacet
  facet normal 0.0387366 -0.999249 0
    outer loop
      vertex 3.66904 -27.363 3
      vertex 3.99149 -27.3505 4.2
      vertex 3.66904 -27.363 4.2
    endloop
  endfacet
  facet normal 0.0387366 -0.999249 0
    outer loop
      vertex 3.99149 -27.3505 4.2
      vertex 3.66904 -27.363 3
      vertex 3.99149 -27.3505 3
    endloop
  endfacet
  facet normal 0 -1 0
    outer loop
      vertex -17.9035 -24.6621 3
      vertex -15.9383 -24.6621 4.2
      vertex -17.9035 -24.6621 4.2
    endloop
  endfacet
  facet normal 0 -1 -0
    outer loop
      vertex -15.9383 -24.6621 4.2
      vertex -17.9035 -24.6621 3
      vertex -15.9383 -24.6621 3
    endloop
  endfacet
  facet normal 0.0455534 -0.998962 0
    outer loop
      vertex -15.9383 -24.6621 3
      vertex -15.5962 -24.6465 4.2
      vertex -15.9383 -24.6621 4.2
    endloop
  endfacet
  facet normal 0.0455534 -0.998962 0
    outer loop
      vertex -15.5962 -24.6465 4.2
      vertex -15.9383 -24.6621 3
      vertex -15.5962 -24.6465 3
    endloop
  endfacet
  facet normal 0.145216 -0.9894 0
    outer loop
      vertex -15.5962 -24.6465 3
      vertex -15.2787 -24.5999 4.2
      vertex -15.5962 -24.6465 4.2
    endloop
  endfacet
  facet normal 0.145216 -0.9894 0
    outer loop
      vertex -15.2787 -24.5999 4.2
      vertex -15.5962 -24.6465 3
      vertex -15.2787 -24.5999 3
    endloop
  endfacet
  facet normal 0.257108 -0.966383 0
    outer loop
      vertex -15.2787 -24.5999 3
      vertex -14.9859 -24.522 4.2
      vertex -15.2787 -24.5999 4.2
    endloop
  endfacet
  facet normal 0.257108 -0.966383 0
    outer loop
      vertex -14.9859 -24.522 4.2
      vertex -15.2787 -24.5999 3
      vertex -14.9859 -24.522 3
    endloop
  endfacet
  facet normal 0.376331 -0.926485 0
    outer loop
      vertex -14.9859 -24.522 3
      vertex -14.7178 -24.4131 4.2
      vertex -14.9859 -24.522 4.2
    endloop
  endfacet
  facet normal 0.376331 -0.926485 0
    outer loop
      vertex -14.7178 -24.4131 4.2
      vertex -14.9859 -24.522 3
      vertex -14.7178 -24.4131 3
    endloop
  endfacet
  facet normal 0.498592 -0.866837 0
    outer loop
      vertex -14.7178 -24.4131 3
      vertex -14.4744 -24.2731 4.2
      vertex -14.7178 -24.4131 4.2
    endloop
  endfacet
  facet normal 0.498592 -0.866837 0
    outer loop
      vertex -14.4744 -24.2731 4.2
      vertex -14.7178 -24.4131 3
      vertex -14.4744 -24.2731 3
    endloop
  endfacet
  facet normal 0.616231 -0.787566 0
    outer loop
      vertex -14.4744 -24.2731 3
      vertex -14.2556 -24.1019 4.2
      vertex -14.4744 -24.2731 4.2
    endloop
  endfacet
  facet normal 0.616231 -0.787566 0
    outer loop
      vertex -14.2556 -24.1019 4.2
      vertex -14.4744 -24.2731 3
      vertex -14.2556 -24.1019 3
    endloop
  endfacet
  facet normal 0.721935 -0.691961 0
    outer loop
      vertex -14.2556 -24.1019 4.2
      vertex -14.0663 -23.9044 3
      vertex -14.0663 -23.9044 4.2
    endloop
  endfacet
  facet normal 0.721935 -0.691961 0
    outer loop
      vertex -14.0663 -23.9044 3
      vertex -14.2556 -24.1019 4.2
      vertex -14.2556 -24.1019 3
    endloop
  endfacet
  facet normal 0.816544 -0.577283 0
    outer loop
      vertex -14.0663 -23.9044 4.2
      vertex -13.9114 -23.6853 3
      vertex -13.9114 -23.6853 4.2
    endloop
  endfacet
  facet normal 0.816544 -0.577283 0
    outer loop
      vertex -13.9114 -23.6853 3
      vertex -14.0663 -23.9044 4.2
      vertex -14.0663 -23.9044 3
    endloop
  endfacet
  facet normal 0.894279 -0.447511 0
    outer loop
      vertex -13.9114 -23.6853 4.2
      vertex -13.7909 -23.4445 3
      vertex -13.7909 -23.4445 4.2
    endloop
  endfacet
  facet normal 0.894279 -0.447511 0
    outer loop
      vertex -13.7909 -23.4445 3
      vertex -13.9114 -23.6853 4.2
      vertex -13.9114 -23.6853 3
    endloop
  endfacet
  facet normal 0.950265 -0.311443 0
    outer loop
      vertex -13.7909 -23.4445 4.2
      vertex -13.7049 -23.1821 3
      vertex -13.7049 -23.1821 4.2
    endloop
  endfacet
  facet normal 0.950265 -0.311443 0
    outer loop
      vertex -13.7049 -23.1821 3
      vertex -13.7909 -23.4445 4.2
      vertex -13.7909 -23.4445 3
    endloop
  endfacet
  facet normal 0.983892 -0.178763 0
    outer loop
      vertex -13.7049 -23.1821 4.2
      vertex -13.6533 -22.8981 3
      vertex -13.6533 -22.8981 4.2
    endloop
  endfacet
  facet normal 0.983892 -0.178763 0
    outer loop
      vertex -13.6533 -22.8981 3
      vertex -13.7049 -23.1821 4.2
      vertex -13.7049 -23.1821 3
    endloop
  endfacet
  facet normal 0.998401 -0.0565195 0
    outer loop
      vertex -13.6533 -22.8981 4.2
      vertex -13.636 -22.5925 3
      vertex -13.636 -22.5925 4.2
    endloop
  endfacet
  facet normal 0.998401 -0.0565195 0
    outer loop
      vertex -13.636 -22.5925 3
      vertex -13.6533 -22.8981 4.2
      vertex -13.6533 -22.8981 3
    endloop
  endfacet
  facet normal 0.99844 0.0558296 0
    outer loop
      vertex -13.636 -22.5925 4.2
      vertex -13.6532 -22.2849 3
      vertex -13.6532 -22.2849 4.2
    endloop
  endfacet
  facet normal 0.99844 0.0558296 0
    outer loop
      vertex -13.6532 -22.2849 3
      vertex -13.636 -22.5925 4.2
      vertex -13.636 -22.5925 3
    endloop
  endfacet
  facet normal 0.983981 0.178275 0
    outer loop
      vertex -13.6532 -22.2849 4.2
      vertex -13.7046 -22.0012 3
      vertex -13.7046 -22.0012 4.2
    endloop
  endfacet
  facet normal 0.983981 0.178275 0
    outer loop
      vertex -13.7046 -22.0012 3
      vertex -13.6532 -22.2849 4.2
      vertex -13.6532 -22.2849 3
    endloop
  endfacet
  facet normal 0.949594 0.313483 0
    outer loop
      vertex -13.7046 -22.0012 4.2
      vertex -13.7903 -21.7416 3
      vertex -13.7903 -21.7416 4.2
    endloop
  endfacet
  facet normal 0.949594 0.313483 0
    outer loop
      vertex -13.7903 -21.7416 3
      vertex -13.7046 -22.0012 4.2
      vertex -13.7046 -22.0012 3
    endloop
  endfacet
  facet normal 0.891074 0.453858 0
    outer loop
      vertex -13.7903 -21.7416 4.2
      vertex -13.9103 -21.506 3
      vertex -13.9103 -21.506 4.2
    endloop
  endfacet
  facet normal 0.891074 0.453858 0
    outer loop
      vertex -13.9103 -21.506 3
      vertex -13.7903 -21.7416 4.2
      vertex -13.7903 -21.7416 3
    endloop
  endfacet
  facet normal 0.807992 0.589193 0
    outer loop
      vertex -13.9103 -21.506 4.2
      vertex -14.0646 -21.2944 3
      vertex -14.0646 -21.2944 4.2
    endloop
  endfacet
  facet normal 0.807992 0.589193 0
    outer loop
      vertex -14.0646 -21.2944 3
      vertex -13.9103 -21.506 4.2
      vertex -13.9103 -21.506 3
    endloop
  endfacet
  facet normal 0.705414 0.708796 -0
    outer loop
      vertex -14.0646 -21.2944 3
      vertex -14.2532 -21.1067 4.2
      vertex -14.0646 -21.2944 4.2
    endloop
  endfacet
  facet normal 0.705414 0.708796 0
    outer loop
      vertex -14.2532 -21.1067 4.2
      vertex -14.0646 -21.2944 3
      vertex -14.2532 -21.1067 3
    endloop
  endfacet
  facet normal 0.590918 0.806732 -0
    outer loop
      vertex -14.2532 -21.1067 3
      vertex -14.473 -20.9457 4.2
      vertex -14.2532 -21.1067 4.2
    endloop
  endfacet
  facet normal 0.590918 0.806732 0
    outer loop
      vertex -14.473 -20.9457 4.2
      vertex -14.2532 -21.1067 3
      vertex -14.473 -20.9457 3
    endloop
  endfacet
  facet normal 0.469016 0.883189 -0
    outer loop
      vertex -14.473 -20.9457 3
      vertex -14.721 -20.814 4.2
      vertex -14.473 -20.9457 4.2
    endloop
  endfacet
  facet normal 0.469016 0.883189 0
    outer loop
      vertex -14.721 -20.814 4.2
      vertex -14.473 -20.9457 3
      vertex -14.721 -20.814 3
    endloop
  endfacet
  facet normal 0.347922 0.937523 -0
    outer loop
      vertex -14.721 -20.814 3
      vertex -14.9972 -20.7115 4.2
      vertex -14.721 -20.814 4.2
    endloop
  endfacet
  facet normal 0.347922 0.937523 0
    outer loop
      vertex -14.9972 -20.7115 4.2
      vertex -14.721 -20.814 3
      vertex -14.9972 -20.7115 3
    endloop
  endfacet
  facet normal 0.233735 0.9723 -0
    outer loop
      vertex -14.9972 -20.7115 3
      vertex -15.3017 -20.6383 4.2
      vertex -14.9972 -20.7115 4.2
    endloop
  endfacet
  facet normal 0.233735 0.9723 0
    outer loop
      vertex -15.3017 -20.6383 4.2
      vertex -14.9972 -20.7115 3
      vertex -15.3017 -20.6383 3
    endloop
  endfacet
  facet normal 0.130817 0.991407 -0
    outer loop
      vertex -15.3017 -20.6383 3
      vertex -15.6344 -20.5944 4.2
      vertex -15.3017 -20.6383 4.2
    endloop
  endfacet
  facet normal 0.130817 0.991407 0
    outer loop
      vertex -15.6344 -20.5944 4.2
      vertex -15.3017 -20.6383 3
      vertex -15.6344 -20.5944 3
    endloop
  endfacet
  facet normal 0.0404214 0.999183 -0
    outer loop
      vertex -15.6344 -20.5944 3
      vertex -15.9953 -20.5798 4.2
      vertex -15.6344 -20.5944 4.2
    endloop
  endfacet
  facet normal 0.0404214 0.999183 0
    outer loop
      vertex -15.9953 -20.5798 4.2
      vertex -15.6344 -20.5944 3
      vertex -15.9953 -20.5798 3
    endloop
  endfacet
  facet normal 0 1 -0
    outer loop
      vertex -15.9953 -20.5798 3
      vertex -18.8101 -20.5798 4.2
      vertex -15.9953 -20.5798 4.2
    endloop
  endfacet
  facet normal 0 1 0
    outer loop
      vertex -18.8101 -20.5798 4.2
      vertex -15.9953 -20.5798 3
      vertex -18.8101 -20.5798 3
    endloop
  endfacet
  facet normal -1 0 0
    outer loop
      vertex -18.8101 -27.2681 3
      vertex -18.8101 -20.5798 4.2
      vertex -18.8101 -20.5798 3
    endloop
  endfacet
  facet normal -1 -0 0
    outer loop
      vertex -18.8101 -20.5798 4.2
      vertex -18.8101 -27.2681 3
      vertex -18.8101 -27.2681 4.2
    endloop
  endfacet
  facet normal 0 -1 0
    outer loop
      vertex -18.8101 -27.2681 3
      vertex -17.9035 -27.2681 4.2
      vertex -18.8101 -27.2681 4.2
    endloop
  endfacet
  facet normal 0 -1 -0
    outer loop
      vertex -17.9035 -27.2681 4.2
      vertex -18.8101 -27.2681 3
      vertex -17.9035 -27.2681 3
    endloop
  endfacet
  facet normal 1 -0 0
    outer loop
      vertex -17.9035 -27.2681 4.2
      vertex -17.9035 -24.6621 3
      vertex -17.9035 -24.6621 4.2
    endloop
  endfacet
  facet normal 1 0 0
    outer loop
      vertex -17.9035 -24.6621 3
      vertex -17.9035 -27.2681 4.2
      vertex -17.9035 -27.2681 3
    endloop
  endfacet
  facet normal 1 -0 0
    outer loop
      vertex -17.9035 -23.9453 4.2
      vertex -17.9035 -21.306 3
      vertex -17.9035 -21.306 4.2
    endloop
  endfacet
  facet normal 1 0 0
    outer loop
      vertex -17.9035 -21.306 3
      vertex -17.9035 -23.9453 4.2
      vertex -17.9035 -23.9453 3
    endloop
  endfacet
  facet normal 0 -1 0
    outer loop
      vertex -17.9035 -21.306 3
      vertex -16.1044 -21.306 4.2
      vertex -17.9035 -21.306 4.2
    endloop
  endfacet
  facet normal 0 -1 -0
    outer loop
      vertex -16.1044 -21.306 4.2
      vertex -17.9035 -21.306 3
      vertex -16.1044 -21.306 3
    endloop
  endfacet
  facet normal -0.0754622 -0.997149 0
    outer loop
      vertex -16.1044 -21.306 3
      vertex -15.6287 -21.342 4.2
      vertex -16.1044 -21.306 4.2
    endloop
  endfacet
  facet normal -0.0754622 -0.997149 -0
    outer loop
      vertex -15.6287 -21.342 4.2
      vertex -16.1044 -21.306 3
      vertex -15.6287 -21.342 3
    endloop
  endfacet
  facet normal -0.267325 -0.963607 0
    outer loop
      vertex -15.6287 -21.342 3
      vertex -15.2394 -21.45 4.2
      vertex -15.6287 -21.342 4.2
    endloop
  endfacet
  facet normal -0.267325 -0.963607 -0
    outer loop
      vertex -15.2394 -21.45 4.2
      vertex -15.6287 -21.342 3
      vertex -15.2394 -21.45 3
    endloop
  endfacet
  facet normal -0.511109 -0.859516 0
    outer loop
      vertex -15.2394 -21.45 3
      vertex -14.9367 -21.63 4.2
      vertex -15.2394 -21.45 4.2
    endloop
  endfacet
  facet normal -0.511109 -0.859516 -0
    outer loop
      vertex -14.9367 -21.63 4.2
      vertex -15.2394 -21.45 3
      vertex -14.9367 -21.63 3
    endloop
  endfacet
  facet normal -0.75881 -0.651312 0
    outer loop
      vertex -14.7204 -21.882 3
      vertex -14.9367 -21.63 4.2
      vertex -14.9367 -21.63 3
    endloop
  endfacet
  facet normal -0.75881 -0.651312 0
    outer loop
      vertex -14.9367 -21.63 4.2
      vertex -14.7204 -21.882 3
      vertex -14.7204 -21.882 4.2
    endloop
  endfacet
  facet normal -0.928378 -0.371638 0
    outer loop
      vertex -14.5907 -22.206 3
      vertex -14.7204 -21.882 4.2
      vertex -14.7204 -21.882 3
    endloop
  endfacet
  facet normal -0.928378 -0.371638 0
    outer loop
      vertex -14.7204 -21.882 4.2
      vertex -14.5907 -22.206 3
      vertex -14.5907 -22.206 4.2
    endloop
  endfacet
  facet normal -0.994099 -0.108475 0
    outer loop
      vertex -14.5475 -22.6019 3
      vertex -14.5907 -22.206 4.2
      vertex -14.5907 -22.206 3
    endloop
  endfacet
  facet normal -0.994099 -0.108475 0
    outer loop
      vertex -14.5907 -22.206 4.2
      vertex -14.5475 -22.6019 3
      vertex -14.5475 -22.6019 4.2
    endloop
  endfacet
  facet normal -0.994782 0.102023 0
    outer loop
      vertex -14.5896 -23.0124 3
      vertex -14.5475 -22.6019 4.2
      vertex -14.5475 -22.6019 3
    endloop
  endfacet
  facet normal -0.994782 0.102023 0
    outer loop
      vertex -14.5475 -22.6019 4.2
      vertex -14.5896 -23.0124 3
      vertex -14.5896 -23.0124 4.2
    endloop
  endfacet
  facet normal -0.935744 0.35268 0
    outer loop
      vertex -14.7162 -23.3483 3
      vertex -14.5896 -23.0124 4.2
      vertex -14.5896 -23.0124 3
    endloop
  endfacet
  facet normal -0.935744 0.35268 0
    outer loop
      vertex -14.5896 -23.0124 4.2
      vertex -14.7162 -23.3483 3
      vertex -14.7162 -23.3483 4.2
    endloop
  endfacet
  facet normal -0.777896 0.628393 0
    outer loop
      vertex -14.9272 -23.6095 3
      vertex -14.7162 -23.3483 4.2
      vertex -14.7162 -23.3483 3
    endloop
  endfacet
  facet normal -0.777896 0.628393 0
    outer loop
      vertex -14.7162 -23.3483 4.2
      vertex -14.9272 -23.6095 3
      vertex -14.9272 -23.6095 4.2
    endloop
  endfacet
  facet normal -0.533853 0.845577 0
    outer loop
      vertex -14.9272 -23.6095 3
      vertex -15.2226 -23.796 4.2
      vertex -14.9272 -23.6095 4.2
    endloop
  endfacet
  facet normal -0.533853 0.845577 0
    outer loop
      vertex -15.2226 -23.796 4.2
      vertex -14.9272 -23.6095 3
      vertex -15.2226 -23.796 3
    endloop
  endfacet
  facet normal -0.282918 0.959144 0
    outer loop
      vertex -15.2226 -23.796 3
      vertex -15.6023 -23.908 4.2
      vertex -15.2226 -23.796 4.2
    endloop
  endfacet
  facet normal -0.282918 0.959144 0
    outer loop
      vertex -15.6023 -23.908 4.2
      vertex -15.2226 -23.796 3
      vertex -15.6023 -23.908 3
    endloop
  endfacet
  facet normal -0.0800951 0.996787 0
    outer loop
      vertex -15.6023 -23.908 3
      vertex -16.0665 -23.9453 4.2
      vertex -15.6023 -23.908 4.2
    endloop
  endfacet
  facet normal -0.0800951 0.996787 0
    outer loop
      vertex -16.0665 -23.9453 4.2
      vertex -15.6023 -23.908 3
      vertex -16.0665 -23.9453 3
    endloop
  endfacet
  facet normal 0 1 -0
    outer loop
      vertex -16.0665 -23.9453 3
      vertex -17.9035 -23.9453 4.2
      vertex -16.0665 -23.9453 4.2
    endloop
  endfacet
  facet normal 0 1 0
    outer loop
      vertex -17.9035 -23.9453 4.2
      vertex -16.0665 -23.9453 3
      vertex -17.9035 -23.9453 3
    endloop
  endfacet
  facet normal 0.964279 -0.26489 0
    outer loop
      vertex 21.4986 -25.9176 4.2
      vertex 21.8083 -24.7902 3
      vertex 21.8083 -24.7902 4.2
    endloop
  endfacet
  facet normal 0.964279 -0.26489 0
    outer loop
      vertex 21.8083 -24.7902 3
      vertex 21.4986 -25.9176 4.2
      vertex 21.4986 -25.9176 3
    endloop
  endfacet
  facet normal 0.964601 -0.263713 0
    outer loop
      vertex 21.8083 -24.7902 4.2
      vertex 22.0555 -23.886 3
      vertex 22.0555 -23.886 4.2
    endloop
  endfacet
  facet normal 0.964601 -0.263713 0
    outer loop
      vertex 22.0555 -23.886 3
      vertex 21.8083 -24.7902 4.2
      vertex 21.8083 -24.7902 3
    endloop
  endfacet
  facet normal 0.965116 -0.261822 0
    outer loop
      vertex 22.0555 -23.886 4.2
      vertex 22.2403 -23.2048 3
      vertex 22.2403 -23.2048 4.2
    endloop
  endfacet
  facet normal 0.965116 -0.261822 0
    outer loop
      vertex 22.2403 -23.2048 3
      vertex 22.0555 -23.886 4.2
      vertex 22.0555 -23.886 3
    endloop
  endfacet
  facet normal 0.966214 -0.257741 0
    outer loop
      vertex 22.2403 -23.2048 4.2
      vertex 22.3625 -22.7467 3
      vertex 22.3625 -22.7467 4.2
    endloop
  endfacet
  facet normal 0.966214 -0.257741 0
    outer loop
      vertex 22.3625 -22.7467 3
      vertex 22.2403 -23.2048 4.2
      vertex 22.2403 -23.2048 3
    endloop
  endfacet
  facet normal 0.969189 -0.24632 0
    outer loop
      vertex 22.3625 -22.7467 4.2
      vertex 22.4222 -22.5118 3
      vertex 22.4222 -22.5118 4.2
    endloop
  endfacet
  facet normal 0.969189 -0.24632 0
    outer loop
      vertex 22.4222 -22.5118 3
      vertex 22.3625 -22.7467 4.2
      vertex 22.3625 -22.7467 3
    endloop
  endfacet
  facet normal 0.974481 -0.224472 0
    outer loop
      vertex 22.4222 -22.5118 4.2
      vertex 22.4518 -22.3833 3
      vertex 22.4518 -22.3833 4.2
    endloop
  endfacet
  facet normal 0.974481 -0.224472 0
    outer loop
      vertex 22.4518 -22.3833 3
      vertex 22.4222 -22.5118 4.2
      vertex 22.4222 -22.5118 3
    endloop
  endfacet
  facet normal 0.974911 -0.222595 0
    outer loop
      vertex 22.4518 -22.3833 4.2
      vertex 22.4834 -22.2449 3
      vertex 22.4834 -22.2449 4.2
    endloop
  endfacet
  facet normal 0.974911 -0.222595 0
    outer loop
      vertex 22.4834 -22.2449 3
      vertex 22.4518 -22.3833 4.2
      vertex 22.4518 -22.3833 3
    endloop
  endfacet
  facet normal 0.975062 -0.221933 0
    outer loop
      vertex 22.4834 -22.2449 4.2
      vertex 22.5172 -22.0964 3
      vertex 22.5172 -22.0964 4.2
    endloop
  endfacet
  facet normal 0.975062 -0.221933 0
    outer loop
      vertex 22.5172 -22.0964 3
      vertex 22.4834 -22.2449 4.2
      vertex 22.4834 -22.2449 3
    endloop
  endfacet
  facet normal 0.975428 -0.220318 0
    outer loop
      vertex 22.5172 -22.0964 4.2
      vertex 22.553 -21.9379 3
      vertex 22.553 -21.9379 4.2
    endloop
  endfacet
  facet normal 0.975428 -0.220318 0
    outer loop
      vertex 22.553 -21.9379 3
      vertex 22.5172 -22.0964 4.2
      vertex 22.5172 -22.0964 3
    endloop
  endfacet
  facet normal 0.975501 -0.219994 0
    outer loop
      vertex 22.553 -21.9379 4.2
      vertex 22.591 -21.7694 3
      vertex 22.591 -21.7694 4.2
    endloop
  endfacet
  facet normal 0.975501 -0.219994 0
    outer loop
      vertex 22.591 -21.7694 3
      vertex 22.553 -21.9379 4.2
      vertex 22.553 -21.9379 3
    endloop
  endfacet
  facet normal 0.975683 -0.219187 0
    outer loop
      vertex 22.591 -21.7694 4.2
      vertex 22.6311 -21.5909 3
      vertex 22.6311 -21.5909 4.2
    endloop
  endfacet
  facet normal 0.975683 -0.219187 0
    outer loop
      vertex 22.6311 -21.5909 3
      vertex 22.591 -21.7694 4.2
      vertex 22.591 -21.7694 3
    endloop
  endfacet
  facet normal -0.97775 -0.209775 0
    outer loop
      vertex 22.701 -21.9167 3
      vertex 22.6311 -21.5909 4.2
      vertex 22.6311 -21.5909 3
    endloop
  endfacet
  facet normal -0.97775 -0.209775 0
    outer loop
      vertex 22.6311 -21.5909 4.2
      vertex 22.701 -21.9167 3
      vertex 22.701 -21.9167 4.2
    endloop
  endfacet
  facet normal -0.976541 -0.21533 0
    outer loop
      vertex 22.7651 -22.2074 3
      vertex 22.701 -21.9167 4.2
      vertex 22.701 -21.9167 3
    endloop
  endfacet
  facet normal -0.976541 -0.21533 0
    outer loop
      vertex 22.701 -21.9167 4.2
      vertex 22.7651 -22.2074 3
      vertex 22.7651 -22.2074 4.2
    endloop
  endfacet
  facet normal -0.975062 -0.221934 0
    outer loop
      vertex 22.8233 -22.4631 3
      vertex 22.7651 -22.2074 4.2
      vertex 22.7651 -22.2074 3
    endloop
  endfacet
  facet normal -0.975062 -0.221934 0
    outer loop
      vertex 22.7651 -22.2074 4.2
      vertex 22.8233 -22.4631 3
      vertex 22.8233 -22.4631 4.2
    endloop
  endfacet
  facet normal -0.97283 -0.231521 0
    outer loop
      vertex 22.8758 -22.6837 3
      vertex 22.8233 -22.4631 4.2
      vertex 22.8233 -22.4631 3
    endloop
  endfacet
  facet normal -0.97283 -0.231521 0
    outer loop
      vertex 22.8233 -22.4631 4.2
      vertex 22.8758 -22.6837 3
      vertex 22.8758 -22.6837 4.2
    endloop
  endfacet
  facet normal -0.969741 -0.244134 0
    outer loop
      vertex 22.9225 -22.8692 3
      vertex 22.8758 -22.6837 4.2
      vertex 22.8758 -22.6837 3
    endloop
  endfacet
  facet normal -0.969741 -0.244134 0
    outer loop
      vertex 22.8758 -22.6837 4.2
      vertex 22.9225 -22.8692 3
      vertex 22.9225 -22.8692 4.2
    endloop
  endfacet
  facet normal -0.965 -0.262249 0
    outer loop
      vertex 22.9634 -23.0197 3
      vertex 22.9225 -22.8692 4.2
      vertex 22.9225 -22.8692 3
    endloop
  endfacet
  facet normal -0.965 -0.262249 0
    outer loop
      vertex 22.9225 -22.8692 4.2
      vertex 22.9634 -23.0197 3
      vertex 22.9634 -23.0197 4.2
    endloop
  endfacet
  facet normal -0.96479 -0.263021 0
    outer loop
      vertex 24.1216 -27.2681 3
      vertex 22.9634 -23.0197 4.2
      vertex 22.9634 -23.0197 3
    endloop
  endfacet
  facet normal -0.96479 -0.263021 0
    outer loop
      vertex 22.9634 -23.0197 4.2
      vertex 24.1216 -27.2681 3
      vertex 24.1216 -27.2681 4.2
    endloop
  endfacet
  facet normal 0 -1 0
    outer loop
      vertex 24.1216 -27.2681 3
      vertex 25.2039 -27.2681 4.2
      vertex 24.1216 -27.2681 4.2
    endloop
  endfacet
  facet normal 0 -1 -0
    outer loop
      vertex 25.2039 -27.2681 4.2
      vertex 24.1216 -27.2681 3
      vertex 25.2039 -27.2681 3
    endloop
  endfacet
  facet normal 0.959255 -0.282543 0
    outer loop
      vertex 25.2039 -27.2681 4.2
      vertex 27.1739 -20.5798 3
      vertex 27.1739 -20.5798 4.2
    endloop
  endfacet
  facet normal 0.959255 -0.282543 0
    outer loop
      vertex 27.1739 -20.5798 3
      vertex 25.2039 -27.2681 4.2
      vertex 25.2039 -27.2681 3
    endloop
  endfacet
  facet normal 0 1 -0
    outer loop
      vertex 27.1739 -20.5798 3
      vertex 26.2292 -20.5798 4.2
      vertex 27.1739 -20.5798 4.2
    endloop
  endfacet
  facet normal 0 1 0
    outer loop
      vertex 26.2292 -20.5798 4.2
      vertex 27.1739 -20.5798 3
      vertex 26.2292 -20.5798 3
    endloop
  endfacet
  facet normal -0.963285 0.268482 0
    outer loop
      vertex 25.8441 -21.9615 3
      vertex 26.2292 -20.5798 4.2
      vertex 26.2292 -20.5798 3
    endloop
  endfacet
  facet normal -0.963285 0.268482 0
    outer loop
      vertex 26.2292 -20.5798 4.2
      vertex 25.8441 -21.9615 3
      vertex 25.8441 -21.9615 4.2
    endloop
  endfacet
  facet normal -0.963476 0.267795 0
    outer loop
      vertex 25.5241 -23.1128 3
      vertex 25.8441 -21.9615 4.2
      vertex 25.8441 -21.9615 3
    endloop
  endfacet
  facet normal -0.963476 0.267795 0
    outer loop
      vertex 25.8441 -21.9615 4.2
      vertex 25.5241 -23.1128 3
      vertex 25.5241 -23.1128 4.2
    endloop
  endfacet
  facet normal -0.963762 0.266764 0
    outer loop
      vertex 25.2692 -24.0337 3
      vertex 25.5241 -23.1128 4.2
      vertex 25.5241 -23.1128 3
    endloop
  endfacet
  facet normal -0.963762 0.266764 0
    outer loop
      vertex 25.5241 -23.1128 4.2
      vertex 25.2692 -24.0337 3
      vertex 25.2692 -24.0337 4.2
    endloop
  endfacet
  facet normal -0.964282 0.264877 0
    outer loop
      vertex 25.0795 -24.7243 3
      vertex 25.2692 -24.0337 4.2
      vertex 25.2692 -24.0337 3
    endloop
  endfacet
  facet normal -0.964282 0.264877 0
    outer loop
      vertex 25.2692 -24.0337 4.2
      vertex 25.0795 -24.7243 3
      vertex 25.0795 -24.7243 4.2
    endloop
  endfacet
  facet normal -0.965208 0.261485 0
    outer loop
      vertex 24.9548 -25.1846 3
      vertex 25.0795 -24.7243 4.2
      vertex 25.0795 -24.7243 3
    endloop
  endfacet
  facet normal -0.965208 0.261485 0
    outer loop
      vertex 25.0795 -24.7243 4.2
      vertex 24.9548 -25.1846 3
      vertex 24.9548 -25.1846 4.2
    endloop
  endfacet
  facet normal -0.968205 0.250158 0
    outer loop
      vertex 24.8954 -25.4145 3
      vertex 24.9548 -25.1846 4.2
      vertex 24.9548 -25.1846 3
    endloop
  endfacet
  facet normal -0.968205 0.250158 0
    outer loop
      vertex 24.9548 -25.1846 4.2
      vertex 24.8954 -25.4145 3
      vertex 24.8954 -25.4145 4.2
    endloop
  endfacet
  facet normal -0.973542 0.228509 0
    outer loop
      vertex 24.6865 -26.3045 3
      vertex 24.8954 -25.4145 4.2
      vertex 24.8954 -25.4145 3
    endloop
  endfacet
  facet normal -0.973542 0.228509 0
    outer loop
      vertex 24.8954 -25.4145 4.2
      vertex 24.6865 -26.3045 3
      vertex 24.6865 -26.3045 4.2
    endloop
  endfacet
  facet normal -0.968509 0.248979 0
    outer loop
      vertex 24.6438 -26.4706 3
      vertex 24.6865 -26.3045 4.2
      vertex 24.6865 -26.3045 3
    endloop
  endfacet
  facet normal -0.968509 0.248979 0
    outer loop
      vertex 24.6865 -26.3045 4.2
      vertex 24.6438 -26.4706 3
      vertex 24.6438 -26.4706 4.2
    endloop
  endfacet
  facet normal 0.976618 0.214984 0
    outer loop
      vertex 24.6438 -26.4706 4.2
      vertex 24.59 -26.2262 3
      vertex 24.59 -26.2262 4.2
    endloop
  endfacet
  facet normal 0.976618 0.214984 0
    outer loop
      vertex 24.59 -26.2262 3
      vertex 24.6438 -26.4706 4.2
      vertex 24.6438 -26.4706 3
    endloop
  endfacet
  facet normal 0.974666 0.223663 0
    outer loop
      vertex 24.59 -26.2262 4.2
      vertex 24.5299 -25.9643 3
      vertex 24.5299 -25.9643 4.2
    endloop
  endfacet
  facet normal 0.974666 0.223663 0
    outer loop
      vertex 24.5299 -25.9643 3
      vertex 24.59 -26.2262 4.2
      vertex 24.59 -26.2262 3
    endloop
  endfacet
  facet normal 0.972806 0.231621 0
    outer loop
      vertex 24.5299 -25.9643 4.2
      vertex 24.4634 -25.685 3
      vertex 24.4634 -25.685 4.2
    endloop
  endfacet
  facet normal 0.972806 0.231621 0
    outer loop
      vertex 24.4634 -25.685 3
      vertex 24.5299 -25.9643 4.2
      vertex 24.5299 -25.9643 3
    endloop
  endfacet
  facet normal 0.971174 0.238373 0
    outer loop
      vertex 24.4634 -25.685 4.2
      vertex 24.3906 -25.3884 3
      vertex 24.3906 -25.3884 4.2
    endloop
  endfacet
  facet normal 0.971174 0.238373 0
    outer loop
      vertex 24.3906 -25.3884 3
      vertex 24.4634 -25.685 4.2
      vertex 24.4634 -25.685 3
    endloop
  endfacet
  facet normal 0.969723 0.244206 0
    outer loop
      vertex 24.3906 -25.3884 4.2
      vertex 24.3115 -25.0743 3
      vertex 24.3115 -25.0743 4.2
    endloop
  endfacet
  facet normal 0.969723 0.244206 0
    outer loop
      vertex 24.3115 -25.0743 3
      vertex 24.3906 -25.3884 4.2
      vertex 24.3906 -25.3884 3
    endloop
  endfacet
  facet normal 0.968312 0.249746 0
    outer loop
      vertex 24.3115 -25.0743 4.2
      vertex 24.226 -24.7428 3
      vertex 24.226 -24.7428 4.2
    endloop
  endfacet
  facet normal 0.968312 0.249746 0
    outer loop
      vertex 24.226 -24.7428 3
      vertex 24.3115 -25.0743 4.2
      vertex 24.3115 -25.0743 3
    endloop
  endfacet
  facet normal 0.963122 0.269064 0
    outer loop
      vertex 24.226 -24.7428 4.2
      vertex 23.063 -20.5798 3
      vertex 23.063 -20.5798 4.2
    endloop
  endfacet
  facet normal 0.963122 0.269064 0
    outer loop
      vertex 23.063 -20.5798 3
      vertex 24.226 -24.7428 4.2
      vertex 24.226 -24.7428 3
    endloop
  endfacet
  facet normal 0 1 -0
    outer loop
      vertex 23.063 -20.5798 3
      vertex 22.1944 -20.5798 4.2
      vertex 23.063 -20.5798 4.2
    endloop
  endfacet
  facet normal 0 1 0
    outer loop
      vertex 22.1944 -20.5798 4.2
      vertex 23.063 -20.5798 3
      vertex 22.1944 -20.5798 3
    endloop
  endfacet
  facet normal -0.962496 0.271294 0
    outer loop
      vertex 21.8335 -21.8602 3
      vertex 22.1944 -20.5798 4.2
      vertex 22.1944 -20.5798 3
    endloop
  endfacet
  facet normal -0.962496 0.271294 0
    outer loop
      vertex 22.1944 -20.5798 4.2
      vertex 21.8335 -21.8602 3
      vertex 21.8335 -21.8602 4.2
    endloop
  endfacet
  facet normal -0.962832 0.270101 0
    outer loop
      vertex 21.5291 -22.9453 3
      vertex 21.8335 -21.8602 4.2
      vertex 21.8335 -21.8602 3
    endloop
  endfacet
  facet normal -0.962832 0.270101 0
    outer loop
      vertex 21.8335 -21.8602 4.2
      vertex 21.5291 -22.9453 3
      vertex 21.5291 -22.9453 4.2
    endloop
  endfacet
  facet normal -0.963305 0.268409 0
    outer loop
      vertex 21.2812 -23.835 3
      vertex 21.5291 -22.9453 4.2
      vertex 21.5291 -22.9453 3
    endloop
  endfacet
  facet normal -0.963305 0.268409 0
    outer loop
      vertex 21.5291 -22.9453 4.2
      vertex 21.2812 -23.835 3
      vertex 21.2812 -23.835 4.2
    endloop
  endfacet
  facet normal -0.964101 0.265537 0
    outer loop
      vertex 21.09 -24.5292 3
      vertex 21.2812 -23.835 4.2
      vertex 21.2812 -23.835 3
    endloop
  endfacet
  facet normal -0.964101 0.265537 0
    outer loop
      vertex 21.2812 -23.835 4.2
      vertex 21.09 -24.5292 3
      vertex 21.09 -24.5292 4.2
    endloop
  endfacet
  facet normal -0.965417 0.260709 0
    outer loop
      vertex 20.9553 -25.028 3
      vertex 21.09 -24.5292 4.2
      vertex 21.09 -24.5292 3
    endloop
  endfacet
  facet normal -0.965417 0.260709 0
    outer loop
      vertex 21.09 -24.5292 4.2
      vertex 20.9553 -25.028 3
      vertex 20.9553 -25.028 4.2
    endloop
  endfacet
  facet normal -0.968429 0.249289 0
    outer loop
      vertex 20.8772 -25.3314 3
      vertex 20.9553 -25.028 4.2
      vertex 20.9553 -25.028 3
    endloop
  endfacet
  facet normal -0.968429 0.249289 0
    outer loop
      vertex 20.9553 -25.028 4.2
      vertex 20.8772 -25.3314 3
      vertex 20.8772 -25.3314 4.2
    endloop
  endfacet
  facet normal -0.972218 0.234079 0
    outer loop
      vertex 20.8283 -25.5345 3
      vertex 20.8772 -25.3314 4.2
      vertex 20.8772 -25.3314 3
    endloop
  endfacet
  facet normal -0.972218 0.234079 0
    outer loop
      vertex 20.8772 -25.3314 4.2
      vertex 20.8283 -25.5345 3
      vertex 20.8283 -25.5345 4.2
    endloop
  endfacet
  facet normal -0.973022 0.230712 0
    outer loop
      vertex 20.7814 -25.7323 3
      vertex 20.8283 -25.5345 4.2
      vertex 20.8283 -25.5345 3
    endloop
  endfacet
  facet normal -0.973022 0.230712 0
    outer loop
      vertex 20.8283 -25.5345 4.2
      vertex 20.7814 -25.7323 3
      vertex 20.7814 -25.7323 4.2
    endloop
  endfacet
  facet normal -0.973834 0.227262 0
    outer loop
      vertex 20.7365 -25.9247 3
      vertex 20.7814 -25.7323 4.2
      vertex 20.7814 -25.7323 3
    endloop
  endfacet
  facet normal -0.973834 0.227262 0
    outer loop
      vertex 20.7814 -25.7323 4.2
      vertex 20.7365 -25.9247 3
      vertex 20.7365 -25.9247 4.2
    endloop
  endfacet
  facet normal -0.974758 0.223263 0
    outer loop
      vertex 20.6936 -26.112 3
      vertex 20.7365 -25.9247 4.2
      vertex 20.7365 -25.9247 3
    endloop
  endfacet
  facet normal -0.974758 0.223263 0
    outer loop
      vertex 20.7365 -25.9247 4.2
      vertex 20.6936 -26.112 3
      vertex 20.6936 -26.112 4.2
    endloop
  endfacet
  facet normal -0.975641 0.219372 0
    outer loop
      vertex 20.6527 -26.2939 3
      vertex 20.6936 -26.112 4.2
      vertex 20.6936 -26.112 3
    endloop
  endfacet
  facet normal -0.975641 0.219372 0
    outer loop
      vertex 20.6936 -26.112 4.2
      vertex 20.6527 -26.2939 3
      vertex 20.6527 -26.2939 4.2
    endloop
  endfacet
  facet normal -0.976498 0.215526 0
    outer loop
      vertex 20.6137 -26.4706 3
      vertex 20.6527 -26.2939 4.2
      vertex 20.6527 -26.2939 3
    endloop
  endfacet
  facet normal -0.976498 0.215526 0
    outer loop
      vertex 20.6527 -26.2939 4.2
      vertex 20.6137 -26.4706 3
      vertex 20.6137 -26.4706 4.2
    endloop
  endfacet
  facet normal 0.977057 0.21298 0
    outer loop
      vertex 20.6137 -26.4706 4.2
      vertex 20.5526 -26.1903 3
      vertex 20.5526 -26.1903 4.2
    endloop
  endfacet
  facet normal 0.977057 0.21298 0
    outer loop
      vertex 20.5526 -26.1903 3
      vertex 20.6137 -26.4706 4.2
      vertex 20.6137 -26.4706 3
    endloop
  endfacet
  facet normal 0.975295 0.220908 0
    outer loop
      vertex 20.5526 -26.1903 4.2
      vertex 20.4897 -25.9126 3
      vertex 20.4897 -25.9126 4.2
    endloop
  endfacet
  facet normal 0.975295 0.220908 0
    outer loop
      vertex 20.4897 -25.9126 3
      vertex 20.5526 -26.1903 4.2
      vertex 20.5526 -26.1903 3
    endloop
  endfacet
  facet normal 0.973422 0.22902 0
    outer loop
      vertex 20.4897 -25.9126 4.2
      vertex 20.425 -25.6376 3
      vertex 20.425 -25.6376 4.2
    endloop
  endfacet
  facet normal 0.973422 0.22902 0
    outer loop
      vertex 20.425 -25.6376 3
      vertex 20.4897 -25.9126 4.2
      vertex 20.4897 -25.9126 3
    endloop
  endfacet
  facet normal 0.971408 0.237416 0
    outer loop
      vertex 20.425 -25.6376 4.2
      vertex 20.3584 -25.3651 3
      vertex 20.3584 -25.3651 4.2
    endloop
  endfacet
  facet normal 0.971408 0.237416 0
    outer loop
      vertex 20.3584 -25.3651 3
      vertex 20.425 -25.6376 4.2
      vertex 20.425 -25.6376 3
    endloop
  endfacet
  facet normal 0.969312 0.245832 0
    outer loop
      vertex 20.3584 -25.3651 4.2
      vertex 20.29 -25.0954 3
      vertex 20.29 -25.0954 4.2
    endloop
  endfacet
  facet normal 0.969312 0.245832 0
    outer loop
      vertex 20.29 -25.0954 3
      vertex 20.3584 -25.3651 4.2
      vertex 20.3584 -25.3651 3
    endloop
  endfacet
  facet normal 0.967089 0.25444 0
    outer loop
      vertex 20.29 -25.0954 4.2
      vertex 20.2197 -24.8282 3
      vertex 20.2197 -24.8282 4.2
    endloop
  endfacet
  facet normal 0.967089 0.25444 0
    outer loop
      vertex 20.2197 -24.8282 3
      vertex 20.29 -25.0954 4.2
      vertex 20.29 -25.0954 3
    endloop
  endfacet
  facet normal 0.962288 0.272034 0
    outer loop
      vertex 20.2197 -24.8282 4.2
      vertex 19.0187 -20.5798 3
      vertex 19.0187 -20.5798 4.2
    endloop
  endfacet
  facet normal 0.962288 0.272034 0
    outer loop
      vertex 19.0187 -20.5798 3
      vertex 20.2197 -24.8282 4.2
      vertex 20.2197 -24.8282 3
    endloop
  endfacet
  facet normal 0 1 -0
    outer loop
      vertex 19.0187 -20.5798 3
      vertex 18.0741 -20.5798 4.2
      vertex 19.0187 -20.5798 4.2
    endloop
  endfacet
  facet normal 0 1 0
    outer loop
      vertex 18.0741 -20.5798 4.2
      vertex 19.0187 -20.5798 3
      vertex 18.0741 -20.5798 3
    endloop
  endfacet
  facet normal -0.959255 -0.282543 0
    outer loop
      vertex 20.0441 -27.2681 3
      vertex 18.0741 -20.5798 4.2
      vertex 18.0741 -20.5798 3
    endloop
  endfacet
  facet normal -0.959255 -0.282543 0
    outer loop
      vertex 18.0741 -20.5798 4.2
      vertex 20.0441 -27.2681 3
      vertex 20.0441 -27.2681 4.2
    endloop
  endfacet
  facet normal 0 -1 0
    outer loop
      vertex 20.0441 -27.2681 3
      vertex 21.1264 -27.2681 4.2
      vertex 20.0441 -27.2681 4.2
    endloop
  endfacet
  facet normal 0 -1 -0
    outer loop
      vertex 21.1264 -27.2681 4.2
      vertex 20.0441 -27.2681 3
      vertex 21.1264 -27.2681 3
    endloop
  endfacet
  facet normal 0.964057 -0.265696 0
    outer loop
      vertex 21.1264 -27.2681 4.2
      vertex 21.4986 -25.9176 3
      vertex 21.4986 -25.9176 4.2
    endloop
  endfacet
  facet normal 0.964057 -0.265696 0
    outer loop
      vertex 21.4986 -25.9176 3
      vertex 21.1264 -27.2681 4.2
      vertex 21.1264 -27.2681 3
    endloop
  endfacet
  facet normal 0 1 -0
    outer loop
      vertex -7.20847 -26.5276 3
      vertex -11.5708 -26.5276 4.2
      vertex -7.20847 -26.5276 4.2
    endloop
  endfacet
  facet normal 0 1 0
    outer loop
      vertex -11.5708 -26.5276 4.2
      vertex -7.20847 -26.5276 3
      vertex -11.5708 -26.5276 3
    endloop
  endfacet
  facet normal 1 -0 0
    outer loop
      vertex -11.5708 -26.5276 4.2
      vertex -11.5708 -24.1969 3
      vertex -11.5708 -24.1969 4.2
    endloop
  endfacet
  facet normal 1 0 0
    outer loop
      vertex -11.5708 -24.1969 3
      vertex -11.5708 -26.5276 4.2
      vertex -11.5708 -26.5276 3
    endloop
  endfacet
  facet normal 0 -1 0
    outer loop
      vertex -11.5708 -24.1969 3
      vertex -7.68788 -24.1969 4.2
      vertex -11.5708 -24.1969 4.2
    endloop
  endfacet
  facet normal 0 -1 -0
    outer loop
      vertex -7.68788 -24.1969 4.2
      vertex -11.5708 -24.1969 3
      vertex -7.68788 -24.1969 3
    endloop
  endfacet
  facet normal 1 -0 0
    outer loop
      vertex -7.68788 -24.1969 4.2
      vertex -7.68788 -23.4659 3
      vertex -7.68788 -23.4659 4.2
    endloop
  endfacet
  facet normal 1 0 0
    outer loop
      vertex -7.68788 -23.4659 3
      vertex -7.68788 -24.1969 4.2
      vertex -7.68788 -24.1969 3
    endloop
  endfacet
  facet normal 0 1 -0
    outer loop
      vertex -7.68788 -23.4659 3
      vertex -11.5708 -23.4659 4.2
      vertex -7.68788 -23.4659 4.2
    endloop
  endfacet
  facet normal 0 1 0
    outer loop
      vertex -11.5708 -23.4659 4.2
      vertex -7.68788 -23.4659 3
      vertex -11.5708 -23.4659 3
    endloop
  endfacet
  facet normal 1 -0 0
    outer loop
      vertex -11.5708 -23.4659 4.2
      vertex -11.5708 -21.3203 3
      vertex -11.5708 -21.3203 4.2
    endloop
  endfacet
  facet normal 1 0 0
    outer loop
      vertex -11.5708 -21.3203 3
      vertex -11.5708 -23.4659 4.2
      vertex -11.5708 -23.4659 3
    endloop
  endfacet
  facet normal 0 -1 0
    outer loop
      vertex -11.5708 -21.3203 3
      vertex -7.40306 -21.3203 4.2
      vertex -11.5708 -21.3203 4.2
    endloop
  endfacet
  facet normal 0 -1 -0
    outer loop
      vertex -7.40306 -21.3203 4.2
      vertex -11.5708 -21.3203 3
      vertex -7.40306 -21.3203 3
    endloop
  endfacet
  facet normal 1 -0 0
    outer loop
      vertex -7.40306 -21.3203 4.2
      vertex -7.40306 -20.5798 3
      vertex -7.40306 -20.5798 4.2
    endloop
  endfacet
  facet normal 1 0 0
    outer loop
      vertex -7.40306 -20.5798 3
      vertex -7.40306 -21.3203 4.2
      vertex -7.40306 -21.3203 3
    endloop
  endfacet
  facet normal 0 1 -0
    outer loop
      vertex -7.40306 -20.5798 3
      vertex -12.4774 -20.5798 4.2
      vertex -7.40306 -20.5798 4.2
    endloop
  endfacet
  facet normal 0 1 0
    outer loop
      vertex -12.4774 -20.5798 4.2
      vertex -7.40306 -20.5798 3
      vertex -12.4774 -20.5798 3
    endloop
  endfacet
  facet normal -1 0 0
    outer loop
      vertex -12.4774 -27.2681 3
      vertex -12.4774 -20.5798 4.2
      vertex -12.4774 -20.5798 3
    endloop
  endfacet
  facet normal -1 -0 0
    outer loop
      vertex -12.4774 -20.5798 4.2
      vertex -12.4774 -27.2681 3
      vertex -12.4774 -27.2681 4.2
    endloop
  endfacet
  facet normal 0 -1 0
    outer loop
      vertex -12.4774 -27.2681 3
      vertex -7.20847 -27.2681 4.2
      vertex -12.4774 -27.2681 4.2
    endloop
  endfacet
  facet normal 0 -1 -0
    outer loop
      vertex -7.20847 -27.2681 4.2
      vertex -12.4774 -27.2681 3
      vertex -7.20847 -27.2681 3
    endloop
  endfacet
  facet normal 1 -0 0
    outer loop
      vertex -7.20847 -27.2681 4.2
      vertex -7.20847 -26.5276 3
      vertex -7.20847 -26.5276 4.2
    endloop
  endfacet
  facet normal 1 0 0
    outer loop
      vertex -7.20847 -26.5276 3
      vertex -7.20847 -27.2681 4.2
      vertex -7.20847 -27.2681 3
    endloop
  endfacet
  facet normal 0.999552 0.0299223 0
    outer loop
      vertex -5.3378 -22.825 4.2
      vertex -5.36153 -22.0323 3
      vertex -5.36153 -22.0323 4.2
    endloop
  endfacet
  facet normal 0.999552 0.0299223 0
    outer loop
      vertex -5.36153 -22.0323 3
      vertex -5.3378 -22.825 4.2
      vertex -5.3378 -22.825 3
    endloop
  endfacet
  facet normal 0.998675 0.0514522 0
    outer loop
      vertex -5.36153 -22.0323 4.2
      vertex -5.38525 -21.5719 3
      vertex -5.38525 -21.5719 4.2
    endloop
  endfacet
  facet normal 0.998675 0.0514522 0
    outer loop
      vertex -5.38525 -21.5719 3
      vertex -5.36153 -22.0323 4.2
      vertex -5.36153 -22.0323 3
    endloop
  endfacet
  facet normal -0.846728 -0.532026 0
    outer loop
      vertex -1.80615 -27.2681 3
      vertex -5.38525 -21.5719 4.2
      vertex -5.38525 -21.5719 3
    endloop
  endfacet
  facet normal -0.846728 -0.532026 0
    outer loop
      vertex -5.38525 -21.5719 4.2
      vertex -1.80615 -27.2681 3
      vertex -1.80615 -27.2681 4.2
    endloop
  endfacet
  facet normal 0 -1 0
    outer loop
      vertex -1.80615 -27.2681 3
      vertex -0.714355 -27.2681 4.2
      vertex -1.80615 -27.2681 4.2
    endloop
  endfacet
  facet normal 0 -1 -0
    outer loop
      vertex -0.714355 -27.2681 4.2
      vertex -1.80615 -27.2681 3
      vertex -0.714355 -27.2681 3
    endloop
  endfacet
  facet normal 1 -0 0
    outer loop
      vertex -0.714355 -27.2681 4.2
      vertex -0.714355 -20.5798 3
      vertex -0.714355 -20.5798 4.2
    endloop
  endfacet
  facet normal 1 0 0
    outer loop
      vertex -0.714355 -20.5798 3
      vertex -0.714355 -27.2681 4.2
      vertex -0.714355 -27.2681 3
    endloop
  endfacet
  facet normal 0 1 -0
    outer loop
      vertex -0.714355 -20.5798 3
      vertex -1.53084 -20.5798 4.2
      vertex -0.714355 -20.5798 4.2
    endloop
  endfacet
  facet normal 0 1 0
    outer loop
      vertex -1.53084 -20.5798 4.2
      vertex -0.714355 -20.5798 3
      vertex -1.53084 -20.5798 3
    endloop
  endfacet
  facet normal -1 0 0
    outer loop
      vertex -1.53084 -24.9659 3
      vertex -1.53084 -20.5798 4.2
      vertex -1.53084 -20.5798 3
    endloop
  endfacet
  facet normal -1 -0 0
    outer loop
      vertex -1.53084 -20.5798 4.2
      vertex -1.53084 -24.9659 3
      vertex -1.53084 -24.9659 4.2
    endloop
  endfacet
  facet normal -0.999948 -0.0102275 0
    outer loop
      vertex -1.52927 -25.1194 3
      vertex -1.53084 -24.9659 4.2
      vertex -1.53084 -24.9659 3
    endloop
  endfacet
  facet normal -0.999948 -0.0102275 0
    outer loop
      vertex -1.53084 -24.9659 4.2
      vertex -1.52927 -25.1194 3
      vertex -1.52927 -25.1194 4.2
    endloop
  endfacet
  facet normal -0.999658 -0.0261593 0
    outer loop
      vertex -1.52451 -25.3013 3
      vertex -1.52927 -25.1194 4.2
      vertex -1.52927 -25.1194 3
    endloop
  endfacet
  facet normal -0.999658 -0.0261593 0
    outer loop
      vertex -1.52927 -25.1194 4.2
      vertex -1.52451 -25.3013 3
      vertex -1.52451 -25.3013 4.2
    endloop
  endfacet
  facet normal -0.999295 -0.0375507 0
    outer loop
      vertex -1.5166 -25.5118 3
      vertex -1.52451 -25.3013 4.2
      vertex -1.52451 -25.3013 3
    endloop
  endfacet
  facet normal -0.999295 -0.0375507 0
    outer loop
      vertex -1.52451 -25.3013 4.2
      vertex -1.5166 -25.5118 3
      vertex -1.5166 -25.5118 4.2
    endloop
  endfacet
  facet normal -0.998926 -0.0463294 0
    outer loop
      vertex -1.50552 -25.7507 3
      vertex -1.5166 -25.5118 4.2
      vertex -1.5166 -25.5118 3
    endloop
  endfacet
  facet normal -0.998926 -0.0463294 0
    outer loop
      vertex -1.5166 -25.5118 4.2
      vertex -1.50552 -25.7507 3
      vertex -1.50552 -25.7507 4.2
    endloop
  endfacet
  facet normal -0.998583 -0.0532154 0
    outer loop
      vertex -1.49127 -26.0181 3
      vertex -1.50552 -25.7507 4.2
      vertex -1.50552 -25.7507 3
    endloop
  endfacet
  facet normal -0.998583 -0.0532154 0
    outer loop
      vertex -1.50552 -25.7507 4.2
      vertex -1.49127 -26.0181 3
      vertex -1.49127 -26.0181 4.2
    endloop
  endfacet
  facet normal -0.998274 -0.0587359 0
    outer loop
      vertex -1.47386 -26.314 3
      vertex -1.49127 -26.0181 4.2
      vertex -1.49127 -26.0181 3
    endloop
  endfacet
  facet normal -0.998274 -0.0587359 0
    outer loop
      vertex -1.49127 -26.0181 4.2
      vertex -1.47386 -26.314 3
      vertex -1.47386 -26.314 4.2
    endloop
  endfacet
  facet normal 0.845788 0.533519 0
    outer loop
      vertex -1.47386 -26.314 4.2
      vertex -5.09097 -20.5798 3
      vertex -5.09097 -20.5798 4.2
    endloop
  endfacet
  facet normal 0.845788 0.533519 0
    outer loop
      vertex -5.09097 -20.5798 3
      vertex -1.47386 -26.314 4.2
      vertex -1.47386 -26.314 3
    endloop
  endfacet
  facet normal 0 1 -0
    outer loop
      vertex -5.09097 -20.5798 3
      vertex -6.14476 -20.5798 4.2
      vertex -5.09097 -20.5798 4.2
    endloop
  endfacet
  facet normal 0 1 0
    outer loop
      vertex -6.14476 -20.5798 4.2
      vertex -5.09097 -20.5798 3
      vertex -6.14476 -20.5798 3
    endloop
  endfacet
  facet normal -1 0 0
    outer loop
      vertex -6.14476 -27.2681 3
      vertex -6.14476 -20.5798 4.2
      vertex -6.14476 -20.5798 3
    endloop
  endfacet
  facet normal -1 -0 0
    outer loop
      vertex -6.14476 -20.5798 4.2
      vertex -6.14476 -27.2681 3
      vertex -6.14476 -27.2681 4.2
    endloop
  endfacet
  facet normal 0 -1 0
    outer loop
      vertex -6.14476 -27.2681 3
      vertex -5.3378 -27.2681 4.2
      vertex -6.14476 -27.2681 4.2
    endloop
  endfacet
  facet normal 0 -1 -0
    outer loop
      vertex -5.3378 -27.2681 4.2
      vertex -6.14476 -27.2681 3
      vertex -5.3378 -27.2681 3
    endloop
  endfacet
  facet normal 1 -0 0
    outer loop
      vertex -5.3378 -27.2681 4.2
      vertex -5.3378 -22.825 3
      vertex -5.3378 -22.825 4.2
    endloop
  endfacet
  facet normal 1 0 0
    outer loop
      vertex -5.3378 -22.825 3
      vertex -5.3378 -27.2681 4.2
      vertex -5.3378 -27.2681 3
    endloop
  endfacet
  facet normal 0 -1 0
    outer loop
      vertex 13.7789 -25.3124 3
      vertex 16.8264 -25.3124 4.2
      vertex 13.7789 -25.3124 4.2
    endloop
  endfacet
  facet normal 0 -1 -0
    outer loop
      vertex 16.8264 -25.3124 4.2
      vertex 13.7789 -25.3124 3
      vertex 16.8264 -25.3124 3
    endloop
  endfacet
  facet normal -0.931416 -0.363956 0
    outer loop
      vertex 17.5906 -27.2681 3
      vertex 16.8264 -25.3124 4.2
      vertex 16.8264 -25.3124 3
    endloop
  endfacet
  facet normal -0.931416 -0.363956 0
    outer loop
      vertex 16.8264 -25.3124 4.2
      vertex 17.5906 -27.2681 3
      vertex 17.5906 -27.2681 4.2
    endloop
  endfacet
  facet normal 0 -1 0
    outer loop
      vertex 17.5906 -27.2681 3
      vertex 18.5163 -27.2681 4.2
      vertex 17.5906 -27.2681 4.2
    endloop
  endfacet
  facet normal 0 -1 -0
    outer loop
      vertex 18.5163 -27.2681 4.2
      vertex 17.5906 -27.2681 3
      vertex 18.5163 -27.2681 3
    endloop
  endfacet
  facet normal 0.927931 0.372751 0
    outer loop
      vertex 18.5163 -27.2681 4.2
      vertex 15.8296 -20.5798 3
      vertex 15.8296 -20.5798 4.2
    endloop
  endfacet
  facet normal 0.927931 0.372751 0
    outer loop
      vertex 15.8296 -20.5798 3
      vertex 18.5163 -27.2681 4.2
      vertex 18.5163 -27.2681 3
    endloop
  endfacet
  facet normal 0 1 -0
    outer loop
      vertex 15.8296 -20.5798 3
      vertex 14.7994 -20.5798 4.2
      vertex 15.8296 -20.5798 4.2
    endloop
  endfacet
  facet normal 0 1 0
    outer loop
      vertex 14.7994 -20.5798 4.2
      vertex 15.8296 -20.5798 3
      vertex 14.7994 -20.5798 3
    endloop
  endfacet
  facet normal -0.925873 0.377835 0
    outer loop
      vertex 12.07 -27.2681 3
      vertex 14.7994 -20.5798 4.2
      vertex 14.7994 -20.5798 3
    endloop
  endfacet
  facet normal -0.925873 0.377835 0
    outer loop
      vertex 14.7994 -20.5798 4.2
      vertex 12.07 -27.2681 3
      vertex 12.07 -27.2681 4.2
    endloop
  endfacet
  facet normal 0 -1 0
    outer loop
      vertex 12.07 -27.2681 3
      vertex 13.0099 -27.2681 4.2
      vertex 12.07 -27.2681 4.2
    endloop
  endfacet
  facet normal 0 -1 -0
    outer loop
      vertex 13.0099 -27.2681 4.2
      vertex 12.07 -27.2681 3
      vertex 13.0099 -27.2681 3
    endloop
  endfacet
  facet normal 0.93064 -0.365937 0
    outer loop
      vertex 13.0099 -27.2681 4.2
      vertex 13.7789 -25.3124 3
      vertex 13.7789 -25.3124 4.2
    endloop
  endfacet
  facet normal 0.93064 -0.365937 0
    outer loop
      vertex 13.7789 -25.3124 3
      vertex 13.0099 -27.2681 4.2
      vertex 13.0099 -27.2681 3
    endloop
  endfacet
  facet normal 0.932048 -0.362336 0
    outer loop
      vertex 14.0542 -24.6051 4.2
      vertex 14.9086 -22.4073 3
      vertex 14.9086 -22.4073 4.2
    endloop
  endfacet
  facet normal 0.932048 -0.362336 0
    outer loop
      vertex 14.9086 -22.4073 3
      vertex 14.0542 -24.6051 4.2
      vertex 14.0542 -24.6051 3
    endloop
  endfacet
  facet normal 0.936965 -0.349424 0
    outer loop
      vertex 14.9086 -22.4073 4.2
      vertex 14.983 -22.2078 3
      vertex 14.983 -22.2078 4.2
    endloop
  endfacet
  facet normal 0.936965 -0.349424 0
    outer loop
      vertex 14.983 -22.2078 3
      vertex 14.9086 -22.4073 4.2
      vertex 14.9086 -22.4073 3
    endloop
  endfacet
  facet normal 0.939691 -0.342025 0
    outer loop
      vertex 14.983 -22.2078 4.2
      vertex 15.0511 -22.0207 3
      vertex 15.0511 -22.0207 4.2
    endloop
  endfacet
  facet normal 0.939691 -0.342025 0
    outer loop
      vertex 15.0511 -22.0207 3
      vertex 14.983 -22.2078 4.2
      vertex 14.983 -22.2078 3
    endloop
  endfacet
  facet normal 0.942921 -0.333018 0
    outer loop
      vertex 15.0511 -22.0207 4.2
      vertex 15.1128 -21.846 3
      vertex 15.1128 -21.846 4.2
    endloop
  endfacet
  facet normal 0.942921 -0.333018 0
    outer loop
      vertex 15.1128 -21.846 3
      vertex 15.0511 -22.0207 4.2
      vertex 15.0511 -22.0207 3
    endloop
  endfacet
  facet normal 0.946563 -0.32252 0
    outer loop
      vertex 15.1128 -21.846 4.2
      vertex 15.1681 -21.6837 3
      vertex 15.1681 -21.6837 4.2
    endloop
  endfacet
  facet normal 0.946563 -0.32252 0
    outer loop
      vertex 15.1681 -21.6837 3
      vertex 15.1128 -21.846 4.2
      vertex 15.1128 -21.846 3
    endloop
  endfacet
  facet normal 0.950319 -0.311279 0
    outer loop
      vertex 15.1681 -21.6837 4.2
      vertex 15.2172 -21.5338 3
      vertex 15.2172 -21.5338 4.2
    endloop
  endfacet
  facet normal 0.950319 -0.311279 0
    outer loop
      vertex 15.2172 -21.5338 3
      vertex 15.1681 -21.6837 4.2
      vertex 15.1681 -21.6837 3
    endloop
  endfacet
  facet normal 0.95501 -0.296574 0
    outer loop
      vertex 15.2172 -21.5338 4.2
      vertex 15.2599 -21.3963 3
      vertex 15.2599 -21.3963 4.2
    endloop
  endfacet
  facet normal 0.95501 -0.296574 0
    outer loop
      vertex 15.2599 -21.3963 3
      vertex 15.2172 -21.5338 4.2
      vertex 15.2172 -21.5338 3
    endloop
  endfacet
  facet normal 0.951924 -0.306334 0
    outer loop
      vertex 15.2599 -21.3963 4.2
      vertex 15.3027 -21.2633 3
      vertex 15.3027 -21.2633 4.2
    endloop
  endfacet
  facet normal 0.951924 -0.306334 0
    outer loop
      vertex 15.3027 -21.2633 3
      vertex 15.2599 -21.3963 4.2
      vertex 15.2599 -21.3963 3
    endloop
  endfacet
  facet normal -0.950999 -0.309195 0
    outer loop
      vertex 15.4308 -21.6573 3
      vertex 15.3027 -21.2633 4.2
      vertex 15.3027 -21.2633 3
    endloop
  endfacet
  facet normal -0.950999 -0.309195 0
    outer loop
      vertex 15.3027 -21.2633 4.2
      vertex 15.4308 -21.6573 3
      vertex 15.4308 -21.6573 4.2
    endloop
  endfacet
  facet normal -0.950356 -0.311166 0
    outer loop
      vertex 15.4751 -21.7926 3
      vertex 15.4308 -21.6573 4.2
      vertex 15.4308 -21.6573 3
    endloop
  endfacet
  facet normal -0.950356 -0.311166 0
    outer loop
      vertex 15.4308 -21.6573 4.2
      vertex 15.4751 -21.7926 3
      vertex 15.4751 -21.7926 4.2
    endloop
  endfacet
  facet normal -0.947002 -0.321227 0
    outer loop
      vertex 15.5194 -21.9232 3
      vertex 15.4751 -21.7926 4.2
      vertex 15.4751 -21.7926 3
    endloop
  endfacet
  facet normal -0.947002 -0.321227 0
    outer loop
      vertex 15.4751 -21.7926 4.2
      vertex 15.5194 -21.9232 3
      vertex 15.5194 -21.9232 4.2
    endloop
  endfacet
  facet normal -0.943143 -0.332388 0
    outer loop
      vertex 15.5637 -22.0489 3
      vertex 15.5194 -21.9232 4.2
      vertex 15.5194 -21.9232 3
    endloop
  endfacet
  facet normal -0.943143 -0.332388 0
    outer loop
      vertex 15.5194 -21.9232 4.2
      vertex 15.5637 -22.0489 3
      vertex 15.5637 -22.0489 4.2
    endloop
  endfacet
  facet normal -0.939135 -0.343548 0
    outer loop
      vertex 15.608 -22.17 3
      vertex 15.5637 -22.0489 4.2
      vertex 15.5637 -22.0489 3
    endloop
  endfacet
  facet normal -0.939135 -0.343548 0
    outer loop
      vertex 15.5637 -22.0489 4.2
      vertex 15.608 -22.17 3
      vertex 15.608 -22.17 4.2
    endloop
  endfacet
  facet normal -0.9345 -0.355962 0
    outer loop
      vertex 15.6523 -22.2863 3
      vertex 15.608 -22.17 4.2
      vertex 15.608 -22.17 3
    endloop
  endfacet
  facet normal -0.9345 -0.355962 0
    outer loop
      vertex 15.608 -22.17 4.2
      vertex 15.6523 -22.2863 3
      vertex 15.6523 -22.2863 4.2
    endloop
  endfacet
  facet normal -0.929336 -0.369234 0
    outer loop
      vertex 15.6966 -22.3978 3
      vertex 15.6523 -22.2863 4.2
      vertex 15.6523 -22.2863 3
    endloop
  endfacet
  facet normal -0.929336 -0.369234 0
    outer loop
      vertex 15.6523 -22.2863 4.2
      vertex 15.6966 -22.3978 3
      vertex 15.6966 -22.3978 4.2
    endloop
  endfacet
  facet normal -0.93189 -0.362742 0
    outer loop
      vertex 16.5558 -24.6051 3
      vertex 15.6966 -22.3978 4.2
      vertex 15.6966 -22.3978 3
    endloop
  endfacet
  facet normal -0.93189 -0.362742 0
    outer loop
      vertex 15.6966 -22.3978 4.2
      vertex 16.5558 -24.6051 3
      vertex 16.5558 -24.6051 4.2
    endloop
  endfacet
  facet normal 0 1 -0
    outer loop
      vertex 16.5558 -24.6051 3
      vertex 14.0542 -24.6051 4.2
      vertex 16.5558 -24.6051 4.2
    endloop
  endfacet
  facet normal 0 1 0
    outer loop
      vertex 14.0542 -24.6051 4.2
      vertex 16.5558 -24.6051 3
      vertex 14.0542 -24.6051 3
    endloop
  endfacet
  facet normal 0 1 -0
    outer loop
      vertex 11.8546 -26.5276 3
      vertex 8.4749 -26.5276 4.2
      vertex 11.8546 -26.5276 4.2
    endloop
  endfacet
  facet normal 0 1 0
    outer loop
      vertex 8.4749 -26.5276 4.2
      vertex 11.8546 -26.5276 3
      vertex 8.4749 -26.5276 3
    endloop
  endfacet
  facet normal 1 -0 0
    outer loop
      vertex 8.4749 -26.5276 4.2
      vertex 8.4749 -20.5798 3
      vertex 8.4749 -20.5798 4.2
    endloop
  endfacet
  facet normal 1 0 0
    outer loop
      vertex 8.4749 -20.5798 3
      vertex 8.4749 -26.5276 4.2
      vertex 8.4749 -26.5276 3
    endloop
  endfacet
  facet normal 0 1 -0
    outer loop
      vertex 8.4749 -20.5798 3
      vertex 7.56825 -20.5798 4.2
      vertex 8.4749 -20.5798 4.2
    endloop
  endfacet
  facet normal 0 1 0
    outer loop
      vertex 7.56825 -20.5798 4.2
      vertex 8.4749 -20.5798 3
      vertex 7.56825 -20.5798 3
    endloop
  endfacet
  facet normal -1 0 0
    outer loop
      vertex 7.56825 -27.2681 3
      vertex 7.56825 -20.5798 4.2
      vertex 7.56825 -20.5798 3
    endloop
  endfacet
  facet normal -1 -0 0
    outer loop
      vertex 7.56825 -20.5798 4.2
      vertex 7.56825 -27.2681 3
      vertex 7.56825 -27.2681 4.2
    endloop
  endfacet
  facet normal 0 -1 0
    outer loop
      vertex 7.56825 -27.2681 3
      vertex 11.8546 -27.2681 4.2
      vertex 7.56825 -27.2681 4.2
    endloop
  endfacet
  facet normal 0 -1 -0
    outer loop
      vertex 11.8546 -27.2681 4.2
      vertex 7.56825 -27.2681 3
      vertex 11.8546 -27.2681 3
    endloop
  endfacet
  facet normal 1 -0 0
    outer loop
      vertex 11.8546 -27.2681 4.2
      vertex 11.8546 -26.5276 3
      vertex 11.8546 -26.5276 4.2
    endloop
  endfacet
  facet normal 1 0 0
    outer loop
      vertex 11.8546 -26.5276 3
      vertex 11.8546 -27.2681 4.2
      vertex 11.8546 -27.2681 3
    endloop
  endfacet
endsolid OpenSCAD_Model
